数据库,Schema,表名,表中文名,表类型,字段序号,字段名,字段中文名,PostgreSQL类型,允许空,默认值,主键,唯一,外键,敏感级别,业务/校验规则,字段来源,关联流程
sjg_oms,administration,large_event,大型活动主表,主表,1,id,主键ID,uuid,否,gen_random_uuid(),是,否,,P1-内部,,设计字段,P049
sjg_oms,administration,large_event,大型活动主表,主表,2,tenant_id,租户ID,uuid,否,,否,否,core.tenant.id,P1-内部,所有业务唯一键必须包含tenant_id,设计字段,P049
sjg_oms,administration,large_event,大型活动主表,主表,3,business_no,业务单号,varchar(64),否,,否,是,,P1-内部,租户内唯一；由core.sequence_rule生成,设计字段,P049
sjg_oms,administration,large_event,大型活动主表,主表,4,workflow_instance_id,流程实例ID,uuid,是,,否,否,workflow.wf_instance.id,P1-内部,,设计字段,P049
sjg_oms,administration,large_event,大型活动主表,主表,5,status,业务状态,varchar(32),否,'DRAFT',否,否,,P1-内部,仅由状态机合法迁移,设计字段,P049
sjg_oms,administration,large_event,大型活动主表,主表,6,version_no,乐观锁版本,integer,否,0,否,否,,P1-内部,更新时version_no+1，冲突则拒绝,设计字段,P049
sjg_oms,administration,large_event,大型活动主表,主表,7,created_by,创建人,uuid,是,,否,否,org.employee.id,P1-内部,,设计字段,P049
sjg_oms,administration,large_event,大型活动主表,主表,8,created_at,创建时间,timestamptz,否,now(),否,否,,P1-内部,,设计字段,P049
sjg_oms,administration,large_event,大型活动主表,主表,9,updated_by,更新人,uuid,是,,否,否,org.employee.id,P1-内部,,设计字段,P049
sjg_oms,administration,large_event,大型活动主表,主表,10,updated_at,更新时间,timestamptz,否,now(),否,否,,P1-内部,,设计字段,P049
sjg_oms,administration,large_event,大型活动主表,主表,11,is_deleted,逻辑删除,boolean,否,false,否,否,,P1-内部,,设计字段,P049
sjg_oms,administration,large_event,大型活动主表,主表,12,deleted_at,删除时间,timestamptz,是,,否,否,,P1-内部,,设计字段,P049
sjg_oms,administration,large_event,大型活动主表,主表,13,source_channel,来源渠道,varchar(32),是,,否,否,,P1-内部,,设计字段,P049
sjg_oms,administration,large_event,大型活动主表,主表,14,business_date,业务日期,date,是,,否,否,,P1-内部,,设计字段,P049
sjg_oms,administration,large_event,大型活动主表,主表,15,subject,主题,varchar(255),是,,否,否,,P1-内部,,设计字段,P049
sjg_oms,administration,large_event,大型活动主表,主表,16,reason,原因,text,是,,否,否,,P1-内部,,设计字段,P049
sjg_oms,administration,large_event,大型活动主表,主表,17,priority,优先级,varchar(16),否,'NORMAL',否,否,,P1-内部,,设计字段,P049
sjg_oms,administration,large_event,大型活动主表,主表,18,risk_level,风险等级,varchar(16),是,,否,否,,P1-内部,,设计字段,P049
sjg_oms,administration,large_event,大型活动主表,主表,19,owner_center_id,归属中心,uuid,是,,否,否,org.organization.id,P1-内部,,设计字段,P049
sjg_oms,administration,large_event,大型活动主表,主表,20,owner_department_id,归属部门,uuid,是,,否,否,org.organization.id,P1-内部,,设计字段,P049
sjg_oms,administration,large_event,大型活动主表,主表,21,owner_employee_id,责任人,uuid,是,,否,否,org.employee.id,P1-内部,,设计字段,P049
sjg_oms,administration,large_event,大型活动主表,主表,22,planned_start_at,计划开始,timestamptz,是,,否,否,,P1-内部,,设计字段,P049
sjg_oms,administration,large_event,大型活动主表,主表,23,planned_finish_at,计划完成,timestamptz,是,,否,否,,P1-内部,,设计字段,P049
sjg_oms,administration,large_event,大型活动主表,主表,24,actual_start_at,实际开始,timestamptz,是,,否,否,,P1-内部,,设计字段,P049
sjg_oms,administration,large_event,大型活动主表,主表,25,actual_end_at,实际完成,timestamptz,是,,否,否,,P1-内部,,设计字段,P049
sjg_oms,administration,large_event,大型活动主表,主表,26,result_summary,结果摘要,text,是,,否,否,,P1-内部,,设计字段,P049
sjg_oms,administration,large_event,大型活动主表,主表,27,closed_at,关闭时间,timestamptz,是,,否,否,,P1-内部,,设计字段,P049
sjg_oms,administration,large_event,大型活动主表,主表,28,actual_amount,实际金额,"numeric(18,2)",是,,否,否,,P1-内部,,原始流程字段,P049
sjg_oms,administration,large_event,大型活动主表,主表,29,campaign_budget,预算金额,"numeric(18,2)",是,,否,否,,P1-内部,,原始流程字段,P049
sjg_oms,administration,large_event,大型活动主表,主表,30,campaign_end_at,结束时间,timestamptz,否,,否,否,,P1-内部,,原始流程字段,P049
sjg_oms,administration,large_event,大型活动主表,主表,31,campaign_goal,活动目标,text,否,,否,否,,P1-内部,,原始流程字段,P049
sjg_oms,administration,large_event,大型活动主表,主表,32,campaign_location_channel,活动地点/渠道,varchar(500),是,,否,否,,P1-内部,,原始流程字段,P049
sjg_oms,administration,large_event,大型活动主表,主表,33,campaign_name,活动名称,varchar(200),否,,否,否,,P1-内部,,原始流程字段,P049
sjg_oms,administration,large_event,大型活动主表,主表,34,campaign_no,活动/项目编号,varchar(32),否,,否,否,,P1-内部,,原始流程字段,P049
sjg_oms,administration,large_event,大型活动主表,主表,35,campaign_start_at,开始时间,timestamptz,否,,否,否,,P1-内部,,原始流程字段,P049
sjg_oms,administration,large_event,大型活动主表,主表,36,change_action,操作类型,varchar(64),否,,否,否,,P1-内部,,原始流程字段,P049
sjg_oms,administration,large_event,大型活动主表,主表,37,change_reason,变更原因,text,否,,否,否,,P1-内部,,原始流程字段,P049
sjg_oms,administration,large_event,大型活动主表,主表,38,expected_effective_at,期望生效时间,timestamptz,是,,否,否,,P1-内部,,原始流程字段,P049
sjg_oms,administration,large_event,大型活动主表,主表,39,known_impact,已知影响,text,是,,否,否,,P1-内部,,原始流程字段,P049
sjg_oms,administration,large_event,大型活动主表,主表,40,target_audience_desc,目标人群,text,是,,否,否,,P1-内部,,原始流程字段,P049
sjg_oms,administration,large_event,大型活动主表,主表,41,target_volume,目标线索/参与人数,bigint,是,,否,否,,P1-内部,,原始流程字段,P049
sjg_oms,administration,large_event_item,大型活动明细项,子表,1,id,主键ID,uuid,否,gen_random_uuid(),是,否,,P1-内部,,设计字段,P049
sjg_oms,administration,large_event_item,大型活动明细项,子表,2,tenant_id,租户ID,uuid,否,,否,否,core.tenant.id,P1-内部,所有业务唯一键必须包含tenant_id,设计字段,P049
sjg_oms,administration,large_event_item,大型活动明细项,子表,3,created_by,创建人,uuid,是,,否,否,org.employee.id,P1-内部,,设计字段,P049
sjg_oms,administration,large_event_item,大型活动明细项,子表,4,created_at,创建时间,timestamptz,否,now(),否,否,,P1-内部,,设计字段,P049
sjg_oms,administration,large_event_item,大型活动明细项,子表,5,updated_by,更新人,uuid,是,,否,否,org.employee.id,P1-内部,,设计字段,P049
sjg_oms,administration,large_event_item,大型活动明细项,子表,6,updated_at,更新时间,timestamptz,否,now(),否,否,,P1-内部,,设计字段,P049
sjg_oms,administration,large_event_item,大型活动明细项,子表,7,is_deleted,逻辑删除,boolean,否,false,否,否,,P1-内部,,设计字段,P049
sjg_oms,administration,large_event_item,大型活动明细项,子表,8,deleted_at,删除时间,timestamptz,是,,否,否,,P1-内部,,设计字段,P049
sjg_oms,administration,large_event_item,大型活动明细项,子表,9,master_id,主表ID,uuid,否,,否,否,administration.large_event.id,P1-内部,,设计字段,P049
sjg_oms,administration,large_event_item,大型活动明细项,子表,10,field_code,来源字段编码,varchar(128),否,,否,否,,P1-内部,,设计字段,P049
sjg_oms,administration,large_event_item,大型活动明细项,子表,11,item_seq,明细序号,integer,否,0,否,否,,P1-内部,,设计字段,P049
sjg_oms,administration,large_event_item,大型活动明细项,子表,12,item_key,明细键,varchar(128),是,,否,否,,P1-内部,,设计字段,P049
sjg_oms,administration,large_event_item,大型活动明细项,子表,13,item_name,明细名称,varchar(255),是,,否,否,,P1-内部,,设计字段,P049
sjg_oms,administration,large_event_item,大型活动明细项,子表,14,item_value_text,文本值,text,是,,否,否,,P1-内部,,设计字段,P049
sjg_oms,administration,large_event_item,大型活动明细项,子表,15,item_value_number,数值,"numeric(24,8)",是,,否,否,,P1-内部,,设计字段,P049
sjg_oms,administration,large_event_item,大型活动明细项,子表,16,item_value_json,结构化值,jsonb,是,,否,否,,P1-内部,,设计字段,P049
sjg_oms,administration,large_event_item,大型活动明细项,子表,17,related_object_type,关联对象类型,varchar(128),是,,否,否,,P1-内部,,设计字段,P049
sjg_oms,administration,large_event_item,大型活动明细项,子表,18,related_object_id,关联对象ID,uuid,是,,否,否,,P1-内部,,设计字段,P049
sjg_oms,administration,large_event_item,大型活动明细项,子表,19,amount,金额,"numeric(18,2)",是,,否,否,,P1-内部,,设计字段,P049
sjg_oms,administration,large_event_item,大型活动明细项,子表,20,quantity,数量,"numeric(18,6)",是,,否,否,,P1-内部,,设计字段,P049
sjg_oms,administration,large_event_item,大型活动明细项,子表,21,sort_no,排序,integer,否,0,否,否,,P1-内部,,设计字段,P049
sjg_oms,administration,official_document,正式公文主表,主表,1,id,主键ID,uuid,否,gen_random_uuid(),是,否,,P1-内部,,设计字段,P047
sjg_oms,administration,official_document,正式公文主表,主表,2,tenant_id,租户ID,uuid,否,,否,否,core.tenant.id,P1-内部,所有业务唯一键必须包含tenant_id,设计字段,P047
sjg_oms,administration,official_document,正式公文主表,主表,3,business_no,业务单号,varchar(64),否,,否,是,,P1-内部,租户内唯一；由core.sequence_rule生成,设计字段,P047
sjg_oms,administration,official_document,正式公文主表,主表,4,workflow_instance_id,流程实例ID,uuid,是,,否,否,workflow.wf_instance.id,P1-内部,,设计字段,P047
sjg_oms,administration,official_document,正式公文主表,主表,5,status,业务状态,varchar(32),否,'DRAFT',否,否,,P1-内部,仅由状态机合法迁移,设计字段,P047
sjg_oms,administration,official_document,正式公文主表,主表,6,version_no,乐观锁版本,integer,否,0,否,否,,P1-内部,更新时version_no+1，冲突则拒绝,设计字段,P047
sjg_oms,administration,official_document,正式公文主表,主表,7,created_by,创建人,uuid,是,,否,否,org.employee.id,P1-内部,,设计字段,P047
sjg_oms,administration,official_document,正式公文主表,主表,8,created_at,创建时间,timestamptz,否,now(),否,否,,P1-内部,,设计字段,P047
sjg_oms,administration,official_document,正式公文主表,主表,9,updated_by,更新人,uuid,是,,否,否,org.employee.id,P1-内部,,设计字段,P047
sjg_oms,administration,official_document,正式公文主表,主表,10,updated_at,更新时间,timestamptz,否,now(),否,否,,P1-内部,,设计字段,P047
sjg_oms,administration,official_document,正式公文主表,主表,11,is_deleted,逻辑删除,boolean,否,false,否,否,,P1-内部,,设计字段,P047
sjg_oms,administration,official_document,正式公文主表,主表,12,deleted_at,删除时间,timestamptz,是,,否,否,,P1-内部,,设计字段,P047
sjg_oms,administration,official_document,正式公文主表,主表,13,source_channel,来源渠道,varchar(32),是,,否,否,,P1-内部,,设计字段,P047
sjg_oms,administration,official_document,正式公文主表,主表,14,business_date,业务日期,date,是,,否,否,,P1-内部,,设计字段,P047
sjg_oms,administration,official_document,正式公文主表,主表,15,subject,主题,varchar(255),是,,否,否,,P1-内部,,设计字段,P047
sjg_oms,administration,official_document,正式公文主表,主表,16,reason,原因,text,是,,否,否,,P1-内部,,设计字段,P047
sjg_oms,administration,official_document,正式公文主表,主表,17,priority,优先级,varchar(16),否,'NORMAL',否,否,,P1-内部,,设计字段,P047
sjg_oms,administration,official_document,正式公文主表,主表,18,risk_level,风险等级,varchar(16),是,,否,否,,P1-内部,,设计字段,P047
sjg_oms,administration,official_document,正式公文主表,主表,19,owner_center_id,归属中心,uuid,是,,否,否,org.organization.id,P1-内部,,设计字段,P047
sjg_oms,administration,official_document,正式公文主表,主表,20,owner_department_id,归属部门,uuid,是,,否,否,org.organization.id,P1-内部,,设计字段,P047
sjg_oms,administration,official_document,正式公文主表,主表,21,owner_employee_id,责任人,uuid,是,,否,否,org.employee.id,P1-内部,,设计字段,P047
sjg_oms,administration,official_document,正式公文主表,主表,22,planned_start_at,计划开始,timestamptz,是,,否,否,,P1-内部,,设计字段,P047
sjg_oms,administration,official_document,正式公文主表,主表,23,planned_finish_at,计划完成,timestamptz,是,,否,否,,P1-内部,,设计字段,P047
sjg_oms,administration,official_document,正式公文主表,主表,24,actual_start_at,实际开始,timestamptz,是,,否,否,,P1-内部,,设计字段,P047
sjg_oms,administration,official_document,正式公文主表,主表,25,actual_end_at,实际完成,timestamptz,是,,否,否,,P1-内部,,设计字段,P047
sjg_oms,administration,official_document,正式公文主表,主表,26,result_summary,结果摘要,text,是,,否,否,,P1-内部,,设计字段,P047
sjg_oms,administration,official_document,正式公文主表,主表,27,closed_at,关闭时间,timestamptz,是,,否,否,,P1-内部,,设计字段,P047
sjg_oms,administration,official_document,正式公文主表,主表,28,actual_amount,实际金额,"numeric(18,2)",是,,否,否,,P1-内部,,原始流程字段,P047
sjg_oms,administration,official_document,正式公文主表,主表,29,document_type,文档类型,varchar(64),否,,否,否,,P1-内部,,原始流程字段,P047
sjg_oms,administration,official_document,正式公文主表,主表,30,issuer_host_id,签发/主持人,varchar(32),是,,否,否,,P1-内部,,原始流程字段,P047
sjg_oms,administration,official_document,正式公文主表,主表,31,official_content,正文/议题内容,text,否,,否,否,,P1-内部,,原始流程字段,P047
sjg_oms,administration,official_document,正式公文主表,主表,32,official_subject,事项标题,varchar(200),否,,否,否,,P1-内部,,原始流程字段,P047
sjg_oms,administration,official_document,正式公文主表,主表,33,official_type,事项类型,varchar(64),否,,否,否,,P1-内部,,原始流程字段,P047
sjg_oms,administration,official_document,正式公文主表,主表,34,publish_meeting_at,发布/召开时间,timestamptz,是,,否,否,,P1-内部,,原始流程字段,P047
sjg_oms,administration,official_document,正式公文主表,主表,35,venue_channel,地点/发布渠道,varchar(500),是,,否,否,,P1-内部,,原始流程字段,P047
sjg_oms,administration,official_document,正式公文主表,主表,36,visibility_level,密级/可见范围,varchar(64),否,,否,否,,P1-内部,,原始流程字段,P047
sjg_oms,administration,official_document_item,正式公文明细项,子表,1,id,主键ID,uuid,否,gen_random_uuid(),是,否,,P1-内部,,设计字段,P047
sjg_oms,administration,official_document_item,正式公文明细项,子表,2,tenant_id,租户ID,uuid,否,,否,否,core.tenant.id,P1-内部,所有业务唯一键必须包含tenant_id,设计字段,P047
sjg_oms,administration,official_document_item,正式公文明细项,子表,3,created_by,创建人,uuid,是,,否,否,org.employee.id,P1-内部,,设计字段,P047
sjg_oms,administration,official_document_item,正式公文明细项,子表,4,created_at,创建时间,timestamptz,否,now(),否,否,,P1-内部,,设计字段,P047
sjg_oms,administration,official_document_item,正式公文明细项,子表,5,updated_by,更新人,uuid,是,,否,否,org.employee.id,P1-内部,,设计字段,P047
sjg_oms,administration,official_document_item,正式公文明细项,子表,6,updated_at,更新时间,timestamptz,否,now(),否,否,,P1-内部,,设计字段,P047
sjg_oms,administration,official_document_item,正式公文明细项,子表,7,is_deleted,逻辑删除,boolean,否,false,否,否,,P1-内部,,设计字段,P047
sjg_oms,administration,official_document_item,正式公文明细项,子表,8,deleted_at,删除时间,timestamptz,是,,否,否,,P1-内部,,设计字段,P047
sjg_oms,administration,official_document_item,正式公文明细项,子表,9,master_id,主表ID,uuid,否,,否,否,administration.official_document.id,P1-内部,,设计字段,P047
sjg_oms,administration,official_document_item,正式公文明细项,子表,10,field_code,来源字段编码,varchar(128),否,,否,否,,P1-内部,,设计字段,P047
sjg_oms,administration,official_document_item,正式公文明细项,子表,11,item_seq,明细序号,integer,否,0,否,否,,P1-内部,,设计字段,P047
sjg_oms,administration,official_document_item,正式公文明细项,子表,12,item_key,明细键,varchar(128),是,,否,否,,P1-内部,,设计字段,P047
sjg_oms,administration,official_document_item,正式公文明细项,子表,13,item_name,明细名称,varchar(255),是,,否,否,,P1-内部,,设计字段,P047
sjg_oms,administration,official_document_item,正式公文明细项,子表,14,item_value_text,文本值,text,是,,否,否,,P1-内部,,设计字段,P047
sjg_oms,administration,official_document_item,正式公文明细项,子表,15,item_value_number,数值,"numeric(24,8)",是,,否,否,,P1-内部,,设计字段,P047
sjg_oms,administration,official_document_item,正式公文明细项,子表,16,item_value_json,结构化值,jsonb,是,,否,否,,P1-内部,,设计字段,P047
sjg_oms,administration,official_document_item,正式公文明细项,子表,17,related_object_type,关联对象类型,varchar(128),是,,否,否,,P1-内部,,设计字段,P047
sjg_oms,administration,official_document_item,正式公文明细项,子表,18,related_object_id,关联对象ID,uuid,是,,否,否,,P1-内部,,设计字段,P047
sjg_oms,administration,official_document_item,正式公文明细项,子表,19,amount,金额,"numeric(18,2)",是,,否,否,,P1-内部,,设计字段,P047
sjg_oms,administration,official_document_item,正式公文明细项,子表,20,quantity,数量,"numeric(18,6)",是,,否,否,,P1-内部,,设计字段,P047
sjg_oms,administration,official_document_item,正式公文明细项,子表,21,sort_no,排序,integer,否,0,否,否,,P1-内部,,设计字段,P047
sjg_dw,analytics,dim_date,日期维度,维度表,1,date_key,日期键,integer,否,,是,否,,P1-内部,,设计字段,
sjg_dw,analytics,dim_date,日期维度,维度表,2,full_date,完整日期,date,否,,否,否,,P1-内部,,设计字段,
sjg_dw,analytics,dim_date,日期维度,维度表,3,year,年,smallint,否,,否,否,,P1-内部,,设计字段,
sjg_dw,analytics,dim_date,日期维度,维度表,4,month,月,smallint,否,,否,否,,P1-内部,,设计字段,
sjg_dw,analytics,dim_date,日期维度,维度表,5,day,日,smallint,否,,否,否,,P1-内部,,设计字段,
sjg_dw,analytics,dim_date,日期维度,维度表,6,week_of_year,周,smallint,否,,否,否,,P1-内部,,设计字段,
sjg_dw,analytics,dim_date,日期维度,维度表,7,is_workday,是否工作日,boolean,否,,否,否,,P1-内部,,设计字段,
sjg_dw,analytics,dim_employee,员工维度,维度表,1,employee_key,代理键,bigserial,否,,是,否,,P1-内部,,设计字段,
sjg_dw,analytics,dim_employee,员工维度,维度表,2,employee_id,源员工ID,uuid,否,,否,否,,P1-内部,,设计字段,
sjg_dw,analytics,dim_employee,员工维度,维度表,3,employee_no,员工编号,varchar(64),否,,否,否,,P1-内部,,设计字段,
sjg_dw,analytics,dim_employee,员工维度,维度表,4,employee_name_masked,脱敏姓名,varchar(128),是,,否,否,,P1-内部,,设计字段,
sjg_dw,analytics,dim_employee,员工维度,维度表,5,org_id,组织ID,uuid,是,,否,否,,P1-内部,,设计字段,
sjg_dw,analytics,dim_employee,员工维度,维度表,6,position_id,岗位ID,uuid,是,,否,否,,P1-内部,,设计字段,
sjg_dw,analytics,dim_employee,员工维度,维度表,7,valid_from,有效开始,timestamptz,否,,否,否,,P1-内部,,设计字段,
sjg_dw,analytics,dim_employee,员工维度,维度表,8,valid_to,有效结束,timestamptz,是,,否,否,,P1-内部,,设计字段,
sjg_dw,analytics,dim_employee,员工维度,维度表,9,is_current,当前版本,boolean,否,,否,否,,P1-内部,,设计字段,
sjg_dw,analytics,dim_org,组织维度,维度表,1,org_key,代理键,bigserial,否,,是,否,,P1-内部,,设计字段,
sjg_dw,analytics,dim_org,组织维度,维度表,2,org_id,源组织ID,uuid,否,,否,否,,P1-内部,,设计字段,
sjg_dw,analytics,dim_org,组织维度,维度表,3,org_code,组织编码,varchar(64),否,,否,否,,P1-内部,,设计字段,
sjg_dw,analytics,dim_org,组织维度,维度表,4,org_name,组织名称,varchar(128),否,,否,否,,P1-内部,,设计字段,
sjg_dw,analytics,dim_org,组织维度,维度表,5,org_path,组织路径,text,是,,否,否,,P1-内部,,设计字段,
sjg_dw,analytics,dim_org,组织维度,维度表,6,valid_from,有效开始,timestamptz,否,,否,否,,P1-内部,,设计字段,
sjg_dw,analytics,dim_org,组织维度,维度表,7,valid_to,有效结束,timestamptz,是,,否,否,,P1-内部,,设计字段,
sjg_dw,analytics,dim_org,组织维度,维度表,8,is_current,当前版本,boolean,否,,否,否,,P1-内部,,设计字段,
sjg_dw,analytics,dim_process,流程维度,维度表,1,process_key,代理键,integer,否,,是,否,,P1-内部,,设计字段,
sjg_dw,analytics,dim_process,流程维度,维度表,2,process_code,流程编码,varchar(16),否,,否,否,,P1-内部,,设计字段,
sjg_dw,analytics,dim_process,流程维度,维度表,3,process_name,流程名称,varchar(128),否,,否,否,,P1-内部,,设计字段,
sjg_dw,analytics,dim_process,流程维度,维度表,4,module_name,模块名称,varchar(128),否,,否,否,,P1-内部,,设计字段,
sjg_dw,analytics,dim_process,流程维度,维度表,5,owner_schema,归属Schema,varchar(64),否,,否,否,,P1-内部,,设计字段,
sjg_dw,analytics,fact_finance,财务事实表,事实表,1,tenant_id,租户ID,uuid,否,,否,否,,P1-内部,,设计字段,
sjg_dw,analytics,fact_finance,财务事实表,事实表,2,date_key,日期键,integer,否,,否,否,,P1-内部,,设计字段,
sjg_dw,analytics,fact_finance,财务事实表,事实表,3,org_key,组织键,bigint,是,,否,否,,P1-内部,,设计字段,
sjg_dw,analytics,fact_finance,财务事实表,事实表,4,business_type,业务类型,varchar(32),否,,否,否,,P1-内部,,设计字段,
sjg_dw,analytics,fact_finance,财务事实表,事实表,5,business_id,业务ID,uuid,否,,否,否,,P1-内部,,设计字段,
sjg_dw,analytics,fact_finance,财务事实表,事实表,6,requested_amount,申请金额,"numeric(18,2)",是,,否,否,,P1-内部,,设计字段,
sjg_dw,analytics,fact_finance,财务事实表,事实表,7,approved_amount,批准金额,"numeric(18,2)",是,,否,否,,P1-内部,,设计字段,
sjg_dw,analytics,fact_finance,财务事实表,事实表,8,actual_amount,实际金额,"numeric(18,2)",是,,否,否,,P1-内部,,设计字段,
sjg_dw,analytics,fact_finance,财务事实表,事实表,9,currency,币种,varchar(3),否,'CNY',否,否,,P1-内部,,设计字段,
sjg_dw,analytics,fact_finance,财务事实表,事实表,10,recorded_at,入仓时间,timestamptz,否,now(),否,否,,P1-内部,,设计字段,
sjg_dw,analytics,fact_service_delivery,服务交付事实表,事实表,1,tenant_id,租户ID,uuid,否,,否,否,,P1-内部,,设计字段,
sjg_dw,analytics,fact_service_delivery,服务交付事实表,事实表,2,date_key,日期键,integer,否,,否,否,,P1-内部,,设计字段,
sjg_dw,analytics,fact_service_delivery,服务交付事实表,事实表,3,service_type,服务类型,varchar(64),否,,否,否,,P1-内部,,设计字段,
sjg_dw,analytics,fact_service_delivery,服务交付事实表,事实表,4,business_id,业务ID,uuid,否,,否,否,,P1-内部,,设计字段,
sjg_dw,analytics,fact_service_delivery,服务交付事实表,事实表,5,customer_id,客户ID,uuid,是,,否,否,,P1-内部,,设计字段,
sjg_dw,analytics,fact_service_delivery,服务交付事实表,事实表,6,guest_count,人数,integer,是,,否,否,,P1-内部,,设计字段,
sjg_dw,analytics,fact_service_delivery,服务交付事实表,事实表,7,revenue_amount,收入金额,"numeric(18,2)",是,,否,否,,P1-内部,,设计字段,
sjg_dw,analytics,fact_service_delivery,服务交付事实表,事实表,8,satisfaction_score,满意度,"numeric(6,2)",是,,否,否,,P1-内部,,设计字段,
sjg_dw,analytics,fact_service_delivery,服务交付事实表,事实表,9,complaint_count,客诉数,integer,否,0,否,否,,P1-内部,,设计字段,
sjg_dw,analytics,fact_service_delivery,服务交付事实表,事实表,10,recorded_at,入仓时间,timestamptz,否,now(),否,否,,P1-内部,,设计字段,
sjg_dw,analytics,fact_workflow,流程事实表,事实表,1,tenant_id,租户ID,uuid,否,,否,否,,P1-内部,,设计字段,
sjg_dw,analytics,fact_workflow,流程事实表,事实表,2,date_key,日期键,integer,否,,否,否,,P1-内部,,设计字段,
sjg_dw,analytics,fact_workflow,流程事实表,事实表,3,process_key,流程键,integer,否,,否,否,,P1-内部,,设计字段,
sjg_dw,analytics,fact_workflow,流程事实表,事实表,4,initiator_employee_key,发起人员工键,bigint,是,,否,否,,P1-内部,,设计字段,
sjg_dw,analytics,fact_workflow,流程事实表,事实表,5,owner_org_key,归属组织键,bigint,是,,否,否,,P1-内部,,设计字段,
sjg_dw,analytics,fact_workflow,流程事实表,事实表,6,instance_id,实例ID,uuid,否,,否,否,,P1-内部,,设计字段,
sjg_dw,analytics,fact_workflow,流程事实表,事实表,7,status,状态,varchar(32),否,,否,否,,P1-内部,,设计字段,
sjg_dw,analytics,fact_workflow,流程事实表,事实表,8,duration_minutes,耗时分钟,"numeric(18,2)",是,,否,否,,P1-内部,,设计字段,
sjg_dw,analytics,fact_workflow,流程事实表,事实表,9,sla_breached,是否超时,boolean,否,,否,否,,P1-内部,,设计字段,
sjg_dw,analytics,fact_workflow,流程事实表,事实表,10,return_count,退回次数,integer,否,0,否,否,,P1-内部,,设计字段,
sjg_dw,analytics,fact_workflow,流程事实表,事实表,11,amount,金额,"numeric(18,2)",是,,否,否,,P1-内部,,设计字段,
sjg_dw,analytics,fact_workflow,流程事实表,事实表,12,recorded_at,入仓时间,timestamptz,否,now(),否,否,,P1-内部,,设计字段,
sjg_oms,archive,archive_package,归档包主表,主表,1,id,主键ID,uuid,否,gen_random_uuid(),是,否,,P1-内部,,设计字段,P031
sjg_oms,archive,archive_package,归档包主表,主表,2,tenant_id,租户ID,uuid,否,,否,否,core.tenant.id,P1-内部,所有业务唯一键必须包含tenant_id,设计字段,P031
sjg_oms,archive,archive_package,归档包主表,主表,3,business_no,业务单号,varchar(64),否,,否,是,,P1-内部,租户内唯一；由core.sequence_rule生成,设计字段,P031
sjg_oms,archive,archive_package,归档包主表,主表,4,workflow_instance_id,流程实例ID,uuid,是,,否,否,workflow.wf_instance.id,P1-内部,,设计字段,P031
sjg_oms,archive,archive_package,归档包主表,主表,5,status,业务状态,varchar(32),否,'DRAFT',否,否,,P1-内部,仅由状态机合法迁移,设计字段,P031
sjg_oms,archive,archive_package,归档包主表,主表,6,version_no,乐观锁版本,integer,否,0,否,否,,P1-内部,更新时version_no+1，冲突则拒绝,设计字段,P031
sjg_oms,archive,archive_package,归档包主表,主表,7,created_by,创建人,uuid,是,,否,否,org.employee.id,P1-内部,,设计字段,P031
sjg_oms,archive,archive_package,归档包主表,主表,8,created_at,创建时间,timestamptz,否,now(),否,否,,P1-内部,,设计字段,P031
sjg_oms,archive,archive_package,归档包主表,主表,9,updated_by,更新人,uuid,是,,否,否,org.employee.id,P1-内部,,设计字段,P031
sjg_oms,archive,archive_package,归档包主表,主表,10,updated_at,更新时间,timestamptz,否,now(),否,否,,P1-内部,,设计字段,P031
sjg_oms,archive,archive_package,归档包主表,主表,11,is_deleted,逻辑删除,boolean,否,false,否,否,,P1-内部,,设计字段,P031
sjg_oms,archive,archive_package,归档包主表,主表,12,deleted_at,删除时间,timestamptz,是,,否,否,,P1-内部,,设计字段,P031
sjg_oms,archive,archive_package,归档包主表,主表,13,source_channel,来源渠道,varchar(32),是,,否,否,,P1-内部,,设计字段,P031
sjg_oms,archive,archive_package,归档包主表,主表,14,business_date,业务日期,date,是,,否,否,,P1-内部,,设计字段,P031
sjg_oms,archive,archive_package,归档包主表,主表,15,subject,主题,varchar(255),是,,否,否,,P1-内部,,设计字段,P031
sjg_oms,archive,archive_package,归档包主表,主表,16,reason,原因,text,是,,否,否,,P1-内部,,设计字段,P031
sjg_oms,archive,archive_package,归档包主表,主表,17,priority,优先级,varchar(16),否,'NORMAL',否,否,,P1-内部,,设计字段,P031
sjg_oms,archive,archive_package,归档包主表,主表,18,risk_level,风险等级,varchar(16),是,,否,否,,P1-内部,,设计字段,P031
sjg_oms,archive,archive_package,归档包主表,主表,19,owner_center_id,归属中心,uuid,是,,否,否,org.organization.id,P1-内部,,设计字段,P031
sjg_oms,archive,archive_package,归档包主表,主表,20,owner_department_id,归属部门,uuid,是,,否,否,org.organization.id,P1-内部,,设计字段,P031
sjg_oms,archive,archive_package,归档包主表,主表,21,owner_employee_id,责任人,uuid,是,,否,否,org.employee.id,P1-内部,,设计字段,P031
sjg_oms,archive,archive_package,归档包主表,主表,22,planned_start_at,计划开始,timestamptz,是,,否,否,,P1-内部,,设计字段,P031
sjg_oms,archive,archive_package,归档包主表,主表,23,planned_finish_at,计划完成,timestamptz,是,,否,否,,P1-内部,,设计字段,P031
sjg_oms,archive,archive_package,归档包主表,主表,24,actual_start_at,实际开始,timestamptz,是,,否,否,,P1-内部,,设计字段,P031
sjg_oms,archive,archive_package,归档包主表,主表,25,actual_end_at,实际完成,timestamptz,是,,否,否,,P1-内部,,设计字段,P031
sjg_oms,archive,archive_package,归档包主表,主表,26,result_summary,结果摘要,text,是,,否,否,,P1-内部,,设计字段,P031
sjg_oms,archive,archive_package,归档包主表,主表,27,closed_at,关闭时间,timestamptz,是,,否,否,,P1-内部,,设计字段,P031
sjg_oms,archive,archive_package,归档包主表,主表,28,actual_amount,实际金额,"numeric(18,2)",是,,否,否,,P1-内部,,原始流程字段,P031
sjg_oms,archive,archive_package,归档包主表,主表,29,archive_category,档案类别,varchar(64),否,,否,否,,P1-内部,,原始流程字段,P031
sjg_oms,archive,archive_package,归档包主表,主表,30,archive_item_count,档案件数,bigint,是,,否,否,,P1-内部,不得小于0,原始流程字段,P031
sjg_oms,archive,archive_package,归档包主表,主表,31,archive_no,档案编号,varchar(64),是,,否,否,,P1-内部,,原始流程字段,P031
sjg_oms,archive,archive_package,归档包主表,主表,32,archive_title,档案题名,varchar(200),否,,否,否,,P1-内部,,原始流程字段,P031
sjg_oms,archive,archive_package,归档包主表,主表,33,carrier_type,载体类型,varchar(64),否,,否,否,,P1-内部,,原始流程字段,P031
sjg_oms,archive,archive_package,归档包主表,主表,34,confidentiality_level,密级,varchar(64),否,,否,否,,P1-内部,,原始流程字段,P031
sjg_oms,archive,archive_package,归档包主表,主表,35,item_asset_id,物料/资产编号,varchar(64),否,,否,否,,P1-内部,,原始流程字段,P031
sjg_oms,archive,archive_package,归档包主表,主表,36,item_asset_name,物料/资产名称,varchar(200),否,,否,否,,P1-内部,,原始流程字段,P031
sjg_oms,archive,archive_package,归档包主表,主表,37,spec_model,规格型号,varchar(200),是,,否,否,,P1-内部,,原始流程字段,P031
sjg_oms,archive,archive_package,归档包主表,主表,38,storage_location,存储位置,varchar(500),是,,否,否,,P1-内部,,原始流程字段,P031
sjg_oms,archive,archive_package_item,归档包明细项,子表,1,id,主键ID,uuid,否,gen_random_uuid(),是,否,,P1-内部,,设计字段,P031
sjg_oms,archive,archive_package_item,归档包明细项,子表,2,tenant_id,租户ID,uuid,否,,否,否,core.tenant.id,P1-内部,所有业务唯一键必须包含tenant_id,设计字段,P031
sjg_oms,archive,archive_package_item,归档包明细项,子表,3,created_by,创建人,uuid,是,,否,否,org.employee.id,P1-内部,,设计字段,P031
sjg_oms,archive,archive_package_item,归档包明细项,子表,4,created_at,创建时间,timestamptz,否,now(),否,否,,P1-内部,,设计字段,P031
sjg_oms,archive,archive_package_item,归档包明细项,子表,5,updated_by,更新人,uuid,是,,否,否,org.employee.id,P1-内部,,设计字段,P031
sjg_oms,archive,archive_package_item,归档包明细项,子表,6,updated_at,更新时间,timestamptz,否,now(),否,否,,P1-内部,,设计字段,P031
sjg_oms,archive,archive_package_item,归档包明细项,子表,7,is_deleted,逻辑删除,boolean,否,false,否,否,,P1-内部,,设计字段,P031
sjg_oms,archive,archive_package_item,归档包明细项,子表,8,deleted_at,删除时间,timestamptz,是,,否,否,,P1-内部,,设计字段,P031
sjg_oms,archive,archive_package_item,归档包明细项,子表,9,master_id,主表ID,uuid,否,,否,否,archive.archive_package.id,P1-内部,,设计字段,P031
sjg_oms,archive,archive_package_item,归档包明细项,子表,10,field_code,来源字段编码,varchar(128),否,,否,否,,P1-内部,,设计字段,P031
sjg_oms,archive,archive_package_item,归档包明细项,子表,11,item_seq,明细序号,integer,否,0,否,否,,P1-内部,,设计字段,P031
sjg_oms,archive,archive_package_item,归档包明细项,子表,12,item_key,明细键,varchar(128),是,,否,否,,P1-内部,,设计字段,P031
sjg_oms,archive,archive_package_item,归档包明细项,子表,13,item_name,明细名称,varchar(255),是,,否,否,,P1-内部,,设计字段,P031
sjg_oms,archive,archive_package_item,归档包明细项,子表,14,item_value_text,文本值,text,是,,否,否,,P1-内部,,设计字段,P031
sjg_oms,archive,archive_package_item,归档包明细项,子表,15,item_value_number,数值,"numeric(24,8)",是,,否,否,,P1-内部,,设计字段,P031
sjg_oms,archive,archive_package_item,归档包明细项,子表,16,item_value_json,结构化值,jsonb,是,,否,否,,P1-内部,,设计字段,P031
sjg_oms,archive,archive_package_item,归档包明细项,子表,17,related_object_type,关联对象类型,varchar(128),是,,否,否,,P1-内部,,设计字段,P031
sjg_oms,archive,archive_package_item,归档包明细项,子表,18,related_object_id,关联对象ID,uuid,是,,否,否,,P1-内部,,设计字段,P031
sjg_oms,archive,archive_package_item,归档包明细项,子表,19,amount,金额,"numeric(18,2)",是,,否,否,,P1-内部,,设计字段,P031
sjg_oms,archive,archive_package_item,归档包明细项,子表,20,quantity,数量,"numeric(18,6)",是,,否,否,,P1-内部,,设计字段,P031
sjg_oms,archive,archive_package_item,归档包明细项,子表,21,sort_no,排序,integer,否,0,否,否,,P1-内部,,设计字段,P031
sjg_oms,archive,borrow_request,档案借阅主表,主表,1,id,主键ID,uuid,否,gen_random_uuid(),是,否,,P1-内部,,设计字段,P032
sjg_oms,archive,borrow_request,档案借阅主表,主表,2,tenant_id,租户ID,uuid,否,,否,否,core.tenant.id,P1-内部,所有业务唯一键必须包含tenant_id,设计字段,P032
sjg_oms,archive,borrow_request,档案借阅主表,主表,3,business_no,业务单号,varchar(64),否,,否,是,,P1-内部,租户内唯一；由core.sequence_rule生成,设计字段,P032
sjg_oms,archive,borrow_request,档案借阅主表,主表,4,workflow_instance_id,流程实例ID,uuid,是,,否,否,workflow.wf_instance.id,P1-内部,,设计字段,P032
sjg_oms,archive,borrow_request,档案借阅主表,主表,5,status,业务状态,varchar(32),否,'DRAFT',否,否,,P1-内部,仅由状态机合法迁移,设计字段,P032
sjg_oms,archive,borrow_request,档案借阅主表,主表,6,version_no,乐观锁版本,integer,否,0,否,否,,P1-内部,更新时version_no+1，冲突则拒绝,设计字段,P032
sjg_oms,archive,borrow_request,档案借阅主表,主表,7,created_by,创建人,uuid,是,,否,否,org.employee.id,P1-内部,,设计字段,P032
sjg_oms,archive,borrow_request,档案借阅主表,主表,8,created_at,创建时间,timestamptz,否,now(),否,否,,P1-内部,,设计字段,P032
sjg_oms,archive,borrow_request,档案借阅主表,主表,9,updated_by,更新人,uuid,是,,否,否,org.employee.id,P1-内部,,设计字段,P032
sjg_oms,archive,borrow_request,档案借阅主表,主表,10,updated_at,更新时间,timestamptz,否,now(),否,否,,P1-内部,,设计字段,P032
sjg_oms,archive,borrow_request,档案借阅主表,主表,11,is_deleted,逻辑删除,boolean,否,false,否,否,,P1-内部,,设计字段,P032
sjg_oms,archive,borrow_request,档案借阅主表,主表,12,deleted_at,删除时间,timestamptz,是,,否,否,,P1-内部,,设计字段,P032
sjg_oms,archive,borrow_request,档案借阅主表,主表,13,source_channel,来源渠道,varchar(32),是,,否,否,,P1-内部,,设计字段,P032
sjg_oms,archive,borrow_request,档案借阅主表,主表,14,business_date,业务日期,date,是,,否,否,,P1-内部,,设计字段,P032
sjg_oms,archive,borrow_request,档案借阅主表,主表,15,subject,主题,varchar(255),是,,否,否,,P1-内部,,设计字段,P032
sjg_oms,archive,borrow_request,档案借阅主表,主表,16,reason,原因,text,是,,否,否,,P1-内部,,设计字段,P032
sjg_oms,archive,borrow_request,档案借阅主表,主表,17,priority,优先级,varchar(16),否,'NORMAL',否,否,,P1-内部,,设计字段,P032
sjg_oms,archive,borrow_request,档案借阅主表,主表,18,risk_level,风险等级,varchar(16),是,,否,否,,P1-内部,,设计字段,P032
sjg_oms,archive,borrow_request,档案借阅主表,主表,19,owner_center_id,归属中心,uuid,是,,否,否,org.organization.id,P1-内部,,设计字段,P032
sjg_oms,archive,borrow_request,档案借阅主表,主表,20,owner_department_id,归属部门,uuid,是,,否,否,org.organization.id,P1-内部,,设计字段,P032
sjg_oms,archive,borrow_request,档案借阅主表,主表,21,owner_employee_id,责任人,uuid,是,,否,否,org.employee.id,P1-内部,,设计字段,P032
sjg_oms,archive,borrow_request,档案借阅主表,主表,22,planned_start_at,计划开始,timestamptz,是,,否,否,,P1-内部,,设计字段,P032
sjg_oms,archive,borrow_request,档案借阅主表,主表,23,planned_finish_at,计划完成,timestamptz,是,,否,否,,P1-内部,,设计字段,P032
sjg_oms,archive,borrow_request,档案借阅主表,主表,24,actual_start_at,实际开始,timestamptz,是,,否,否,,P1-内部,,设计字段,P032
sjg_oms,archive,borrow_request,档案借阅主表,主表,25,actual_end_at,实际完成,timestamptz,是,,否,否,,P1-内部,,设计字段,P032
sjg_oms,archive,borrow_request,档案借阅主表,主表,26,result_summary,结果摘要,text,是,,否,否,,P1-内部,,设计字段,P032
sjg_oms,archive,borrow_request,档案借阅主表,主表,27,closed_at,关闭时间,timestamptz,是,,否,否,,P1-内部,,设计字段,P032
sjg_oms,archive,borrow_request,档案借阅主表,主表,28,actual_amount,实际金额,"numeric(18,2)",是,,否,否,,P1-内部,,原始流程字段,P032
sjg_oms,archive,borrow_request,档案借阅主表,主表,29,archive_category,档案类别,varchar(64),否,,否,否,,P1-内部,,原始流程字段,P032
sjg_oms,archive,borrow_request,档案借阅主表,主表,30,archive_item_count,档案件数,bigint,是,,否,否,,P1-内部,不得小于0,原始流程字段,P032
sjg_oms,archive,borrow_request,档案借阅主表,主表,31,archive_no,档案编号,varchar(64),是,,否,否,,P1-内部,,原始流程字段,P032
sjg_oms,archive,borrow_request,档案借阅主表,主表,32,archive_title,档案题名,varchar(200),否,,否,否,,P1-内部,,原始流程字段,P032
sjg_oms,archive,borrow_request,档案借阅主表,主表,33,carrier_type,载体类型,varchar(64),否,,否,否,,P1-内部,,原始流程字段,P032
sjg_oms,archive,borrow_request,档案借阅主表,主表,34,confidentiality_level,密级,varchar(64),否,,否,否,,P1-内部,,原始流程字段,P032
sjg_oms,archive,borrow_request,档案借阅主表,主表,35,item_asset_id,物料/资产编号,varchar(64),否,,否,否,,P1-内部,,原始流程字段,P032
sjg_oms,archive,borrow_request,档案借阅主表,主表,36,item_asset_name,物料/资产名称,varchar(200),否,,否,否,,P1-内部,,原始流程字段,P032
sjg_oms,archive,borrow_request,档案借阅主表,主表,37,spec_model,规格型号,varchar(200),是,,否,否,,P1-内部,,原始流程字段,P032
sjg_oms,archive,borrow_request,档案借阅主表,主表,38,storage_location,存储位置,varchar(500),是,,否,否,,P1-内部,,原始流程字段,P032
sjg_oms,archive,borrow_request_item,档案借阅明细项,子表,1,id,主键ID,uuid,否,gen_random_uuid(),是,否,,P1-内部,,设计字段,P032
sjg_oms,archive,borrow_request_item,档案借阅明细项,子表,2,tenant_id,租户ID,uuid,否,,否,否,core.tenant.id,P1-内部,所有业务唯一键必须包含tenant_id,设计字段,P032
sjg_oms,archive,borrow_request_item,档案借阅明细项,子表,3,created_by,创建人,uuid,是,,否,否,org.employee.id,P1-内部,,设计字段,P032
sjg_oms,archive,borrow_request_item,档案借阅明细项,子表,4,created_at,创建时间,timestamptz,否,now(),否,否,,P1-内部,,设计字段,P032
sjg_oms,archive,borrow_request_item,档案借阅明细项,子表,5,updated_by,更新人,uuid,是,,否,否,org.employee.id,P1-内部,,设计字段,P032
sjg_oms,archive,borrow_request_item,档案借阅明细项,子表,6,updated_at,更新时间,timestamptz,否,now(),否,否,,P1-内部,,设计字段,P032
sjg_oms,archive,borrow_request_item,档案借阅明细项,子表,7,is_deleted,逻辑删除,boolean,否,false,否,否,,P1-内部,,设计字段,P032
sjg_oms,archive,borrow_request_item,档案借阅明细项,子表,8,deleted_at,删除时间,timestamptz,是,,否,否,,P1-内部,,设计字段,P032
sjg_oms,archive,borrow_request_item,档案借阅明细项,子表,9,master_id,主表ID,uuid,否,,否,否,archive.borrow_request.id,P1-内部,,设计字段,P032
sjg_oms,archive,borrow_request_item,档案借阅明细项,子表,10,field_code,来源字段编码,varchar(128),否,,否,否,,P1-内部,,设计字段,P032
sjg_oms,archive,borrow_request_item,档案借阅明细项,子表,11,item_seq,明细序号,integer,否,0,否,否,,P1-内部,,设计字段,P032
sjg_oms,archive,borrow_request_item,档案借阅明细项,子表,12,item_key,明细键,varchar(128),是,,否,否,,P1-内部,,设计字段,P032
sjg_oms,archive,borrow_request_item,档案借阅明细项,子表,13,item_name,明细名称,varchar(255),是,,否,否,,P1-内部,,设计字段,P032
sjg_oms,archive,borrow_request_item,档案借阅明细项,子表,14,item_value_text,文本值,text,是,,否,否,,P1-内部,,设计字段,P032
sjg_oms,archive,borrow_request_item,档案借阅明细项,子表,15,item_value_number,数值,"numeric(24,8)",是,,否,否,,P1-内部,,设计字段,P032
sjg_oms,archive,borrow_request_item,档案借阅明细项,子表,16,item_value_json,结构化值,jsonb,是,,否,否,,P1-内部,,设计字段,P032
sjg_oms,archive,borrow_request_item,档案借阅明细项,子表,17,related_object_type,关联对象类型,varchar(128),是,,否,否,,P1-内部,,设计字段,P032
sjg_oms,archive,borrow_request_item,档案借阅明细项,子表,18,related_object_id,关联对象ID,uuid,是,,否,否,,P1-内部,,设计字段,P032
sjg_oms,archive,borrow_request_item,档案借阅明细项,子表,19,amount,金额,"numeric(18,2)",是,,否,否,,P1-内部,,设计字段,P032
sjg_oms,archive,borrow_request_item,档案借阅明细项,子表,20,quantity,数量,"numeric(18,6)",是,,否,否,,P1-内部,,设计字段,P032
sjg_oms,archive,borrow_request_item,档案借阅明细项,子表,21,sort_no,排序,integer,否,0,否,否,,P1-内部,,设计字段,P032
sjg_oms,archive,disposal_appraisal,档案销毁鉴定主表,主表,1,id,主键ID,uuid,否,gen_random_uuid(),是,否,,P1-内部,,设计字段,P033
sjg_oms,archive,disposal_appraisal,档案销毁鉴定主表,主表,2,tenant_id,租户ID,uuid,否,,否,否,core.tenant.id,P1-内部,所有业务唯一键必须包含tenant_id,设计字段,P033
sjg_oms,archive,disposal_appraisal,档案销毁鉴定主表,主表,3,business_no,业务单号,varchar(64),否,,否,是,,P1-内部,租户内唯一；由core.sequence_rule生成,设计字段,P033
sjg_oms,archive,disposal_appraisal,档案销毁鉴定主表,主表,4,workflow_instance_id,流程实例ID,uuid,是,,否,否,workflow.wf_instance.id,P1-内部,,设计字段,P033
sjg_oms,archive,disposal_appraisal,档案销毁鉴定主表,主表,5,status,业务状态,varchar(32),否,'DRAFT',否,否,,P1-内部,仅由状态机合法迁移,设计字段,P033
sjg_oms,archive,disposal_appraisal,档案销毁鉴定主表,主表,6,version_no,乐观锁版本,integer,否,0,否,否,,P1-内部,更新时version_no+1，冲突则拒绝,设计字段,P033
sjg_oms,archive,disposal_appraisal,档案销毁鉴定主表,主表,7,created_by,创建人,uuid,是,,否,否,org.employee.id,P1-内部,,设计字段,P033
sjg_oms,archive,disposal_appraisal,档案销毁鉴定主表,主表,8,created_at,创建时间,timestamptz,否,now(),否,否,,P1-内部,,设计字段,P033
sjg_oms,archive,disposal_appraisal,档案销毁鉴定主表,主表,9,updated_by,更新人,uuid,是,,否,否,org.employee.id,P1-内部,,设计字段,P033
sjg_oms,archive,disposal_appraisal,档案销毁鉴定主表,主表,10,updated_at,更新时间,timestamptz,否,now(),否,否,,P1-内部,,设计字段,P033
sjg_oms,archive,disposal_appraisal,档案销毁鉴定主表,主表,11,is_deleted,逻辑删除,boolean,否,false,否,否,,P1-内部,,设计字段,P033
sjg_oms,archive,disposal_appraisal,档案销毁鉴定主表,主表,12,deleted_at,删除时间,timestamptz,是,,否,否,,P1-内部,,设计字段,P033
sjg_oms,archive,disposal_appraisal,档案销毁鉴定主表,主表,13,source_channel,来源渠道,varchar(32),是,,否,否,,P1-内部,,设计字段,P033
sjg_oms,archive,disposal_appraisal,档案销毁鉴定主表,主表,14,business_date,业务日期,date,是,,否,否,,P1-内部,,设计字段,P033
sjg_oms,archive,disposal_appraisal,档案销毁鉴定主表,主表,15,subject,主题,varchar(255),是,,否,否,,P1-内部,,设计字段,P033
sjg_oms,archive,disposal_appraisal,档案销毁鉴定主表,主表,16,reason,原因,text,是,,否,否,,P1-内部,,设计字段,P033
sjg_oms,archive,disposal_appraisal,档案销毁鉴定主表,主表,17,priority,优先级,varchar(16),否,'NORMAL',否,否,,P1-内部,,设计字段,P033
sjg_oms,archive,disposal_appraisal,档案销毁鉴定主表,主表,18,risk_level,风险等级,varchar(16),是,,否,否,,P1-内部,,设计字段,P033
sjg_oms,archive,disposal_appraisal,档案销毁鉴定主表,主表,19,owner_center_id,归属中心,uuid,是,,否,否,org.organization.id,P1-内部,,设计字段,P033
sjg_oms,archive,disposal_appraisal,档案销毁鉴定主表,主表,20,owner_department_id,归属部门,uuid,是,,否,否,org.organization.id,P1-内部,,设计字段,P033
sjg_oms,archive,disposal_appraisal,档案销毁鉴定主表,主表,21,owner_employee_id,责任人,uuid,是,,否,否,org.employee.id,P1-内部,,设计字段,P033
sjg_oms,archive,disposal_appraisal,档案销毁鉴定主表,主表,22,planned_start_at,计划开始,timestamptz,是,,否,否,,P1-内部,,设计字段,P033
sjg_oms,archive,disposal_appraisal,档案销毁鉴定主表,主表,23,planned_finish_at,计划完成,timestamptz,是,,否,否,,P1-内部,,设计字段,P033
sjg_oms,archive,disposal_appraisal,档案销毁鉴定主表,主表,24,actual_start_at,实际开始,timestamptz,是,,否,否,,P1-内部,,设计字段,P033
sjg_oms,archive,disposal_appraisal,档案销毁鉴定主表,主表,25,actual_end_at,实际完成,timestamptz,是,,否,否,,P1-内部,,设计字段,P033
sjg_oms,archive,disposal_appraisal,档案销毁鉴定主表,主表,26,result_summary,结果摘要,text,是,,否,否,,P1-内部,,设计字段,P033
sjg_oms,archive,disposal_appraisal,档案销毁鉴定主表,主表,27,closed_at,关闭时间,timestamptz,是,,否,否,,P1-内部,,设计字段,P033
sjg_oms,archive,disposal_appraisal,档案销毁鉴定主表,主表,28,actual_amount,实际金额,"numeric(18,2)",是,,否,否,,P1-内部,,原始流程字段,P033
sjg_oms,archive,disposal_appraisal,档案销毁鉴定主表,主表,29,archive_category,档案类别,varchar(64),否,,否,否,,P1-内部,,原始流程字段,P033
sjg_oms,archive,disposal_appraisal,档案销毁鉴定主表,主表,30,archive_item_count,档案件数,bigint,是,,否,否,,P1-内部,不得小于0,原始流程字段,P033
sjg_oms,archive,disposal_appraisal,档案销毁鉴定主表,主表,31,archive_no,档案编号,varchar(64),是,,否,否,,P1-内部,,原始流程字段,P033
sjg_oms,archive,disposal_appraisal,档案销毁鉴定主表,主表,32,archive_title,档案题名,varchar(200),否,,否,否,,P1-内部,,原始流程字段,P033
sjg_oms,archive,disposal_appraisal,档案销毁鉴定主表,主表,33,carrier_type,载体类型,varchar(64),否,,否,否,,P1-内部,,原始流程字段,P033
sjg_oms,archive,disposal_appraisal,档案销毁鉴定主表,主表,34,confidentiality_level,密级,varchar(64),否,,否,否,,P1-内部,,原始流程字段,P033
sjg_oms,archive,disposal_appraisal,档案销毁鉴定主表,主表,35,storage_location,存储位置,varchar(500),是,,否,否,,P1-内部,,原始流程字段,P033
sjg_oms,archive,disposal_appraisal_item,档案销毁鉴定明细项,子表,1,id,主键ID,uuid,否,gen_random_uuid(),是,否,,P1-内部,,设计字段,P033
sjg_oms,archive,disposal_appraisal_item,档案销毁鉴定明细项,子表,2,tenant_id,租户ID,uuid,否,,否,否,core.tenant.id,P1-内部,所有业务唯一键必须包含tenant_id,设计字段,P033
sjg_oms,archive,disposal_appraisal_item,档案销毁鉴定明细项,子表,3,created_by,创建人,uuid,是,,否,否,org.employee.id,P1-内部,,设计字段,P033
sjg_oms,archive,disposal_appraisal_item,档案销毁鉴定明细项,子表,4,created_at,创建时间,timestamptz,否,now(),否,否,,P1-内部,,设计字段,P033
sjg_oms,archive,disposal_appraisal_item,档案销毁鉴定明细项,子表,5,updated_by,更新人,uuid,是,,否,否,org.employee.id,P1-内部,,设计字段,P033
sjg_oms,archive,disposal_appraisal_item,档案销毁鉴定明细项,子表,6,updated_at,更新时间,timestamptz,否,now(),否,否,,P1-内部,,设计字段,P033
sjg_oms,archive,disposal_appraisal_item,档案销毁鉴定明细项,子表,7,is_deleted,逻辑删除,boolean,否,false,否,否,,P1-内部,,设计字段,P033
sjg_oms,archive,disposal_appraisal_item,档案销毁鉴定明细项,子表,8,deleted_at,删除时间,timestamptz,是,,否,否,,P1-内部,,设计字段,P033
sjg_oms,archive,disposal_appraisal_item,档案销毁鉴定明细项,子表,9,master_id,主表ID,uuid,否,,否,否,archive.disposal_appraisal.id,P1-内部,,设计字段,P033
sjg_oms,archive,disposal_appraisal_item,档案销毁鉴定明细项,子表,10,field_code,来源字段编码,varchar(128),否,,否,否,,P1-内部,,设计字段,P033
sjg_oms,archive,disposal_appraisal_item,档案销毁鉴定明细项,子表,11,item_seq,明细序号,integer,否,0,否,否,,P1-内部,,设计字段,P033
sjg_oms,archive,disposal_appraisal_item,档案销毁鉴定明细项,子表,12,item_key,明细键,varchar(128),是,,否,否,,P1-内部,,设计字段,P033
sjg_oms,archive,disposal_appraisal_item,档案销毁鉴定明细项,子表,13,item_name,明细名称,varchar(255),是,,否,否,,P1-内部,,设计字段,P033
sjg_oms,archive,disposal_appraisal_item,档案销毁鉴定明细项,子表,14,item_value_text,文本值,text,是,,否,否,,P1-内部,,设计字段,P033
sjg_oms,archive,disposal_appraisal_item,档案销毁鉴定明细项,子表,15,item_value_number,数值,"numeric(24,8)",是,,否,否,,P1-内部,,设计字段,P033
sjg_oms,archive,disposal_appraisal_item,档案销毁鉴定明细项,子表,16,item_value_json,结构化值,jsonb,是,,否,否,,P1-内部,,设计字段,P033
sjg_oms,archive,disposal_appraisal_item,档案销毁鉴定明细项,子表,17,related_object_type,关联对象类型,varchar(128),是,,否,否,,P1-内部,,设计字段,P033
sjg_oms,archive,disposal_appraisal_item,档案销毁鉴定明细项,子表,18,related_object_id,关联对象ID,uuid,是,,否,否,,P1-内部,,设计字段,P033
sjg_oms,archive,disposal_appraisal_item,档案销毁鉴定明细项,子表,19,amount,金额,"numeric(18,2)",是,,否,否,,P1-内部,,设计字段,P033
sjg_oms,archive,disposal_appraisal_item,档案销毁鉴定明细项,子表,20,quantity,数量,"numeric(18,6)",是,,否,否,,P1-内部,,设计字段,P033
sjg_oms,archive,disposal_appraisal_item,档案销毁鉴定明细项,子表,21,sort_no,排序,integer,否,0,否,否,,P1-内部,,设计字段,P033
sjg_oms,asset,asset_disposal,资产报废处置主表,主表,1,id,主键ID,uuid,否,gen_random_uuid(),是,否,,P1-内部,,设计字段,P053
sjg_oms,asset,asset_disposal,资产报废处置主表,主表,2,tenant_id,租户ID,uuid,否,,否,否,core.tenant.id,P1-内部,所有业务唯一键必须包含tenant_id,设计字段,P053
sjg_oms,asset,asset_disposal,资产报废处置主表,主表,3,business_no,业务单号,varchar(64),否,,否,是,,P1-内部,租户内唯一；由core.sequence_rule生成,设计字段,P053
sjg_oms,asset,asset_disposal,资产报废处置主表,主表,4,workflow_instance_id,流程实例ID,uuid,是,,否,否,workflow.wf_instance.id,P1-内部,,设计字段,P053
sjg_oms,asset,asset_disposal,资产报废处置主表,主表,5,status,业务状态,varchar(32),否,'DRAFT',否,否,,P1-内部,仅由状态机合法迁移,设计字段,P053
sjg_oms,asset,asset_disposal,资产报废处置主表,主表,6,version_no,乐观锁版本,integer,否,0,否,否,,P1-内部,更新时version_no+1，冲突则拒绝,设计字段,P053
sjg_oms,asset,asset_disposal,资产报废处置主表,主表,7,created_by,创建人,uuid,是,,否,否,org.employee.id,P1-内部,,设计字段,P053
sjg_oms,asset,asset_disposal,资产报废处置主表,主表,8,created_at,创建时间,timestamptz,否,now(),否,否,,P1-内部,,设计字段,P053
sjg_oms,asset,asset_disposal,资产报废处置主表,主表,9,updated_by,更新人,uuid,是,,否,否,org.employee.id,P1-内部,,设计字段,P053
sjg_oms,asset,asset_disposal,资产报废处置主表,主表,10,updated_at,更新时间,timestamptz,否,now(),否,否,,P1-内部,,设计字段,P053
sjg_oms,asset,asset_disposal,资产报废处置主表,主表,11,is_deleted,逻辑删除,boolean,否,false,否,否,,P1-内部,,设计字段,P053
sjg_oms,asset,asset_disposal,资产报废处置主表,主表,12,deleted_at,删除时间,timestamptz,是,,否,否,,P1-内部,,设计字段,P053
sjg_oms,asset,asset_disposal,资产报废处置主表,主表,13,source_channel,来源渠道,varchar(32),是,,否,否,,P1-内部,,设计字段,P053
sjg_oms,asset,asset_disposal,资产报废处置主表,主表,14,business_date,业务日期,date,是,,否,否,,P1-内部,,设计字段,P053
sjg_oms,asset,asset_disposal,资产报废处置主表,主表,15,subject,主题,varchar(255),是,,否,否,,P1-内部,,设计字段,P053
sjg_oms,asset,asset_disposal,资产报废处置主表,主表,16,reason,原因,text,是,,否,否,,P1-内部,,设计字段,P053
sjg_oms,asset,asset_disposal,资产报废处置主表,主表,17,priority,优先级,varchar(16),否,'NORMAL',否,否,,P1-内部,,设计字段,P053
sjg_oms,asset,asset_disposal,资产报废处置主表,主表,18,risk_level,风险等级,varchar(16),是,,否,否,,P1-内部,,设计字段,P053
sjg_oms,asset,asset_disposal,资产报废处置主表,主表,19,owner_center_id,归属中心,uuid,是,,否,否,org.organization.id,P1-内部,,设计字段,P053
sjg_oms,asset,asset_disposal,资产报废处置主表,主表,20,owner_department_id,归属部门,uuid,是,,否,否,org.organization.id,P1-内部,,设计字段,P053
sjg_oms,asset,asset_disposal,资产报废处置主表,主表,21,owner_employee_id,责任人,uuid,是,,否,否,org.employee.id,P1-内部,,设计字段,P053
sjg_oms,asset,asset_disposal,资产报废处置主表,主表,22,planned_start_at,计划开始,timestamptz,是,,否,否,,P1-内部,,设计字段,P053
sjg_oms,asset,asset_disposal,资产报废处置主表,主表,23,planned_finish_at,计划完成,timestamptz,是,,否,否,,P1-内部,,设计字段,P053
sjg_oms,asset,asset_disposal,资产报废处置主表,主表,24,actual_start_at,实际开始,timestamptz,是,,否,否,,P1-内部,,设计字段,P053
sjg_oms,asset,asset_disposal,资产报废处置主表,主表,25,actual_end_at,实际完成,timestamptz,是,,否,否,,P1-内部,,设计字段,P053
sjg_oms,asset,asset_disposal,资产报废处置主表,主表,26,result_summary,结果摘要,text,是,,否,否,,P1-内部,,设计字段,P053
sjg_oms,asset,asset_disposal,资产报废处置主表,主表,27,closed_at,关闭时间,timestamptz,是,,否,否,,P1-内部,,设计字段,P053
sjg_oms,asset,asset_disposal,资产报废处置主表,主表,28,actual_amount,实际金额,"numeric(18,2)",是,,否,否,,P1-内部,,原始流程字段,P053
sjg_oms,asset,asset_disposal,资产报废处置主表,主表,29,asset_condition,状态/成色,varchar(64),是,,否,否,,P1-内部,,原始流程字段,P053
sjg_oms,asset,asset_disposal,资产报废处置主表,主表,30,batch_serial_no,批次/序列号,varchar(128),是,,否,否,,P1-内部,,原始流程字段,P053
sjg_oms,asset,asset_disposal,资产报废处置主表,主表,31,book_value,账面价值,"numeric(18,2)",是,,否,否,,P3-高度敏感,,原始流程字段,P053
sjg_oms,asset,asset_disposal,资产报废处置主表,主表,32,custodian_id,责任人/领用人,varchar(32),是,,否,否,,P1-内部,,原始流程字段,P053
sjg_oms,asset,asset_disposal,资产报废处置主表,主表,33,incident_patrol_no,事件/巡检编号,varchar(64),否,,否,否,,P1-内部,,原始流程字段,P053
sjg_oms,asset,asset_disposal,资产报废处置主表,主表,34,incident_type,事件类型,varchar(64),否,,否,否,,P1-内部,,原始流程字段,P053
sjg_oms,asset,asset_disposal,资产报废处置主表,主表,35,item_asset_id,物料/资产编号,varchar(64),否,,否,否,,P1-内部,,原始流程字段,P053
sjg_oms,asset,asset_disposal,资产报废处置主表,主表,36,item_asset_name,物料/资产名称,varchar(200),否,,否,否,,P1-内部,,原始流程字段,P053
sjg_oms,asset,asset_disposal,资产报废处置主表,主表,37,spec_model,规格型号,varchar(200),是,,否,否,,P1-内部,,原始流程字段,P053
sjg_oms,asset,asset_disposal,资产报废处置主表,主表,38,stock_quantity,数量,"numeric(18,6)",否,,否,否,,P1-内部,不得小于0,原始流程字段,P053
sjg_oms,asset,asset_disposal,资产报废处置主表,主表,39,unit,单位,varchar(64),否,,否,否,,P1-内部,,原始流程字段,P053
sjg_oms,asset,asset_disposal,资产报废处置主表,主表,40,warehouse_location_id,仓库/存放位置,varchar(64),否,,否,否,,P1-内部,,原始流程字段,P053
sjg_oms,asset,asset_use_transaction,资产领借调还主表,主表,1,id,主键ID,uuid,否,gen_random_uuid(),是,否,,P1-内部,,设计字段,P051
sjg_oms,asset,asset_use_transaction,资产领借调还主表,主表,2,tenant_id,租户ID,uuid,否,,否,否,core.tenant.id,P1-内部,所有业务唯一键必须包含tenant_id,设计字段,P051
sjg_oms,asset,asset_use_transaction,资产领借调还主表,主表,3,business_no,业务单号,varchar(64),否,,否,是,,P1-内部,租户内唯一；由core.sequence_rule生成,设计字段,P051
sjg_oms,asset,asset_use_transaction,资产领借调还主表,主表,4,workflow_instance_id,流程实例ID,uuid,是,,否,否,workflow.wf_instance.id,P1-内部,,设计字段,P051
sjg_oms,asset,asset_use_transaction,资产领借调还主表,主表,5,status,业务状态,varchar(32),否,'DRAFT',否,否,,P1-内部,仅由状态机合法迁移,设计字段,P051
sjg_oms,asset,asset_use_transaction,资产领借调还主表,主表,6,version_no,乐观锁版本,integer,否,0,否,否,,P1-内部,更新时version_no+1，冲突则拒绝,设计字段,P051
sjg_oms,asset,asset_use_transaction,资产领借调还主表,主表,7,created_by,创建人,uuid,是,,否,否,org.employee.id,P1-内部,,设计字段,P051
sjg_oms,asset,asset_use_transaction,资产领借调还主表,主表,8,created_at,创建时间,timestamptz,否,now(),否,否,,P1-内部,,设计字段,P051
sjg_oms,asset,asset_use_transaction,资产领借调还主表,主表,9,updated_by,更新人,uuid,是,,否,否,org.employee.id,P1-内部,,设计字段,P051
sjg_oms,asset,asset_use_transaction,资产领借调还主表,主表,10,updated_at,更新时间,timestamptz,否,now(),否,否,,P1-内部,,设计字段,P051
sjg_oms,asset,asset_use_transaction,资产领借调还主表,主表,11,is_deleted,逻辑删除,boolean,否,false,否,否,,P1-内部,,设计字段,P051
sjg_oms,asset,asset_use_transaction,资产领借调还主表,主表,12,deleted_at,删除时间,timestamptz,是,,否,否,,P1-内部,,设计字段,P051
sjg_oms,asset,asset_use_transaction,资产领借调还主表,主表,13,source_channel,来源渠道,varchar(32),是,,否,否,,P1-内部,,设计字段,P051
sjg_oms,asset,asset_use_transaction,资产领借调还主表,主表,14,business_date,业务日期,date,是,,否,否,,P1-内部,,设计字段,P051
sjg_oms,asset,asset_use_transaction,资产领借调还主表,主表,15,subject,主题,varchar(255),是,,否,否,,P1-内部,,设计字段,P051
sjg_oms,asset,asset_use_transaction,资产领借调还主表,主表,16,reason,原因,text,是,,否,否,,P1-内部,,设计字段,P051
sjg_oms,asset,asset_use_transaction,资产领借调还主表,主表,17,priority,优先级,varchar(16),否,'NORMAL',否,否,,P1-内部,,设计字段,P051
sjg_oms,asset,asset_use_transaction,资产领借调还主表,主表,18,risk_level,风险等级,varchar(16),是,,否,否,,P1-内部,,设计字段,P051
sjg_oms,asset,asset_use_transaction,资产领借调还主表,主表,19,owner_center_id,归属中心,uuid,是,,否,否,org.organization.id,P1-内部,,设计字段,P051
sjg_oms,asset,asset_use_transaction,资产领借调还主表,主表,20,owner_department_id,归属部门,uuid,是,,否,否,org.organization.id,P1-内部,,设计字段,P051
sjg_oms,asset,asset_use_transaction,资产领借调还主表,主表,21,owner_employee_id,责任人,uuid,是,,否,否,org.employee.id,P1-内部,,设计字段,P051
sjg_oms,asset,asset_use_transaction,资产领借调还主表,主表,22,planned_start_at,计划开始,timestamptz,是,,否,否,,P1-内部,,设计字段,P051
sjg_oms,asset,asset_use_transaction,资产领借调还主表,主表,23,planned_finish_at,计划完成,timestamptz,是,,否,否,,P1-内部,,设计字段,P051
sjg_oms,asset,asset_use_transaction,资产领借调还主表,主表,24,actual_start_at,实际开始,timestamptz,是,,否,否,,P1-内部,,设计字段,P051
sjg_oms,asset,asset_use_transaction,资产领借调还主表,主表,25,actual_end_at,实际完成,timestamptz,是,,否,否,,P1-内部,,设计字段,P051
sjg_oms,asset,asset_use_transaction,资产领借调还主表,主表,26,result_summary,结果摘要,text,是,,否,否,,P1-内部,,设计字段,P051
sjg_oms,asset,asset_use_transaction,资产领借调还主表,主表,27,closed_at,关闭时间,timestamptz,是,,否,否,,P1-内部,,设计字段,P051
sjg_oms,asset,asset_use_transaction,资产领借调还主表,主表,28,actual_amount,实际金额,"numeric(18,2)",是,,否,否,,P1-内部,,原始流程字段,P051
sjg_oms,asset,asset_use_transaction,资产领借调还主表,主表,29,asset_condition,状态/成色,varchar(64),是,,否,否,,P1-内部,,原始流程字段,P051
sjg_oms,asset,asset_use_transaction,资产领借调还主表,主表,30,batch_serial_no,批次/序列号,varchar(128),是,,否,否,,P1-内部,,原始流程字段,P051
sjg_oms,asset,asset_use_transaction,资产领借调还主表,主表,31,book_value,账面价值,"numeric(18,2)",是,,否,否,,P3-高度敏感,,原始流程字段,P051
sjg_oms,asset,asset_use_transaction,资产领借调还主表,主表,32,custodian_id,责任人/领用人,varchar(32),是,,否,否,,P1-内部,,原始流程字段,P051
sjg_oms,asset,asset_use_transaction,资产领借调还主表,主表,33,employee_event_type,事件类型,varchar(64),否,,否,否,,P1-内部,,原始流程字段,P051
sjg_oms,asset,asset_use_transaction,资产领借调还主表,主表,34,item_asset_id,物料/资产编号,varchar(64),否,,否,否,,P1-内部,,原始流程字段,P051
sjg_oms,asset,asset_use_transaction,资产领借调还主表,主表,35,item_asset_name,物料/资产名称,varchar(200),否,,否,否,,P1-内部,,原始流程字段,P051
sjg_oms,asset,asset_use_transaction,资产领借调还主表,主表,36,spec_model,规格型号,varchar(200),是,,否,否,,P1-内部,,原始流程字段,P051
sjg_oms,asset,asset_use_transaction,资产领借调还主表,主表,37,stock_quantity,数量,"numeric(18,6)",否,,否,否,,P1-内部,不得小于0,原始流程字段,P051
sjg_oms,asset,asset_use_transaction,资产领借调还主表,主表,38,unit,单位,varchar(64),否,,否,否,,P1-内部,,原始流程字段,P051
sjg_oms,asset,asset_use_transaction,资产领借调还主表,主表,39,warehouse_location_id,仓库/存放位置,varchar(64),否,,否,否,,P1-内部,,原始流程字段,P051
sjg_oms,asset,stock_in,资产入库主表,主表,1,id,主键ID,uuid,否,gen_random_uuid(),是,否,,P1-内部,,设计字段,P050
sjg_oms,asset,stock_in,资产入库主表,主表,2,tenant_id,租户ID,uuid,否,,否,否,core.tenant.id,P1-内部,所有业务唯一键必须包含tenant_id,设计字段,P050
sjg_oms,asset,stock_in,资产入库主表,主表,3,business_no,业务单号,varchar(64),否,,否,是,,P1-内部,租户内唯一；由core.sequence_rule生成,设计字段,P050
sjg_oms,asset,stock_in,资产入库主表,主表,4,workflow_instance_id,流程实例ID,uuid,是,,否,否,workflow.wf_instance.id,P1-内部,,设计字段,P050
sjg_oms,asset,stock_in,资产入库主表,主表,5,status,业务状态,varchar(32),否,'DRAFT',否,否,,P1-内部,仅由状态机合法迁移,设计字段,P050
sjg_oms,asset,stock_in,资产入库主表,主表,6,version_no,乐观锁版本,integer,否,0,否,否,,P1-内部,更新时version_no+1，冲突则拒绝,设计字段,P050
sjg_oms,asset,stock_in,资产入库主表,主表,7,created_by,创建人,uuid,是,,否,否,org.employee.id,P1-内部,,设计字段,P050
sjg_oms,asset,stock_in,资产入库主表,主表,8,created_at,创建时间,timestamptz,否,now(),否,否,,P1-内部,,设计字段,P050
sjg_oms,asset,stock_in,资产入库主表,主表,9,updated_by,更新人,uuid,是,,否,否,org.employee.id,P1-内部,,设计字段,P050
sjg_oms,asset,stock_in,资产入库主表,主表,10,updated_at,更新时间,timestamptz,否,now(),否,否,,P1-内部,,设计字段,P050
sjg_oms,asset,stock_in,资产入库主表,主表,11,is_deleted,逻辑删除,boolean,否,false,否,否,,P1-内部,,设计字段,P050
sjg_oms,asset,stock_in,资产入库主表,主表,12,deleted_at,删除时间,timestamptz,是,,否,否,,P1-内部,,设计字段,P050
sjg_oms,asset,stock_in,资产入库主表,主表,13,source_channel,来源渠道,varchar(32),是,,否,否,,P1-内部,,设计字段,P050
sjg_oms,asset,stock_in,资产入库主表,主表,14,business_date,业务日期,date,是,,否,否,,P1-内部,,设计字段,P050
sjg_oms,asset,stock_in,资产入库主表,主表,15,subject,主题,varchar(255),是,,否,否,,P1-内部,,设计字段,P050
sjg_oms,asset,stock_in,资产入库主表,主表,16,reason,原因,text,是,,否,否,,P1-内部,,设计字段,P050
sjg_oms,asset,stock_in,资产入库主表,主表,17,priority,优先级,varchar(16),否,'NORMAL',否,否,,P1-内部,,设计字段,P050
sjg_oms,asset,stock_in,资产入库主表,主表,18,risk_level,风险等级,varchar(16),是,,否,否,,P1-内部,,设计字段,P050
sjg_oms,asset,stock_in,资产入库主表,主表,19,owner_center_id,归属中心,uuid,是,,否,否,org.organization.id,P1-内部,,设计字段,P050
sjg_oms,asset,stock_in,资产入库主表,主表,20,owner_department_id,归属部门,uuid,是,,否,否,org.organization.id,P1-内部,,设计字段,P050
sjg_oms,asset,stock_in,资产入库主表,主表,21,owner_employee_id,责任人,uuid,是,,否,否,org.employee.id,P1-内部,,设计字段,P050
sjg_oms,asset,stock_in,资产入库主表,主表,22,planned_start_at,计划开始,timestamptz,是,,否,否,,P1-内部,,设计字段,P050
sjg_oms,asset,stock_in,资产入库主表,主表,23,planned_finish_at,计划完成,timestamptz,是,,否,否,,P1-内部,,设计字段,P050
sjg_oms,asset,stock_in,资产入库主表,主表,24,actual_start_at,实际开始,timestamptz,是,,否,否,,P1-内部,,设计字段,P050
sjg_oms,asset,stock_in,资产入库主表,主表,25,actual_end_at,实际完成,timestamptz,是,,否,否,,P1-内部,,设计字段,P050
sjg_oms,asset,stock_in,资产入库主表,主表,26,result_summary,结果摘要,text,是,,否,否,,P1-内部,,设计字段,P050
sjg_oms,asset,stock_in,资产入库主表,主表,27,closed_at,关闭时间,timestamptz,是,,否,否,,P1-内部,,设计字段,P050
sjg_oms,asset,stock_in,资产入库主表,主表,28,actual_amount,实际金额,"numeric(18,2)",是,,否,否,,P1-内部,,原始流程字段,P050
sjg_oms,asset,stock_in,资产入库主表,主表,29,asset_condition,状态/成色,varchar(64),是,,否,否,,P1-内部,,原始流程字段,P050
sjg_oms,asset,stock_in,资产入库主表,主表,30,batch_serial_no,批次/序列号,varchar(128),是,,否,否,,P1-内部,,原始流程字段,P050
sjg_oms,asset,stock_in,资产入库主表,主表,31,book_value,账面价值,"numeric(18,2)",是,,否,否,,P3-高度敏感,,原始流程字段,P050
sjg_oms,asset,stock_in,资产入库主表,主表,32,custodian_id,责任人/领用人,varchar(32),是,,否,否,,P1-内部,,原始流程字段,P050
sjg_oms,asset,stock_in,资产入库主表,主表,33,item_asset_id,物料/资产编号,varchar(64),否,,否,否,,P1-内部,,原始流程字段,P050
sjg_oms,asset,stock_in,资产入库主表,主表,34,item_asset_name,物料/资产名称,varchar(200),否,,否,否,,P1-内部,,原始流程字段,P050
sjg_oms,asset,stock_in,资产入库主表,主表,35,purchase_category,采购品类,varchar(64),否,,否,否,,P1-内部,,原始流程字段,P050
sjg_oms,asset,stock_in,资产入库主表,主表,36,purchase_request_no,采购需求编号,varchar(32),是,,否,否,,P1-内部,,原始流程字段,P050
sjg_oms,asset,stock_in,资产入库主表,主表,37,spec_model,规格型号,varchar(200),是,,否,否,,P1-内部,,原始流程字段,P050
sjg_oms,asset,stock_in,资产入库主表,主表,38,stock_quantity,数量,"numeric(18,6)",否,,否,否,,P1-内部,不得小于0,原始流程字段,P050
sjg_oms,asset,stock_in,资产入库主表,主表,39,unit,单位,varchar(64),否,,否,否,,P1-内部,,原始流程字段,P050
sjg_oms,asset,stock_in,资产入库主表,主表,40,warehouse_location_id,仓库/存放位置,varchar(64),否,,否,否,,P1-内部,,原始流程字段,P050
sjg_oms,asset,stocktake,资产盘点主表,主表,1,id,主键ID,uuid,否,gen_random_uuid(),是,否,,P1-内部,,设计字段,P052
sjg_oms,asset,stocktake,资产盘点主表,主表,2,tenant_id,租户ID,uuid,否,,否,否,core.tenant.id,P1-内部,所有业务唯一键必须包含tenant_id,设计字段,P052
sjg_oms,asset,stocktake,资产盘点主表,主表,3,business_no,业务单号,varchar(64),否,,否,是,,P1-内部,租户内唯一；由core.sequence_rule生成,设计字段,P052
sjg_oms,asset,stocktake,资产盘点主表,主表,4,workflow_instance_id,流程实例ID,uuid,是,,否,否,workflow.wf_instance.id,P1-内部,,设计字段,P052
sjg_oms,asset,stocktake,资产盘点主表,主表,5,status,业务状态,varchar(32),否,'DRAFT',否,否,,P1-内部,仅由状态机合法迁移,设计字段,P052
sjg_oms,asset,stocktake,资产盘点主表,主表,6,version_no,乐观锁版本,integer,否,0,否,否,,P1-内部,更新时version_no+1，冲突则拒绝,设计字段,P052
sjg_oms,asset,stocktake,资产盘点主表,主表,7,created_by,创建人,uuid,是,,否,否,org.employee.id,P1-内部,,设计字段,P052
sjg_oms,asset,stocktake,资产盘点主表,主表,8,created_at,创建时间,timestamptz,否,now(),否,否,,P1-内部,,设计字段,P052
sjg_oms,asset,stocktake,资产盘点主表,主表,9,updated_by,更新人,uuid,是,,否,否,org.employee.id,P1-内部,,设计字段,P052
sjg_oms,asset,stocktake,资产盘点主表,主表,10,updated_at,更新时间,timestamptz,否,now(),否,否,,P1-内部,,设计字段,P052
sjg_oms,asset,stocktake,资产盘点主表,主表,11,is_deleted,逻辑删除,boolean,否,false,否,否,,P1-内部,,设计字段,P052
sjg_oms,asset,stocktake,资产盘点主表,主表,12,deleted_at,删除时间,timestamptz,是,,否,否,,P1-内部,,设计字段,P052
sjg_oms,asset,stocktake,资产盘点主表,主表,13,source_channel,来源渠道,varchar(32),是,,否,否,,P1-内部,,设计字段,P052
sjg_oms,asset,stocktake,资产盘点主表,主表,14,business_date,业务日期,date,是,,否,否,,P1-内部,,设计字段,P052
sjg_oms,asset,stocktake,资产盘点主表,主表,15,subject,主题,varchar(255),是,,否,否,,P1-内部,,设计字段,P052
sjg_oms,asset,stocktake,资产盘点主表,主表,16,reason,原因,text,是,,否,否,,P1-内部,,设计字段,P052
sjg_oms,asset,stocktake,资产盘点主表,主表,17,priority,优先级,varchar(16),否,'NORMAL',否,否,,P1-内部,,设计字段,P052
sjg_oms,asset,stocktake,资产盘点主表,主表,18,risk_level,风险等级,varchar(16),是,,否,否,,P1-内部,,设计字段,P052
sjg_oms,asset,stocktake,资产盘点主表,主表,19,owner_center_id,归属中心,uuid,是,,否,否,org.organization.id,P1-内部,,设计字段,P052
sjg_oms,asset,stocktake,资产盘点主表,主表,20,owner_department_id,归属部门,uuid,是,,否,否,org.organization.id,P1-内部,,设计字段,P052
sjg_oms,asset,stocktake,资产盘点主表,主表,21,owner_employee_id,责任人,uuid,是,,否,否,org.employee.id,P1-内部,,设计字段,P052
sjg_oms,asset,stocktake,资产盘点主表,主表,22,planned_start_at,计划开始,timestamptz,是,,否,否,,P1-内部,,设计字段,P052
sjg_oms,asset,stocktake,资产盘点主表,主表,23,planned_finish_at,计划完成,timestamptz,是,,否,否,,P1-内部,,设计字段,P052
sjg_oms,asset,stocktake,资产盘点主表,主表,24,actual_start_at,实际开始,timestamptz,是,,否,否,,P1-内部,,设计字段,P052
sjg_oms,asset,stocktake,资产盘点主表,主表,25,actual_end_at,实际完成,timestamptz,是,,否,否,,P1-内部,,设计字段,P052
sjg_oms,asset,stocktake,资产盘点主表,主表,26,result_summary,结果摘要,text,是,,否,否,,P1-内部,,设计字段,P052
sjg_oms,asset,stocktake,资产盘点主表,主表,27,closed_at,关闭时间,timestamptz,是,,否,否,,P1-内部,,设计字段,P052
sjg_oms,asset,stocktake,资产盘点主表,主表,28,actual_amount,实际金额,"numeric(18,2)",是,,否,否,,P1-内部,,原始流程字段,P052
sjg_oms,asset,stocktake,资产盘点主表,主表,29,asset_condition,状态/成色,varchar(64),是,,否,否,,P1-内部,,原始流程字段,P052
sjg_oms,asset,stocktake,资产盘点主表,主表,30,batch_serial_no,批次/序列号,varchar(128),是,,否,否,,P1-内部,,原始流程字段,P052
sjg_oms,asset,stocktake,资产盘点主表,主表,31,book_value,账面价值,"numeric(18,2)",是,,否,否,,P3-高度敏感,,原始流程字段,P052
sjg_oms,asset,stocktake,资产盘点主表,主表,32,change_action,操作类型,varchar(64),否,,否,否,,P1-内部,,原始流程字段,P052
sjg_oms,asset,stocktake,资产盘点主表,主表,33,change_reason,变更原因,text,否,,否,否,,P1-内部,,原始流程字段,P052
sjg_oms,asset,stocktake,资产盘点主表,主表,34,custodian_id,责任人/领用人,varchar(32),是,,否,否,,P1-内部,,原始流程字段,P052
sjg_oms,asset,stocktake,资产盘点主表,主表,35,expected_effective_at,期望生效时间,timestamptz,是,,否,否,,P1-内部,,原始流程字段,P052
sjg_oms,asset,stocktake,资产盘点主表,主表,36,item_asset_id,物料/资产编号,varchar(64),否,,否,否,,P1-内部,,原始流程字段,P052
sjg_oms,asset,stocktake,资产盘点主表,主表,37,item_asset_name,物料/资产名称,varchar(200),否,,否,否,,P1-内部,,原始流程字段,P052
sjg_oms,asset,stocktake,资产盘点主表,主表,38,known_impact,已知影响,text,是,,否,否,,P1-内部,,原始流程字段,P052
sjg_oms,asset,stocktake,资产盘点主表,主表,39,spec_model,规格型号,varchar(200),是,,否,否,,P1-内部,,原始流程字段,P052
sjg_oms,asset,stocktake,资产盘点主表,主表,40,stock_quantity,数量,"numeric(18,6)",否,,否,否,,P1-内部,不得小于0,原始流程字段,P052
sjg_oms,asset,stocktake,资产盘点主表,主表,41,unit,单位,varchar(64),否,,否,否,,P1-内部,,原始流程字段,P052
sjg_oms,asset,stocktake,资产盘点主表,主表,42,warehouse_location_id,仓库/存放位置,varchar(64),否,,否,否,,P1-内部,,原始流程字段,P052
sjg_oms,asset,stocktake_item,资产盘点明细项,子表,1,id,主键ID,uuid,否,gen_random_uuid(),是,否,,P1-内部,,设计字段,P052
sjg_oms,asset,stocktake_item,资产盘点明细项,子表,2,tenant_id,租户ID,uuid,否,,否,否,core.tenant.id,P1-内部,所有业务唯一键必须包含tenant_id,设计字段,P052
sjg_oms,asset,stocktake_item,资产盘点明细项,子表,3,created_by,创建人,uuid,是,,否,否,org.employee.id,P1-内部,,设计字段,P052
sjg_oms,asset,stocktake_item,资产盘点明细项,子表,4,created_at,创建时间,timestamptz,否,now(),否,否,,P1-内部,,设计字段,P052
sjg_oms,asset,stocktake_item,资产盘点明细项,子表,5,updated_by,更新人,uuid,是,,否,否,org.employee.id,P1-内部,,设计字段,P052
sjg_oms,asset,stocktake_item,资产盘点明细项,子表,6,updated_at,更新时间,timestamptz,否,now(),否,否,,P1-内部,,设计字段,P052
sjg_oms,asset,stocktake_item,资产盘点明细项,子表,7,is_deleted,逻辑删除,boolean,否,false,否,否,,P1-内部,,设计字段,P052
sjg_oms,asset,stocktake_item,资产盘点明细项,子表,8,deleted_at,删除时间,timestamptz,是,,否,否,,P1-内部,,设计字段,P052
sjg_oms,asset,stocktake_item,资产盘点明细项,子表,9,master_id,主表ID,uuid,否,,否,否,asset.stocktake.id,P1-内部,,设计字段,P052
sjg_oms,asset,stocktake_item,资产盘点明细项,子表,10,field_code,来源字段编码,varchar(128),否,,否,否,,P1-内部,,设计字段,P052
sjg_oms,asset,stocktake_item,资产盘点明细项,子表,11,item_seq,明细序号,integer,否,0,否,否,,P1-内部,,设计字段,P052
sjg_oms,asset,stocktake_item,资产盘点明细项,子表,12,item_key,明细键,varchar(128),是,,否,否,,P1-内部,,设计字段,P052
sjg_oms,asset,stocktake_item,资产盘点明细项,子表,13,item_name,明细名称,varchar(255),是,,否,否,,P1-内部,,设计字段,P052
sjg_oms,asset,stocktake_item,资产盘点明细项,子表,14,item_value_text,文本值,text,是,,否,否,,P1-内部,,设计字段,P052
sjg_oms,asset,stocktake_item,资产盘点明细项,子表,15,item_value_number,数值,"numeric(24,8)",是,,否,否,,P1-内部,,设计字段,P052
sjg_oms,asset,stocktake_item,资产盘点明细项,子表,16,item_value_json,结构化值,jsonb,是,,否,否,,P1-内部,,设计字段,P052
sjg_oms,asset,stocktake_item,资产盘点明细项,子表,17,related_object_type,关联对象类型,varchar(128),是,,否,否,,P1-内部,,设计字段,P052
sjg_oms,asset,stocktake_item,资产盘点明细项,子表,18,related_object_id,关联对象ID,uuid,是,,否,否,,P1-内部,,设计字段,P052
sjg_oms,asset,stocktake_item,资产盘点明细项,子表,19,amount,金额,"numeric(18,2)",是,,否,否,,P1-内部,,设计字段,P052
sjg_oms,asset,stocktake_item,资产盘点明细项,子表,20,quantity,数量,"numeric(18,6)",是,,否,否,,P1-内部,,设计字段,P052
sjg_oms,asset,stocktake_item,资产盘点明细项,子表,21,sort_no,排序,integer,否,0,否,否,,P1-内部,,设计字段,P052
sjg_oms,attendance,leave_request,请假申请主表,主表,1,id,主键ID,uuid,否,gen_random_uuid(),是,否,,P1-内部,,设计字段,P008
sjg_oms,attendance,leave_request,请假申请主表,主表,2,tenant_id,租户ID,uuid,否,,否,否,core.tenant.id,P1-内部,所有业务唯一键必须包含tenant_id,设计字段,P008
sjg_oms,attendance,leave_request,请假申请主表,主表,3,business_no,业务单号,varchar(64),否,,否,是,,P1-内部,租户内唯一；由core.sequence_rule生成,设计字段,P008
sjg_oms,attendance,leave_request,请假申请主表,主表,4,workflow_instance_id,流程实例ID,uuid,是,,否,否,workflow.wf_instance.id,P1-内部,,设计字段,P008
sjg_oms,attendance,leave_request,请假申请主表,主表,5,status,业务状态,varchar(32),否,'DRAFT',否,否,,P1-内部,仅由状态机合法迁移,设计字段,P008
sjg_oms,attendance,leave_request,请假申请主表,主表,6,version_no,乐观锁版本,integer,否,0,否,否,,P1-内部,更新时version_no+1，冲突则拒绝,设计字段,P008
sjg_oms,attendance,leave_request,请假申请主表,主表,7,created_by,创建人,uuid,是,,否,否,org.employee.id,P1-内部,,设计字段,P008
sjg_oms,attendance,leave_request,请假申请主表,主表,8,created_at,创建时间,timestamptz,否,now(),否,否,,P1-内部,,设计字段,P008
sjg_oms,attendance,leave_request,请假申请主表,主表,9,updated_by,更新人,uuid,是,,否,否,org.employee.id,P1-内部,,设计字段,P008
sjg_oms,attendance,leave_request,请假申请主表,主表,10,updated_at,更新时间,timestamptz,否,now(),否,否,,P1-内部,,设计字段,P008
sjg_oms,attendance,leave_request,请假申请主表,主表,11,is_deleted,逻辑删除,boolean,否,false,否,否,,P1-内部,,设计字段,P008
sjg_oms,attendance,leave_request,请假申请主表,主表,12,deleted_at,删除时间,timestamptz,是,,否,否,,P1-内部,,设计字段,P008
sjg_oms,attendance,leave_request,请假申请主表,主表,13,source_channel,来源渠道,varchar(32),是,,否,否,,P1-内部,,设计字段,P008
sjg_oms,attendance,leave_request,请假申请主表,主表,14,business_date,业务日期,date,是,,否,否,,P1-内部,,设计字段,P008
sjg_oms,attendance,leave_request,请假申请主表,主表,15,subject,主题,varchar(255),是,,否,否,,P1-内部,,设计字段,P008
sjg_oms,attendance,leave_request,请假申请主表,主表,16,reason,原因,text,是,,否,否,,P1-内部,,设计字段,P008
sjg_oms,attendance,leave_request,请假申请主表,主表,17,priority,优先级,varchar(16),否,'NORMAL',否,否,,P1-内部,,设计字段,P008
sjg_oms,attendance,leave_request,请假申请主表,主表,18,risk_level,风险等级,varchar(16),是,,否,否,,P1-内部,,设计字段,P008
sjg_oms,attendance,leave_request,请假申请主表,主表,19,owner_center_id,归属中心,uuid,是,,否,否,org.organization.id,P1-内部,,设计字段,P008
sjg_oms,attendance,leave_request,请假申请主表,主表,20,owner_department_id,归属部门,uuid,是,,否,否,org.organization.id,P1-内部,,设计字段,P008
sjg_oms,attendance,leave_request,请假申请主表,主表,21,owner_employee_id,责任人,uuid,是,,否,否,org.employee.id,P1-内部,,设计字段,P008
sjg_oms,attendance,leave_request,请假申请主表,主表,22,planned_start_at,计划开始,timestamptz,是,,否,否,,P1-内部,,设计字段,P008
sjg_oms,attendance,leave_request,请假申请主表,主表,23,planned_finish_at,计划完成,timestamptz,是,,否,否,,P1-内部,,设计字段,P008
sjg_oms,attendance,leave_request,请假申请主表,主表,24,actual_start_at,实际开始,timestamptz,是,,否,否,,P1-内部,,设计字段,P008
sjg_oms,attendance,leave_request,请假申请主表,主表,25,actual_end_at,实际完成,timestamptz,是,,否,否,,P1-内部,,设计字段,P008
sjg_oms,attendance,leave_request,请假申请主表,主表,26,result_summary,结果摘要,text,是,,否,否,,P1-内部,,设计字段,P008
sjg_oms,attendance,leave_request,请假申请主表,主表,27,closed_at,关闭时间,timestamptz,是,,否,否,,P1-内部,,设计字段,P008
sjg_oms,attendance,leave_request,请假申请主表,主表,28,actual_amount,实际金额,"numeric(18,2)",是,,否,否,,P1-内部,,原始流程字段,P008
sjg_oms,attendance,leave_request,请假申请主表,主表,29,actual_attendance_summary,实际考勤摘要,text,是,,否,否,,P1-内部,,原始流程字段,P008
sjg_oms,attendance,leave_request,请假申请主表,主表,30,attendance_type,假勤类型,varchar(64),否,,否,否,,P1-内部,,原始流程字段,P008
sjg_oms,attendance,leave_request,请假申请主表,主表,31,change_action,操作类型,varchar(64),否,,否,否,,P1-内部,,原始流程字段,P008
sjg_oms,attendance,leave_request,请假申请主表,主表,32,change_reason,变更原因,text,否,,否,否,,P1-内部,,原始流程字段,P008
sjg_oms,attendance,leave_request,请假申请主表,主表,33,duration_hours,折算时长（小时）,"numeric(18,6)",否,,否,否,,P1-内部,不得小于0,原始流程字段,P008
sjg_oms,attendance,leave_request,请假申请主表,主表,34,end_at,结束时间,timestamptz,否,,否,否,,P1-内部,不得早于开始时间,原始流程字段,P008
sjg_oms,attendance,leave_request,请假申请主表,主表,35,expected_effective_at,期望生效时间,timestamptz,是,,否,否,,P1-内部,,原始流程字段,P008
sjg_oms,attendance,leave_request,请假申请主表,主表,36,handover_agent_id,交接代理人,varchar(32),是,,否,否,,P1-内部,,原始流程字段,P008
sjg_oms,attendance,leave_request,请假申请主表,主表,37,known_impact,已知影响,text,是,,否,否,,P1-内部,,原始流程字段,P008
sjg_oms,attendance,leave_request,请假申请主表,主表,38,quota_account_id,额度账户,varchar(32),是,,否,否,,P1-内部,,原始流程字段,P008
sjg_oms,attendance,leave_request,请假申请主表,主表,39,quota_amount,预占/扣减额度,"numeric(18,6)",是,,否,否,,P1-内部,,原始流程字段,P008
sjg_oms,attendance,leave_request,请假申请主表,主表,40,start_at,开始时间,timestamptz,否,,否,否,,P1-内部,,原始流程字段,P008
sjg_oms,attendance,leave_request_item,请假申请明细项,子表,1,id,主键ID,uuid,否,gen_random_uuid(),是,否,,P1-内部,,设计字段,P008
sjg_oms,attendance,leave_request_item,请假申请明细项,子表,2,tenant_id,租户ID,uuid,否,,否,否,core.tenant.id,P1-内部,所有业务唯一键必须包含tenant_id,设计字段,P008
sjg_oms,attendance,leave_request_item,请假申请明细项,子表,3,created_by,创建人,uuid,是,,否,否,org.employee.id,P1-内部,,设计字段,P008
sjg_oms,attendance,leave_request_item,请假申请明细项,子表,4,created_at,创建时间,timestamptz,否,now(),否,否,,P1-内部,,设计字段,P008
sjg_oms,attendance,leave_request_item,请假申请明细项,子表,5,updated_by,更新人,uuid,是,,否,否,org.employee.id,P1-内部,,设计字段,P008
sjg_oms,attendance,leave_request_item,请假申请明细项,子表,6,updated_at,更新时间,timestamptz,否,now(),否,否,,P1-内部,,设计字段,P008
sjg_oms,attendance,leave_request_item,请假申请明细项,子表,7,is_deleted,逻辑删除,boolean,否,false,否,否,,P1-内部,,设计字段,P008
sjg_oms,attendance,leave_request_item,请假申请明细项,子表,8,deleted_at,删除时间,timestamptz,是,,否,否,,P1-内部,,设计字段,P008
sjg_oms,attendance,leave_request_item,请假申请明细项,子表,9,master_id,主表ID,uuid,否,,否,否,attendance.leave_request.id,P1-内部,,设计字段,P008
sjg_oms,attendance,leave_request_item,请假申请明细项,子表,10,field_code,来源字段编码,varchar(128),否,,否,否,,P1-内部,,设计字段,P008
sjg_oms,attendance,leave_request_item,请假申请明细项,子表,11,item_seq,明细序号,integer,否,0,否,否,,P1-内部,,设计字段,P008
sjg_oms,attendance,leave_request_item,请假申请明细项,子表,12,item_key,明细键,varchar(128),是,,否,否,,P1-内部,,设计字段,P008
sjg_oms,attendance,leave_request_item,请假申请明细项,子表,13,item_name,明细名称,varchar(255),是,,否,否,,P1-内部,,设计字段,P008
sjg_oms,attendance,leave_request_item,请假申请明细项,子表,14,item_value_text,文本值,text,是,,否,否,,P1-内部,,设计字段,P008
sjg_oms,attendance,leave_request_item,请假申请明细项,子表,15,item_value_number,数值,"numeric(24,8)",是,,否,否,,P1-内部,,设计字段,P008
sjg_oms,attendance,leave_request_item,请假申请明细项,子表,16,item_value_json,结构化值,jsonb,是,,否,否,,P1-内部,,设计字段,P008
sjg_oms,attendance,leave_request_item,请假申请明细项,子表,17,related_object_type,关联对象类型,varchar(128),是,,否,否,,P1-内部,,设计字段,P008
sjg_oms,attendance,leave_request_item,请假申请明细项,子表,18,related_object_id,关联对象ID,uuid,是,,否,否,,P1-内部,,设计字段,P008
sjg_oms,attendance,leave_request_item,请假申请明细项,子表,19,amount,金额,"numeric(18,2)",是,,否,否,,P1-内部,,设计字段,P008
sjg_oms,attendance,leave_request_item,请假申请明细项,子表,20,quantity,数量,"numeric(18,6)",是,,否,否,,P1-内部,,设计字段,P008
sjg_oms,attendance,leave_request_item,请假申请明细项,子表,21,sort_no,排序,integer,否,0,否,否,,P1-内部,,设计字段,P008
sjg_oms,attendance,overtime_request,加班调休申请主表,主表,1,id,主键ID,uuid,否,gen_random_uuid(),是,否,,P1-内部,,设计字段,P009
sjg_oms,attendance,overtime_request,加班调休申请主表,主表,2,tenant_id,租户ID,uuid,否,,否,否,core.tenant.id,P1-内部,所有业务唯一键必须包含tenant_id,设计字段,P009
sjg_oms,attendance,overtime_request,加班调休申请主表,主表,3,business_no,业务单号,varchar(64),否,,否,是,,P1-内部,租户内唯一；由core.sequence_rule生成,设计字段,P009
sjg_oms,attendance,overtime_request,加班调休申请主表,主表,4,workflow_instance_id,流程实例ID,uuid,是,,否,否,workflow.wf_instance.id,P1-内部,,设计字段,P009
sjg_oms,attendance,overtime_request,加班调休申请主表,主表,5,status,业务状态,varchar(32),否,'DRAFT',否,否,,P1-内部,仅由状态机合法迁移,设计字段,P009
sjg_oms,attendance,overtime_request,加班调休申请主表,主表,6,version_no,乐观锁版本,integer,否,0,否,否,,P1-内部,更新时version_no+1，冲突则拒绝,设计字段,P009
sjg_oms,attendance,overtime_request,加班调休申请主表,主表,7,created_by,创建人,uuid,是,,否,否,org.employee.id,P1-内部,,设计字段,P009
sjg_oms,attendance,overtime_request,加班调休申请主表,主表,8,created_at,创建时间,timestamptz,否,now(),否,否,,P1-内部,,设计字段,P009
sjg_oms,attendance,overtime_request,加班调休申请主表,主表,9,updated_by,更新人,uuid,是,,否,否,org.employee.id,P1-内部,,设计字段,P009
sjg_oms,attendance,overtime_request,加班调休申请主表,主表,10,updated_at,更新时间,timestamptz,否,now(),否,否,,P1-内部,,设计字段,P009
sjg_oms,attendance,overtime_request,加班调休申请主表,主表,11,is_deleted,逻辑删除,boolean,否,false,否,否,,P1-内部,,设计字段,P009
sjg_oms,attendance,overtime_request,加班调休申请主表,主表,12,deleted_at,删除时间,timestamptz,是,,否,否,,P1-内部,,设计字段,P009
sjg_oms,attendance,overtime_request,加班调休申请主表,主表,13,source_channel,来源渠道,varchar(32),是,,否,否,,P1-内部,,设计字段,P009
sjg_oms,attendance,overtime_request,加班调休申请主表,主表,14,business_date,业务日期,date,是,,否,否,,P1-内部,,设计字段,P009
sjg_oms,attendance,overtime_request,加班调休申请主表,主表,15,subject,主题,varchar(255),是,,否,否,,P1-内部,,设计字段,P009
sjg_oms,attendance,overtime_request,加班调休申请主表,主表,16,reason,原因,text,是,,否,否,,P1-内部,,设计字段,P009
sjg_oms,attendance,overtime_request,加班调休申请主表,主表,17,priority,优先级,varchar(16),否,'NORMAL',否,否,,P1-内部,,设计字段,P009
sjg_oms,attendance,overtime_request,加班调休申请主表,主表,18,risk_level,风险等级,varchar(16),是,,否,否,,P1-内部,,设计字段,P009
sjg_oms,attendance,overtime_request,加班调休申请主表,主表,19,owner_center_id,归属中心,uuid,是,,否,否,org.organization.id,P1-内部,,设计字段,P009
sjg_oms,attendance,overtime_request,加班调休申请主表,主表,20,owner_department_id,归属部门,uuid,是,,否,否,org.organization.id,P1-内部,,设计字段,P009
sjg_oms,attendance,overtime_request,加班调休申请主表,主表,21,owner_employee_id,责任人,uuid,是,,否,否,org.employee.id,P1-内部,,设计字段,P009
sjg_oms,attendance,overtime_request,加班调休申请主表,主表,22,planned_start_at,计划开始,timestamptz,是,,否,否,,P1-内部,,设计字段,P009
sjg_oms,attendance,overtime_request,加班调休申请主表,主表,23,planned_finish_at,计划完成,timestamptz,是,,否,否,,P1-内部,,设计字段,P009
sjg_oms,attendance,overtime_request,加班调休申请主表,主表,24,actual_start_at,实际开始,timestamptz,是,,否,否,,P1-内部,,设计字段,P009
sjg_oms,attendance,overtime_request,加班调休申请主表,主表,25,actual_end_at,实际完成,timestamptz,是,,否,否,,P1-内部,,设计字段,P009
sjg_oms,attendance,overtime_request,加班调休申请主表,主表,26,result_summary,结果摘要,text,是,,否,否,,P1-内部,,设计字段,P009
sjg_oms,attendance,overtime_request,加班调休申请主表,主表,27,closed_at,关闭时间,timestamptz,是,,否,否,,P1-内部,,设计字段,P009
sjg_oms,attendance,overtime_request,加班调休申请主表,主表,28,actual_amount,实际金额,"numeric(18,2)",是,,否,否,,P1-内部,,原始流程字段,P009
sjg_oms,attendance,overtime_request,加班调休申请主表,主表,29,actual_attendance_summary,实际考勤摘要,text,是,,否,否,,P1-内部,,原始流程字段,P009
sjg_oms,attendance,overtime_request,加班调休申请主表,主表,30,attendance_type,假勤类型,varchar(64),否,,否,否,,P1-内部,,原始流程字段,P009
sjg_oms,attendance,overtime_request,加班调休申请主表,主表,31,duration_hours,折算时长（小时）,"numeric(18,6)",否,,否,否,,P1-内部,不得小于0,原始流程字段,P009
sjg_oms,attendance,overtime_request,加班调休申请主表,主表,32,end_at,结束时间,timestamptz,否,,否,否,,P1-内部,不得早于开始时间,原始流程字段,P009
sjg_oms,attendance,overtime_request,加班调休申请主表,主表,33,handover_agent_id,交接代理人,varchar(32),是,,否,否,,P1-内部,,原始流程字段,P009
sjg_oms,attendance,overtime_request,加班调休申请主表,主表,34,quota_account_id,额度账户,varchar(32),是,,否,否,,P1-内部,,原始流程字段,P009
sjg_oms,attendance,overtime_request,加班调休申请主表,主表,35,quota_amount,预占/扣减额度,"numeric(18,6)",是,,否,否,,P1-内部,,原始流程字段,P009
sjg_oms,attendance,overtime_request,加班调休申请主表,主表,36,start_at,开始时间,timestamptz,否,,否,否,,P1-内部,,原始流程字段,P009
sjg_oms,attendance,overtime_request_item,加班调休申请明细项,子表,1,id,主键ID,uuid,否,gen_random_uuid(),是,否,,P1-内部,,设计字段,P009
sjg_oms,attendance,overtime_request_item,加班调休申请明细项,子表,2,tenant_id,租户ID,uuid,否,,否,否,core.tenant.id,P1-内部,所有业务唯一键必须包含tenant_id,设计字段,P009
sjg_oms,attendance,overtime_request_item,加班调休申请明细项,子表,3,created_by,创建人,uuid,是,,否,否,org.employee.id,P1-内部,,设计字段,P009
sjg_oms,attendance,overtime_request_item,加班调休申请明细项,子表,4,created_at,创建时间,timestamptz,否,now(),否,否,,P1-内部,,设计字段,P009
sjg_oms,attendance,overtime_request_item,加班调休申请明细项,子表,5,updated_by,更新人,uuid,是,,否,否,org.employee.id,P1-内部,,设计字段,P009
sjg_oms,attendance,overtime_request_item,加班调休申请明细项,子表,6,updated_at,更新时间,timestamptz,否,now(),否,否,,P1-内部,,设计字段,P009
sjg_oms,attendance,overtime_request_item,加班调休申请明细项,子表,7,is_deleted,逻辑删除,boolean,否,false,否,否,,P1-内部,,设计字段,P009
sjg_oms,attendance,overtime_request_item,加班调休申请明细项,子表,8,deleted_at,删除时间,timestamptz,是,,否,否,,P1-内部,,设计字段,P009
sjg_oms,attendance,overtime_request_item,加班调休申请明细项,子表,9,master_id,主表ID,uuid,否,,否,否,attendance.overtime_request.id,P1-内部,,设计字段,P009
sjg_oms,attendance,overtime_request_item,加班调休申请明细项,子表,10,field_code,来源字段编码,varchar(128),否,,否,否,,P1-内部,,设计字段,P009
sjg_oms,attendance,overtime_request_item,加班调休申请明细项,子表,11,item_seq,明细序号,integer,否,0,否,否,,P1-内部,,设计字段,P009
sjg_oms,attendance,overtime_request_item,加班调休申请明细项,子表,12,item_key,明细键,varchar(128),是,,否,否,,P1-内部,,设计字段,P009
sjg_oms,attendance,overtime_request_item,加班调休申请明细项,子表,13,item_name,明细名称,varchar(255),是,,否,否,,P1-内部,,设计字段,P009
sjg_oms,attendance,overtime_request_item,加班调休申请明细项,子表,14,item_value_text,文本值,text,是,,否,否,,P1-内部,,设计字段,P009
sjg_oms,attendance,overtime_request_item,加班调休申请明细项,子表,15,item_value_number,数值,"numeric(24,8)",是,,否,否,,P1-内部,,设计字段,P009
sjg_oms,attendance,overtime_request_item,加班调休申请明细项,子表,16,item_value_json,结构化值,jsonb,是,,否,否,,P1-内部,,设计字段,P009
sjg_oms,attendance,overtime_request_item,加班调休申请明细项,子表,17,related_object_type,关联对象类型,varchar(128),是,,否,否,,P1-内部,,设计字段,P009
sjg_oms,attendance,overtime_request_item,加班调休申请明细项,子表,18,related_object_id,关联对象ID,uuid,是,,否,否,,P1-内部,,设计字段,P009
sjg_oms,attendance,overtime_request_item,加班调休申请明细项,子表,19,amount,金额,"numeric(18,2)",是,,否,否,,P1-内部,,设计字段,P009
sjg_oms,attendance,overtime_request_item,加班调休申请明细项,子表,20,quantity,数量,"numeric(18,6)",是,,否,否,,P1-内部,,设计字段,P009
sjg_oms,attendance,overtime_request_item,加班调休申请明细项,子表,21,sort_no,排序,integer,否,0,否,否,,P1-内部,,设计字段,P009
sjg_oms,attendance,shift_change_request,班次调整申请主表,主表,1,id,主键ID,uuid,否,gen_random_uuid(),是,否,,P1-内部,,设计字段,P007
sjg_oms,attendance,shift_change_request,班次调整申请主表,主表,2,tenant_id,租户ID,uuid,否,,否,否,core.tenant.id,P1-内部,所有业务唯一键必须包含tenant_id,设计字段,P007
sjg_oms,attendance,shift_change_request,班次调整申请主表,主表,3,business_no,业务单号,varchar(64),否,,否,是,,P1-内部,租户内唯一；由core.sequence_rule生成,设计字段,P007
sjg_oms,attendance,shift_change_request,班次调整申请主表,主表,4,workflow_instance_id,流程实例ID,uuid,是,,否,否,workflow.wf_instance.id,P1-内部,,设计字段,P007
sjg_oms,attendance,shift_change_request,班次调整申请主表,主表,5,status,业务状态,varchar(32),否,'DRAFT',否,否,,P1-内部,仅由状态机合法迁移,设计字段,P007
sjg_oms,attendance,shift_change_request,班次调整申请主表,主表,6,version_no,乐观锁版本,integer,否,0,否,否,,P1-内部,更新时version_no+1，冲突则拒绝,设计字段,P007
sjg_oms,attendance,shift_change_request,班次调整申请主表,主表,7,created_by,创建人,uuid,是,,否,否,org.employee.id,P1-内部,,设计字段,P007
sjg_oms,attendance,shift_change_request,班次调整申请主表,主表,8,created_at,创建时间,timestamptz,否,now(),否,否,,P1-内部,,设计字段,P007
sjg_oms,attendance,shift_change_request,班次调整申请主表,主表,9,updated_by,更新人,uuid,是,,否,否,org.employee.id,P1-内部,,设计字段,P007
sjg_oms,attendance,shift_change_request,班次调整申请主表,主表,10,updated_at,更新时间,timestamptz,否,now(),否,否,,P1-内部,,设计字段,P007
sjg_oms,attendance,shift_change_request,班次调整申请主表,主表,11,is_deleted,逻辑删除,boolean,否,false,否,否,,P1-内部,,设计字段,P007
sjg_oms,attendance,shift_change_request,班次调整申请主表,主表,12,deleted_at,删除时间,timestamptz,是,,否,否,,P1-内部,,设计字段,P007
sjg_oms,attendance,shift_change_request,班次调整申请主表,主表,13,source_channel,来源渠道,varchar(32),是,,否,否,,P1-内部,,设计字段,P007
sjg_oms,attendance,shift_change_request,班次调整申请主表,主表,14,business_date,业务日期,date,是,,否,否,,P1-内部,,设计字段,P007
sjg_oms,attendance,shift_change_request,班次调整申请主表,主表,15,subject,主题,varchar(255),是,,否,否,,P1-内部,,设计字段,P007
sjg_oms,attendance,shift_change_request,班次调整申请主表,主表,16,reason,原因,text,是,,否,否,,P1-内部,,设计字段,P007
sjg_oms,attendance,shift_change_request,班次调整申请主表,主表,17,priority,优先级,varchar(16),否,'NORMAL',否,否,,P1-内部,,设计字段,P007
sjg_oms,attendance,shift_change_request,班次调整申请主表,主表,18,risk_level,风险等级,varchar(16),是,,否,否,,P1-内部,,设计字段,P007
sjg_oms,attendance,shift_change_request,班次调整申请主表,主表,19,owner_center_id,归属中心,uuid,是,,否,否,org.organization.id,P1-内部,,设计字段,P007
sjg_oms,attendance,shift_change_request,班次调整申请主表,主表,20,owner_department_id,归属部门,uuid,是,,否,否,org.organization.id,P1-内部,,设计字段,P007
sjg_oms,attendance,shift_change_request,班次调整申请主表,主表,21,owner_employee_id,责任人,uuid,是,,否,否,org.employee.id,P1-内部,,设计字段,P007
sjg_oms,attendance,shift_change_request,班次调整申请主表,主表,22,planned_start_at,计划开始,timestamptz,是,,否,否,,P1-内部,,设计字段,P007
sjg_oms,attendance,shift_change_request,班次调整申请主表,主表,23,planned_finish_at,计划完成,timestamptz,是,,否,否,,P1-内部,,设计字段,P007
sjg_oms,attendance,shift_change_request,班次调整申请主表,主表,24,actual_start_at,实际开始,timestamptz,是,,否,否,,P1-内部,,设计字段,P007
sjg_oms,attendance,shift_change_request,班次调整申请主表,主表,25,actual_end_at,实际完成,timestamptz,是,,否,否,,P1-内部,,设计字段,P007
sjg_oms,attendance,shift_change_request,班次调整申请主表,主表,26,result_summary,结果摘要,text,是,,否,否,,P1-内部,,设计字段,P007
sjg_oms,attendance,shift_change_request,班次调整申请主表,主表,27,closed_at,关闭时间,timestamptz,是,,否,否,,P1-内部,,设计字段,P007
sjg_oms,attendance,shift_change_request,班次调整申请主表,主表,28,actual_amount,实际金额,"numeric(18,2)",是,,否,否,,P1-内部,,原始流程字段,P007
sjg_oms,attendance,shift_change_request,班次调整申请主表,主表,29,actual_attendance_summary,实际考勤摘要,text,是,,否,否,,P1-内部,,原始流程字段,P007
sjg_oms,attendance,shift_change_request,班次调整申请主表,主表,30,attendance_type,假勤类型,varchar(64),否,,否,否,,P1-内部,,原始流程字段,P007
sjg_oms,attendance,shift_change_request,班次调整申请主表,主表,31,change_action,操作类型,varchar(64),否,,否,否,,P1-内部,,原始流程字段,P007
sjg_oms,attendance,shift_change_request,班次调整申请主表,主表,32,change_reason,变更原因,text,否,,否,否,,P1-内部,,原始流程字段,P007
sjg_oms,attendance,shift_change_request,班次调整申请主表,主表,33,content_version,目标/课程版本,varchar(32),否,,否,否,,P1-内部,,原始流程字段,P007
sjg_oms,attendance,shift_change_request,班次调整申请主表,主表,34,duration_hours,折算时长（小时）,"numeric(18,6)",否,,否,否,,P1-内部,不得小于0,原始流程字段,P007
sjg_oms,attendance,shift_change_request,班次调整申请主表,主表,35,end_at,结束时间,timestamptz,否,,否,否,,P1-内部,不得早于开始时间,原始流程字段,P007
sjg_oms,attendance,shift_change_request,班次调整申请主表,主表,36,expected_effective_at,期望生效时间,timestamptz,是,,否,否,,P1-内部,,原始流程字段,P007
sjg_oms,attendance,shift_change_request,班次调整申请主表,主表,37,handover_agent_id,交接代理人,varchar(32),是,,否,否,,P1-内部,,原始流程字段,P007
sjg_oms,attendance,shift_change_request,班次调整申请主表,主表,38,known_impact,已知影响,text,是,,否,否,,P1-内部,,原始流程字段,P007
sjg_oms,attendance,shift_change_request,班次调整申请主表,主表,39,period_or_course_no,周期/课程编号,varchar(32),否,,否,否,,P1-内部,,原始流程字段,P007
sjg_oms,attendance,shift_change_request,班次调整申请主表,主表,40,quota_account_id,额度账户,varchar(32),是,,否,否,,P1-内部,,原始流程字段,P007
sjg_oms,attendance,shift_change_request,班次调整申请主表,主表,41,quota_amount,预占/扣减额度,"numeric(18,6)",是,,否,否,,P1-内部,,原始流程字段,P007
sjg_oms,attendance,shift_change_request,班次调整申请主表,主表,42,start_at,开始时间,timestamptz,否,,否,否,,P1-内部,,原始流程字段,P007
sjg_oms,attendance,shift_change_request_item,班次调整申请明细项,子表,1,id,主键ID,uuid,否,gen_random_uuid(),是,否,,P1-内部,,设计字段,P007
sjg_oms,attendance,shift_change_request_item,班次调整申请明细项,子表,2,tenant_id,租户ID,uuid,否,,否,否,core.tenant.id,P1-内部,所有业务唯一键必须包含tenant_id,设计字段,P007
sjg_oms,attendance,shift_change_request_item,班次调整申请明细项,子表,3,created_by,创建人,uuid,是,,否,否,org.employee.id,P1-内部,,设计字段,P007
sjg_oms,attendance,shift_change_request_item,班次调整申请明细项,子表,4,created_at,创建时间,timestamptz,否,now(),否,否,,P1-内部,,设计字段,P007
sjg_oms,attendance,shift_change_request_item,班次调整申请明细项,子表,5,updated_by,更新人,uuid,是,,否,否,org.employee.id,P1-内部,,设计字段,P007
sjg_oms,attendance,shift_change_request_item,班次调整申请明细项,子表,6,updated_at,更新时间,timestamptz,否,now(),否,否,,P1-内部,,设计字段,P007
sjg_oms,attendance,shift_change_request_item,班次调整申请明细项,子表,7,is_deleted,逻辑删除,boolean,否,false,否,否,,P1-内部,,设计字段,P007
sjg_oms,attendance,shift_change_request_item,班次调整申请明细项,子表,8,deleted_at,删除时间,timestamptz,是,,否,否,,P1-内部,,设计字段,P007
sjg_oms,attendance,shift_change_request_item,班次调整申请明细项,子表,9,master_id,主表ID,uuid,否,,否,否,attendance.shift_change_request.id,P1-内部,,设计字段,P007
sjg_oms,attendance,shift_change_request_item,班次调整申请明细项,子表,10,field_code,来源字段编码,varchar(128),否,,否,否,,P1-内部,,设计字段,P007
sjg_oms,attendance,shift_change_request_item,班次调整申请明细项,子表,11,item_seq,明细序号,integer,否,0,否,否,,P1-内部,,设计字段,P007
sjg_oms,attendance,shift_change_request_item,班次调整申请明细项,子表,12,item_key,明细键,varchar(128),是,,否,否,,P1-内部,,设计字段,P007
sjg_oms,attendance,shift_change_request_item,班次调整申请明细项,子表,13,item_name,明细名称,varchar(255),是,,否,否,,P1-内部,,设计字段,P007
sjg_oms,attendance,shift_change_request_item,班次调整申请明细项,子表,14,item_value_text,文本值,text,是,,否,否,,P1-内部,,设计字段,P007
sjg_oms,attendance,shift_change_request_item,班次调整申请明细项,子表,15,item_value_number,数值,"numeric(24,8)",是,,否,否,,P1-内部,,设计字段,P007
sjg_oms,attendance,shift_change_request_item,班次调整申请明细项,子表,16,item_value_json,结构化值,jsonb,是,,否,否,,P1-内部,,设计字段,P007
sjg_oms,attendance,shift_change_request_item,班次调整申请明细项,子表,17,related_object_type,关联对象类型,varchar(128),是,,否,否,,P1-内部,,设计字段,P007
sjg_oms,attendance,shift_change_request_item,班次调整申请明细项,子表,18,related_object_id,关联对象ID,uuid,是,,否,否,,P1-内部,,设计字段,P007
sjg_oms,attendance,shift_change_request_item,班次调整申请明细项,子表,19,amount,金额,"numeric(18,2)",是,,否,否,,P1-内部,,设计字段,P007
sjg_oms,attendance,shift_change_request_item,班次调整申请明细项,子表,20,quantity,数量,"numeric(18,6)",是,,否,否,,P1-内部,,设计字段,P007
sjg_oms,attendance,shift_change_request_item,班次调整申请明细项,子表,21,sort_no,排序,integer,否,0,否,否,,P1-内部,,设计字段,P007
sjg_audit,audit,access_log,敏感访问日志,日志表,1,id,日志ID,uuid,否,gen_random_uuid(),是,否,,P1-内部,,设计字段,
sjg_audit,audit,access_log,敏感访问日志,日志表,2,tenant_id,租户ID,uuid,否,,否,否,,P1-内部,,设计字段,
sjg_audit,audit,access_log,敏感访问日志,日志表,3,actor_id,访问人,uuid,是,,否,否,,P1-内部,,设计字段,
sjg_audit,audit,access_log,敏感访问日志,日志表,4,resource_type,资源类型,varchar(128),否,,否,否,,P1-内部,,设计字段,
sjg_audit,audit,access_log,敏感访问日志,日志表,5,resource_id,资源ID,uuid,是,,否,否,,P1-内部,,设计字段,
sjg_audit,audit,access_log,敏感访问日志,日志表,6,fields_accessed,访问字段,jsonb,是,,否,否,,P1-内部,,设计字段,
sjg_audit,audit,access_log,敏感访问日志,日志表,7,purpose,访问用途,varchar(255),是,,否,否,,P1-内部,,设计字段,
sjg_audit,audit,access_log,敏感访问日志,日志表,8,occurred_at,发生时间,timestamptz,否,now(),否,否,,P1-内部,,设计字段,
sjg_oms,audit,audit_policy,审计策略表,配置表,1,id,主键ID,uuid,否,gen_random_uuid(),是,否,,P1-内部,,设计字段,
sjg_oms,audit,audit_policy,审计策略表,配置表,2,tenant_id,租户ID,uuid,否,,否,否,core.tenant.id,P1-内部,所有业务唯一键必须包含tenant_id,设计字段,
sjg_oms,audit,audit_policy,审计策略表,配置表,3,created_by,创建人,uuid,是,,否,否,org.employee.id,P1-内部,,设计字段,
sjg_oms,audit,audit_policy,审计策略表,配置表,4,created_at,创建时间,timestamptz,否,now(),否,否,,P1-内部,,设计字段,
sjg_oms,audit,audit_policy,审计策略表,配置表,5,updated_by,更新人,uuid,是,,否,否,org.employee.id,P1-内部,,设计字段,
sjg_oms,audit,audit_policy,审计策略表,配置表,6,updated_at,更新时间,timestamptz,否,now(),否,否,,P1-内部,,设计字段,
sjg_oms,audit,audit_policy,审计策略表,配置表,7,is_deleted,逻辑删除,boolean,否,false,否,否,,P1-内部,,设计字段,
sjg_oms,audit,audit_policy,审计策略表,配置表,8,deleted_at,删除时间,timestamptz,是,,否,否,,P1-内部,,设计字段,
sjg_oms,audit,audit_policy,审计策略表,配置表,9,policy_code,策略编码,varchar(64),否,,否,是,,P1-内部,,设计字段,
sjg_oms,audit,audit_policy,审计策略表,配置表,10,business_type,业务类型,varchar(128),是,,否,否,,P1-内部,,设计字段,
sjg_oms,audit,audit_policy,审计策略表,配置表,11,retention_days,保留天数,integer,否,,否,否,,P1-内部,,设计字段,
sjg_oms,audit,audit_policy,审计策略表,配置表,12,evidence_chain_policy,证据链策略,jsonb,是,,否,否,,P1-内部,,设计字段,
sjg_oms,audit,audit_policy,审计策略表,配置表,13,masking_policy,脱敏策略,jsonb,是,,否,否,,P1-内部,,设计字段,
sjg_oms,audit,audit_policy,审计策略表,配置表,14,encryption_policy,加密策略,jsonb,是,,否,否,,P1-内部,,设计字段,
sjg_audit,audit,data_change_log,数据变更日志,日志表,1,id,日志ID,uuid,否,gen_random_uuid(),是,否,,P1-内部,,设计字段,
sjg_audit,audit,data_change_log,数据变更日志,日志表,2,tenant_id,租户ID,uuid,否,,否,否,,P1-内部,,设计字段,
sjg_audit,audit,data_change_log,数据变更日志,日志表,3,table_name,表名,varchar(128),否,,否,否,,P1-内部,,设计字段,
sjg_audit,audit,data_change_log,数据变更日志,日志表,4,record_id,记录ID,uuid,否,,否,否,,P1-内部,,设计字段,
sjg_audit,audit,data_change_log,数据变更日志,日志表,5,operation,操作类型,varchar(16),否,,否,否,,P1-内部,,设计字段,
sjg_audit,audit,data_change_log,数据变更日志,日志表,6,before_data,变更前,jsonb,是,,否,否,,P1-内部,,设计字段,
sjg_audit,audit,data_change_log,数据变更日志,日志表,7,after_data,变更后,jsonb,是,,否,否,,P1-内部,,设计字段,
sjg_audit,audit,data_change_log,数据变更日志,日志表,8,changed_fields,变更字段,jsonb,是,,否,否,,P1-内部,,设计字段,
sjg_audit,audit,data_change_log,数据变更日志,日志表,9,occurred_at,发生时间,timestamptz,否,now(),否,否,,P1-内部,,设计字段,
sjg_oms,audit,data_export_request,敏感导出申请主表,主表,1,id,主键ID,uuid,否,gen_random_uuid(),是,否,,P1-内部,,设计字段,P019
sjg_oms,audit,data_export_request,敏感导出申请主表,主表,2,tenant_id,租户ID,uuid,否,,否,否,core.tenant.id,P1-内部,所有业务唯一键必须包含tenant_id,设计字段,P019
sjg_oms,audit,data_export_request,敏感导出申请主表,主表,3,business_no,业务单号,varchar(64),否,,否,是,,P1-内部,租户内唯一；由core.sequence_rule生成,设计字段,P019
sjg_oms,audit,data_export_request,敏感导出申请主表,主表,4,workflow_instance_id,流程实例ID,uuid,是,,否,否,workflow.wf_instance.id,P1-内部,,设计字段,P019
sjg_oms,audit,data_export_request,敏感导出申请主表,主表,5,status,业务状态,varchar(32),否,'DRAFT',否,否,,P1-内部,仅由状态机合法迁移,设计字段,P019
sjg_oms,audit,data_export_request,敏感导出申请主表,主表,6,version_no,乐观锁版本,integer,否,0,否,否,,P1-内部,更新时version_no+1，冲突则拒绝,设计字段,P019
sjg_oms,audit,data_export_request,敏感导出申请主表,主表,7,created_by,创建人,uuid,是,,否,否,org.employee.id,P1-内部,,设计字段,P019
sjg_oms,audit,data_export_request,敏感导出申请主表,主表,8,created_at,创建时间,timestamptz,否,now(),否,否,,P1-内部,,设计字段,P019
sjg_oms,audit,data_export_request,敏感导出申请主表,主表,9,updated_by,更新人,uuid,是,,否,否,org.employee.id,P1-内部,,设计字段,P019
sjg_oms,audit,data_export_request,敏感导出申请主表,主表,10,updated_at,更新时间,timestamptz,否,now(),否,否,,P1-内部,,设计字段,P019
sjg_oms,audit,data_export_request,敏感导出申请主表,主表,11,is_deleted,逻辑删除,boolean,否,false,否,否,,P1-内部,,设计字段,P019
sjg_oms,audit,data_export_request,敏感导出申请主表,主表,12,deleted_at,删除时间,timestamptz,是,,否,否,,P1-内部,,设计字段,P019
sjg_oms,audit,data_export_request,敏感导出申请主表,主表,13,export_type,导出类型,varchar(64),否,,否,否,,P1-内部,,设计字段,P019
sjg_oms,audit,data_export_request,敏感导出申请主表,主表,14,data_scope,数据范围,jsonb,否,,否,否,,P1-内部,,设计字段,P019
sjg_oms,audit,data_export_request,敏感导出申请主表,主表,15,field_scope,字段范围,jsonb,否,,否,否,,P1-内部,,设计字段,P019
sjg_oms,audit,data_export_request,敏感导出申请主表,主表,16,purpose,用途,text,否,,否,否,,P1-内部,,设计字段,P019
sjg_oms,audit,data_export_request,敏感导出申请主表,主表,17,approval_level,审批等级,varchar(32),否,,否,否,,P1-内部,,设计字段,P019
sjg_oms,audit,data_export_request,敏感导出申请主表,主表,18,watermark_text,水印,varchar(255),是,,否,否,,P1-内部,,设计字段,P019
sjg_oms,audit,data_export_request,敏感导出申请主表,主表,19,expire_at,下载过期时间,timestamptz,是,,否,否,,P1-内部,,设计字段,P019
sjg_oms,audit,data_export_request,敏感导出申请主表,主表,20,file_id,导出文件ID,uuid,是,,否,否,document.file_object.id,P1-内部,,设计字段,P019
sjg_oms,audit,data_export_request,敏感导出申请主表,主表,21,download_count,下载次数,integer,否,0,否,否,,P1-内部,,设计字段,P019
sjg_oms,audit,data_export_request,敏感导出申请主表,主表,22,actual_amount,实际金额,"numeric(18,2)",是,,否,否,,P1-内部,,原始流程字段,P019
sjg_oms,audit,data_export_request,敏感导出申请主表,主表,23,actual_end_at,实际结束时间,timestamptz,是,,否,否,,P1-内部,不得早于开始时间,原始流程字段,P019
sjg_oms,audit,data_export_request,敏感导出申请主表,主表,24,actual_start_at,实际开始时间,timestamptz,否,,否,否,,P1-内部,,原始流程字段,P019
sjg_oms,audit,data_export_request,敏感导出申请主表,主表,25,business_date,业务发生日期,date,否,,否,否,,P1-内部,,原始流程字段,P019
sjg_oms,audit,data_export_request,敏感导出申请主表,主表,26,environment,环境,varchar(64),否,,否,否,,P1-内部,,原始流程字段,P019
sjg_oms,audit,data_export_request,敏感导出申请主表,主表,27,implementation_window,实施窗口,tstzrange,是,,否,否,,P1-内部,,原始流程字段,P019
sjg_oms,audit,data_export_request,敏感导出申请主表,主表,28,result_summary,结果摘要,text,否,,否,否,,P1-内部,,原始流程字段,P019
sjg_oms,audit,data_export_request,敏感导出申请主表,主表,29,rollback_plan,回退方案,text,是,,否,否,,P1-内部,,原始流程字段,P019
sjg_oms,audit,data_export_request,敏感导出申请主表,主表,30,system_service_name,系统/服务名称,varchar(200),否,,否,否,,P1-内部,,原始流程字段,P019
sjg_oms,audit,data_export_request,敏感导出申请主表,主表,31,tech_impact_scope,影响范围,text,否,,否,否,,P1-内部,,原始流程字段,P019
sjg_oms,audit,data_export_request,敏感导出申请主表,主表,32,tech_risk_level,风险等级,varchar(64),否,,否,否,,P1-内部,,原始流程字段,P019
sjg_oms,audit,data_export_request,敏感导出申请主表,主表,33,tech_work_item_no,变更/需求/缺陷编号,varchar(64),是,,否,否,,P1-内部,,原始流程字段,P019
sjg_oms,audit,data_export_request,敏感导出申请主表,主表,34,verification_test_result,健康检查/测试结果,text,是,,否,否,,P1-内部,,原始流程字段,P019
sjg_oms,audit,data_export_request,敏感导出申请主表,主表,35,version_build_no,版本/构建号,varchar(100),是,,否,否,,P1-内部,,原始流程字段,P019
sjg_oms,audit,data_export_request_item,敏感导出申请明细项,子表,1,id,主键ID,uuid,否,gen_random_uuid(),是,否,,P1-内部,,设计字段,P019
sjg_oms,audit,data_export_request_item,敏感导出申请明细项,子表,2,tenant_id,租户ID,uuid,否,,否,否,core.tenant.id,P1-内部,所有业务唯一键必须包含tenant_id,设计字段,P019
sjg_oms,audit,data_export_request_item,敏感导出申请明细项,子表,3,created_by,创建人,uuid,是,,否,否,org.employee.id,P1-内部,,设计字段,P019
sjg_oms,audit,data_export_request_item,敏感导出申请明细项,子表,4,created_at,创建时间,timestamptz,否,now(),否,否,,P1-内部,,设计字段,P019
sjg_oms,audit,data_export_request_item,敏感导出申请明细项,子表,5,updated_by,更新人,uuid,是,,否,否,org.employee.id,P1-内部,,设计字段,P019
sjg_oms,audit,data_export_request_item,敏感导出申请明细项,子表,6,updated_at,更新时间,timestamptz,否,now(),否,否,,P1-内部,,设计字段,P019
sjg_oms,audit,data_export_request_item,敏感导出申请明细项,子表,7,is_deleted,逻辑删除,boolean,否,false,否,否,,P1-内部,,设计字段,P019
sjg_oms,audit,data_export_request_item,敏感导出申请明细项,子表,8,deleted_at,删除时间,timestamptz,是,,否,否,,P1-内部,,设计字段,P019
sjg_oms,audit,data_export_request_item,敏感导出申请明细项,子表,9,master_id,主表ID,uuid,否,,否,否,audit.data_export_request.id,P1-内部,,设计字段,P019
sjg_oms,audit,data_export_request_item,敏感导出申请明细项,子表,10,field_code,来源字段编码,varchar(128),否,,否,否,,P1-内部,,设计字段,P019
sjg_oms,audit,data_export_request_item,敏感导出申请明细项,子表,11,item_seq,明细序号,integer,否,0,否,否,,P1-内部,,设计字段,P019
sjg_oms,audit,data_export_request_item,敏感导出申请明细项,子表,12,item_key,明细键,varchar(128),是,,否,否,,P1-内部,,设计字段,P019
sjg_oms,audit,data_export_request_item,敏感导出申请明细项,子表,13,item_name,明细名称,varchar(255),是,,否,否,,P1-内部,,设计字段,P019
sjg_oms,audit,data_export_request_item,敏感导出申请明细项,子表,14,item_value_text,文本值,text,是,,否,否,,P1-内部,,设计字段,P019
sjg_oms,audit,data_export_request_item,敏感导出申请明细项,子表,15,item_value_number,数值,"numeric(24,8)",是,,否,否,,P1-内部,,设计字段,P019
sjg_oms,audit,data_export_request_item,敏感导出申请明细项,子表,16,item_value_json,结构化值,jsonb,是,,否,否,,P1-内部,,设计字段,P019
sjg_oms,audit,data_export_request_item,敏感导出申请明细项,子表,17,related_object_type,关联对象类型,varchar(128),是,,否,否,,P1-内部,,设计字段,P019
sjg_oms,audit,data_export_request_item,敏感导出申请明细项,子表,18,related_object_id,关联对象ID,uuid,是,,否,否,,P1-内部,,设计字段,P019
sjg_oms,audit,data_export_request_item,敏感导出申请明细项,子表,19,amount,金额,"numeric(18,2)",是,,否,否,,P1-内部,,设计字段,P019
sjg_oms,audit,data_export_request_item,敏感导出申请明细项,子表,20,quantity,数量,"numeric(18,6)",是,,否,否,,P1-内部,,设计字段,P019
sjg_oms,audit,data_export_request_item,敏感导出申请明细项,子表,21,sort_no,排序,integer,否,0,否,否,,P1-内部,,设计字段,P019
sjg_oms,audit,data_quality_issue,数据质量问题主表,主表,1,id,主键ID,uuid,否,gen_random_uuid(),是,否,,P1-内部,,设计字段,P020
sjg_oms,audit,data_quality_issue,数据质量问题主表,主表,2,tenant_id,租户ID,uuid,否,,否,否,core.tenant.id,P1-内部,所有业务唯一键必须包含tenant_id,设计字段,P020
sjg_oms,audit,data_quality_issue,数据质量问题主表,主表,3,business_no,业务单号,varchar(64),否,,否,是,,P1-内部,租户内唯一；由core.sequence_rule生成,设计字段,P020
sjg_oms,audit,data_quality_issue,数据质量问题主表,主表,4,workflow_instance_id,流程实例ID,uuid,是,,否,否,workflow.wf_instance.id,P1-内部,,设计字段,P020
sjg_oms,audit,data_quality_issue,数据质量问题主表,主表,5,status,业务状态,varchar(32),否,'DRAFT',否,否,,P1-内部,仅由状态机合法迁移,设计字段,P020
sjg_oms,audit,data_quality_issue,数据质量问题主表,主表,6,version_no,乐观锁版本,integer,否,0,否,否,,P1-内部,更新时version_no+1，冲突则拒绝,设计字段,P020
sjg_oms,audit,data_quality_issue,数据质量问题主表,主表,7,created_by,创建人,uuid,是,,否,否,org.employee.id,P1-内部,,设计字段,P020
sjg_oms,audit,data_quality_issue,数据质量问题主表,主表,8,created_at,创建时间,timestamptz,否,now(),否,否,,P1-内部,,设计字段,P020
sjg_oms,audit,data_quality_issue,数据质量问题主表,主表,9,updated_by,更新人,uuid,是,,否,否,org.employee.id,P1-内部,,设计字段,P020
sjg_oms,audit,data_quality_issue,数据质量问题主表,主表,10,updated_at,更新时间,timestamptz,否,now(),否,否,,P1-内部,,设计字段,P020
sjg_oms,audit,data_quality_issue,数据质量问题主表,主表,11,is_deleted,逻辑删除,boolean,否,false,否,否,,P1-内部,,设计字段,P020
sjg_oms,audit,data_quality_issue,数据质量问题主表,主表,12,deleted_at,删除时间,timestamptz,是,,否,否,,P1-内部,,设计字段,P020
sjg_oms,audit,data_quality_issue,数据质量问题主表,主表,13,rule_code,质量规则编码,varchar(64),否,,否,否,,P1-内部,,设计字段,P020
sjg_oms,audit,data_quality_issue,数据质量问题主表,主表,14,object_type,对象类型,varchar(128),否,,否,否,,P1-内部,,设计字段,P020
sjg_oms,audit,data_quality_issue,数据质量问题主表,主表,15,object_id,对象ID,uuid,是,,否,否,,P1-内部,,设计字段,P020
sjg_oms,audit,data_quality_issue,数据质量问题主表,主表,16,issue_type,问题类型,varchar(64),否,,否,否,,P1-内部,,设计字段,P020
sjg_oms,audit,data_quality_issue,数据质量问题主表,主表,17,severity,严重级别,varchar(16),否,,否,否,,P1-内部,,设计字段,P020
sjg_oms,audit,data_quality_issue,数据质量问题主表,主表,18,before_snapshot,修复前快照,jsonb,是,,否,否,,P1-内部,,设计字段,P020
sjg_oms,audit,data_quality_issue,数据质量问题主表,主表,19,after_snapshot,修复后快照,jsonb,是,,否,否,,P1-内部,,设计字段,P020
sjg_oms,audit,data_quality_issue,数据质量问题主表,主表,20,root_cause,根因,text,是,,否,否,,P1-内部,,设计字段,P020
sjg_oms,audit,data_quality_issue,数据质量问题主表,主表,21,resolution_action,解决动作,text,是,,否,否,,P1-内部,,设计字段,P020
sjg_oms,audit,data_quality_issue,数据质量问题主表,主表,22,verified_at,验证时间,timestamptz,是,,否,否,,P1-内部,,设计字段,P020
sjg_oms,audit,data_quality_issue,数据质量问题主表,主表,23,actual_amount,实际金额,"numeric(18,2)",是,,否,否,,P1-内部,,原始流程字段,P020
sjg_oms,audit,data_quality_issue,数据质量问题主表,主表,24,actual_end_at,实际结束时间,timestamptz,是,,否,否,,P1-内部,不得早于开始时间,原始流程字段,P020
sjg_oms,audit,data_quality_issue,数据质量问题主表,主表,25,actual_start_at,实际开始时间,timestamptz,否,,否,否,,P1-内部,,原始流程字段,P020
sjg_oms,audit,data_quality_issue,数据质量问题主表,主表,26,business_date,业务发生日期,date,否,,否,否,,P1-内部,,原始流程字段,P020
sjg_oms,audit,data_quality_issue,数据质量问题主表,主表,27,employee_event_type,事件类型,varchar(64),否,,否,否,,P1-内部,,原始流程字段,P020
sjg_oms,audit,data_quality_issue,数据质量问题主表,主表,28,environment,环境,varchar(64),否,,否,否,,P1-内部,,原始流程字段,P020
sjg_oms,audit,data_quality_issue,数据质量问题主表,主表,29,implementation_window,实施窗口,tstzrange,是,,否,否,,P1-内部,,原始流程字段,P020
sjg_oms,audit,data_quality_issue,数据质量问题主表,主表,30,result_summary,结果摘要,text,否,,否,否,,P1-内部,,原始流程字段,P020
sjg_oms,audit,data_quality_issue,数据质量问题主表,主表,31,rollback_plan,回退方案,text,是,,否,否,,P1-内部,,原始流程字段,P020
sjg_oms,audit,data_quality_issue,数据质量问题主表,主表,32,system_service_name,系统/服务名称,varchar(200),否,,否,否,,P1-内部,,原始流程字段,P020
sjg_oms,audit,data_quality_issue,数据质量问题主表,主表,33,tech_impact_scope,影响范围,text,否,,否,否,,P1-内部,,原始流程字段,P020
sjg_oms,audit,data_quality_issue,数据质量问题主表,主表,34,tech_risk_level,风险等级,varchar(64),否,,否,否,,P1-内部,,原始流程字段,P020
sjg_oms,audit,data_quality_issue,数据质量问题主表,主表,35,tech_work_item_no,变更/需求/缺陷编号,varchar(64),是,,否,否,,P1-内部,,原始流程字段,P020
sjg_oms,audit,data_quality_issue,数据质量问题主表,主表,36,verification_test_result,健康检查/测试结果,text,是,,否,否,,P1-内部,,原始流程字段,P020
sjg_oms,audit,data_quality_issue,数据质量问题主表,主表,37,version_build_no,版本/构建号,varchar(100),是,,否,否,,P1-内部,,原始流程字段,P020
sjg_oms,audit,data_quality_issue_item,数据质量问题明细项,子表,1,id,主键ID,uuid,否,gen_random_uuid(),是,否,,P1-内部,,设计字段,P020
sjg_oms,audit,data_quality_issue_item,数据质量问题明细项,子表,2,tenant_id,租户ID,uuid,否,,否,否,core.tenant.id,P1-内部,所有业务唯一键必须包含tenant_id,设计字段,P020
sjg_oms,audit,data_quality_issue_item,数据质量问题明细项,子表,3,created_by,创建人,uuid,是,,否,否,org.employee.id,P1-内部,,设计字段,P020
sjg_oms,audit,data_quality_issue_item,数据质量问题明细项,子表,4,created_at,创建时间,timestamptz,否,now(),否,否,,P1-内部,,设计字段,P020
sjg_oms,audit,data_quality_issue_item,数据质量问题明细项,子表,5,updated_by,更新人,uuid,是,,否,否,org.employee.id,P1-内部,,设计字段,P020
sjg_oms,audit,data_quality_issue_item,数据质量问题明细项,子表,6,updated_at,更新时间,timestamptz,否,now(),否,否,,P1-内部,,设计字段,P020
sjg_oms,audit,data_quality_issue_item,数据质量问题明细项,子表,7,is_deleted,逻辑删除,boolean,否,false,否,否,,P1-内部,,设计字段,P020
sjg_oms,audit,data_quality_issue_item,数据质量问题明细项,子表,8,deleted_at,删除时间,timestamptz,是,,否,否,,P1-内部,,设计字段,P020
sjg_oms,audit,data_quality_issue_item,数据质量问题明细项,子表,9,master_id,主表ID,uuid,否,,否,否,audit.data_quality_issue.id,P1-内部,,设计字段,P020
sjg_oms,audit,data_quality_issue_item,数据质量问题明细项,子表,10,field_code,来源字段编码,varchar(128),否,,否,否,,P1-内部,,设计字段,P020
sjg_oms,audit,data_quality_issue_item,数据质量问题明细项,子表,11,item_seq,明细序号,integer,否,0,否,否,,P1-内部,,设计字段,P020
sjg_oms,audit,data_quality_issue_item,数据质量问题明细项,子表,12,item_key,明细键,varchar(128),是,,否,否,,P1-内部,,设计字段,P020
sjg_oms,audit,data_quality_issue_item,数据质量问题明细项,子表,13,item_name,明细名称,varchar(255),是,,否,否,,P1-内部,,设计字段,P020
sjg_oms,audit,data_quality_issue_item,数据质量问题明细项,子表,14,item_value_text,文本值,text,是,,否,否,,P1-内部,,设计字段,P020
sjg_oms,audit,data_quality_issue_item,数据质量问题明细项,子表,15,item_value_number,数值,"numeric(24,8)",是,,否,否,,P1-内部,,设计字段,P020
sjg_oms,audit,data_quality_issue_item,数据质量问题明细项,子表,16,item_value_json,结构化值,jsonb,是,,否,否,,P1-内部,,设计字段,P020
sjg_oms,audit,data_quality_issue_item,数据质量问题明细项,子表,17,related_object_type,关联对象类型,varchar(128),是,,否,否,,P1-内部,,设计字段,P020
sjg_oms,audit,data_quality_issue_item,数据质量问题明细项,子表,18,related_object_id,关联对象ID,uuid,是,,否,否,,P1-内部,,设计字段,P020
sjg_oms,audit,data_quality_issue_item,数据质量问题明细项,子表,19,amount,金额,"numeric(18,2)",是,,否,否,,P1-内部,,设计字段,P020
sjg_oms,audit,data_quality_issue_item,数据质量问题明细项,子表,20,quantity,数量,"numeric(18,6)",是,,否,否,,P1-内部,,设计字段,P020
sjg_oms,audit,data_quality_issue_item,数据质量问题明细项,子表,21,sort_no,排序,integer,否,0,否,否,,P1-内部,,设计字段,P020
sjg_audit,audit,operation_log,操作审计日志,日志表,1,id,日志ID,uuid,否,gen_random_uuid(),是,否,,P1-内部,,设计字段,
sjg_audit,audit,operation_log,操作审计日志,日志表,2,tenant_id,租户ID,uuid,否,,否,否,,P1-内部,,设计字段,
sjg_audit,audit,operation_log,操作审计日志,日志表,3,actor_id,操作人ID,uuid,是,,否,否,,P1-内部,,设计字段,
sjg_audit,audit,operation_log,操作审计日志,日志表,4,actor_identity_id,操作身份ID,uuid,是,,否,否,,P1-内部,,设计字段,
sjg_audit,audit,operation_log,操作审计日志,日志表,5,action,动作,varchar(64),否,,否,否,,P1-内部,,设计字段,
sjg_audit,audit,operation_log,操作审计日志,日志表,6,resource_type,资源类型,varchar(128),否,,否,否,,P1-内部,,设计字段,
sjg_audit,audit,operation_log,操作审计日志,日志表,7,resource_id,资源ID,uuid,是,,否,否,,P1-内部,,设计字段,
sjg_audit,audit,operation_log,操作审计日志,日志表,8,request_id,请求ID,varchar(128),是,,否,否,,P1-内部,,设计字段,
sjg_audit,audit,operation_log,操作审计日志,日志表,9,occurred_at,发生时间,timestamptz,否,now(),否,否,,P1-内部,,设计字段,
sjg_audit,audit,rule_execution_log,规则执行日志,日志表,1,id,日志ID,uuid,否,gen_random_uuid(),是,否,,P1-内部,,设计字段,
sjg_audit,audit,rule_execution_log,规则执行日志,日志表,2,tenant_id,租户ID,uuid,否,,否,否,,P1-内部,,设计字段,
sjg_audit,audit,rule_execution_log,规则执行日志,日志表,3,rule_code,规则编码,varchar(64),否,,否,否,,P1-内部,,设计字段,
sjg_audit,audit,rule_execution_log,规则执行日志,日志表,4,rule_version,规则版本,integer,否,,否,否,,P1-内部,,设计字段,
sjg_audit,audit,rule_execution_log,规则执行日志,日志表,5,business_key,业务键,varchar(128),是,,否,否,,P1-内部,,设计字段,
sjg_audit,audit,rule_execution_log,规则执行日志,日志表,6,input_hash,输入摘要,varchar(128),是,,否,否,,P1-内部,,设计字段,
sjg_audit,audit,rule_execution_log,规则执行日志,日志表,7,result,执行结果,varchar(32),否,,否,否,,P1-内部,,设计字段,
sjg_audit,audit,rule_execution_log,规则执行日志,日志表,8,result_detail,结果详情,jsonb,是,,否,否,,P1-内部,,设计字段,
sjg_audit,audit,rule_execution_log,规则执行日志,日志表,9,occurred_at,发生时间,timestamptz,否,now(),否,否,,P1-内部,,设计字段,
sjg_audit,audit,security_event,安全事件日志,日志表,1,id,日志ID,uuid,否,gen_random_uuid(),是,否,,P1-内部,,设计字段,
sjg_audit,audit,security_event,安全事件日志,日志表,2,tenant_id,租户ID,uuid,否,,否,否,,P1-内部,,设计字段,
sjg_audit,audit,security_event,安全事件日志,日志表,3,event_type,事件类型,varchar(64),否,,否,否,,P1-内部,,设计字段,
sjg_audit,audit,security_event,安全事件日志,日志表,4,severity,严重级别,varchar(16),否,,否,否,,P1-内部,,设计字段,
sjg_audit,audit,security_event,安全事件日志,日志表,5,actor_id,主体ID,uuid,是,,否,否,,P1-内部,,设计字段,
sjg_audit,audit,security_event,安全事件日志,日志表,6,ip_address,IP地址,inet,是,,否,否,,P1-内部,,设计字段,
sjg_audit,audit,security_event,安全事件日志,日志表,7,device_fingerprint,设备指纹,varchar(255),是,,否,否,,P1-内部,,设计字段,
sjg_audit,audit,security_event,安全事件日志,日志表,8,detail,详情,jsonb,是,,否,否,,P1-内部,,设计字段,
sjg_audit,audit,security_event,安全事件日志,日志表,9,occurred_at,发生时间,timestamptz,否,now(),否,否,,P1-内部,,设计字段,
sjg_oms,brand,authorization,品牌授权主表,主表,1,id,主键ID,uuid,否,gen_random_uuid(),是,否,,P1-内部,,设计字段,P109
sjg_oms,brand,authorization,品牌授权主表,主表,2,tenant_id,租户ID,uuid,否,,否,否,core.tenant.id,P1-内部,所有业务唯一键必须包含tenant_id,设计字段,P109
sjg_oms,brand,authorization,品牌授权主表,主表,3,business_no,业务单号,varchar(64),否,,否,是,,P1-内部,租户内唯一；由core.sequence_rule生成,设计字段,P109
sjg_oms,brand,authorization,品牌授权主表,主表,4,workflow_instance_id,流程实例ID,uuid,是,,否,否,workflow.wf_instance.id,P1-内部,,设计字段,P109
sjg_oms,brand,authorization,品牌授权主表,主表,5,status,业务状态,varchar(32),否,'DRAFT',否,否,,P1-内部,仅由状态机合法迁移,设计字段,P109
sjg_oms,brand,authorization,品牌授权主表,主表,6,version_no,乐观锁版本,integer,否,0,否,否,,P1-内部,更新时version_no+1，冲突则拒绝,设计字段,P109
sjg_oms,brand,authorization,品牌授权主表,主表,7,created_by,创建人,uuid,是,,否,否,org.employee.id,P1-内部,,设计字段,P109
sjg_oms,brand,authorization,品牌授权主表,主表,8,created_at,创建时间,timestamptz,否,now(),否,否,,P1-内部,,设计字段,P109
sjg_oms,brand,authorization,品牌授权主表,主表,9,updated_by,更新人,uuid,是,,否,否,org.employee.id,P1-内部,,设计字段,P109
sjg_oms,brand,authorization,品牌授权主表,主表,10,updated_at,更新时间,timestamptz,否,now(),否,否,,P1-内部,,设计字段,P109
sjg_oms,brand,authorization,品牌授权主表,主表,11,is_deleted,逻辑删除,boolean,否,false,否,否,,P1-内部,,设计字段,P109
sjg_oms,brand,authorization,品牌授权主表,主表,12,deleted_at,删除时间,timestamptz,是,,否,否,,P1-内部,,设计字段,P109
sjg_oms,brand,authorization,品牌授权主表,主表,13,source_channel,来源渠道,varchar(32),是,,否,否,,P1-内部,,设计字段,P109
sjg_oms,brand,authorization,品牌授权主表,主表,14,business_date,业务日期,date,是,,否,否,,P1-内部,,设计字段,P109
sjg_oms,brand,authorization,品牌授权主表,主表,15,subject,主题,varchar(255),是,,否,否,,P1-内部,,设计字段,P109
sjg_oms,brand,authorization,品牌授权主表,主表,16,reason,原因,text,是,,否,否,,P1-内部,,设计字段,P109
sjg_oms,brand,authorization,品牌授权主表,主表,17,priority,优先级,varchar(16),否,'NORMAL',否,否,,P1-内部,,设计字段,P109
sjg_oms,brand,authorization,品牌授权主表,主表,18,risk_level,风险等级,varchar(16),是,,否,否,,P1-内部,,设计字段,P109
sjg_oms,brand,authorization,品牌授权主表,主表,19,owner_center_id,归属中心,uuid,是,,否,否,org.organization.id,P1-内部,,设计字段,P109
sjg_oms,brand,authorization,品牌授权主表,主表,20,owner_department_id,归属部门,uuid,是,,否,否,org.organization.id,P1-内部,,设计字段,P109
sjg_oms,brand,authorization,品牌授权主表,主表,21,owner_employee_id,责任人,uuid,是,,否,否,org.employee.id,P1-内部,,设计字段,P109
sjg_oms,brand,authorization,品牌授权主表,主表,22,planned_start_at,计划开始,timestamptz,是,,否,否,,P1-内部,,设计字段,P109
sjg_oms,brand,authorization,品牌授权主表,主表,23,planned_finish_at,计划完成,timestamptz,是,,否,否,,P1-内部,,设计字段,P109
sjg_oms,brand,authorization,品牌授权主表,主表,24,actual_start_at,实际开始,timestamptz,是,,否,否,,P1-内部,,设计字段,P109
sjg_oms,brand,authorization,品牌授权主表,主表,25,actual_end_at,实际完成,timestamptz,是,,否,否,,P1-内部,,设计字段,P109
sjg_oms,brand,authorization,品牌授权主表,主表,26,result_summary,结果摘要,text,是,,否,否,,P1-内部,,设计字段,P109
sjg_oms,brand,authorization,品牌授权主表,主表,27,closed_at,关闭时间,timestamptz,是,,否,否,,P1-内部,,设计字段,P109
sjg_oms,brand,authorization,品牌授权主表,主表,28,actual_amount,实际金额,"numeric(18,2)",是,,否,否,,P1-内部,,原始流程字段,P109
sjg_oms,brand,authorization,品牌授权主表,主表,29,content_asset_no,内容/物料编号,varchar(64),否,,否,否,,P1-内部,,原始流程字段,P109
sjg_oms,brand,authorization,品牌授权主表,主表,30,content_title,主题/标题,varchar(200),否,,否,否,,P1-内部,,原始流程字段,P109
sjg_oms,brand,authorization,品牌授权主表,主表,31,content_type,内容类型,varchar(64),否,,否,否,,P1-内部,,原始流程字段,P109
sjg_oms,brand,authorization,品牌授权主表,主表,32,copyright_info,版权授权信息,text,是,,否,否,,P1-内部,,原始流程字段,P109
sjg_oms,brand,authorization,品牌授权主表,主表,33,document_type,文档类型,varchar(64),否,,否,否,,P1-内部,,原始流程字段,P109
sjg_oms,brand,authorization,品牌授权主表,主表,34,planned_publish_at,计划发布时间,timestamptz,是,,否,否,,P1-内部,,原始流程字段,P109
sjg_oms,brand,authorization,品牌授权主表,主表,35,review_points,品牌/事实审核要点,text,是,,否,否,,P1-内部,,原始流程字段,P109
sjg_oms,brand,authorization,品牌授权主表,主表,36,script_copy,脚本/文案,text,是,,否,否,,P1-内部,,原始流程字段,P109
sjg_oms,brand,authorization_item,品牌授权明细项,子表,1,id,主键ID,uuid,否,gen_random_uuid(),是,否,,P1-内部,,设计字段,P109
sjg_oms,brand,authorization_item,品牌授权明细项,子表,2,tenant_id,租户ID,uuid,否,,否,否,core.tenant.id,P1-内部,所有业务唯一键必须包含tenant_id,设计字段,P109
sjg_oms,brand,authorization_item,品牌授权明细项,子表,3,created_by,创建人,uuid,是,,否,否,org.employee.id,P1-内部,,设计字段,P109
sjg_oms,brand,authorization_item,品牌授权明细项,子表,4,created_at,创建时间,timestamptz,否,now(),否,否,,P1-内部,,设计字段,P109
sjg_oms,brand,authorization_item,品牌授权明细项,子表,5,updated_by,更新人,uuid,是,,否,否,org.employee.id,P1-内部,,设计字段,P109
sjg_oms,brand,authorization_item,品牌授权明细项,子表,6,updated_at,更新时间,timestamptz,否,now(),否,否,,P1-内部,,设计字段,P109
sjg_oms,brand,authorization_item,品牌授权明细项,子表,7,is_deleted,逻辑删除,boolean,否,false,否,否,,P1-内部,,设计字段,P109
sjg_oms,brand,authorization_item,品牌授权明细项,子表,8,deleted_at,删除时间,timestamptz,是,,否,否,,P1-内部,,设计字段,P109
sjg_oms,brand,authorization_item,品牌授权明细项,子表,9,master_id,主表ID,uuid,否,,否,否,brand.authorization.id,P1-内部,,设计字段,P109
sjg_oms,brand,authorization_item,品牌授权明细项,子表,10,field_code,来源字段编码,varchar(128),否,,否,否,,P1-内部,,设计字段,P109
sjg_oms,brand,authorization_item,品牌授权明细项,子表,11,item_seq,明细序号,integer,否,0,否,否,,P1-内部,,设计字段,P109
sjg_oms,brand,authorization_item,品牌授权明细项,子表,12,item_key,明细键,varchar(128),是,,否,否,,P1-内部,,设计字段,P109
sjg_oms,brand,authorization_item,品牌授权明细项,子表,13,item_name,明细名称,varchar(255),是,,否,否,,P1-内部,,设计字段,P109
sjg_oms,brand,authorization_item,品牌授权明细项,子表,14,item_value_text,文本值,text,是,,否,否,,P1-内部,,设计字段,P109
sjg_oms,brand,authorization_item,品牌授权明细项,子表,15,item_value_number,数值,"numeric(24,8)",是,,否,否,,P1-内部,,设计字段,P109
sjg_oms,brand,authorization_item,品牌授权明细项,子表,16,item_value_json,结构化值,jsonb,是,,否,否,,P1-内部,,设计字段,P109
sjg_oms,brand,authorization_item,品牌授权明细项,子表,17,related_object_type,关联对象类型,varchar(128),是,,否,否,,P1-内部,,设计字段,P109
sjg_oms,brand,authorization_item,品牌授权明细项,子表,18,related_object_id,关联对象ID,uuid,是,,否,否,,P1-内部,,设计字段,P109
sjg_oms,brand,authorization_item,品牌授权明细项,子表,19,amount,金额,"numeric(18,2)",是,,否,否,,P1-内部,,设计字段,P109
sjg_oms,brand,authorization_item,品牌授权明细项,子表,20,quantity,数量,"numeric(18,6)",是,,否,否,,P1-内部,,设计字段,P109
sjg_oms,brand,authorization_item,品牌授权明细项,子表,21,sort_no,排序,integer,否,0,否,否,,P1-内部,,设计字段,P109
sjg_oms,brand,infringement_case,品牌侵权处理主表,主表,1,id,主键ID,uuid,否,gen_random_uuid(),是,否,,P1-内部,,设计字段,P111
sjg_oms,brand,infringement_case,品牌侵权处理主表,主表,2,tenant_id,租户ID,uuid,否,,否,否,core.tenant.id,P1-内部,所有业务唯一键必须包含tenant_id,设计字段,P111
sjg_oms,brand,infringement_case,品牌侵权处理主表,主表,3,business_no,业务单号,varchar(64),否,,否,是,,P1-内部,租户内唯一；由core.sequence_rule生成,设计字段,P111
sjg_oms,brand,infringement_case,品牌侵权处理主表,主表,4,workflow_instance_id,流程实例ID,uuid,是,,否,否,workflow.wf_instance.id,P1-内部,,设计字段,P111
sjg_oms,brand,infringement_case,品牌侵权处理主表,主表,5,status,业务状态,varchar(32),否,'DRAFT',否,否,,P1-内部,仅由状态机合法迁移,设计字段,P111
sjg_oms,brand,infringement_case,品牌侵权处理主表,主表,6,version_no,乐观锁版本,integer,否,0,否,否,,P1-内部,更新时version_no+1，冲突则拒绝,设计字段,P111
sjg_oms,brand,infringement_case,品牌侵权处理主表,主表,7,created_by,创建人,uuid,是,,否,否,org.employee.id,P1-内部,,设计字段,P111
sjg_oms,brand,infringement_case,品牌侵权处理主表,主表,8,created_at,创建时间,timestamptz,否,now(),否,否,,P1-内部,,设计字段,P111
sjg_oms,brand,infringement_case,品牌侵权处理主表,主表,9,updated_by,更新人,uuid,是,,否,否,org.employee.id,P1-内部,,设计字段,P111
sjg_oms,brand,infringement_case,品牌侵权处理主表,主表,10,updated_at,更新时间,timestamptz,否,now(),否,否,,P1-内部,,设计字段,P111
sjg_oms,brand,infringement_case,品牌侵权处理主表,主表,11,is_deleted,逻辑删除,boolean,否,false,否,否,,P1-内部,,设计字段,P111
sjg_oms,brand,infringement_case,品牌侵权处理主表,主表,12,deleted_at,删除时间,timestamptz,是,,否,否,,P1-内部,,设计字段,P111
sjg_oms,brand,infringement_case,品牌侵权处理主表,主表,13,source_channel,来源渠道,varchar(32),是,,否,否,,P1-内部,,设计字段,P111
sjg_oms,brand,infringement_case,品牌侵权处理主表,主表,14,business_date,业务日期,date,是,,否,否,,P1-内部,,设计字段,P111
sjg_oms,brand,infringement_case,品牌侵权处理主表,主表,15,subject,主题,varchar(255),是,,否,否,,P1-内部,,设计字段,P111
sjg_oms,brand,infringement_case,品牌侵权处理主表,主表,16,reason,原因,text,是,,否,否,,P1-内部,,设计字段,P111
sjg_oms,brand,infringement_case,品牌侵权处理主表,主表,17,priority,优先级,varchar(16),否,'NORMAL',否,否,,P1-内部,,设计字段,P111
sjg_oms,brand,infringement_case,品牌侵权处理主表,主表,18,risk_level,风险等级,varchar(16),是,,否,否,,P1-内部,,设计字段,P111
sjg_oms,brand,infringement_case,品牌侵权处理主表,主表,19,owner_center_id,归属中心,uuid,是,,否,否,org.organization.id,P1-内部,,设计字段,P111
sjg_oms,brand,infringement_case,品牌侵权处理主表,主表,20,owner_department_id,归属部门,uuid,是,,否,否,org.organization.id,P1-内部,,设计字段,P111
sjg_oms,brand,infringement_case,品牌侵权处理主表,主表,21,owner_employee_id,责任人,uuid,是,,否,否,org.employee.id,P1-内部,,设计字段,P111
sjg_oms,brand,infringement_case,品牌侵权处理主表,主表,22,planned_start_at,计划开始,timestamptz,是,,否,否,,P1-内部,,设计字段,P111
sjg_oms,brand,infringement_case,品牌侵权处理主表,主表,23,planned_finish_at,计划完成,timestamptz,是,,否,否,,P1-内部,,设计字段,P111
sjg_oms,brand,infringement_case,品牌侵权处理主表,主表,24,actual_start_at,实际开始,timestamptz,是,,否,否,,P1-内部,,设计字段,P111
sjg_oms,brand,infringement_case,品牌侵权处理主表,主表,25,actual_end_at,实际完成,timestamptz,是,,否,否,,P1-内部,,设计字段,P111
sjg_oms,brand,infringement_case,品牌侵权处理主表,主表,26,result_summary,结果摘要,text,是,,否,否,,P1-内部,,设计字段,P111
sjg_oms,brand,infringement_case,品牌侵权处理主表,主表,27,closed_at,关闭时间,timestamptz,是,,否,否,,P1-内部,,设计字段,P111
sjg_oms,brand,infringement_case,品牌侵权处理主表,主表,28,actual_amount,实际金额,"numeric(18,2)",是,,否,否,,P1-内部,,原始流程字段,P111
sjg_oms,brand,infringement_case,品牌侵权处理主表,主表,29,content_asset_no,内容/物料编号,varchar(64),否,,否,否,,P1-内部,,原始流程字段,P111
sjg_oms,brand,infringement_case,品牌侵权处理主表,主表,30,content_title,主题/标题,varchar(200),否,,否,否,,P1-内部,,原始流程字段,P111
sjg_oms,brand,infringement_case,品牌侵权处理主表,主表,31,content_type,内容类型,varchar(64),否,,否,否,,P1-内部,,原始流程字段,P111
sjg_oms,brand,infringement_case,品牌侵权处理主表,主表,32,copyright_info,版权授权信息,text,是,,否,否,,P1-内部,,原始流程字段,P111
sjg_oms,brand,infringement_case,品牌侵权处理主表,主表,33,incident_patrol_no,事件/巡检编号,varchar(64),否,,否,否,,P1-内部,,原始流程字段,P111
sjg_oms,brand,infringement_case,品牌侵权处理主表,主表,34,incident_type,事件类型,varchar(64),否,,否,否,,P1-内部,,原始流程字段,P111
sjg_oms,brand,infringement_case,品牌侵权处理主表,主表,35,planned_publish_at,计划发布时间,timestamptz,是,,否,否,,P1-内部,,原始流程字段,P111
sjg_oms,brand,infringement_case,品牌侵权处理主表,主表,36,review_points,品牌/事实审核要点,text,是,,否,否,,P1-内部,,原始流程字段,P111
sjg_oms,brand,infringement_case,品牌侵权处理主表,主表,37,script_copy,脚本/文案,text,是,,否,否,,P1-内部,,原始流程字段,P111
sjg_oms,brand,infringement_case_item,品牌侵权处理明细项,子表,1,id,主键ID,uuid,否,gen_random_uuid(),是,否,,P1-内部,,设计字段,P111
sjg_oms,brand,infringement_case_item,品牌侵权处理明细项,子表,2,tenant_id,租户ID,uuid,否,,否,否,core.tenant.id,P1-内部,所有业务唯一键必须包含tenant_id,设计字段,P111
sjg_oms,brand,infringement_case_item,品牌侵权处理明细项,子表,3,created_by,创建人,uuid,是,,否,否,org.employee.id,P1-内部,,设计字段,P111
sjg_oms,brand,infringement_case_item,品牌侵权处理明细项,子表,4,created_at,创建时间,timestamptz,否,now(),否,否,,P1-内部,,设计字段,P111
sjg_oms,brand,infringement_case_item,品牌侵权处理明细项,子表,5,updated_by,更新人,uuid,是,,否,否,org.employee.id,P1-内部,,设计字段,P111
sjg_oms,brand,infringement_case_item,品牌侵权处理明细项,子表,6,updated_at,更新时间,timestamptz,否,now(),否,否,,P1-内部,,设计字段,P111
sjg_oms,brand,infringement_case_item,品牌侵权处理明细项,子表,7,is_deleted,逻辑删除,boolean,否,false,否,否,,P1-内部,,设计字段,P111
sjg_oms,brand,infringement_case_item,品牌侵权处理明细项,子表,8,deleted_at,删除时间,timestamptz,是,,否,否,,P1-内部,,设计字段,P111
sjg_oms,brand,infringement_case_item,品牌侵权处理明细项,子表,9,master_id,主表ID,uuid,否,,否,否,brand.infringement_case.id,P1-内部,,设计字段,P111
sjg_oms,brand,infringement_case_item,品牌侵权处理明细项,子表,10,field_code,来源字段编码,varchar(128),否,,否,否,,P1-内部,,设计字段,P111
sjg_oms,brand,infringement_case_item,品牌侵权处理明细项,子表,11,item_seq,明细序号,integer,否,0,否,否,,P1-内部,,设计字段,P111
sjg_oms,brand,infringement_case_item,品牌侵权处理明细项,子表,12,item_key,明细键,varchar(128),是,,否,否,,P1-内部,,设计字段,P111
sjg_oms,brand,infringement_case_item,品牌侵权处理明细项,子表,13,item_name,明细名称,varchar(255),是,,否,否,,P1-内部,,设计字段,P111
sjg_oms,brand,infringement_case_item,品牌侵权处理明细项,子表,14,item_value_text,文本值,text,是,,否,否,,P1-内部,,设计字段,P111
sjg_oms,brand,infringement_case_item,品牌侵权处理明细项,子表,15,item_value_number,数值,"numeric(24,8)",是,,否,否,,P1-内部,,设计字段,P111
sjg_oms,brand,infringement_case_item,品牌侵权处理明细项,子表,16,item_value_json,结构化值,jsonb,是,,否,否,,P1-内部,,设计字段,P111
sjg_oms,brand,infringement_case_item,品牌侵权处理明细项,子表,17,related_object_type,关联对象类型,varchar(128),是,,否,否,,P1-内部,,设计字段,P111
sjg_oms,brand,infringement_case_item,品牌侵权处理明细项,子表,18,related_object_id,关联对象ID,uuid,是,,否,否,,P1-内部,,设计字段,P111
sjg_oms,brand,infringement_case_item,品牌侵权处理明细项,子表,19,amount,金额,"numeric(18,2)",是,,否,否,,P1-内部,,设计字段,P111
sjg_oms,brand,infringement_case_item,品牌侵权处理明细项,子表,20,quantity,数量,"numeric(18,6)",是,,否,否,,P1-内部,,设计字段,P111
sjg_oms,brand,infringement_case_item,品牌侵权处理明细项,子表,21,sort_no,排序,integer,否,0,否,否,,P1-内部,,设计字段,P111
sjg_oms,brand,material_review,品牌物料审核主表,主表,1,id,主键ID,uuid,否,gen_random_uuid(),是,否,,P1-内部,,设计字段,P110
sjg_oms,brand,material_review,品牌物料审核主表,主表,2,tenant_id,租户ID,uuid,否,,否,否,core.tenant.id,P1-内部,所有业务唯一键必须包含tenant_id,设计字段,P110
sjg_oms,brand,material_review,品牌物料审核主表,主表,3,business_no,业务单号,varchar(64),否,,否,是,,P1-内部,租户内唯一；由core.sequence_rule生成,设计字段,P110
sjg_oms,brand,material_review,品牌物料审核主表,主表,4,workflow_instance_id,流程实例ID,uuid,是,,否,否,workflow.wf_instance.id,P1-内部,,设计字段,P110
sjg_oms,brand,material_review,品牌物料审核主表,主表,5,status,业务状态,varchar(32),否,'DRAFT',否,否,,P1-内部,仅由状态机合法迁移,设计字段,P110
sjg_oms,brand,material_review,品牌物料审核主表,主表,6,version_no,乐观锁版本,integer,否,0,否,否,,P1-内部,更新时version_no+1，冲突则拒绝,设计字段,P110
sjg_oms,brand,material_review,品牌物料审核主表,主表,7,created_by,创建人,uuid,是,,否,否,org.employee.id,P1-内部,,设计字段,P110
sjg_oms,brand,material_review,品牌物料审核主表,主表,8,created_at,创建时间,timestamptz,否,now(),否,否,,P1-内部,,设计字段,P110
sjg_oms,brand,material_review,品牌物料审核主表,主表,9,updated_by,更新人,uuid,是,,否,否,org.employee.id,P1-内部,,设计字段,P110
sjg_oms,brand,material_review,品牌物料审核主表,主表,10,updated_at,更新时间,timestamptz,否,now(),否,否,,P1-内部,,设计字段,P110
sjg_oms,brand,material_review,品牌物料审核主表,主表,11,is_deleted,逻辑删除,boolean,否,false,否,否,,P1-内部,,设计字段,P110
sjg_oms,brand,material_review,品牌物料审核主表,主表,12,deleted_at,删除时间,timestamptz,是,,否,否,,P1-内部,,设计字段,P110
sjg_oms,brand,material_review,品牌物料审核主表,主表,13,source_channel,来源渠道,varchar(32),是,,否,否,,P1-内部,,设计字段,P110
sjg_oms,brand,material_review,品牌物料审核主表,主表,14,business_date,业务日期,date,是,,否,否,,P1-内部,,设计字段,P110
sjg_oms,brand,material_review,品牌物料审核主表,主表,15,subject,主题,varchar(255),是,,否,否,,P1-内部,,设计字段,P110
sjg_oms,brand,material_review,品牌物料审核主表,主表,16,reason,原因,text,是,,否,否,,P1-内部,,设计字段,P110
sjg_oms,brand,material_review,品牌物料审核主表,主表,17,priority,优先级,varchar(16),否,'NORMAL',否,否,,P1-内部,,设计字段,P110
sjg_oms,brand,material_review,品牌物料审核主表,主表,18,risk_level,风险等级,varchar(16),是,,否,否,,P1-内部,,设计字段,P110
sjg_oms,brand,material_review,品牌物料审核主表,主表,19,owner_center_id,归属中心,uuid,是,,否,否,org.organization.id,P1-内部,,设计字段,P110
sjg_oms,brand,material_review,品牌物料审核主表,主表,20,owner_department_id,归属部门,uuid,是,,否,否,org.organization.id,P1-内部,,设计字段,P110
sjg_oms,brand,material_review,品牌物料审核主表,主表,21,owner_employee_id,责任人,uuid,是,,否,否,org.employee.id,P1-内部,,设计字段,P110
sjg_oms,brand,material_review,品牌物料审核主表,主表,22,planned_start_at,计划开始,timestamptz,是,,否,否,,P1-内部,,设计字段,P110
sjg_oms,brand,material_review,品牌物料审核主表,主表,23,planned_finish_at,计划完成,timestamptz,是,,否,否,,P1-内部,,设计字段,P110
sjg_oms,brand,material_review,品牌物料审核主表,主表,24,actual_start_at,实际开始,timestamptz,是,,否,否,,P1-内部,,设计字段,P110
sjg_oms,brand,material_review,品牌物料审核主表,主表,25,actual_end_at,实际完成,timestamptz,是,,否,否,,P1-内部,,设计字段,P110
sjg_oms,brand,material_review,品牌物料审核主表,主表,26,result_summary,结果摘要,text,是,,否,否,,P1-内部,,设计字段,P110
sjg_oms,brand,material_review,品牌物料审核主表,主表,27,closed_at,关闭时间,timestamptz,是,,否,否,,P1-内部,,设计字段,P110
sjg_oms,brand,material_review,品牌物料审核主表,主表,28,actual_amount,实际金额,"numeric(18,2)",是,,否,否,,P1-内部,,原始流程字段,P110
sjg_oms,brand,material_review,品牌物料审核主表,主表,29,content_asset_no,内容/物料编号,varchar(64),否,,否,否,,P1-内部,,原始流程字段,P110
sjg_oms,brand,material_review,品牌物料审核主表,主表,30,content_title,主题/标题,varchar(200),否,,否,否,,P1-内部,,原始流程字段,P110
sjg_oms,brand,material_review,品牌物料审核主表,主表,31,content_type,内容类型,varchar(64),否,,否,否,,P1-内部,,原始流程字段,P110
sjg_oms,brand,material_review,品牌物料审核主表,主表,32,copyright_info,版权授权信息,text,是,,否,否,,P1-内部,,原始流程字段,P110
sjg_oms,brand,material_review,品牌物料审核主表,主表,33,planned_publish_at,计划发布时间,timestamptz,是,,否,否,,P1-内部,,原始流程字段,P110
sjg_oms,brand,material_review,品牌物料审核主表,主表,34,review_points,品牌/事实审核要点,text,是,,否,否,,P1-内部,,原始流程字段,P110
sjg_oms,brand,material_review,品牌物料审核主表,主表,35,script_copy,脚本/文案,text,是,,否,否,,P1-内部,,原始流程字段,P110
sjg_oms,brand,material_review_item,品牌物料审核明细项,子表,1,id,主键ID,uuid,否,gen_random_uuid(),是,否,,P1-内部,,设计字段,P110
sjg_oms,brand,material_review_item,品牌物料审核明细项,子表,2,tenant_id,租户ID,uuid,否,,否,否,core.tenant.id,P1-内部,所有业务唯一键必须包含tenant_id,设计字段,P110
sjg_oms,brand,material_review_item,品牌物料审核明细项,子表,3,created_by,创建人,uuid,是,,否,否,org.employee.id,P1-内部,,设计字段,P110
sjg_oms,brand,material_review_item,品牌物料审核明细项,子表,4,created_at,创建时间,timestamptz,否,now(),否,否,,P1-内部,,设计字段,P110
sjg_oms,brand,material_review_item,品牌物料审核明细项,子表,5,updated_by,更新人,uuid,是,,否,否,org.employee.id,P1-内部,,设计字段,P110
sjg_oms,brand,material_review_item,品牌物料审核明细项,子表,6,updated_at,更新时间,timestamptz,否,now(),否,否,,P1-内部,,设计字段,P110
sjg_oms,brand,material_review_item,品牌物料审核明细项,子表,7,is_deleted,逻辑删除,boolean,否,false,否,否,,P1-内部,,设计字段,P110
sjg_oms,brand,material_review_item,品牌物料审核明细项,子表,8,deleted_at,删除时间,timestamptz,是,,否,否,,P1-内部,,设计字段,P110
sjg_oms,brand,material_review_item,品牌物料审核明细项,子表,9,master_id,主表ID,uuid,否,,否,否,brand.material_review.id,P1-内部,,设计字段,P110
sjg_oms,brand,material_review_item,品牌物料审核明细项,子表,10,field_code,来源字段编码,varchar(128),否,,否,否,,P1-内部,,设计字段,P110
sjg_oms,brand,material_review_item,品牌物料审核明细项,子表,11,item_seq,明细序号,integer,否,0,否,否,,P1-内部,,设计字段,P110
sjg_oms,brand,material_review_item,品牌物料审核明细项,子表,12,item_key,明细键,varchar(128),是,,否,否,,P1-内部,,设计字段,P110
sjg_oms,brand,material_review_item,品牌物料审核明细项,子表,13,item_name,明细名称,varchar(255),是,,否,否,,P1-内部,,设计字段,P110
sjg_oms,brand,material_review_item,品牌物料审核明细项,子表,14,item_value_text,文本值,text,是,,否,否,,P1-内部,,设计字段,P110
sjg_oms,brand,material_review_item,品牌物料审核明细项,子表,15,item_value_number,数值,"numeric(24,8)",是,,否,否,,P1-内部,,设计字段,P110
sjg_oms,brand,material_review_item,品牌物料审核明细项,子表,16,item_value_json,结构化值,jsonb,是,,否,否,,P1-内部,,设计字段,P110
sjg_oms,brand,material_review_item,品牌物料审核明细项,子表,17,related_object_type,关联对象类型,varchar(128),是,,否,否,,P1-内部,,设计字段,P110
sjg_oms,brand,material_review_item,品牌物料审核明细项,子表,18,related_object_id,关联对象ID,uuid,是,,否,否,,P1-内部,,设计字段,P110
sjg_oms,brand,material_review_item,品牌物料审核明细项,子表,19,amount,金额,"numeric(18,2)",是,,否,否,,P1-内部,,设计字段,P110
sjg_oms,brand,material_review_item,品牌物料审核明细项,子表,20,quantity,数量,"numeric(18,6)",是,,否,否,,P1-内部,,设计字段,P110
sjg_oms,brand,material_review_item,品牌物料审核明细项,子表,21,sort_no,排序,integer,否,0,否,否,,P1-内部,,设计字段,P110
sjg_oms,catering,food_safety_incident,食品安全事件主表,主表,1,id,主键ID,uuid,否,gen_random_uuid(),是,否,,P1-内部,,设计字段,P060
sjg_oms,catering,food_safety_incident,食品安全事件主表,主表,2,tenant_id,租户ID,uuid,否,,否,否,core.tenant.id,P1-内部,所有业务唯一键必须包含tenant_id,设计字段,P060
sjg_oms,catering,food_safety_incident,食品安全事件主表,主表,3,business_no,业务单号,varchar(64),否,,否,是,,P1-内部,租户内唯一；由core.sequence_rule生成,设计字段,P060
sjg_oms,catering,food_safety_incident,食品安全事件主表,主表,4,workflow_instance_id,流程实例ID,uuid,是,,否,否,workflow.wf_instance.id,P1-内部,,设计字段,P060
sjg_oms,catering,food_safety_incident,食品安全事件主表,主表,5,status,业务状态,varchar(32),否,'DRAFT',否,否,,P1-内部,仅由状态机合法迁移,设计字段,P060
sjg_oms,catering,food_safety_incident,食品安全事件主表,主表,6,version_no,乐观锁版本,integer,否,0,否,否,,P1-内部,更新时version_no+1，冲突则拒绝,设计字段,P060
sjg_oms,catering,food_safety_incident,食品安全事件主表,主表,7,created_by,创建人,uuid,是,,否,否,org.employee.id,P1-内部,,设计字段,P060
sjg_oms,catering,food_safety_incident,食品安全事件主表,主表,8,created_at,创建时间,timestamptz,否,now(),否,否,,P1-内部,,设计字段,P060
sjg_oms,catering,food_safety_incident,食品安全事件主表,主表,9,updated_by,更新人,uuid,是,,否,否,org.employee.id,P1-内部,,设计字段,P060
sjg_oms,catering,food_safety_incident,食品安全事件主表,主表,10,updated_at,更新时间,timestamptz,否,now(),否,否,,P1-内部,,设计字段,P060
sjg_oms,catering,food_safety_incident,食品安全事件主表,主表,11,is_deleted,逻辑删除,boolean,否,false,否,否,,P1-内部,,设计字段,P060
sjg_oms,catering,food_safety_incident,食品安全事件主表,主表,12,deleted_at,删除时间,timestamptz,是,,否,否,,P1-内部,,设计字段,P060
sjg_oms,catering,food_safety_incident,食品安全事件主表,主表,13,source_channel,来源渠道,varchar(32),是,,否,否,,P1-内部,,设计字段,P060
sjg_oms,catering,food_safety_incident,食品安全事件主表,主表,14,business_date,业务日期,date,是,,否,否,,P1-内部,,设计字段,P060
sjg_oms,catering,food_safety_incident,食品安全事件主表,主表,15,subject,主题,varchar(255),是,,否,否,,P1-内部,,设计字段,P060
sjg_oms,catering,food_safety_incident,食品安全事件主表,主表,16,reason,原因,text,是,,否,否,,P1-内部,,设计字段,P060
sjg_oms,catering,food_safety_incident,食品安全事件主表,主表,17,priority,优先级,varchar(16),否,'NORMAL',否,否,,P1-内部,,设计字段,P060
sjg_oms,catering,food_safety_incident,食品安全事件主表,主表,18,risk_level,风险等级,varchar(16),是,,否,否,,P1-内部,,设计字段,P060
sjg_oms,catering,food_safety_incident,食品安全事件主表,主表,19,owner_center_id,归属中心,uuid,是,,否,否,org.organization.id,P1-内部,,设计字段,P060
sjg_oms,catering,food_safety_incident,食品安全事件主表,主表,20,owner_department_id,归属部门,uuid,是,,否,否,org.organization.id,P1-内部,,设计字段,P060
sjg_oms,catering,food_safety_incident,食品安全事件主表,主表,21,owner_employee_id,责任人,uuid,是,,否,否,org.employee.id,P1-内部,,设计字段,P060
sjg_oms,catering,food_safety_incident,食品安全事件主表,主表,22,planned_start_at,计划开始,timestamptz,是,,否,否,,P1-内部,,设计字段,P060
sjg_oms,catering,food_safety_incident,食品安全事件主表,主表,23,planned_finish_at,计划完成,timestamptz,是,,否,否,,P1-内部,,设计字段,P060
sjg_oms,catering,food_safety_incident,食品安全事件主表,主表,24,actual_start_at,实际开始,timestamptz,是,,否,否,,P1-内部,,设计字段,P060
sjg_oms,catering,food_safety_incident,食品安全事件主表,主表,25,actual_end_at,实际完成,timestamptz,是,,否,否,,P1-内部,,设计字段,P060
sjg_oms,catering,food_safety_incident,食品安全事件主表,主表,26,result_summary,结果摘要,text,是,,否,否,,P1-内部,,设计字段,P060
sjg_oms,catering,food_safety_incident,食品安全事件主表,主表,27,closed_at,关闭时间,timestamptz,是,,否,否,,P1-内部,,设计字段,P060
sjg_oms,catering,food_safety_incident,食品安全事件主表,主表,28,actual_amount,实际金额,"numeric(18,2)",是,,否,否,,P1-内部,,原始流程字段,P060
sjg_oms,catering,food_safety_incident,食品安全事件主表,主表,29,allergy_taboo,过敏/禁忌信息,text,是,,否,否,,P3-高度敏感,,原始流程字段,P060
sjg_oms,catering,food_safety_incident,食品安全事件主表,主表,30,incident_patrol_no,事件/巡检编号,varchar(64),否,,否,否,,P1-内部,,原始流程字段,P060
sjg_oms,catering,food_safety_incident,食品安全事件主表,主表,31,incident_type,事件类型,varchar(64),否,,否,否,,P1-内部,,原始流程字段,P060
sjg_oms,catering,food_safety_incident,食品安全事件主表,主表,32,meal_count,人数/份数,bigint,是,,否,否,,P1-内部,,原始流程字段,P060
sjg_oms,catering,food_safety_incident,食品安全事件主表,主表,33,meal_event_date,用餐/事件日期,date,否,,否,否,,P1-内部,,原始流程字段,P060
sjg_oms,catering,food_safety_incident,食品安全事件主表,主表,34,meal_standard,餐标,"numeric(18,2)",是,,否,否,,P1-内部,,原始流程字段,P060
sjg_oms,catering,food_safety_incident,食品安全事件主表,主表,35,meal_transaction_no,结算/交易编号,varchar(64),是,,否,否,,P1-内部,,原始流程字段,P060
sjg_oms,catering,food_safety_incident,食品安全事件主表,主表,36,meal_type,餐次/餐饮类型,varchar(64),否,,否,否,,P1-内部,,原始流程字段,P060
sjg_oms,catering,food_safety_incident,食品安全事件主表,主表,37,sample_no,留样编号,varchar(64),是,,否,否,,P1-内部,,原始流程字段,P060
sjg_oms,catering,food_safety_incident_item,食品安全事件明细项,子表,1,id,主键ID,uuid,否,gen_random_uuid(),是,否,,P1-内部,,设计字段,P060
sjg_oms,catering,food_safety_incident_item,食品安全事件明细项,子表,2,tenant_id,租户ID,uuid,否,,否,否,core.tenant.id,P1-内部,所有业务唯一键必须包含tenant_id,设计字段,P060
sjg_oms,catering,food_safety_incident_item,食品安全事件明细项,子表,3,created_by,创建人,uuid,是,,否,否,org.employee.id,P1-内部,,设计字段,P060
sjg_oms,catering,food_safety_incident_item,食品安全事件明细项,子表,4,created_at,创建时间,timestamptz,否,now(),否,否,,P1-内部,,设计字段,P060
sjg_oms,catering,food_safety_incident_item,食品安全事件明细项,子表,5,updated_by,更新人,uuid,是,,否,否,org.employee.id,P1-内部,,设计字段,P060
sjg_oms,catering,food_safety_incident_item,食品安全事件明细项,子表,6,updated_at,更新时间,timestamptz,否,now(),否,否,,P1-内部,,设计字段,P060
sjg_oms,catering,food_safety_incident_item,食品安全事件明细项,子表,7,is_deleted,逻辑删除,boolean,否,false,否,否,,P1-内部,,设计字段,P060
sjg_oms,catering,food_safety_incident_item,食品安全事件明细项,子表,8,deleted_at,删除时间,timestamptz,是,,否,否,,P1-内部,,设计字段,P060
sjg_oms,catering,food_safety_incident_item,食品安全事件明细项,子表,9,master_id,主表ID,uuid,否,,否,否,catering.food_safety_incident.id,P1-内部,,设计字段,P060
sjg_oms,catering,food_safety_incident_item,食品安全事件明细项,子表,10,field_code,来源字段编码,varchar(128),否,,否,否,,P1-内部,,设计字段,P060
sjg_oms,catering,food_safety_incident_item,食品安全事件明细项,子表,11,item_seq,明细序号,integer,否,0,否,否,,P1-内部,,设计字段,P060
sjg_oms,catering,food_safety_incident_item,食品安全事件明细项,子表,12,item_key,明细键,varchar(128),是,,否,否,,P1-内部,,设计字段,P060
sjg_oms,catering,food_safety_incident_item,食品安全事件明细项,子表,13,item_name,明细名称,varchar(255),是,,否,否,,P1-内部,,设计字段,P060
sjg_oms,catering,food_safety_incident_item,食品安全事件明细项,子表,14,item_value_text,文本值,text,是,,否,否,,P1-内部,,设计字段,P060
sjg_oms,catering,food_safety_incident_item,食品安全事件明细项,子表,15,item_value_number,数值,"numeric(24,8)",是,,否,否,,P1-内部,,设计字段,P060
sjg_oms,catering,food_safety_incident_item,食品安全事件明细项,子表,16,item_value_json,结构化值,jsonb,是,,否,否,,P1-内部,,设计字段,P060
sjg_oms,catering,food_safety_incident_item,食品安全事件明细项,子表,17,related_object_type,关联对象类型,varchar(128),是,,否,否,,P1-内部,,设计字段,P060
sjg_oms,catering,food_safety_incident_item,食品安全事件明细项,子表,18,related_object_id,关联对象ID,uuid,是,,否,否,,P1-内部,,设计字段,P060
sjg_oms,catering,food_safety_incident_item,食品安全事件明细项,子表,19,amount,金额,"numeric(18,2)",是,,否,否,,P1-内部,,设计字段,P060
sjg_oms,catering,food_safety_incident_item,食品安全事件明细项,子表,20,quantity,数量,"numeric(18,6)",是,,否,否,,P1-内部,,设计字段,P060
sjg_oms,catering,food_safety_incident_item,食品安全事件明细项,子表,21,sort_no,排序,integer,否,0,否,否,,P1-内部,,设计字段,P060
sjg_oms,catering,group_meal_order,团餐订单主表,主表,1,id,主键ID,uuid,否,gen_random_uuid(),是,否,,P1-内部,,设计字段,P058
sjg_oms,catering,group_meal_order,团餐订单主表,主表,2,tenant_id,租户ID,uuid,否,,否,否,core.tenant.id,P1-内部,所有业务唯一键必须包含tenant_id,设计字段,P058
sjg_oms,catering,group_meal_order,团餐订单主表,主表,3,business_no,业务单号,varchar(64),否,,否,是,,P1-内部,租户内唯一；由core.sequence_rule生成,设计字段,P058
sjg_oms,catering,group_meal_order,团餐订单主表,主表,4,workflow_instance_id,流程实例ID,uuid,是,,否,否,workflow.wf_instance.id,P1-内部,,设计字段,P058
sjg_oms,catering,group_meal_order,团餐订单主表,主表,5,status,业务状态,varchar(32),否,'DRAFT',否,否,,P1-内部,仅由状态机合法迁移,设计字段,P058
sjg_oms,catering,group_meal_order,团餐订单主表,主表,6,version_no,乐观锁版本,integer,否,0,否,否,,P1-内部,更新时version_no+1，冲突则拒绝,设计字段,P058
sjg_oms,catering,group_meal_order,团餐订单主表,主表,7,created_by,创建人,uuid,是,,否,否,org.employee.id,P1-内部,,设计字段,P058
sjg_oms,catering,group_meal_order,团餐订单主表,主表,8,created_at,创建时间,timestamptz,否,now(),否,否,,P1-内部,,设计字段,P058
sjg_oms,catering,group_meal_order,团餐订单主表,主表,9,updated_by,更新人,uuid,是,,否,否,org.employee.id,P1-内部,,设计字段,P058
sjg_oms,catering,group_meal_order,团餐订单主表,主表,10,updated_at,更新时间,timestamptz,否,now(),否,否,,P1-内部,,设计字段,P058
sjg_oms,catering,group_meal_order,团餐订单主表,主表,11,is_deleted,逻辑删除,boolean,否,false,否,否,,P1-内部,,设计字段,P058
sjg_oms,catering,group_meal_order,团餐订单主表,主表,12,deleted_at,删除时间,timestamptz,是,,否,否,,P1-内部,,设计字段,P058
sjg_oms,catering,group_meal_order,团餐订单主表,主表,13,source_channel,来源渠道,varchar(32),是,,否,否,,P1-内部,,设计字段,P058
sjg_oms,catering,group_meal_order,团餐订单主表,主表,14,business_date,业务日期,date,是,,否,否,,P1-内部,,设计字段,P058
sjg_oms,catering,group_meal_order,团餐订单主表,主表,15,subject,主题,varchar(255),是,,否,否,,P1-内部,,设计字段,P058
sjg_oms,catering,group_meal_order,团餐订单主表,主表,16,reason,原因,text,是,,否,否,,P1-内部,,设计字段,P058
sjg_oms,catering,group_meal_order,团餐订单主表,主表,17,priority,优先级,varchar(16),否,'NORMAL',否,否,,P1-内部,,设计字段,P058
sjg_oms,catering,group_meal_order,团餐订单主表,主表,18,risk_level,风险等级,varchar(16),是,,否,否,,P1-内部,,设计字段,P058
sjg_oms,catering,group_meal_order,团餐订单主表,主表,19,owner_center_id,归属中心,uuid,是,,否,否,org.organization.id,P1-内部,,设计字段,P058
sjg_oms,catering,group_meal_order,团餐订单主表,主表,20,owner_department_id,归属部门,uuid,是,,否,否,org.organization.id,P1-内部,,设计字段,P058
sjg_oms,catering,group_meal_order,团餐订单主表,主表,21,owner_employee_id,责任人,uuid,是,,否,否,org.employee.id,P1-内部,,设计字段,P058
sjg_oms,catering,group_meal_order,团餐订单主表,主表,22,planned_start_at,计划开始,timestamptz,是,,否,否,,P1-内部,,设计字段,P058
sjg_oms,catering,group_meal_order,团餐订单主表,主表,23,planned_finish_at,计划完成,timestamptz,是,,否,否,,P1-内部,,设计字段,P058
sjg_oms,catering,group_meal_order,团餐订单主表,主表,24,actual_start_at,实际开始,timestamptz,是,,否,否,,P1-内部,,设计字段,P058
sjg_oms,catering,group_meal_order,团餐订单主表,主表,25,actual_end_at,实际完成,timestamptz,是,,否,否,,P1-内部,,设计字段,P058
sjg_oms,catering,group_meal_order,团餐订单主表,主表,26,result_summary,结果摘要,text,是,,否,否,,P1-内部,,设计字段,P058
sjg_oms,catering,group_meal_order,团餐订单主表,主表,27,closed_at,关闭时间,timestamptz,是,,否,否,,P1-内部,,设计字段,P058
sjg_oms,catering,group_meal_order,团餐订单主表,主表,28,actual_amount,实际金额,"numeric(18,2)",是,,否,否,,P1-内部,,原始流程字段,P058
sjg_oms,catering,group_meal_order,团餐订单主表,主表,29,allergy_taboo,过敏/禁忌信息,text,是,,否,否,,P3-高度敏感,,原始流程字段,P058
sjg_oms,catering,group_meal_order,团餐订单主表,主表,30,budget_item_id,预算项目,varchar(32),是,,否,否,,P1-内部,,原始流程字段,P058
sjg_oms,catering,group_meal_order,团餐订单主表,主表,31,cost_center_id,成本中心,varchar(32),否,,否,否,,P1-内部,,原始流程字段,P058
sjg_oms,catering,group_meal_order,团餐订单主表,主表,32,meal_count,人数/份数,bigint,是,,否,否,,P1-内部,,原始流程字段,P058
sjg_oms,catering,group_meal_order,团餐订单主表,主表,33,meal_event_date,用餐/事件日期,date,否,,否,否,,P1-内部,,原始流程字段,P058
sjg_oms,catering,group_meal_order,团餐订单主表,主表,34,meal_standard,餐标,"numeric(18,2)",是,,否,否,,P1-内部,,原始流程字段,P058
sjg_oms,catering,group_meal_order,团餐订单主表,主表,35,meal_transaction_no,结算/交易编号,varchar(64),是,,否,否,,P1-内部,,原始流程字段,P058
sjg_oms,catering,group_meal_order,团餐订单主表,主表,36,meal_type,餐次/餐饮类型,varchar(64),否,,否,否,,P1-内部,,原始流程字段,P058
sjg_oms,catering,group_meal_order,团餐订单主表,主表,37,sample_no,留样编号,varchar(64),是,,否,否,,P1-内部,,原始流程字段,P058
sjg_oms,catering,group_meal_order_item,团餐订单明细项,子表,1,id,主键ID,uuid,否,gen_random_uuid(),是,否,,P1-内部,,设计字段,P058
sjg_oms,catering,group_meal_order_item,团餐订单明细项,子表,2,tenant_id,租户ID,uuid,否,,否,否,core.tenant.id,P1-内部,所有业务唯一键必须包含tenant_id,设计字段,P058
sjg_oms,catering,group_meal_order_item,团餐订单明细项,子表,3,created_by,创建人,uuid,是,,否,否,org.employee.id,P1-内部,,设计字段,P058
sjg_oms,catering,group_meal_order_item,团餐订单明细项,子表,4,created_at,创建时间,timestamptz,否,now(),否,否,,P1-内部,,设计字段,P058
sjg_oms,catering,group_meal_order_item,团餐订单明细项,子表,5,updated_by,更新人,uuid,是,,否,否,org.employee.id,P1-内部,,设计字段,P058
sjg_oms,catering,group_meal_order_item,团餐订单明细项,子表,6,updated_at,更新时间,timestamptz,否,now(),否,否,,P1-内部,,设计字段,P058
sjg_oms,catering,group_meal_order_item,团餐订单明细项,子表,7,is_deleted,逻辑删除,boolean,否,false,否,否,,P1-内部,,设计字段,P058
sjg_oms,catering,group_meal_order_item,团餐订单明细项,子表,8,deleted_at,删除时间,timestamptz,是,,否,否,,P1-内部,,设计字段,P058
sjg_oms,catering,group_meal_order_item,团餐订单明细项,子表,9,master_id,主表ID,uuid,否,,否,否,catering.group_meal_order.id,P1-内部,,设计字段,P058
sjg_oms,catering,group_meal_order_item,团餐订单明细项,子表,10,field_code,来源字段编码,varchar(128),否,,否,否,,P1-内部,,设计字段,P058
sjg_oms,catering,group_meal_order_item,团餐订单明细项,子表,11,item_seq,明细序号,integer,否,0,否,否,,P1-内部,,设计字段,P058
sjg_oms,catering,group_meal_order_item,团餐订单明细项,子表,12,item_key,明细键,varchar(128),是,,否,否,,P1-内部,,设计字段,P058
sjg_oms,catering,group_meal_order_item,团餐订单明细项,子表,13,item_name,明细名称,varchar(255),是,,否,否,,P1-内部,,设计字段,P058
sjg_oms,catering,group_meal_order_item,团餐订单明细项,子表,14,item_value_text,文本值,text,是,,否,否,,P1-内部,,设计字段,P058
sjg_oms,catering,group_meal_order_item,团餐订单明细项,子表,15,item_value_number,数值,"numeric(24,8)",是,,否,否,,P1-内部,,设计字段,P058
sjg_oms,catering,group_meal_order_item,团餐订单明细项,子表,16,item_value_json,结构化值,jsonb,是,,否,否,,P1-内部,,设计字段,P058
sjg_oms,catering,group_meal_order_item,团餐订单明细项,子表,17,related_object_type,关联对象类型,varchar(128),是,,否,否,,P1-内部,,设计字段,P058
sjg_oms,catering,group_meal_order_item,团餐订单明细项,子表,18,related_object_id,关联对象ID,uuid,是,,否,否,,P1-内部,,设计字段,P058
sjg_oms,catering,group_meal_order_item,团餐订单明细项,子表,19,amount,金额,"numeric(18,2)",是,,否,否,,P1-内部,,设计字段,P058
sjg_oms,catering,group_meal_order_item,团餐订单明细项,子表,20,quantity,数量,"numeric(18,6)",是,,否,否,,P1-内部,,设计字段,P058
sjg_oms,catering,group_meal_order_item,团餐订单明细项,子表,21,sort_no,排序,integer,否,0,否,否,,P1-内部,,设计字段,P058
sjg_oms,catering,ingredient_acceptance,食材验收主表,主表,1,id,主键ID,uuid,否,gen_random_uuid(),是,否,,P1-内部,,设计字段,P059
sjg_oms,catering,ingredient_acceptance,食材验收主表,主表,2,tenant_id,租户ID,uuid,否,,否,否,core.tenant.id,P1-内部,所有业务唯一键必须包含tenant_id,设计字段,P059
sjg_oms,catering,ingredient_acceptance,食材验收主表,主表,3,business_no,业务单号,varchar(64),否,,否,是,,P1-内部,租户内唯一；由core.sequence_rule生成,设计字段,P059
sjg_oms,catering,ingredient_acceptance,食材验收主表,主表,4,workflow_instance_id,流程实例ID,uuid,是,,否,否,workflow.wf_instance.id,P1-内部,,设计字段,P059
sjg_oms,catering,ingredient_acceptance,食材验收主表,主表,5,status,业务状态,varchar(32),否,'DRAFT',否,否,,P1-内部,仅由状态机合法迁移,设计字段,P059
sjg_oms,catering,ingredient_acceptance,食材验收主表,主表,6,version_no,乐观锁版本,integer,否,0,否,否,,P1-内部,更新时version_no+1，冲突则拒绝,设计字段,P059
sjg_oms,catering,ingredient_acceptance,食材验收主表,主表,7,created_by,创建人,uuid,是,,否,否,org.employee.id,P1-内部,,设计字段,P059
sjg_oms,catering,ingredient_acceptance,食材验收主表,主表,8,created_at,创建时间,timestamptz,否,now(),否,否,,P1-内部,,设计字段,P059
sjg_oms,catering,ingredient_acceptance,食材验收主表,主表,9,updated_by,更新人,uuid,是,,否,否,org.employee.id,P1-内部,,设计字段,P059
sjg_oms,catering,ingredient_acceptance,食材验收主表,主表,10,updated_at,更新时间,timestamptz,否,now(),否,否,,P1-内部,,设计字段,P059
sjg_oms,catering,ingredient_acceptance,食材验收主表,主表,11,is_deleted,逻辑删除,boolean,否,false,否,否,,P1-内部,,设计字段,P059
sjg_oms,catering,ingredient_acceptance,食材验收主表,主表,12,deleted_at,删除时间,timestamptz,是,,否,否,,P1-内部,,设计字段,P059
sjg_oms,catering,ingredient_acceptance,食材验收主表,主表,13,source_channel,来源渠道,varchar(32),是,,否,否,,P1-内部,,设计字段,P059
sjg_oms,catering,ingredient_acceptance,食材验收主表,主表,14,business_date,业务日期,date,是,,否,否,,P1-内部,,设计字段,P059
sjg_oms,catering,ingredient_acceptance,食材验收主表,主表,15,subject,主题,varchar(255),是,,否,否,,P1-内部,,设计字段,P059
sjg_oms,catering,ingredient_acceptance,食材验收主表,主表,16,reason,原因,text,是,,否,否,,P1-内部,,设计字段,P059
sjg_oms,catering,ingredient_acceptance,食材验收主表,主表,17,priority,优先级,varchar(16),否,'NORMAL',否,否,,P1-内部,,设计字段,P059
sjg_oms,catering,ingredient_acceptance,食材验收主表,主表,18,risk_level,风险等级,varchar(16),是,,否,否,,P1-内部,,设计字段,P059
sjg_oms,catering,ingredient_acceptance,食材验收主表,主表,19,owner_center_id,归属中心,uuid,是,,否,否,org.organization.id,P1-内部,,设计字段,P059
sjg_oms,catering,ingredient_acceptance,食材验收主表,主表,20,owner_department_id,归属部门,uuid,是,,否,否,org.organization.id,P1-内部,,设计字段,P059
sjg_oms,catering,ingredient_acceptance,食材验收主表,主表,21,owner_employee_id,责任人,uuid,是,,否,否,org.employee.id,P1-内部,,设计字段,P059
sjg_oms,catering,ingredient_acceptance,食材验收主表,主表,22,planned_start_at,计划开始,timestamptz,是,,否,否,,P1-内部,,设计字段,P059
sjg_oms,catering,ingredient_acceptance,食材验收主表,主表,23,planned_finish_at,计划完成,timestamptz,是,,否,否,,P1-内部,,设计字段,P059
sjg_oms,catering,ingredient_acceptance,食材验收主表,主表,24,actual_start_at,实际开始,timestamptz,是,,否,否,,P1-内部,,设计字段,P059
sjg_oms,catering,ingredient_acceptance,食材验收主表,主表,25,actual_end_at,实际完成,timestamptz,是,,否,否,,P1-内部,,设计字段,P059
sjg_oms,catering,ingredient_acceptance,食材验收主表,主表,26,result_summary,结果摘要,text,是,,否,否,,P1-内部,,设计字段,P059
sjg_oms,catering,ingredient_acceptance,食材验收主表,主表,27,closed_at,关闭时间,timestamptz,是,,否,否,,P1-内部,,设计字段,P059
sjg_oms,catering,ingredient_acceptance,食材验收主表,主表,28,actual_amount,实际金额,"numeric(18,2)",是,,否,否,,P1-内部,,原始流程字段,P059
sjg_oms,catering,ingredient_acceptance,食材验收主表,主表,29,allergy_taboo,过敏/禁忌信息,text,是,,否,否,,P3-高度敏感,,原始流程字段,P059
sjg_oms,catering,ingredient_acceptance,食材验收主表,主表,30,item_asset_id,物料/资产编号,varchar(64),否,,否,否,,P1-内部,,原始流程字段,P059
sjg_oms,catering,ingredient_acceptance,食材验收主表,主表,31,item_asset_name,物料/资产名称,varchar(200),否,,否,否,,P1-内部,,原始流程字段,P059
sjg_oms,catering,ingredient_acceptance,食材验收主表,主表,32,meal_count,人数/份数,bigint,是,,否,否,,P1-内部,,原始流程字段,P059
sjg_oms,catering,ingredient_acceptance,食材验收主表,主表,33,meal_event_date,用餐/事件日期,date,否,,否,否,,P1-内部,,原始流程字段,P059
sjg_oms,catering,ingredient_acceptance,食材验收主表,主表,34,meal_standard,餐标,"numeric(18,2)",是,,否,否,,P1-内部,,原始流程字段,P059
sjg_oms,catering,ingredient_acceptance,食材验收主表,主表,35,meal_transaction_no,结算/交易编号,varchar(64),是,,否,否,,P1-内部,,原始流程字段,P059
sjg_oms,catering,ingredient_acceptance,食材验收主表,主表,36,meal_type,餐次/餐饮类型,varchar(64),否,,否,否,,P1-内部,,原始流程字段,P059
sjg_oms,catering,ingredient_acceptance,食材验收主表,主表,37,sample_no,留样编号,varchar(64),是,,否,否,,P1-内部,,原始流程字段,P059
sjg_oms,catering,ingredient_acceptance_item,食材验收明细项,子表,1,id,主键ID,uuid,否,gen_random_uuid(),是,否,,P1-内部,,设计字段,P059
sjg_oms,catering,ingredient_acceptance_item,食材验收明细项,子表,2,tenant_id,租户ID,uuid,否,,否,否,core.tenant.id,P1-内部,所有业务唯一键必须包含tenant_id,设计字段,P059
sjg_oms,catering,ingredient_acceptance_item,食材验收明细项,子表,3,created_by,创建人,uuid,是,,否,否,org.employee.id,P1-内部,,设计字段,P059
sjg_oms,catering,ingredient_acceptance_item,食材验收明细项,子表,4,created_at,创建时间,timestamptz,否,now(),否,否,,P1-内部,,设计字段,P059
sjg_oms,catering,ingredient_acceptance_item,食材验收明细项,子表,5,updated_by,更新人,uuid,是,,否,否,org.employee.id,P1-内部,,设计字段,P059
sjg_oms,catering,ingredient_acceptance_item,食材验收明细项,子表,6,updated_at,更新时间,timestamptz,否,now(),否,否,,P1-内部,,设计字段,P059
sjg_oms,catering,ingredient_acceptance_item,食材验收明细项,子表,7,is_deleted,逻辑删除,boolean,否,false,否,否,,P1-内部,,设计字段,P059
sjg_oms,catering,ingredient_acceptance_item,食材验收明细项,子表,8,deleted_at,删除时间,timestamptz,是,,否,否,,P1-内部,,设计字段,P059
sjg_oms,catering,ingredient_acceptance_item,食材验收明细项,子表,9,master_id,主表ID,uuid,否,,否,否,catering.ingredient_acceptance.id,P1-内部,,设计字段,P059
sjg_oms,catering,ingredient_acceptance_item,食材验收明细项,子表,10,field_code,来源字段编码,varchar(128),否,,否,否,,P1-内部,,设计字段,P059
sjg_oms,catering,ingredient_acceptance_item,食材验收明细项,子表,11,item_seq,明细序号,integer,否,0,否,否,,P1-内部,,设计字段,P059
sjg_oms,catering,ingredient_acceptance_item,食材验收明细项,子表,12,item_key,明细键,varchar(128),是,,否,否,,P1-内部,,设计字段,P059
sjg_oms,catering,ingredient_acceptance_item,食材验收明细项,子表,13,item_name,明细名称,varchar(255),是,,否,否,,P1-内部,,设计字段,P059
sjg_oms,catering,ingredient_acceptance_item,食材验收明细项,子表,14,item_value_text,文本值,text,是,,否,否,,P1-内部,,设计字段,P059
sjg_oms,catering,ingredient_acceptance_item,食材验收明细项,子表,15,item_value_number,数值,"numeric(24,8)",是,,否,否,,P1-内部,,设计字段,P059
sjg_oms,catering,ingredient_acceptance_item,食材验收明细项,子表,16,item_value_json,结构化值,jsonb,是,,否,否,,P1-内部,,设计字段,P059
sjg_oms,catering,ingredient_acceptance_item,食材验收明细项,子表,17,related_object_type,关联对象类型,varchar(128),是,,否,否,,P1-内部,,设计字段,P059
sjg_oms,catering,ingredient_acceptance_item,食材验收明细项,子表,18,related_object_id,关联对象ID,uuid,是,,否,否,,P1-内部,,设计字段,P059
sjg_oms,catering,ingredient_acceptance_item,食材验收明细项,子表,19,amount,金额,"numeric(18,2)",是,,否,否,,P1-内部,,设计字段,P059
sjg_oms,catering,ingredient_acceptance_item,食材验收明细项,子表,20,quantity,数量,"numeric(18,6)",是,,否,否,,P1-内部,,设计字段,P059
sjg_oms,catering,ingredient_acceptance_item,食材验收明细项,子表,21,sort_no,排序,integer,否,0,否,否,,P1-内部,,设计字段,P059
sjg_oms,catering,meal_card_settlement,餐卡结算主表,主表,1,id,主键ID,uuid,否,gen_random_uuid(),是,否,,P1-内部,,设计字段,P061
sjg_oms,catering,meal_card_settlement,餐卡结算主表,主表,2,tenant_id,租户ID,uuid,否,,否,否,core.tenant.id,P1-内部,所有业务唯一键必须包含tenant_id,设计字段,P061
sjg_oms,catering,meal_card_settlement,餐卡结算主表,主表,3,business_no,业务单号,varchar(64),否,,否,是,,P1-内部,租户内唯一；由core.sequence_rule生成,设计字段,P061
sjg_oms,catering,meal_card_settlement,餐卡结算主表,主表,4,workflow_instance_id,流程实例ID,uuid,是,,否,否,workflow.wf_instance.id,P1-内部,,设计字段,P061
sjg_oms,catering,meal_card_settlement,餐卡结算主表,主表,5,status,业务状态,varchar(32),否,'DRAFT',否,否,,P1-内部,仅由状态机合法迁移,设计字段,P061
sjg_oms,catering,meal_card_settlement,餐卡结算主表,主表,6,version_no,乐观锁版本,integer,否,0,否,否,,P1-内部,更新时version_no+1，冲突则拒绝,设计字段,P061
sjg_oms,catering,meal_card_settlement,餐卡结算主表,主表,7,created_by,创建人,uuid,是,,否,否,org.employee.id,P1-内部,,设计字段,P061
sjg_oms,catering,meal_card_settlement,餐卡结算主表,主表,8,created_at,创建时间,timestamptz,否,now(),否,否,,P1-内部,,设计字段,P061
sjg_oms,catering,meal_card_settlement,餐卡结算主表,主表,9,updated_by,更新人,uuid,是,,否,否,org.employee.id,P1-内部,,设计字段,P061
sjg_oms,catering,meal_card_settlement,餐卡结算主表,主表,10,updated_at,更新时间,timestamptz,否,now(),否,否,,P1-内部,,设计字段,P061
sjg_oms,catering,meal_card_settlement,餐卡结算主表,主表,11,is_deleted,逻辑删除,boolean,否,false,否,否,,P1-内部,,设计字段,P061
sjg_oms,catering,meal_card_settlement,餐卡结算主表,主表,12,deleted_at,删除时间,timestamptz,是,,否,否,,P1-内部,,设计字段,P061
sjg_oms,catering,meal_card_settlement,餐卡结算主表,主表,13,source_channel,来源渠道,varchar(32),是,,否,否,,P1-内部,,设计字段,P061
sjg_oms,catering,meal_card_settlement,餐卡结算主表,主表,14,business_date,业务日期,date,是,,否,否,,P1-内部,,设计字段,P061
sjg_oms,catering,meal_card_settlement,餐卡结算主表,主表,15,subject,主题,varchar(255),是,,否,否,,P1-内部,,设计字段,P061
sjg_oms,catering,meal_card_settlement,餐卡结算主表,主表,16,reason,原因,text,是,,否,否,,P1-内部,,设计字段,P061
sjg_oms,catering,meal_card_settlement,餐卡结算主表,主表,17,priority,优先级,varchar(16),否,'NORMAL',否,否,,P1-内部,,设计字段,P061
sjg_oms,catering,meal_card_settlement,餐卡结算主表,主表,18,risk_level,风险等级,varchar(16),是,,否,否,,P1-内部,,设计字段,P061
sjg_oms,catering,meal_card_settlement,餐卡结算主表,主表,19,owner_center_id,归属中心,uuid,是,,否,否,org.organization.id,P1-内部,,设计字段,P061
sjg_oms,catering,meal_card_settlement,餐卡结算主表,主表,20,owner_department_id,归属部门,uuid,是,,否,否,org.organization.id,P1-内部,,设计字段,P061
sjg_oms,catering,meal_card_settlement,餐卡结算主表,主表,21,owner_employee_id,责任人,uuid,是,,否,否,org.employee.id,P1-内部,,设计字段,P061
sjg_oms,catering,meal_card_settlement,餐卡结算主表,主表,22,planned_start_at,计划开始,timestamptz,是,,否,否,,P1-内部,,设计字段,P061
sjg_oms,catering,meal_card_settlement,餐卡结算主表,主表,23,planned_finish_at,计划完成,timestamptz,是,,否,否,,P1-内部,,设计字段,P061
sjg_oms,catering,meal_card_settlement,餐卡结算主表,主表,24,actual_start_at,实际开始,timestamptz,是,,否,否,,P1-内部,,设计字段,P061
sjg_oms,catering,meal_card_settlement,餐卡结算主表,主表,25,actual_end_at,实际完成,timestamptz,是,,否,否,,P1-内部,,设计字段,P061
sjg_oms,catering,meal_card_settlement,餐卡结算主表,主表,26,result_summary,结果摘要,text,是,,否,否,,P1-内部,,设计字段,P061
sjg_oms,catering,meal_card_settlement,餐卡结算主表,主表,27,closed_at,关闭时间,timestamptz,是,,否,否,,P1-内部,,设计字段,P061
sjg_oms,catering,meal_card_settlement,餐卡结算主表,主表,28,actual_amount,实际金额,"numeric(18,2)",是,,否,否,,P1-内部,,原始流程字段,P061
sjg_oms,catering,meal_card_settlement,餐卡结算主表,主表,29,allergy_taboo,过敏/禁忌信息,text,是,,否,否,,P3-高度敏感,,原始流程字段,P061
sjg_oms,catering,meal_card_settlement,餐卡结算主表,主表,30,budget_item_id,预算项目,varchar(32),是,,否,否,,P1-内部,,原始流程字段,P061
sjg_oms,catering,meal_card_settlement,餐卡结算主表,主表,31,change_action,操作类型,varchar(64),否,,否,否,,P1-内部,,原始流程字段,P061
sjg_oms,catering,meal_card_settlement,餐卡结算主表,主表,32,change_reason,变更原因,text,否,,否,否,,P1-内部,,原始流程字段,P061
sjg_oms,catering,meal_card_settlement,餐卡结算主表,主表,33,cost_center_id,成本中心,varchar(32),否,,否,否,,P1-内部,,原始流程字段,P061
sjg_oms,catering,meal_card_settlement,餐卡结算主表,主表,34,expected_effective_at,期望生效时间,timestamptz,是,,否,否,,P1-内部,,原始流程字段,P061
sjg_oms,catering,meal_card_settlement,餐卡结算主表,主表,35,known_impact,已知影响,text,是,,否,否,,P1-内部,,原始流程字段,P061
sjg_oms,catering,meal_card_settlement,餐卡结算主表,主表,36,meal_count,人数/份数,bigint,是,,否,否,,P1-内部,,原始流程字段,P061
sjg_oms,catering,meal_card_settlement,餐卡结算主表,主表,37,meal_event_date,用餐/事件日期,date,否,,否,否,,P1-内部,,原始流程字段,P061
sjg_oms,catering,meal_card_settlement,餐卡结算主表,主表,38,meal_standard,餐标,"numeric(18,2)",是,,否,否,,P1-内部,,原始流程字段,P061
sjg_oms,catering,meal_card_settlement,餐卡结算主表,主表,39,meal_transaction_no,结算/交易编号,varchar(64),是,,否,否,,P1-内部,,原始流程字段,P061
sjg_oms,catering,meal_card_settlement,餐卡结算主表,主表,40,meal_type,餐次/餐饮类型,varchar(64),否,,否,否,,P1-内部,,原始流程字段,P061
sjg_oms,catering,meal_card_settlement,餐卡结算主表,主表,41,sample_no,留样编号,varchar(64),是,,否,否,,P1-内部,,原始流程字段,P061
sjg_oms,catering,meal_card_settlement_item,餐卡结算明细项,子表,1,id,主键ID,uuid,否,gen_random_uuid(),是,否,,P1-内部,,设计字段,P061
sjg_oms,catering,meal_card_settlement_item,餐卡结算明细项,子表,2,tenant_id,租户ID,uuid,否,,否,否,core.tenant.id,P1-内部,所有业务唯一键必须包含tenant_id,设计字段,P061
sjg_oms,catering,meal_card_settlement_item,餐卡结算明细项,子表,3,created_by,创建人,uuid,是,,否,否,org.employee.id,P1-内部,,设计字段,P061
sjg_oms,catering,meal_card_settlement_item,餐卡结算明细项,子表,4,created_at,创建时间,timestamptz,否,now(),否,否,,P1-内部,,设计字段,P061
sjg_oms,catering,meal_card_settlement_item,餐卡结算明细项,子表,5,updated_by,更新人,uuid,是,,否,否,org.employee.id,P1-内部,,设计字段,P061
sjg_oms,catering,meal_card_settlement_item,餐卡结算明细项,子表,6,updated_at,更新时间,timestamptz,否,now(),否,否,,P1-内部,,设计字段,P061
sjg_oms,catering,meal_card_settlement_item,餐卡结算明细项,子表,7,is_deleted,逻辑删除,boolean,否,false,否,否,,P1-内部,,设计字段,P061
sjg_oms,catering,meal_card_settlement_item,餐卡结算明细项,子表,8,deleted_at,删除时间,timestamptz,是,,否,否,,P1-内部,,设计字段,P061
sjg_oms,catering,meal_card_settlement_item,餐卡结算明细项,子表,9,master_id,主表ID,uuid,否,,否,否,catering.meal_card_settlement.id,P1-内部,,设计字段,P061
sjg_oms,catering,meal_card_settlement_item,餐卡结算明细项,子表,10,field_code,来源字段编码,varchar(128),否,,否,否,,P1-内部,,设计字段,P061
sjg_oms,catering,meal_card_settlement_item,餐卡结算明细项,子表,11,item_seq,明细序号,integer,否,0,否,否,,P1-内部,,设计字段,P061
sjg_oms,catering,meal_card_settlement_item,餐卡结算明细项,子表,12,item_key,明细键,varchar(128),是,,否,否,,P1-内部,,设计字段,P061
sjg_oms,catering,meal_card_settlement_item,餐卡结算明细项,子表,13,item_name,明细名称,varchar(255),是,,否,否,,P1-内部,,设计字段,P061
sjg_oms,catering,meal_card_settlement_item,餐卡结算明细项,子表,14,item_value_text,文本值,text,是,,否,否,,P1-内部,,设计字段,P061
sjg_oms,catering,meal_card_settlement_item,餐卡结算明细项,子表,15,item_value_number,数值,"numeric(24,8)",是,,否,否,,P1-内部,,设计字段,P061
sjg_oms,catering,meal_card_settlement_item,餐卡结算明细项,子表,16,item_value_json,结构化值,jsonb,是,,否,否,,P1-内部,,设计字段,P061
sjg_oms,catering,meal_card_settlement_item,餐卡结算明细项,子表,17,related_object_type,关联对象类型,varchar(128),是,,否,否,,P1-内部,,设计字段,P061
sjg_oms,catering,meal_card_settlement_item,餐卡结算明细项,子表,18,related_object_id,关联对象ID,uuid,是,,否,否,,P1-内部,,设计字段,P061
sjg_oms,catering,meal_card_settlement_item,餐卡结算明细项,子表,19,amount,金额,"numeric(18,2)",是,,否,否,,P1-内部,,设计字段,P061
sjg_oms,catering,meal_card_settlement_item,餐卡结算明细项,子表,20,quantity,数量,"numeric(18,6)",是,,否,否,,P1-内部,,设计字段,P061
sjg_oms,catering,meal_card_settlement_item,餐卡结算明细项,子表,21,sort_no,排序,integer,否,0,否,否,,P1-内部,,设计字段,P061
sjg_oms,cleaning,cleaning_task,清洁任务主表,主表,1,id,主键ID,uuid,否,gen_random_uuid(),是,否,,P1-内部,,设计字段,P066
sjg_oms,cleaning,cleaning_task,清洁任务主表,主表,2,tenant_id,租户ID,uuid,否,,否,否,core.tenant.id,P1-内部,所有业务唯一键必须包含tenant_id,设计字段,P066
sjg_oms,cleaning,cleaning_task,清洁任务主表,主表,3,business_no,业务单号,varchar(64),否,,否,是,,P1-内部,租户内唯一；由core.sequence_rule生成,设计字段,P066
sjg_oms,cleaning,cleaning_task,清洁任务主表,主表,4,workflow_instance_id,流程实例ID,uuid,是,,否,否,workflow.wf_instance.id,P1-内部,,设计字段,P066
sjg_oms,cleaning,cleaning_task,清洁任务主表,主表,5,status,业务状态,varchar(32),否,'DRAFT',否,否,,P1-内部,仅由状态机合法迁移,设计字段,P066
sjg_oms,cleaning,cleaning_task,清洁任务主表,主表,6,version_no,乐观锁版本,integer,否,0,否,否,,P1-内部,更新时version_no+1，冲突则拒绝,设计字段,P066
sjg_oms,cleaning,cleaning_task,清洁任务主表,主表,7,created_by,创建人,uuid,是,,否,否,org.employee.id,P1-内部,,设计字段,P066
sjg_oms,cleaning,cleaning_task,清洁任务主表,主表,8,created_at,创建时间,timestamptz,否,now(),否,否,,P1-内部,,设计字段,P066
sjg_oms,cleaning,cleaning_task,清洁任务主表,主表,9,updated_by,更新人,uuid,是,,否,否,org.employee.id,P1-内部,,设计字段,P066
sjg_oms,cleaning,cleaning_task,清洁任务主表,主表,10,updated_at,更新时间,timestamptz,否,now(),否,否,,P1-内部,,设计字段,P066
sjg_oms,cleaning,cleaning_task,清洁任务主表,主表,11,is_deleted,逻辑删除,boolean,否,false,否,否,,P1-内部,,设计字段,P066
sjg_oms,cleaning,cleaning_task,清洁任务主表,主表,12,deleted_at,删除时间,timestamptz,是,,否,否,,P1-内部,,设计字段,P066
sjg_oms,cleaning,cleaning_task,清洁任务主表,主表,13,source_channel,来源渠道,varchar(32),是,,否,否,,P1-内部,,设计字段,P066
sjg_oms,cleaning,cleaning_task,清洁任务主表,主表,14,business_date,业务日期,date,是,,否,否,,P1-内部,,设计字段,P066
sjg_oms,cleaning,cleaning_task,清洁任务主表,主表,15,subject,主题,varchar(255),是,,否,否,,P1-内部,,设计字段,P066
sjg_oms,cleaning,cleaning_task,清洁任务主表,主表,16,reason,原因,text,是,,否,否,,P1-内部,,设计字段,P066
sjg_oms,cleaning,cleaning_task,清洁任务主表,主表,17,priority,优先级,varchar(16),否,'NORMAL',否,否,,P1-内部,,设计字段,P066
sjg_oms,cleaning,cleaning_task,清洁任务主表,主表,18,risk_level,风险等级,varchar(16),是,,否,否,,P1-内部,,设计字段,P066
sjg_oms,cleaning,cleaning_task,清洁任务主表,主表,19,owner_center_id,归属中心,uuid,是,,否,否,org.organization.id,P1-内部,,设计字段,P066
sjg_oms,cleaning,cleaning_task,清洁任务主表,主表,20,owner_department_id,归属部门,uuid,是,,否,否,org.organization.id,P1-内部,,设计字段,P066
sjg_oms,cleaning,cleaning_task,清洁任务主表,主表,21,owner_employee_id,责任人,uuid,是,,否,否,org.employee.id,P1-内部,,设计字段,P066
sjg_oms,cleaning,cleaning_task,清洁任务主表,主表,22,planned_start_at,计划开始,timestamptz,是,,否,否,,P1-内部,,设计字段,P066
sjg_oms,cleaning,cleaning_task,清洁任务主表,主表,23,planned_finish_at,计划完成,timestamptz,是,,否,否,,P1-内部,,设计字段,P066
sjg_oms,cleaning,cleaning_task,清洁任务主表,主表,24,actual_start_at,实际开始,timestamptz,是,,否,否,,P1-内部,,设计字段,P066
sjg_oms,cleaning,cleaning_task,清洁任务主表,主表,25,actual_end_at,实际完成,timestamptz,是,,否,否,,P1-内部,,设计字段,P066
sjg_oms,cleaning,cleaning_task,清洁任务主表,主表,26,result_summary,结果摘要,text,是,,否,否,,P1-内部,,设计字段,P066
sjg_oms,cleaning,cleaning_task,清洁任务主表,主表,27,closed_at,关闭时间,timestamptz,是,,否,否,,P1-内部,,设计字段,P066
sjg_oms,cleaning,cleaning_task,清洁任务主表,主表,28,actual_amount,实际金额,"numeric(18,2)",是,,否,否,,P1-内部,,原始流程字段,P066
sjg_oms,cleaning,cleaning_task,清洁任务主表,主表,29,attendance_type,假勤类型,varchar(64),否,,否,否,,P1-内部,,原始流程字段,P066
sjg_oms,cleaning,cleaning_task,清洁任务主表,主表,30,cleaning_area_id,作业区域,varchar(64),否,,否,否,,P1-内部,,原始流程字段,P066
sjg_oms,cleaning,cleaning_task,清洁任务主表,主表,31,cleaning_standard_version,作业标准版本,varchar(32),否,,否,否,,P1-内部,,原始流程字段,P066
sjg_oms,cleaning,cleaning_task,清洁任务主表,主表,32,cleaning_time,计划/实际作业时间,timestamptz,否,,否,否,,P1-内部,,原始流程字段,P066
sjg_oms,cleaning,cleaning_task,清洁任务主表,主表,33,cleaning_type,作业类型,varchar(64),否,,否,否,,P1-内部,,原始流程字段,P066
sjg_oms,cleaning,cleaning_task,清洁任务主表,主表,34,duration_hours,折算时长（小时）,"numeric(18,6)",否,,否,否,,P1-内部,不得小于0,原始流程字段,P066
sjg_oms,cleaning,cleaning_task,清洁任务主表,主表,35,end_at,结束时间,timestamptz,否,,否,否,,P1-内部,不得早于开始时间,原始流程字段,P066
sjg_oms,cleaning,cleaning_task,清洁任务主表,主表,36,inspection_result,巡检/验收结果,varchar(64),是,,否,否,,P1-内部,,原始流程字段,P066
sjg_oms,cleaning,cleaning_task,清洁任务主表,主表,37,self_check_result,自检结果,varchar(64),是,,否,否,,P1-内部,,原始流程字段,P066
sjg_oms,cleaning,cleaning_task,清洁任务主表,主表,38,start_at,开始时间,timestamptz,否,,否,否,,P1-内部,,原始流程字段,P066
sjg_oms,cleaning,cleaning_task_item,清洁任务明细项,子表,1,id,主键ID,uuid,否,gen_random_uuid(),是,否,,P1-内部,,设计字段,P066
sjg_oms,cleaning,cleaning_task_item,清洁任务明细项,子表,2,tenant_id,租户ID,uuid,否,,否,否,core.tenant.id,P1-内部,所有业务唯一键必须包含tenant_id,设计字段,P066
sjg_oms,cleaning,cleaning_task_item,清洁任务明细项,子表,3,created_by,创建人,uuid,是,,否,否,org.employee.id,P1-内部,,设计字段,P066
sjg_oms,cleaning,cleaning_task_item,清洁任务明细项,子表,4,created_at,创建时间,timestamptz,否,now(),否,否,,P1-内部,,设计字段,P066
sjg_oms,cleaning,cleaning_task_item,清洁任务明细项,子表,5,updated_by,更新人,uuid,是,,否,否,org.employee.id,P1-内部,,设计字段,P066
sjg_oms,cleaning,cleaning_task_item,清洁任务明细项,子表,6,updated_at,更新时间,timestamptz,否,now(),否,否,,P1-内部,,设计字段,P066
sjg_oms,cleaning,cleaning_task_item,清洁任务明细项,子表,7,is_deleted,逻辑删除,boolean,否,false,否,否,,P1-内部,,设计字段,P066
sjg_oms,cleaning,cleaning_task_item,清洁任务明细项,子表,8,deleted_at,删除时间,timestamptz,是,,否,否,,P1-内部,,设计字段,P066
sjg_oms,cleaning,cleaning_task_item,清洁任务明细项,子表,9,master_id,主表ID,uuid,否,,否,否,cleaning.cleaning_task.id,P1-内部,,设计字段,P066
sjg_oms,cleaning,cleaning_task_item,清洁任务明细项,子表,10,field_code,来源字段编码,varchar(128),否,,否,否,,P1-内部,,设计字段,P066
sjg_oms,cleaning,cleaning_task_item,清洁任务明细项,子表,11,item_seq,明细序号,integer,否,0,否,否,,P1-内部,,设计字段,P066
sjg_oms,cleaning,cleaning_task_item,清洁任务明细项,子表,12,item_key,明细键,varchar(128),是,,否,否,,P1-内部,,设计字段,P066
sjg_oms,cleaning,cleaning_task_item,清洁任务明细项,子表,13,item_name,明细名称,varchar(255),是,,否,否,,P1-内部,,设计字段,P066
sjg_oms,cleaning,cleaning_task_item,清洁任务明细项,子表,14,item_value_text,文本值,text,是,,否,否,,P1-内部,,设计字段,P066
sjg_oms,cleaning,cleaning_task_item,清洁任务明细项,子表,15,item_value_number,数值,"numeric(24,8)",是,,否,否,,P1-内部,,设计字段,P066
sjg_oms,cleaning,cleaning_task_item,清洁任务明细项,子表,16,item_value_json,结构化值,jsonb,是,,否,否,,P1-内部,,设计字段,P066
sjg_oms,cleaning,cleaning_task_item,清洁任务明细项,子表,17,related_object_type,关联对象类型,varchar(128),是,,否,否,,P1-内部,,设计字段,P066
sjg_oms,cleaning,cleaning_task_item,清洁任务明细项,子表,18,related_object_id,关联对象ID,uuid,是,,否,否,,P1-内部,,设计字段,P066
sjg_oms,cleaning,cleaning_task_item,清洁任务明细项,子表,19,amount,金额,"numeric(18,2)",是,,否,否,,P1-内部,,设计字段,P066
sjg_oms,cleaning,cleaning_task_item,清洁任务明细项,子表,20,quantity,数量,"numeric(18,6)",是,,否,否,,P1-内部,,设计字段,P066
sjg_oms,cleaning,cleaning_task_item,清洁任务明细项,子表,21,sort_no,排序,integer,否,0,否,否,,P1-内部,,设计字段,P066
sjg_oms,cleaning,event_support,环卫活动保障主表,主表,1,id,主键ID,uuid,否,gen_random_uuid(),是,否,,P1-内部,,设计字段,P068
sjg_oms,cleaning,event_support,环卫活动保障主表,主表,2,tenant_id,租户ID,uuid,否,,否,否,core.tenant.id,P1-内部,所有业务唯一键必须包含tenant_id,设计字段,P068
sjg_oms,cleaning,event_support,环卫活动保障主表,主表,3,business_no,业务单号,varchar(64),否,,否,是,,P1-内部,租户内唯一；由core.sequence_rule生成,设计字段,P068
sjg_oms,cleaning,event_support,环卫活动保障主表,主表,4,workflow_instance_id,流程实例ID,uuid,是,,否,否,workflow.wf_instance.id,P1-内部,,设计字段,P068
sjg_oms,cleaning,event_support,环卫活动保障主表,主表,5,status,业务状态,varchar(32),否,'DRAFT',否,否,,P1-内部,仅由状态机合法迁移,设计字段,P068
sjg_oms,cleaning,event_support,环卫活动保障主表,主表,6,version_no,乐观锁版本,integer,否,0,否,否,,P1-内部,更新时version_no+1，冲突则拒绝,设计字段,P068
sjg_oms,cleaning,event_support,环卫活动保障主表,主表,7,created_by,创建人,uuid,是,,否,否,org.employee.id,P1-内部,,设计字段,P068
sjg_oms,cleaning,event_support,环卫活动保障主表,主表,8,created_at,创建时间,timestamptz,否,now(),否,否,,P1-内部,,设计字段,P068
sjg_oms,cleaning,event_support,环卫活动保障主表,主表,9,updated_by,更新人,uuid,是,,否,否,org.employee.id,P1-内部,,设计字段,P068
sjg_oms,cleaning,event_support,环卫活动保障主表,主表,10,updated_at,更新时间,timestamptz,否,now(),否,否,,P1-内部,,设计字段,P068
sjg_oms,cleaning,event_support,环卫活动保障主表,主表,11,is_deleted,逻辑删除,boolean,否,false,否,否,,P1-内部,,设计字段,P068
sjg_oms,cleaning,event_support,环卫活动保障主表,主表,12,deleted_at,删除时间,timestamptz,是,,否,否,,P1-内部,,设计字段,P068
sjg_oms,cleaning,event_support,环卫活动保障主表,主表,13,source_channel,来源渠道,varchar(32),是,,否,否,,P1-内部,,设计字段,P068
sjg_oms,cleaning,event_support,环卫活动保障主表,主表,14,business_date,业务日期,date,是,,否,否,,P1-内部,,设计字段,P068
sjg_oms,cleaning,event_support,环卫活动保障主表,主表,15,subject,主题,varchar(255),是,,否,否,,P1-内部,,设计字段,P068
sjg_oms,cleaning,event_support,环卫活动保障主表,主表,16,reason,原因,text,是,,否,否,,P1-内部,,设计字段,P068
sjg_oms,cleaning,event_support,环卫活动保障主表,主表,17,priority,优先级,varchar(16),否,'NORMAL',否,否,,P1-内部,,设计字段,P068
sjg_oms,cleaning,event_support,环卫活动保障主表,主表,18,risk_level,风险等级,varchar(16),是,,否,否,,P1-内部,,设计字段,P068
sjg_oms,cleaning,event_support,环卫活动保障主表,主表,19,owner_center_id,归属中心,uuid,是,,否,否,org.organization.id,P1-内部,,设计字段,P068
sjg_oms,cleaning,event_support,环卫活动保障主表,主表,20,owner_department_id,归属部门,uuid,是,,否,否,org.organization.id,P1-内部,,设计字段,P068
sjg_oms,cleaning,event_support,环卫活动保障主表,主表,21,owner_employee_id,责任人,uuid,是,,否,否,org.employee.id,P1-内部,,设计字段,P068
sjg_oms,cleaning,event_support,环卫活动保障主表,主表,22,planned_start_at,计划开始,timestamptz,是,,否,否,,P1-内部,,设计字段,P068
sjg_oms,cleaning,event_support,环卫活动保障主表,主表,23,planned_finish_at,计划完成,timestamptz,是,,否,否,,P1-内部,,设计字段,P068
sjg_oms,cleaning,event_support,环卫活动保障主表,主表,24,actual_start_at,实际开始,timestamptz,是,,否,否,,P1-内部,,设计字段,P068
sjg_oms,cleaning,event_support,环卫活动保障主表,主表,25,actual_end_at,实际完成,timestamptz,是,,否,否,,P1-内部,,设计字段,P068
sjg_oms,cleaning,event_support,环卫活动保障主表,主表,26,result_summary,结果摘要,text,是,,否,否,,P1-内部,,设计字段,P068
sjg_oms,cleaning,event_support,环卫活动保障主表,主表,27,closed_at,关闭时间,timestamptz,是,,否,否,,P1-内部,,设计字段,P068
sjg_oms,cleaning,event_support,环卫活动保障主表,主表,28,actual_amount,实际金额,"numeric(18,2)",是,,否,否,,P1-内部,,原始流程字段,P068
sjg_oms,cleaning,event_support,环卫活动保障主表,主表,29,campaign_goal,活动目标,text,否,,否,否,,P1-内部,,原始流程字段,P068
sjg_oms,cleaning,event_support,环卫活动保障主表,主表,30,campaign_name,活动名称,varchar(200),否,,否,否,,P1-内部,,原始流程字段,P068
sjg_oms,cleaning,event_support,环卫活动保障主表,主表,31,campaign_no,活动/项目编号,varchar(32),否,,否,否,,P1-内部,,原始流程字段,P068
sjg_oms,cleaning,event_support,环卫活动保障主表,主表,32,cleaning_area_id,作业区域,varchar(64),否,,否,否,,P1-内部,,原始流程字段,P068
sjg_oms,cleaning,event_support,环卫活动保障主表,主表,33,cleaning_standard_version,作业标准版本,varchar(32),否,,否,否,,P1-内部,,原始流程字段,P068
sjg_oms,cleaning,event_support,环卫活动保障主表,主表,34,cleaning_time,计划/实际作业时间,timestamptz,否,,否,否,,P1-内部,,原始流程字段,P068
sjg_oms,cleaning,event_support,环卫活动保障主表,主表,35,cleaning_type,作业类型,varchar(64),否,,否,否,,P1-内部,,原始流程字段,P068
sjg_oms,cleaning,event_support,环卫活动保障主表,主表,36,inspection_result,巡检/验收结果,varchar(64),是,,否,否,,P1-内部,,原始流程字段,P068
sjg_oms,cleaning,event_support,环卫活动保障主表,主表,37,self_check_result,自检结果,varchar(64),是,,否,否,,P1-内部,,原始流程字段,P068
sjg_oms,cleaning,event_support,环卫活动保障主表,主表,38,target_audience_desc,目标人群,text,是,,否,否,,P1-内部,,原始流程字段,P068
sjg_oms,cleaning,event_support_item,环卫活动保障明细项,子表,1,id,主键ID,uuid,否,gen_random_uuid(),是,否,,P1-内部,,设计字段,P068
sjg_oms,cleaning,event_support_item,环卫活动保障明细项,子表,2,tenant_id,租户ID,uuid,否,,否,否,core.tenant.id,P1-内部,所有业务唯一键必须包含tenant_id,设计字段,P068
sjg_oms,cleaning,event_support_item,环卫活动保障明细项,子表,3,created_by,创建人,uuid,是,,否,否,org.employee.id,P1-内部,,设计字段,P068
sjg_oms,cleaning,event_support_item,环卫活动保障明细项,子表,4,created_at,创建时间,timestamptz,否,now(),否,否,,P1-内部,,设计字段,P068
sjg_oms,cleaning,event_support_item,环卫活动保障明细项,子表,5,updated_by,更新人,uuid,是,,否,否,org.employee.id,P1-内部,,设计字段,P068
sjg_oms,cleaning,event_support_item,环卫活动保障明细项,子表,6,updated_at,更新时间,timestamptz,否,now(),否,否,,P1-内部,,设计字段,P068
sjg_oms,cleaning,event_support_item,环卫活动保障明细项,子表,7,is_deleted,逻辑删除,boolean,否,false,否,否,,P1-内部,,设计字段,P068
sjg_oms,cleaning,event_support_item,环卫活动保障明细项,子表,8,deleted_at,删除时间,timestamptz,是,,否,否,,P1-内部,,设计字段,P068
sjg_oms,cleaning,event_support_item,环卫活动保障明细项,子表,9,master_id,主表ID,uuid,否,,否,否,cleaning.event_support.id,P1-内部,,设计字段,P068
sjg_oms,cleaning,event_support_item,环卫活动保障明细项,子表,10,field_code,来源字段编码,varchar(128),否,,否,否,,P1-内部,,设计字段,P068
sjg_oms,cleaning,event_support_item,环卫活动保障明细项,子表,11,item_seq,明细序号,integer,否,0,否,否,,P1-内部,,设计字段,P068
sjg_oms,cleaning,event_support_item,环卫活动保障明细项,子表,12,item_key,明细键,varchar(128),是,,否,否,,P1-内部,,设计字段,P068
sjg_oms,cleaning,event_support_item,环卫活动保障明细项,子表,13,item_name,明细名称,varchar(255),是,,否,否,,P1-内部,,设计字段,P068
sjg_oms,cleaning,event_support_item,环卫活动保障明细项,子表,14,item_value_text,文本值,text,是,,否,否,,P1-内部,,设计字段,P068
sjg_oms,cleaning,event_support_item,环卫活动保障明细项,子表,15,item_value_number,数值,"numeric(24,8)",是,,否,否,,P1-内部,,设计字段,P068
sjg_oms,cleaning,event_support_item,环卫活动保障明细项,子表,16,item_value_json,结构化值,jsonb,是,,否,否,,P1-内部,,设计字段,P068
sjg_oms,cleaning,event_support_item,环卫活动保障明细项,子表,17,related_object_type,关联对象类型,varchar(128),是,,否,否,,P1-内部,,设计字段,P068
sjg_oms,cleaning,event_support_item,环卫活动保障明细项,子表,18,related_object_id,关联对象ID,uuid,是,,否,否,,P1-内部,,设计字段,P068
sjg_oms,cleaning,event_support_item,环卫活动保障明细项,子表,19,amount,金额,"numeric(18,2)",是,,否,否,,P1-内部,,设计字段,P068
sjg_oms,cleaning,event_support_item,环卫活动保障明细项,子表,20,quantity,数量,"numeric(18,6)",是,,否,否,,P1-内部,,设计字段,P068
sjg_oms,cleaning,event_support_item,环卫活动保障明细项,子表,21,sort_no,排序,integer,否,0,否,否,,P1-内部,,设计字段,P068
sjg_oms,cleaning,pollution_incident,污染应急事件主表,主表,1,id,主键ID,uuid,否,gen_random_uuid(),是,否,,P1-内部,,设计字段,P067
sjg_oms,cleaning,pollution_incident,污染应急事件主表,主表,2,tenant_id,租户ID,uuid,否,,否,否,core.tenant.id,P1-内部,所有业务唯一键必须包含tenant_id,设计字段,P067
sjg_oms,cleaning,pollution_incident,污染应急事件主表,主表,3,business_no,业务单号,varchar(64),否,,否,是,,P1-内部,租户内唯一；由core.sequence_rule生成,设计字段,P067
sjg_oms,cleaning,pollution_incident,污染应急事件主表,主表,4,workflow_instance_id,流程实例ID,uuid,是,,否,否,workflow.wf_instance.id,P1-内部,,设计字段,P067
sjg_oms,cleaning,pollution_incident,污染应急事件主表,主表,5,status,业务状态,varchar(32),否,'DRAFT',否,否,,P1-内部,仅由状态机合法迁移,设计字段,P067
sjg_oms,cleaning,pollution_incident,污染应急事件主表,主表,6,version_no,乐观锁版本,integer,否,0,否,否,,P1-内部,更新时version_no+1，冲突则拒绝,设计字段,P067
sjg_oms,cleaning,pollution_incident,污染应急事件主表,主表,7,created_by,创建人,uuid,是,,否,否,org.employee.id,P1-内部,,设计字段,P067
sjg_oms,cleaning,pollution_incident,污染应急事件主表,主表,8,created_at,创建时间,timestamptz,否,now(),否,否,,P1-内部,,设计字段,P067
sjg_oms,cleaning,pollution_incident,污染应急事件主表,主表,9,updated_by,更新人,uuid,是,,否,否,org.employee.id,P1-内部,,设计字段,P067
sjg_oms,cleaning,pollution_incident,污染应急事件主表,主表,10,updated_at,更新时间,timestamptz,否,now(),否,否,,P1-内部,,设计字段,P067
sjg_oms,cleaning,pollution_incident,污染应急事件主表,主表,11,is_deleted,逻辑删除,boolean,否,false,否,否,,P1-内部,,设计字段,P067
sjg_oms,cleaning,pollution_incident,污染应急事件主表,主表,12,deleted_at,删除时间,timestamptz,是,,否,否,,P1-内部,,设计字段,P067
sjg_oms,cleaning,pollution_incident,污染应急事件主表,主表,13,source_channel,来源渠道,varchar(32),是,,否,否,,P1-内部,,设计字段,P067
sjg_oms,cleaning,pollution_incident,污染应急事件主表,主表,14,business_date,业务日期,date,是,,否,否,,P1-内部,,设计字段,P067
sjg_oms,cleaning,pollution_incident,污染应急事件主表,主表,15,subject,主题,varchar(255),是,,否,否,,P1-内部,,设计字段,P067
sjg_oms,cleaning,pollution_incident,污染应急事件主表,主表,16,reason,原因,text,是,,否,否,,P1-内部,,设计字段,P067
sjg_oms,cleaning,pollution_incident,污染应急事件主表,主表,17,priority,优先级,varchar(16),否,'NORMAL',否,否,,P1-内部,,设计字段,P067
sjg_oms,cleaning,pollution_incident,污染应急事件主表,主表,18,risk_level,风险等级,varchar(16),是,,否,否,,P1-内部,,设计字段,P067
sjg_oms,cleaning,pollution_incident,污染应急事件主表,主表,19,owner_center_id,归属中心,uuid,是,,否,否,org.organization.id,P1-内部,,设计字段,P067
sjg_oms,cleaning,pollution_incident,污染应急事件主表,主表,20,owner_department_id,归属部门,uuid,是,,否,否,org.organization.id,P1-内部,,设计字段,P067
sjg_oms,cleaning,pollution_incident,污染应急事件主表,主表,21,owner_employee_id,责任人,uuid,是,,否,否,org.employee.id,P1-内部,,设计字段,P067
sjg_oms,cleaning,pollution_incident,污染应急事件主表,主表,22,planned_start_at,计划开始,timestamptz,是,,否,否,,P1-内部,,设计字段,P067
sjg_oms,cleaning,pollution_incident,污染应急事件主表,主表,23,planned_finish_at,计划完成,timestamptz,是,,否,否,,P1-内部,,设计字段,P067
sjg_oms,cleaning,pollution_incident,污染应急事件主表,主表,24,actual_start_at,实际开始,timestamptz,是,,否,否,,P1-内部,,设计字段,P067
sjg_oms,cleaning,pollution_incident,污染应急事件主表,主表,25,actual_end_at,实际完成,timestamptz,是,,否,否,,P1-内部,,设计字段,P067
sjg_oms,cleaning,pollution_incident,污染应急事件主表,主表,26,result_summary,结果摘要,text,是,,否,否,,P1-内部,,设计字段,P067
sjg_oms,cleaning,pollution_incident,污染应急事件主表,主表,27,closed_at,关闭时间,timestamptz,是,,否,否,,P1-内部,,设计字段,P067
sjg_oms,cleaning,pollution_incident,污染应急事件主表,主表,28,actual_amount,实际金额,"numeric(18,2)",是,,否,否,,P1-内部,,原始流程字段,P067
sjg_oms,cleaning,pollution_incident,污染应急事件主表,主表,29,cleaning_area_id,作业区域,varchar(64),否,,否,否,,P1-内部,,原始流程字段,P067
sjg_oms,cleaning,pollution_incident,污染应急事件主表,主表,30,cleaning_standard_version,作业标准版本,varchar(32),否,,否,否,,P1-内部,,原始流程字段,P067
sjg_oms,cleaning,pollution_incident,污染应急事件主表,主表,31,cleaning_time,计划/实际作业时间,timestamptz,否,,否,否,,P1-内部,,原始流程字段,P067
sjg_oms,cleaning,pollution_incident,污染应急事件主表,主表,32,cleaning_type,作业类型,varchar(64),否,,否,否,,P1-内部,,原始流程字段,P067
sjg_oms,cleaning,pollution_incident,污染应急事件主表,主表,33,incident_area_id,发生区域,varchar(64),否,,否,否,,P1-内部,,原始流程字段,P067
sjg_oms,cleaning,pollution_incident,污染应急事件主表,主表,34,incident_occurred_at,发生时间,timestamptz,否,,否,否,,P1-内部,,原始流程字段,P067
sjg_oms,cleaning,pollution_incident,污染应急事件主表,主表,35,incident_patrol_no,事件/巡检编号,varchar(64),否,,否,否,,P1-内部,,原始流程字段,P067
sjg_oms,cleaning,pollution_incident,污染应急事件主表,主表,36,incident_type,事件类型,varchar(64),否,,否,否,,P1-内部,,原始流程字段,P067
sjg_oms,cleaning,pollution_incident,污染应急事件主表,主表,37,inspection_result,巡检/验收结果,varchar(64),是,,否,否,,P1-内部,,原始流程字段,P067
sjg_oms,cleaning,pollution_incident,污染应急事件主表,主表,38,self_check_result,自检结果,varchar(64),是,,否,否,,P1-内部,,原始流程字段,P067
sjg_oms,cleaning,pollution_incident_item,污染应急事件明细项,子表,1,id,主键ID,uuid,否,gen_random_uuid(),是,否,,P1-内部,,设计字段,P067
sjg_oms,cleaning,pollution_incident_item,污染应急事件明细项,子表,2,tenant_id,租户ID,uuid,否,,否,否,core.tenant.id,P1-内部,所有业务唯一键必须包含tenant_id,设计字段,P067
sjg_oms,cleaning,pollution_incident_item,污染应急事件明细项,子表,3,created_by,创建人,uuid,是,,否,否,org.employee.id,P1-内部,,设计字段,P067
sjg_oms,cleaning,pollution_incident_item,污染应急事件明细项,子表,4,created_at,创建时间,timestamptz,否,now(),否,否,,P1-内部,,设计字段,P067
sjg_oms,cleaning,pollution_incident_item,污染应急事件明细项,子表,5,updated_by,更新人,uuid,是,,否,否,org.employee.id,P1-内部,,设计字段,P067
sjg_oms,cleaning,pollution_incident_item,污染应急事件明细项,子表,6,updated_at,更新时间,timestamptz,否,now(),否,否,,P1-内部,,设计字段,P067
sjg_oms,cleaning,pollution_incident_item,污染应急事件明细项,子表,7,is_deleted,逻辑删除,boolean,否,false,否,否,,P1-内部,,设计字段,P067
sjg_oms,cleaning,pollution_incident_item,污染应急事件明细项,子表,8,deleted_at,删除时间,timestamptz,是,,否,否,,P1-内部,,设计字段,P067
sjg_oms,cleaning,pollution_incident_item,污染应急事件明细项,子表,9,master_id,主表ID,uuid,否,,否,否,cleaning.pollution_incident.id,P1-内部,,设计字段,P067
sjg_oms,cleaning,pollution_incident_item,污染应急事件明细项,子表,10,field_code,来源字段编码,varchar(128),否,,否,否,,P1-内部,,设计字段,P067
sjg_oms,cleaning,pollution_incident_item,污染应急事件明细项,子表,11,item_seq,明细序号,integer,否,0,否,否,,P1-内部,,设计字段,P067
sjg_oms,cleaning,pollution_incident_item,污染应急事件明细项,子表,12,item_key,明细键,varchar(128),是,,否,否,,P1-内部,,设计字段,P067
sjg_oms,cleaning,pollution_incident_item,污染应急事件明细项,子表,13,item_name,明细名称,varchar(255),是,,否,否,,P1-内部,,设计字段,P067
sjg_oms,cleaning,pollution_incident_item,污染应急事件明细项,子表,14,item_value_text,文本值,text,是,,否,否,,P1-内部,,设计字段,P067
sjg_oms,cleaning,pollution_incident_item,污染应急事件明细项,子表,15,item_value_number,数值,"numeric(24,8)",是,,否,否,,P1-内部,,设计字段,P067
sjg_oms,cleaning,pollution_incident_item,污染应急事件明细项,子表,16,item_value_json,结构化值,jsonb,是,,否,否,,P1-内部,,设计字段,P067
sjg_oms,cleaning,pollution_incident_item,污染应急事件明细项,子表,17,related_object_type,关联对象类型,varchar(128),是,,否,否,,P1-内部,,设计字段,P067
sjg_oms,cleaning,pollution_incident_item,污染应急事件明细项,子表,18,related_object_id,关联对象ID,uuid,是,,否,否,,P1-内部,,设计字段,P067
sjg_oms,cleaning,pollution_incident_item,污染应急事件明细项,子表,19,amount,金额,"numeric(18,2)",是,,否,否,,P1-内部,,设计字段,P067
sjg_oms,cleaning,pollution_incident_item,污染应急事件明细项,子表,20,quantity,数量,"numeric(18,6)",是,,否,否,,P1-内部,,设计字段,P067
sjg_oms,cleaning,pollution_incident_item,污染应急事件明细项,子表,21,sort_no,排序,integer,否,0,否,否,,P1-内部,,设计字段,P067
sjg_oms,collaboration,executive_directive,总裁指令主表,主表,1,id,主键ID,uuid,否,gen_random_uuid(),是,否,,P1-内部,,设计字段,P022
sjg_oms,collaboration,executive_directive,总裁指令主表,主表,2,tenant_id,租户ID,uuid,否,,否,否,core.tenant.id,P1-内部,所有业务唯一键必须包含tenant_id,设计字段,P022
sjg_oms,collaboration,executive_directive,总裁指令主表,主表,3,business_no,业务单号,varchar(64),否,,否,是,,P1-内部,租户内唯一；由core.sequence_rule生成,设计字段,P022
sjg_oms,collaboration,executive_directive,总裁指令主表,主表,4,workflow_instance_id,流程实例ID,uuid,是,,否,否,workflow.wf_instance.id,P1-内部,,设计字段,P022
sjg_oms,collaboration,executive_directive,总裁指令主表,主表,5,status,业务状态,varchar(32),否,'DRAFT',否,否,,P1-内部,仅由状态机合法迁移,设计字段,P022
sjg_oms,collaboration,executive_directive,总裁指令主表,主表,6,version_no,乐观锁版本,integer,否,0,否,否,,P1-内部,更新时version_no+1，冲突则拒绝,设计字段,P022
sjg_oms,collaboration,executive_directive,总裁指令主表,主表,7,created_by,创建人,uuid,是,,否,否,org.employee.id,P1-内部,,设计字段,P022
sjg_oms,collaboration,executive_directive,总裁指令主表,主表,8,created_at,创建时间,timestamptz,否,now(),否,否,,P1-内部,,设计字段,P022
sjg_oms,collaboration,executive_directive,总裁指令主表,主表,9,updated_by,更新人,uuid,是,,否,否,org.employee.id,P1-内部,,设计字段,P022
sjg_oms,collaboration,executive_directive,总裁指令主表,主表,10,updated_at,更新时间,timestamptz,否,now(),否,否,,P1-内部,,设计字段,P022
sjg_oms,collaboration,executive_directive,总裁指令主表,主表,11,is_deleted,逻辑删除,boolean,否,false,否,否,,P1-内部,,设计字段,P022
sjg_oms,collaboration,executive_directive,总裁指令主表,主表,12,deleted_at,删除时间,timestamptz,是,,否,否,,P1-内部,,设计字段,P022
sjg_oms,collaboration,executive_directive,总裁指令主表,主表,13,source_channel,来源渠道,varchar(32),是,,否,否,,P1-内部,,设计字段,P022
sjg_oms,collaboration,executive_directive,总裁指令主表,主表,14,business_date,业务日期,date,是,,否,否,,P1-内部,,设计字段,P022
sjg_oms,collaboration,executive_directive,总裁指令主表,主表,15,subject,主题,varchar(255),是,,否,否,,P1-内部,,设计字段,P022
sjg_oms,collaboration,executive_directive,总裁指令主表,主表,16,reason,原因,text,是,,否,否,,P1-内部,,设计字段,P022
sjg_oms,collaboration,executive_directive,总裁指令主表,主表,17,priority,优先级,varchar(16),否,'NORMAL',否,否,,P1-内部,,设计字段,P022
sjg_oms,collaboration,executive_directive,总裁指令主表,主表,18,risk_level,风险等级,varchar(16),是,,否,否,,P1-内部,,设计字段,P022
sjg_oms,collaboration,executive_directive,总裁指令主表,主表,19,owner_center_id,归属中心,uuid,是,,否,否,org.organization.id,P1-内部,,设计字段,P022
sjg_oms,collaboration,executive_directive,总裁指令主表,主表,20,owner_department_id,归属部门,uuid,是,,否,否,org.organization.id,P1-内部,,设计字段,P022
sjg_oms,collaboration,executive_directive,总裁指令主表,主表,21,owner_employee_id,责任人,uuid,是,,否,否,org.employee.id,P1-内部,,设计字段,P022
sjg_oms,collaboration,executive_directive,总裁指令主表,主表,22,planned_start_at,计划开始,timestamptz,是,,否,否,,P1-内部,,设计字段,P022
sjg_oms,collaboration,executive_directive,总裁指令主表,主表,23,planned_finish_at,计划完成,timestamptz,是,,否,否,,P1-内部,,设计字段,P022
sjg_oms,collaboration,executive_directive,总裁指令主表,主表,24,actual_start_at,实际开始,timestamptz,是,,否,否,,P1-内部,,设计字段,P022
sjg_oms,collaboration,executive_directive,总裁指令主表,主表,25,actual_end_at,实际完成,timestamptz,是,,否,否,,P1-内部,,设计字段,P022
sjg_oms,collaboration,executive_directive,总裁指令主表,主表,26,result_summary,结果摘要,text,是,,否,否,,P1-内部,,设计字段,P022
sjg_oms,collaboration,executive_directive,总裁指令主表,主表,27,closed_at,关闭时间,timestamptz,是,,否,否,,P1-内部,,设计字段,P022
sjg_oms,collaboration,executive_directive,总裁指令主表,主表,28,actual_amount,实际金额,"numeric(18,2)",是,,否,否,,P1-内部,,原始流程字段,P022
sjg_oms,collaboration,executive_directive,总裁指令主表,主表,29,employee_event_type,事件类型,varchar(64),否,,否,否,,P1-内部,,原始流程字段,P022
sjg_oms,collaboration,executive_directive,总裁指令主表,主表,30,issuer_host_id,签发/主持人,varchar(32),是,,否,否,,P1-内部,,原始流程字段,P022
sjg_oms,collaboration,executive_directive,总裁指令主表,主表,31,official_content,正文/议题内容,text,否,,否,否,,P1-内部,,原始流程字段,P022
sjg_oms,collaboration,executive_directive,总裁指令主表,主表,32,official_subject,事项标题,varchar(200),否,,否,否,,P1-内部,,原始流程字段,P022
sjg_oms,collaboration,executive_directive,总裁指令主表,主表,33,official_type,事项类型,varchar(64),否,,否,否,,P1-内部,,原始流程字段,P022
sjg_oms,collaboration,executive_directive,总裁指令主表,主表,34,publish_meeting_at,发布/召开时间,timestamptz,是,,否,否,,P1-内部,,原始流程字段,P022
sjg_oms,collaboration,executive_directive,总裁指令主表,主表,35,venue_channel,地点/发布渠道,varchar(500),是,,否,否,,P1-内部,,原始流程字段,P022
sjg_oms,collaboration,executive_directive,总裁指令主表,主表,36,visibility_level,密级/可见范围,varchar(64),否,,否,否,,P1-内部,,原始流程字段,P022
sjg_oms,collaboration,executive_directive_item,总裁指令明细项,子表,1,id,主键ID,uuid,否,gen_random_uuid(),是,否,,P1-内部,,设计字段,P022
sjg_oms,collaboration,executive_directive_item,总裁指令明细项,子表,2,tenant_id,租户ID,uuid,否,,否,否,core.tenant.id,P1-内部,所有业务唯一键必须包含tenant_id,设计字段,P022
sjg_oms,collaboration,executive_directive_item,总裁指令明细项,子表,3,created_by,创建人,uuid,是,,否,否,org.employee.id,P1-内部,,设计字段,P022
sjg_oms,collaboration,executive_directive_item,总裁指令明细项,子表,4,created_at,创建时间,timestamptz,否,now(),否,否,,P1-内部,,设计字段,P022
sjg_oms,collaboration,executive_directive_item,总裁指令明细项,子表,5,updated_by,更新人,uuid,是,,否,否,org.employee.id,P1-内部,,设计字段,P022
sjg_oms,collaboration,executive_directive_item,总裁指令明细项,子表,6,updated_at,更新时间,timestamptz,否,now(),否,否,,P1-内部,,设计字段,P022
sjg_oms,collaboration,executive_directive_item,总裁指令明细项,子表,7,is_deleted,逻辑删除,boolean,否,false,否,否,,P1-内部,,设计字段,P022
sjg_oms,collaboration,executive_directive_item,总裁指令明细项,子表,8,deleted_at,删除时间,timestamptz,是,,否,否,,P1-内部,,设计字段,P022
sjg_oms,collaboration,executive_directive_item,总裁指令明细项,子表,9,master_id,主表ID,uuid,否,,否,否,collaboration.executive_directive.id,P1-内部,,设计字段,P022
sjg_oms,collaboration,executive_directive_item,总裁指令明细项,子表,10,field_code,来源字段编码,varchar(128),否,,否,否,,P1-内部,,设计字段,P022
sjg_oms,collaboration,executive_directive_item,总裁指令明细项,子表,11,item_seq,明细序号,integer,否,0,否,否,,P1-内部,,设计字段,P022
sjg_oms,collaboration,executive_directive_item,总裁指令明细项,子表,12,item_key,明细键,varchar(128),是,,否,否,,P1-内部,,设计字段,P022
sjg_oms,collaboration,executive_directive_item,总裁指令明细项,子表,13,item_name,明细名称,varchar(255),是,,否,否,,P1-内部,,设计字段,P022
sjg_oms,collaboration,executive_directive_item,总裁指令明细项,子表,14,item_value_text,文本值,text,是,,否,否,,P1-内部,,设计字段,P022
sjg_oms,collaboration,executive_directive_item,总裁指令明细项,子表,15,item_value_number,数值,"numeric(24,8)",是,,否,否,,P1-内部,,设计字段,P022
sjg_oms,collaboration,executive_directive_item,总裁指令明细项,子表,16,item_value_json,结构化值,jsonb,是,,否,否,,P1-内部,,设计字段,P022
sjg_oms,collaboration,executive_directive_item,总裁指令明细项,子表,17,related_object_type,关联对象类型,varchar(128),是,,否,否,,P1-内部,,设计字段,P022
sjg_oms,collaboration,executive_directive_item,总裁指令明细项,子表,18,related_object_id,关联对象ID,uuid,是,,否,否,,P1-内部,,设计字段,P022
sjg_oms,collaboration,executive_directive_item,总裁指令明细项,子表,19,amount,金额,"numeric(18,2)",是,,否,否,,P1-内部,,设计字段,P022
sjg_oms,collaboration,executive_directive_item,总裁指令明细项,子表,20,quantity,数量,"numeric(18,6)",是,,否,否,,P1-内部,,设计字段,P022
sjg_oms,collaboration,executive_directive_item,总裁指令明细项,子表,21,sort_no,排序,integer,否,0,否,否,,P1-内部,,设计字段,P022
sjg_oms,collaboration,major_matter,重大事项主表,主表,1,id,主键ID,uuid,否,gen_random_uuid(),是,否,,P1-内部,,设计字段,P023
sjg_oms,collaboration,major_matter,重大事项主表,主表,2,tenant_id,租户ID,uuid,否,,否,否,core.tenant.id,P1-内部,所有业务唯一键必须包含tenant_id,设计字段,P023
sjg_oms,collaboration,major_matter,重大事项主表,主表,3,business_no,业务单号,varchar(64),否,,否,是,,P1-内部,租户内唯一；由core.sequence_rule生成,设计字段,P023
sjg_oms,collaboration,major_matter,重大事项主表,主表,4,workflow_instance_id,流程实例ID,uuid,是,,否,否,workflow.wf_instance.id,P1-内部,,设计字段,P023
sjg_oms,collaboration,major_matter,重大事项主表,主表,5,status,业务状态,varchar(32),否,'DRAFT',否,否,,P1-内部,仅由状态机合法迁移,设计字段,P023
sjg_oms,collaboration,major_matter,重大事项主表,主表,6,version_no,乐观锁版本,integer,否,0,否,否,,P1-内部,更新时version_no+1，冲突则拒绝,设计字段,P023
sjg_oms,collaboration,major_matter,重大事项主表,主表,7,created_by,创建人,uuid,是,,否,否,org.employee.id,P1-内部,,设计字段,P023
sjg_oms,collaboration,major_matter,重大事项主表,主表,8,created_at,创建时间,timestamptz,否,now(),否,否,,P1-内部,,设计字段,P023
sjg_oms,collaboration,major_matter,重大事项主表,主表,9,updated_by,更新人,uuid,是,,否,否,org.employee.id,P1-内部,,设计字段,P023
sjg_oms,collaboration,major_matter,重大事项主表,主表,10,updated_at,更新时间,timestamptz,否,now(),否,否,,P1-内部,,设计字段,P023
sjg_oms,collaboration,major_matter,重大事项主表,主表,11,is_deleted,逻辑删除,boolean,否,false,否,否,,P1-内部,,设计字段,P023
sjg_oms,collaboration,major_matter,重大事项主表,主表,12,deleted_at,删除时间,timestamptz,是,,否,否,,P1-内部,,设计字段,P023
sjg_oms,collaboration,major_matter,重大事项主表,主表,13,source_channel,来源渠道,varchar(32),是,,否,否,,P1-内部,,设计字段,P023
sjg_oms,collaboration,major_matter,重大事项主表,主表,14,business_date,业务日期,date,是,,否,否,,P1-内部,,设计字段,P023
sjg_oms,collaboration,major_matter,重大事项主表,主表,15,subject,主题,varchar(255),是,,否,否,,P1-内部,,设计字段,P023
sjg_oms,collaboration,major_matter,重大事项主表,主表,16,reason,原因,text,是,,否,否,,P1-内部,,设计字段,P023
sjg_oms,collaboration,major_matter,重大事项主表,主表,17,priority,优先级,varchar(16),否,'NORMAL',否,否,,P1-内部,,设计字段,P023
sjg_oms,collaboration,major_matter,重大事项主表,主表,18,risk_level,风险等级,varchar(16),是,,否,否,,P1-内部,,设计字段,P023
sjg_oms,collaboration,major_matter,重大事项主表,主表,19,owner_center_id,归属中心,uuid,是,,否,否,org.organization.id,P1-内部,,设计字段,P023
sjg_oms,collaboration,major_matter,重大事项主表,主表,20,owner_department_id,归属部门,uuid,是,,否,否,org.organization.id,P1-内部,,设计字段,P023
sjg_oms,collaboration,major_matter,重大事项主表,主表,21,owner_employee_id,责任人,uuid,是,,否,否,org.employee.id,P1-内部,,设计字段,P023
sjg_oms,collaboration,major_matter,重大事项主表,主表,22,planned_start_at,计划开始,timestamptz,是,,否,否,,P1-内部,,设计字段,P023
sjg_oms,collaboration,major_matter,重大事项主表,主表,23,planned_finish_at,计划完成,timestamptz,是,,否,否,,P1-内部,,设计字段,P023
sjg_oms,collaboration,major_matter,重大事项主表,主表,24,actual_start_at,实际开始,timestamptz,是,,否,否,,P1-内部,,设计字段,P023
sjg_oms,collaboration,major_matter,重大事项主表,主表,25,actual_end_at,实际完成,timestamptz,是,,否,否,,P1-内部,,设计字段,P023
sjg_oms,collaboration,major_matter,重大事项主表,主表,26,result_summary,结果摘要,text,是,,否,否,,P1-内部,,设计字段,P023
sjg_oms,collaboration,major_matter,重大事项主表,主表,27,closed_at,关闭时间,timestamptz,是,,否,否,,P1-内部,,设计字段,P023
sjg_oms,collaboration,major_matter,重大事项主表,主表,28,actual_amount,实际金额,"numeric(18,2)",是,,否,否,,P1-内部,,原始流程字段,P023
sjg_oms,collaboration,major_matter,重大事项主表,主表,29,converted_to_case,是否转统一案件,boolean,是,,否,否,,P1-内部,,原始流程字段,P023
sjg_oms,collaboration,major_matter,重大事项主表,主表,30,immediate_risk_control,先行止险措施,text,是,,否,否,,P1-内部,,原始流程字段,P023
sjg_oms,collaboration,major_matter,重大事项主表,主表,31,incident_area_id,发生区域,varchar(64),否,,否,否,,P1-内部,,原始流程字段,P023
sjg_oms,collaboration,major_matter,重大事项主表,主表,32,incident_occurred_at,发生时间,timestamptz,否,,否,否,,P1-内部,,原始流程字段,P023
sjg_oms,collaboration,major_matter,重大事项主表,主表,33,incident_patrol_no,事件/巡检编号,varchar(64),否,,否,否,,P1-内部,,原始流程字段,P023
sjg_oms,collaboration,major_matter,重大事项主表,主表,34,incident_risk_level,风险等级,varchar(64),否,,否,否,,P1-内部,,原始流程字段,P023
sjg_oms,collaboration,major_matter,重大事项主表,主表,35,incident_type,事件类型,varchar(64),否,,否,否,,P1-内部,,原始流程字段,P023
sjg_oms,collaboration,major_matter,重大事项主表,主表,36,scene_description,现场情况,text,否,,否,否,,P1-内部,,原始流程字段,P023
sjg_oms,collaboration,meeting,会议主表,主表,1,id,主键ID,uuid,否,gen_random_uuid(),是,否,,P1-内部,,设计字段,"P006,P021,P048"
sjg_oms,collaboration,meeting,会议主表,主表,2,tenant_id,租户ID,uuid,否,,否,否,core.tenant.id,P1-内部,所有业务唯一键必须包含tenant_id,设计字段,"P006,P021,P048"
sjg_oms,collaboration,meeting,会议主表,主表,3,business_no,业务单号,varchar(64),否,,否,是,,P1-内部,租户内唯一；由core.sequence_rule生成,设计字段,"P006,P021,P048"
sjg_oms,collaboration,meeting,会议主表,主表,4,workflow_instance_id,流程实例ID,uuid,是,,否,否,workflow.wf_instance.id,P1-内部,,设计字段,"P006,P021,P048"
sjg_oms,collaboration,meeting,会议主表,主表,5,status,业务状态,varchar(32),否,'DRAFT',否,否,,P1-内部,仅由状态机合法迁移,设计字段,"P006,P021,P048"
sjg_oms,collaboration,meeting,会议主表,主表,6,version_no,乐观锁版本,integer,否,0,否,否,,P1-内部,更新时version_no+1，冲突则拒绝,设计字段,"P006,P021,P048"
sjg_oms,collaboration,meeting,会议主表,主表,7,created_by,创建人,uuid,是,,否,否,org.employee.id,P1-内部,,设计字段,"P006,P021,P048"
sjg_oms,collaboration,meeting,会议主表,主表,8,created_at,创建时间,timestamptz,否,now(),否,否,,P1-内部,,设计字段,"P006,P021,P048"
sjg_oms,collaboration,meeting,会议主表,主表,9,updated_by,更新人,uuid,是,,否,否,org.employee.id,P1-内部,,设计字段,"P006,P021,P048"
sjg_oms,collaboration,meeting,会议主表,主表,10,updated_at,更新时间,timestamptz,否,now(),否,否,,P1-内部,,设计字段,"P006,P021,P048"
sjg_oms,collaboration,meeting,会议主表,主表,11,is_deleted,逻辑删除,boolean,否,false,否,否,,P1-内部,,设计字段,"P006,P021,P048"
sjg_oms,collaboration,meeting,会议主表,主表,12,deleted_at,删除时间,timestamptz,是,,否,否,,P1-内部,,设计字段,"P006,P021,P048"
sjg_oms,collaboration,meeting,会议主表,主表,13,source_channel,来源渠道,varchar(32),是,,否,否,,P1-内部,,设计字段,"P006,P021,P048"
sjg_oms,collaboration,meeting,会议主表,主表,14,business_date,业务日期,date,是,,否,否,,P1-内部,,设计字段,"P006,P021,P048"
sjg_oms,collaboration,meeting,会议主表,主表,15,subject,主题,varchar(255),是,,否,否,,P1-内部,,设计字段,"P006,P021,P048"
sjg_oms,collaboration,meeting,会议主表,主表,16,reason,原因,text,是,,否,否,,P1-内部,,设计字段,"P006,P021,P048"
sjg_oms,collaboration,meeting,会议主表,主表,17,priority,优先级,varchar(16),否,'NORMAL',否,否,,P1-内部,,设计字段,"P006,P021,P048"
sjg_oms,collaboration,meeting,会议主表,主表,18,risk_level,风险等级,varchar(16),是,,否,否,,P1-内部,,设计字段,"P006,P021,P048"
sjg_oms,collaboration,meeting,会议主表,主表,19,owner_center_id,归属中心,uuid,是,,否,否,org.organization.id,P1-内部,,设计字段,"P006,P021,P048"
sjg_oms,collaboration,meeting,会议主表,主表,20,owner_department_id,归属部门,uuid,是,,否,否,org.organization.id,P1-内部,,设计字段,"P006,P021,P048"
sjg_oms,collaboration,meeting,会议主表,主表,21,owner_employee_id,责任人,uuid,是,,否,否,org.employee.id,P1-内部,,设计字段,"P006,P021,P048"
sjg_oms,collaboration,meeting,会议主表,主表,22,planned_start_at,计划开始,timestamptz,是,,否,否,,P1-内部,,设计字段,"P006,P021,P048"
sjg_oms,collaboration,meeting,会议主表,主表,23,planned_finish_at,计划完成,timestamptz,是,,否,否,,P1-内部,,设计字段,"P006,P021,P048"
sjg_oms,collaboration,meeting,会议主表,主表,24,actual_start_at,实际开始,timestamptz,是,,否,否,,P1-内部,,设计字段,"P006,P021,P048"
sjg_oms,collaboration,meeting,会议主表,主表,25,actual_end_at,实际完成,timestamptz,是,,否,否,,P1-内部,,设计字段,"P006,P021,P048"
sjg_oms,collaboration,meeting,会议主表,主表,26,result_summary,结果摘要,text,是,,否,否,,P1-内部,,设计字段,"P006,P021,P048"
sjg_oms,collaboration,meeting,会议主表,主表,27,closed_at,关闭时间,timestamptz,是,,否,否,,P1-内部,,设计字段,"P006,P021,P048"
sjg_oms,collaboration,meeting,会议主表,主表,28,actual_amount,实际金额,"numeric(18,2)",是,,否,否,,P1-内部,,原始流程字段,"P006,P021,P048"
sjg_oms,collaboration,meeting,会议主表,主表,29,attendance_type,假勤类型,varchar(64),否,,否,否,,P1-内部,,原始流程字段,"P006,P021,P048"
sjg_oms,collaboration,meeting,会议主表,主表,30,employee_event_type,事件类型,varchar(64),否,,否,否,,P1-内部,,原始流程字段,"P006,P021,P048"
sjg_oms,collaboration,meeting,会议主表,主表,31,issuer_host_id,签发/主持人,varchar(32),是,,否,否,,P1-内部,,原始流程字段,"P006,P021,P048"
sjg_oms,collaboration,meeting,会议主表,主表,32,official_content,正文/议题内容,text,否,,否,否,,P1-内部,,原始流程字段,"P006,P021,P048"
sjg_oms,collaboration,meeting,会议主表,主表,33,official_subject,事项标题,varchar(200),否,,否,否,,P1-内部,,原始流程字段,"P006,P021,P048"
sjg_oms,collaboration,meeting,会议主表,主表,34,official_type,事项类型,varchar(64),否,,否,否,,P1-内部,,原始流程字段,"P006,P021,P048"
sjg_oms,collaboration,meeting,会议主表,主表,35,publish_meeting_at,发布/召开时间,timestamptz,是,,否,否,,P1-内部,,原始流程字段,"P006,P021,P048"
sjg_oms,collaboration,meeting,会议主表,主表,36,start_at,开始时间,timestamptz,否,,否,否,,P1-内部,,原始流程字段,"P006,P021,P048"
sjg_oms,collaboration,meeting,会议主表,主表,37,venue_channel,地点/发布渠道,varchar(500),是,,否,否,,P1-内部,,原始流程字段,"P006,P021,P048"
sjg_oms,collaboration,meeting,会议主表,主表,38,visibility_level,密级/可见范围,varchar(64),否,,否,否,,P1-内部,,原始流程字段,"P006,P021,P048"
sjg_oms,collaboration,meeting_item,会议明细项,子表,1,id,主键ID,uuid,否,gen_random_uuid(),是,否,,P1-内部,,设计字段,"P006,P021,P048"
sjg_oms,collaboration,meeting_item,会议明细项,子表,2,tenant_id,租户ID,uuid,否,,否,否,core.tenant.id,P1-内部,所有业务唯一键必须包含tenant_id,设计字段,"P006,P021,P048"
sjg_oms,collaboration,meeting_item,会议明细项,子表,3,created_by,创建人,uuid,是,,否,否,org.employee.id,P1-内部,,设计字段,"P006,P021,P048"
sjg_oms,collaboration,meeting_item,会议明细项,子表,4,created_at,创建时间,timestamptz,否,now(),否,否,,P1-内部,,设计字段,"P006,P021,P048"
sjg_oms,collaboration,meeting_item,会议明细项,子表,5,updated_by,更新人,uuid,是,,否,否,org.employee.id,P1-内部,,设计字段,"P006,P021,P048"
sjg_oms,collaboration,meeting_item,会议明细项,子表,6,updated_at,更新时间,timestamptz,否,now(),否,否,,P1-内部,,设计字段,"P006,P021,P048"
sjg_oms,collaboration,meeting_item,会议明细项,子表,7,is_deleted,逻辑删除,boolean,否,false,否,否,,P1-内部,,设计字段,"P006,P021,P048"
sjg_oms,collaboration,meeting_item,会议明细项,子表,8,deleted_at,删除时间,timestamptz,是,,否,否,,P1-内部,,设计字段,"P006,P021,P048"
sjg_oms,collaboration,meeting_item,会议明细项,子表,9,master_id,主表ID,uuid,否,,否,否,collaboration.meeting.id,P1-内部,,设计字段,"P006,P021,P048"
sjg_oms,collaboration,meeting_item,会议明细项,子表,10,field_code,来源字段编码,varchar(128),否,,否,否,,P1-内部,,设计字段,"P006,P021,P048"
sjg_oms,collaboration,meeting_item,会议明细项,子表,11,item_seq,明细序号,integer,否,0,否,否,,P1-内部,,设计字段,"P006,P021,P048"
sjg_oms,collaboration,meeting_item,会议明细项,子表,12,item_key,明细键,varchar(128),是,,否,否,,P1-内部,,设计字段,"P006,P021,P048"
sjg_oms,collaboration,meeting_item,会议明细项,子表,13,item_name,明细名称,varchar(255),是,,否,否,,P1-内部,,设计字段,"P006,P021,P048"
sjg_oms,collaboration,meeting_item,会议明细项,子表,14,item_value_text,文本值,text,是,,否,否,,P1-内部,,设计字段,"P006,P021,P048"
sjg_oms,collaboration,meeting_item,会议明细项,子表,15,item_value_number,数值,"numeric(24,8)",是,,否,否,,P1-内部,,设计字段,"P006,P021,P048"
sjg_oms,collaboration,meeting_item,会议明细项,子表,16,item_value_json,结构化值,jsonb,是,,否,否,,P1-内部,,设计字段,"P006,P021,P048"
sjg_oms,collaboration,meeting_item,会议明细项,子表,17,related_object_type,关联对象类型,varchar(128),是,,否,否,,P1-内部,,设计字段,"P006,P021,P048"
sjg_oms,collaboration,meeting_item,会议明细项,子表,18,related_object_id,关联对象ID,uuid,是,,否,否,,P1-内部,,设计字段,"P006,P021,P048"
sjg_oms,collaboration,meeting_item,会议明细项,子表,19,amount,金额,"numeric(18,2)",是,,否,否,,P1-内部,,设计字段,"P006,P021,P048"
sjg_oms,collaboration,meeting_item,会议明细项,子表,20,quantity,数量,"numeric(18,6)",是,,否,否,,P1-内部,,设计字段,"P006,P021,P048"
sjg_oms,collaboration,meeting_item,会议明细项,子表,21,sort_no,排序,integer,否,0,否,否,,P1-内部,,设计字段,"P006,P021,P048"
sjg_oms,collaboration,notice,制度通知主表,主表,1,id,主键ID,uuid,否,gen_random_uuid(),是,否,,P1-内部,,设计字段,"P005,P046"
sjg_oms,collaboration,notice,制度通知主表,主表,2,tenant_id,租户ID,uuid,否,,否,否,core.tenant.id,P1-内部,所有业务唯一键必须包含tenant_id,设计字段,"P005,P046"
sjg_oms,collaboration,notice,制度通知主表,主表,3,business_no,业务单号,varchar(64),否,,否,是,,P1-内部,租户内唯一；由core.sequence_rule生成,设计字段,"P005,P046"
sjg_oms,collaboration,notice,制度通知主表,主表,4,workflow_instance_id,流程实例ID,uuid,是,,否,否,workflow.wf_instance.id,P1-内部,,设计字段,"P005,P046"
sjg_oms,collaboration,notice,制度通知主表,主表,5,status,业务状态,varchar(32),否,'DRAFT',否,否,,P1-内部,仅由状态机合法迁移,设计字段,"P005,P046"
sjg_oms,collaboration,notice,制度通知主表,主表,6,version_no,乐观锁版本,integer,否,0,否,否,,P1-内部,更新时version_no+1，冲突则拒绝,设计字段,"P005,P046"
sjg_oms,collaboration,notice,制度通知主表,主表,7,created_by,创建人,uuid,是,,否,否,org.employee.id,P1-内部,,设计字段,"P005,P046"
sjg_oms,collaboration,notice,制度通知主表,主表,8,created_at,创建时间,timestamptz,否,now(),否,否,,P1-内部,,设计字段,"P005,P046"
sjg_oms,collaboration,notice,制度通知主表,主表,9,updated_by,更新人,uuid,是,,否,否,org.employee.id,P1-内部,,设计字段,"P005,P046"
sjg_oms,collaboration,notice,制度通知主表,主表,10,updated_at,更新时间,timestamptz,否,now(),否,否,,P1-内部,,设计字段,"P005,P046"
sjg_oms,collaboration,notice,制度通知主表,主表,11,is_deleted,逻辑删除,boolean,否,false,否,否,,P1-内部,,设计字段,"P005,P046"
sjg_oms,collaboration,notice,制度通知主表,主表,12,deleted_at,删除时间,timestamptz,是,,否,否,,P1-内部,,设计字段,"P005,P046"
sjg_oms,collaboration,notice,制度通知主表,主表,13,source_channel,来源渠道,varchar(32),是,,否,否,,P1-内部,,设计字段,"P005,P046"
sjg_oms,collaboration,notice,制度通知主表,主表,14,business_date,业务日期,date,是,,否,否,,P1-内部,,设计字段,"P005,P046"
sjg_oms,collaboration,notice,制度通知主表,主表,15,subject,主题,varchar(255),是,,否,否,,P1-内部,,设计字段,"P005,P046"
sjg_oms,collaboration,notice,制度通知主表,主表,16,reason,原因,text,是,,否,否,,P1-内部,,设计字段,"P005,P046"
sjg_oms,collaboration,notice,制度通知主表,主表,17,priority,优先级,varchar(16),否,'NORMAL',否,否,,P1-内部,,设计字段,"P005,P046"
sjg_oms,collaboration,notice,制度通知主表,主表,18,risk_level,风险等级,varchar(16),是,,否,否,,P1-内部,,设计字段,"P005,P046"
sjg_oms,collaboration,notice,制度通知主表,主表,19,owner_center_id,归属中心,uuid,是,,否,否,org.organization.id,P1-内部,,设计字段,"P005,P046"
sjg_oms,collaboration,notice,制度通知主表,主表,20,owner_department_id,归属部门,uuid,是,,否,否,org.organization.id,P1-内部,,设计字段,"P005,P046"
sjg_oms,collaboration,notice,制度通知主表,主表,21,owner_employee_id,责任人,uuid,是,,否,否,org.employee.id,P1-内部,,设计字段,"P005,P046"
sjg_oms,collaboration,notice,制度通知主表,主表,22,planned_start_at,计划开始,timestamptz,是,,否,否,,P1-内部,,设计字段,"P005,P046"
sjg_oms,collaboration,notice,制度通知主表,主表,23,planned_finish_at,计划完成,timestamptz,是,,否,否,,P1-内部,,设计字段,"P005,P046"
sjg_oms,collaboration,notice,制度通知主表,主表,24,actual_start_at,实际开始,timestamptz,是,,否,否,,P1-内部,,设计字段,"P005,P046"
sjg_oms,collaboration,notice,制度通知主表,主表,25,actual_end_at,实际完成,timestamptz,是,,否,否,,P1-内部,,设计字段,"P005,P046"
sjg_oms,collaboration,notice,制度通知主表,主表,26,result_summary,结果摘要,text,是,,否,否,,P1-内部,,设计字段,"P005,P046"
sjg_oms,collaboration,notice,制度通知主表,主表,27,closed_at,关闭时间,timestamptz,是,,否,否,,P1-内部,,设计字段,"P005,P046"
sjg_oms,collaboration,notice,制度通知主表,主表,28,actual_amount,实际金额,"numeric(18,2)",是,,否,否,,P1-内部,,原始流程字段,"P005,P046"
sjg_oms,collaboration,notice,制度通知主表,主表,29,employee_event_type,事件类型,varchar(64),否,,否,否,,P1-内部,,原始流程字段,"P005,P046"
sjg_oms,collaboration,notice,制度通知主表,主表,30,issuer_host_id,签发/主持人,varchar(32),是,,否,否,,P1-内部,,原始流程字段,"P005,P046"
sjg_oms,collaboration,notice,制度通知主表,主表,31,official_content,正文/议题内容,text,否,,否,否,,P1-内部,,原始流程字段,"P005,P046"
sjg_oms,collaboration,notice,制度通知主表,主表,32,official_subject,事项标题,varchar(200),否,,否,否,,P1-内部,,原始流程字段,"P005,P046"
sjg_oms,collaboration,notice,制度通知主表,主表,33,official_type,事项类型,varchar(64),否,,否,否,,P1-内部,,原始流程字段,"P005,P046"
sjg_oms,collaboration,notice,制度通知主表,主表,34,period_or_course_no,周期/课程编号,varchar(32),否,,否,否,,P1-内部,,原始流程字段,"P005,P046"
sjg_oms,collaboration,notice,制度通知主表,主表,35,publish_meeting_at,发布/召开时间,timestamptz,是,,否,否,,P1-内部,,原始流程字段,"P005,P046"
sjg_oms,collaboration,notice,制度通知主表,主表,36,venue_channel,地点/发布渠道,varchar(500),是,,否,否,,P1-内部,,原始流程字段,"P005,P046"
sjg_oms,collaboration,notice,制度通知主表,主表,37,visibility_level,密级/可见范围,varchar(64),否,,否,否,,P1-内部,,原始流程字段,"P005,P046"
sjg_oms,collaboration,notice_item,制度通知明细项,子表,1,id,主键ID,uuid,否,gen_random_uuid(),是,否,,P1-内部,,设计字段,"P005,P046"
sjg_oms,collaboration,notice_item,制度通知明细项,子表,2,tenant_id,租户ID,uuid,否,,否,否,core.tenant.id,P1-内部,所有业务唯一键必须包含tenant_id,设计字段,"P005,P046"
sjg_oms,collaboration,notice_item,制度通知明细项,子表,3,created_by,创建人,uuid,是,,否,否,org.employee.id,P1-内部,,设计字段,"P005,P046"
sjg_oms,collaboration,notice_item,制度通知明细项,子表,4,created_at,创建时间,timestamptz,否,now(),否,否,,P1-内部,,设计字段,"P005,P046"
sjg_oms,collaboration,notice_item,制度通知明细项,子表,5,updated_by,更新人,uuid,是,,否,否,org.employee.id,P1-内部,,设计字段,"P005,P046"
sjg_oms,collaboration,notice_item,制度通知明细项,子表,6,updated_at,更新时间,timestamptz,否,now(),否,否,,P1-内部,,设计字段,"P005,P046"
sjg_oms,collaboration,notice_item,制度通知明细项,子表,7,is_deleted,逻辑删除,boolean,否,false,否,否,,P1-内部,,设计字段,"P005,P046"
sjg_oms,collaboration,notice_item,制度通知明细项,子表,8,deleted_at,删除时间,timestamptz,是,,否,否,,P1-内部,,设计字段,"P005,P046"
sjg_oms,collaboration,notice_item,制度通知明细项,子表,9,master_id,主表ID,uuid,否,,否,否,collaboration.notice.id,P1-内部,,设计字段,"P005,P046"
sjg_oms,collaboration,notice_item,制度通知明细项,子表,10,field_code,来源字段编码,varchar(128),否,,否,否,,P1-内部,,设计字段,"P005,P046"
sjg_oms,collaboration,notice_item,制度通知明细项,子表,11,item_seq,明细序号,integer,否,0,否,否,,P1-内部,,设计字段,"P005,P046"
sjg_oms,collaboration,notice_item,制度通知明细项,子表,12,item_key,明细键,varchar(128),是,,否,否,,P1-内部,,设计字段,"P005,P046"
sjg_oms,collaboration,notice_item,制度通知明细项,子表,13,item_name,明细名称,varchar(255),是,,否,否,,P1-内部,,设计字段,"P005,P046"
sjg_oms,collaboration,notice_item,制度通知明细项,子表,14,item_value_text,文本值,text,是,,否,否,,P1-内部,,设计字段,"P005,P046"
sjg_oms,collaboration,notice_item,制度通知明细项,子表,15,item_value_number,数值,"numeric(24,8)",是,,否,否,,P1-内部,,设计字段,"P005,P046"
sjg_oms,collaboration,notice_item,制度通知明细项,子表,16,item_value_json,结构化值,jsonb,是,,否,否,,P1-内部,,设计字段,"P005,P046"
sjg_oms,collaboration,notice_item,制度通知明细项,子表,17,related_object_type,关联对象类型,varchar(128),是,,否,否,,P1-内部,,设计字段,"P005,P046"
sjg_oms,collaboration,notice_item,制度通知明细项,子表,18,related_object_id,关联对象ID,uuid,是,,否,否,,P1-内部,,设计字段,"P005,P046"
sjg_oms,collaboration,notice_item,制度通知明细项,子表,19,amount,金额,"numeric(18,2)",是,,否,否,,P1-内部,,设计字段,"P005,P046"
sjg_oms,collaboration,notice_item,制度通知明细项,子表,20,quantity,数量,"numeric(18,6)",是,,否,否,,P1-内部,,设计字段,"P005,P046"
sjg_oms,collaboration,notice_item,制度通知明细项,子表,21,sort_no,排序,integer,否,0,否,否,,P1-内部,,设计字段,"P005,P046"
sjg_oms,content,change_request,内容返工变更主表,主表,1,id,主键ID,uuid,否,gen_random_uuid(),是,否,,P1-内部,,设计字段,P097
sjg_oms,content,change_request,内容返工变更主表,主表,2,tenant_id,租户ID,uuid,否,,否,否,core.tenant.id,P1-内部,所有业务唯一键必须包含tenant_id,设计字段,P097
sjg_oms,content,change_request,内容返工变更主表,主表,3,business_no,业务单号,varchar(64),否,,否,是,,P1-内部,租户内唯一；由core.sequence_rule生成,设计字段,P097
sjg_oms,content,change_request,内容返工变更主表,主表,4,workflow_instance_id,流程实例ID,uuid,是,,否,否,workflow.wf_instance.id,P1-内部,,设计字段,P097
sjg_oms,content,change_request,内容返工变更主表,主表,5,status,业务状态,varchar(32),否,'DRAFT',否,否,,P1-内部,仅由状态机合法迁移,设计字段,P097
sjg_oms,content,change_request,内容返工变更主表,主表,6,version_no,乐观锁版本,integer,否,0,否,否,,P1-内部,更新时version_no+1，冲突则拒绝,设计字段,P097
sjg_oms,content,change_request,内容返工变更主表,主表,7,created_by,创建人,uuid,是,,否,否,org.employee.id,P1-内部,,设计字段,P097
sjg_oms,content,change_request,内容返工变更主表,主表,8,created_at,创建时间,timestamptz,否,now(),否,否,,P1-内部,,设计字段,P097
sjg_oms,content,change_request,内容返工变更主表,主表,9,updated_by,更新人,uuid,是,,否,否,org.employee.id,P1-内部,,设计字段,P097
sjg_oms,content,change_request,内容返工变更主表,主表,10,updated_at,更新时间,timestamptz,否,now(),否,否,,P1-内部,,设计字段,P097
sjg_oms,content,change_request,内容返工变更主表,主表,11,is_deleted,逻辑删除,boolean,否,false,否,否,,P1-内部,,设计字段,P097
sjg_oms,content,change_request,内容返工变更主表,主表,12,deleted_at,删除时间,timestamptz,是,,否,否,,P1-内部,,设计字段,P097
sjg_oms,content,change_request,内容返工变更主表,主表,13,source_channel,来源渠道,varchar(32),是,,否,否,,P1-内部,,设计字段,P097
sjg_oms,content,change_request,内容返工变更主表,主表,14,business_date,业务日期,date,是,,否,否,,P1-内部,,设计字段,P097
sjg_oms,content,change_request,内容返工变更主表,主表,15,subject,主题,varchar(255),是,,否,否,,P1-内部,,设计字段,P097
sjg_oms,content,change_request,内容返工变更主表,主表,16,reason,原因,text,是,,否,否,,P1-内部,,设计字段,P097
sjg_oms,content,change_request,内容返工变更主表,主表,17,priority,优先级,varchar(16),否,'NORMAL',否,否,,P1-内部,,设计字段,P097
sjg_oms,content,change_request,内容返工变更主表,主表,18,risk_level,风险等级,varchar(16),是,,否,否,,P1-内部,,设计字段,P097
sjg_oms,content,change_request,内容返工变更主表,主表,19,owner_center_id,归属中心,uuid,是,,否,否,org.organization.id,P1-内部,,设计字段,P097
sjg_oms,content,change_request,内容返工变更主表,主表,20,owner_department_id,归属部门,uuid,是,,否,否,org.organization.id,P1-内部,,设计字段,P097
sjg_oms,content,change_request,内容返工变更主表,主表,21,owner_employee_id,责任人,uuid,是,,否,否,org.employee.id,P1-内部,,设计字段,P097
sjg_oms,content,change_request,内容返工变更主表,主表,22,planned_start_at,计划开始,timestamptz,是,,否,否,,P1-内部,,设计字段,P097
sjg_oms,content,change_request,内容返工变更主表,主表,23,planned_finish_at,计划完成,timestamptz,是,,否,否,,P1-内部,,设计字段,P097
sjg_oms,content,change_request,内容返工变更主表,主表,24,actual_start_at,实际开始,timestamptz,是,,否,否,,P1-内部,,设计字段,P097
sjg_oms,content,change_request,内容返工变更主表,主表,25,actual_end_at,实际完成,timestamptz,是,,否,否,,P1-内部,,设计字段,P097
sjg_oms,content,change_request,内容返工变更主表,主表,26,result_summary,结果摘要,text,是,,否,否,,P1-内部,,设计字段,P097
sjg_oms,content,change_request,内容返工变更主表,主表,27,closed_at,关闭时间,timestamptz,是,,否,否,,P1-内部,,设计字段,P097
sjg_oms,content,change_request,内容返工变更主表,主表,28,actual_amount,实际金额,"numeric(18,2)",是,,否,否,,P1-内部,,原始流程字段,P097
sjg_oms,content,change_request,内容返工变更主表,主表,29,change_action,操作类型,varchar(64),否,,否,否,,P1-内部,,原始流程字段,P097
sjg_oms,content,change_request,内容返工变更主表,主表,30,change_reason,变更原因,text,否,,否,否,,P1-内部,,原始流程字段,P097
sjg_oms,content,change_request,内容返工变更主表,主表,31,content_asset_no,内容/物料编号,varchar(64),否,,否,否,,P1-内部,,原始流程字段,P097
sjg_oms,content,change_request,内容返工变更主表,主表,32,content_title,主题/标题,varchar(200),否,,否,否,,P1-内部,,原始流程字段,P097
sjg_oms,content,change_request,内容返工变更主表,主表,33,content_type,内容类型,varchar(64),否,,否,否,,P1-内部,,原始流程字段,P097
sjg_oms,content,change_request,内容返工变更主表,主表,34,copyright_info,版权授权信息,text,是,,否,否,,P1-内部,,原始流程字段,P097
sjg_oms,content,change_request,内容返工变更主表,主表,35,expected_effective_at,期望生效时间,timestamptz,是,,否,否,,P1-内部,,原始流程字段,P097
sjg_oms,content,change_request,内容返工变更主表,主表,36,known_impact,已知影响,text,是,,否,否,,P1-内部,,原始流程字段,P097
sjg_oms,content,change_request,内容返工变更主表,主表,37,planned_publish_at,计划发布时间,timestamptz,是,,否,否,,P1-内部,,原始流程字段,P097
sjg_oms,content,change_request,内容返工变更主表,主表,38,review_points,品牌/事实审核要点,text,是,,否,否,,P1-内部,,原始流程字段,P097
sjg_oms,content,change_request,内容返工变更主表,主表,39,script_copy,脚本/文案,text,是,,否,否,,P1-内部,,原始流程字段,P097
sjg_oms,content,change_request_item,内容返工变更明细项,子表,1,id,主键ID,uuid,否,gen_random_uuid(),是,否,,P1-内部,,设计字段,P097
sjg_oms,content,change_request_item,内容返工变更明细项,子表,2,tenant_id,租户ID,uuid,否,,否,否,core.tenant.id,P1-内部,所有业务唯一键必须包含tenant_id,设计字段,P097
sjg_oms,content,change_request_item,内容返工变更明细项,子表,3,created_by,创建人,uuid,是,,否,否,org.employee.id,P1-内部,,设计字段,P097
sjg_oms,content,change_request_item,内容返工变更明细项,子表,4,created_at,创建时间,timestamptz,否,now(),否,否,,P1-内部,,设计字段,P097
sjg_oms,content,change_request_item,内容返工变更明细项,子表,5,updated_by,更新人,uuid,是,,否,否,org.employee.id,P1-内部,,设计字段,P097
sjg_oms,content,change_request_item,内容返工变更明细项,子表,6,updated_at,更新时间,timestamptz,否,now(),否,否,,P1-内部,,设计字段,P097
sjg_oms,content,change_request_item,内容返工变更明细项,子表,7,is_deleted,逻辑删除,boolean,否,false,否,否,,P1-内部,,设计字段,P097
sjg_oms,content,change_request_item,内容返工变更明细项,子表,8,deleted_at,删除时间,timestamptz,是,,否,否,,P1-内部,,设计字段,P097
sjg_oms,content,change_request_item,内容返工变更明细项,子表,9,master_id,主表ID,uuid,否,,否,否,content.change_request.id,P1-内部,,设计字段,P097
sjg_oms,content,change_request_item,内容返工变更明细项,子表,10,field_code,来源字段编码,varchar(128),否,,否,否,,P1-内部,,设计字段,P097
sjg_oms,content,change_request_item,内容返工变更明细项,子表,11,item_seq,明细序号,integer,否,0,否,否,,P1-内部,,设计字段,P097
sjg_oms,content,change_request_item,内容返工变更明细项,子表,12,item_key,明细键,varchar(128),是,,否,否,,P1-内部,,设计字段,P097
sjg_oms,content,change_request_item,内容返工变更明细项,子表,13,item_name,明细名称,varchar(255),是,,否,否,,P1-内部,,设计字段,P097
sjg_oms,content,change_request_item,内容返工变更明细项,子表,14,item_value_text,文本值,text,是,,否,否,,P1-内部,,设计字段,P097
sjg_oms,content,change_request_item,内容返工变更明细项,子表,15,item_value_number,数值,"numeric(24,8)",是,,否,否,,P1-内部,,设计字段,P097
sjg_oms,content,change_request_item,内容返工变更明细项,子表,16,item_value_json,结构化值,jsonb,是,,否,否,,P1-内部,,设计字段,P097
sjg_oms,content,change_request_item,内容返工变更明细项,子表,17,related_object_type,关联对象类型,varchar(128),是,,否,否,,P1-内部,,设计字段,P097
sjg_oms,content,change_request_item,内容返工变更明细项,子表,18,related_object_id,关联对象ID,uuid,是,,否,否,,P1-内部,,设计字段,P097
sjg_oms,content,change_request_item,内容返工变更明细项,子表,19,amount,金额,"numeric(18,2)",是,,否,否,,P1-内部,,设计字段,P097
sjg_oms,content,change_request_item,内容返工变更明细项,子表,20,quantity,数量,"numeric(18,6)",是,,否,否,,P1-内部,,设计字段,P097
sjg_oms,content,change_request_item,内容返工变更明细项,子表,21,sort_no,排序,integer,否,0,否,否,,P1-内部,,设计字段,P097
sjg_oms,content,material_request,宣传物料制作主表,主表,1,id,主键ID,uuid,否,gen_random_uuid(),是,否,,P1-内部,,设计字段,P095
sjg_oms,content,material_request,宣传物料制作主表,主表,2,tenant_id,租户ID,uuid,否,,否,否,core.tenant.id,P1-内部,所有业务唯一键必须包含tenant_id,设计字段,P095
sjg_oms,content,material_request,宣传物料制作主表,主表,3,business_no,业务单号,varchar(64),否,,否,是,,P1-内部,租户内唯一；由core.sequence_rule生成,设计字段,P095
sjg_oms,content,material_request,宣传物料制作主表,主表,4,workflow_instance_id,流程实例ID,uuid,是,,否,否,workflow.wf_instance.id,P1-内部,,设计字段,P095
sjg_oms,content,material_request,宣传物料制作主表,主表,5,status,业务状态,varchar(32),否,'DRAFT',否,否,,P1-内部,仅由状态机合法迁移,设计字段,P095
sjg_oms,content,material_request,宣传物料制作主表,主表,6,version_no,乐观锁版本,integer,否,0,否,否,,P1-内部,更新时version_no+1，冲突则拒绝,设计字段,P095
sjg_oms,content,material_request,宣传物料制作主表,主表,7,created_by,创建人,uuid,是,,否,否,org.employee.id,P1-内部,,设计字段,P095
sjg_oms,content,material_request,宣传物料制作主表,主表,8,created_at,创建时间,timestamptz,否,now(),否,否,,P1-内部,,设计字段,P095
sjg_oms,content,material_request,宣传物料制作主表,主表,9,updated_by,更新人,uuid,是,,否,否,org.employee.id,P1-内部,,设计字段,P095
sjg_oms,content,material_request,宣传物料制作主表,主表,10,updated_at,更新时间,timestamptz,否,now(),否,否,,P1-内部,,设计字段,P095
sjg_oms,content,material_request,宣传物料制作主表,主表,11,is_deleted,逻辑删除,boolean,否,false,否,否,,P1-内部,,设计字段,P095
sjg_oms,content,material_request,宣传物料制作主表,主表,12,deleted_at,删除时间,timestamptz,是,,否,否,,P1-内部,,设计字段,P095
sjg_oms,content,material_request,宣传物料制作主表,主表,13,source_channel,来源渠道,varchar(32),是,,否,否,,P1-内部,,设计字段,P095
sjg_oms,content,material_request,宣传物料制作主表,主表,14,business_date,业务日期,date,是,,否,否,,P1-内部,,设计字段,P095
sjg_oms,content,material_request,宣传物料制作主表,主表,15,subject,主题,varchar(255),是,,否,否,,P1-内部,,设计字段,P095
sjg_oms,content,material_request,宣传物料制作主表,主表,16,reason,原因,text,是,,否,否,,P1-内部,,设计字段,P095
sjg_oms,content,material_request,宣传物料制作主表,主表,17,priority,优先级,varchar(16),否,'NORMAL',否,否,,P1-内部,,设计字段,P095
sjg_oms,content,material_request,宣传物料制作主表,主表,18,risk_level,风险等级,varchar(16),是,,否,否,,P1-内部,,设计字段,P095
sjg_oms,content,material_request,宣传物料制作主表,主表,19,owner_center_id,归属中心,uuid,是,,否,否,org.organization.id,P1-内部,,设计字段,P095
sjg_oms,content,material_request,宣传物料制作主表,主表,20,owner_department_id,归属部门,uuid,是,,否,否,org.organization.id,P1-内部,,设计字段,P095
sjg_oms,content,material_request,宣传物料制作主表,主表,21,owner_employee_id,责任人,uuid,是,,否,否,org.employee.id,P1-内部,,设计字段,P095
sjg_oms,content,material_request,宣传物料制作主表,主表,22,planned_start_at,计划开始,timestamptz,是,,否,否,,P1-内部,,设计字段,P095
sjg_oms,content,material_request,宣传物料制作主表,主表,23,planned_finish_at,计划完成,timestamptz,是,,否,否,,P1-内部,,设计字段,P095
sjg_oms,content,material_request,宣传物料制作主表,主表,24,actual_start_at,实际开始,timestamptz,是,,否,否,,P1-内部,,设计字段,P095
sjg_oms,content,material_request,宣传物料制作主表,主表,25,actual_end_at,实际完成,timestamptz,是,,否,否,,P1-内部,,设计字段,P095
sjg_oms,content,material_request,宣传物料制作主表,主表,26,result_summary,结果摘要,text,是,,否,否,,P1-内部,,设计字段,P095
sjg_oms,content,material_request,宣传物料制作主表,主表,27,closed_at,关闭时间,timestamptz,是,,否,否,,P1-内部,,设计字段,P095
sjg_oms,content,material_request,宣传物料制作主表,主表,28,actual_amount,实际金额,"numeric(18,2)",是,,否,否,,P1-内部,,原始流程字段,P095
sjg_oms,content,material_request,宣传物料制作主表,主表,29,content_asset_no,内容/物料编号,varchar(64),否,,否,否,,P1-内部,,原始流程字段,P095
sjg_oms,content,material_request,宣传物料制作主表,主表,30,content_title,主题/标题,varchar(200),否,,否,否,,P1-内部,,原始流程字段,P095
sjg_oms,content,material_request,宣传物料制作主表,主表,31,content_type,内容类型,varchar(64),否,,否,否,,P1-内部,,原始流程字段,P095
sjg_oms,content,material_request,宣传物料制作主表,主表,32,copyright_info,版权授权信息,text,是,,否,否,,P1-内部,,原始流程字段,P095
sjg_oms,content,material_request,宣传物料制作主表,主表,33,item_asset_id,物料/资产编号,varchar(64),否,,否,否,,P1-内部,,原始流程字段,P095
sjg_oms,content,material_request,宣传物料制作主表,主表,34,item_asset_name,物料/资产名称,varchar(200),否,,否,否,,P1-内部,,原始流程字段,P095
sjg_oms,content,material_request,宣传物料制作主表,主表,35,planned_publish_at,计划发布时间,timestamptz,是,,否,否,,P1-内部,,原始流程字段,P095
sjg_oms,content,material_request,宣传物料制作主表,主表,36,review_points,品牌/事实审核要点,text,是,,否,否,,P1-内部,,原始流程字段,P095
sjg_oms,content,material_request,宣传物料制作主表,主表,37,script_copy,脚本/文案,text,是,,否,否,,P1-内部,,原始流程字段,P095
sjg_oms,content,material_request_item,宣传物料制作明细项,子表,1,id,主键ID,uuid,否,gen_random_uuid(),是,否,,P1-内部,,设计字段,P095
sjg_oms,content,material_request_item,宣传物料制作明细项,子表,2,tenant_id,租户ID,uuid,否,,否,否,core.tenant.id,P1-内部,所有业务唯一键必须包含tenant_id,设计字段,P095
sjg_oms,content,material_request_item,宣传物料制作明细项,子表,3,created_by,创建人,uuid,是,,否,否,org.employee.id,P1-内部,,设计字段,P095
sjg_oms,content,material_request_item,宣传物料制作明细项,子表,4,created_at,创建时间,timestamptz,否,now(),否,否,,P1-内部,,设计字段,P095
sjg_oms,content,material_request_item,宣传物料制作明细项,子表,5,updated_by,更新人,uuid,是,,否,否,org.employee.id,P1-内部,,设计字段,P095
sjg_oms,content,material_request_item,宣传物料制作明细项,子表,6,updated_at,更新时间,timestamptz,否,now(),否,否,,P1-内部,,设计字段,P095
sjg_oms,content,material_request_item,宣传物料制作明细项,子表,7,is_deleted,逻辑删除,boolean,否,false,否,否,,P1-内部,,设计字段,P095
sjg_oms,content,material_request_item,宣传物料制作明细项,子表,8,deleted_at,删除时间,timestamptz,是,,否,否,,P1-内部,,设计字段,P095
sjg_oms,content,material_request_item,宣传物料制作明细项,子表,9,master_id,主表ID,uuid,否,,否,否,content.material_request.id,P1-内部,,设计字段,P095
sjg_oms,content,material_request_item,宣传物料制作明细项,子表,10,field_code,来源字段编码,varchar(128),否,,否,否,,P1-内部,,设计字段,P095
sjg_oms,content,material_request_item,宣传物料制作明细项,子表,11,item_seq,明细序号,integer,否,0,否,否,,P1-内部,,设计字段,P095
sjg_oms,content,material_request_item,宣传物料制作明细项,子表,12,item_key,明细键,varchar(128),是,,否,否,,P1-内部,,设计字段,P095
sjg_oms,content,material_request_item,宣传物料制作明细项,子表,13,item_name,明细名称,varchar(255),是,,否,否,,P1-内部,,设计字段,P095
sjg_oms,content,material_request_item,宣传物料制作明细项,子表,14,item_value_text,文本值,text,是,,否,否,,P1-内部,,设计字段,P095
sjg_oms,content,material_request_item,宣传物料制作明细项,子表,15,item_value_number,数值,"numeric(24,8)",是,,否,否,,P1-内部,,设计字段,P095
sjg_oms,content,material_request_item,宣传物料制作明细项,子表,16,item_value_json,结构化值,jsonb,是,,否,否,,P1-内部,,设计字段,P095
sjg_oms,content,material_request_item,宣传物料制作明细项,子表,17,related_object_type,关联对象类型,varchar(128),是,,否,否,,P1-内部,,设计字段,P095
sjg_oms,content,material_request_item,宣传物料制作明细项,子表,18,related_object_id,关联对象ID,uuid,是,,否,否,,P1-内部,,设计字段,P095
sjg_oms,content,material_request_item,宣传物料制作明细项,子表,19,amount,金额,"numeric(18,2)",是,,否,否,,P1-内部,,设计字段,P095
sjg_oms,content,material_request_item,宣传物料制作明细项,子表,20,quantity,数量,"numeric(18,6)",是,,否,否,,P1-内部,,设计字段,P095
sjg_oms,content,material_request_item,宣传物料制作明细项,子表,21,sort_no,排序,integer,否,0,否,否,,P1-内部,,设计字段,P095
sjg_oms,content,shooting_task,拍摄任务主表,主表,1,id,主键ID,uuid,否,gen_random_uuid(),是,否,,P1-内部,,设计字段,P096
sjg_oms,content,shooting_task,拍摄任务主表,主表,2,tenant_id,租户ID,uuid,否,,否,否,core.tenant.id,P1-内部,所有业务唯一键必须包含tenant_id,设计字段,P096
sjg_oms,content,shooting_task,拍摄任务主表,主表,3,business_no,业务单号,varchar(64),否,,否,是,,P1-内部,租户内唯一；由core.sequence_rule生成,设计字段,P096
sjg_oms,content,shooting_task,拍摄任务主表,主表,4,workflow_instance_id,流程实例ID,uuid,是,,否,否,workflow.wf_instance.id,P1-内部,,设计字段,P096
sjg_oms,content,shooting_task,拍摄任务主表,主表,5,status,业务状态,varchar(32),否,'DRAFT',否,否,,P1-内部,仅由状态机合法迁移,设计字段,P096
sjg_oms,content,shooting_task,拍摄任务主表,主表,6,version_no,乐观锁版本,integer,否,0,否,否,,P1-内部,更新时version_no+1，冲突则拒绝,设计字段,P096
sjg_oms,content,shooting_task,拍摄任务主表,主表,7,created_by,创建人,uuid,是,,否,否,org.employee.id,P1-内部,,设计字段,P096
sjg_oms,content,shooting_task,拍摄任务主表,主表,8,created_at,创建时间,timestamptz,否,now(),否,否,,P1-内部,,设计字段,P096
sjg_oms,content,shooting_task,拍摄任务主表,主表,9,updated_by,更新人,uuid,是,,否,否,org.employee.id,P1-内部,,设计字段,P096
sjg_oms,content,shooting_task,拍摄任务主表,主表,10,updated_at,更新时间,timestamptz,否,now(),否,否,,P1-内部,,设计字段,P096
sjg_oms,content,shooting_task,拍摄任务主表,主表,11,is_deleted,逻辑删除,boolean,否,false,否,否,,P1-内部,,设计字段,P096
sjg_oms,content,shooting_task,拍摄任务主表,主表,12,deleted_at,删除时间,timestamptz,是,,否,否,,P1-内部,,设计字段,P096
sjg_oms,content,shooting_task,拍摄任务主表,主表,13,source_channel,来源渠道,varchar(32),是,,否,否,,P1-内部,,设计字段,P096
sjg_oms,content,shooting_task,拍摄任务主表,主表,14,business_date,业务日期,date,是,,否,否,,P1-内部,,设计字段,P096
sjg_oms,content,shooting_task,拍摄任务主表,主表,15,subject,主题,varchar(255),是,,否,否,,P1-内部,,设计字段,P096
sjg_oms,content,shooting_task,拍摄任务主表,主表,16,reason,原因,text,是,,否,否,,P1-内部,,设计字段,P096
sjg_oms,content,shooting_task,拍摄任务主表,主表,17,priority,优先级,varchar(16),否,'NORMAL',否,否,,P1-内部,,设计字段,P096
sjg_oms,content,shooting_task,拍摄任务主表,主表,18,risk_level,风险等级,varchar(16),是,,否,否,,P1-内部,,设计字段,P096
sjg_oms,content,shooting_task,拍摄任务主表,主表,19,owner_center_id,归属中心,uuid,是,,否,否,org.organization.id,P1-内部,,设计字段,P096
sjg_oms,content,shooting_task,拍摄任务主表,主表,20,owner_department_id,归属部门,uuid,是,,否,否,org.organization.id,P1-内部,,设计字段,P096
sjg_oms,content,shooting_task,拍摄任务主表,主表,21,owner_employee_id,责任人,uuid,是,,否,否,org.employee.id,P1-内部,,设计字段,P096
sjg_oms,content,shooting_task,拍摄任务主表,主表,22,planned_start_at,计划开始,timestamptz,是,,否,否,,P1-内部,,设计字段,P096
sjg_oms,content,shooting_task,拍摄任务主表,主表,23,planned_finish_at,计划完成,timestamptz,是,,否,否,,P1-内部,,设计字段,P096
sjg_oms,content,shooting_task,拍摄任务主表,主表,24,actual_start_at,实际开始,timestamptz,是,,否,否,,P1-内部,,设计字段,P096
sjg_oms,content,shooting_task,拍摄任务主表,主表,25,actual_end_at,实际完成,timestamptz,是,,否,否,,P1-内部,,设计字段,P096
sjg_oms,content,shooting_task,拍摄任务主表,主表,26,result_summary,结果摘要,text,是,,否,否,,P1-内部,,设计字段,P096
sjg_oms,content,shooting_task,拍摄任务主表,主表,27,closed_at,关闭时间,timestamptz,是,,否,否,,P1-内部,,设计字段,P096
sjg_oms,content,shooting_task,拍摄任务主表,主表,28,actual_amount,实际金额,"numeric(18,2)",是,,否,否,,P1-内部,,原始流程字段,P096
sjg_oms,content,shooting_task,拍摄任务主表,主表,29,content_asset_no,内容/物料编号,varchar(64),否,,否,否,,P1-内部,,原始流程字段,P096
sjg_oms,content,shooting_task,拍摄任务主表,主表,30,content_title,主题/标题,varchar(200),否,,否,否,,P1-内部,,原始流程字段,P096
sjg_oms,content,shooting_task,拍摄任务主表,主表,31,content_type,内容类型,varchar(64),否,,否,否,,P1-内部,,原始流程字段,P096
sjg_oms,content,shooting_task,拍摄任务主表,主表,32,copyright_info,版权授权信息,text,是,,否,否,,P1-内部,,原始流程字段,P096
sjg_oms,content,shooting_task,拍摄任务主表,主表,33,planned_publish_at,计划发布时间,timestamptz,是,,否,否,,P1-内部,,原始流程字段,P096
sjg_oms,content,shooting_task,拍摄任务主表,主表,34,review_points,品牌/事实审核要点,text,是,,否,否,,P1-内部,,原始流程字段,P096
sjg_oms,content,shooting_task,拍摄任务主表,主表,35,script_copy,脚本/文案,text,是,,否,否,,P1-内部,,原始流程字段,P096
sjg_oms,content,shooting_task_item,拍摄任务明细项,子表,1,id,主键ID,uuid,否,gen_random_uuid(),是,否,,P1-内部,,设计字段,P096
sjg_oms,content,shooting_task_item,拍摄任务明细项,子表,2,tenant_id,租户ID,uuid,否,,否,否,core.tenant.id,P1-内部,所有业务唯一键必须包含tenant_id,设计字段,P096
sjg_oms,content,shooting_task_item,拍摄任务明细项,子表,3,created_by,创建人,uuid,是,,否,否,org.employee.id,P1-内部,,设计字段,P096
sjg_oms,content,shooting_task_item,拍摄任务明细项,子表,4,created_at,创建时间,timestamptz,否,now(),否,否,,P1-内部,,设计字段,P096
sjg_oms,content,shooting_task_item,拍摄任务明细项,子表,5,updated_by,更新人,uuid,是,,否,否,org.employee.id,P1-内部,,设计字段,P096
sjg_oms,content,shooting_task_item,拍摄任务明细项,子表,6,updated_at,更新时间,timestamptz,否,now(),否,否,,P1-内部,,设计字段,P096
sjg_oms,content,shooting_task_item,拍摄任务明细项,子表,7,is_deleted,逻辑删除,boolean,否,false,否,否,,P1-内部,,设计字段,P096
sjg_oms,content,shooting_task_item,拍摄任务明细项,子表,8,deleted_at,删除时间,timestamptz,是,,否,否,,P1-内部,,设计字段,P096
sjg_oms,content,shooting_task_item,拍摄任务明细项,子表,9,master_id,主表ID,uuid,否,,否,否,content.shooting_task.id,P1-内部,,设计字段,P096
sjg_oms,content,shooting_task_item,拍摄任务明细项,子表,10,field_code,来源字段编码,varchar(128),否,,否,否,,P1-内部,,设计字段,P096
sjg_oms,content,shooting_task_item,拍摄任务明细项,子表,11,item_seq,明细序号,integer,否,0,否,否,,P1-内部,,设计字段,P096
sjg_oms,content,shooting_task_item,拍摄任务明细项,子表,12,item_key,明细键,varchar(128),是,,否,否,,P1-内部,,设计字段,P096
sjg_oms,content,shooting_task_item,拍摄任务明细项,子表,13,item_name,明细名称,varchar(255),是,,否,否,,P1-内部,,设计字段,P096
sjg_oms,content,shooting_task_item,拍摄任务明细项,子表,14,item_value_text,文本值,text,是,,否,否,,P1-内部,,设计字段,P096
sjg_oms,content,shooting_task_item,拍摄任务明细项,子表,15,item_value_number,数值,"numeric(24,8)",是,,否,否,,P1-内部,,设计字段,P096
sjg_oms,content,shooting_task_item,拍摄任务明细项,子表,16,item_value_json,结构化值,jsonb,是,,否,否,,P1-内部,,设计字段,P096
sjg_oms,content,shooting_task_item,拍摄任务明细项,子表,17,related_object_type,关联对象类型,varchar(128),是,,否,否,,P1-内部,,设计字段,P096
sjg_oms,content,shooting_task_item,拍摄任务明细项,子表,18,related_object_id,关联对象ID,uuid,是,,否,否,,P1-内部,,设计字段,P096
sjg_oms,content,shooting_task_item,拍摄任务明细项,子表,19,amount,金额,"numeric(18,2)",是,,否,否,,P1-内部,,设计字段,P096
sjg_oms,content,shooting_task_item,拍摄任务明细项,子表,20,quantity,数量,"numeric(18,6)",是,,否,否,,P1-内部,,设计字段,P096
sjg_oms,content,shooting_task_item,拍摄任务明细项,子表,21,sort_no,排序,integer,否,0,否,否,,P1-内部,,设计字段,P096
sjg_oms,core,dictionary,字典主表,配置表,1,id,主键ID,uuid,否,gen_random_uuid(),是,否,,P1-内部,,设计字段,
sjg_oms,core,dictionary,字典主表,配置表,2,tenant_id,租户ID,uuid,否,,否,否,core.tenant.id,P1-内部,所有业务唯一键必须包含tenant_id,设计字段,
sjg_oms,core,dictionary,字典主表,配置表,3,created_by,创建人,uuid,是,,否,否,org.employee.id,P1-内部,,设计字段,
sjg_oms,core,dictionary,字典主表,配置表,4,created_at,创建时间,timestamptz,否,now(),否,否,,P1-内部,,设计字段,
sjg_oms,core,dictionary,字典主表,配置表,5,updated_by,更新人,uuid,是,,否,否,org.employee.id,P1-内部,,设计字段,
sjg_oms,core,dictionary,字典主表,配置表,6,updated_at,更新时间,timestamptz,否,now(),否,否,,P1-内部,,设计字段,
sjg_oms,core,dictionary,字典主表,配置表,7,is_deleted,逻辑删除,boolean,否,false,否,否,,P1-内部,,设计字段,
sjg_oms,core,dictionary,字典主表,配置表,8,deleted_at,删除时间,timestamptz,是,,否,否,,P1-内部,,设计字段,
sjg_oms,core,dictionary,字典主表,配置表,9,dict_code,字典编码,varchar(64),否,,否,是,,P1-内部,,设计字段,
sjg_oms,core,dictionary,字典主表,配置表,10,dict_name,字典名称,varchar(128),否,,否,否,,P1-内部,,设计字段,
sjg_oms,core,dictionary,字典主表,配置表,11,version_no,版本,integer,否,1,否,否,,P1-内部,,设计字段,
sjg_oms,core,dictionary,字典主表,配置表,12,enabled,启用,boolean,否,true,否,否,,P1-内部,,设计字段,
sjg_oms,core,dictionary_item,字典项表,子表,1,id,主键ID,uuid,否,gen_random_uuid(),是,否,,P1-内部,,设计字段,
sjg_oms,core,dictionary_item,字典项表,子表,2,tenant_id,租户ID,uuid,否,,否,否,core.tenant.id,P1-内部,所有业务唯一键必须包含tenant_id,设计字段,
sjg_oms,core,dictionary_item,字典项表,子表,3,created_by,创建人,uuid,是,,否,否,org.employee.id,P1-内部,,设计字段,
sjg_oms,core,dictionary_item,字典项表,子表,4,created_at,创建时间,timestamptz,否,now(),否,否,,P1-内部,,设计字段,
sjg_oms,core,dictionary_item,字典项表,子表,5,updated_by,更新人,uuid,是,,否,否,org.employee.id,P1-内部,,设计字段,
sjg_oms,core,dictionary_item,字典项表,子表,6,updated_at,更新时间,timestamptz,否,now(),否,否,,P1-内部,,设计字段,
sjg_oms,core,dictionary_item,字典项表,子表,7,is_deleted,逻辑删除,boolean,否,false,否,否,,P1-内部,,设计字段,
sjg_oms,core,dictionary_item,字典项表,子表,8,deleted_at,删除时间,timestamptz,是,,否,否,,P1-内部,,设计字段,
sjg_oms,core,dictionary_item,字典项表,子表,9,dictionary_id,字典ID,uuid,否,,否,否,core.dictionary.id,P1-内部,,设计字段,
sjg_oms,core,dictionary_item,字典项表,子表,10,item_code,字典项编码,varchar(64),否,,否,否,,P1-内部,,设计字段,
sjg_oms,core,dictionary_item,字典项表,子表,11,item_name,字典项名称,varchar(128),否,,否,否,,P1-内部,,设计字段,
sjg_oms,core,dictionary_item,字典项表,子表,12,item_value,字典项值,varchar(255),否,,否,否,,P1-内部,,设计字段,
sjg_oms,core,dictionary_item,字典项表,子表,13,sort_no,排序,integer,否,0,否,否,,P1-内部,,设计字段,
sjg_oms,core,dictionary_item,字典项表,子表,14,enabled,启用,boolean,否,true,否,否,,P1-内部,,设计字段,
sjg_oms,core,idempotency_record,幂等记录表,技术表,1,id,主键ID,uuid,否,gen_random_uuid(),是,否,,P1-内部,,设计字段,
sjg_oms,core,idempotency_record,幂等记录表,技术表,2,tenant_id,租户ID,uuid,否,,否,否,core.tenant.id,P1-内部,所有业务唯一键必须包含tenant_id,设计字段,
sjg_oms,core,idempotency_record,幂等记录表,技术表,3,created_by,创建人,uuid,是,,否,否,org.employee.id,P1-内部,,设计字段,
sjg_oms,core,idempotency_record,幂等记录表,技术表,4,created_at,创建时间,timestamptz,否,now(),否,否,,P1-内部,,设计字段,
sjg_oms,core,idempotency_record,幂等记录表,技术表,5,updated_by,更新人,uuid,是,,否,否,org.employee.id,P1-内部,,设计字段,
sjg_oms,core,idempotency_record,幂等记录表,技术表,6,updated_at,更新时间,timestamptz,否,now(),否,否,,P1-内部,,设计字段,
sjg_oms,core,idempotency_record,幂等记录表,技术表,7,is_deleted,逻辑删除,boolean,否,false,否,否,,P1-内部,,设计字段,
sjg_oms,core,idempotency_record,幂等记录表,技术表,8,deleted_at,删除时间,timestamptz,是,,否,否,,P1-内部,,设计字段,
sjg_oms,core,idempotency_record,幂等记录表,技术表,9,idempotency_key,幂等键,varchar(128),否,,否,是,,P1-内部,,设计字段,
sjg_oms,core,idempotency_record,幂等记录表,技术表,10,request_hash,请求摘要,varchar(128),否,,否,否,,P1-内部,,设计字段,
sjg_oms,core,idempotency_record,幂等记录表,技术表,11,resource_type,资源类型,varchar(64),否,,否,否,,P1-内部,,设计字段,
sjg_oms,core,idempotency_record,幂等记录表,技术表,12,resource_id,资源ID,uuid,是,,否,否,,P1-内部,,设计字段,
sjg_oms,core,idempotency_record,幂等记录表,技术表,13,response_snapshot,响应快照,jsonb,是,,否,否,,P1-内部,,设计字段,
sjg_oms,core,idempotency_record,幂等记录表,技术表,14,expire_at,过期时间,timestamptz,否,,否,否,,P1-内部,,设计字段,
sjg_oms,core,inbox_event,消费幂等箱,事件表,1,id,主键ID,uuid,否,gen_random_uuid(),是,否,,P1-内部,,设计字段,
sjg_oms,core,inbox_event,消费幂等箱,事件表,2,tenant_id,租户ID,uuid,否,,否,否,core.tenant.id,P1-内部,所有业务唯一键必须包含tenant_id,设计字段,
sjg_oms,core,inbox_event,消费幂等箱,事件表,3,created_by,创建人,uuid,是,,否,否,org.employee.id,P1-内部,,设计字段,
sjg_oms,core,inbox_event,消费幂等箱,事件表,4,created_at,创建时间,timestamptz,否,now(),否,否,,P1-内部,,设计字段,
sjg_oms,core,inbox_event,消费幂等箱,事件表,5,updated_by,更新人,uuid,是,,否,否,org.employee.id,P1-内部,,设计字段,
sjg_oms,core,inbox_event,消费幂等箱,事件表,6,updated_at,更新时间,timestamptz,否,now(),否,否,,P1-内部,,设计字段,
sjg_oms,core,inbox_event,消费幂等箱,事件表,7,is_deleted,逻辑删除,boolean,否,false,否,否,,P1-内部,,设计字段,
sjg_oms,core,inbox_event,消费幂等箱,事件表,8,deleted_at,删除时间,timestamptz,是,,否,否,,P1-内部,,设计字段,
sjg_oms,core,inbox_event,消费幂等箱,事件表,9,consumer_name,消费者,varchar(128),否,,否,否,,P1-内部,,设计字段,
sjg_oms,core,inbox_event,消费幂等箱,事件表,10,event_key,事件键,varchar(128),否,,否,否,,P1-内部,,设计字段,
sjg_oms,core,inbox_event,消费幂等箱,事件表,11,processed_at,处理时间,timestamptz,否,now(),否,否,,P1-内部,,设计字段,
sjg_oms,core,inbox_event,消费幂等箱,事件表,12,result_code,结果码,varchar(32),否,,否,否,,P1-内部,,设计字段,
sjg_oms,core,outbox_event,事务事件箱,事件表,1,id,主键ID,uuid,否,gen_random_uuid(),是,否,,P1-内部,,设计字段,
sjg_oms,core,outbox_event,事务事件箱,事件表,2,tenant_id,租户ID,uuid,否,,否,否,core.tenant.id,P1-内部,所有业务唯一键必须包含tenant_id,设计字段,
sjg_oms,core,outbox_event,事务事件箱,事件表,3,created_by,创建人,uuid,是,,否,否,org.employee.id,P1-内部,,设计字段,
sjg_oms,core,outbox_event,事务事件箱,事件表,4,created_at,创建时间,timestamptz,否,now(),否,否,,P1-内部,,设计字段,
sjg_oms,core,outbox_event,事务事件箱,事件表,5,updated_by,更新人,uuid,是,,否,否,org.employee.id,P1-内部,,设计字段,
sjg_oms,core,outbox_event,事务事件箱,事件表,6,updated_at,更新时间,timestamptz,否,now(),否,否,,P1-内部,,设计字段,
sjg_oms,core,outbox_event,事务事件箱,事件表,7,is_deleted,逻辑删除,boolean,否,false,否,否,,P1-内部,,设计字段,
sjg_oms,core,outbox_event,事务事件箱,事件表,8,deleted_at,删除时间,timestamptz,是,,否,否,,P1-内部,,设计字段,
sjg_oms,core,outbox_event,事务事件箱,事件表,9,aggregate_type,聚合类型,varchar(64),否,,否,否,,P1-内部,,设计字段,
sjg_oms,core,outbox_event,事务事件箱,事件表,10,aggregate_id,聚合ID,uuid,否,,否,否,,P1-内部,,设计字段,
sjg_oms,core,outbox_event,事务事件箱,事件表,11,event_type,事件类型,varchar(128),否,,否,否,,P1-内部,,设计字段,
sjg_oms,core,outbox_event,事务事件箱,事件表,12,event_version,事件版本,integer,否,1,否,否,,P1-内部,,设计字段,
sjg_oms,core,outbox_event,事务事件箱,事件表,13,payload,事件载荷,jsonb,否,,否,否,,P1-内部,,设计字段,
sjg_oms,core,outbox_event,事务事件箱,事件表,14,event_key,事件幂等键,varchar(128),否,,否,是,,P1-内部,,设计字段,
sjg_oms,core,outbox_event,事务事件箱,事件表,15,publish_status,发布状态,varchar(32),否,'PENDING',否,否,,P1-内部,,设计字段,
sjg_oms,core,outbox_event,事务事件箱,事件表,16,published_at,发布时间,timestamptz,是,,否,否,,P1-内部,,设计字段,
sjg_oms,core,outbox_event,事务事件箱,事件表,17,retry_count,重试次数,integer,否,0,否,否,,P1-内部,,设计字段,
sjg_oms,core,sequence_rule,单号规则表,配置表,1,id,主键ID,uuid,否,gen_random_uuid(),是,否,,P1-内部,,设计字段,
sjg_oms,core,sequence_rule,单号规则表,配置表,2,tenant_id,租户ID,uuid,否,,否,否,core.tenant.id,P1-内部,所有业务唯一键必须包含tenant_id,设计字段,
sjg_oms,core,sequence_rule,单号规则表,配置表,3,created_by,创建人,uuid,是,,否,否,org.employee.id,P1-内部,,设计字段,
sjg_oms,core,sequence_rule,单号规则表,配置表,4,created_at,创建时间,timestamptz,否,now(),否,否,,P1-内部,,设计字段,
sjg_oms,core,sequence_rule,单号规则表,配置表,5,updated_by,更新人,uuid,是,,否,否,org.employee.id,P1-内部,,设计字段,
sjg_oms,core,sequence_rule,单号规则表,配置表,6,updated_at,更新时间,timestamptz,否,now(),否,否,,P1-内部,,设计字段,
sjg_oms,core,sequence_rule,单号规则表,配置表,7,is_deleted,逻辑删除,boolean,否,false,否,否,,P1-内部,,设计字段,
sjg_oms,core,sequence_rule,单号规则表,配置表,8,deleted_at,删除时间,timestamptz,是,,否,否,,P1-内部,,设计字段,
sjg_oms,core,sequence_rule,单号规则表,配置表,9,rule_code,规则编码,varchar(64),否,,否,是,,P1-内部,,设计字段,
sjg_oms,core,sequence_rule,单号规则表,配置表,10,prefix_template,前缀模板,varchar(128),否,,否,否,,P1-内部,,设计字段,
sjg_oms,core,sequence_rule,单号规则表,配置表,11,date_pattern,日期格式,varchar(32),是,,否,否,,P1-内部,,设计字段,
sjg_oms,core,sequence_rule,单号规则表,配置表,12,current_value,当前序号,bigint,否,0,否,否,,P1-内部,,设计字段,
sjg_oms,core,sequence_rule,单号规则表,配置表,13,step,步长,integer,否,1,否,否,,P1-内部,,设计字段,
sjg_oms,core,tenant,租户主表,主数据表,1,id,租户ID,uuid,否,gen_random_uuid(),是,否,,P1-内部,,设计字段,
sjg_oms,core,tenant,租户主表,主数据表,2,tenant_code,租户编码,varchar(32),否,,否,是,,P1-内部,,设计字段,
sjg_oms,core,tenant,租户主表,主数据表,3,tenant_name,租户名称,varchar(128),否,,否,否,,P1-内部,,设计字段,
sjg_oms,core,tenant,租户主表,主数据表,4,status,状态,varchar(32),否,'ACTIVE',否,否,,P1-内部,,设计字段,
sjg_oms,core,tenant,租户主表,主数据表,5,timezone,时区,varchar(64),否,'Asia/Shanghai',否,否,,P1-内部,,设计字段,
sjg_oms,core,tenant,租户主表,主数据表,6,created_at,创建时间,timestamptz,否,now(),否,否,,P1-内部,,设计字段,
sjg_oms,core,tenant,租户主表,主数据表,7,updated_at,更新时间,timestamptz,否,now(),否,否,,P1-内部,,设计字段,
sjg_oms,costume,damage_report,服化道报损主表,主表,1,id,主键ID,uuid,否,gen_random_uuid(),是,否,,P1-内部,,设计字段,P077
sjg_oms,costume,damage_report,服化道报损主表,主表,2,tenant_id,租户ID,uuid,否,,否,否,core.tenant.id,P1-内部,所有业务唯一键必须包含tenant_id,设计字段,P077
sjg_oms,costume,damage_report,服化道报损主表,主表,3,business_no,业务单号,varchar(64),否,,否,是,,P1-内部,租户内唯一；由core.sequence_rule生成,设计字段,P077
sjg_oms,costume,damage_report,服化道报损主表,主表,4,workflow_instance_id,流程实例ID,uuid,是,,否,否,workflow.wf_instance.id,P1-内部,,设计字段,P077
sjg_oms,costume,damage_report,服化道报损主表,主表,5,status,业务状态,varchar(32),否,'DRAFT',否,否,,P1-内部,仅由状态机合法迁移,设计字段,P077
sjg_oms,costume,damage_report,服化道报损主表,主表,6,version_no,乐观锁版本,integer,否,0,否,否,,P1-内部,更新时version_no+1，冲突则拒绝,设计字段,P077
sjg_oms,costume,damage_report,服化道报损主表,主表,7,created_by,创建人,uuid,是,,否,否,org.employee.id,P1-内部,,设计字段,P077
sjg_oms,costume,damage_report,服化道报损主表,主表,8,created_at,创建时间,timestamptz,否,now(),否,否,,P1-内部,,设计字段,P077
sjg_oms,costume,damage_report,服化道报损主表,主表,9,updated_by,更新人,uuid,是,,否,否,org.employee.id,P1-内部,,设计字段,P077
sjg_oms,costume,damage_report,服化道报损主表,主表,10,updated_at,更新时间,timestamptz,否,now(),否,否,,P1-内部,,设计字段,P077
sjg_oms,costume,damage_report,服化道报损主表,主表,11,is_deleted,逻辑删除,boolean,否,false,否,否,,P1-内部,,设计字段,P077
sjg_oms,costume,damage_report,服化道报损主表,主表,12,deleted_at,删除时间,timestamptz,是,,否,否,,P1-内部,,设计字段,P077
sjg_oms,costume,damage_report,服化道报损主表,主表,13,source_channel,来源渠道,varchar(32),是,,否,否,,P1-内部,,设计字段,P077
sjg_oms,costume,damage_report,服化道报损主表,主表,14,business_date,业务日期,date,是,,否,否,,P1-内部,,设计字段,P077
sjg_oms,costume,damage_report,服化道报损主表,主表,15,subject,主题,varchar(255),是,,否,否,,P1-内部,,设计字段,P077
sjg_oms,costume,damage_report,服化道报损主表,主表,16,reason,原因,text,是,,否,否,,P1-内部,,设计字段,P077
sjg_oms,costume,damage_report,服化道报损主表,主表,17,priority,优先级,varchar(16),否,'NORMAL',否,否,,P1-内部,,设计字段,P077
sjg_oms,costume,damage_report,服化道报损主表,主表,18,risk_level,风险等级,varchar(16),是,,否,否,,P1-内部,,设计字段,P077
sjg_oms,costume,damage_report,服化道报损主表,主表,19,owner_center_id,归属中心,uuid,是,,否,否,org.organization.id,P1-内部,,设计字段,P077
sjg_oms,costume,damage_report,服化道报损主表,主表,20,owner_department_id,归属部门,uuid,是,,否,否,org.organization.id,P1-内部,,设计字段,P077
sjg_oms,costume,damage_report,服化道报损主表,主表,21,owner_employee_id,责任人,uuid,是,,否,否,org.employee.id,P1-内部,,设计字段,P077
sjg_oms,costume,damage_report,服化道报损主表,主表,22,planned_start_at,计划开始,timestamptz,是,,否,否,,P1-内部,,设计字段,P077
sjg_oms,costume,damage_report,服化道报损主表,主表,23,planned_finish_at,计划完成,timestamptz,是,,否,否,,P1-内部,,设计字段,P077
sjg_oms,costume,damage_report,服化道报损主表,主表,24,actual_start_at,实际开始,timestamptz,是,,否,否,,P1-内部,,设计字段,P077
sjg_oms,costume,damage_report,服化道报损主表,主表,25,actual_end_at,实际完成,timestamptz,是,,否,否,,P1-内部,,设计字段,P077
sjg_oms,costume,damage_report,服化道报损主表,主表,26,result_summary,结果摘要,text,是,,否,否,,P1-内部,,设计字段,P077
sjg_oms,costume,damage_report,服化道报损主表,主表,27,closed_at,关闭时间,timestamptz,是,,否,否,,P1-内部,,设计字段,P077
sjg_oms,costume,damage_report,服化道报损主表,主表,28,actual_amount,实际金额,"numeric(18,2)",是,,否,否,,P1-内部,,原始流程字段,P077
sjg_oms,costume,damage_report,服化道报损主表,主表,29,asset_condition,状态/成色,varchar(64),是,,否,否,,P1-内部,,原始流程字段,P077
sjg_oms,costume,damage_report,服化道报损主表,主表,30,batch_serial_no,批次/序列号,varchar(128),是,,否,否,,P1-内部,,原始流程字段,P077
sjg_oms,costume,damage_report,服化道报损主表,主表,31,book_value,账面价值,"numeric(18,2)",是,,否,否,,P3-高度敏感,,原始流程字段,P077
sjg_oms,costume,damage_report,服化道报损主表,主表,32,custodian_id,责任人/领用人,varchar(32),是,,否,否,,P1-内部,,原始流程字段,P077
sjg_oms,costume,damage_report,服化道报损主表,主表,33,fault_location_env,发生地点/环境,varchar(200),是,,否,否,,P1-内部,,原始流程字段,P077
sjg_oms,costume,damage_report,服化道报损主表,主表,34,fault_object,故障/请求对象,varchar(200),否,,否,否,,P1-内部,,原始流程字段,P077
sjg_oms,costume,damage_report,服化道报损主表,主表,35,item_asset_id,物料/资产编号,varchar(64),否,,否,否,,P1-内部,,原始流程字段,P077
sjg_oms,costume,damage_report,服化道报损主表,主表,36,item_asset_name,物料/资产名称,varchar(200),否,,否,否,,P1-内部,,原始流程字段,P077
sjg_oms,costume,damage_report,服化道报损主表,主表,37,spec_model,规格型号,varchar(200),是,,否,否,,P1-内部,,原始流程字段,P077
sjg_oms,costume,damage_report,服化道报损主表,主表,38,stock_quantity,数量,"numeric(18,6)",否,,否,否,,P1-内部,不得小于0,原始流程字段,P077
sjg_oms,costume,damage_report,服化道报损主表,主表,39,unit,单位,varchar(64),否,,否,否,,P1-内部,,原始流程字段,P077
sjg_oms,costume,damage_report,服化道报损主表,主表,40,warehouse_location_id,仓库/存放位置,varchar(64),否,,否,否,,P1-内部,,原始流程字段,P077
sjg_oms,costume,inventory_check,服化道盘点主表,主表,1,id,主键ID,uuid,否,gen_random_uuid(),是,否,,P1-内部,,设计字段,P078
sjg_oms,costume,inventory_check,服化道盘点主表,主表,2,tenant_id,租户ID,uuid,否,,否,否,core.tenant.id,P1-内部,所有业务唯一键必须包含tenant_id,设计字段,P078
sjg_oms,costume,inventory_check,服化道盘点主表,主表,3,business_no,业务单号,varchar(64),否,,否,是,,P1-内部,租户内唯一；由core.sequence_rule生成,设计字段,P078
sjg_oms,costume,inventory_check,服化道盘点主表,主表,4,workflow_instance_id,流程实例ID,uuid,是,,否,否,workflow.wf_instance.id,P1-内部,,设计字段,P078
sjg_oms,costume,inventory_check,服化道盘点主表,主表,5,status,业务状态,varchar(32),否,'DRAFT',否,否,,P1-内部,仅由状态机合法迁移,设计字段,P078
sjg_oms,costume,inventory_check,服化道盘点主表,主表,6,version_no,乐观锁版本,integer,否,0,否,否,,P1-内部,更新时version_no+1，冲突则拒绝,设计字段,P078
sjg_oms,costume,inventory_check,服化道盘点主表,主表,7,created_by,创建人,uuid,是,,否,否,org.employee.id,P1-内部,,设计字段,P078
sjg_oms,costume,inventory_check,服化道盘点主表,主表,8,created_at,创建时间,timestamptz,否,now(),否,否,,P1-内部,,设计字段,P078
sjg_oms,costume,inventory_check,服化道盘点主表,主表,9,updated_by,更新人,uuid,是,,否,否,org.employee.id,P1-内部,,设计字段,P078
sjg_oms,costume,inventory_check,服化道盘点主表,主表,10,updated_at,更新时间,timestamptz,否,now(),否,否,,P1-内部,,设计字段,P078
sjg_oms,costume,inventory_check,服化道盘点主表,主表,11,is_deleted,逻辑删除,boolean,否,false,否,否,,P1-内部,,设计字段,P078
sjg_oms,costume,inventory_check,服化道盘点主表,主表,12,deleted_at,删除时间,timestamptz,是,,否,否,,P1-内部,,设计字段,P078
sjg_oms,costume,inventory_check,服化道盘点主表,主表,13,source_channel,来源渠道,varchar(32),是,,否,否,,P1-内部,,设计字段,P078
sjg_oms,costume,inventory_check,服化道盘点主表,主表,14,business_date,业务日期,date,是,,否,否,,P1-内部,,设计字段,P078
sjg_oms,costume,inventory_check,服化道盘点主表,主表,15,subject,主题,varchar(255),是,,否,否,,P1-内部,,设计字段,P078
sjg_oms,costume,inventory_check,服化道盘点主表,主表,16,reason,原因,text,是,,否,否,,P1-内部,,设计字段,P078
sjg_oms,costume,inventory_check,服化道盘点主表,主表,17,priority,优先级,varchar(16),否,'NORMAL',否,否,,P1-内部,,设计字段,P078
sjg_oms,costume,inventory_check,服化道盘点主表,主表,18,risk_level,风险等级,varchar(16),是,,否,否,,P1-内部,,设计字段,P078
sjg_oms,costume,inventory_check,服化道盘点主表,主表,19,owner_center_id,归属中心,uuid,是,,否,否,org.organization.id,P1-内部,,设计字段,P078
sjg_oms,costume,inventory_check,服化道盘点主表,主表,20,owner_department_id,归属部门,uuid,是,,否,否,org.organization.id,P1-内部,,设计字段,P078
sjg_oms,costume,inventory_check,服化道盘点主表,主表,21,owner_employee_id,责任人,uuid,是,,否,否,org.employee.id,P1-内部,,设计字段,P078
sjg_oms,costume,inventory_check,服化道盘点主表,主表,22,planned_start_at,计划开始,timestamptz,是,,否,否,,P1-内部,,设计字段,P078
sjg_oms,costume,inventory_check,服化道盘点主表,主表,23,planned_finish_at,计划完成,timestamptz,是,,否,否,,P1-内部,,设计字段,P078
sjg_oms,costume,inventory_check,服化道盘点主表,主表,24,actual_start_at,实际开始,timestamptz,是,,否,否,,P1-内部,,设计字段,P078
sjg_oms,costume,inventory_check,服化道盘点主表,主表,25,actual_end_at,实际完成,timestamptz,是,,否,否,,P1-内部,,设计字段,P078
sjg_oms,costume,inventory_check,服化道盘点主表,主表,26,result_summary,结果摘要,text,是,,否,否,,P1-内部,,设计字段,P078
sjg_oms,costume,inventory_check,服化道盘点主表,主表,27,closed_at,关闭时间,timestamptz,是,,否,否,,P1-内部,,设计字段,P078
sjg_oms,costume,inventory_check,服化道盘点主表,主表,28,actual_amount,实际金额,"numeric(18,2)",是,,否,否,,P1-内部,,原始流程字段,P078
sjg_oms,costume,inventory_check,服化道盘点主表,主表,29,asset_condition,状态/成色,varchar(64),是,,否,否,,P1-内部,,原始流程字段,P078
sjg_oms,costume,inventory_check,服化道盘点主表,主表,30,batch_serial_no,批次/序列号,varchar(128),是,,否,否,,P1-内部,,原始流程字段,P078
sjg_oms,costume,inventory_check,服化道盘点主表,主表,31,book_value,账面价值,"numeric(18,2)",是,,否,否,,P3-高度敏感,,原始流程字段,P078
sjg_oms,costume,inventory_check,服化道盘点主表,主表,32,custodian_id,责任人/领用人,varchar(32),是,,否,否,,P1-内部,,原始流程字段,P078
sjg_oms,costume,inventory_check,服化道盘点主表,主表,33,item_asset_id,物料/资产编号,varchar(64),否,,否,否,,P1-内部,,原始流程字段,P078
sjg_oms,costume,inventory_check,服化道盘点主表,主表,34,item_asset_name,物料/资产名称,varchar(200),否,,否,否,,P1-内部,,原始流程字段,P078
sjg_oms,costume,inventory_check,服化道盘点主表,主表,35,program_version_id,节目编号/版本,varchar(64),否,,否,否,,P1-内部,,原始流程字段,P078
sjg_oms,costume,inventory_check,服化道盘点主表,主表,36,show_session_no,场次编号,varchar(64),是,,否,否,,P1-内部,,原始流程字段,P078
sjg_oms,costume,inventory_check,服化道盘点主表,主表,37,spec_model,规格型号,varchar(200),是,,否,否,,P1-内部,,原始流程字段,P078
sjg_oms,costume,inventory_check,服化道盘点主表,主表,38,stock_quantity,数量,"numeric(18,6)",否,,否,否,,P1-内部,不得小于0,原始流程字段,P078
sjg_oms,costume,inventory_check,服化道盘点主表,主表,39,unit,单位,varchar(64),否,,否,否,,P1-内部,,原始流程字段,P078
sjg_oms,costume,inventory_check,服化道盘点主表,主表,40,warehouse_location_id,仓库/存放位置,varchar(64),否,,否,否,,P1-内部,,原始流程字段,P078
sjg_oms,costume,session_preparation,服化道场次准备主表,主表,1,id,主键ID,uuid,否,gen_random_uuid(),是,否,,P1-内部,,设计字段,P076
sjg_oms,costume,session_preparation,服化道场次准备主表,主表,2,tenant_id,租户ID,uuid,否,,否,否,core.tenant.id,P1-内部,所有业务唯一键必须包含tenant_id,设计字段,P076
sjg_oms,costume,session_preparation,服化道场次准备主表,主表,3,business_no,业务单号,varchar(64),否,,否,是,,P1-内部,租户内唯一；由core.sequence_rule生成,设计字段,P076
sjg_oms,costume,session_preparation,服化道场次准备主表,主表,4,workflow_instance_id,流程实例ID,uuid,是,,否,否,workflow.wf_instance.id,P1-内部,,设计字段,P076
sjg_oms,costume,session_preparation,服化道场次准备主表,主表,5,status,业务状态,varchar(32),否,'DRAFT',否,否,,P1-内部,仅由状态机合法迁移,设计字段,P076
sjg_oms,costume,session_preparation,服化道场次准备主表,主表,6,version_no,乐观锁版本,integer,否,0,否,否,,P1-内部,更新时version_no+1，冲突则拒绝,设计字段,P076
sjg_oms,costume,session_preparation,服化道场次准备主表,主表,7,created_by,创建人,uuid,是,,否,否,org.employee.id,P1-内部,,设计字段,P076
sjg_oms,costume,session_preparation,服化道场次准备主表,主表,8,created_at,创建时间,timestamptz,否,now(),否,否,,P1-内部,,设计字段,P076
sjg_oms,costume,session_preparation,服化道场次准备主表,主表,9,updated_by,更新人,uuid,是,,否,否,org.employee.id,P1-内部,,设计字段,P076
sjg_oms,costume,session_preparation,服化道场次准备主表,主表,10,updated_at,更新时间,timestamptz,否,now(),否,否,,P1-内部,,设计字段,P076
sjg_oms,costume,session_preparation,服化道场次准备主表,主表,11,is_deleted,逻辑删除,boolean,否,false,否,否,,P1-内部,,设计字段,P076
sjg_oms,costume,session_preparation,服化道场次准备主表,主表,12,deleted_at,删除时间,timestamptz,是,,否,否,,P1-内部,,设计字段,P076
sjg_oms,costume,session_preparation,服化道场次准备主表,主表,13,source_channel,来源渠道,varchar(32),是,,否,否,,P1-内部,,设计字段,P076
sjg_oms,costume,session_preparation,服化道场次准备主表,主表,14,business_date,业务日期,date,是,,否,否,,P1-内部,,设计字段,P076
sjg_oms,costume,session_preparation,服化道场次准备主表,主表,15,subject,主题,varchar(255),是,,否,否,,P1-内部,,设计字段,P076
sjg_oms,costume,session_preparation,服化道场次准备主表,主表,16,reason,原因,text,是,,否,否,,P1-内部,,设计字段,P076
sjg_oms,costume,session_preparation,服化道场次准备主表,主表,17,priority,优先级,varchar(16),否,'NORMAL',否,否,,P1-内部,,设计字段,P076
sjg_oms,costume,session_preparation,服化道场次准备主表,主表,18,risk_level,风险等级,varchar(16),是,,否,否,,P1-内部,,设计字段,P076
sjg_oms,costume,session_preparation,服化道场次准备主表,主表,19,owner_center_id,归属中心,uuid,是,,否,否,org.organization.id,P1-内部,,设计字段,P076
sjg_oms,costume,session_preparation,服化道场次准备主表,主表,20,owner_department_id,归属部门,uuid,是,,否,否,org.organization.id,P1-内部,,设计字段,P076
sjg_oms,costume,session_preparation,服化道场次准备主表,主表,21,owner_employee_id,责任人,uuid,是,,否,否,org.employee.id,P1-内部,,设计字段,P076
sjg_oms,costume,session_preparation,服化道场次准备主表,主表,22,planned_start_at,计划开始,timestamptz,是,,否,否,,P1-内部,,设计字段,P076
sjg_oms,costume,session_preparation,服化道场次准备主表,主表,23,planned_finish_at,计划完成,timestamptz,是,,否,否,,P1-内部,,设计字段,P076
sjg_oms,costume,session_preparation,服化道场次准备主表,主表,24,actual_start_at,实际开始,timestamptz,是,,否,否,,P1-内部,,设计字段,P076
sjg_oms,costume,session_preparation,服化道场次准备主表,主表,25,actual_end_at,实际完成,timestamptz,是,,否,否,,P1-内部,,设计字段,P076
sjg_oms,costume,session_preparation,服化道场次准备主表,主表,26,result_summary,结果摘要,text,是,,否,否,,P1-内部,,设计字段,P076
sjg_oms,costume,session_preparation,服化道场次准备主表,主表,27,closed_at,关闭时间,timestamptz,是,,否,否,,P1-内部,,设计字段,P076
sjg_oms,costume,session_preparation,服化道场次准备主表,主表,28,actual_amount,实际金额,"numeric(18,2)",是,,否,否,,P1-内部,,原始流程字段,P076
sjg_oms,costume,session_preparation,服化道场次准备主表,主表,29,audience_summary,观众/客流摘要,text,是,,否,否,,P1-内部,,原始流程字段,P076
sjg_oms,costume,session_preparation,服化道场次准备主表,主表,30,item_asset_id,物料/资产编号,varchar(64),否,,否,否,,P1-内部,,原始流程字段,P076
sjg_oms,costume,session_preparation,服化道场次准备主表,主表,31,item_asset_name,物料/资产名称,varchar(200),否,,否,否,,P1-内部,,原始流程字段,P076
sjg_oms,costume,session_preparation,服化道场次准备主表,主表,32,pre_show_check,场前检查结果,varchar(64),是,,否,否,,P1-内部,,原始流程字段,P076
sjg_oms,costume,session_preparation,服化道场次准备主表,主表,33,program_version_id,节目编号/版本,varchar(64),否,,否,否,,P1-内部,,原始流程字段,P076
sjg_oms,costume,session_preparation,服化道场次准备主表,主表,34,role_position,角色/岗位,varchar(100),是,,否,否,,P1-内部,,原始流程字段,P076
sjg_oms,costume,session_preparation,服化道场次准备主表,主表,35,show_result,演出结果,varchar(64),是,,否,否,,P1-内部,,原始流程字段,P076
sjg_oms,costume,session_preparation,服化道场次准备主表,主表,36,show_session_no,场次编号,varchar(64),是,,否,否,,P1-内部,,原始流程字段,P076
sjg_oms,costume,session_preparation,服化道场次准备主表,主表,37,show_time,演出日期时间,timestamptz,是,,否,否,,P1-内部,,原始流程字段,P076
sjg_oms,costume,session_preparation,服化道场次准备主表,主表,38,show_venue_id,演出场地,varchar(64),是,,否,否,,P1-内部,,原始流程字段,P076
sjg_oms,crm,channel_partner,渠道伙伴主表,主表,1,id,主键ID,uuid,否,gen_random_uuid(),是,否,,P1-内部,,设计字段,P042
sjg_oms,crm,channel_partner,渠道伙伴主表,主表,2,tenant_id,租户ID,uuid,否,,否,否,core.tenant.id,P1-内部,所有业务唯一键必须包含tenant_id,设计字段,P042
sjg_oms,crm,channel_partner,渠道伙伴主表,主表,3,business_no,业务单号,varchar(64),否,,否,是,,P1-内部,租户内唯一；由core.sequence_rule生成,设计字段,P042
sjg_oms,crm,channel_partner,渠道伙伴主表,主表,4,workflow_instance_id,流程实例ID,uuid,是,,否,否,workflow.wf_instance.id,P1-内部,,设计字段,P042
sjg_oms,crm,channel_partner,渠道伙伴主表,主表,5,status,业务状态,varchar(32),否,'DRAFT',否,否,,P1-内部,仅由状态机合法迁移,设计字段,P042
sjg_oms,crm,channel_partner,渠道伙伴主表,主表,6,version_no,乐观锁版本,integer,否,0,否,否,,P1-内部,更新时version_no+1，冲突则拒绝,设计字段,P042
sjg_oms,crm,channel_partner,渠道伙伴主表,主表,7,created_by,创建人,uuid,是,,否,否,org.employee.id,P1-内部,,设计字段,P042
sjg_oms,crm,channel_partner,渠道伙伴主表,主表,8,created_at,创建时间,timestamptz,否,now(),否,否,,P1-内部,,设计字段,P042
sjg_oms,crm,channel_partner,渠道伙伴主表,主表,9,updated_by,更新人,uuid,是,,否,否,org.employee.id,P1-内部,,设计字段,P042
sjg_oms,crm,channel_partner,渠道伙伴主表,主表,10,updated_at,更新时间,timestamptz,否,now(),否,否,,P1-内部,,设计字段,P042
sjg_oms,crm,channel_partner,渠道伙伴主表,主表,11,is_deleted,逻辑删除,boolean,否,false,否,否,,P1-内部,,设计字段,P042
sjg_oms,crm,channel_partner,渠道伙伴主表,主表,12,deleted_at,删除时间,timestamptz,是,,否,否,,P1-内部,,设计字段,P042
sjg_oms,crm,channel_partner,渠道伙伴主表,主表,13,source_channel,来源渠道,varchar(32),是,,否,否,,P1-内部,,设计字段,P042
sjg_oms,crm,channel_partner,渠道伙伴主表,主表,14,business_date,业务日期,date,是,,否,否,,P1-内部,,设计字段,P042
sjg_oms,crm,channel_partner,渠道伙伴主表,主表,15,subject,主题,varchar(255),是,,否,否,,P1-内部,,设计字段,P042
sjg_oms,crm,channel_partner,渠道伙伴主表,主表,16,reason,原因,text,是,,否,否,,P1-内部,,设计字段,P042
sjg_oms,crm,channel_partner,渠道伙伴主表,主表,17,priority,优先级,varchar(16),否,'NORMAL',否,否,,P1-内部,,设计字段,P042
sjg_oms,crm,channel_partner,渠道伙伴主表,主表,18,risk_level,风险等级,varchar(16),是,,否,否,,P1-内部,,设计字段,P042
sjg_oms,crm,channel_partner,渠道伙伴主表,主表,19,owner_center_id,归属中心,uuid,是,,否,否,org.organization.id,P1-内部,,设计字段,P042
sjg_oms,crm,channel_partner,渠道伙伴主表,主表,20,owner_department_id,归属部门,uuid,是,,否,否,org.organization.id,P1-内部,,设计字段,P042
sjg_oms,crm,channel_partner,渠道伙伴主表,主表,21,owner_employee_id,责任人,uuid,是,,否,否,org.employee.id,P1-内部,,设计字段,P042
sjg_oms,crm,channel_partner,渠道伙伴主表,主表,22,planned_start_at,计划开始,timestamptz,是,,否,否,,P1-内部,,设计字段,P042
sjg_oms,crm,channel_partner,渠道伙伴主表,主表,23,planned_finish_at,计划完成,timestamptz,是,,否,否,,P1-内部,,设计字段,P042
sjg_oms,crm,channel_partner,渠道伙伴主表,主表,24,actual_start_at,实际开始,timestamptz,是,,否,否,,P1-内部,,设计字段,P042
sjg_oms,crm,channel_partner,渠道伙伴主表,主表,25,actual_end_at,实际完成,timestamptz,是,,否,否,,P1-内部,,设计字段,P042
sjg_oms,crm,channel_partner,渠道伙伴主表,主表,26,result_summary,结果摘要,text,是,,否,否,,P1-内部,,设计字段,P042
sjg_oms,crm,channel_partner,渠道伙伴主表,主表,27,closed_at,关闭时间,timestamptz,是,,否,否,,P1-内部,,设计字段,P042
sjg_oms,crm,channel_partner,渠道伙伴主表,主表,28,actual_amount,实际金额,"numeric(18,2)",是,,否,否,,P1-内部,,原始流程字段,P042
sjg_oms,crm,channel_partner,渠道伙伴主表,主表,29,contact_name,联系人,varchar(100),是,,否,否,,P2-个人,,原始流程字段,P042
sjg_oms,crm,channel_partner,渠道伙伴主表,主表,30,contact_phone,联系电话,varchar(32),是,,否,否,,P2-个人,手机号格式,原始流程字段,P042
sjg_oms,crm,channel_partner,渠道伙伴主表,主表,31,customer_id,客户编号,varchar(32),否,,否,否,,P1-内部,,原始流程字段,P042
sjg_oms,crm,channel_partner,渠道伙伴主表,主表,32,customer_name,客户名称,varchar(200),否,,否,否,,P1-内部,,原始流程字段,P042
sjg_oms,crm,channel_partner,渠道伙伴主表,主表,33,expected_close_date,预计成交日期,date,是,,否,否,,P1-内部,,原始流程字段,P042
sjg_oms,crm,channel_partner,渠道伙伴主表,主表,34,expected_revenue,预计成交金额,"numeric(18,2)",是,,否,否,,P1-内部,,原始流程字段,P042
sjg_oms,crm,channel_partner,渠道伙伴主表,主表,35,lead_opportunity_no,线索/商机编号,varchar(64),是,,否,否,,P1-内部,,原始流程字段,P042
sjg_oms,crm,channel_partner,渠道伙伴主表,主表,36,lead_source,线索来源,varchar(64),是,,否,否,,P1-内部,,原始流程字段,P042
sjg_oms,crm,channel_partner,渠道伙伴主表,主表,37,merchant_id,商户编号,varchar(32),否,,否,否,,P1-内部,,原始流程字段,P042
sjg_oms,crm,channel_partner,渠道伙伴主表,主表,38,merchant_name,商户名称,varchar(200),否,,否,否,,P1-内部,,原始流程字段,P042
sjg_oms,crm,channel_partner,渠道伙伴主表,主表,39,sales_owner_id,负责人/归属,varchar(32),否,,否,否,,P1-内部,,原始流程字段,P042
sjg_oms,crm,channel_partner_item,渠道伙伴明细项,子表,1,id,主键ID,uuid,否,gen_random_uuid(),是,否,,P1-内部,,设计字段,P042
sjg_oms,crm,channel_partner_item,渠道伙伴明细项,子表,2,tenant_id,租户ID,uuid,否,,否,否,core.tenant.id,P1-内部,所有业务唯一键必须包含tenant_id,设计字段,P042
sjg_oms,crm,channel_partner_item,渠道伙伴明细项,子表,3,created_by,创建人,uuid,是,,否,否,org.employee.id,P1-内部,,设计字段,P042
sjg_oms,crm,channel_partner_item,渠道伙伴明细项,子表,4,created_at,创建时间,timestamptz,否,now(),否,否,,P1-内部,,设计字段,P042
sjg_oms,crm,channel_partner_item,渠道伙伴明细项,子表,5,updated_by,更新人,uuid,是,,否,否,org.employee.id,P1-内部,,设计字段,P042
sjg_oms,crm,channel_partner_item,渠道伙伴明细项,子表,6,updated_at,更新时间,timestamptz,否,now(),否,否,,P1-内部,,设计字段,P042
sjg_oms,crm,channel_partner_item,渠道伙伴明细项,子表,7,is_deleted,逻辑删除,boolean,否,false,否,否,,P1-内部,,设计字段,P042
sjg_oms,crm,channel_partner_item,渠道伙伴明细项,子表,8,deleted_at,删除时间,timestamptz,是,,否,否,,P1-内部,,设计字段,P042
sjg_oms,crm,channel_partner_item,渠道伙伴明细项,子表,9,master_id,主表ID,uuid,否,,否,否,crm.channel_partner.id,P1-内部,,设计字段,P042
sjg_oms,crm,channel_partner_item,渠道伙伴明细项,子表,10,field_code,来源字段编码,varchar(128),否,,否,否,,P1-内部,,设计字段,P042
sjg_oms,crm,channel_partner_item,渠道伙伴明细项,子表,11,item_seq,明细序号,integer,否,0,否,否,,P1-内部,,设计字段,P042
sjg_oms,crm,channel_partner_item,渠道伙伴明细项,子表,12,item_key,明细键,varchar(128),是,,否,否,,P1-内部,,设计字段,P042
sjg_oms,crm,channel_partner_item,渠道伙伴明细项,子表,13,item_name,明细名称,varchar(255),是,,否,否,,P1-内部,,设计字段,P042
sjg_oms,crm,channel_partner_item,渠道伙伴明细项,子表,14,item_value_text,文本值,text,是,,否,否,,P1-内部,,设计字段,P042
sjg_oms,crm,channel_partner_item,渠道伙伴明细项,子表,15,item_value_number,数值,"numeric(24,8)",是,,否,否,,P1-内部,,设计字段,P042
sjg_oms,crm,channel_partner_item,渠道伙伴明细项,子表,16,item_value_json,结构化值,jsonb,是,,否,否,,P1-内部,,设计字段,P042
sjg_oms,crm,channel_partner_item,渠道伙伴明细项,子表,17,related_object_type,关联对象类型,varchar(128),是,,否,否,,P1-内部,,设计字段,P042
sjg_oms,crm,channel_partner_item,渠道伙伴明细项,子表,18,related_object_id,关联对象ID,uuid,是,,否,否,,P1-内部,,设计字段,P042
sjg_oms,crm,channel_partner_item,渠道伙伴明细项,子表,19,amount,金额,"numeric(18,2)",是,,否,否,,P1-内部,,设计字段,P042
sjg_oms,crm,channel_partner_item,渠道伙伴明细项,子表,20,quantity,数量,"numeric(18,6)",是,,否,否,,P1-内部,,设计字段,P042
sjg_oms,crm,channel_partner_item,渠道伙伴明细项,子表,21,sort_no,排序,integer,否,0,否,否,,P1-内部,,设计字段,P042
sjg_oms,crm,opportunity,商机主表,主表,1,id,主键ID,uuid,否,gen_random_uuid(),是,否,,P1-内部,,设计字段,P040
sjg_oms,crm,opportunity,商机主表,主表,2,tenant_id,租户ID,uuid,否,,否,否,core.tenant.id,P1-内部,所有业务唯一键必须包含tenant_id,设计字段,P040
sjg_oms,crm,opportunity,商机主表,主表,3,business_no,业务单号,varchar(64),否,,否,是,,P1-内部,租户内唯一；由core.sequence_rule生成,设计字段,P040
sjg_oms,crm,opportunity,商机主表,主表,4,workflow_instance_id,流程实例ID,uuid,是,,否,否,workflow.wf_instance.id,P1-内部,,设计字段,P040
sjg_oms,crm,opportunity,商机主表,主表,5,status,业务状态,varchar(32),否,'DRAFT',否,否,,P1-内部,仅由状态机合法迁移,设计字段,P040
sjg_oms,crm,opportunity,商机主表,主表,6,version_no,乐观锁版本,integer,否,0,否,否,,P1-内部,更新时version_no+1，冲突则拒绝,设计字段,P040
sjg_oms,crm,opportunity,商机主表,主表,7,created_by,创建人,uuid,是,,否,否,org.employee.id,P1-内部,,设计字段,P040
sjg_oms,crm,opportunity,商机主表,主表,8,created_at,创建时间,timestamptz,否,now(),否,否,,P1-内部,,设计字段,P040
sjg_oms,crm,opportunity,商机主表,主表,9,updated_by,更新人,uuid,是,,否,否,org.employee.id,P1-内部,,设计字段,P040
sjg_oms,crm,opportunity,商机主表,主表,10,updated_at,更新时间,timestamptz,否,now(),否,否,,P1-内部,,设计字段,P040
sjg_oms,crm,opportunity,商机主表,主表,11,is_deleted,逻辑删除,boolean,否,false,否,否,,P1-内部,,设计字段,P040
sjg_oms,crm,opportunity,商机主表,主表,12,deleted_at,删除时间,timestamptz,是,,否,否,,P1-内部,,设计字段,P040
sjg_oms,crm,opportunity,商机主表,主表,13,source_channel,来源渠道,varchar(32),是,,否,否,,P1-内部,,设计字段,P040
sjg_oms,crm,opportunity,商机主表,主表,14,business_date,业务日期,date,是,,否,否,,P1-内部,,设计字段,P040
sjg_oms,crm,opportunity,商机主表,主表,15,subject,主题,varchar(255),是,,否,否,,P1-内部,,设计字段,P040
sjg_oms,crm,opportunity,商机主表,主表,16,reason,原因,text,是,,否,否,,P1-内部,,设计字段,P040
sjg_oms,crm,opportunity,商机主表,主表,17,priority,优先级,varchar(16),否,'NORMAL',否,否,,P1-内部,,设计字段,P040
sjg_oms,crm,opportunity,商机主表,主表,18,risk_level,风险等级,varchar(16),是,,否,否,,P1-内部,,设计字段,P040
sjg_oms,crm,opportunity,商机主表,主表,19,owner_center_id,归属中心,uuid,是,,否,否,org.organization.id,P1-内部,,设计字段,P040
sjg_oms,crm,opportunity,商机主表,主表,20,owner_department_id,归属部门,uuid,是,,否,否,org.organization.id,P1-内部,,设计字段,P040
sjg_oms,crm,opportunity,商机主表,主表,21,owner_employee_id,责任人,uuid,是,,否,否,org.employee.id,P1-内部,,设计字段,P040
sjg_oms,crm,opportunity,商机主表,主表,22,planned_start_at,计划开始,timestamptz,是,,否,否,,P1-内部,,设计字段,P040
sjg_oms,crm,opportunity,商机主表,主表,23,planned_finish_at,计划完成,timestamptz,是,,否,否,,P1-内部,,设计字段,P040
sjg_oms,crm,opportunity,商机主表,主表,24,actual_start_at,实际开始,timestamptz,是,,否,否,,P1-内部,,设计字段,P040
sjg_oms,crm,opportunity,商机主表,主表,25,actual_end_at,实际完成,timestamptz,是,,否,否,,P1-内部,,设计字段,P040
sjg_oms,crm,opportunity,商机主表,主表,26,result_summary,结果摘要,text,是,,否,否,,P1-内部,,设计字段,P040
sjg_oms,crm,opportunity,商机主表,主表,27,closed_at,关闭时间,timestamptz,是,,否,否,,P1-内部,,设计字段,P040
sjg_oms,crm,opportunity,商机主表,主表,28,actual_amount,实际金额,"numeric(18,2)",是,,否,否,,P1-内部,,原始流程字段,P040
sjg_oms,crm,opportunity,商机主表,主表,29,contact_name,联系人,varchar(100),是,,否,否,,P2-个人,,原始流程字段,P040
sjg_oms,crm,opportunity,商机主表,主表,30,contact_phone,联系电话,varchar(32),是,,否,否,,P2-个人,手机号格式,原始流程字段,P040
sjg_oms,crm,opportunity,商机主表,主表,31,customer_id,客户编号,varchar(32),否,,否,否,,P1-内部,,原始流程字段,P040
sjg_oms,crm,opportunity,商机主表,主表,32,customer_name,客户名称,varchar(200),否,,否,否,,P1-内部,,原始流程字段,P040
sjg_oms,crm,opportunity,商机主表,主表,33,document_type,文档类型,varchar(64),否,,否,否,,P1-内部,,原始流程字段,P040
sjg_oms,crm,opportunity,商机主表,主表,34,expected_close_date,预计成交日期,date,是,,否,否,,P1-内部,,原始流程字段,P040
sjg_oms,crm,opportunity,商机主表,主表,35,expected_revenue,预计成交金额,"numeric(18,2)",是,,否,否,,P1-内部,,原始流程字段,P040
sjg_oms,crm,opportunity,商机主表,主表,36,lead_opportunity_no,线索/商机编号,varchar(64),是,,否,否,,P1-内部,,原始流程字段,P040
sjg_oms,crm,opportunity,商机主表,主表,37,lead_source,线索来源,varchar(64),是,,否,否,,P1-内部,,原始流程字段,P040
sjg_oms,crm,opportunity,商机主表,主表,38,sales_owner_id,负责人/归属,varchar(32),否,,否,否,,P1-内部,,原始流程字段,P040
sjg_oms,crm,opportunity_item,商机明细项,子表,1,id,主键ID,uuid,否,gen_random_uuid(),是,否,,P1-内部,,设计字段,P040
sjg_oms,crm,opportunity_item,商机明细项,子表,2,tenant_id,租户ID,uuid,否,,否,否,core.tenant.id,P1-内部,所有业务唯一键必须包含tenant_id,设计字段,P040
sjg_oms,crm,opportunity_item,商机明细项,子表,3,created_by,创建人,uuid,是,,否,否,org.employee.id,P1-内部,,设计字段,P040
sjg_oms,crm,opportunity_item,商机明细项,子表,4,created_at,创建时间,timestamptz,否,now(),否,否,,P1-内部,,设计字段,P040
sjg_oms,crm,opportunity_item,商机明细项,子表,5,updated_by,更新人,uuid,是,,否,否,org.employee.id,P1-内部,,设计字段,P040
sjg_oms,crm,opportunity_item,商机明细项,子表,6,updated_at,更新时间,timestamptz,否,now(),否,否,,P1-内部,,设计字段,P040
sjg_oms,crm,opportunity_item,商机明细项,子表,7,is_deleted,逻辑删除,boolean,否,false,否,否,,P1-内部,,设计字段,P040
sjg_oms,crm,opportunity_item,商机明细项,子表,8,deleted_at,删除时间,timestamptz,是,,否,否,,P1-内部,,设计字段,P040
sjg_oms,crm,opportunity_item,商机明细项,子表,9,master_id,主表ID,uuid,否,,否,否,crm.opportunity.id,P1-内部,,设计字段,P040
sjg_oms,crm,opportunity_item,商机明细项,子表,10,field_code,来源字段编码,varchar(128),否,,否,否,,P1-内部,,设计字段,P040
sjg_oms,crm,opportunity_item,商机明细项,子表,11,item_seq,明细序号,integer,否,0,否,否,,P1-内部,,设计字段,P040
sjg_oms,crm,opportunity_item,商机明细项,子表,12,item_key,明细键,varchar(128),是,,否,否,,P1-内部,,设计字段,P040
sjg_oms,crm,opportunity_item,商机明细项,子表,13,item_name,明细名称,varchar(255),是,,否,否,,P1-内部,,设计字段,P040
sjg_oms,crm,opportunity_item,商机明细项,子表,14,item_value_text,文本值,text,是,,否,否,,P1-内部,,设计字段,P040
sjg_oms,crm,opportunity_item,商机明细项,子表,15,item_value_number,数值,"numeric(24,8)",是,,否,否,,P1-内部,,设计字段,P040
sjg_oms,crm,opportunity_item,商机明细项,子表,16,item_value_json,结构化值,jsonb,是,,否,否,,P1-内部,,设计字段,P040
sjg_oms,crm,opportunity_item,商机明细项,子表,17,related_object_type,关联对象类型,varchar(128),是,,否,否,,P1-内部,,设计字段,P040
sjg_oms,crm,opportunity_item,商机明细项,子表,18,related_object_id,关联对象ID,uuid,是,,否,否,,P1-内部,,设计字段,P040
sjg_oms,crm,opportunity_item,商机明细项,子表,19,amount,金额,"numeric(18,2)",是,,否,否,,P1-内部,,设计字段,P040
sjg_oms,crm,opportunity_item,商机明细项,子表,20,quantity,数量,"numeric(18,6)",是,,否,否,,P1-内部,,设计字段,P040
sjg_oms,crm,opportunity_item,商机明细项,子表,21,sort_no,排序,integer,否,0,否,否,,P1-内部,,设计字段,P040
sjg_oms,devops,defect,缺陷主表,主表,1,id,主键ID,uuid,否,gen_random_uuid(),是,否,,P1-内部,,设计字段,P093
sjg_oms,devops,defect,缺陷主表,主表,2,tenant_id,租户ID,uuid,否,,否,否,core.tenant.id,P1-内部,所有业务唯一键必须包含tenant_id,设计字段,P093
sjg_oms,devops,defect,缺陷主表,主表,3,business_no,业务单号,varchar(64),否,,否,是,,P1-内部,租户内唯一；由core.sequence_rule生成,设计字段,P093
sjg_oms,devops,defect,缺陷主表,主表,4,workflow_instance_id,流程实例ID,uuid,是,,否,否,workflow.wf_instance.id,P1-内部,,设计字段,P093
sjg_oms,devops,defect,缺陷主表,主表,5,status,业务状态,varchar(32),否,'DRAFT',否,否,,P1-内部,仅由状态机合法迁移,设计字段,P093
sjg_oms,devops,defect,缺陷主表,主表,6,version_no,乐观锁版本,integer,否,0,否,否,,P1-内部,更新时version_no+1，冲突则拒绝,设计字段,P093
sjg_oms,devops,defect,缺陷主表,主表,7,created_by,创建人,uuid,是,,否,否,org.employee.id,P1-内部,,设计字段,P093
sjg_oms,devops,defect,缺陷主表,主表,8,created_at,创建时间,timestamptz,否,now(),否,否,,P1-内部,,设计字段,P093
sjg_oms,devops,defect,缺陷主表,主表,9,updated_by,更新人,uuid,是,,否,否,org.employee.id,P1-内部,,设计字段,P093
sjg_oms,devops,defect,缺陷主表,主表,10,updated_at,更新时间,timestamptz,否,now(),否,否,,P1-内部,,设计字段,P093
sjg_oms,devops,defect,缺陷主表,主表,11,is_deleted,逻辑删除,boolean,否,false,否,否,,P1-内部,,设计字段,P093
sjg_oms,devops,defect,缺陷主表,主表,12,deleted_at,删除时间,timestamptz,是,,否,否,,P1-内部,,设计字段,P093
sjg_oms,devops,defect,缺陷主表,主表,13,source_channel,来源渠道,varchar(32),是,,否,否,,P1-内部,,设计字段,P093
sjg_oms,devops,defect,缺陷主表,主表,14,business_date,业务日期,date,是,,否,否,,P1-内部,,设计字段,P093
sjg_oms,devops,defect,缺陷主表,主表,15,subject,主题,varchar(255),是,,否,否,,P1-内部,,设计字段,P093
sjg_oms,devops,defect,缺陷主表,主表,16,reason,原因,text,是,,否,否,,P1-内部,,设计字段,P093
sjg_oms,devops,defect,缺陷主表,主表,17,priority,优先级,varchar(16),否,'NORMAL',否,否,,P1-内部,,设计字段,P093
sjg_oms,devops,defect,缺陷主表,主表,18,risk_level,风险等级,varchar(16),是,,否,否,,P1-内部,,设计字段,P093
sjg_oms,devops,defect,缺陷主表,主表,19,owner_center_id,归属中心,uuid,是,,否,否,org.organization.id,P1-内部,,设计字段,P093
sjg_oms,devops,defect,缺陷主表,主表,20,owner_department_id,归属部门,uuid,是,,否,否,org.organization.id,P1-内部,,设计字段,P093
sjg_oms,devops,defect,缺陷主表,主表,21,owner_employee_id,责任人,uuid,是,,否,否,org.employee.id,P1-内部,,设计字段,P093
sjg_oms,devops,defect,缺陷主表,主表,22,planned_start_at,计划开始,timestamptz,是,,否,否,,P1-内部,,设计字段,P093
sjg_oms,devops,defect,缺陷主表,主表,23,planned_finish_at,计划完成,timestamptz,是,,否,否,,P1-内部,,设计字段,P093
sjg_oms,devops,defect,缺陷主表,主表,24,actual_start_at,实际开始,timestamptz,是,,否,否,,P1-内部,,设计字段,P093
sjg_oms,devops,defect,缺陷主表,主表,25,actual_end_at,实际完成,timestamptz,是,,否,否,,P1-内部,,设计字段,P093
sjg_oms,devops,defect,缺陷主表,主表,26,result_summary,结果摘要,text,是,,否,否,,P1-内部,,设计字段,P093
sjg_oms,devops,defect,缺陷主表,主表,27,closed_at,关闭时间,timestamptz,是,,否,否,,P1-内部,,设计字段,P093
sjg_oms,devops,defect,缺陷主表,主表,28,actual_amount,实际金额,"numeric(18,2)",是,,否,否,,P1-内部,,原始流程字段,P093
sjg_oms,devops,defect,缺陷主表,主表,29,environment,环境,varchar(64),否,,否,否,,P1-内部,,原始流程字段,P093
sjg_oms,devops,defect,缺陷主表,主表,30,implementation_window,实施窗口,tstzrange,是,,否,否,,P1-内部,,原始流程字段,P093
sjg_oms,devops,defect,缺陷主表,主表,31,rollback_plan,回退方案,text,是,,否,否,,P1-内部,,原始流程字段,P093
sjg_oms,devops,defect,缺陷主表,主表,32,system_service_name,系统/服务名称,varchar(200),否,,否,否,,P1-内部,,原始流程字段,P093
sjg_oms,devops,defect,缺陷主表,主表,33,tech_impact_scope,影响范围,text,否,,否,否,,P1-内部,,原始流程字段,P093
sjg_oms,devops,defect,缺陷主表,主表,34,tech_risk_level,风险等级,varchar(64),否,,否,否,,P1-内部,,原始流程字段,P093
sjg_oms,devops,defect,缺陷主表,主表,35,tech_work_item_no,变更/需求/缺陷编号,varchar(64),是,,否,否,,P1-内部,,原始流程字段,P093
sjg_oms,devops,defect,缺陷主表,主表,36,verification_test_result,健康检查/测试结果,text,是,,否,否,,P1-内部,,原始流程字段,P093
sjg_oms,devops,defect,缺陷主表,主表,37,version_build_no,版本/构建号,varchar(100),是,,否,否,,P1-内部,,原始流程字段,P093
sjg_oms,devops,defect_item,缺陷明细项,子表,1,id,主键ID,uuid,否,gen_random_uuid(),是,否,,P1-内部,,设计字段,P093
sjg_oms,devops,defect_item,缺陷明细项,子表,2,tenant_id,租户ID,uuid,否,,否,否,core.tenant.id,P1-内部,所有业务唯一键必须包含tenant_id,设计字段,P093
sjg_oms,devops,defect_item,缺陷明细项,子表,3,created_by,创建人,uuid,是,,否,否,org.employee.id,P1-内部,,设计字段,P093
sjg_oms,devops,defect_item,缺陷明细项,子表,4,created_at,创建时间,timestamptz,否,now(),否,否,,P1-内部,,设计字段,P093
sjg_oms,devops,defect_item,缺陷明细项,子表,5,updated_by,更新人,uuid,是,,否,否,org.employee.id,P1-内部,,设计字段,P093
sjg_oms,devops,defect_item,缺陷明细项,子表,6,updated_at,更新时间,timestamptz,否,now(),否,否,,P1-内部,,设计字段,P093
sjg_oms,devops,defect_item,缺陷明细项,子表,7,is_deleted,逻辑删除,boolean,否,false,否,否,,P1-内部,,设计字段,P093
sjg_oms,devops,defect_item,缺陷明细项,子表,8,deleted_at,删除时间,timestamptz,是,,否,否,,P1-内部,,设计字段,P093
sjg_oms,devops,defect_item,缺陷明细项,子表,9,master_id,主表ID,uuid,否,,否,否,devops.defect.id,P1-内部,,设计字段,P093
sjg_oms,devops,defect_item,缺陷明细项,子表,10,field_code,来源字段编码,varchar(128),否,,否,否,,P1-内部,,设计字段,P093
sjg_oms,devops,defect_item,缺陷明细项,子表,11,item_seq,明细序号,integer,否,0,否,否,,P1-内部,,设计字段,P093
sjg_oms,devops,defect_item,缺陷明细项,子表,12,item_key,明细键,varchar(128),是,,否,否,,P1-内部,,设计字段,P093
sjg_oms,devops,defect_item,缺陷明细项,子表,13,item_name,明细名称,varchar(255),是,,否,否,,P1-内部,,设计字段,P093
sjg_oms,devops,defect_item,缺陷明细项,子表,14,item_value_text,文本值,text,是,,否,否,,P1-内部,,设计字段,P093
sjg_oms,devops,defect_item,缺陷明细项,子表,15,item_value_number,数值,"numeric(24,8)",是,,否,否,,P1-内部,,设计字段,P093
sjg_oms,devops,defect_item,缺陷明细项,子表,16,item_value_json,结构化值,jsonb,是,,否,否,,P1-内部,,设计字段,P093
sjg_oms,devops,defect_item,缺陷明细项,子表,17,related_object_type,关联对象类型,varchar(128),是,,否,否,,P1-内部,,设计字段,P093
sjg_oms,devops,defect_item,缺陷明细项,子表,18,related_object_id,关联对象ID,uuid,是,,否,否,,P1-内部,,设计字段,P093
sjg_oms,devops,defect_item,缺陷明细项,子表,19,amount,金额,"numeric(18,2)",是,,否,否,,P1-内部,,设计字段,P093
sjg_oms,devops,defect_item,缺陷明细项,子表,20,quantity,数量,"numeric(18,6)",是,,否,否,,P1-内部,,设计字段,P093
sjg_oms,devops,defect_item,缺陷明细项,子表,21,sort_no,排序,integer,否,0,否,否,,P1-内部,,设计字段,P093
sjg_oms,devops,release,生产发布主表,主表,1,id,主键ID,uuid,否,gen_random_uuid(),是,否,,P1-内部,,设计字段,"P089,P094"
sjg_oms,devops,release,生产发布主表,主表,2,tenant_id,租户ID,uuid,否,,否,否,core.tenant.id,P1-内部,所有业务唯一键必须包含tenant_id,设计字段,"P089,P094"
sjg_oms,devops,release,生产发布主表,主表,3,business_no,业务单号,varchar(64),否,,否,是,,P1-内部,租户内唯一；由core.sequence_rule生成,设计字段,"P089,P094"
sjg_oms,devops,release,生产发布主表,主表,4,workflow_instance_id,流程实例ID,uuid,是,,否,否,workflow.wf_instance.id,P1-内部,,设计字段,"P089,P094"
sjg_oms,devops,release,生产发布主表,主表,5,status,业务状态,varchar(32),否,'DRAFT',否,否,,P1-内部,仅由状态机合法迁移,设计字段,"P089,P094"
sjg_oms,devops,release,生产发布主表,主表,6,version_no,乐观锁版本,integer,否,0,否,否,,P1-内部,更新时version_no+1，冲突则拒绝,设计字段,"P089,P094"
sjg_oms,devops,release,生产发布主表,主表,7,created_by,创建人,uuid,是,,否,否,org.employee.id,P1-内部,,设计字段,"P089,P094"
sjg_oms,devops,release,生产发布主表,主表,8,created_at,创建时间,timestamptz,否,now(),否,否,,P1-内部,,设计字段,"P089,P094"
sjg_oms,devops,release,生产发布主表,主表,9,updated_by,更新人,uuid,是,,否,否,org.employee.id,P1-内部,,设计字段,"P089,P094"
sjg_oms,devops,release,生产发布主表,主表,10,updated_at,更新时间,timestamptz,否,now(),否,否,,P1-内部,,设计字段,"P089,P094"
sjg_oms,devops,release,生产发布主表,主表,11,is_deleted,逻辑删除,boolean,否,false,否,否,,P1-内部,,设计字段,"P089,P094"
sjg_oms,devops,release,生产发布主表,主表,12,deleted_at,删除时间,timestamptz,是,,否,否,,P1-内部,,设计字段,"P089,P094"
sjg_oms,devops,release,生产发布主表,主表,13,source_channel,来源渠道,varchar(32),是,,否,否,,P1-内部,,设计字段,"P089,P094"
sjg_oms,devops,release,生产发布主表,主表,14,business_date,业务日期,date,是,,否,否,,P1-内部,,设计字段,"P089,P094"
sjg_oms,devops,release,生产发布主表,主表,15,subject,主题,varchar(255),是,,否,否,,P1-内部,,设计字段,"P089,P094"
sjg_oms,devops,release,生产发布主表,主表,16,reason,原因,text,是,,否,否,,P1-内部,,设计字段,"P089,P094"
sjg_oms,devops,release,生产发布主表,主表,17,priority,优先级,varchar(16),否,'NORMAL',否,否,,P1-内部,,设计字段,"P089,P094"
sjg_oms,devops,release,生产发布主表,主表,18,risk_level,风险等级,varchar(16),是,,否,否,,P1-内部,,设计字段,"P089,P094"
sjg_oms,devops,release,生产发布主表,主表,19,owner_center_id,归属中心,uuid,是,,否,否,org.organization.id,P1-内部,,设计字段,"P089,P094"
sjg_oms,devops,release,生产发布主表,主表,20,owner_department_id,归属部门,uuid,是,,否,否,org.organization.id,P1-内部,,设计字段,"P089,P094"
sjg_oms,devops,release,生产发布主表,主表,21,owner_employee_id,责任人,uuid,是,,否,否,org.employee.id,P1-内部,,设计字段,"P089,P094"
sjg_oms,devops,release,生产发布主表,主表,22,planned_start_at,计划开始,timestamptz,是,,否,否,,P1-内部,,设计字段,"P089,P094"
sjg_oms,devops,release,生产发布主表,主表,23,planned_finish_at,计划完成,timestamptz,是,,否,否,,P1-内部,,设计字段,"P089,P094"
sjg_oms,devops,release,生产发布主表,主表,24,actual_start_at,实际开始,timestamptz,是,,否,否,,P1-内部,,设计字段,"P089,P094"
sjg_oms,devops,release,生产发布主表,主表,25,actual_end_at,实际完成,timestamptz,是,,否,否,,P1-内部,,设计字段,"P089,P094"
sjg_oms,devops,release,生产发布主表,主表,26,result_summary,结果摘要,text,是,,否,否,,P1-内部,,设计字段,"P089,P094"
sjg_oms,devops,release,生产发布主表,主表,27,closed_at,关闭时间,timestamptz,是,,否,否,,P1-内部,,设计字段,"P089,P094"
sjg_oms,devops,release,生产发布主表,主表,28,actual_amount,实际金额,"numeric(18,2)",是,,否,否,,P1-内部,,原始流程字段,"P089,P094"
sjg_oms,devops,release,生产发布主表,主表,29,change_action,操作类型,varchar(64),否,,否,否,,P1-内部,,原始流程字段,"P089,P094"
sjg_oms,devops,release,生产发布主表,主表,30,change_reason,变更原因,text,否,,否,否,,P1-内部,,原始流程字段,"P089,P094"
sjg_oms,devops,release,生产发布主表,主表,31,content_asset_no,内容/物料编号,varchar(64),否,,否,否,,P1-内部,,原始流程字段,"P089,P094"
sjg_oms,devops,release,生产发布主表,主表,32,environment,环境,varchar(64),否,,否,否,,P1-内部,,原始流程字段,"P089,P094"
sjg_oms,devops,release,生产发布主表,主表,33,expected_effective_at,期望生效时间,timestamptz,是,,否,否,,P1-内部,,原始流程字段,"P089,P094"
sjg_oms,devops,release,生产发布主表,主表,34,implementation_window,实施窗口,tstzrange,是,,否,否,,P1-内部,,原始流程字段,"P089,P094"
sjg_oms,devops,release,生产发布主表,主表,35,known_impact,已知影响,text,是,,否,否,,P1-内部,,原始流程字段,"P089,P094"
sjg_oms,devops,release,生产发布主表,主表,36,rollback_plan,回退方案,text,是,,否,否,,P1-内部,,原始流程字段,"P089,P094"
sjg_oms,devops,release,生产发布主表,主表,37,system_service_name,系统/服务名称,varchar(200),否,,否,否,,P1-内部,,原始流程字段,"P089,P094"
sjg_oms,devops,release,生产发布主表,主表,38,tech_impact_scope,影响范围,text,否,,否,否,,P1-内部,,原始流程字段,"P089,P094"
sjg_oms,devops,release,生产发布主表,主表,39,tech_risk_level,风险等级,varchar(64),否,,否,否,,P1-内部,,原始流程字段,"P089,P094"
sjg_oms,devops,release,生产发布主表,主表,40,tech_work_item_no,变更/需求/缺陷编号,varchar(64),是,,否,否,,P1-内部,,原始流程字段,"P089,P094"
sjg_oms,devops,release,生产发布主表,主表,41,verification_test_result,健康检查/测试结果,text,是,,否,否,,P1-内部,,原始流程字段,"P089,P094"
sjg_oms,devops,release,生产发布主表,主表,42,version_build_no,版本/构建号,varchar(100),是,,否,否,,P1-内部,,原始流程字段,"P089,P094"
sjg_oms,devops,release_item,生产发布明细项,子表,1,id,主键ID,uuid,否,gen_random_uuid(),是,否,,P1-内部,,设计字段,"P089,P094"
sjg_oms,devops,release_item,生产发布明细项,子表,2,tenant_id,租户ID,uuid,否,,否,否,core.tenant.id,P1-内部,所有业务唯一键必须包含tenant_id,设计字段,"P089,P094"
sjg_oms,devops,release_item,生产发布明细项,子表,3,created_by,创建人,uuid,是,,否,否,org.employee.id,P1-内部,,设计字段,"P089,P094"
sjg_oms,devops,release_item,生产发布明细项,子表,4,created_at,创建时间,timestamptz,否,now(),否,否,,P1-内部,,设计字段,"P089,P094"
sjg_oms,devops,release_item,生产发布明细项,子表,5,updated_by,更新人,uuid,是,,否,否,org.employee.id,P1-内部,,设计字段,"P089,P094"
sjg_oms,devops,release_item,生产发布明细项,子表,6,updated_at,更新时间,timestamptz,否,now(),否,否,,P1-内部,,设计字段,"P089,P094"
sjg_oms,devops,release_item,生产发布明细项,子表,7,is_deleted,逻辑删除,boolean,否,false,否,否,,P1-内部,,设计字段,"P089,P094"
sjg_oms,devops,release_item,生产发布明细项,子表,8,deleted_at,删除时间,timestamptz,是,,否,否,,P1-内部,,设计字段,"P089,P094"
sjg_oms,devops,release_item,生产发布明细项,子表,9,master_id,主表ID,uuid,否,,否,否,devops.release.id,P1-内部,,设计字段,"P089,P094"
sjg_oms,devops,release_item,生产发布明细项,子表,10,field_code,来源字段编码,varchar(128),否,,否,否,,P1-内部,,设计字段,"P089,P094"
sjg_oms,devops,release_item,生产发布明细项,子表,11,item_seq,明细序号,integer,否,0,否,否,,P1-内部,,设计字段,"P089,P094"
sjg_oms,devops,release_item,生产发布明细项,子表,12,item_key,明细键,varchar(128),是,,否,否,,P1-内部,,设计字段,"P089,P094"
sjg_oms,devops,release_item,生产发布明细项,子表,13,item_name,明细名称,varchar(255),是,,否,否,,P1-内部,,设计字段,"P089,P094"
sjg_oms,devops,release_item,生产发布明细项,子表,14,item_value_text,文本值,text,是,,否,否,,P1-内部,,设计字段,"P089,P094"
sjg_oms,devops,release_item,生产发布明细项,子表,15,item_value_number,数值,"numeric(24,8)",是,,否,否,,P1-内部,,设计字段,"P089,P094"
sjg_oms,devops,release_item,生产发布明细项,子表,16,item_value_json,结构化值,jsonb,是,,否,否,,P1-内部,,设计字段,"P089,P094"
sjg_oms,devops,release_item,生产发布明细项,子表,17,related_object_type,关联对象类型,varchar(128),是,,否,否,,P1-内部,,设计字段,"P089,P094"
sjg_oms,devops,release_item,生产发布明细项,子表,18,related_object_id,关联对象ID,uuid,是,,否,否,,P1-内部,,设计字段,"P089,P094"
sjg_oms,devops,release_item,生产发布明细项,子表,19,amount,金额,"numeric(18,2)",是,,否,否,,P1-内部,,设计字段,"P089,P094"
sjg_oms,devops,release_item,生产发布明细项,子表,20,quantity,数量,"numeric(18,6)",是,,否,否,,P1-内部,,设计字段,"P089,P094"
sjg_oms,devops,release_item,生产发布明细项,子表,21,sort_no,排序,integer,否,0,否,否,,P1-内部,,设计字段,"P089,P094"
sjg_oms,devops,requirement,研发需求主表,主表,1,id,主键ID,uuid,否,gen_random_uuid(),是,否,,P1-内部,,设计字段,P092
sjg_oms,devops,requirement,研发需求主表,主表,2,tenant_id,租户ID,uuid,否,,否,否,core.tenant.id,P1-内部,所有业务唯一键必须包含tenant_id,设计字段,P092
sjg_oms,devops,requirement,研发需求主表,主表,3,business_no,业务单号,varchar(64),否,,否,是,,P1-内部,租户内唯一；由core.sequence_rule生成,设计字段,P092
sjg_oms,devops,requirement,研发需求主表,主表,4,workflow_instance_id,流程实例ID,uuid,是,,否,否,workflow.wf_instance.id,P1-内部,,设计字段,P092
sjg_oms,devops,requirement,研发需求主表,主表,5,status,业务状态,varchar(32),否,'DRAFT',否,否,,P1-内部,仅由状态机合法迁移,设计字段,P092
sjg_oms,devops,requirement,研发需求主表,主表,6,version_no,乐观锁版本,integer,否,0,否,否,,P1-内部,更新时version_no+1，冲突则拒绝,设计字段,P092
sjg_oms,devops,requirement,研发需求主表,主表,7,created_by,创建人,uuid,是,,否,否,org.employee.id,P1-内部,,设计字段,P092
sjg_oms,devops,requirement,研发需求主表,主表,8,created_at,创建时间,timestamptz,否,now(),否,否,,P1-内部,,设计字段,P092
sjg_oms,devops,requirement,研发需求主表,主表,9,updated_by,更新人,uuid,是,,否,否,org.employee.id,P1-内部,,设计字段,P092
sjg_oms,devops,requirement,研发需求主表,主表,10,updated_at,更新时间,timestamptz,否,now(),否,否,,P1-内部,,设计字段,P092
sjg_oms,devops,requirement,研发需求主表,主表,11,is_deleted,逻辑删除,boolean,否,false,否,否,,P1-内部,,设计字段,P092
sjg_oms,devops,requirement,研发需求主表,主表,12,deleted_at,删除时间,timestamptz,是,,否,否,,P1-内部,,设计字段,P092
sjg_oms,devops,requirement,研发需求主表,主表,13,source_channel,来源渠道,varchar(32),是,,否,否,,P1-内部,,设计字段,P092
sjg_oms,devops,requirement,研发需求主表,主表,14,business_date,业务日期,date,是,,否,否,,P1-内部,,设计字段,P092
sjg_oms,devops,requirement,研发需求主表,主表,15,subject,主题,varchar(255),是,,否,否,,P1-内部,,设计字段,P092
sjg_oms,devops,requirement,研发需求主表,主表,16,reason,原因,text,是,,否,否,,P1-内部,,设计字段,P092
sjg_oms,devops,requirement,研发需求主表,主表,17,priority,优先级,varchar(16),否,'NORMAL',否,否,,P1-内部,,设计字段,P092
sjg_oms,devops,requirement,研发需求主表,主表,18,risk_level,风险等级,varchar(16),是,,否,否,,P1-内部,,设计字段,P092
sjg_oms,devops,requirement,研发需求主表,主表,19,owner_center_id,归属中心,uuid,是,,否,否,org.organization.id,P1-内部,,设计字段,P092
sjg_oms,devops,requirement,研发需求主表,主表,20,owner_department_id,归属部门,uuid,是,,否,否,org.organization.id,P1-内部,,设计字段,P092
sjg_oms,devops,requirement,研发需求主表,主表,21,owner_employee_id,责任人,uuid,是,,否,否,org.employee.id,P1-内部,,设计字段,P092
sjg_oms,devops,requirement,研发需求主表,主表,22,planned_start_at,计划开始,timestamptz,是,,否,否,,P1-内部,,设计字段,P092
sjg_oms,devops,requirement,研发需求主表,主表,23,planned_finish_at,计划完成,timestamptz,是,,否,否,,P1-内部,,设计字段,P092
sjg_oms,devops,requirement,研发需求主表,主表,24,actual_start_at,实际开始,timestamptz,是,,否,否,,P1-内部,,设计字段,P092
sjg_oms,devops,requirement,研发需求主表,主表,25,actual_end_at,实际完成,timestamptz,是,,否,否,,P1-内部,,设计字段,P092
sjg_oms,devops,requirement,研发需求主表,主表,26,result_summary,结果摘要,text,是,,否,否,,P1-内部,,设计字段,P092
sjg_oms,devops,requirement,研发需求主表,主表,27,closed_at,关闭时间,timestamptz,是,,否,否,,P1-内部,,设计字段,P092
sjg_oms,devops,requirement,研发需求主表,主表,28,actual_amount,实际金额,"numeric(18,2)",是,,否,否,,P1-内部,,原始流程字段,P092
sjg_oms,devops,requirement,研发需求主表,主表,29,environment,环境,varchar(64),否,,否,否,,P1-内部,,原始流程字段,P092
sjg_oms,devops,requirement,研发需求主表,主表,30,implementation_window,实施窗口,tstzrange,是,,否,否,,P1-内部,,原始流程字段,P092
sjg_oms,devops,requirement,研发需求主表,主表,31,rollback_plan,回退方案,text,是,,否,否,,P1-内部,,原始流程字段,P092
sjg_oms,devops,requirement,研发需求主表,主表,32,system_service_name,系统/服务名称,varchar(200),否,,否,否,,P1-内部,,原始流程字段,P092
sjg_oms,devops,requirement,研发需求主表,主表,33,tech_impact_scope,影响范围,text,否,,否,否,,P1-内部,,原始流程字段,P092
sjg_oms,devops,requirement,研发需求主表,主表,34,tech_risk_level,风险等级,varchar(64),否,,否,否,,P1-内部,,原始流程字段,P092
sjg_oms,devops,requirement,研发需求主表,主表,35,tech_work_item_no,变更/需求/缺陷编号,varchar(64),是,,否,否,,P1-内部,,原始流程字段,P092
sjg_oms,devops,requirement,研发需求主表,主表,36,verification_test_result,健康检查/测试结果,text,是,,否,否,,P1-内部,,原始流程字段,P092
sjg_oms,devops,requirement,研发需求主表,主表,37,version_build_no,版本/构建号,varchar(100),是,,否,否,,P1-内部,,原始流程字段,P092
sjg_oms,devops,requirement_item,研发需求明细项,子表,1,id,主键ID,uuid,否,gen_random_uuid(),是,否,,P1-内部,,设计字段,P092
sjg_oms,devops,requirement_item,研发需求明细项,子表,2,tenant_id,租户ID,uuid,否,,否,否,core.tenant.id,P1-内部,所有业务唯一键必须包含tenant_id,设计字段,P092
sjg_oms,devops,requirement_item,研发需求明细项,子表,3,created_by,创建人,uuid,是,,否,否,org.employee.id,P1-内部,,设计字段,P092
sjg_oms,devops,requirement_item,研发需求明细项,子表,4,created_at,创建时间,timestamptz,否,now(),否,否,,P1-内部,,设计字段,P092
sjg_oms,devops,requirement_item,研发需求明细项,子表,5,updated_by,更新人,uuid,是,,否,否,org.employee.id,P1-内部,,设计字段,P092
sjg_oms,devops,requirement_item,研发需求明细项,子表,6,updated_at,更新时间,timestamptz,否,now(),否,否,,P1-内部,,设计字段,P092
sjg_oms,devops,requirement_item,研发需求明细项,子表,7,is_deleted,逻辑删除,boolean,否,false,否,否,,P1-内部,,设计字段,P092
sjg_oms,devops,requirement_item,研发需求明细项,子表,8,deleted_at,删除时间,timestamptz,是,,否,否,,P1-内部,,设计字段,P092
sjg_oms,devops,requirement_item,研发需求明细项,子表,9,master_id,主表ID,uuid,否,,否,否,devops.requirement.id,P1-内部,,设计字段,P092
sjg_oms,devops,requirement_item,研发需求明细项,子表,10,field_code,来源字段编码,varchar(128),否,,否,否,,P1-内部,,设计字段,P092
sjg_oms,devops,requirement_item,研发需求明细项,子表,11,item_seq,明细序号,integer,否,0,否,否,,P1-内部,,设计字段,P092
sjg_oms,devops,requirement_item,研发需求明细项,子表,12,item_key,明细键,varchar(128),是,,否,否,,P1-内部,,设计字段,P092
sjg_oms,devops,requirement_item,研发需求明细项,子表,13,item_name,明细名称,varchar(255),是,,否,否,,P1-内部,,设计字段,P092
sjg_oms,devops,requirement_item,研发需求明细项,子表,14,item_value_text,文本值,text,是,,否,否,,P1-内部,,设计字段,P092
sjg_oms,devops,requirement_item,研发需求明细项,子表,15,item_value_number,数值,"numeric(24,8)",是,,否,否,,P1-内部,,设计字段,P092
sjg_oms,devops,requirement_item,研发需求明细项,子表,16,item_value_json,结构化值,jsonb,是,,否,否,,P1-内部,,设计字段,P092
sjg_oms,devops,requirement_item,研发需求明细项,子表,17,related_object_type,关联对象类型,varchar(128),是,,否,否,,P1-内部,,设计字段,P092
sjg_oms,devops,requirement_item,研发需求明细项,子表,18,related_object_id,关联对象ID,uuid,是,,否,否,,P1-内部,,设计字段,P092
sjg_oms,devops,requirement_item,研发需求明细项,子表,19,amount,金额,"numeric(18,2)",是,,否,否,,P1-内部,,设计字段,P092
sjg_oms,devops,requirement_item,研发需求明细项,子表,20,quantity,数量,"numeric(18,6)",是,,否,否,,P1-内部,,设计字段,P092
sjg_oms,devops,requirement_item,研发需求明细项,子表,21,sort_no,排序,integer,否,0,否,否,,P1-内部,,设计字段,P092
sjg_oms,document,attachment_link,附件关联表,关系表,1,id,主键ID,uuid,否,gen_random_uuid(),是,否,,P1-内部,,设计字段,
sjg_oms,document,attachment_link,附件关联表,关系表,2,tenant_id,租户ID,uuid,否,,否,否,core.tenant.id,P1-内部,所有业务唯一键必须包含tenant_id,设计字段,
sjg_oms,document,attachment_link,附件关联表,关系表,3,created_by,创建人,uuid,是,,否,否,org.employee.id,P1-内部,,设计字段,
sjg_oms,document,attachment_link,附件关联表,关系表,4,created_at,创建时间,timestamptz,否,now(),否,否,,P1-内部,,设计字段,
sjg_oms,document,attachment_link,附件关联表,关系表,5,updated_by,更新人,uuid,是,,否,否,org.employee.id,P1-内部,,设计字段,
sjg_oms,document,attachment_link,附件关联表,关系表,6,updated_at,更新时间,timestamptz,否,now(),否,否,,P1-内部,,设计字段,
sjg_oms,document,attachment_link,附件关联表,关系表,7,is_deleted,逻辑删除,boolean,否,false,否,否,,P1-内部,,设计字段,
sjg_oms,document,attachment_link,附件关联表,关系表,8,deleted_at,删除时间,timestamptz,是,,否,否,,P1-内部,,设计字段,
sjg_oms,document,attachment_link,附件关联表,关系表,9,business_type,业务对象类型,varchar(128),否,,否,否,,P1-内部,,设计字段,
sjg_oms,document,attachment_link,附件关联表,关系表,10,business_id,业务对象ID,uuid,否,,否,否,,P1-内部,,设计字段,
sjg_oms,document,attachment_link,附件关联表,关系表,11,field_code,来源字段,varchar(128),是,,否,否,,P1-内部,,设计字段,
sjg_oms,document,attachment_link,附件关联表,关系表,12,file_id,文件ID,uuid,否,,否,否,document.file_object.id,P1-内部,,设计字段,
sjg_oms,document,attachment_link,附件关联表,关系表,13,attachment_type,附件类型,varchar(64),是,,否,否,,P1-内部,,设计字段,
sjg_oms,document,attachment_link,附件关联表,关系表,14,sort_no,顺序,integer,否,0,否,否,,P1-内部,,设计字段,
sjg_oms,document,attachment_link,附件关联表,关系表,15,is_evidence,是否证据,boolean,否,false,否,否,,P1-内部,,设计字段,
sjg_oms,document,file_object,文件对象表,文件索引表,1,id,主键ID,uuid,否,gen_random_uuid(),是,否,,P1-内部,,设计字段,
sjg_oms,document,file_object,文件对象表,文件索引表,2,tenant_id,租户ID,uuid,否,,否,否,core.tenant.id,P1-内部,所有业务唯一键必须包含tenant_id,设计字段,
sjg_oms,document,file_object,文件对象表,文件索引表,3,created_by,创建人,uuid,是,,否,否,org.employee.id,P1-内部,,设计字段,
sjg_oms,document,file_object,文件对象表,文件索引表,4,created_at,创建时间,timestamptz,否,now(),否,否,,P1-内部,,设计字段,
sjg_oms,document,file_object,文件对象表,文件索引表,5,updated_by,更新人,uuid,是,,否,否,org.employee.id,P1-内部,,设计字段,
sjg_oms,document,file_object,文件对象表,文件索引表,6,updated_at,更新时间,timestamptz,否,now(),否,否,,P1-内部,,设计字段,
sjg_oms,document,file_object,文件对象表,文件索引表,7,is_deleted,逻辑删除,boolean,否,false,否,否,,P1-内部,,设计字段,
sjg_oms,document,file_object,文件对象表,文件索引表,8,deleted_at,删除时间,timestamptz,是,,否,否,,P1-内部,,设计字段,
sjg_oms,document,file_object,文件对象表,文件索引表,9,object_key,对象键,varchar(512),否,,否,是,,P1-内部,,设计字段,
sjg_oms,document,file_object,文件对象表,文件索引表,10,original_name,原文件名,varchar(255),否,,否,否,,P1-内部,,设计字段,
sjg_oms,document,file_object,文件对象表,文件索引表,11,content_type,MIME类型,varchar(128),否,,否,否,,P1-内部,,设计字段,
sjg_oms,document,file_object,文件对象表,文件索引表,12,size_bytes,字节数,bigint,否,,否,否,,P1-内部,,设计字段,
sjg_oms,document,file_object,文件对象表,文件索引表,13,sha256,SHA256,varchar(64),否,,否,否,,P1-内部,,设计字段,
sjg_oms,document,file_object,文件对象表,文件索引表,14,storage_bucket,存储桶,varchar(128),否,,否,否,,P1-内部,,设计字段,
sjg_oms,document,file_object,文件对象表,文件索引表,15,encryption_key_ref,密钥引用,varchar(255),是,,否,否,,P1-内部,,设计字段,
sjg_oms,document,file_object,文件对象表,文件索引表,16,virus_scan_status,病毒扫描状态,varchar(32),否,,否,否,,P1-内部,,设计字段,
sjg_oms,document,file_object,文件对象表,文件索引表,17,retention_until,保留至,timestamptz,是,,否,否,,P1-内部,,设计字段,
sjg_oms,document,file_object,文件对象表,文件索引表,18,legal_hold,法律保全,boolean,否,false,否,否,,P1-内部,,设计字段,
sjg_oms,document,signature_envelope,电子签署信封主表,主表,1,id,主键ID,uuid,否,gen_random_uuid(),是,否,,P1-内部,,设计字段,P017
sjg_oms,document,signature_envelope,电子签署信封主表,主表,2,tenant_id,租户ID,uuid,否,,否,否,core.tenant.id,P1-内部,所有业务唯一键必须包含tenant_id,设计字段,P017
sjg_oms,document,signature_envelope,电子签署信封主表,主表,3,business_no,业务单号,varchar(64),否,,否,是,,P1-内部,租户内唯一；由core.sequence_rule生成,设计字段,P017
sjg_oms,document,signature_envelope,电子签署信封主表,主表,4,workflow_instance_id,流程实例ID,uuid,是,,否,否,workflow.wf_instance.id,P1-内部,,设计字段,P017
sjg_oms,document,signature_envelope,电子签署信封主表,主表,5,status,业务状态,varchar(32),否,'DRAFT',否,否,,P1-内部,仅由状态机合法迁移,设计字段,P017
sjg_oms,document,signature_envelope,电子签署信封主表,主表,6,version_no,乐观锁版本,integer,否,0,否,否,,P1-内部,更新时version_no+1，冲突则拒绝,设计字段,P017
sjg_oms,document,signature_envelope,电子签署信封主表,主表,7,created_by,创建人,uuid,是,,否,否,org.employee.id,P1-内部,,设计字段,P017
sjg_oms,document,signature_envelope,电子签署信封主表,主表,8,created_at,创建时间,timestamptz,否,now(),否,否,,P1-内部,,设计字段,P017
sjg_oms,document,signature_envelope,电子签署信封主表,主表,9,updated_by,更新人,uuid,是,,否,否,org.employee.id,P1-内部,,设计字段,P017
sjg_oms,document,signature_envelope,电子签署信封主表,主表,10,updated_at,更新时间,timestamptz,否,now(),否,否,,P1-内部,,设计字段,P017
sjg_oms,document,signature_envelope,电子签署信封主表,主表,11,is_deleted,逻辑删除,boolean,否,false,否,否,,P1-内部,,设计字段,P017
sjg_oms,document,signature_envelope,电子签署信封主表,主表,12,deleted_at,删除时间,timestamptz,是,,否,否,,P1-内部,,设计字段,P017
sjg_oms,document,signature_envelope,电子签署信封主表,主表,13,envelope_no,签署信封号,varchar(64),否,,否,是,,P1-内部,,设计字段,P017
sjg_oms,document,signature_envelope,电子签署信封主表,主表,14,document_hash,签署文档哈希,varchar(128),否,,否,否,,P1-内部,,设计字段,P017
sjg_oms,document,signature_envelope,电子签署信封主表,主表,15,template_version,模板版本,varchar(64),是,,否,否,,P1-内部,,设计字段,P017
sjg_oms,document,signature_envelope,电子签署信封主表,主表,16,signing_order,签署顺序,varchar(32),否,,否,否,,P1-内部,,设计字段,P017
sjg_oms,document,signature_envelope,电子签署信封主表,主表,17,sign_deadline_at,签署截止时间,timestamptz,是,,否,否,,P1-内部,,设计字段,P017
sjg_oms,document,signature_envelope,电子签署信封主表,主表,18,sign_status,签署状态,varchar(32),否,'PENDING',否,否,,P1-内部,,设计字段,P017
sjg_oms,document,signature_envelope,电子签署信封主表,主表,19,completed_file_id,完成文件ID,uuid,是,,否,否,document.file_object.id,P1-内部,,设计字段,P017
sjg_oms,document,signature_envelope,电子签署信封主表,主表,20,actual_amount,实际金额,"numeric(18,2)",是,,否,否,,P1-内部,,原始流程字段,P017
sjg_oms,document,signature_envelope,电子签署信封主表,主表,21,actual_end_at,实际结束时间,timestamptz,是,,否,否,,P1-内部,不得早于开始时间,原始流程字段,P017
sjg_oms,document,signature_envelope,电子签署信封主表,主表,22,actual_start_at,实际开始时间,timestamptz,否,,否,否,,P1-内部,,原始流程字段,P017
sjg_oms,document,signature_envelope,电子签署信封主表,主表,23,authentication_method,认证方式,varchar(64),否,,否,否,,P1-内部,,原始流程字段,P017
sjg_oms,document,signature_envelope,电子签署信封主表,主表,24,business_date,业务发生日期,date,否,,否,否,,P1-内部,,原始流程字段,P017
sjg_oms,document,signature_envelope,电子签署信封主表,主表,25,document_type,文档类型,varchar(64),否,,否,否,,P1-内部,,原始流程字段,P017
sjg_oms,document,signature_envelope,电子签署信封主表,主表,26,result_summary,结果摘要,text,否,,否,否,,P1-内部,,原始流程字段,P017
sjg_oms,document,signature_party,签署方表,子表,1,id,主键ID,uuid,否,gen_random_uuid(),是,否,,P1-内部,,设计字段,
sjg_oms,document,signature_party,签署方表,子表,2,tenant_id,租户ID,uuid,否,,否,否,core.tenant.id,P1-内部,所有业务唯一键必须包含tenant_id,设计字段,
sjg_oms,document,signature_party,签署方表,子表,3,created_by,创建人,uuid,是,,否,否,org.employee.id,P1-内部,,设计字段,
sjg_oms,document,signature_party,签署方表,子表,4,created_at,创建时间,timestamptz,否,now(),否,否,,P1-内部,,设计字段,
sjg_oms,document,signature_party,签署方表,子表,5,updated_by,更新人,uuid,是,,否,否,org.employee.id,P1-内部,,设计字段,
sjg_oms,document,signature_party,签署方表,子表,6,updated_at,更新时间,timestamptz,否,now(),否,否,,P1-内部,,设计字段,
sjg_oms,document,signature_party,签署方表,子表,7,is_deleted,逻辑删除,boolean,否,false,否,否,,P1-内部,,设计字段,
sjg_oms,document,signature_party,签署方表,子表,8,deleted_at,删除时间,timestamptz,是,,否,否,,P1-内部,,设计字段,
sjg_oms,document,signature_party,签署方表,子表,9,envelope_id,信封ID,uuid,否,,否,否,document.signature_envelope.id,P1-内部,,设计字段,
sjg_oms,document,signature_party,签署方表,子表,10,party_type,签署方类型,varchar(32),否,,否,否,,P1-内部,,设计字段,
sjg_oms,document,signature_party,签署方表,子表,11,party_id,签署方ID,uuid,是,,否,否,,P1-内部,,设计字段,
sjg_oms,document,signature_party,签署方表,子表,12,party_name,签署方名称,varchar(128),否,,否,否,,P2-个人,,设计字段,
sjg_oms,document,signature_party,签署方表,子表,13,sign_order,签署顺序,integer,否,,否,否,,P1-内部,必须为正整数；同一tenant_id、envelope_id内签署顺序不得重复,设计字段,
sjg_oms,document,signature_party,签署方表,子表,14,authentication_method,认证方式,varchar(64),否,,否,否,,P1-内部,,设计字段,
sjg_oms,document,signature_party,签署方表,子表,15,sign_status,签署状态,varchar(32),否,,否,否,,P1-内部,,设计字段,
sjg_oms,document,signature_party,签署方表,子表,16,signed_at,签署时间,timestamptz,是,,否,否,,P1-内部,,设计字段,
sjg_oms,document,signature_party,签署方表,子表,17,evidence_no,证据编号,varchar(128),是,,否,否,,P1-内部,,设计字段,
sjg_oms,dormitory,stay_record,宿舍入住退宿主表,主表,1,id,主键ID,uuid,否,gen_random_uuid(),是,否,,P1-内部,,设计字段,P056
sjg_oms,dormitory,stay_record,宿舍入住退宿主表,主表,2,tenant_id,租户ID,uuid,否,,否,否,core.tenant.id,P1-内部,所有业务唯一键必须包含tenant_id,设计字段,P056
sjg_oms,dormitory,stay_record,宿舍入住退宿主表,主表,3,business_no,业务单号,varchar(64),否,,否,是,,P1-内部,租户内唯一；由core.sequence_rule生成,设计字段,P056
sjg_oms,dormitory,stay_record,宿舍入住退宿主表,主表,4,workflow_instance_id,流程实例ID,uuid,是,,否,否,workflow.wf_instance.id,P1-内部,,设计字段,P056
sjg_oms,dormitory,stay_record,宿舍入住退宿主表,主表,5,status,业务状态,varchar(32),否,'DRAFT',否,否,,P1-内部,仅由状态机合法迁移,设计字段,P056
sjg_oms,dormitory,stay_record,宿舍入住退宿主表,主表,6,version_no,乐观锁版本,integer,否,0,否,否,,P1-内部,更新时version_no+1，冲突则拒绝,设计字段,P056
sjg_oms,dormitory,stay_record,宿舍入住退宿主表,主表,7,created_by,创建人,uuid,是,,否,否,org.employee.id,P1-内部,,设计字段,P056
sjg_oms,dormitory,stay_record,宿舍入住退宿主表,主表,8,created_at,创建时间,timestamptz,否,now(),否,否,,P1-内部,,设计字段,P056
sjg_oms,dormitory,stay_record,宿舍入住退宿主表,主表,9,updated_by,更新人,uuid,是,,否,否,org.employee.id,P1-内部,,设计字段,P056
sjg_oms,dormitory,stay_record,宿舍入住退宿主表,主表,10,updated_at,更新时间,timestamptz,否,now(),否,否,,P1-内部,,设计字段,P056
sjg_oms,dormitory,stay_record,宿舍入住退宿主表,主表,11,is_deleted,逻辑删除,boolean,否,false,否,否,,P1-内部,,设计字段,P056
sjg_oms,dormitory,stay_record,宿舍入住退宿主表,主表,12,deleted_at,删除时间,timestamptz,是,,否,否,,P1-内部,,设计字段,P056
sjg_oms,dormitory,stay_record,宿舍入住退宿主表,主表,13,source_channel,来源渠道,varchar(32),是,,否,否,,P1-内部,,设计字段,P056
sjg_oms,dormitory,stay_record,宿舍入住退宿主表,主表,14,business_date,业务日期,date,是,,否,否,,P1-内部,,设计字段,P056
sjg_oms,dormitory,stay_record,宿舍入住退宿主表,主表,15,subject,主题,varchar(255),是,,否,否,,P1-内部,,设计字段,P056
sjg_oms,dormitory,stay_record,宿舍入住退宿主表,主表,16,reason,原因,text,是,,否,否,,P1-内部,,设计字段,P056
sjg_oms,dormitory,stay_record,宿舍入住退宿主表,主表,17,priority,优先级,varchar(16),否,'NORMAL',否,否,,P1-内部,,设计字段,P056
sjg_oms,dormitory,stay_record,宿舍入住退宿主表,主表,18,risk_level,风险等级,varchar(16),是,,否,否,,P1-内部,,设计字段,P056
sjg_oms,dormitory,stay_record,宿舍入住退宿主表,主表,19,owner_center_id,归属中心,uuid,是,,否,否,org.organization.id,P1-内部,,设计字段,P056
sjg_oms,dormitory,stay_record,宿舍入住退宿主表,主表,20,owner_department_id,归属部门,uuid,是,,否,否,org.organization.id,P1-内部,,设计字段,P056
sjg_oms,dormitory,stay_record,宿舍入住退宿主表,主表,21,owner_employee_id,责任人,uuid,是,,否,否,org.employee.id,P1-内部,,设计字段,P056
sjg_oms,dormitory,stay_record,宿舍入住退宿主表,主表,22,planned_start_at,计划开始,timestamptz,是,,否,否,,P1-内部,,设计字段,P056
sjg_oms,dormitory,stay_record,宿舍入住退宿主表,主表,23,planned_finish_at,计划完成,timestamptz,是,,否,否,,P1-内部,,设计字段,P056
sjg_oms,dormitory,stay_record,宿舍入住退宿主表,主表,24,actual_start_at,实际开始,timestamptz,是,,否,否,,P1-内部,,设计字段,P056
sjg_oms,dormitory,stay_record,宿舍入住退宿主表,主表,25,actual_end_at,实际完成,timestamptz,是,,否,否,,P1-内部,,设计字段,P056
sjg_oms,dormitory,stay_record,宿舍入住退宿主表,主表,26,result_summary,结果摘要,text,是,,否,否,,P1-内部,,设计字段,P056
sjg_oms,dormitory,stay_record,宿舍入住退宿主表,主表,27,closed_at,关闭时间,timestamptz,是,,否,否,,P1-内部,,设计字段,P056
sjg_oms,dormitory,stay_record,宿舍入住退宿主表,主表,28,actual_amount,实际金额,"numeric(18,2)",是,,否,否,,P1-内部,,原始流程字段,P056
sjg_oms,dormitory,stay_record,宿舍入住退宿主表,主表,29,driver_id,驾驶员,varchar(32),是,,否,否,,P1-内部,,原始流程字段,P056
sjg_oms,dormitory,stay_record,宿舍入住退宿主表,主表,30,logistics_resource_type,资源类型,varchar(64),否,,否,否,,P1-内部,,原始流程字段,P056
sjg_oms,dormitory,stay_record,宿舍入住退宿主表,主表,31,person_name,姓名,varchar(50),否,,否,否,,P2-个人,,原始流程字段,P056
sjg_oms,dormitory,stay_record,宿舍入住退宿主表,主表,32,person_no,人员/候选人编号,varchar(32),否,,否,否,,P1-内部,,原始流程字段,P056
sjg_oms,dormitory,stay_record,宿舍入住退宿主表,主表,33,resource_no,车辆/房间/床位编号,varchar(64),否,,否,否,,P1-内部,,原始流程字段,P056
sjg_oms,dormitory,stay_record,宿舍入住退宿主表,主表,34,resource_user_id,使用人/入住人,varchar(32),否,,否,否,,P1-内部,,原始流程字段,P056
sjg_oms,dormitory,stay_record,宿舍入住退宿主表,主表,35,return_condition,交付/归还状态,varchar(64),是,,否,否,,P1-内部,,原始流程字段,P056
sjg_oms,dormitory,stay_record,宿舍入住退宿主表,主表,36,route_plan,行程/路线,text,是,,否,否,,P1-内部,,原始流程字段,P056
sjg_oms,dormitory,stay_record,宿舍入住退宿主表,主表,37,target_job_id,目标岗位,varchar(32),否,,否,否,,P1-内部,,原始流程字段,P056
sjg_oms,dormitory,stay_record,宿舍入住退宿主表,主表,38,usage_metric,里程/用量,"numeric(18,6)",是,,否,否,,P1-内部,,原始流程字段,P056
sjg_oms,dormitory,stay_record,宿舍入住退宿主表,主表,39,use_end_at,使用结束时间,timestamptz,是,,否,否,,P1-内部,,原始流程字段,P056
sjg_oms,dormitory,stay_record,宿舍入住退宿主表,主表,40,use_start_at,使用开始时间,timestamptz,否,,否,否,,P1-内部,,原始流程字段,P056
sjg_oms,drone,flight_cancellation,飞行取消主表,主表,1,id,主键ID,uuid,否,gen_random_uuid(),是,否,,P1-内部,,设计字段,P080
sjg_oms,drone,flight_cancellation,飞行取消主表,主表,2,tenant_id,租户ID,uuid,否,,否,否,core.tenant.id,P1-内部,所有业务唯一键必须包含tenant_id,设计字段,P080
sjg_oms,drone,flight_cancellation,飞行取消主表,主表,3,business_no,业务单号,varchar(64),否,,否,是,,P1-内部,租户内唯一；由core.sequence_rule生成,设计字段,P080
sjg_oms,drone,flight_cancellation,飞行取消主表,主表,4,workflow_instance_id,流程实例ID,uuid,是,,否,否,workflow.wf_instance.id,P1-内部,,设计字段,P080
sjg_oms,drone,flight_cancellation,飞行取消主表,主表,5,status,业务状态,varchar(32),否,'DRAFT',否,否,,P1-内部,仅由状态机合法迁移,设计字段,P080
sjg_oms,drone,flight_cancellation,飞行取消主表,主表,6,version_no,乐观锁版本,integer,否,0,否,否,,P1-内部,更新时version_no+1，冲突则拒绝,设计字段,P080
sjg_oms,drone,flight_cancellation,飞行取消主表,主表,7,created_by,创建人,uuid,是,,否,否,org.employee.id,P1-内部,,设计字段,P080
sjg_oms,drone,flight_cancellation,飞行取消主表,主表,8,created_at,创建时间,timestamptz,否,now(),否,否,,P1-内部,,设计字段,P080
sjg_oms,drone,flight_cancellation,飞行取消主表,主表,9,updated_by,更新人,uuid,是,,否,否,org.employee.id,P1-内部,,设计字段,P080
sjg_oms,drone,flight_cancellation,飞行取消主表,主表,10,updated_at,更新时间,timestamptz,否,now(),否,否,,P1-内部,,设计字段,P080
sjg_oms,drone,flight_cancellation,飞行取消主表,主表,11,is_deleted,逻辑删除,boolean,否,false,否,否,,P1-内部,,设计字段,P080
sjg_oms,drone,flight_cancellation,飞行取消主表,主表,12,deleted_at,删除时间,timestamptz,是,,否,否,,P1-内部,,设计字段,P080
sjg_oms,drone,flight_cancellation,飞行取消主表,主表,13,source_channel,来源渠道,varchar(32),是,,否,否,,P1-内部,,设计字段,P080
sjg_oms,drone,flight_cancellation,飞行取消主表,主表,14,business_date,业务日期,date,是,,否,否,,P1-内部,,设计字段,P080
sjg_oms,drone,flight_cancellation,飞行取消主表,主表,15,subject,主题,varchar(255),是,,否,否,,P1-内部,,设计字段,P080
sjg_oms,drone,flight_cancellation,飞行取消主表,主表,16,reason,原因,text,是,,否,否,,P1-内部,,设计字段,P080
sjg_oms,drone,flight_cancellation,飞行取消主表,主表,17,priority,优先级,varchar(16),否,'NORMAL',否,否,,P1-内部,,设计字段,P080
sjg_oms,drone,flight_cancellation,飞行取消主表,主表,18,risk_level,风险等级,varchar(16),是,,否,否,,P1-内部,,设计字段,P080
sjg_oms,drone,flight_cancellation,飞行取消主表,主表,19,owner_center_id,归属中心,uuid,是,,否,否,org.organization.id,P1-内部,,设计字段,P080
sjg_oms,drone,flight_cancellation,飞行取消主表,主表,20,owner_department_id,归属部门,uuid,是,,否,否,org.organization.id,P1-内部,,设计字段,P080
sjg_oms,drone,flight_cancellation,飞行取消主表,主表,21,owner_employee_id,责任人,uuid,是,,否,否,org.employee.id,P1-内部,,设计字段,P080
sjg_oms,drone,flight_cancellation,飞行取消主表,主表,22,planned_start_at,计划开始,timestamptz,是,,否,否,,P1-内部,,设计字段,P080
sjg_oms,drone,flight_cancellation,飞行取消主表,主表,23,planned_finish_at,计划完成,timestamptz,是,,否,否,,P1-内部,,设计字段,P080
sjg_oms,drone,flight_cancellation,飞行取消主表,主表,24,actual_start_at,实际开始,timestamptz,是,,否,否,,P1-内部,,设计字段,P080
sjg_oms,drone,flight_cancellation,飞行取消主表,主表,25,actual_end_at,实际完成,timestamptz,是,,否,否,,P1-内部,,设计字段,P080
sjg_oms,drone,flight_cancellation,飞行取消主表,主表,26,result_summary,结果摘要,text,是,,否,否,,P1-内部,,设计字段,P080
sjg_oms,drone,flight_cancellation,飞行取消主表,主表,27,closed_at,关闭时间,timestamptz,是,,否,否,,P1-内部,,设计字段,P080
sjg_oms,drone,flight_cancellation,飞行取消主表,主表,28,actual_amount,实际金额,"numeric(18,2)",是,,否,否,,P1-内部,,原始流程字段,P080
sjg_oms,drone,flight_cancellation,飞行取消主表,主表,29,drone_asset_id,飞行器编号,varchar(64),否,,否,否,,P1-内部,,原始流程字段,P080
sjg_oms,drone,flight_cancellation,飞行取消主表,主表,30,filing_permit_no,报备/许可编号,varchar(128),是,,否,否,,P1-内部,,原始流程字段,P080
sjg_oms,drone,flight_cancellation,飞行取消主表,主表,31,flight_area,飞行区域/空域,text,否,,否,否,,P1-内部,,原始流程字段,P080
sjg_oms,drone,flight_cancellation,飞行取消主表,主表,32,flight_purpose,飞行用途,varchar(64),否,,否,否,,P1-内部,,原始流程字段,P080
sjg_oms,drone,flight_cancellation,飞行取消主表,主表,33,flight_task_no,飞行任务编号,varchar(64),否,,否,否,,P1-内部,,原始流程字段,P080
sjg_oms,drone,flight_cancellation,飞行取消主表,主表,34,order_no,订单编号,varchar(64),否,,否,否,,P1-内部,,原始流程字段,P080
sjg_oms,drone,flight_cancellation,飞行取消主表,主表,35,pilot_id,飞行员,varchar(32),否,,否,否,,P1-内部,,原始流程字段,P080
sjg_oms,drone,flight_cancellation,飞行取消主表,主表,36,pilot_license_no,资质证书编号,varchar(64),否,,否,否,,P2-个人,,原始流程字段,P080
sjg_oms,drone,flight_cancellation,飞行取消主表,主表,37,planned_flight_window,计划起止时间,tstzrange,否,,否,否,,P1-内部,,原始流程字段,P080
sjg_oms,drone,flight_cancellation,飞行取消主表,主表,38,sales_channel,销售渠道,varchar(64),否,,否,否,,P1-内部,,原始流程字段,P080
sjg_oms,drone,flight_cancellation_item,飞行取消明细项,子表,1,id,主键ID,uuid,否,gen_random_uuid(),是,否,,P1-内部,,设计字段,P080
sjg_oms,drone,flight_cancellation_item,飞行取消明细项,子表,2,tenant_id,租户ID,uuid,否,,否,否,core.tenant.id,P1-内部,所有业务唯一键必须包含tenant_id,设计字段,P080
sjg_oms,drone,flight_cancellation_item,飞行取消明细项,子表,3,created_by,创建人,uuid,是,,否,否,org.employee.id,P1-内部,,设计字段,P080
sjg_oms,drone,flight_cancellation_item,飞行取消明细项,子表,4,created_at,创建时间,timestamptz,否,now(),否,否,,P1-内部,,设计字段,P080
sjg_oms,drone,flight_cancellation_item,飞行取消明细项,子表,5,updated_by,更新人,uuid,是,,否,否,org.employee.id,P1-内部,,设计字段,P080
sjg_oms,drone,flight_cancellation_item,飞行取消明细项,子表,6,updated_at,更新时间,timestamptz,否,now(),否,否,,P1-内部,,设计字段,P080
sjg_oms,drone,flight_cancellation_item,飞行取消明细项,子表,7,is_deleted,逻辑删除,boolean,否,false,否,否,,P1-内部,,设计字段,P080
sjg_oms,drone,flight_cancellation_item,飞行取消明细项,子表,8,deleted_at,删除时间,timestamptz,是,,否,否,,P1-内部,,设计字段,P080
sjg_oms,drone,flight_cancellation_item,飞行取消明细项,子表,9,master_id,主表ID,uuid,否,,否,否,drone.flight_cancellation.id,P1-内部,,设计字段,P080
sjg_oms,drone,flight_cancellation_item,飞行取消明细项,子表,10,field_code,来源字段编码,varchar(128),否,,否,否,,P1-内部,,设计字段,P080
sjg_oms,drone,flight_cancellation_item,飞行取消明细项,子表,11,item_seq,明细序号,integer,否,0,否,否,,P1-内部,,设计字段,P080
sjg_oms,drone,flight_cancellation_item,飞行取消明细项,子表,12,item_key,明细键,varchar(128),是,,否,否,,P1-内部,,设计字段,P080
sjg_oms,drone,flight_cancellation_item,飞行取消明细项,子表,13,item_name,明细名称,varchar(255),是,,否,否,,P1-内部,,设计字段,P080
sjg_oms,drone,flight_cancellation_item,飞行取消明细项,子表,14,item_value_text,文本值,text,是,,否,否,,P1-内部,,设计字段,P080
sjg_oms,drone,flight_cancellation_item,飞行取消明细项,子表,15,item_value_number,数值,"numeric(24,8)",是,,否,否,,P1-内部,,设计字段,P080
sjg_oms,drone,flight_cancellation_item,飞行取消明细项,子表,16,item_value_json,结构化值,jsonb,是,,否,否,,P1-内部,,设计字段,P080
sjg_oms,drone,flight_cancellation_item,飞行取消明细项,子表,17,related_object_type,关联对象类型,varchar(128),是,,否,否,,P1-内部,,设计字段,P080
sjg_oms,drone,flight_cancellation_item,飞行取消明细项,子表,18,related_object_id,关联对象ID,uuid,是,,否,否,,P1-内部,,设计字段,P080
sjg_oms,drone,flight_cancellation_item,飞行取消明细项,子表,19,amount,金额,"numeric(18,2)",是,,否,否,,P1-内部,,设计字段,P080
sjg_oms,drone,flight_cancellation_item,飞行取消明细项,子表,20,quantity,数量,"numeric(18,6)",是,,否,否,,P1-内部,,设计字段,P080
sjg_oms,drone,flight_cancellation_item,飞行取消明细项,子表,21,sort_no,排序,integer,否,0,否,否,,P1-内部,,设计字段,P080
sjg_oms,drone,flight_incident,飞行事故主表,主表,1,id,主键ID,uuid,否,gen_random_uuid(),是,否,,P1-内部,,设计字段,P081
sjg_oms,drone,flight_incident,飞行事故主表,主表,2,tenant_id,租户ID,uuid,否,,否,否,core.tenant.id,P1-内部,所有业务唯一键必须包含tenant_id,设计字段,P081
sjg_oms,drone,flight_incident,飞行事故主表,主表,3,business_no,业务单号,varchar(64),否,,否,是,,P1-内部,租户内唯一；由core.sequence_rule生成,设计字段,P081
sjg_oms,drone,flight_incident,飞行事故主表,主表,4,workflow_instance_id,流程实例ID,uuid,是,,否,否,workflow.wf_instance.id,P1-内部,,设计字段,P081
sjg_oms,drone,flight_incident,飞行事故主表,主表,5,status,业务状态,varchar(32),否,'DRAFT',否,否,,P1-内部,仅由状态机合法迁移,设计字段,P081
sjg_oms,drone,flight_incident,飞行事故主表,主表,6,version_no,乐观锁版本,integer,否,0,否,否,,P1-内部,更新时version_no+1，冲突则拒绝,设计字段,P081
sjg_oms,drone,flight_incident,飞行事故主表,主表,7,created_by,创建人,uuid,是,,否,否,org.employee.id,P1-内部,,设计字段,P081
sjg_oms,drone,flight_incident,飞行事故主表,主表,8,created_at,创建时间,timestamptz,否,now(),否,否,,P1-内部,,设计字段,P081
sjg_oms,drone,flight_incident,飞行事故主表,主表,9,updated_by,更新人,uuid,是,,否,否,org.employee.id,P1-内部,,设计字段,P081
sjg_oms,drone,flight_incident,飞行事故主表,主表,10,updated_at,更新时间,timestamptz,否,now(),否,否,,P1-内部,,设计字段,P081
sjg_oms,drone,flight_incident,飞行事故主表,主表,11,is_deleted,逻辑删除,boolean,否,false,否,否,,P1-内部,,设计字段,P081
sjg_oms,drone,flight_incident,飞行事故主表,主表,12,deleted_at,删除时间,timestamptz,是,,否,否,,P1-内部,,设计字段,P081
sjg_oms,drone,flight_incident,飞行事故主表,主表,13,source_channel,来源渠道,varchar(32),是,,否,否,,P1-内部,,设计字段,P081
sjg_oms,drone,flight_incident,飞行事故主表,主表,14,business_date,业务日期,date,是,,否,否,,P1-内部,,设计字段,P081
sjg_oms,drone,flight_incident,飞行事故主表,主表,15,subject,主题,varchar(255),是,,否,否,,P1-内部,,设计字段,P081
sjg_oms,drone,flight_incident,飞行事故主表,主表,16,reason,原因,text,是,,否,否,,P1-内部,,设计字段,P081
sjg_oms,drone,flight_incident,飞行事故主表,主表,17,priority,优先级,varchar(16),否,'NORMAL',否,否,,P1-内部,,设计字段,P081
sjg_oms,drone,flight_incident,飞行事故主表,主表,18,risk_level,风险等级,varchar(16),是,,否,否,,P1-内部,,设计字段,P081
sjg_oms,drone,flight_incident,飞行事故主表,主表,19,owner_center_id,归属中心,uuid,是,,否,否,org.organization.id,P1-内部,,设计字段,P081
sjg_oms,drone,flight_incident,飞行事故主表,主表,20,owner_department_id,归属部门,uuid,是,,否,否,org.organization.id,P1-内部,,设计字段,P081
sjg_oms,drone,flight_incident,飞行事故主表,主表,21,owner_employee_id,责任人,uuid,是,,否,否,org.employee.id,P1-内部,,设计字段,P081
sjg_oms,drone,flight_incident,飞行事故主表,主表,22,planned_start_at,计划开始,timestamptz,是,,否,否,,P1-内部,,设计字段,P081
sjg_oms,drone,flight_incident,飞行事故主表,主表,23,planned_finish_at,计划完成,timestamptz,是,,否,否,,P1-内部,,设计字段,P081
sjg_oms,drone,flight_incident,飞行事故主表,主表,24,actual_start_at,实际开始,timestamptz,是,,否,否,,P1-内部,,设计字段,P081
sjg_oms,drone,flight_incident,飞行事故主表,主表,25,actual_end_at,实际完成,timestamptz,是,,否,否,,P1-内部,,设计字段,P081
sjg_oms,drone,flight_incident,飞行事故主表,主表,26,result_summary,结果摘要,text,是,,否,否,,P1-内部,,设计字段,P081
sjg_oms,drone,flight_incident,飞行事故主表,主表,27,closed_at,关闭时间,timestamptz,是,,否,否,,P1-内部,,设计字段,P081
sjg_oms,drone,flight_incident,飞行事故主表,主表,28,actual_amount,实际金额,"numeric(18,2)",是,,否,否,,P1-内部,,原始流程字段,P081
sjg_oms,drone,flight_incident,飞行事故主表,主表,29,drone_asset_id,飞行器编号,varchar(64),否,,否,否,,P1-内部,,原始流程字段,P081
sjg_oms,drone,flight_incident,飞行事故主表,主表,30,filing_permit_no,报备/许可编号,varchar(128),是,,否,否,,P1-内部,,原始流程字段,P081
sjg_oms,drone,flight_incident,飞行事故主表,主表,31,flight_area,飞行区域/空域,text,否,,否,否,,P1-内部,,原始流程字段,P081
sjg_oms,drone,flight_incident,飞行事故主表,主表,32,flight_purpose,飞行用途,varchar(64),否,,否,否,,P1-内部,,原始流程字段,P081
sjg_oms,drone,flight_incident,飞行事故主表,主表,33,flight_task_no,飞行任务编号,varchar(64),否,,否,否,,P1-内部,,原始流程字段,P081
sjg_oms,drone,flight_incident,飞行事故主表,主表,34,logistics_resource_type,资源类型,varchar(64),否,,否,否,,P1-内部,,原始流程字段,P081
sjg_oms,drone,flight_incident,飞行事故主表,主表,35,pilot_id,飞行员,varchar(32),否,,否,否,,P1-内部,,原始流程字段,P081
sjg_oms,drone,flight_incident,飞行事故主表,主表,36,pilot_license_no,资质证书编号,varchar(64),否,,否,否,,P2-个人,,原始流程字段,P081
sjg_oms,drone,flight_incident,飞行事故主表,主表,37,planned_flight_window,计划起止时间,tstzrange,否,,否,否,,P1-内部,,原始流程字段,P081
sjg_oms,drone,flight_incident,飞行事故主表,主表,38,resource_no,车辆/房间/床位编号,varchar(64),否,,否,否,,P1-内部,,原始流程字段,P081
sjg_oms,drone,flight_incident_item,飞行事故明细项,子表,1,id,主键ID,uuid,否,gen_random_uuid(),是,否,,P1-内部,,设计字段,P081
sjg_oms,drone,flight_incident_item,飞行事故明细项,子表,2,tenant_id,租户ID,uuid,否,,否,否,core.tenant.id,P1-内部,所有业务唯一键必须包含tenant_id,设计字段,P081
sjg_oms,drone,flight_incident_item,飞行事故明细项,子表,3,created_by,创建人,uuid,是,,否,否,org.employee.id,P1-内部,,设计字段,P081
sjg_oms,drone,flight_incident_item,飞行事故明细项,子表,4,created_at,创建时间,timestamptz,否,now(),否,否,,P1-内部,,设计字段,P081
sjg_oms,drone,flight_incident_item,飞行事故明细项,子表,5,updated_by,更新人,uuid,是,,否,否,org.employee.id,P1-内部,,设计字段,P081
sjg_oms,drone,flight_incident_item,飞行事故明细项,子表,6,updated_at,更新时间,timestamptz,否,now(),否,否,,P1-内部,,设计字段,P081
sjg_oms,drone,flight_incident_item,飞行事故明细项,子表,7,is_deleted,逻辑删除,boolean,否,false,否,否,,P1-内部,,设计字段,P081
sjg_oms,drone,flight_incident_item,飞行事故明细项,子表,8,deleted_at,删除时间,timestamptz,是,,否,否,,P1-内部,,设计字段,P081
sjg_oms,drone,flight_incident_item,飞行事故明细项,子表,9,master_id,主表ID,uuid,否,,否,否,drone.flight_incident.id,P1-内部,,设计字段,P081
sjg_oms,drone,flight_incident_item,飞行事故明细项,子表,10,field_code,来源字段编码,varchar(128),否,,否,否,,P1-内部,,设计字段,P081
sjg_oms,drone,flight_incident_item,飞行事故明细项,子表,11,item_seq,明细序号,integer,否,0,否,否,,P1-内部,,设计字段,P081
sjg_oms,drone,flight_incident_item,飞行事故明细项,子表,12,item_key,明细键,varchar(128),是,,否,否,,P1-内部,,设计字段,P081
sjg_oms,drone,flight_incident_item,飞行事故明细项,子表,13,item_name,明细名称,varchar(255),是,,否,否,,P1-内部,,设计字段,P081
sjg_oms,drone,flight_incident_item,飞行事故明细项,子表,14,item_value_text,文本值,text,是,,否,否,,P1-内部,,设计字段,P081
sjg_oms,drone,flight_incident_item,飞行事故明细项,子表,15,item_value_number,数值,"numeric(24,8)",是,,否,否,,P1-内部,,设计字段,P081
sjg_oms,drone,flight_incident_item,飞行事故明细项,子表,16,item_value_json,结构化值,jsonb,是,,否,否,,P1-内部,,设计字段,P081
sjg_oms,drone,flight_incident_item,飞行事故明细项,子表,17,related_object_type,关联对象类型,varchar(128),是,,否,否,,P1-内部,,设计字段,P081
sjg_oms,drone,flight_incident_item,飞行事故明细项,子表,18,related_object_id,关联对象ID,uuid,是,,否,否,,P1-内部,,设计字段,P081
sjg_oms,drone,flight_incident_item,飞行事故明细项,子表,19,amount,金额,"numeric(18,2)",是,,否,否,,P1-内部,,设计字段,P081
sjg_oms,drone,flight_incident_item,飞行事故明细项,子表,20,quantity,数量,"numeric(18,6)",是,,否,否,,P1-内部,,设计字段,P081
sjg_oms,drone,flight_incident_item,飞行事故明细项,子表,21,sort_no,排序,integer,否,0,否,否,,P1-内部,,设计字段,P081
sjg_oms,drone,flight_task,无人机飞行任务主表,主表,1,id,主键ID,uuid,否,gen_random_uuid(),是,否,,P1-内部,,设计字段,P079
sjg_oms,drone,flight_task,无人机飞行任务主表,主表,2,tenant_id,租户ID,uuid,否,,否,否,core.tenant.id,P1-内部,所有业务唯一键必须包含tenant_id,设计字段,P079
sjg_oms,drone,flight_task,无人机飞行任务主表,主表,3,business_no,业务单号,varchar(64),否,,否,是,,P1-内部,租户内唯一；由core.sequence_rule生成,设计字段,P079
sjg_oms,drone,flight_task,无人机飞行任务主表,主表,4,workflow_instance_id,流程实例ID,uuid,是,,否,否,workflow.wf_instance.id,P1-内部,,设计字段,P079
sjg_oms,drone,flight_task,无人机飞行任务主表,主表,5,status,业务状态,varchar(32),否,'DRAFT',否,否,,P1-内部,仅由状态机合法迁移,设计字段,P079
sjg_oms,drone,flight_task,无人机飞行任务主表,主表,6,version_no,乐观锁版本,integer,否,0,否,否,,P1-内部,更新时version_no+1，冲突则拒绝,设计字段,P079
sjg_oms,drone,flight_task,无人机飞行任务主表,主表,7,created_by,创建人,uuid,是,,否,否,org.employee.id,P1-内部,,设计字段,P079
sjg_oms,drone,flight_task,无人机飞行任务主表,主表,8,created_at,创建时间,timestamptz,否,now(),否,否,,P1-内部,,设计字段,P079
sjg_oms,drone,flight_task,无人机飞行任务主表,主表,9,updated_by,更新人,uuid,是,,否,否,org.employee.id,P1-内部,,设计字段,P079
sjg_oms,drone,flight_task,无人机飞行任务主表,主表,10,updated_at,更新时间,timestamptz,否,now(),否,否,,P1-内部,,设计字段,P079
sjg_oms,drone,flight_task,无人机飞行任务主表,主表,11,is_deleted,逻辑删除,boolean,否,false,否,否,,P1-内部,,设计字段,P079
sjg_oms,drone,flight_task,无人机飞行任务主表,主表,12,deleted_at,删除时间,timestamptz,是,,否,否,,P1-内部,,设计字段,P079
sjg_oms,drone,flight_task,无人机飞行任务主表,主表,13,source_channel,来源渠道,varchar(32),是,,否,否,,P1-内部,,设计字段,P079
sjg_oms,drone,flight_task,无人机飞行任务主表,主表,14,business_date,业务日期,date,是,,否,否,,P1-内部,,设计字段,P079
sjg_oms,drone,flight_task,无人机飞行任务主表,主表,15,subject,主题,varchar(255),是,,否,否,,P1-内部,,设计字段,P079
sjg_oms,drone,flight_task,无人机飞行任务主表,主表,16,reason,原因,text,是,,否,否,,P1-内部,,设计字段,P079
sjg_oms,drone,flight_task,无人机飞行任务主表,主表,17,priority,优先级,varchar(16),否,'NORMAL',否,否,,P1-内部,,设计字段,P079
sjg_oms,drone,flight_task,无人机飞行任务主表,主表,18,risk_level,风险等级,varchar(16),是,,否,否,,P1-内部,,设计字段,P079
sjg_oms,drone,flight_task,无人机飞行任务主表,主表,19,owner_center_id,归属中心,uuid,是,,否,否,org.organization.id,P1-内部,,设计字段,P079
sjg_oms,drone,flight_task,无人机飞行任务主表,主表,20,owner_department_id,归属部门,uuid,是,,否,否,org.organization.id,P1-内部,,设计字段,P079
sjg_oms,drone,flight_task,无人机飞行任务主表,主表,21,owner_employee_id,责任人,uuid,是,,否,否,org.employee.id,P1-内部,,设计字段,P079
sjg_oms,drone,flight_task,无人机飞行任务主表,主表,22,planned_start_at,计划开始,timestamptz,是,,否,否,,P1-内部,,设计字段,P079
sjg_oms,drone,flight_task,无人机飞行任务主表,主表,23,planned_finish_at,计划完成,timestamptz,是,,否,否,,P1-内部,,设计字段,P079
sjg_oms,drone,flight_task,无人机飞行任务主表,主表,24,actual_start_at,实际开始,timestamptz,是,,否,否,,P1-内部,,设计字段,P079
sjg_oms,drone,flight_task,无人机飞行任务主表,主表,25,actual_end_at,实际完成,timestamptz,是,,否,否,,P1-内部,,设计字段,P079
sjg_oms,drone,flight_task,无人机飞行任务主表,主表,26,result_summary,结果摘要,text,是,,否,否,,P1-内部,,设计字段,P079
sjg_oms,drone,flight_task,无人机飞行任务主表,主表,27,closed_at,关闭时间,timestamptz,是,,否,否,,P1-内部,,设计字段,P079
sjg_oms,drone,flight_task,无人机飞行任务主表,主表,28,actual_amount,实际金额,"numeric(18,2)",是,,否,否,,P1-内部,,原始流程字段,P079
sjg_oms,drone,flight_task,无人机飞行任务主表,主表,29,drone_asset_id,飞行器编号,varchar(64),否,,否,否,,P1-内部,,原始流程字段,P079
sjg_oms,drone,flight_task,无人机飞行任务主表,主表,30,filing_permit_no,报备/许可编号,varchar(128),是,,否,否,,P1-内部,,原始流程字段,P079
sjg_oms,drone,flight_task,无人机飞行任务主表,主表,31,flight_area,飞行区域/空域,text,否,,否,否,,P1-内部,,原始流程字段,P079
sjg_oms,drone,flight_task,无人机飞行任务主表,主表,32,flight_purpose,飞行用途,varchar(64),否,,否,否,,P1-内部,,原始流程字段,P079
sjg_oms,drone,flight_task,无人机飞行任务主表,主表,33,flight_task_no,飞行任务编号,varchar(64),否,,否,否,,P1-内部,,原始流程字段,P079
sjg_oms,drone,flight_task,无人机飞行任务主表,主表,34,pilot_id,飞行员,varchar(32),否,,否,否,,P1-内部,,原始流程字段,P079
sjg_oms,drone,flight_task,无人机飞行任务主表,主表,35,pilot_license_no,资质证书编号,varchar(64),否,,否,否,,P2-个人,,原始流程字段,P079
sjg_oms,drone,flight_task,无人机飞行任务主表,主表,36,planned_flight_window,计划起止时间,tstzrange,否,,否,否,,P1-内部,,原始流程字段,P079
sjg_oms,drone,flight_task_item,无人机飞行任务明细项,子表,1,id,主键ID,uuid,否,gen_random_uuid(),是,否,,P1-内部,,设计字段,P079
sjg_oms,drone,flight_task_item,无人机飞行任务明细项,子表,2,tenant_id,租户ID,uuid,否,,否,否,core.tenant.id,P1-内部,所有业务唯一键必须包含tenant_id,设计字段,P079
sjg_oms,drone,flight_task_item,无人机飞行任务明细项,子表,3,created_by,创建人,uuid,是,,否,否,org.employee.id,P1-内部,,设计字段,P079
sjg_oms,drone,flight_task_item,无人机飞行任务明细项,子表,4,created_at,创建时间,timestamptz,否,now(),否,否,,P1-内部,,设计字段,P079
sjg_oms,drone,flight_task_item,无人机飞行任务明细项,子表,5,updated_by,更新人,uuid,是,,否,否,org.employee.id,P1-内部,,设计字段,P079
sjg_oms,drone,flight_task_item,无人机飞行任务明细项,子表,6,updated_at,更新时间,timestamptz,否,now(),否,否,,P1-内部,,设计字段,P079
sjg_oms,drone,flight_task_item,无人机飞行任务明细项,子表,7,is_deleted,逻辑删除,boolean,否,false,否,否,,P1-内部,,设计字段,P079
sjg_oms,drone,flight_task_item,无人机飞行任务明细项,子表,8,deleted_at,删除时间,timestamptz,是,,否,否,,P1-内部,,设计字段,P079
sjg_oms,drone,flight_task_item,无人机飞行任务明细项,子表,9,master_id,主表ID,uuid,否,,否,否,drone.flight_task.id,P1-内部,,设计字段,P079
sjg_oms,drone,flight_task_item,无人机飞行任务明细项,子表,10,field_code,来源字段编码,varchar(128),否,,否,否,,P1-内部,,设计字段,P079
sjg_oms,drone,flight_task_item,无人机飞行任务明细项,子表,11,item_seq,明细序号,integer,否,0,否,否,,P1-内部,,设计字段,P079
sjg_oms,drone,flight_task_item,无人机飞行任务明细项,子表,12,item_key,明细键,varchar(128),是,,否,否,,P1-内部,,设计字段,P079
sjg_oms,drone,flight_task_item,无人机飞行任务明细项,子表,13,item_name,明细名称,varchar(255),是,,否,否,,P1-内部,,设计字段,P079
sjg_oms,drone,flight_task_item,无人机飞行任务明细项,子表,14,item_value_text,文本值,text,是,,否,否,,P1-内部,,设计字段,P079
sjg_oms,drone,flight_task_item,无人机飞行任务明细项,子表,15,item_value_number,数值,"numeric(24,8)",是,,否,否,,P1-内部,,设计字段,P079
sjg_oms,drone,flight_task_item,无人机飞行任务明细项,子表,16,item_value_json,结构化值,jsonb,是,,否,否,,P1-内部,,设计字段,P079
sjg_oms,drone,flight_task_item,无人机飞行任务明细项,子表,17,related_object_type,关联对象类型,varchar(128),是,,否,否,,P1-内部,,设计字段,P079
sjg_oms,drone,flight_task_item,无人机飞行任务明细项,子表,18,related_object_id,关联对象ID,uuid,是,,否,否,,P1-内部,,设计字段,P079
sjg_oms,drone,flight_task_item,无人机飞行任务明细项,子表,19,amount,金额,"numeric(18,2)",是,,否,否,,P1-内部,,设计字段,P079
sjg_oms,drone,flight_task_item,无人机飞行任务明细项,子表,20,quantity,数量,"numeric(18,6)",是,,否,否,,P1-内部,,设计字段,P079
sjg_oms,drone,flight_task_item,无人机飞行任务明细项,子表,21,sort_no,排序,integer,否,0,否,否,,P1-内部,,设计字段,P079
sjg_oms,ecommerce,ota_order,OTA订单主表,主表,1,id,主键ID,uuid,否,gen_random_uuid(),是,否,,P1-内部,,设计字段,P102
sjg_oms,ecommerce,ota_order,OTA订单主表,主表,2,tenant_id,租户ID,uuid,否,,否,否,core.tenant.id,P1-内部,所有业务唯一键必须包含tenant_id,设计字段,P102
sjg_oms,ecommerce,ota_order,OTA订单主表,主表,3,business_no,业务单号,varchar(64),否,,否,是,,P1-内部,租户内唯一；由core.sequence_rule生成,设计字段,P102
sjg_oms,ecommerce,ota_order,OTA订单主表,主表,4,workflow_instance_id,流程实例ID,uuid,是,,否,否,workflow.wf_instance.id,P1-内部,,设计字段,P102
sjg_oms,ecommerce,ota_order,OTA订单主表,主表,5,status,业务状态,varchar(32),否,'DRAFT',否,否,,P1-内部,仅由状态机合法迁移,设计字段,P102
sjg_oms,ecommerce,ota_order,OTA订单主表,主表,6,version_no,乐观锁版本,integer,否,0,否,否,,P1-内部,更新时version_no+1，冲突则拒绝,设计字段,P102
sjg_oms,ecommerce,ota_order,OTA订单主表,主表,7,created_by,创建人,uuid,是,,否,否,org.employee.id,P1-内部,,设计字段,P102
sjg_oms,ecommerce,ota_order,OTA订单主表,主表,8,created_at,创建时间,timestamptz,否,now(),否,否,,P1-内部,,设计字段,P102
sjg_oms,ecommerce,ota_order,OTA订单主表,主表,9,updated_by,更新人,uuid,是,,否,否,org.employee.id,P1-内部,,设计字段,P102
sjg_oms,ecommerce,ota_order,OTA订单主表,主表,10,updated_at,更新时间,timestamptz,否,now(),否,否,,P1-内部,,设计字段,P102
sjg_oms,ecommerce,ota_order,OTA订单主表,主表,11,is_deleted,逻辑删除,boolean,否,false,否,否,,P1-内部,,设计字段,P102
sjg_oms,ecommerce,ota_order,OTA订单主表,主表,12,deleted_at,删除时间,timestamptz,是,,否,否,,P1-内部,,设计字段,P102
sjg_oms,ecommerce,ota_order,OTA订单主表,主表,13,source_channel,来源渠道,varchar(32),是,,否,否,,P1-内部,,设计字段,P102
sjg_oms,ecommerce,ota_order,OTA订单主表,主表,14,business_date,业务日期,date,是,,否,否,,P1-内部,,设计字段,P102
sjg_oms,ecommerce,ota_order,OTA订单主表,主表,15,subject,主题,varchar(255),是,,否,否,,P1-内部,,设计字段,P102
sjg_oms,ecommerce,ota_order,OTA订单主表,主表,16,reason,原因,text,是,,否,否,,P1-内部,,设计字段,P102
sjg_oms,ecommerce,ota_order,OTA订单主表,主表,17,priority,优先级,varchar(16),否,'NORMAL',否,否,,P1-内部,,设计字段,P102
sjg_oms,ecommerce,ota_order,OTA订单主表,主表,18,risk_level,风险等级,varchar(16),是,,否,否,,P1-内部,,设计字段,P102
sjg_oms,ecommerce,ota_order,OTA订单主表,主表,19,owner_center_id,归属中心,uuid,是,,否,否,org.organization.id,P1-内部,,设计字段,P102
sjg_oms,ecommerce,ota_order,OTA订单主表,主表,20,owner_department_id,归属部门,uuid,是,,否,否,org.organization.id,P1-内部,,设计字段,P102
sjg_oms,ecommerce,ota_order,OTA订单主表,主表,21,owner_employee_id,责任人,uuid,是,,否,否,org.employee.id,P1-内部,,设计字段,P102
sjg_oms,ecommerce,ota_order,OTA订单主表,主表,22,planned_start_at,计划开始,timestamptz,是,,否,否,,P1-内部,,设计字段,P102
sjg_oms,ecommerce,ota_order,OTA订单主表,主表,23,planned_finish_at,计划完成,timestamptz,是,,否,否,,P1-内部,,设计字段,P102
sjg_oms,ecommerce,ota_order,OTA订单主表,主表,24,actual_start_at,实际开始,timestamptz,是,,否,否,,P1-内部,,设计字段,P102
sjg_oms,ecommerce,ota_order,OTA订单主表,主表,25,actual_end_at,实际完成,timestamptz,是,,否,否,,P1-内部,,设计字段,P102
sjg_oms,ecommerce,ota_order,OTA订单主表,主表,26,result_summary,结果摘要,text,是,,否,否,,P1-内部,,设计字段,P102
sjg_oms,ecommerce,ota_order,OTA订单主表,主表,27,closed_at,关闭时间,timestamptz,是,,否,否,,P1-内部,,设计字段,P102
sjg_oms,ecommerce,ota_order,OTA订单主表,主表,28,actual_amount,实际金额,"numeric(18,2)",是,,否,否,,P1-内部,,原始流程字段,P102
sjg_oms,ecommerce,ota_order,OTA订单主表,主表,29,content_asset_no,内容/物料编号,varchar(64),否,,否,否,,P1-内部,,原始流程字段,P102
sjg_oms,ecommerce,ota_order,OTA订单主表,主表,30,content_title,主题/标题,varchar(200),否,,否,否,,P1-内部,,原始流程字段,P102
sjg_oms,ecommerce,ota_order,OTA订单主表,主表,31,content_type,内容类型,varchar(64),否,,否,否,,P1-内部,,原始流程字段,P102
sjg_oms,ecommerce,ota_order,OTA订单主表,主表,32,copyright_info,版权授权信息,text,是,,否,否,,P1-内部,,原始流程字段,P102
sjg_oms,ecommerce,ota_order,OTA订单主表,主表,33,order_no,订单编号,varchar(64),否,,否,否,,P1-内部,,原始流程字段,P102
sjg_oms,ecommerce,ota_order,OTA订单主表,主表,34,planned_publish_at,计划发布时间,timestamptz,是,,否,否,,P1-内部,,原始流程字段,P102
sjg_oms,ecommerce,ota_order,OTA订单主表,主表,35,review_points,品牌/事实审核要点,text,是,,否,否,,P1-内部,,原始流程字段,P102
sjg_oms,ecommerce,ota_order,OTA订单主表,主表,36,sales_channel,销售渠道,varchar(64),否,,否,否,,P1-内部,,原始流程字段,P102
sjg_oms,ecommerce,ota_order,OTA订单主表,主表,37,script_copy,脚本/文案,text,是,,否,否,,P1-内部,,原始流程字段,P102
sjg_oms,ecommerce,ota_order_item,OTA订单明细项,子表,1,id,主键ID,uuid,否,gen_random_uuid(),是,否,,P1-内部,,设计字段,P102
sjg_oms,ecommerce,ota_order_item,OTA订单明细项,子表,2,tenant_id,租户ID,uuid,否,,否,否,core.tenant.id,P1-内部,所有业务唯一键必须包含tenant_id,设计字段,P102
sjg_oms,ecommerce,ota_order_item,OTA订单明细项,子表,3,created_by,创建人,uuid,是,,否,否,org.employee.id,P1-内部,,设计字段,P102
sjg_oms,ecommerce,ota_order_item,OTA订单明细项,子表,4,created_at,创建时间,timestamptz,否,now(),否,否,,P1-内部,,设计字段,P102
sjg_oms,ecommerce,ota_order_item,OTA订单明细项,子表,5,updated_by,更新人,uuid,是,,否,否,org.employee.id,P1-内部,,设计字段,P102
sjg_oms,ecommerce,ota_order_item,OTA订单明细项,子表,6,updated_at,更新时间,timestamptz,否,now(),否,否,,P1-内部,,设计字段,P102
sjg_oms,ecommerce,ota_order_item,OTA订单明细项,子表,7,is_deleted,逻辑删除,boolean,否,false,否,否,,P1-内部,,设计字段,P102
sjg_oms,ecommerce,ota_order_item,OTA订单明细项,子表,8,deleted_at,删除时间,timestamptz,是,,否,否,,P1-内部,,设计字段,P102
sjg_oms,ecommerce,ota_order_item,OTA订单明细项,子表,9,master_id,主表ID,uuid,否,,否,否,ecommerce.ota_order.id,P1-内部,,设计字段,P102
sjg_oms,ecommerce,ota_order_item,OTA订单明细项,子表,10,field_code,来源字段编码,varchar(128),否,,否,否,,P1-内部,,设计字段,P102
sjg_oms,ecommerce,ota_order_item,OTA订单明细项,子表,11,item_seq,明细序号,integer,否,0,否,否,,P1-内部,,设计字段,P102
sjg_oms,ecommerce,ota_order_item,OTA订单明细项,子表,12,item_key,明细键,varchar(128),是,,否,否,,P1-内部,,设计字段,P102
sjg_oms,ecommerce,ota_order_item,OTA订单明细项,子表,13,item_name,明细名称,varchar(255),是,,否,否,,P1-内部,,设计字段,P102
sjg_oms,ecommerce,ota_order_item,OTA订单明细项,子表,14,item_value_text,文本值,text,是,,否,否,,P1-内部,,设计字段,P102
sjg_oms,ecommerce,ota_order_item,OTA订单明细项,子表,15,item_value_number,数值,"numeric(24,8)",是,,否,否,,P1-内部,,设计字段,P102
sjg_oms,ecommerce,ota_order_item,OTA订单明细项,子表,16,item_value_json,结构化值,jsonb,是,,否,否,,P1-内部,,设计字段,P102
sjg_oms,ecommerce,ota_order_item,OTA订单明细项,子表,17,related_object_type,关联对象类型,varchar(128),是,,否,否,,P1-内部,,设计字段,P102
sjg_oms,ecommerce,ota_order_item,OTA订单明细项,子表,18,related_object_id,关联对象ID,uuid,是,,否,否,,P1-内部,,设计字段,P102
sjg_oms,ecommerce,ota_order_item,OTA订单明细项,子表,19,amount,金额,"numeric(18,2)",是,,否,否,,P1-内部,,设计字段,P102
sjg_oms,ecommerce,ota_order_item,OTA订单明细项,子表,20,quantity,数量,"numeric(18,6)",是,,否,否,,P1-内部,,设计字段,P102
sjg_oms,ecommerce,ota_order_item,OTA订单明细项,子表,21,sort_no,排序,integer,否,0,否,否,,P1-内部,,设计字段,P102
sjg_oms,ecommerce,product_listing,OTA产品上架主表,主表,1,id,主键ID,uuid,否,gen_random_uuid(),是,否,,P1-内部,,设计字段,P101
sjg_oms,ecommerce,product_listing,OTA产品上架主表,主表,2,tenant_id,租户ID,uuid,否,,否,否,core.tenant.id,P1-内部,所有业务唯一键必须包含tenant_id,设计字段,P101
sjg_oms,ecommerce,product_listing,OTA产品上架主表,主表,3,business_no,业务单号,varchar(64),否,,否,是,,P1-内部,租户内唯一；由core.sequence_rule生成,设计字段,P101
sjg_oms,ecommerce,product_listing,OTA产品上架主表,主表,4,workflow_instance_id,流程实例ID,uuid,是,,否,否,workflow.wf_instance.id,P1-内部,,设计字段,P101
sjg_oms,ecommerce,product_listing,OTA产品上架主表,主表,5,status,业务状态,varchar(32),否,'DRAFT',否,否,,P1-内部,仅由状态机合法迁移,设计字段,P101
sjg_oms,ecommerce,product_listing,OTA产品上架主表,主表,6,version_no,乐观锁版本,integer,否,0,否,否,,P1-内部,更新时version_no+1，冲突则拒绝,设计字段,P101
sjg_oms,ecommerce,product_listing,OTA产品上架主表,主表,7,created_by,创建人,uuid,是,,否,否,org.employee.id,P1-内部,,设计字段,P101
sjg_oms,ecommerce,product_listing,OTA产品上架主表,主表,8,created_at,创建时间,timestamptz,否,now(),否,否,,P1-内部,,设计字段,P101
sjg_oms,ecommerce,product_listing,OTA产品上架主表,主表,9,updated_by,更新人,uuid,是,,否,否,org.employee.id,P1-内部,,设计字段,P101
sjg_oms,ecommerce,product_listing,OTA产品上架主表,主表,10,updated_at,更新时间,timestamptz,否,now(),否,否,,P1-内部,,设计字段,P101
sjg_oms,ecommerce,product_listing,OTA产品上架主表,主表,11,is_deleted,逻辑删除,boolean,否,false,否,否,,P1-内部,,设计字段,P101
sjg_oms,ecommerce,product_listing,OTA产品上架主表,主表,12,deleted_at,删除时间,timestamptz,是,,否,否,,P1-内部,,设计字段,P101
sjg_oms,ecommerce,product_listing,OTA产品上架主表,主表,13,source_channel,来源渠道,varchar(32),是,,否,否,,P1-内部,,设计字段,P101
sjg_oms,ecommerce,product_listing,OTA产品上架主表,主表,14,business_date,业务日期,date,是,,否,否,,P1-内部,,设计字段,P101
sjg_oms,ecommerce,product_listing,OTA产品上架主表,主表,15,subject,主题,varchar(255),是,,否,否,,P1-内部,,设计字段,P101
sjg_oms,ecommerce,product_listing,OTA产品上架主表,主表,16,reason,原因,text,是,,否,否,,P1-内部,,设计字段,P101
sjg_oms,ecommerce,product_listing,OTA产品上架主表,主表,17,priority,优先级,varchar(16),否,'NORMAL',否,否,,P1-内部,,设计字段,P101
sjg_oms,ecommerce,product_listing,OTA产品上架主表,主表,18,risk_level,风险等级,varchar(16),是,,否,否,,P1-内部,,设计字段,P101
sjg_oms,ecommerce,product_listing,OTA产品上架主表,主表,19,owner_center_id,归属中心,uuid,是,,否,否,org.organization.id,P1-内部,,设计字段,P101
sjg_oms,ecommerce,product_listing,OTA产品上架主表,主表,20,owner_department_id,归属部门,uuid,是,,否,否,org.organization.id,P1-内部,,设计字段,P101
sjg_oms,ecommerce,product_listing,OTA产品上架主表,主表,21,owner_employee_id,责任人,uuid,是,,否,否,org.employee.id,P1-内部,,设计字段,P101
sjg_oms,ecommerce,product_listing,OTA产品上架主表,主表,22,planned_start_at,计划开始,timestamptz,是,,否,否,,P1-内部,,设计字段,P101
sjg_oms,ecommerce,product_listing,OTA产品上架主表,主表,23,planned_finish_at,计划完成,timestamptz,是,,否,否,,P1-内部,,设计字段,P101
sjg_oms,ecommerce,product_listing,OTA产品上架主表,主表,24,actual_start_at,实际开始,timestamptz,是,,否,否,,P1-内部,,设计字段,P101
sjg_oms,ecommerce,product_listing,OTA产品上架主表,主表,25,actual_end_at,实际完成,timestamptz,是,,否,否,,P1-内部,,设计字段,P101
sjg_oms,ecommerce,product_listing,OTA产品上架主表,主表,26,result_summary,结果摘要,text,是,,否,否,,P1-内部,,设计字段,P101
sjg_oms,ecommerce,product_listing,OTA产品上架主表,主表,27,closed_at,关闭时间,timestamptz,是,,否,否,,P1-内部,,设计字段,P101
sjg_oms,ecommerce,product_listing,OTA产品上架主表,主表,28,actual_amount,实际金额,"numeric(18,2)",是,,否,否,,P1-内部,,原始流程字段,P101
sjg_oms,ecommerce,product_listing,OTA产品上架主表,主表,29,content_asset_no,内容/物料编号,varchar(64),否,,否,否,,P1-内部,,原始流程字段,P101
sjg_oms,ecommerce,product_listing,OTA产品上架主表,主表,30,content_title,主题/标题,varchar(200),否,,否,否,,P1-内部,,原始流程字段,P101
sjg_oms,ecommerce,product_listing,OTA产品上架主表,主表,31,content_type,内容类型,varchar(64),否,,否,否,,P1-内部,,原始流程字段,P101
sjg_oms,ecommerce,product_listing,OTA产品上架主表,主表,32,copyright_info,版权授权信息,text,是,,否,否,,P1-内部,,原始流程字段,P101
sjg_oms,ecommerce,product_listing,OTA产品上架主表,主表,33,item_asset_id,物料/资产编号,varchar(64),否,,否,否,,P1-内部,,原始流程字段,P101
sjg_oms,ecommerce,product_listing,OTA产品上架主表,主表,34,item_asset_name,物料/资产名称,varchar(200),否,,否,否,,P1-内部,,原始流程字段,P101
sjg_oms,ecommerce,product_listing,OTA产品上架主表,主表,35,planned_publish_at,计划发布时间,timestamptz,是,,否,否,,P1-内部,,原始流程字段,P101
sjg_oms,ecommerce,product_listing,OTA产品上架主表,主表,36,review_points,品牌/事实审核要点,text,是,,否,否,,P1-内部,,原始流程字段,P101
sjg_oms,ecommerce,product_listing,OTA产品上架主表,主表,37,script_copy,脚本/文案,text,是,,否,否,,P1-内部,,原始流程字段,P101
sjg_oms,ecommerce,product_listing_item,OTA产品上架明细项,子表,1,id,主键ID,uuid,否,gen_random_uuid(),是,否,,P1-内部,,设计字段,P101
sjg_oms,ecommerce,product_listing_item,OTA产品上架明细项,子表,2,tenant_id,租户ID,uuid,否,,否,否,core.tenant.id,P1-内部,所有业务唯一键必须包含tenant_id,设计字段,P101
sjg_oms,ecommerce,product_listing_item,OTA产品上架明细项,子表,3,created_by,创建人,uuid,是,,否,否,org.employee.id,P1-内部,,设计字段,P101
sjg_oms,ecommerce,product_listing_item,OTA产品上架明细项,子表,4,created_at,创建时间,timestamptz,否,now(),否,否,,P1-内部,,设计字段,P101
sjg_oms,ecommerce,product_listing_item,OTA产品上架明细项,子表,5,updated_by,更新人,uuid,是,,否,否,org.employee.id,P1-内部,,设计字段,P101
sjg_oms,ecommerce,product_listing_item,OTA产品上架明细项,子表,6,updated_at,更新时间,timestamptz,否,now(),否,否,,P1-内部,,设计字段,P101
sjg_oms,ecommerce,product_listing_item,OTA产品上架明细项,子表,7,is_deleted,逻辑删除,boolean,否,false,否,否,,P1-内部,,设计字段,P101
sjg_oms,ecommerce,product_listing_item,OTA产品上架明细项,子表,8,deleted_at,删除时间,timestamptz,是,,否,否,,P1-内部,,设计字段,P101
sjg_oms,ecommerce,product_listing_item,OTA产品上架明细项,子表,9,master_id,主表ID,uuid,否,,否,否,ecommerce.product_listing.id,P1-内部,,设计字段,P101
sjg_oms,ecommerce,product_listing_item,OTA产品上架明细项,子表,10,field_code,来源字段编码,varchar(128),否,,否,否,,P1-内部,,设计字段,P101
sjg_oms,ecommerce,product_listing_item,OTA产品上架明细项,子表,11,item_seq,明细序号,integer,否,0,否,否,,P1-内部,,设计字段,P101
sjg_oms,ecommerce,product_listing_item,OTA产品上架明细项,子表,12,item_key,明细键,varchar(128),是,,否,否,,P1-内部,,设计字段,P101
sjg_oms,ecommerce,product_listing_item,OTA产品上架明细项,子表,13,item_name,明细名称,varchar(255),是,,否,否,,P1-内部,,设计字段,P101
sjg_oms,ecommerce,product_listing_item,OTA产品上架明细项,子表,14,item_value_text,文本值,text,是,,否,否,,P1-内部,,设计字段,P101
sjg_oms,ecommerce,product_listing_item,OTA产品上架明细项,子表,15,item_value_number,数值,"numeric(24,8)",是,,否,否,,P1-内部,,设计字段,P101
sjg_oms,ecommerce,product_listing_item,OTA产品上架明细项,子表,16,item_value_json,结构化值,jsonb,是,,否,否,,P1-内部,,设计字段,P101
sjg_oms,ecommerce,product_listing_item,OTA产品上架明细项,子表,17,related_object_type,关联对象类型,varchar(128),是,,否,否,,P1-内部,,设计字段,P101
sjg_oms,ecommerce,product_listing_item,OTA产品上架明细项,子表,18,related_object_id,关联对象ID,uuid,是,,否,否,,P1-内部,,设计字段,P101
sjg_oms,ecommerce,product_listing_item,OTA产品上架明细项,子表,19,amount,金额,"numeric(18,2)",是,,否,否,,P1-内部,,设计字段,P101
sjg_oms,ecommerce,product_listing_item,OTA产品上架明细项,子表,20,quantity,数量,"numeric(18,6)",是,,否,否,,P1-内部,,设计字段,P101
sjg_oms,ecommerce,product_listing_item,OTA产品上架明细项,子表,21,sort_no,排序,integer,否,0,否,否,,P1-内部,,设计字段,P101
sjg_oms,ecommerce,refund_order,电商退款主表,主表,1,id,主键ID,uuid,否,gen_random_uuid(),是,否,,P1-内部,,设计字段,P103
sjg_oms,ecommerce,refund_order,电商退款主表,主表,2,tenant_id,租户ID,uuid,否,,否,否,core.tenant.id,P1-内部,所有业务唯一键必须包含tenant_id,设计字段,P103
sjg_oms,ecommerce,refund_order,电商退款主表,主表,3,business_no,业务单号,varchar(64),否,,否,是,,P1-内部,租户内唯一；由core.sequence_rule生成,设计字段,P103
sjg_oms,ecommerce,refund_order,电商退款主表,主表,4,workflow_instance_id,流程实例ID,uuid,是,,否,否,workflow.wf_instance.id,P1-内部,,设计字段,P103
sjg_oms,ecommerce,refund_order,电商退款主表,主表,5,status,业务状态,varchar(32),否,'DRAFT',否,否,,P1-内部,仅由状态机合法迁移,设计字段,P103
sjg_oms,ecommerce,refund_order,电商退款主表,主表,6,version_no,乐观锁版本,integer,否,0,否,否,,P1-内部,更新时version_no+1，冲突则拒绝,设计字段,P103
sjg_oms,ecommerce,refund_order,电商退款主表,主表,7,created_by,创建人,uuid,是,,否,否,org.employee.id,P1-内部,,设计字段,P103
sjg_oms,ecommerce,refund_order,电商退款主表,主表,8,created_at,创建时间,timestamptz,否,now(),否,否,,P1-内部,,设计字段,P103
sjg_oms,ecommerce,refund_order,电商退款主表,主表,9,updated_by,更新人,uuid,是,,否,否,org.employee.id,P1-内部,,设计字段,P103
sjg_oms,ecommerce,refund_order,电商退款主表,主表,10,updated_at,更新时间,timestamptz,否,now(),否,否,,P1-内部,,设计字段,P103
sjg_oms,ecommerce,refund_order,电商退款主表,主表,11,is_deleted,逻辑删除,boolean,否,false,否,否,,P1-内部,,设计字段,P103
sjg_oms,ecommerce,refund_order,电商退款主表,主表,12,deleted_at,删除时间,timestamptz,是,,否,否,,P1-内部,,设计字段,P103
sjg_oms,ecommerce,refund_order,电商退款主表,主表,13,source_channel,来源渠道,varchar(32),是,,否,否,,P1-内部,,设计字段,P103
sjg_oms,ecommerce,refund_order,电商退款主表,主表,14,business_date,业务日期,date,是,,否,否,,P1-内部,,设计字段,P103
sjg_oms,ecommerce,refund_order,电商退款主表,主表,15,subject,主题,varchar(255),是,,否,否,,P1-内部,,设计字段,P103
sjg_oms,ecommerce,refund_order,电商退款主表,主表,16,reason,原因,text,是,,否,否,,P1-内部,,设计字段,P103
sjg_oms,ecommerce,refund_order,电商退款主表,主表,17,priority,优先级,varchar(16),否,'NORMAL',否,否,,P1-内部,,设计字段,P103
sjg_oms,ecommerce,refund_order,电商退款主表,主表,18,risk_level,风险等级,varchar(16),是,,否,否,,P1-内部,,设计字段,P103
sjg_oms,ecommerce,refund_order,电商退款主表,主表,19,owner_center_id,归属中心,uuid,是,,否,否,org.organization.id,P1-内部,,设计字段,P103
sjg_oms,ecommerce,refund_order,电商退款主表,主表,20,owner_department_id,归属部门,uuid,是,,否,否,org.organization.id,P1-内部,,设计字段,P103
sjg_oms,ecommerce,refund_order,电商退款主表,主表,21,owner_employee_id,责任人,uuid,是,,否,否,org.employee.id,P1-内部,,设计字段,P103
sjg_oms,ecommerce,refund_order,电商退款主表,主表,22,planned_start_at,计划开始,timestamptz,是,,否,否,,P1-内部,,设计字段,P103
sjg_oms,ecommerce,refund_order,电商退款主表,主表,23,planned_finish_at,计划完成,timestamptz,是,,否,否,,P1-内部,,设计字段,P103
sjg_oms,ecommerce,refund_order,电商退款主表,主表,24,actual_start_at,实际开始,timestamptz,是,,否,否,,P1-内部,,设计字段,P103
sjg_oms,ecommerce,refund_order,电商退款主表,主表,25,actual_end_at,实际完成,timestamptz,是,,否,否,,P1-内部,,设计字段,P103
sjg_oms,ecommerce,refund_order,电商退款主表,主表,26,result_summary,结果摘要,text,是,,否,否,,P1-内部,,设计字段,P103
sjg_oms,ecommerce,refund_order,电商退款主表,主表,27,closed_at,关闭时间,timestamptz,是,,否,否,,P1-内部,,设计字段,P103
sjg_oms,ecommerce,refund_order,电商退款主表,主表,28,actual_amount,实际金额,"numeric(18,2)",是,,否,否,,P1-内部,,原始流程字段,P103
sjg_oms,ecommerce,refund_order,电商退款主表,主表,29,content_asset_no,内容/物料编号,varchar(64),否,,否,否,,P1-内部,,原始流程字段,P103
sjg_oms,ecommerce,refund_order,电商退款主表,主表,30,content_title,主题/标题,varchar(200),否,,否,否,,P1-内部,,原始流程字段,P103
sjg_oms,ecommerce,refund_order,电商退款主表,主表,31,content_type,内容类型,varchar(64),否,,否,否,,P1-内部,,原始流程字段,P103
sjg_oms,ecommerce,refund_order,电商退款主表,主表,32,copyright_info,版权授权信息,text,是,,否,否,,P1-内部,,原始流程字段,P103
sjg_oms,ecommerce,refund_order,电商退款主表,主表,33,order_no,订单编号,varchar(64),否,,否,否,,P1-内部,,原始流程字段,P103
sjg_oms,ecommerce,refund_order,电商退款主表,主表,34,planned_publish_at,计划发布时间,timestamptz,是,,否,否,,P1-内部,,原始流程字段,P103
sjg_oms,ecommerce,refund_order,电商退款主表,主表,35,review_points,品牌/事实审核要点,text,是,,否,否,,P1-内部,,原始流程字段,P103
sjg_oms,ecommerce,refund_order,电商退款主表,主表,36,sales_channel,销售渠道,varchar(64),否,,否,否,,P1-内部,,原始流程字段,P103
sjg_oms,ecommerce,refund_order,电商退款主表,主表,37,script_copy,脚本/文案,text,是,,否,否,,P1-内部,,原始流程字段,P103
sjg_oms,ecommerce,refund_order_item,电商退款明细项,子表,1,id,主键ID,uuid,否,gen_random_uuid(),是,否,,P1-内部,,设计字段,P103
sjg_oms,ecommerce,refund_order_item,电商退款明细项,子表,2,tenant_id,租户ID,uuid,否,,否,否,core.tenant.id,P1-内部,所有业务唯一键必须包含tenant_id,设计字段,P103
sjg_oms,ecommerce,refund_order_item,电商退款明细项,子表,3,created_by,创建人,uuid,是,,否,否,org.employee.id,P1-内部,,设计字段,P103
sjg_oms,ecommerce,refund_order_item,电商退款明细项,子表,4,created_at,创建时间,timestamptz,否,now(),否,否,,P1-内部,,设计字段,P103
sjg_oms,ecommerce,refund_order_item,电商退款明细项,子表,5,updated_by,更新人,uuid,是,,否,否,org.employee.id,P1-内部,,设计字段,P103
sjg_oms,ecommerce,refund_order_item,电商退款明细项,子表,6,updated_at,更新时间,timestamptz,否,now(),否,否,,P1-内部,,设计字段,P103
sjg_oms,ecommerce,refund_order_item,电商退款明细项,子表,7,is_deleted,逻辑删除,boolean,否,false,否,否,,P1-内部,,设计字段,P103
sjg_oms,ecommerce,refund_order_item,电商退款明细项,子表,8,deleted_at,删除时间,timestamptz,是,,否,否,,P1-内部,,设计字段,P103
sjg_oms,ecommerce,refund_order_item,电商退款明细项,子表,9,master_id,主表ID,uuid,否,,否,否,ecommerce.refund_order.id,P1-内部,,设计字段,P103
sjg_oms,ecommerce,refund_order_item,电商退款明细项,子表,10,field_code,来源字段编码,varchar(128),否,,否,否,,P1-内部,,设计字段,P103
sjg_oms,ecommerce,refund_order_item,电商退款明细项,子表,11,item_seq,明细序号,integer,否,0,否,否,,P1-内部,,设计字段,P103
sjg_oms,ecommerce,refund_order_item,电商退款明细项,子表,12,item_key,明细键,varchar(128),是,,否,否,,P1-内部,,设计字段,P103
sjg_oms,ecommerce,refund_order_item,电商退款明细项,子表,13,item_name,明细名称,varchar(255),是,,否,否,,P1-内部,,设计字段,P103
sjg_oms,ecommerce,refund_order_item,电商退款明细项,子表,14,item_value_text,文本值,text,是,,否,否,,P1-内部,,设计字段,P103
sjg_oms,ecommerce,refund_order_item,电商退款明细项,子表,15,item_value_number,数值,"numeric(24,8)",是,,否,否,,P1-内部,,设计字段,P103
sjg_oms,ecommerce,refund_order_item,电商退款明细项,子表,16,item_value_json,结构化值,jsonb,是,,否,否,,P1-内部,,设计字段,P103
sjg_oms,ecommerce,refund_order_item,电商退款明细项,子表,17,related_object_type,关联对象类型,varchar(128),是,,否,否,,P1-内部,,设计字段,P103
sjg_oms,ecommerce,refund_order_item,电商退款明细项,子表,18,related_object_id,关联对象ID,uuid,是,,否,否,,P1-内部,,设计字段,P103
sjg_oms,ecommerce,refund_order_item,电商退款明细项,子表,19,amount,金额,"numeric(18,2)",是,,否,否,,P1-内部,,设计字段,P103
sjg_oms,ecommerce,refund_order_item,电商退款明细项,子表,20,quantity,数量,"numeric(18,6)",是,,否,否,,P1-内部,,设计字段,P103
sjg_oms,ecommerce,refund_order_item,电商退款明细项,子表,21,sort_no,排序,integer,否,0,否,否,,P1-内部,,设计字段,P103
sjg_oms,ecommerce,review_complaint,评价客诉主表,主表,1,id,主键ID,uuid,否,gen_random_uuid(),是,否,,P1-内部,,设计字段,P104
sjg_oms,ecommerce,review_complaint,评价客诉主表,主表,2,tenant_id,租户ID,uuid,否,,否,否,core.tenant.id,P1-内部,所有业务唯一键必须包含tenant_id,设计字段,P104
sjg_oms,ecommerce,review_complaint,评价客诉主表,主表,3,business_no,业务单号,varchar(64),否,,否,是,,P1-内部,租户内唯一；由core.sequence_rule生成,设计字段,P104
sjg_oms,ecommerce,review_complaint,评价客诉主表,主表,4,workflow_instance_id,流程实例ID,uuid,是,,否,否,workflow.wf_instance.id,P1-内部,,设计字段,P104
sjg_oms,ecommerce,review_complaint,评价客诉主表,主表,5,status,业务状态,varchar(32),否,'DRAFT',否,否,,P1-内部,仅由状态机合法迁移,设计字段,P104
sjg_oms,ecommerce,review_complaint,评价客诉主表,主表,6,version_no,乐观锁版本,integer,否,0,否,否,,P1-内部,更新时version_no+1，冲突则拒绝,设计字段,P104
sjg_oms,ecommerce,review_complaint,评价客诉主表,主表,7,created_by,创建人,uuid,是,,否,否,org.employee.id,P1-内部,,设计字段,P104
sjg_oms,ecommerce,review_complaint,评价客诉主表,主表,8,created_at,创建时间,timestamptz,否,now(),否,否,,P1-内部,,设计字段,P104
sjg_oms,ecommerce,review_complaint,评价客诉主表,主表,9,updated_by,更新人,uuid,是,,否,否,org.employee.id,P1-内部,,设计字段,P104
sjg_oms,ecommerce,review_complaint,评价客诉主表,主表,10,updated_at,更新时间,timestamptz,否,now(),否,否,,P1-内部,,设计字段,P104
sjg_oms,ecommerce,review_complaint,评价客诉主表,主表,11,is_deleted,逻辑删除,boolean,否,false,否,否,,P1-内部,,设计字段,P104
sjg_oms,ecommerce,review_complaint,评价客诉主表,主表,12,deleted_at,删除时间,timestamptz,是,,否,否,,P1-内部,,设计字段,P104
sjg_oms,ecommerce,review_complaint,评价客诉主表,主表,13,source_channel,来源渠道,varchar(32),是,,否,否,,P1-内部,,设计字段,P104
sjg_oms,ecommerce,review_complaint,评价客诉主表,主表,14,business_date,业务日期,date,是,,否,否,,P1-内部,,设计字段,P104
sjg_oms,ecommerce,review_complaint,评价客诉主表,主表,15,subject,主题,varchar(255),是,,否,否,,P1-内部,,设计字段,P104
sjg_oms,ecommerce,review_complaint,评价客诉主表,主表,16,reason,原因,text,是,,否,否,,P1-内部,,设计字段,P104
sjg_oms,ecommerce,review_complaint,评价客诉主表,主表,17,priority,优先级,varchar(16),否,'NORMAL',否,否,,P1-内部,,设计字段,P104
sjg_oms,ecommerce,review_complaint,评价客诉主表,主表,18,risk_level,风险等级,varchar(16),是,,否,否,,P1-内部,,设计字段,P104
sjg_oms,ecommerce,review_complaint,评价客诉主表,主表,19,owner_center_id,归属中心,uuid,是,,否,否,org.organization.id,P1-内部,,设计字段,P104
sjg_oms,ecommerce,review_complaint,评价客诉主表,主表,20,owner_department_id,归属部门,uuid,是,,否,否,org.organization.id,P1-内部,,设计字段,P104
sjg_oms,ecommerce,review_complaint,评价客诉主表,主表,21,owner_employee_id,责任人,uuid,是,,否,否,org.employee.id,P1-内部,,设计字段,P104
sjg_oms,ecommerce,review_complaint,评价客诉主表,主表,22,planned_start_at,计划开始,timestamptz,是,,否,否,,P1-内部,,设计字段,P104
sjg_oms,ecommerce,review_complaint,评价客诉主表,主表,23,planned_finish_at,计划完成,timestamptz,是,,否,否,,P1-内部,,设计字段,P104
sjg_oms,ecommerce,review_complaint,评价客诉主表,主表,24,actual_start_at,实际开始,timestamptz,是,,否,否,,P1-内部,,设计字段,P104
sjg_oms,ecommerce,review_complaint,评价客诉主表,主表,25,actual_end_at,实际完成,timestamptz,是,,否,否,,P1-内部,,设计字段,P104
sjg_oms,ecommerce,review_complaint,评价客诉主表,主表,26,result_summary,结果摘要,text,是,,否,否,,P1-内部,,设计字段,P104
sjg_oms,ecommerce,review_complaint,评价客诉主表,主表,27,closed_at,关闭时间,timestamptz,是,,否,否,,P1-内部,,设计字段,P104
sjg_oms,ecommerce,review_complaint,评价客诉主表,主表,28,actual_amount,实际金额,"numeric(18,2)",是,,否,否,,P1-内部,,原始流程字段,P104
sjg_oms,ecommerce,review_complaint,评价客诉主表,主表,29,content_asset_no,内容/物料编号,varchar(64),否,,否,否,,P1-内部,,原始流程字段,P104
sjg_oms,ecommerce,review_complaint,评价客诉主表,主表,30,content_title,主题/标题,varchar(200),否,,否,否,,P1-内部,,原始流程字段,P104
sjg_oms,ecommerce,review_complaint,评价客诉主表,主表,31,content_type,内容类型,varchar(64),否,,否,否,,P1-内部,,原始流程字段,P104
sjg_oms,ecommerce,review_complaint,评价客诉主表,主表,32,copyright_info,版权授权信息,text,是,,否,否,,P1-内部,,原始流程字段,P104
sjg_oms,ecommerce,review_complaint,评价客诉主表,主表,33,incident_patrol_no,事件/巡检编号,varchar(64),否,,否,否,,P1-内部,,原始流程字段,P104
sjg_oms,ecommerce,review_complaint,评价客诉主表,主表,34,incident_type,事件类型,varchar(64),否,,否,否,,P1-内部,,原始流程字段,P104
sjg_oms,ecommerce,review_complaint,评价客诉主表,主表,35,planned_publish_at,计划发布时间,timestamptz,是,,否,否,,P1-内部,,原始流程字段,P104
sjg_oms,ecommerce,review_complaint,评价客诉主表,主表,36,review_points,品牌/事实审核要点,text,是,,否,否,,P1-内部,,原始流程字段,P104
sjg_oms,ecommerce,review_complaint,评价客诉主表,主表,37,script_copy,脚本/文案,text,是,,否,否,,P1-内部,,原始流程字段,P104
sjg_oms,ecommerce,review_complaint_item,评价客诉明细项,子表,1,id,主键ID,uuid,否,gen_random_uuid(),是,否,,P1-内部,,设计字段,P104
sjg_oms,ecommerce,review_complaint_item,评价客诉明细项,子表,2,tenant_id,租户ID,uuid,否,,否,否,core.tenant.id,P1-内部,所有业务唯一键必须包含tenant_id,设计字段,P104
sjg_oms,ecommerce,review_complaint_item,评价客诉明细项,子表,3,created_by,创建人,uuid,是,,否,否,org.employee.id,P1-内部,,设计字段,P104
sjg_oms,ecommerce,review_complaint_item,评价客诉明细项,子表,4,created_at,创建时间,timestamptz,否,now(),否,否,,P1-内部,,设计字段,P104
sjg_oms,ecommerce,review_complaint_item,评价客诉明细项,子表,5,updated_by,更新人,uuid,是,,否,否,org.employee.id,P1-内部,,设计字段,P104
sjg_oms,ecommerce,review_complaint_item,评价客诉明细项,子表,6,updated_at,更新时间,timestamptz,否,now(),否,否,,P1-内部,,设计字段,P104
sjg_oms,ecommerce,review_complaint_item,评价客诉明细项,子表,7,is_deleted,逻辑删除,boolean,否,false,否,否,,P1-内部,,设计字段,P104
sjg_oms,ecommerce,review_complaint_item,评价客诉明细项,子表,8,deleted_at,删除时间,timestamptz,是,,否,否,,P1-内部,,设计字段,P104
sjg_oms,ecommerce,review_complaint_item,评价客诉明细项,子表,9,master_id,主表ID,uuid,否,,否,否,ecommerce.review_complaint.id,P1-内部,,设计字段,P104
sjg_oms,ecommerce,review_complaint_item,评价客诉明细项,子表,10,field_code,来源字段编码,varchar(128),否,,否,否,,P1-内部,,设计字段,P104
sjg_oms,ecommerce,review_complaint_item,评价客诉明细项,子表,11,item_seq,明细序号,integer,否,0,否,否,,P1-内部,,设计字段,P104
sjg_oms,ecommerce,review_complaint_item,评价客诉明细项,子表,12,item_key,明细键,varchar(128),是,,否,否,,P1-内部,,设计字段,P104
sjg_oms,ecommerce,review_complaint_item,评价客诉明细项,子表,13,item_name,明细名称,varchar(255),是,,否,否,,P1-内部,,设计字段,P104
sjg_oms,ecommerce,review_complaint_item,评价客诉明细项,子表,14,item_value_text,文本值,text,是,,否,否,,P1-内部,,设计字段,P104
sjg_oms,ecommerce,review_complaint_item,评价客诉明细项,子表,15,item_value_number,数值,"numeric(24,8)",是,,否,否,,P1-内部,,设计字段,P104
sjg_oms,ecommerce,review_complaint_item,评价客诉明细项,子表,16,item_value_json,结构化值,jsonb,是,,否,否,,P1-内部,,设计字段,P104
sjg_oms,ecommerce,review_complaint_item,评价客诉明细项,子表,17,related_object_type,关联对象类型,varchar(128),是,,否,否,,P1-内部,,设计字段,P104
sjg_oms,ecommerce,review_complaint_item,评价客诉明细项,子表,18,related_object_id,关联对象ID,uuid,是,,否,否,,P1-内部,,设计字段,P104
sjg_oms,ecommerce,review_complaint_item,评价客诉明细项,子表,19,amount,金额,"numeric(18,2)",是,,否,否,,P1-内部,,设计字段,P104
sjg_oms,ecommerce,review_complaint_item,评价客诉明细项,子表,20,quantity,数量,"numeric(18,6)",是,,否,否,,P1-内部,,设计字段,P104
sjg_oms,ecommerce,review_complaint_item,评价客诉明细项,子表,21,sort_no,排序,integer,否,0,否,否,,P1-内部,,设计字段,P104
sjg_oms,education,course_product,课程产品主表,主表,1,id,主键ID,uuid,否,gen_random_uuid(),是,否,,P1-内部,,设计字段,P043
sjg_oms,education,course_product,课程产品主表,主表,2,tenant_id,租户ID,uuid,否,,否,否,core.tenant.id,P1-内部,所有业务唯一键必须包含tenant_id,设计字段,P043
sjg_oms,education,course_product,课程产品主表,主表,3,business_no,业务单号,varchar(64),否,,否,是,,P1-内部,租户内唯一；由core.sequence_rule生成,设计字段,P043
sjg_oms,education,course_product,课程产品主表,主表,4,workflow_instance_id,流程实例ID,uuid,是,,否,否,workflow.wf_instance.id,P1-内部,,设计字段,P043
sjg_oms,education,course_product,课程产品主表,主表,5,status,业务状态,varchar(32),否,'DRAFT',否,否,,P1-内部,仅由状态机合法迁移,设计字段,P043
sjg_oms,education,course_product,课程产品主表,主表,6,version_no,乐观锁版本,integer,否,0,否,否,,P1-内部,更新时version_no+1，冲突则拒绝,设计字段,P043
sjg_oms,education,course_product,课程产品主表,主表,7,created_by,创建人,uuid,是,,否,否,org.employee.id,P1-内部,,设计字段,P043
sjg_oms,education,course_product,课程产品主表,主表,8,created_at,创建时间,timestamptz,否,now(),否,否,,P1-内部,,设计字段,P043
sjg_oms,education,course_product,课程产品主表,主表,9,updated_by,更新人,uuid,是,,否,否,org.employee.id,P1-内部,,设计字段,P043
sjg_oms,education,course_product,课程产品主表,主表,10,updated_at,更新时间,timestamptz,否,now(),否,否,,P1-内部,,设计字段,P043
sjg_oms,education,course_product,课程产品主表,主表,11,is_deleted,逻辑删除,boolean,否,false,否,否,,P1-内部,,设计字段,P043
sjg_oms,education,course_product,课程产品主表,主表,12,deleted_at,删除时间,timestamptz,是,,否,否,,P1-内部,,设计字段,P043
sjg_oms,education,course_product,课程产品主表,主表,13,source_channel,来源渠道,varchar(32),是,,否,否,,P1-内部,,设计字段,P043
sjg_oms,education,course_product,课程产品主表,主表,14,business_date,业务日期,date,是,,否,否,,P1-内部,,设计字段,P043
sjg_oms,education,course_product,课程产品主表,主表,15,subject,主题,varchar(255),是,,否,否,,P1-内部,,设计字段,P043
sjg_oms,education,course_product,课程产品主表,主表,16,reason,原因,text,是,,否,否,,P1-内部,,设计字段,P043
sjg_oms,education,course_product,课程产品主表,主表,17,priority,优先级,varchar(16),否,'NORMAL',否,否,,P1-内部,,设计字段,P043
sjg_oms,education,course_product,课程产品主表,主表,18,risk_level,风险等级,varchar(16),是,,否,否,,P1-内部,,设计字段,P043
sjg_oms,education,course_product,课程产品主表,主表,19,owner_center_id,归属中心,uuid,是,,否,否,org.organization.id,P1-内部,,设计字段,P043
sjg_oms,education,course_product,课程产品主表,主表,20,owner_department_id,归属部门,uuid,是,,否,否,org.organization.id,P1-内部,,设计字段,P043
sjg_oms,education,course_product,课程产品主表,主表,21,owner_employee_id,责任人,uuid,是,,否,否,org.employee.id,P1-内部,,设计字段,P043
sjg_oms,education,course_product,课程产品主表,主表,22,planned_start_at,计划开始,timestamptz,是,,否,否,,P1-内部,,设计字段,P043
sjg_oms,education,course_product,课程产品主表,主表,23,planned_finish_at,计划完成,timestamptz,是,,否,否,,P1-内部,,设计字段,P043
sjg_oms,education,course_product,课程产品主表,主表,24,actual_start_at,实际开始,timestamptz,是,,否,否,,P1-内部,,设计字段,P043
sjg_oms,education,course_product,课程产品主表,主表,25,actual_end_at,实际完成,timestamptz,是,,否,否,,P1-内部,,设计字段,P043
sjg_oms,education,course_product,课程产品主表,主表,26,result_summary,结果摘要,text,是,,否,否,,P1-内部,,设计字段,P043
sjg_oms,education,course_product,课程产品主表,主表,27,closed_at,关闭时间,timestamptz,是,,否,否,,P1-内部,,设计字段,P043
sjg_oms,education,course_product,课程产品主表,主表,28,actual_amount,实际金额,"numeric(18,2)",是,,否,否,,P1-内部,,原始流程字段,P043
sjg_oms,education,course_product,课程产品主表,主表,29,class_location,上课地点,varchar(200),是,,否,否,,P1-内部,,原始流程字段,P043
sjg_oms,education,course_product,课程产品主表,主表,30,class_time,上课时间,timestamptz,是,,否,否,,P1-内部,,原始流程字段,P043
sjg_oms,education,course_product,课程产品主表,主表,31,course_evaluation,课程评价,"numeric(18,6)",是,,否,否,,P1-内部,,原始流程字段,P043
sjg_oms,education,course_product,课程产品主表,主表,32,course_team_name,课程/团队名称,varchar(200),否,,否,否,,P1-内部,,原始流程字段,P043
sjg_oms,education,course_product,课程产品主表,主表,33,course_version_id,课程编号/版本,varchar(64),否,,否,否,,P1-内部,,原始流程字段,P043
sjg_oms,education,course_product,课程产品主表,主表,34,learner_profile,适用年龄/对象,varchar(500),是,,否,否,,P1-内部,,原始流程字段,P043
sjg_oms,education,course_product,课程产品主表,主表,35,period_or_course_no,周期/课程编号,varchar(32),否,,否,否,,P1-内部,,原始流程字段,P043
sjg_oms,education,course_product,课程产品主表,主表,36,safety_requirements,安全与应急要求,text,是,,否,否,,P1-内部,,原始流程字段,P043
sjg_oms,education,course_product,课程产品主表,主表,37,teaching_record,教学/实操记录,text,是,,否,否,,P1-内部,,原始流程字段,P043
sjg_oms,education,course_product,课程产品主表,主表,38,team_size,团队人数,bigint,是,,否,否,,P1-内部,,原始流程字段,P043
sjg_oms,education,study_tour_delivery,研学团队交付主表,主表,1,id,主键ID,uuid,否,gen_random_uuid(),是,否,,P1-内部,,设计字段,P044
sjg_oms,education,study_tour_delivery,研学团队交付主表,主表,2,tenant_id,租户ID,uuid,否,,否,否,core.tenant.id,P1-内部,所有业务唯一键必须包含tenant_id,设计字段,P044
sjg_oms,education,study_tour_delivery,研学团队交付主表,主表,3,business_no,业务单号,varchar(64),否,,否,是,,P1-内部,租户内唯一；由core.sequence_rule生成,设计字段,P044
sjg_oms,education,study_tour_delivery,研学团队交付主表,主表,4,workflow_instance_id,流程实例ID,uuid,是,,否,否,workflow.wf_instance.id,P1-内部,,设计字段,P044
sjg_oms,education,study_tour_delivery,研学团队交付主表,主表,5,status,业务状态,varchar(32),否,'DRAFT',否,否,,P1-内部,仅由状态机合法迁移,设计字段,P044
sjg_oms,education,study_tour_delivery,研学团队交付主表,主表,6,version_no,乐观锁版本,integer,否,0,否,否,,P1-内部,更新时version_no+1，冲突则拒绝,设计字段,P044
sjg_oms,education,study_tour_delivery,研学团队交付主表,主表,7,created_by,创建人,uuid,是,,否,否,org.employee.id,P1-内部,,设计字段,P044
sjg_oms,education,study_tour_delivery,研学团队交付主表,主表,8,created_at,创建时间,timestamptz,否,now(),否,否,,P1-内部,,设计字段,P044
sjg_oms,education,study_tour_delivery,研学团队交付主表,主表,9,updated_by,更新人,uuid,是,,否,否,org.employee.id,P1-内部,,设计字段,P044
sjg_oms,education,study_tour_delivery,研学团队交付主表,主表,10,updated_at,更新时间,timestamptz,否,now(),否,否,,P1-内部,,设计字段,P044
sjg_oms,education,study_tour_delivery,研学团队交付主表,主表,11,is_deleted,逻辑删除,boolean,否,false,否,否,,P1-内部,,设计字段,P044
sjg_oms,education,study_tour_delivery,研学团队交付主表,主表,12,deleted_at,删除时间,timestamptz,是,,否,否,,P1-内部,,设计字段,P044
sjg_oms,education,study_tour_delivery,研学团队交付主表,主表,13,source_channel,来源渠道,varchar(32),是,,否,否,,P1-内部,,设计字段,P044
sjg_oms,education,study_tour_delivery,研学团队交付主表,主表,14,business_date,业务日期,date,是,,否,否,,P1-内部,,设计字段,P044
sjg_oms,education,study_tour_delivery,研学团队交付主表,主表,15,subject,主题,varchar(255),是,,否,否,,P1-内部,,设计字段,P044
sjg_oms,education,study_tour_delivery,研学团队交付主表,主表,16,reason,原因,text,是,,否,否,,P1-内部,,设计字段,P044
sjg_oms,education,study_tour_delivery,研学团队交付主表,主表,17,priority,优先级,varchar(16),否,'NORMAL',否,否,,P1-内部,,设计字段,P044
sjg_oms,education,study_tour_delivery,研学团队交付主表,主表,18,risk_level,风险等级,varchar(16),是,,否,否,,P1-内部,,设计字段,P044
sjg_oms,education,study_tour_delivery,研学团队交付主表,主表,19,owner_center_id,归属中心,uuid,是,,否,否,org.organization.id,P1-内部,,设计字段,P044
sjg_oms,education,study_tour_delivery,研学团队交付主表,主表,20,owner_department_id,归属部门,uuid,是,,否,否,org.organization.id,P1-内部,,设计字段,P044
sjg_oms,education,study_tour_delivery,研学团队交付主表,主表,21,owner_employee_id,责任人,uuid,是,,否,否,org.employee.id,P1-内部,,设计字段,P044
sjg_oms,education,study_tour_delivery,研学团队交付主表,主表,22,planned_start_at,计划开始,timestamptz,是,,否,否,,P1-内部,,设计字段,P044
sjg_oms,education,study_tour_delivery,研学团队交付主表,主表,23,planned_finish_at,计划完成,timestamptz,是,,否,否,,P1-内部,,设计字段,P044
sjg_oms,education,study_tour_delivery,研学团队交付主表,主表,24,actual_start_at,实际开始,timestamptz,是,,否,否,,P1-内部,,设计字段,P044
sjg_oms,education,study_tour_delivery,研学团队交付主表,主表,25,actual_end_at,实际完成,timestamptz,是,,否,否,,P1-内部,,设计字段,P044
sjg_oms,education,study_tour_delivery,研学团队交付主表,主表,26,result_summary,结果摘要,text,是,,否,否,,P1-内部,,设计字段,P044
sjg_oms,education,study_tour_delivery,研学团队交付主表,主表,27,closed_at,关闭时间,timestamptz,是,,否,否,,P1-内部,,设计字段,P044
sjg_oms,education,study_tour_delivery,研学团队交付主表,主表,28,actual_amount,实际金额,"numeric(18,2)",是,,否,否,,P1-内部,,原始流程字段,P044
sjg_oms,education,study_tour_delivery,研学团队交付主表,主表,29,budget_item_id,预算项目,varchar(32),是,,否,否,,P1-内部,,原始流程字段,P044
sjg_oms,education,study_tour_delivery,研学团队交付主表,主表,30,class_location,上课地点,varchar(200),是,,否,否,,P1-内部,,原始流程字段,P044
sjg_oms,education,study_tour_delivery,研学团队交付主表,主表,31,class_time,上课时间,timestamptz,是,,否,否,,P1-内部,,原始流程字段,P044
sjg_oms,education,study_tour_delivery,研学团队交付主表,主表,32,cost_center_id,成本中心,varchar(32),否,,否,否,,P1-内部,,原始流程字段,P044
sjg_oms,education,study_tour_delivery,研学团队交付主表,主表,33,course_evaluation,课程评价,"numeric(18,6)",是,,否,否,,P1-内部,,原始流程字段,P044
sjg_oms,education,study_tour_delivery,研学团队交付主表,主表,34,course_team_name,课程/团队名称,varchar(200),否,,否,否,,P1-内部,,原始流程字段,P044
sjg_oms,education,study_tour_delivery,研学团队交付主表,主表,35,course_version_id,课程编号/版本,varchar(64),否,,否,否,,P1-内部,,原始流程字段,P044
sjg_oms,education,study_tour_delivery,研学团队交付主表,主表,36,learner_profile,适用年龄/对象,varchar(500),是,,否,否,,P1-内部,,原始流程字段,P044
sjg_oms,education,study_tour_delivery,研学团队交付主表,主表,37,safety_requirements,安全与应急要求,text,是,,否,否,,P1-内部,,原始流程字段,P044
sjg_oms,education,study_tour_delivery,研学团队交付主表,主表,38,teaching_record,教学/实操记录,text,是,,否,否,,P1-内部,,原始流程字段,P044
sjg_oms,education,study_tour_delivery,研学团队交付主表,主表,39,team_size,团队人数,bigint,是,,否,否,,P1-内部,,原始流程字段,P044
sjg_oms,education,teacher_schedule,讲师排课主表,主表,1,id,主键ID,uuid,否,gen_random_uuid(),是,否,,P1-内部,,设计字段,P045
sjg_oms,education,teacher_schedule,讲师排课主表,主表,2,tenant_id,租户ID,uuid,否,,否,否,core.tenant.id,P1-内部,所有业务唯一键必须包含tenant_id,设计字段,P045
sjg_oms,education,teacher_schedule,讲师排课主表,主表,3,business_no,业务单号,varchar(64),否,,否,是,,P1-内部,租户内唯一；由core.sequence_rule生成,设计字段,P045
sjg_oms,education,teacher_schedule,讲师排课主表,主表,4,workflow_instance_id,流程实例ID,uuid,是,,否,否,workflow.wf_instance.id,P1-内部,,设计字段,P045
sjg_oms,education,teacher_schedule,讲师排课主表,主表,5,status,业务状态,varchar(32),否,'DRAFT',否,否,,P1-内部,仅由状态机合法迁移,设计字段,P045
sjg_oms,education,teacher_schedule,讲师排课主表,主表,6,version_no,乐观锁版本,integer,否,0,否,否,,P1-内部,更新时version_no+1，冲突则拒绝,设计字段,P045
sjg_oms,education,teacher_schedule,讲师排课主表,主表,7,created_by,创建人,uuid,是,,否,否,org.employee.id,P1-内部,,设计字段,P045
sjg_oms,education,teacher_schedule,讲师排课主表,主表,8,created_at,创建时间,timestamptz,否,now(),否,否,,P1-内部,,设计字段,P045
sjg_oms,education,teacher_schedule,讲师排课主表,主表,9,updated_by,更新人,uuid,是,,否,否,org.employee.id,P1-内部,,设计字段,P045
sjg_oms,education,teacher_schedule,讲师排课主表,主表,10,updated_at,更新时间,timestamptz,否,now(),否,否,,P1-内部,,设计字段,P045
sjg_oms,education,teacher_schedule,讲师排课主表,主表,11,is_deleted,逻辑删除,boolean,否,false,否,否,,P1-内部,,设计字段,P045
sjg_oms,education,teacher_schedule,讲师排课主表,主表,12,deleted_at,删除时间,timestamptz,是,,否,否,,P1-内部,,设计字段,P045
sjg_oms,education,teacher_schedule,讲师排课主表,主表,13,source_channel,来源渠道,varchar(32),是,,否,否,,P1-内部,,设计字段,P045
sjg_oms,education,teacher_schedule,讲师排课主表,主表,14,business_date,业务日期,date,是,,否,否,,P1-内部,,设计字段,P045
sjg_oms,education,teacher_schedule,讲师排课主表,主表,15,subject,主题,varchar(255),是,,否,否,,P1-内部,,设计字段,P045
sjg_oms,education,teacher_schedule,讲师排课主表,主表,16,reason,原因,text,是,,否,否,,P1-内部,,设计字段,P045
sjg_oms,education,teacher_schedule,讲师排课主表,主表,17,priority,优先级,varchar(16),否,'NORMAL',否,否,,P1-内部,,设计字段,P045
sjg_oms,education,teacher_schedule,讲师排课主表,主表,18,risk_level,风险等级,varchar(16),是,,否,否,,P1-内部,,设计字段,P045
sjg_oms,education,teacher_schedule,讲师排课主表,主表,19,owner_center_id,归属中心,uuid,是,,否,否,org.organization.id,P1-内部,,设计字段,P045
sjg_oms,education,teacher_schedule,讲师排课主表,主表,20,owner_department_id,归属部门,uuid,是,,否,否,org.organization.id,P1-内部,,设计字段,P045
sjg_oms,education,teacher_schedule,讲师排课主表,主表,21,owner_employee_id,责任人,uuid,是,,否,否,org.employee.id,P1-内部,,设计字段,P045
sjg_oms,education,teacher_schedule,讲师排课主表,主表,22,planned_start_at,计划开始,timestamptz,是,,否,否,,P1-内部,,设计字段,P045
sjg_oms,education,teacher_schedule,讲师排课主表,主表,23,planned_finish_at,计划完成,timestamptz,是,,否,否,,P1-内部,,设计字段,P045
sjg_oms,education,teacher_schedule,讲师排课主表,主表,24,actual_start_at,实际开始,timestamptz,是,,否,否,,P1-内部,,设计字段,P045
sjg_oms,education,teacher_schedule,讲师排课主表,主表,25,actual_end_at,实际完成,timestamptz,是,,否,否,,P1-内部,,设计字段,P045
sjg_oms,education,teacher_schedule,讲师排课主表,主表,26,result_summary,结果摘要,text,是,,否,否,,P1-内部,,设计字段,P045
sjg_oms,education,teacher_schedule,讲师排课主表,主表,27,closed_at,关闭时间,timestamptz,是,,否,否,,P1-内部,,设计字段,P045
sjg_oms,education,teacher_schedule,讲师排课主表,主表,28,actual_amount,实际金额,"numeric(18,2)",是,,否,否,,P1-内部,,原始流程字段,P045
sjg_oms,education,teacher_schedule,讲师排课主表,主表,29,change_action,操作类型,varchar(64),否,,否,否,,P1-内部,,原始流程字段,P045
sjg_oms,education,teacher_schedule,讲师排课主表,主表,30,change_reason,变更原因,text,否,,否,否,,P1-内部,,原始流程字段,P045
sjg_oms,education,teacher_schedule,讲师排课主表,主表,31,class_location,上课地点,varchar(200),是,,否,否,,P1-内部,,原始流程字段,P045
sjg_oms,education,teacher_schedule,讲师排课主表,主表,32,class_time,上课时间,timestamptz,是,,否,否,,P1-内部,,原始流程字段,P045
sjg_oms,education,teacher_schedule,讲师排课主表,主表,33,course_evaluation,课程评价,"numeric(18,6)",是,,否,否,,P1-内部,,原始流程字段,P045
sjg_oms,education,teacher_schedule,讲师排课主表,主表,34,course_team_name,课程/团队名称,varchar(200),否,,否,否,,P1-内部,,原始流程字段,P045
sjg_oms,education,teacher_schedule,讲师排课主表,主表,35,course_version_id,课程编号/版本,varchar(64),否,,否,否,,P1-内部,,原始流程字段,P045
sjg_oms,education,teacher_schedule,讲师排课主表,主表,36,expected_effective_at,期望生效时间,timestamptz,是,,否,否,,P1-内部,,原始流程字段,P045
sjg_oms,education,teacher_schedule,讲师排课主表,主表,37,known_impact,已知影响,text,是,,否,否,,P1-内部,,原始流程字段,P045
sjg_oms,education,teacher_schedule,讲师排课主表,主表,38,learner_profile,适用年龄/对象,varchar(500),是,,否,否,,P1-内部,,原始流程字段,P045
sjg_oms,education,teacher_schedule,讲师排课主表,主表,39,period_or_course_no,周期/课程编号,varchar(32),否,,否,否,,P1-内部,,原始流程字段,P045
sjg_oms,education,teacher_schedule,讲师排课主表,主表,40,safety_requirements,安全与应急要求,text,是,,否,否,,P1-内部,,原始流程字段,P045
sjg_oms,education,teacher_schedule,讲师排课主表,主表,41,teaching_record,教学/实操记录,text,是,,否,否,,P1-内部,,原始流程字段,P045
sjg_oms,education,teacher_schedule,讲师排课主表,主表,42,team_size,团队人数,bigint,是,,否,否,,P1-内部,,原始流程字段,P045
sjg_oms,education,teacher_schedule_item,讲师排课明细项,子表,1,id,主键ID,uuid,否,gen_random_uuid(),是,否,,P1-内部,,设计字段,P045
sjg_oms,education,teacher_schedule_item,讲师排课明细项,子表,2,tenant_id,租户ID,uuid,否,,否,否,core.tenant.id,P1-内部,所有业务唯一键必须包含tenant_id,设计字段,P045
sjg_oms,education,teacher_schedule_item,讲师排课明细项,子表,3,created_by,创建人,uuid,是,,否,否,org.employee.id,P1-内部,,设计字段,P045
sjg_oms,education,teacher_schedule_item,讲师排课明细项,子表,4,created_at,创建时间,timestamptz,否,now(),否,否,,P1-内部,,设计字段,P045
sjg_oms,education,teacher_schedule_item,讲师排课明细项,子表,5,updated_by,更新人,uuid,是,,否,否,org.employee.id,P1-内部,,设计字段,P045
sjg_oms,education,teacher_schedule_item,讲师排课明细项,子表,6,updated_at,更新时间,timestamptz,否,now(),否,否,,P1-内部,,设计字段,P045
sjg_oms,education,teacher_schedule_item,讲师排课明细项,子表,7,is_deleted,逻辑删除,boolean,否,false,否,否,,P1-内部,,设计字段,P045
sjg_oms,education,teacher_schedule_item,讲师排课明细项,子表,8,deleted_at,删除时间,timestamptz,是,,否,否,,P1-内部,,设计字段,P045
sjg_oms,education,teacher_schedule_item,讲师排课明细项,子表,9,master_id,主表ID,uuid,否,,否,否,education.teacher_schedule.id,P1-内部,,设计字段,P045
sjg_oms,education,teacher_schedule_item,讲师排课明细项,子表,10,field_code,来源字段编码,varchar(128),否,,否,否,,P1-内部,,设计字段,P045
sjg_oms,education,teacher_schedule_item,讲师排课明细项,子表,11,item_seq,明细序号,integer,否,0,否,否,,P1-内部,,设计字段,P045
sjg_oms,education,teacher_schedule_item,讲师排课明细项,子表,12,item_key,明细键,varchar(128),是,,否,否,,P1-内部,,设计字段,P045
sjg_oms,education,teacher_schedule_item,讲师排课明细项,子表,13,item_name,明细名称,varchar(255),是,,否,否,,P1-内部,,设计字段,P045
sjg_oms,education,teacher_schedule_item,讲师排课明细项,子表,14,item_value_text,文本值,text,是,,否,否,,P1-内部,,设计字段,P045
sjg_oms,education,teacher_schedule_item,讲师排课明细项,子表,15,item_value_number,数值,"numeric(24,8)",是,,否,否,,P1-内部,,设计字段,P045
sjg_oms,education,teacher_schedule_item,讲师排课明细项,子表,16,item_value_json,结构化值,jsonb,是,,否,否,,P1-内部,,设计字段,P045
sjg_oms,education,teacher_schedule_item,讲师排课明细项,子表,17,related_object_type,关联对象类型,varchar(128),是,,否,否,,P1-内部,,设计字段,P045
sjg_oms,education,teacher_schedule_item,讲师排课明细项,子表,18,related_object_id,关联对象ID,uuid,是,,否,否,,P1-内部,,设计字段,P045
sjg_oms,education,teacher_schedule_item,讲师排课明细项,子表,19,amount,金额,"numeric(18,2)",是,,否,否,,P1-内部,,设计字段,P045
sjg_oms,education,teacher_schedule_item,讲师排课明细项,子表,20,quantity,数量,"numeric(18,6)",是,,否,否,,P1-内部,,设计字段,P045
sjg_oms,education,teacher_schedule_item,讲师排课明细项,子表,21,sort_no,排序,integer,否,0,否,否,,P1-内部,,设计字段,P045
sjg_oms,entertainment,equipment_fault,演艺设备故障主表,主表,1,id,主键ID,uuid,否,gen_random_uuid(),是,否,,P1-内部,,设计字段,P083
sjg_oms,entertainment,equipment_fault,演艺设备故障主表,主表,2,tenant_id,租户ID,uuid,否,,否,否,core.tenant.id,P1-内部,所有业务唯一键必须包含tenant_id,设计字段,P083
sjg_oms,entertainment,equipment_fault,演艺设备故障主表,主表,3,business_no,业务单号,varchar(64),否,,否,是,,P1-内部,租户内唯一；由core.sequence_rule生成,设计字段,P083
sjg_oms,entertainment,equipment_fault,演艺设备故障主表,主表,4,workflow_instance_id,流程实例ID,uuid,是,,否,否,workflow.wf_instance.id,P1-内部,,设计字段,P083
sjg_oms,entertainment,equipment_fault,演艺设备故障主表,主表,5,status,业务状态,varchar(32),否,'DRAFT',否,否,,P1-内部,仅由状态机合法迁移,设计字段,P083
sjg_oms,entertainment,equipment_fault,演艺设备故障主表,主表,6,version_no,乐观锁版本,integer,否,0,否,否,,P1-内部,更新时version_no+1，冲突则拒绝,设计字段,P083
sjg_oms,entertainment,equipment_fault,演艺设备故障主表,主表,7,created_by,创建人,uuid,是,,否,否,org.employee.id,P1-内部,,设计字段,P083
sjg_oms,entertainment,equipment_fault,演艺设备故障主表,主表,8,created_at,创建时间,timestamptz,否,now(),否,否,,P1-内部,,设计字段,P083
sjg_oms,entertainment,equipment_fault,演艺设备故障主表,主表,9,updated_by,更新人,uuid,是,,否,否,org.employee.id,P1-内部,,设计字段,P083
sjg_oms,entertainment,equipment_fault,演艺设备故障主表,主表,10,updated_at,更新时间,timestamptz,否,now(),否,否,,P1-内部,,设计字段,P083
sjg_oms,entertainment,equipment_fault,演艺设备故障主表,主表,11,is_deleted,逻辑删除,boolean,否,false,否,否,,P1-内部,,设计字段,P083
sjg_oms,entertainment,equipment_fault,演艺设备故障主表,主表,12,deleted_at,删除时间,timestamptz,是,,否,否,,P1-内部,,设计字段,P083
sjg_oms,entertainment,equipment_fault,演艺设备故障主表,主表,13,source_channel,来源渠道,varchar(32),是,,否,否,,P1-内部,,设计字段,P083
sjg_oms,entertainment,equipment_fault,演艺设备故障主表,主表,14,business_date,业务日期,date,是,,否,否,,P1-内部,,设计字段,P083
sjg_oms,entertainment,equipment_fault,演艺设备故障主表,主表,15,subject,主题,varchar(255),是,,否,否,,P1-内部,,设计字段,P083
sjg_oms,entertainment,equipment_fault,演艺设备故障主表,主表,16,reason,原因,text,是,,否,否,,P1-内部,,设计字段,P083
sjg_oms,entertainment,equipment_fault,演艺设备故障主表,主表,17,priority,优先级,varchar(16),否,'NORMAL',否,否,,P1-内部,,设计字段,P083
sjg_oms,entertainment,equipment_fault,演艺设备故障主表,主表,18,risk_level,风险等级,varchar(16),是,,否,否,,P1-内部,,设计字段,P083
sjg_oms,entertainment,equipment_fault,演艺设备故障主表,主表,19,owner_center_id,归属中心,uuid,是,,否,否,org.organization.id,P1-内部,,设计字段,P083
sjg_oms,entertainment,equipment_fault,演艺设备故障主表,主表,20,owner_department_id,归属部门,uuid,是,,否,否,org.organization.id,P1-内部,,设计字段,P083
sjg_oms,entertainment,equipment_fault,演艺设备故障主表,主表,21,owner_employee_id,责任人,uuid,是,,否,否,org.employee.id,P1-内部,,设计字段,P083
sjg_oms,entertainment,equipment_fault,演艺设备故障主表,主表,22,planned_start_at,计划开始,timestamptz,是,,否,否,,P1-内部,,设计字段,P083
sjg_oms,entertainment,equipment_fault,演艺设备故障主表,主表,23,planned_finish_at,计划完成,timestamptz,是,,否,否,,P1-内部,,设计字段,P083
sjg_oms,entertainment,equipment_fault,演艺设备故障主表,主表,24,actual_start_at,实际开始,timestamptz,是,,否,否,,P1-内部,,设计字段,P083
sjg_oms,entertainment,equipment_fault,演艺设备故障主表,主表,25,actual_end_at,实际完成,timestamptz,是,,否,否,,P1-内部,,设计字段,P083
sjg_oms,entertainment,equipment_fault,演艺设备故障主表,主表,26,result_summary,结果摘要,text,是,,否,否,,P1-内部,,设计字段,P083
sjg_oms,entertainment,equipment_fault,演艺设备故障主表,主表,27,closed_at,关闭时间,timestamptz,是,,否,否,,P1-内部,,设计字段,P083
sjg_oms,entertainment,equipment_fault,演艺设备故障主表,主表,28,actual_amount,实际金额,"numeric(18,2)",是,,否,否,,P1-内部,,原始流程字段,P083
sjg_oms,entertainment,equipment_fault,演艺设备故障主表,主表,29,affected_scope,影响范围,text,是,,否,否,,P1-内部,,原始流程字段,P083
sjg_oms,entertainment,equipment_fault,演艺设备故障主表,主表,30,business_interrupted,是否中断业务,boolean,否,,否,否,,P1-内部,,原始流程字段,P083
sjg_oms,entertainment,equipment_fault,演艺设备故障主表,主表,31,diagnosis,诊断结果,text,是,,否,否,,P1-内部,,原始流程字段,P083
sjg_oms,entertainment,equipment_fault,演艺设备故障主表,主表,32,fault_location_env,发生地点/环境,varchar(200),是,,否,否,,P1-内部,,原始流程字段,P083
sjg_oms,entertainment,equipment_fault,演艺设备故障主表,主表,33,fault_object,故障/请求对象,varchar(200),否,,否,否,,P1-内部,,原始流程字段,P083
sjg_oms,entertainment,equipment_fault,演艺设备故障主表,主表,34,fault_symptom,故障现象/服务请求,text,否,,否,否,,P1-内部,,原始流程字段,P083
sjg_oms,entertainment,equipment_fault,演艺设备故障主表,主表,35,incident_patrol_no,事件/巡检编号,varchar(64),否,,否,否,,P1-内部,,原始流程字段,P083
sjg_oms,entertainment,equipment_fault,演艺设备故障主表,主表,36,incident_type,事件类型,varchar(64),否,,否,否,,P1-内部,,原始流程字段,P083
sjg_oms,entertainment,equipment_fault,演艺设备故障主表,主表,37,recovered_at,恢复时间,timestamptz,是,,否,否,,P1-内部,,原始流程字段,P083
sjg_oms,entertainment,equipment_fault,演艺设备故障主表,主表,38,resolution_action,处理措施,text,是,,否,否,,P1-内部,,原始流程字段,P083
sjg_oms,entertainment,equipment_fault,演艺设备故障主表,主表,39,severity,严重度,varchar(64),否,,否,否,,P1-内部,,原始流程字段,P083
sjg_oms,entertainment,equipment_fault_item,演艺设备故障明细项,子表,1,id,主键ID,uuid,否,gen_random_uuid(),是,否,,P1-内部,,设计字段,P083
sjg_oms,entertainment,equipment_fault_item,演艺设备故障明细项,子表,2,tenant_id,租户ID,uuid,否,,否,否,core.tenant.id,P1-内部,所有业务唯一键必须包含tenant_id,设计字段,P083
sjg_oms,entertainment,equipment_fault_item,演艺设备故障明细项,子表,3,created_by,创建人,uuid,是,,否,否,org.employee.id,P1-内部,,设计字段,P083
sjg_oms,entertainment,equipment_fault_item,演艺设备故障明细项,子表,4,created_at,创建时间,timestamptz,否,now(),否,否,,P1-内部,,设计字段,P083
sjg_oms,entertainment,equipment_fault_item,演艺设备故障明细项,子表,5,updated_by,更新人,uuid,是,,否,否,org.employee.id,P1-内部,,设计字段,P083
sjg_oms,entertainment,equipment_fault_item,演艺设备故障明细项,子表,6,updated_at,更新时间,timestamptz,否,now(),否,否,,P1-内部,,设计字段,P083
sjg_oms,entertainment,equipment_fault_item,演艺设备故障明细项,子表,7,is_deleted,逻辑删除,boolean,否,false,否,否,,P1-内部,,设计字段,P083
sjg_oms,entertainment,equipment_fault_item,演艺设备故障明细项,子表,8,deleted_at,删除时间,timestamptz,是,,否,否,,P1-内部,,设计字段,P083
sjg_oms,entertainment,equipment_fault_item,演艺设备故障明细项,子表,9,master_id,主表ID,uuid,否,,否,否,entertainment.equipment_fault.id,P1-内部,,设计字段,P083
sjg_oms,entertainment,equipment_fault_item,演艺设备故障明细项,子表,10,field_code,来源字段编码,varchar(128),否,,否,否,,P1-内部,,设计字段,P083
sjg_oms,entertainment,equipment_fault_item,演艺设备故障明细项,子表,11,item_seq,明细序号,integer,否,0,否,否,,P1-内部,,设计字段,P083
sjg_oms,entertainment,equipment_fault_item,演艺设备故障明细项,子表,12,item_key,明细键,varchar(128),是,,否,否,,P1-内部,,设计字段,P083
sjg_oms,entertainment,equipment_fault_item,演艺设备故障明细项,子表,13,item_name,明细名称,varchar(255),是,,否,否,,P1-内部,,设计字段,P083
sjg_oms,entertainment,equipment_fault_item,演艺设备故障明细项,子表,14,item_value_text,文本值,text,是,,否,否,,P1-内部,,设计字段,P083
sjg_oms,entertainment,equipment_fault_item,演艺设备故障明细项,子表,15,item_value_number,数值,"numeric(24,8)",是,,否,否,,P1-内部,,设计字段,P083
sjg_oms,entertainment,equipment_fault_item,演艺设备故障明细项,子表,16,item_value_json,结构化值,jsonb,是,,否,否,,P1-内部,,设计字段,P083
sjg_oms,entertainment,equipment_fault_item,演艺设备故障明细项,子表,17,related_object_type,关联对象类型,varchar(128),是,,否,否,,P1-内部,,设计字段,P083
sjg_oms,entertainment,equipment_fault_item,演艺设备故障明细项,子表,18,related_object_id,关联对象ID,uuid,是,,否,否,,P1-内部,,设计字段,P083
sjg_oms,entertainment,equipment_fault_item,演艺设备故障明细项,子表,19,amount,金额,"numeric(18,2)",是,,否,否,,P1-内部,,设计字段,P083
sjg_oms,entertainment,equipment_fault_item,演艺设备故障明细项,子表,20,quantity,数量,"numeric(18,6)",是,,否,否,,P1-内部,,设计字段,P083
sjg_oms,entertainment,equipment_fault_item,演艺设备故障明细项,子表,21,sort_no,排序,integer,否,0,否,否,,P1-内部,,设计字段,P083
sjg_oms,entertainment,program,节目主表,主表,1,id,主键ID,uuid,否,gen_random_uuid(),是,否,,P1-内部,,设计字段,P072
sjg_oms,entertainment,program,节目主表,主表,2,tenant_id,租户ID,uuid,否,,否,否,core.tenant.id,P1-内部,所有业务唯一键必须包含tenant_id,设计字段,P072
sjg_oms,entertainment,program,节目主表,主表,3,business_no,业务单号,varchar(64),否,,否,是,,P1-内部,租户内唯一；由core.sequence_rule生成,设计字段,P072
sjg_oms,entertainment,program,节目主表,主表,4,workflow_instance_id,流程实例ID,uuid,是,,否,否,workflow.wf_instance.id,P1-内部,,设计字段,P072
sjg_oms,entertainment,program,节目主表,主表,5,status,业务状态,varchar(32),否,'DRAFT',否,否,,P1-内部,仅由状态机合法迁移,设计字段,P072
sjg_oms,entertainment,program,节目主表,主表,6,version_no,乐观锁版本,integer,否,0,否,否,,P1-内部,更新时version_no+1，冲突则拒绝,设计字段,P072
sjg_oms,entertainment,program,节目主表,主表,7,created_by,创建人,uuid,是,,否,否,org.employee.id,P1-内部,,设计字段,P072
sjg_oms,entertainment,program,节目主表,主表,8,created_at,创建时间,timestamptz,否,now(),否,否,,P1-内部,,设计字段,P072
sjg_oms,entertainment,program,节目主表,主表,9,updated_by,更新人,uuid,是,,否,否,org.employee.id,P1-内部,,设计字段,P072
sjg_oms,entertainment,program,节目主表,主表,10,updated_at,更新时间,timestamptz,否,now(),否,否,,P1-内部,,设计字段,P072
sjg_oms,entertainment,program,节目主表,主表,11,is_deleted,逻辑删除,boolean,否,false,否,否,,P1-内部,,设计字段,P072
sjg_oms,entertainment,program,节目主表,主表,12,deleted_at,删除时间,timestamptz,是,,否,否,,P1-内部,,设计字段,P072
sjg_oms,entertainment,program,节目主表,主表,13,source_channel,来源渠道,varchar(32),是,,否,否,,P1-内部,,设计字段,P072
sjg_oms,entertainment,program,节目主表,主表,14,business_date,业务日期,date,是,,否,否,,P1-内部,,设计字段,P072
sjg_oms,entertainment,program,节目主表,主表,15,subject,主题,varchar(255),是,,否,否,,P1-内部,,设计字段,P072
sjg_oms,entertainment,program,节目主表,主表,16,reason,原因,text,是,,否,否,,P1-内部,,设计字段,P072
sjg_oms,entertainment,program,节目主表,主表,17,priority,优先级,varchar(16),否,'NORMAL',否,否,,P1-内部,,设计字段,P072
sjg_oms,entertainment,program,节目主表,主表,18,risk_level,风险等级,varchar(16),是,,否,否,,P1-内部,,设计字段,P072
sjg_oms,entertainment,program,节目主表,主表,19,owner_center_id,归属中心,uuid,是,,否,否,org.organization.id,P1-内部,,设计字段,P072
sjg_oms,entertainment,program,节目主表,主表,20,owner_department_id,归属部门,uuid,是,,否,否,org.organization.id,P1-内部,,设计字段,P072
sjg_oms,entertainment,program,节目主表,主表,21,owner_employee_id,责任人,uuid,是,,否,否,org.employee.id,P1-内部,,设计字段,P072
sjg_oms,entertainment,program,节目主表,主表,22,planned_start_at,计划开始,timestamptz,是,,否,否,,P1-内部,,设计字段,P072
sjg_oms,entertainment,program,节目主表,主表,23,planned_finish_at,计划完成,timestamptz,是,,否,否,,P1-内部,,设计字段,P072
sjg_oms,entertainment,program,节目主表,主表,24,actual_start_at,实际开始,timestamptz,是,,否,否,,P1-内部,,设计字段,P072
sjg_oms,entertainment,program,节目主表,主表,25,actual_end_at,实际完成,timestamptz,是,,否,否,,P1-内部,,设计字段,P072
sjg_oms,entertainment,program,节目主表,主表,26,result_summary,结果摘要,text,是,,否,否,,P1-内部,,设计字段,P072
sjg_oms,entertainment,program,节目主表,主表,27,closed_at,关闭时间,timestamptz,是,,否,否,,P1-内部,,设计字段,P072
sjg_oms,entertainment,program,节目主表,主表,28,actual_amount,实际金额,"numeric(18,2)",是,,否,否,,P1-内部,,原始流程字段,P072
sjg_oms,entertainment,program,节目主表,主表,29,audience_summary,观众/客流摘要,text,是,,否,否,,P1-内部,,原始流程字段,P072
sjg_oms,entertainment,program,节目主表,主表,30,pre_show_check,场前检查结果,varchar(64),是,,否,否,,P1-内部,,原始流程字段,P072
sjg_oms,entertainment,program,节目主表,主表,31,program_version_id,节目编号/版本,varchar(64),否,,否,否,,P1-内部,,原始流程字段,P072
sjg_oms,entertainment,program,节目主表,主表,32,role_position,角色/岗位,varchar(100),是,,否,否,,P1-内部,,原始流程字段,P072
sjg_oms,entertainment,program,节目主表,主表,33,show_result,演出结果,varchar(64),是,,否,否,,P1-内部,,原始流程字段,P072
sjg_oms,entertainment,program,节目主表,主表,34,show_session_no,场次编号,varchar(64),是,,否,否,,P1-内部,,原始流程字段,P072
sjg_oms,entertainment,program,节目主表,主表,35,show_time,演出日期时间,timestamptz,是,,否,否,,P1-内部,,原始流程字段,P072
sjg_oms,entertainment,program,节目主表,主表,36,show_venue_id,演出场地,varchar(64),是,,否,否,,P1-内部,,原始流程字段,P072
sjg_oms,entertainment,show_session,演出场次主表,主表,1,id,主键ID,uuid,否,gen_random_uuid(),是,否,,P1-内部,,设计字段,P073
sjg_oms,entertainment,show_session,演出场次主表,主表,2,tenant_id,租户ID,uuid,否,,否,否,core.tenant.id,P1-内部,所有业务唯一键必须包含tenant_id,设计字段,P073
sjg_oms,entertainment,show_session,演出场次主表,主表,3,business_no,业务单号,varchar(64),否,,否,是,,P1-内部,租户内唯一；由core.sequence_rule生成,设计字段,P073
sjg_oms,entertainment,show_session,演出场次主表,主表,4,workflow_instance_id,流程实例ID,uuid,是,,否,否,workflow.wf_instance.id,P1-内部,,设计字段,P073
sjg_oms,entertainment,show_session,演出场次主表,主表,5,status,业务状态,varchar(32),否,'DRAFT',否,否,,P1-内部,仅由状态机合法迁移,设计字段,P073
sjg_oms,entertainment,show_session,演出场次主表,主表,6,version_no,乐观锁版本,integer,否,0,否,否,,P1-内部,更新时version_no+1，冲突则拒绝,设计字段,P073
sjg_oms,entertainment,show_session,演出场次主表,主表,7,created_by,创建人,uuid,是,,否,否,org.employee.id,P1-内部,,设计字段,P073
sjg_oms,entertainment,show_session,演出场次主表,主表,8,created_at,创建时间,timestamptz,否,now(),否,否,,P1-内部,,设计字段,P073
sjg_oms,entertainment,show_session,演出场次主表,主表,9,updated_by,更新人,uuid,是,,否,否,org.employee.id,P1-内部,,设计字段,P073
sjg_oms,entertainment,show_session,演出场次主表,主表,10,updated_at,更新时间,timestamptz,否,now(),否,否,,P1-内部,,设计字段,P073
sjg_oms,entertainment,show_session,演出场次主表,主表,11,is_deleted,逻辑删除,boolean,否,false,否,否,,P1-内部,,设计字段,P073
sjg_oms,entertainment,show_session,演出场次主表,主表,12,deleted_at,删除时间,timestamptz,是,,否,否,,P1-内部,,设计字段,P073
sjg_oms,entertainment,show_session,演出场次主表,主表,13,source_channel,来源渠道,varchar(32),是,,否,否,,P1-内部,,设计字段,P073
sjg_oms,entertainment,show_session,演出场次主表,主表,14,business_date,业务日期,date,是,,否,否,,P1-内部,,设计字段,P073
sjg_oms,entertainment,show_session,演出场次主表,主表,15,subject,主题,varchar(255),是,,否,否,,P1-内部,,设计字段,P073
sjg_oms,entertainment,show_session,演出场次主表,主表,16,reason,原因,text,是,,否,否,,P1-内部,,设计字段,P073
sjg_oms,entertainment,show_session,演出场次主表,主表,17,priority,优先级,varchar(16),否,'NORMAL',否,否,,P1-内部,,设计字段,P073
sjg_oms,entertainment,show_session,演出场次主表,主表,18,risk_level,风险等级,varchar(16),是,,否,否,,P1-内部,,设计字段,P073
sjg_oms,entertainment,show_session,演出场次主表,主表,19,owner_center_id,归属中心,uuid,是,,否,否,org.organization.id,P1-内部,,设计字段,P073
sjg_oms,entertainment,show_session,演出场次主表,主表,20,owner_department_id,归属部门,uuid,是,,否,否,org.organization.id,P1-内部,,设计字段,P073
sjg_oms,entertainment,show_session,演出场次主表,主表,21,owner_employee_id,责任人,uuid,是,,否,否,org.employee.id,P1-内部,,设计字段,P073
sjg_oms,entertainment,show_session,演出场次主表,主表,22,planned_start_at,计划开始,timestamptz,是,,否,否,,P1-内部,,设计字段,P073
sjg_oms,entertainment,show_session,演出场次主表,主表,23,planned_finish_at,计划完成,timestamptz,是,,否,否,,P1-内部,,设计字段,P073
sjg_oms,entertainment,show_session,演出场次主表,主表,24,actual_start_at,实际开始,timestamptz,是,,否,否,,P1-内部,,设计字段,P073
sjg_oms,entertainment,show_session,演出场次主表,主表,25,actual_end_at,实际完成,timestamptz,是,,否,否,,P1-内部,,设计字段,P073
sjg_oms,entertainment,show_session,演出场次主表,主表,26,result_summary,结果摘要,text,是,,否,否,,P1-内部,,设计字段,P073
sjg_oms,entertainment,show_session,演出场次主表,主表,27,closed_at,关闭时间,timestamptz,是,,否,否,,P1-内部,,设计字段,P073
sjg_oms,entertainment,show_session,演出场次主表,主表,28,actual_amount,实际金额,"numeric(18,2)",是,,否,否,,P1-内部,,原始流程字段,P073
sjg_oms,entertainment,show_session,演出场次主表,主表,29,attendance_type,假勤类型,varchar(64),否,,否,否,,P1-内部,,原始流程字段,P073
sjg_oms,entertainment,show_session,演出场次主表,主表,30,audience_summary,观众/客流摘要,text,是,,否,否,,P1-内部,,原始流程字段,P073
sjg_oms,entertainment,show_session,演出场次主表,主表,31,change_action,操作类型,varchar(64),否,,否,否,,P1-内部,,原始流程字段,P073
sjg_oms,entertainment,show_session,演出场次主表,主表,32,change_reason,变更原因,text,否,,否,否,,P1-内部,,原始流程字段,P073
sjg_oms,entertainment,show_session,演出场次主表,主表,33,expected_effective_at,期望生效时间,timestamptz,是,,否,否,,P1-内部,,原始流程字段,P073
sjg_oms,entertainment,show_session,演出场次主表,主表,34,known_impact,已知影响,text,是,,否,否,,P1-内部,,原始流程字段,P073
sjg_oms,entertainment,show_session,演出场次主表,主表,35,pre_show_check,场前检查结果,varchar(64),是,,否,否,,P1-内部,,原始流程字段,P073
sjg_oms,entertainment,show_session,演出场次主表,主表,36,program_version_id,节目编号/版本,varchar(64),否,,否,否,,P1-内部,,原始流程字段,P073
sjg_oms,entertainment,show_session,演出场次主表,主表,37,role_position,角色/岗位,varchar(100),是,,否,否,,P1-内部,,原始流程字段,P073
sjg_oms,entertainment,show_session,演出场次主表,主表,38,show_result,演出结果,varchar(64),是,,否,否,,P1-内部,,原始流程字段,P073
sjg_oms,entertainment,show_session,演出场次主表,主表,39,show_session_no,场次编号,varchar(64),是,,否,否,,P1-内部,,原始流程字段,P073
sjg_oms,entertainment,show_session,演出场次主表,主表,40,show_time,演出日期时间,timestamptz,是,,否,否,,P1-内部,,原始流程字段,P073
sjg_oms,entertainment,show_session,演出场次主表,主表,41,show_venue_id,演出场地,varchar(64),是,,否,否,,P1-内部,,原始流程字段,P073
sjg_oms,entertainment,show_session,演出场次主表,主表,42,start_at,开始时间,timestamptz,否,,否,否,,P1-内部,,原始流程字段,P073
sjg_oms,entertainment,show_session_item,演出场次明细项,子表,1,id,主键ID,uuid,否,gen_random_uuid(),是,否,,P1-内部,,设计字段,P073
sjg_oms,entertainment,show_session_item,演出场次明细项,子表,2,tenant_id,租户ID,uuid,否,,否,否,core.tenant.id,P1-内部,所有业务唯一键必须包含tenant_id,设计字段,P073
sjg_oms,entertainment,show_session_item,演出场次明细项,子表,3,created_by,创建人,uuid,是,,否,否,org.employee.id,P1-内部,,设计字段,P073
sjg_oms,entertainment,show_session_item,演出场次明细项,子表,4,created_at,创建时间,timestamptz,否,now(),否,否,,P1-内部,,设计字段,P073
sjg_oms,entertainment,show_session_item,演出场次明细项,子表,5,updated_by,更新人,uuid,是,,否,否,org.employee.id,P1-内部,,设计字段,P073
sjg_oms,entertainment,show_session_item,演出场次明细项,子表,6,updated_at,更新时间,timestamptz,否,now(),否,否,,P1-内部,,设计字段,P073
sjg_oms,entertainment,show_session_item,演出场次明细项,子表,7,is_deleted,逻辑删除,boolean,否,false,否,否,,P1-内部,,设计字段,P073
sjg_oms,entertainment,show_session_item,演出场次明细项,子表,8,deleted_at,删除时间,timestamptz,是,,否,否,,P1-内部,,设计字段,P073
sjg_oms,entertainment,show_session_item,演出场次明细项,子表,9,master_id,主表ID,uuid,否,,否,否,entertainment.show_session.id,P1-内部,,设计字段,P073
sjg_oms,entertainment,show_session_item,演出场次明细项,子表,10,field_code,来源字段编码,varchar(128),否,,否,否,,P1-内部,,设计字段,P073
sjg_oms,entertainment,show_session_item,演出场次明细项,子表,11,item_seq,明细序号,integer,否,0,否,否,,P1-内部,,设计字段,P073
sjg_oms,entertainment,show_session_item,演出场次明细项,子表,12,item_key,明细键,varchar(128),是,,否,否,,P1-内部,,设计字段,P073
sjg_oms,entertainment,show_session_item,演出场次明细项,子表,13,item_name,明细名称,varchar(255),是,,否,否,,P1-内部,,设计字段,P073
sjg_oms,entertainment,show_session_item,演出场次明细项,子表,14,item_value_text,文本值,text,是,,否,否,,P1-内部,,设计字段,P073
sjg_oms,entertainment,show_session_item,演出场次明细项,子表,15,item_value_number,数值,"numeric(24,8)",是,,否,否,,P1-内部,,设计字段,P073
sjg_oms,entertainment,show_session_item,演出场次明细项,子表,16,item_value_json,结构化值,jsonb,是,,否,否,,P1-内部,,设计字段,P073
sjg_oms,entertainment,show_session_item,演出场次明细项,子表,17,related_object_type,关联对象类型,varchar(128),是,,否,否,,P1-内部,,设计字段,P073
sjg_oms,entertainment,show_session_item,演出场次明细项,子表,18,related_object_id,关联对象ID,uuid,是,,否,否,,P1-内部,,设计字段,P073
sjg_oms,entertainment,show_session_item,演出场次明细项,子表,19,amount,金额,"numeric(18,2)",是,,否,否,,P1-内部,,设计字段,P073
sjg_oms,entertainment,show_session_item,演出场次明细项,子表,20,quantity,数量,"numeric(18,6)",是,,否,否,,P1-内部,,设计字段,P073
sjg_oms,entertainment,show_session_item,演出场次明细项,子表,21,sort_no,排序,integer,否,0,否,否,,P1-内部,,设计字段,P073
sjg_oms,entertainment,staff_shortage,演出缺员事件主表,主表,1,id,主键ID,uuid,否,gen_random_uuid(),是,否,,P1-内部,,设计字段,P074
sjg_oms,entertainment,staff_shortage,演出缺员事件主表,主表,2,tenant_id,租户ID,uuid,否,,否,否,core.tenant.id,P1-内部,所有业务唯一键必须包含tenant_id,设计字段,P074
sjg_oms,entertainment,staff_shortage,演出缺员事件主表,主表,3,business_no,业务单号,varchar(64),否,,否,是,,P1-内部,租户内唯一；由core.sequence_rule生成,设计字段,P074
sjg_oms,entertainment,staff_shortage,演出缺员事件主表,主表,4,workflow_instance_id,流程实例ID,uuid,是,,否,否,workflow.wf_instance.id,P1-内部,,设计字段,P074
sjg_oms,entertainment,staff_shortage,演出缺员事件主表,主表,5,status,业务状态,varchar(32),否,'DRAFT',否,否,,P1-内部,仅由状态机合法迁移,设计字段,P074
sjg_oms,entertainment,staff_shortage,演出缺员事件主表,主表,6,version_no,乐观锁版本,integer,否,0,否,否,,P1-内部,更新时version_no+1，冲突则拒绝,设计字段,P074
sjg_oms,entertainment,staff_shortage,演出缺员事件主表,主表,7,created_by,创建人,uuid,是,,否,否,org.employee.id,P1-内部,,设计字段,P074
sjg_oms,entertainment,staff_shortage,演出缺员事件主表,主表,8,created_at,创建时间,timestamptz,否,now(),否,否,,P1-内部,,设计字段,P074
sjg_oms,entertainment,staff_shortage,演出缺员事件主表,主表,9,updated_by,更新人,uuid,是,,否,否,org.employee.id,P1-内部,,设计字段,P074
sjg_oms,entertainment,staff_shortage,演出缺员事件主表,主表,10,updated_at,更新时间,timestamptz,否,now(),否,否,,P1-内部,,设计字段,P074
sjg_oms,entertainment,staff_shortage,演出缺员事件主表,主表,11,is_deleted,逻辑删除,boolean,否,false,否,否,,P1-内部,,设计字段,P074
sjg_oms,entertainment,staff_shortage,演出缺员事件主表,主表,12,deleted_at,删除时间,timestamptz,是,,否,否,,P1-内部,,设计字段,P074
sjg_oms,entertainment,staff_shortage,演出缺员事件主表,主表,13,source_channel,来源渠道,varchar(32),是,,否,否,,P1-内部,,设计字段,P074
sjg_oms,entertainment,staff_shortage,演出缺员事件主表,主表,14,business_date,业务日期,date,是,,否,否,,P1-内部,,设计字段,P074
sjg_oms,entertainment,staff_shortage,演出缺员事件主表,主表,15,subject,主题,varchar(255),是,,否,否,,P1-内部,,设计字段,P074
sjg_oms,entertainment,staff_shortage,演出缺员事件主表,主表,16,reason,原因,text,是,,否,否,,P1-内部,,设计字段,P074
sjg_oms,entertainment,staff_shortage,演出缺员事件主表,主表,17,priority,优先级,varchar(16),否,'NORMAL',否,否,,P1-内部,,设计字段,P074
sjg_oms,entertainment,staff_shortage,演出缺员事件主表,主表,18,risk_level,风险等级,varchar(16),是,,否,否,,P1-内部,,设计字段,P074
sjg_oms,entertainment,staff_shortage,演出缺员事件主表,主表,19,owner_center_id,归属中心,uuid,是,,否,否,org.organization.id,P1-内部,,设计字段,P074
sjg_oms,entertainment,staff_shortage,演出缺员事件主表,主表,20,owner_department_id,归属部门,uuid,是,,否,否,org.organization.id,P1-内部,,设计字段,P074
sjg_oms,entertainment,staff_shortage,演出缺员事件主表,主表,21,owner_employee_id,责任人,uuid,是,,否,否,org.employee.id,P1-内部,,设计字段,P074
sjg_oms,entertainment,staff_shortage,演出缺员事件主表,主表,22,planned_start_at,计划开始,timestamptz,是,,否,否,,P1-内部,,设计字段,P074
sjg_oms,entertainment,staff_shortage,演出缺员事件主表,主表,23,planned_finish_at,计划完成,timestamptz,是,,否,否,,P1-内部,,设计字段,P074
sjg_oms,entertainment,staff_shortage,演出缺员事件主表,主表,24,actual_start_at,实际开始,timestamptz,是,,否,否,,P1-内部,,设计字段,P074
sjg_oms,entertainment,staff_shortage,演出缺员事件主表,主表,25,actual_end_at,实际完成,timestamptz,是,,否,否,,P1-内部,,设计字段,P074
sjg_oms,entertainment,staff_shortage,演出缺员事件主表,主表,26,result_summary,结果摘要,text,是,,否,否,,P1-内部,,设计字段,P074
sjg_oms,entertainment,staff_shortage,演出缺员事件主表,主表,27,closed_at,关闭时间,timestamptz,是,,否,否,,P1-内部,,设计字段,P074
sjg_oms,entertainment,staff_shortage,演出缺员事件主表,主表,28,actual_amount,实际金额,"numeric(18,2)",是,,否,否,,P1-内部,,原始流程字段,P074
sjg_oms,entertainment,staff_shortage,演出缺员事件主表,主表,29,attendance_type,假勤类型,varchar(64),否,,否,否,,P1-内部,,原始流程字段,P074
sjg_oms,entertainment,staff_shortage,演出缺员事件主表,主表,30,audience_summary,观众/客流摘要,text,是,,否,否,,P1-内部,,原始流程字段,P074
sjg_oms,entertainment,staff_shortage,演出缺员事件主表,主表,31,change_action,操作类型,varchar(64),否,,否,否,,P1-内部,,原始流程字段,P074
sjg_oms,entertainment,staff_shortage,演出缺员事件主表,主表,32,change_reason,变更原因,text,否,,否,否,,P1-内部,,原始流程字段,P074
sjg_oms,entertainment,staff_shortage,演出缺员事件主表,主表,33,expected_effective_at,期望生效时间,timestamptz,是,,否,否,,P1-内部,,原始流程字段,P074
sjg_oms,entertainment,staff_shortage,演出缺员事件主表,主表,34,known_impact,已知影响,text,是,,否,否,,P1-内部,,原始流程字段,P074
sjg_oms,entertainment,staff_shortage,演出缺员事件主表,主表,35,pre_show_check,场前检查结果,varchar(64),是,,否,否,,P1-内部,,原始流程字段,P074
sjg_oms,entertainment,staff_shortage,演出缺员事件主表,主表,36,program_version_id,节目编号/版本,varchar(64),否,,否,否,,P1-内部,,原始流程字段,P074
sjg_oms,entertainment,staff_shortage,演出缺员事件主表,主表,37,role_position,角色/岗位,varchar(100),是,,否,否,,P1-内部,,原始流程字段,P074
sjg_oms,entertainment,staff_shortage,演出缺员事件主表,主表,38,show_result,演出结果,varchar(64),是,,否,否,,P1-内部,,原始流程字段,P074
sjg_oms,entertainment,staff_shortage,演出缺员事件主表,主表,39,show_session_no,场次编号,varchar(64),是,,否,否,,P1-内部,,原始流程字段,P074
sjg_oms,entertainment,staff_shortage,演出缺员事件主表,主表,40,show_time,演出日期时间,timestamptz,是,,否,否,,P1-内部,,原始流程字段,P074
sjg_oms,entertainment,staff_shortage,演出缺员事件主表,主表,41,show_venue_id,演出场地,varchar(64),是,,否,否,,P1-内部,,原始流程字段,P074
sjg_oms,entertainment,staff_shortage,演出缺员事件主表,主表,42,start_at,开始时间,timestamptz,否,,否,否,,P1-内部,,原始流程字段,P074
sjg_oms,entertainment,staff_shortage_item,演出缺员事件明细项,子表,1,id,主键ID,uuid,否,gen_random_uuid(),是,否,,P1-内部,,设计字段,P074
sjg_oms,entertainment,staff_shortage_item,演出缺员事件明细项,子表,2,tenant_id,租户ID,uuid,否,,否,否,core.tenant.id,P1-内部,所有业务唯一键必须包含tenant_id,设计字段,P074
sjg_oms,entertainment,staff_shortage_item,演出缺员事件明细项,子表,3,created_by,创建人,uuid,是,,否,否,org.employee.id,P1-内部,,设计字段,P074
sjg_oms,entertainment,staff_shortage_item,演出缺员事件明细项,子表,4,created_at,创建时间,timestamptz,否,now(),否,否,,P1-内部,,设计字段,P074
sjg_oms,entertainment,staff_shortage_item,演出缺员事件明细项,子表,5,updated_by,更新人,uuid,是,,否,否,org.employee.id,P1-内部,,设计字段,P074
sjg_oms,entertainment,staff_shortage_item,演出缺员事件明细项,子表,6,updated_at,更新时间,timestamptz,否,now(),否,否,,P1-内部,,设计字段,P074
sjg_oms,entertainment,staff_shortage_item,演出缺员事件明细项,子表,7,is_deleted,逻辑删除,boolean,否,false,否,否,,P1-内部,,设计字段,P074
sjg_oms,entertainment,staff_shortage_item,演出缺员事件明细项,子表,8,deleted_at,删除时间,timestamptz,是,,否,否,,P1-内部,,设计字段,P074
sjg_oms,entertainment,staff_shortage_item,演出缺员事件明细项,子表,9,master_id,主表ID,uuid,否,,否,否,entertainment.staff_shortage.id,P1-内部,,设计字段,P074
sjg_oms,entertainment,staff_shortage_item,演出缺员事件明细项,子表,10,field_code,来源字段编码,varchar(128),否,,否,否,,P1-内部,,设计字段,P074
sjg_oms,entertainment,staff_shortage_item,演出缺员事件明细项,子表,11,item_seq,明细序号,integer,否,0,否,否,,P1-内部,,设计字段,P074
sjg_oms,entertainment,staff_shortage_item,演出缺员事件明细项,子表,12,item_key,明细键,varchar(128),是,,否,否,,P1-内部,,设计字段,P074
sjg_oms,entertainment,staff_shortage_item,演出缺员事件明细项,子表,13,item_name,明细名称,varchar(255),是,,否,否,,P1-内部,,设计字段,P074
sjg_oms,entertainment,staff_shortage_item,演出缺员事件明细项,子表,14,item_value_text,文本值,text,是,,否,否,,P1-内部,,设计字段,P074
sjg_oms,entertainment,staff_shortage_item,演出缺员事件明细项,子表,15,item_value_number,数值,"numeric(24,8)",是,,否,否,,P1-内部,,设计字段,P074
sjg_oms,entertainment,staff_shortage_item,演出缺员事件明细项,子表,16,item_value_json,结构化值,jsonb,是,,否,否,,P1-内部,,设计字段,P074
sjg_oms,entertainment,staff_shortage_item,演出缺员事件明细项,子表,17,related_object_type,关联对象类型,varchar(128),是,,否,否,,P1-内部,,设计字段,P074
sjg_oms,entertainment,staff_shortage_item,演出缺员事件明细项,子表,18,related_object_id,关联对象ID,uuid,是,,否,否,,P1-内部,,设计字段,P074
sjg_oms,entertainment,staff_shortage_item,演出缺员事件明细项,子表,19,amount,金额,"numeric(18,2)",是,,否,否,,P1-内部,,设计字段,P074
sjg_oms,entertainment,staff_shortage_item,演出缺员事件明细项,子表,20,quantity,数量,"numeric(18,6)",是,,否,否,,P1-内部,,设计字段,P074
sjg_oms,entertainment,staff_shortage_item,演出缺员事件明细项,子表,21,sort_no,排序,integer,否,0,否,否,,P1-内部,,设计字段,P074
sjg_oms,entertainment,suspension_advice,停演技术建议主表,主表,1,id,主键ID,uuid,否,gen_random_uuid(),是,否,,P1-内部,,设计字段,P084
sjg_oms,entertainment,suspension_advice,停演技术建议主表,主表,2,tenant_id,租户ID,uuid,否,,否,否,core.tenant.id,P1-内部,所有业务唯一键必须包含tenant_id,设计字段,P084
sjg_oms,entertainment,suspension_advice,停演技术建议主表,主表,3,business_no,业务单号,varchar(64),否,,否,是,,P1-内部,租户内唯一；由core.sequence_rule生成,设计字段,P084
sjg_oms,entertainment,suspension_advice,停演技术建议主表,主表,4,workflow_instance_id,流程实例ID,uuid,是,,否,否,workflow.wf_instance.id,P1-内部,,设计字段,P084
sjg_oms,entertainment,suspension_advice,停演技术建议主表,主表,5,status,业务状态,varchar(32),否,'DRAFT',否,否,,P1-内部,仅由状态机合法迁移,设计字段,P084
sjg_oms,entertainment,suspension_advice,停演技术建议主表,主表,6,version_no,乐观锁版本,integer,否,0,否,否,,P1-内部,更新时version_no+1，冲突则拒绝,设计字段,P084
sjg_oms,entertainment,suspension_advice,停演技术建议主表,主表,7,created_by,创建人,uuid,是,,否,否,org.employee.id,P1-内部,,设计字段,P084
sjg_oms,entertainment,suspension_advice,停演技术建议主表,主表,8,created_at,创建时间,timestamptz,否,now(),否,否,,P1-内部,,设计字段,P084
sjg_oms,entertainment,suspension_advice,停演技术建议主表,主表,9,updated_by,更新人,uuid,是,,否,否,org.employee.id,P1-内部,,设计字段,P084
sjg_oms,entertainment,suspension_advice,停演技术建议主表,主表,10,updated_at,更新时间,timestamptz,否,now(),否,否,,P1-内部,,设计字段,P084
sjg_oms,entertainment,suspension_advice,停演技术建议主表,主表,11,is_deleted,逻辑删除,boolean,否,false,否,否,,P1-内部,,设计字段,P084
sjg_oms,entertainment,suspension_advice,停演技术建议主表,主表,12,deleted_at,删除时间,timestamptz,是,,否,否,,P1-内部,,设计字段,P084
sjg_oms,entertainment,suspension_advice,停演技术建议主表,主表,13,source_channel,来源渠道,varchar(32),是,,否,否,,P1-内部,,设计字段,P084
sjg_oms,entertainment,suspension_advice,停演技术建议主表,主表,14,business_date,业务日期,date,是,,否,否,,P1-内部,,设计字段,P084
sjg_oms,entertainment,suspension_advice,停演技术建议主表,主表,15,subject,主题,varchar(255),是,,否,否,,P1-内部,,设计字段,P084
sjg_oms,entertainment,suspension_advice,停演技术建议主表,主表,16,reason,原因,text,是,,否,否,,P1-内部,,设计字段,P084
sjg_oms,entertainment,suspension_advice,停演技术建议主表,主表,17,priority,优先级,varchar(16),否,'NORMAL',否,否,,P1-内部,,设计字段,P084
sjg_oms,entertainment,suspension_advice,停演技术建议主表,主表,18,risk_level,风险等级,varchar(16),是,,否,否,,P1-内部,,设计字段,P084
sjg_oms,entertainment,suspension_advice,停演技术建议主表,主表,19,owner_center_id,归属中心,uuid,是,,否,否,org.organization.id,P1-内部,,设计字段,P084
sjg_oms,entertainment,suspension_advice,停演技术建议主表,主表,20,owner_department_id,归属部门,uuid,是,,否,否,org.organization.id,P1-内部,,设计字段,P084
sjg_oms,entertainment,suspension_advice,停演技术建议主表,主表,21,owner_employee_id,责任人,uuid,是,,否,否,org.employee.id,P1-内部,,设计字段,P084
sjg_oms,entertainment,suspension_advice,停演技术建议主表,主表,22,planned_start_at,计划开始,timestamptz,是,,否,否,,P1-内部,,设计字段,P084
sjg_oms,entertainment,suspension_advice,停演技术建议主表,主表,23,planned_finish_at,计划完成,timestamptz,是,,否,否,,P1-内部,,设计字段,P084
sjg_oms,entertainment,suspension_advice,停演技术建议主表,主表,24,actual_start_at,实际开始,timestamptz,是,,否,否,,P1-内部,,设计字段,P084
sjg_oms,entertainment,suspension_advice,停演技术建议主表,主表,25,actual_end_at,实际完成,timestamptz,是,,否,否,,P1-内部,,设计字段,P084
sjg_oms,entertainment,suspension_advice,停演技术建议主表,主表,26,result_summary,结果摘要,text,是,,否,否,,P1-内部,,设计字段,P084
sjg_oms,entertainment,suspension_advice,停演技术建议主表,主表,27,closed_at,关闭时间,timestamptz,是,,否,否,,P1-内部,,设计字段,P084
sjg_oms,entertainment,suspension_advice,停演技术建议主表,主表,28,actual_amount,实际金额,"numeric(18,2)",是,,否,否,,P1-内部,,原始流程字段,P084
sjg_oms,entertainment,suspension_advice,停演技术建议主表,主表,29,audience_summary,观众/客流摘要,text,是,,否,否,,P1-内部,,原始流程字段,P084
sjg_oms,entertainment,suspension_advice,停演技术建议主表,主表,30,fault_location_env,发生地点/环境,varchar(200),是,,否,否,,P1-内部,,原始流程字段,P084
sjg_oms,entertainment,suspension_advice,停演技术建议主表,主表,31,fault_object,故障/请求对象,varchar(200),否,,否,否,,P1-内部,,原始流程字段,P084
sjg_oms,entertainment,suspension_advice,停演技术建议主表,主表,32,pre_show_check,场前检查结果,varchar(64),是,,否,否,,P1-内部,,原始流程字段,P084
sjg_oms,entertainment,suspension_advice,停演技术建议主表,主表,33,program_version_id,节目编号/版本,varchar(64),否,,否,否,,P1-内部,,原始流程字段,P084
sjg_oms,entertainment,suspension_advice,停演技术建议主表,主表,34,role_position,角色/岗位,varchar(100),是,,否,否,,P1-内部,,原始流程字段,P084
sjg_oms,entertainment,suspension_advice,停演技术建议主表,主表,35,show_result,演出结果,varchar(64),是,,否,否,,P1-内部,,原始流程字段,P084
sjg_oms,entertainment,suspension_advice,停演技术建议主表,主表,36,show_session_no,场次编号,varchar(64),是,,否,否,,P1-内部,,原始流程字段,P084
sjg_oms,entertainment,suspension_advice,停演技术建议主表,主表,37,show_time,演出日期时间,timestamptz,是,,否,否,,P1-内部,,原始流程字段,P084
sjg_oms,entertainment,suspension_advice,停演技术建议主表,主表,38,show_venue_id,演出场地,varchar(64),是,,否,否,,P1-内部,,原始流程字段,P084
sjg_oms,entertainment,suspension_decision,停演决策主表,主表,1,id,主键ID,uuid,否,gen_random_uuid(),是,否,,P1-内部,,设计字段,P075
sjg_oms,entertainment,suspension_decision,停演决策主表,主表,2,tenant_id,租户ID,uuid,否,,否,否,core.tenant.id,P1-内部,所有业务唯一键必须包含tenant_id,设计字段,P075
sjg_oms,entertainment,suspension_decision,停演决策主表,主表,3,business_no,业务单号,varchar(64),否,,否,是,,P1-内部,租户内唯一；由core.sequence_rule生成,设计字段,P075
sjg_oms,entertainment,suspension_decision,停演决策主表,主表,4,workflow_instance_id,流程实例ID,uuid,是,,否,否,workflow.wf_instance.id,P1-内部,,设计字段,P075
sjg_oms,entertainment,suspension_decision,停演决策主表,主表,5,status,业务状态,varchar(32),否,'DRAFT',否,否,,P1-内部,仅由状态机合法迁移,设计字段,P075
sjg_oms,entertainment,suspension_decision,停演决策主表,主表,6,version_no,乐观锁版本,integer,否,0,否,否,,P1-内部,更新时version_no+1，冲突则拒绝,设计字段,P075
sjg_oms,entertainment,suspension_decision,停演决策主表,主表,7,created_by,创建人,uuid,是,,否,否,org.employee.id,P1-内部,,设计字段,P075
sjg_oms,entertainment,suspension_decision,停演决策主表,主表,8,created_at,创建时间,timestamptz,否,now(),否,否,,P1-内部,,设计字段,P075
sjg_oms,entertainment,suspension_decision,停演决策主表,主表,9,updated_by,更新人,uuid,是,,否,否,org.employee.id,P1-内部,,设计字段,P075
sjg_oms,entertainment,suspension_decision,停演决策主表,主表,10,updated_at,更新时间,timestamptz,否,now(),否,否,,P1-内部,,设计字段,P075
sjg_oms,entertainment,suspension_decision,停演决策主表,主表,11,is_deleted,逻辑删除,boolean,否,false,否,否,,P1-内部,,设计字段,P075
sjg_oms,entertainment,suspension_decision,停演决策主表,主表,12,deleted_at,删除时间,timestamptz,是,,否,否,,P1-内部,,设计字段,P075
sjg_oms,entertainment,suspension_decision,停演决策主表,主表,13,source_channel,来源渠道,varchar(32),是,,否,否,,P1-内部,,设计字段,P075
sjg_oms,entertainment,suspension_decision,停演决策主表,主表,14,business_date,业务日期,date,是,,否,否,,P1-内部,,设计字段,P075
sjg_oms,entertainment,suspension_decision,停演决策主表,主表,15,subject,主题,varchar(255),是,,否,否,,P1-内部,,设计字段,P075
sjg_oms,entertainment,suspension_decision,停演决策主表,主表,16,reason,原因,text,是,,否,否,,P1-内部,,设计字段,P075
sjg_oms,entertainment,suspension_decision,停演决策主表,主表,17,priority,优先级,varchar(16),否,'NORMAL',否,否,,P1-内部,,设计字段,P075
sjg_oms,entertainment,suspension_decision,停演决策主表,主表,18,risk_level,风险等级,varchar(16),是,,否,否,,P1-内部,,设计字段,P075
sjg_oms,entertainment,suspension_decision,停演决策主表,主表,19,owner_center_id,归属中心,uuid,是,,否,否,org.organization.id,P1-内部,,设计字段,P075
sjg_oms,entertainment,suspension_decision,停演决策主表,主表,20,owner_department_id,归属部门,uuid,是,,否,否,org.organization.id,P1-内部,,设计字段,P075
sjg_oms,entertainment,suspension_decision,停演决策主表,主表,21,owner_employee_id,责任人,uuid,是,,否,否,org.employee.id,P1-内部,,设计字段,P075
sjg_oms,entertainment,suspension_decision,停演决策主表,主表,22,planned_start_at,计划开始,timestamptz,是,,否,否,,P1-内部,,设计字段,P075
sjg_oms,entertainment,suspension_decision,停演决策主表,主表,23,planned_finish_at,计划完成,timestamptz,是,,否,否,,P1-内部,,设计字段,P075
sjg_oms,entertainment,suspension_decision,停演决策主表,主表,24,actual_start_at,实际开始,timestamptz,是,,否,否,,P1-内部,,设计字段,P075
sjg_oms,entertainment,suspension_decision,停演决策主表,主表,25,actual_end_at,实际完成,timestamptz,是,,否,否,,P1-内部,,设计字段,P075
sjg_oms,entertainment,suspension_decision,停演决策主表,主表,26,result_summary,结果摘要,text,是,,否,否,,P1-内部,,设计字段,P075
sjg_oms,entertainment,suspension_decision,停演决策主表,主表,27,closed_at,关闭时间,timestamptz,是,,否,否,,P1-内部,,设计字段,P075
sjg_oms,entertainment,suspension_decision,停演决策主表,主表,28,actual_amount,实际金额,"numeric(18,2)",是,,否,否,,P1-内部,,原始流程字段,P075
sjg_oms,entertainment,suspension_decision,停演决策主表,主表,29,audience_summary,观众/客流摘要,text,是,,否,否,,P1-内部,,原始流程字段,P075
sjg_oms,entertainment,suspension_decision,停演决策主表,主表,30,change_action,操作类型,varchar(64),否,,否,否,,P1-内部,,原始流程字段,P075
sjg_oms,entertainment,suspension_decision,停演决策主表,主表,31,change_reason,变更原因,text,否,,否,否,,P1-内部,,原始流程字段,P075
sjg_oms,entertainment,suspension_decision,停演决策主表,主表,32,expected_effective_at,期望生效时间,timestamptz,是,,否,否,,P1-内部,,原始流程字段,P075
sjg_oms,entertainment,suspension_decision,停演决策主表,主表,33,known_impact,已知影响,text,是,,否,否,,P1-内部,,原始流程字段,P075
sjg_oms,entertainment,suspension_decision,停演决策主表,主表,34,order_no,订单编号,varchar(64),否,,否,否,,P1-内部,,原始流程字段,P075
sjg_oms,entertainment,suspension_decision,停演决策主表,主表,35,pre_show_check,场前检查结果,varchar(64),是,,否,否,,P1-内部,,原始流程字段,P075
sjg_oms,entertainment,suspension_decision,停演决策主表,主表,36,program_version_id,节目编号/版本,varchar(64),否,,否,否,,P1-内部,,原始流程字段,P075
sjg_oms,entertainment,suspension_decision,停演决策主表,主表,37,role_position,角色/岗位,varchar(100),是,,否,否,,P1-内部,,原始流程字段,P075
sjg_oms,entertainment,suspension_decision,停演决策主表,主表,38,sales_channel,销售渠道,varchar(64),否,,否,否,,P1-内部,,原始流程字段,P075
sjg_oms,entertainment,suspension_decision,停演决策主表,主表,39,show_result,演出结果,varchar(64),是,,否,否,,P1-内部,,原始流程字段,P075
sjg_oms,entertainment,suspension_decision,停演决策主表,主表,40,show_session_no,场次编号,varchar(64),是,,否,否,,P1-内部,,原始流程字段,P075
sjg_oms,entertainment,suspension_decision,停演决策主表,主表,41,show_time,演出日期时间,timestamptz,是,,否,否,,P1-内部,,原始流程字段,P075
sjg_oms,entertainment,suspension_decision,停演决策主表,主表,42,show_venue_id,演出场地,varchar(64),是,,否,否,,P1-内部,,原始流程字段,P075
sjg_oms,entertainment,suspension_decision_item,停演决策明细项,子表,1,id,主键ID,uuid,否,gen_random_uuid(),是,否,,P1-内部,,设计字段,P075
sjg_oms,entertainment,suspension_decision_item,停演决策明细项,子表,2,tenant_id,租户ID,uuid,否,,否,否,core.tenant.id,P1-内部,所有业务唯一键必须包含tenant_id,设计字段,P075
sjg_oms,entertainment,suspension_decision_item,停演决策明细项,子表,3,created_by,创建人,uuid,是,,否,否,org.employee.id,P1-内部,,设计字段,P075
sjg_oms,entertainment,suspension_decision_item,停演决策明细项,子表,4,created_at,创建时间,timestamptz,否,now(),否,否,,P1-内部,,设计字段,P075
sjg_oms,entertainment,suspension_decision_item,停演决策明细项,子表,5,updated_by,更新人,uuid,是,,否,否,org.employee.id,P1-内部,,设计字段,P075
sjg_oms,entertainment,suspension_decision_item,停演决策明细项,子表,6,updated_at,更新时间,timestamptz,否,now(),否,否,,P1-内部,,设计字段,P075
sjg_oms,entertainment,suspension_decision_item,停演决策明细项,子表,7,is_deleted,逻辑删除,boolean,否,false,否,否,,P1-内部,,设计字段,P075
sjg_oms,entertainment,suspension_decision_item,停演决策明细项,子表,8,deleted_at,删除时间,timestamptz,是,,否,否,,P1-内部,,设计字段,P075
sjg_oms,entertainment,suspension_decision_item,停演决策明细项,子表,9,master_id,主表ID,uuid,否,,否,否,entertainment.suspension_decision.id,P1-内部,,设计字段,P075
sjg_oms,entertainment,suspension_decision_item,停演决策明细项,子表,10,field_code,来源字段编码,varchar(128),否,,否,否,,P1-内部,,设计字段,P075
sjg_oms,entertainment,suspension_decision_item,停演决策明细项,子表,11,item_seq,明细序号,integer,否,0,否,否,,P1-内部,,设计字段,P075
sjg_oms,entertainment,suspension_decision_item,停演决策明细项,子表,12,item_key,明细键,varchar(128),是,,否,否,,P1-内部,,设计字段,P075
sjg_oms,entertainment,suspension_decision_item,停演决策明细项,子表,13,item_name,明细名称,varchar(255),是,,否,否,,P1-内部,,设计字段,P075
sjg_oms,entertainment,suspension_decision_item,停演决策明细项,子表,14,item_value_text,文本值,text,是,,否,否,,P1-内部,,设计字段,P075
sjg_oms,entertainment,suspension_decision_item,停演决策明细项,子表,15,item_value_number,数值,"numeric(24,8)",是,,否,否,,P1-内部,,设计字段,P075
sjg_oms,entertainment,suspension_decision_item,停演决策明细项,子表,16,item_value_json,结构化值,jsonb,是,,否,否,,P1-内部,,设计字段,P075
sjg_oms,entertainment,suspension_decision_item,停演决策明细项,子表,17,related_object_type,关联对象类型,varchar(128),是,,否,否,,P1-内部,,设计字段,P075
sjg_oms,entertainment,suspension_decision_item,停演决策明细项,子表,18,related_object_id,关联对象ID,uuid,是,,否,否,,P1-内部,,设计字段,P075
sjg_oms,entertainment,suspension_decision_item,停演决策明细项,子表,19,amount,金额,"numeric(18,2)",是,,否,否,,P1-内部,,设计字段,P075
sjg_oms,entertainment,suspension_decision_item,停演决策明细项,子表,20,quantity,数量,"numeric(18,6)",是,,否,否,,P1-内部,,设计字段,P075
sjg_oms,entertainment,suspension_decision_item,停演决策明细项,子表,21,sort_no,排序,integer,否,0,否,否,,P1-内部,,设计字段,P075
sjg_oms,entertainment,tech_support_task,演艺技术保障主表,主表,1,id,主键ID,uuid,否,gen_random_uuid(),是,否,,P1-内部,,设计字段,P082
sjg_oms,entertainment,tech_support_task,演艺技术保障主表,主表,2,tenant_id,租户ID,uuid,否,,否,否,core.tenant.id,P1-内部,所有业务唯一键必须包含tenant_id,设计字段,P082
sjg_oms,entertainment,tech_support_task,演艺技术保障主表,主表,3,business_no,业务单号,varchar(64),否,,否,是,,P1-内部,租户内唯一；由core.sequence_rule生成,设计字段,P082
sjg_oms,entertainment,tech_support_task,演艺技术保障主表,主表,4,workflow_instance_id,流程实例ID,uuid,是,,否,否,workflow.wf_instance.id,P1-内部,,设计字段,P082
sjg_oms,entertainment,tech_support_task,演艺技术保障主表,主表,5,status,业务状态,varchar(32),否,'DRAFT',否,否,,P1-内部,仅由状态机合法迁移,设计字段,P082
sjg_oms,entertainment,tech_support_task,演艺技术保障主表,主表,6,version_no,乐观锁版本,integer,否,0,否,否,,P1-内部,更新时version_no+1，冲突则拒绝,设计字段,P082
sjg_oms,entertainment,tech_support_task,演艺技术保障主表,主表,7,created_by,创建人,uuid,是,,否,否,org.employee.id,P1-内部,,设计字段,P082
sjg_oms,entertainment,tech_support_task,演艺技术保障主表,主表,8,created_at,创建时间,timestamptz,否,now(),否,否,,P1-内部,,设计字段,P082
sjg_oms,entertainment,tech_support_task,演艺技术保障主表,主表,9,updated_by,更新人,uuid,是,,否,否,org.employee.id,P1-内部,,设计字段,P082
sjg_oms,entertainment,tech_support_task,演艺技术保障主表,主表,10,updated_at,更新时间,timestamptz,否,now(),否,否,,P1-内部,,设计字段,P082
sjg_oms,entertainment,tech_support_task,演艺技术保障主表,主表,11,is_deleted,逻辑删除,boolean,否,false,否,否,,P1-内部,,设计字段,P082
sjg_oms,entertainment,tech_support_task,演艺技术保障主表,主表,12,deleted_at,删除时间,timestamptz,是,,否,否,,P1-内部,,设计字段,P082
sjg_oms,entertainment,tech_support_task,演艺技术保障主表,主表,13,source_channel,来源渠道,varchar(32),是,,否,否,,P1-内部,,设计字段,P082
sjg_oms,entertainment,tech_support_task,演艺技术保障主表,主表,14,business_date,业务日期,date,是,,否,否,,P1-内部,,设计字段,P082
sjg_oms,entertainment,tech_support_task,演艺技术保障主表,主表,15,subject,主题,varchar(255),是,,否,否,,P1-内部,,设计字段,P082
sjg_oms,entertainment,tech_support_task,演艺技术保障主表,主表,16,reason,原因,text,是,,否,否,,P1-内部,,设计字段,P082
sjg_oms,entertainment,tech_support_task,演艺技术保障主表,主表,17,priority,优先级,varchar(16),否,'NORMAL',否,否,,P1-内部,,设计字段,P082
sjg_oms,entertainment,tech_support_task,演艺技术保障主表,主表,18,risk_level,风险等级,varchar(16),是,,否,否,,P1-内部,,设计字段,P082
sjg_oms,entertainment,tech_support_task,演艺技术保障主表,主表,19,owner_center_id,归属中心,uuid,是,,否,否,org.organization.id,P1-内部,,设计字段,P082
sjg_oms,entertainment,tech_support_task,演艺技术保障主表,主表,20,owner_department_id,归属部门,uuid,是,,否,否,org.organization.id,P1-内部,,设计字段,P082
sjg_oms,entertainment,tech_support_task,演艺技术保障主表,主表,21,owner_employee_id,责任人,uuid,是,,否,否,org.employee.id,P1-内部,,设计字段,P082
sjg_oms,entertainment,tech_support_task,演艺技术保障主表,主表,22,planned_start_at,计划开始,timestamptz,是,,否,否,,P1-内部,,设计字段,P082
sjg_oms,entertainment,tech_support_task,演艺技术保障主表,主表,23,planned_finish_at,计划完成,timestamptz,是,,否,否,,P1-内部,,设计字段,P082
sjg_oms,entertainment,tech_support_task,演艺技术保障主表,主表,24,actual_start_at,实际开始,timestamptz,是,,否,否,,P1-内部,,设计字段,P082
sjg_oms,entertainment,tech_support_task,演艺技术保障主表,主表,25,actual_end_at,实际完成,timestamptz,是,,否,否,,P1-内部,,设计字段,P082
sjg_oms,entertainment,tech_support_task,演艺技术保障主表,主表,26,result_summary,结果摘要,text,是,,否,否,,P1-内部,,设计字段,P082
sjg_oms,entertainment,tech_support_task,演艺技术保障主表,主表,27,closed_at,关闭时间,timestamptz,是,,否,否,,P1-内部,,设计字段,P082
sjg_oms,entertainment,tech_support_task,演艺技术保障主表,主表,28,actual_amount,实际金额,"numeric(18,2)",是,,否,否,,P1-内部,,原始流程字段,P082
sjg_oms,entertainment,tech_support_task,演艺技术保障主表,主表,29,attendance_type,假勤类型,varchar(64),否,,否,否,,P1-内部,,原始流程字段,P082
sjg_oms,entertainment,tech_support_task,演艺技术保障主表,主表,30,audience_summary,观众/客流摘要,text,是,,否,否,,P1-内部,,原始流程字段,P082
sjg_oms,entertainment,tech_support_task,演艺技术保障主表,主表,31,pre_show_check,场前检查结果,varchar(64),是,,否,否,,P1-内部,,原始流程字段,P082
sjg_oms,entertainment,tech_support_task,演艺技术保障主表,主表,32,program_version_id,节目编号/版本,varchar(64),否,,否,否,,P1-内部,,原始流程字段,P082
sjg_oms,entertainment,tech_support_task,演艺技术保障主表,主表,33,role_position,角色/岗位,varchar(100),是,,否,否,,P1-内部,,原始流程字段,P082
sjg_oms,entertainment,tech_support_task,演艺技术保障主表,主表,34,show_result,演出结果,varchar(64),是,,否,否,,P1-内部,,原始流程字段,P082
sjg_oms,entertainment,tech_support_task,演艺技术保障主表,主表,35,show_session_no,场次编号,varchar(64),是,,否,否,,P1-内部,,原始流程字段,P082
sjg_oms,entertainment,tech_support_task,演艺技术保障主表,主表,36,show_time,演出日期时间,timestamptz,是,,否,否,,P1-内部,,原始流程字段,P082
sjg_oms,entertainment,tech_support_task,演艺技术保障主表,主表,37,show_venue_id,演出场地,varchar(64),是,,否,否,,P1-内部,,原始流程字段,P082
sjg_oms,entertainment,tech_support_task,演艺技术保障主表,主表,38,start_at,开始时间,timestamptz,否,,否,否,,P1-内部,,原始流程字段,P082
sjg_oms,finance,budget_request,预算申请主表,主表,1,id,主键ID,uuid,否,gen_random_uuid(),是,否,,P1-内部,,设计字段,P024
sjg_oms,finance,budget_request,预算申请主表,主表,2,tenant_id,租户ID,uuid,否,,否,否,core.tenant.id,P1-内部,所有业务唯一键必须包含tenant_id,设计字段,P024
sjg_oms,finance,budget_request,预算申请主表,主表,3,business_no,业务单号,varchar(64),否,,否,是,,P1-内部,租户内唯一；由core.sequence_rule生成,设计字段,P024
sjg_oms,finance,budget_request,预算申请主表,主表,4,workflow_instance_id,流程实例ID,uuid,是,,否,否,workflow.wf_instance.id,P1-内部,,设计字段,P024
sjg_oms,finance,budget_request,预算申请主表,主表,5,status,业务状态,varchar(32),否,'DRAFT',否,否,,P1-内部,仅由状态机合法迁移,设计字段,P024
sjg_oms,finance,budget_request,预算申请主表,主表,6,version_no,乐观锁版本,integer,否,0,否,否,,P1-内部,更新时version_no+1，冲突则拒绝,设计字段,P024
sjg_oms,finance,budget_request,预算申请主表,主表,7,created_by,创建人,uuid,是,,否,否,org.employee.id,P1-内部,,设计字段,P024
sjg_oms,finance,budget_request,预算申请主表,主表,8,created_at,创建时间,timestamptz,否,now(),否,否,,P1-内部,,设计字段,P024
sjg_oms,finance,budget_request,预算申请主表,主表,9,updated_by,更新人,uuid,是,,否,否,org.employee.id,P1-内部,,设计字段,P024
sjg_oms,finance,budget_request,预算申请主表,主表,10,updated_at,更新时间,timestamptz,否,now(),否,否,,P1-内部,,设计字段,P024
sjg_oms,finance,budget_request,预算申请主表,主表,11,is_deleted,逻辑删除,boolean,否,false,否,否,,P1-内部,,设计字段,P024
sjg_oms,finance,budget_request,预算申请主表,主表,12,deleted_at,删除时间,timestamptz,是,,否,否,,P1-内部,,设计字段,P024
sjg_oms,finance,budget_request,预算申请主表,主表,13,source_channel,来源渠道,varchar(32),是,,否,否,,P1-内部,,设计字段,P024
sjg_oms,finance,budget_request,预算申请主表,主表,14,business_date,业务日期,date,是,,否,否,,P1-内部,,设计字段,P024
sjg_oms,finance,budget_request,预算申请主表,主表,15,subject,主题,varchar(255),是,,否,否,,P1-内部,,设计字段,P024
sjg_oms,finance,budget_request,预算申请主表,主表,16,reason,原因,text,是,,否,否,,P1-内部,,设计字段,P024
sjg_oms,finance,budget_request,预算申请主表,主表,17,priority,优先级,varchar(16),否,'NORMAL',否,否,,P1-内部,,设计字段,P024
sjg_oms,finance,budget_request,预算申请主表,主表,18,risk_level,风险等级,varchar(16),是,,否,否,,P1-内部,,设计字段,P024
sjg_oms,finance,budget_request,预算申请主表,主表,19,owner_center_id,归属中心,uuid,是,,否,否,org.organization.id,P1-内部,,设计字段,P024
sjg_oms,finance,budget_request,预算申请主表,主表,20,owner_department_id,归属部门,uuid,是,,否,否,org.organization.id,P1-内部,,设计字段,P024
sjg_oms,finance,budget_request,预算申请主表,主表,21,owner_employee_id,责任人,uuid,是,,否,否,org.employee.id,P1-内部,,设计字段,P024
sjg_oms,finance,budget_request,预算申请主表,主表,22,planned_start_at,计划开始,timestamptz,是,,否,否,,P1-内部,,设计字段,P024
sjg_oms,finance,budget_request,预算申请主表,主表,23,planned_finish_at,计划完成,timestamptz,是,,否,否,,P1-内部,,设计字段,P024
sjg_oms,finance,budget_request,预算申请主表,主表,24,actual_start_at,实际开始,timestamptz,是,,否,否,,P1-内部,,设计字段,P024
sjg_oms,finance,budget_request,预算申请主表,主表,25,actual_end_at,实际完成,timestamptz,是,,否,否,,P1-内部,,设计字段,P024
sjg_oms,finance,budget_request,预算申请主表,主表,26,result_summary,结果摘要,text,是,,否,否,,P1-内部,,设计字段,P024
sjg_oms,finance,budget_request,预算申请主表,主表,27,closed_at,关闭时间,timestamptz,是,,否,否,,P1-内部,,设计字段,P024
sjg_oms,finance,budget_request,预算申请主表,主表,28,actual_amount,实际金额,"numeric(18,2)",是,,否,否,,P1-内部,,原始流程字段,P024
sjg_oms,finance,budget_request,预算申请主表,主表,29,approved_amount,核定金额,"numeric(18,2)",是,,否,否,,P1-内部,不得小于0,原始流程字段,P024
sjg_oms,finance,budget_request,预算申请主表,主表,30,budget_item_id,预算项目,varchar(32),是,,否,否,,P1-内部,,原始流程字段,P024
sjg_oms,finance,budget_request,预算申请主表,主表,31,change_action,操作类型,varchar(64),否,,否,否,,P1-内部,,原始流程字段,P024
sjg_oms,finance,budget_request,预算申请主表,主表,32,change_reason,变更原因,text,否,,否,否,,P1-内部,,原始流程字段,P024
sjg_oms,finance,budget_request,预算申请主表,主表,33,cost_center_id,成本中心,varchar(32),否,,否,否,,P1-内部,,原始流程字段,P024
sjg_oms,finance,budget_request,预算申请主表,主表,34,counterparty_name,收付款对象,varchar(200),是,,否,否,,P1-内部,,原始流程字段,P024
sjg_oms,finance,budget_request,预算申请主表,主表,35,currency,币种,varchar(64),否,,否,否,,P1-内部,,原始流程字段,P024
sjg_oms,finance,budget_request,预算申请主表,主表,36,expected_effective_at,期望生效时间,timestamptz,是,,否,否,,P1-内部,,原始流程字段,P024
sjg_oms,finance,budget_request,预算申请主表,主表,37,invoice_verification,票据验真结果,varchar(64),是,,否,否,,P1-内部,,原始流程字段,P024
sjg_oms,finance,budget_request,预算申请主表,主表,38,known_impact,已知影响,text,是,,否,否,,P1-内部,,原始流程字段,P024
sjg_oms,finance,budget_request,预算申请主表,主表,39,payment_status,付款/回款状态,varchar(64),是,,否,否,,P1-内部,,原始流程字段,P024
sjg_oms,finance,budget_request,预算申请主表,主表,40,requested_amount,申请/业务金额,"numeric(18,2)",是,,否,否,,P1-内部,不得小于0,原始流程字段,P024
sjg_oms,finance,budget_request,预算申请主表,主表,41,voucher_no,凭证编号,varchar(64),是,,否,否,,P1-内部,,原始流程字段,P024
sjg_oms,finance,budget_request_item,预算申请明细项,子表,1,id,主键ID,uuid,否,gen_random_uuid(),是,否,,P1-内部,,设计字段,P024
sjg_oms,finance,budget_request_item,预算申请明细项,子表,2,tenant_id,租户ID,uuid,否,,否,否,core.tenant.id,P1-内部,所有业务唯一键必须包含tenant_id,设计字段,P024
sjg_oms,finance,budget_request_item,预算申请明细项,子表,3,created_by,创建人,uuid,是,,否,否,org.employee.id,P1-内部,,设计字段,P024
sjg_oms,finance,budget_request_item,预算申请明细项,子表,4,created_at,创建时间,timestamptz,否,now(),否,否,,P1-内部,,设计字段,P024
sjg_oms,finance,budget_request_item,预算申请明细项,子表,5,updated_by,更新人,uuid,是,,否,否,org.employee.id,P1-内部,,设计字段,P024
sjg_oms,finance,budget_request_item,预算申请明细项,子表,6,updated_at,更新时间,timestamptz,否,now(),否,否,,P1-内部,,设计字段,P024
sjg_oms,finance,budget_request_item,预算申请明细项,子表,7,is_deleted,逻辑删除,boolean,否,false,否,否,,P1-内部,,设计字段,P024
sjg_oms,finance,budget_request_item,预算申请明细项,子表,8,deleted_at,删除时间,timestamptz,是,,否,否,,P1-内部,,设计字段,P024
sjg_oms,finance,budget_request_item,预算申请明细项,子表,9,master_id,主表ID,uuid,否,,否,否,finance.budget_request.id,P1-内部,,设计字段,P024
sjg_oms,finance,budget_request_item,预算申请明细项,子表,10,field_code,来源字段编码,varchar(128),否,,否,否,,P1-内部,,设计字段,P024
sjg_oms,finance,budget_request_item,预算申请明细项,子表,11,item_seq,明细序号,integer,否,0,否,否,,P1-内部,,设计字段,P024
sjg_oms,finance,budget_request_item,预算申请明细项,子表,12,item_key,明细键,varchar(128),是,,否,否,,P1-内部,,设计字段,P024
sjg_oms,finance,budget_request_item,预算申请明细项,子表,13,item_name,明细名称,varchar(255),是,,否,否,,P1-内部,,设计字段,P024
sjg_oms,finance,budget_request_item,预算申请明细项,子表,14,item_value_text,文本值,text,是,,否,否,,P1-内部,,设计字段,P024
sjg_oms,finance,budget_request_item,预算申请明细项,子表,15,item_value_number,数值,"numeric(24,8)",是,,否,否,,P1-内部,,设计字段,P024
sjg_oms,finance,budget_request_item,预算申请明细项,子表,16,item_value_json,结构化值,jsonb,是,,否,否,,P1-内部,,设计字段,P024
sjg_oms,finance,budget_request_item,预算申请明细项,子表,17,related_object_type,关联对象类型,varchar(128),是,,否,否,,P1-内部,,设计字段,P024
sjg_oms,finance,budget_request_item,预算申请明细项,子表,18,related_object_id,关联对象ID,uuid,是,,否,否,,P1-内部,,设计字段,P024
sjg_oms,finance,budget_request_item,预算申请明细项,子表,19,amount,金额,"numeric(18,2)",是,,否,否,,P1-内部,,设计字段,P024
sjg_oms,finance,budget_request_item,预算申请明细项,子表,20,quantity,数量,"numeric(18,6)",是,,否,否,,P1-内部,,设计字段,P024
sjg_oms,finance,budget_request_item,预算申请明细项,子表,21,sort_no,排序,integer,否,0,否,否,,P1-内部,,设计字段,P024
sjg_oms,finance,expense_claim,报销单主表,主表,1,id,主键ID,uuid,否,gen_random_uuid(),是,否,,P1-内部,,设计字段,P025
sjg_oms,finance,expense_claim,报销单主表,主表,2,tenant_id,租户ID,uuid,否,,否,否,core.tenant.id,P1-内部,所有业务唯一键必须包含tenant_id,设计字段,P025
sjg_oms,finance,expense_claim,报销单主表,主表,3,business_no,业务单号,varchar(64),否,,否,是,,P1-内部,租户内唯一；由core.sequence_rule生成,设计字段,P025
sjg_oms,finance,expense_claim,报销单主表,主表,4,workflow_instance_id,流程实例ID,uuid,是,,否,否,workflow.wf_instance.id,P1-内部,,设计字段,P025
sjg_oms,finance,expense_claim,报销单主表,主表,5,status,业务状态,varchar(32),否,'DRAFT',否,否,,P1-内部,仅由状态机合法迁移,设计字段,P025
sjg_oms,finance,expense_claim,报销单主表,主表,6,version_no,乐观锁版本,integer,否,0,否,否,,P1-内部,更新时version_no+1，冲突则拒绝,设计字段,P025
sjg_oms,finance,expense_claim,报销单主表,主表,7,created_by,创建人,uuid,是,,否,否,org.employee.id,P1-内部,,设计字段,P025
sjg_oms,finance,expense_claim,报销单主表,主表,8,created_at,创建时间,timestamptz,否,now(),否,否,,P1-内部,,设计字段,P025
sjg_oms,finance,expense_claim,报销单主表,主表,9,updated_by,更新人,uuid,是,,否,否,org.employee.id,P1-内部,,设计字段,P025
sjg_oms,finance,expense_claim,报销单主表,主表,10,updated_at,更新时间,timestamptz,否,now(),否,否,,P1-内部,,设计字段,P025
sjg_oms,finance,expense_claim,报销单主表,主表,11,is_deleted,逻辑删除,boolean,否,false,否,否,,P1-内部,,设计字段,P025
sjg_oms,finance,expense_claim,报销单主表,主表,12,deleted_at,删除时间,timestamptz,是,,否,否,,P1-内部,,设计字段,P025
sjg_oms,finance,expense_claim,报销单主表,主表,13,source_channel,来源渠道,varchar(32),是,,否,否,,P1-内部,,设计字段,P025
sjg_oms,finance,expense_claim,报销单主表,主表,14,business_date,业务日期,date,是,,否,否,,P1-内部,,设计字段,P025
sjg_oms,finance,expense_claim,报销单主表,主表,15,subject,主题,varchar(255),是,,否,否,,P1-内部,,设计字段,P025
sjg_oms,finance,expense_claim,报销单主表,主表,16,reason,原因,text,是,,否,否,,P1-内部,,设计字段,P025
sjg_oms,finance,expense_claim,报销单主表,主表,17,priority,优先级,varchar(16),否,'NORMAL',否,否,,P1-内部,,设计字段,P025
sjg_oms,finance,expense_claim,报销单主表,主表,18,risk_level,风险等级,varchar(16),是,,否,否,,P1-内部,,设计字段,P025
sjg_oms,finance,expense_claim,报销单主表,主表,19,owner_center_id,归属中心,uuid,是,,否,否,org.organization.id,P1-内部,,设计字段,P025
sjg_oms,finance,expense_claim,报销单主表,主表,20,owner_department_id,归属部门,uuid,是,,否,否,org.organization.id,P1-内部,,设计字段,P025
sjg_oms,finance,expense_claim,报销单主表,主表,21,owner_employee_id,责任人,uuid,是,,否,否,org.employee.id,P1-内部,,设计字段,P025
sjg_oms,finance,expense_claim,报销单主表,主表,22,planned_start_at,计划开始,timestamptz,是,,否,否,,P1-内部,,设计字段,P025
sjg_oms,finance,expense_claim,报销单主表,主表,23,planned_finish_at,计划完成,timestamptz,是,,否,否,,P1-内部,,设计字段,P025
sjg_oms,finance,expense_claim,报销单主表,主表,24,actual_start_at,实际开始,timestamptz,是,,否,否,,P1-内部,,设计字段,P025
sjg_oms,finance,expense_claim,报销单主表,主表,25,actual_end_at,实际完成,timestamptz,是,,否,否,,P1-内部,,设计字段,P025
sjg_oms,finance,expense_claim,报销单主表,主表,26,result_summary,结果摘要,text,是,,否,否,,P1-内部,,设计字段,P025
sjg_oms,finance,expense_claim,报销单主表,主表,27,closed_at,关闭时间,timestamptz,是,,否,否,,P1-内部,,设计字段,P025
sjg_oms,finance,expense_claim,报销单主表,主表,28,actual_amount,实际金额,"numeric(18,2)",是,,否,否,,P1-内部,,原始流程字段,P025
sjg_oms,finance,expense_claim,报销单主表,主表,29,approved_amount,核定金额,"numeric(18,2)",是,,否,否,,P1-内部,不得小于0,原始流程字段,P025
sjg_oms,finance,expense_claim,报销单主表,主表,30,budget_item_id,预算项目,varchar(32),是,,否,否,,P1-内部,,原始流程字段,P025
sjg_oms,finance,expense_claim,报销单主表,主表,31,cost_center_id,成本中心,varchar(32),否,,否,否,,P1-内部,,原始流程字段,P025
sjg_oms,finance,expense_claim,报销单主表,主表,32,counterparty_name,收付款对象,varchar(200),是,,否,否,,P1-内部,,原始流程字段,P025
sjg_oms,finance,expense_claim,报销单主表,主表,33,currency,币种,varchar(64),否,,否,否,,P1-内部,,原始流程字段,P025
sjg_oms,finance,expense_claim,报销单主表,主表,34,invoice_verification,票据验真结果,varchar(64),是,,否,否,,P1-内部,,原始流程字段,P025
sjg_oms,finance,expense_claim,报销单主表,主表,35,payment_status,付款/回款状态,varchar(64),是,,否,否,,P1-内部,,原始流程字段,P025
sjg_oms,finance,expense_claim,报销单主表,主表,36,requested_amount,申请/业务金额,"numeric(18,2)",是,,否,否,,P1-内部,不得小于0,原始流程字段,P025
sjg_oms,finance,expense_claim,报销单主表,主表,37,voucher_no,凭证编号,varchar(64),是,,否,否,,P1-内部,,原始流程字段,P025
sjg_oms,finance,expense_claim_item,报销单明细项,子表,1,id,主键ID,uuid,否,gen_random_uuid(),是,否,,P1-内部,,设计字段,P025
sjg_oms,finance,expense_claim_item,报销单明细项,子表,2,tenant_id,租户ID,uuid,否,,否,否,core.tenant.id,P1-内部,所有业务唯一键必须包含tenant_id,设计字段,P025
sjg_oms,finance,expense_claim_item,报销单明细项,子表,3,created_by,创建人,uuid,是,,否,否,org.employee.id,P1-内部,,设计字段,P025
sjg_oms,finance,expense_claim_item,报销单明细项,子表,4,created_at,创建时间,timestamptz,否,now(),否,否,,P1-内部,,设计字段,P025
sjg_oms,finance,expense_claim_item,报销单明细项,子表,5,updated_by,更新人,uuid,是,,否,否,org.employee.id,P1-内部,,设计字段,P025
sjg_oms,finance,expense_claim_item,报销单明细项,子表,6,updated_at,更新时间,timestamptz,否,now(),否,否,,P1-内部,,设计字段,P025
sjg_oms,finance,expense_claim_item,报销单明细项,子表,7,is_deleted,逻辑删除,boolean,否,false,否,否,,P1-内部,,设计字段,P025
sjg_oms,finance,expense_claim_item,报销单明细项,子表,8,deleted_at,删除时间,timestamptz,是,,否,否,,P1-内部,,设计字段,P025
sjg_oms,finance,expense_claim_item,报销单明细项,子表,9,master_id,主表ID,uuid,否,,否,否,finance.expense_claim.id,P1-内部,,设计字段,P025
sjg_oms,finance,expense_claim_item,报销单明细项,子表,10,field_code,来源字段编码,varchar(128),否,,否,否,,P1-内部,,设计字段,P025
sjg_oms,finance,expense_claim_item,报销单明细项,子表,11,item_seq,明细序号,integer,否,0,否,否,,P1-内部,,设计字段,P025
sjg_oms,finance,expense_claim_item,报销单明细项,子表,12,item_key,明细键,varchar(128),是,,否,否,,P1-内部,,设计字段,P025
sjg_oms,finance,expense_claim_item,报销单明细项,子表,13,item_name,明细名称,varchar(255),是,,否,否,,P1-内部,,设计字段,P025
sjg_oms,finance,expense_claim_item,报销单明细项,子表,14,item_value_text,文本值,text,是,,否,否,,P1-内部,,设计字段,P025
sjg_oms,finance,expense_claim_item,报销单明细项,子表,15,item_value_number,数值,"numeric(24,8)",是,,否,否,,P1-内部,,设计字段,P025
sjg_oms,finance,expense_claim_item,报销单明细项,子表,16,item_value_json,结构化值,jsonb,是,,否,否,,P1-内部,,设计字段,P025
sjg_oms,finance,expense_claim_item,报销单明细项,子表,17,related_object_type,关联对象类型,varchar(128),是,,否,否,,P1-内部,,设计字段,P025
sjg_oms,finance,expense_claim_item,报销单明细项,子表,18,related_object_id,关联对象ID,uuid,是,,否,否,,P1-内部,,设计字段,P025
sjg_oms,finance,expense_claim_item,报销单明细项,子表,19,amount,金额,"numeric(18,2)",是,,否,否,,P1-内部,,设计字段,P025
sjg_oms,finance,expense_claim_item,报销单明细项,子表,20,quantity,数量,"numeric(18,6)",是,,否,否,,P1-内部,,设计字段,P025
sjg_oms,finance,expense_claim_item,报销单明细项,子表,21,sort_no,排序,integer,否,0,否,否,,P1-内部,,设计字段,P025
sjg_oms,finance,loan_request,借款核销主表,主表,1,id,主键ID,uuid,否,gen_random_uuid(),是,否,,P1-内部,,设计字段,P026
sjg_oms,finance,loan_request,借款核销主表,主表,2,tenant_id,租户ID,uuid,否,,否,否,core.tenant.id,P1-内部,所有业务唯一键必须包含tenant_id,设计字段,P026
sjg_oms,finance,loan_request,借款核销主表,主表,3,business_no,业务单号,varchar(64),否,,否,是,,P1-内部,租户内唯一；由core.sequence_rule生成,设计字段,P026
sjg_oms,finance,loan_request,借款核销主表,主表,4,workflow_instance_id,流程实例ID,uuid,是,,否,否,workflow.wf_instance.id,P1-内部,,设计字段,P026
sjg_oms,finance,loan_request,借款核销主表,主表,5,status,业务状态,varchar(32),否,'DRAFT',否,否,,P1-内部,仅由状态机合法迁移,设计字段,P026
sjg_oms,finance,loan_request,借款核销主表,主表,6,version_no,乐观锁版本,integer,否,0,否,否,,P1-内部,更新时version_no+1，冲突则拒绝,设计字段,P026
sjg_oms,finance,loan_request,借款核销主表,主表,7,created_by,创建人,uuid,是,,否,否,org.employee.id,P1-内部,,设计字段,P026
sjg_oms,finance,loan_request,借款核销主表,主表,8,created_at,创建时间,timestamptz,否,now(),否,否,,P1-内部,,设计字段,P026
sjg_oms,finance,loan_request,借款核销主表,主表,9,updated_by,更新人,uuid,是,,否,否,org.employee.id,P1-内部,,设计字段,P026
sjg_oms,finance,loan_request,借款核销主表,主表,10,updated_at,更新时间,timestamptz,否,now(),否,否,,P1-内部,,设计字段,P026
sjg_oms,finance,loan_request,借款核销主表,主表,11,is_deleted,逻辑删除,boolean,否,false,否,否,,P1-内部,,设计字段,P026
sjg_oms,finance,loan_request,借款核销主表,主表,12,deleted_at,删除时间,timestamptz,是,,否,否,,P1-内部,,设计字段,P026
sjg_oms,finance,loan_request,借款核销主表,主表,13,source_channel,来源渠道,varchar(32),是,,否,否,,P1-内部,,设计字段,P026
sjg_oms,finance,loan_request,借款核销主表,主表,14,business_date,业务日期,date,是,,否,否,,P1-内部,,设计字段,P026
sjg_oms,finance,loan_request,借款核销主表,主表,15,subject,主题,varchar(255),是,,否,否,,P1-内部,,设计字段,P026
sjg_oms,finance,loan_request,借款核销主表,主表,16,reason,原因,text,是,,否,否,,P1-内部,,设计字段,P026
sjg_oms,finance,loan_request,借款核销主表,主表,17,priority,优先级,varchar(16),否,'NORMAL',否,否,,P1-内部,,设计字段,P026
sjg_oms,finance,loan_request,借款核销主表,主表,18,risk_level,风险等级,varchar(16),是,,否,否,,P1-内部,,设计字段,P026
sjg_oms,finance,loan_request,借款核销主表,主表,19,owner_center_id,归属中心,uuid,是,,否,否,org.organization.id,P1-内部,,设计字段,P026
sjg_oms,finance,loan_request,借款核销主表,主表,20,owner_department_id,归属部门,uuid,是,,否,否,org.organization.id,P1-内部,,设计字段,P026
sjg_oms,finance,loan_request,借款核销主表,主表,21,owner_employee_id,责任人,uuid,是,,否,否,org.employee.id,P1-内部,,设计字段,P026
sjg_oms,finance,loan_request,借款核销主表,主表,22,planned_start_at,计划开始,timestamptz,是,,否,否,,P1-内部,,设计字段,P026
sjg_oms,finance,loan_request,借款核销主表,主表,23,planned_finish_at,计划完成,timestamptz,是,,否,否,,P1-内部,,设计字段,P026
sjg_oms,finance,loan_request,借款核销主表,主表,24,actual_start_at,实际开始,timestamptz,是,,否,否,,P1-内部,,设计字段,P026
sjg_oms,finance,loan_request,借款核销主表,主表,25,actual_end_at,实际完成,timestamptz,是,,否,否,,P1-内部,,设计字段,P026
sjg_oms,finance,loan_request,借款核销主表,主表,26,result_summary,结果摘要,text,是,,否,否,,P1-内部,,设计字段,P026
sjg_oms,finance,loan_request,借款核销主表,主表,27,closed_at,关闭时间,timestamptz,是,,否,否,,P1-内部,,设计字段,P026
sjg_oms,finance,loan_request,借款核销主表,主表,28,actual_amount,实际金额,"numeric(18,2)",是,,否,否,,P1-内部,,原始流程字段,P026
sjg_oms,finance,loan_request,借款核销主表,主表,29,approved_amount,核定金额,"numeric(18,2)",是,,否,否,,P1-内部,不得小于0,原始流程字段,P026
sjg_oms,finance,loan_request,借款核销主表,主表,30,budget_item_id,预算项目,varchar(32),是,,否,否,,P1-内部,,原始流程字段,P026
sjg_oms,finance,loan_request,借款核销主表,主表,31,cost_center_id,成本中心,varchar(32),否,,否,否,,P1-内部,,原始流程字段,P026
sjg_oms,finance,loan_request,借款核销主表,主表,32,counterparty_name,收付款对象,varchar(200),是,,否,否,,P1-内部,,原始流程字段,P026
sjg_oms,finance,loan_request,借款核销主表,主表,33,currency,币种,varchar(64),否,,否,否,,P1-内部,,原始流程字段,P026
sjg_oms,finance,loan_request,借款核销主表,主表,34,invoice_verification,票据验真结果,varchar(64),是,,否,否,,P1-内部,,原始流程字段,P026
sjg_oms,finance,loan_request,借款核销主表,主表,35,order_no,订单编号,varchar(64),否,,否,否,,P1-内部,,原始流程字段,P026
sjg_oms,finance,loan_request,借款核销主表,主表,36,payment_status,付款/回款状态,varchar(64),是,,否,否,,P1-内部,,原始流程字段,P026
sjg_oms,finance,loan_request,借款核销主表,主表,37,requested_amount,申请/业务金额,"numeric(18,2)",是,,否,否,,P1-内部,不得小于0,原始流程字段,P026
sjg_oms,finance,loan_request,借款核销主表,主表,38,sales_channel,销售渠道,varchar(64),否,,否,否,,P1-内部,,原始流程字段,P026
sjg_oms,finance,loan_request,借款核销主表,主表,39,voucher_no,凭证编号,varchar(64),是,,否,否,,P1-内部,,原始流程字段,P026
sjg_oms,finance,loan_request_item,借款核销明细项,子表,1,id,主键ID,uuid,否,gen_random_uuid(),是,否,,P1-内部,,设计字段,P026
sjg_oms,finance,loan_request_item,借款核销明细项,子表,2,tenant_id,租户ID,uuid,否,,否,否,core.tenant.id,P1-内部,所有业务唯一键必须包含tenant_id,设计字段,P026
sjg_oms,finance,loan_request_item,借款核销明细项,子表,3,created_by,创建人,uuid,是,,否,否,org.employee.id,P1-内部,,设计字段,P026
sjg_oms,finance,loan_request_item,借款核销明细项,子表,4,created_at,创建时间,timestamptz,否,now(),否,否,,P1-内部,,设计字段,P026
sjg_oms,finance,loan_request_item,借款核销明细项,子表,5,updated_by,更新人,uuid,是,,否,否,org.employee.id,P1-内部,,设计字段,P026
sjg_oms,finance,loan_request_item,借款核销明细项,子表,6,updated_at,更新时间,timestamptz,否,now(),否,否,,P1-内部,,设计字段,P026
sjg_oms,finance,loan_request_item,借款核销明细项,子表,7,is_deleted,逻辑删除,boolean,否,false,否,否,,P1-内部,,设计字段,P026
sjg_oms,finance,loan_request_item,借款核销明细项,子表,8,deleted_at,删除时间,timestamptz,是,,否,否,,P1-内部,,设计字段,P026
sjg_oms,finance,loan_request_item,借款核销明细项,子表,9,master_id,主表ID,uuid,否,,否,否,finance.loan_request.id,P1-内部,,设计字段,P026
sjg_oms,finance,loan_request_item,借款核销明细项,子表,10,field_code,来源字段编码,varchar(128),否,,否,否,,P1-内部,,设计字段,P026
sjg_oms,finance,loan_request_item,借款核销明细项,子表,11,item_seq,明细序号,integer,否,0,否,否,,P1-内部,,设计字段,P026
sjg_oms,finance,loan_request_item,借款核销明细项,子表,12,item_key,明细键,varchar(128),是,,否,否,,P1-内部,,设计字段,P026
sjg_oms,finance,loan_request_item,借款核销明细项,子表,13,item_name,明细名称,varchar(255),是,,否,否,,P1-内部,,设计字段,P026
sjg_oms,finance,loan_request_item,借款核销明细项,子表,14,item_value_text,文本值,text,是,,否,否,,P1-内部,,设计字段,P026
sjg_oms,finance,loan_request_item,借款核销明细项,子表,15,item_value_number,数值,"numeric(24,8)",是,,否,否,,P1-内部,,设计字段,P026
sjg_oms,finance,loan_request_item,借款核销明细项,子表,16,item_value_json,结构化值,jsonb,是,,否,否,,P1-内部,,设计字段,P026
sjg_oms,finance,loan_request_item,借款核销明细项,子表,17,related_object_type,关联对象类型,varchar(128),是,,否,否,,P1-内部,,设计字段,P026
sjg_oms,finance,loan_request_item,借款核销明细项,子表,18,related_object_id,关联对象ID,uuid,是,,否,否,,P1-内部,,设计字段,P026
sjg_oms,finance,loan_request_item,借款核销明细项,子表,19,amount,金额,"numeric(18,2)",是,,否,否,,P1-内部,,设计字段,P026
sjg_oms,finance,loan_request_item,借款核销明细项,子表,20,quantity,数量,"numeric(18,6)",是,,否,否,,P1-内部,,设计字段,P026
sjg_oms,finance,loan_request_item,借款核销明细项,子表,21,sort_no,排序,integer,否,0,否,否,,P1-内部,,设计字段,P026
sjg_oms,finance,reconciliation_task,对账任务主表,主表,1,id,主键ID,uuid,否,gen_random_uuid(),是,否,,P1-内部,,设计字段,P027
sjg_oms,finance,reconciliation_task,对账任务主表,主表,2,tenant_id,租户ID,uuid,否,,否,否,core.tenant.id,P1-内部,所有业务唯一键必须包含tenant_id,设计字段,P027
sjg_oms,finance,reconciliation_task,对账任务主表,主表,3,business_no,业务单号,varchar(64),否,,否,是,,P1-内部,租户内唯一；由core.sequence_rule生成,设计字段,P027
sjg_oms,finance,reconciliation_task,对账任务主表,主表,4,workflow_instance_id,流程实例ID,uuid,是,,否,否,workflow.wf_instance.id,P1-内部,,设计字段,P027
sjg_oms,finance,reconciliation_task,对账任务主表,主表,5,status,业务状态,varchar(32),否,'DRAFT',否,否,,P1-内部,仅由状态机合法迁移,设计字段,P027
sjg_oms,finance,reconciliation_task,对账任务主表,主表,6,version_no,乐观锁版本,integer,否,0,否,否,,P1-内部,更新时version_no+1，冲突则拒绝,设计字段,P027
sjg_oms,finance,reconciliation_task,对账任务主表,主表,7,created_by,创建人,uuid,是,,否,否,org.employee.id,P1-内部,,设计字段,P027
sjg_oms,finance,reconciliation_task,对账任务主表,主表,8,created_at,创建时间,timestamptz,否,now(),否,否,,P1-内部,,设计字段,P027
sjg_oms,finance,reconciliation_task,对账任务主表,主表,9,updated_by,更新人,uuid,是,,否,否,org.employee.id,P1-内部,,设计字段,P027
sjg_oms,finance,reconciliation_task,对账任务主表,主表,10,updated_at,更新时间,timestamptz,否,now(),否,否,,P1-内部,,设计字段,P027
sjg_oms,finance,reconciliation_task,对账任务主表,主表,11,is_deleted,逻辑删除,boolean,否,false,否,否,,P1-内部,,设计字段,P027
sjg_oms,finance,reconciliation_task,对账任务主表,主表,12,deleted_at,删除时间,timestamptz,是,,否,否,,P1-内部,,设计字段,P027
sjg_oms,finance,reconciliation_task,对账任务主表,主表,13,source_channel,来源渠道,varchar(32),是,,否,否,,P1-内部,,设计字段,P027
sjg_oms,finance,reconciliation_task,对账任务主表,主表,14,business_date,业务日期,date,是,,否,否,,P1-内部,,设计字段,P027
sjg_oms,finance,reconciliation_task,对账任务主表,主表,15,subject,主题,varchar(255),是,,否,否,,P1-内部,,设计字段,P027
sjg_oms,finance,reconciliation_task,对账任务主表,主表,16,reason,原因,text,是,,否,否,,P1-内部,,设计字段,P027
sjg_oms,finance,reconciliation_task,对账任务主表,主表,17,priority,优先级,varchar(16),否,'NORMAL',否,否,,P1-内部,,设计字段,P027
sjg_oms,finance,reconciliation_task,对账任务主表,主表,18,risk_level,风险等级,varchar(16),是,,否,否,,P1-内部,,设计字段,P027
sjg_oms,finance,reconciliation_task,对账任务主表,主表,19,owner_center_id,归属中心,uuid,是,,否,否,org.organization.id,P1-内部,,设计字段,P027
sjg_oms,finance,reconciliation_task,对账任务主表,主表,20,owner_department_id,归属部门,uuid,是,,否,否,org.organization.id,P1-内部,,设计字段,P027
sjg_oms,finance,reconciliation_task,对账任务主表,主表,21,owner_employee_id,责任人,uuid,是,,否,否,org.employee.id,P1-内部,,设计字段,P027
sjg_oms,finance,reconciliation_task,对账任务主表,主表,22,planned_start_at,计划开始,timestamptz,是,,否,否,,P1-内部,,设计字段,P027
sjg_oms,finance,reconciliation_task,对账任务主表,主表,23,planned_finish_at,计划完成,timestamptz,是,,否,否,,P1-内部,,设计字段,P027
sjg_oms,finance,reconciliation_task,对账任务主表,主表,24,actual_start_at,实际开始,timestamptz,是,,否,否,,P1-内部,,设计字段,P027
sjg_oms,finance,reconciliation_task,对账任务主表,主表,25,actual_end_at,实际完成,timestamptz,是,,否,否,,P1-内部,,设计字段,P027
sjg_oms,finance,reconciliation_task,对账任务主表,主表,26,result_summary,结果摘要,text,是,,否,否,,P1-内部,,设计字段,P027
sjg_oms,finance,reconciliation_task,对账任务主表,主表,27,closed_at,关闭时间,timestamptz,是,,否,否,,P1-内部,,设计字段,P027
sjg_oms,finance,reconciliation_task,对账任务主表,主表,28,actual_amount,实际金额,"numeric(18,2)",是,,否,否,,P1-内部,,原始流程字段,P027
sjg_oms,finance,reconciliation_task,对账任务主表,主表,29,approved_amount,核定金额,"numeric(18,2)",是,,否,否,,P1-内部,不得小于0,原始流程字段,P027
sjg_oms,finance,reconciliation_task,对账任务主表,主表,30,budget_item_id,预算项目,varchar(32),是,,否,否,,P1-内部,,原始流程字段,P027
sjg_oms,finance,reconciliation_task,对账任务主表,主表,31,change_action,操作类型,varchar(64),否,,否,否,,P1-内部,,原始流程字段,P027
sjg_oms,finance,reconciliation_task,对账任务主表,主表,32,change_reason,变更原因,text,否,,否,否,,P1-内部,,原始流程字段,P027
sjg_oms,finance,reconciliation_task,对账任务主表,主表,33,cost_center_id,成本中心,varchar(32),否,,否,否,,P1-内部,,原始流程字段,P027
sjg_oms,finance,reconciliation_task,对账任务主表,主表,34,counterparty_name,收付款对象,varchar(200),是,,否,否,,P1-内部,,原始流程字段,P027
sjg_oms,finance,reconciliation_task,对账任务主表,主表,35,currency,币种,varchar(64),否,,否,否,,P1-内部,,原始流程字段,P027
sjg_oms,finance,reconciliation_task,对账任务主表,主表,36,employee_event_type,事件类型,varchar(64),否,,否,否,,P1-内部,,原始流程字段,P027
sjg_oms,finance,reconciliation_task,对账任务主表,主表,37,expected_effective_at,期望生效时间,timestamptz,是,,否,否,,P1-内部,,原始流程字段,P027
sjg_oms,finance,reconciliation_task,对账任务主表,主表,38,invoice_verification,票据验真结果,varchar(64),是,,否,否,,P1-内部,,原始流程字段,P027
sjg_oms,finance,reconciliation_task,对账任务主表,主表,39,known_impact,已知影响,text,是,,否,否,,P1-内部,,原始流程字段,P027
sjg_oms,finance,reconciliation_task,对账任务主表,主表,40,payment_status,付款/回款状态,varchar(64),是,,否,否,,P1-内部,,原始流程字段,P027
sjg_oms,finance,reconciliation_task,对账任务主表,主表,41,requested_amount,申请/业务金额,"numeric(18,2)",是,,否,否,,P1-内部,不得小于0,原始流程字段,P027
sjg_oms,finance,reconciliation_task,对账任务主表,主表,42,voucher_no,凭证编号,varchar(64),是,,否,否,,P1-内部,,原始流程字段,P027
sjg_oms,finance,reconciliation_task_item,对账任务明细项,子表,1,id,主键ID,uuid,否,gen_random_uuid(),是,否,,P1-内部,,设计字段,P027
sjg_oms,finance,reconciliation_task_item,对账任务明细项,子表,2,tenant_id,租户ID,uuid,否,,否,否,core.tenant.id,P1-内部,所有业务唯一键必须包含tenant_id,设计字段,P027
sjg_oms,finance,reconciliation_task_item,对账任务明细项,子表,3,created_by,创建人,uuid,是,,否,否,org.employee.id,P1-内部,,设计字段,P027
sjg_oms,finance,reconciliation_task_item,对账任务明细项,子表,4,created_at,创建时间,timestamptz,否,now(),否,否,,P1-内部,,设计字段,P027
sjg_oms,finance,reconciliation_task_item,对账任务明细项,子表,5,updated_by,更新人,uuid,是,,否,否,org.employee.id,P1-内部,,设计字段,P027
sjg_oms,finance,reconciliation_task_item,对账任务明细项,子表,6,updated_at,更新时间,timestamptz,否,now(),否,否,,P1-内部,,设计字段,P027
sjg_oms,finance,reconciliation_task_item,对账任务明细项,子表,7,is_deleted,逻辑删除,boolean,否,false,否,否,,P1-内部,,设计字段,P027
sjg_oms,finance,reconciliation_task_item,对账任务明细项,子表,8,deleted_at,删除时间,timestamptz,是,,否,否,,P1-内部,,设计字段,P027
sjg_oms,finance,reconciliation_task_item,对账任务明细项,子表,9,master_id,主表ID,uuid,否,,否,否,finance.reconciliation_task.id,P1-内部,,设计字段,P027
sjg_oms,finance,reconciliation_task_item,对账任务明细项,子表,10,field_code,来源字段编码,varchar(128),否,,否,否,,P1-内部,,设计字段,P027
sjg_oms,finance,reconciliation_task_item,对账任务明细项,子表,11,item_seq,明细序号,integer,否,0,否,否,,P1-内部,,设计字段,P027
sjg_oms,finance,reconciliation_task_item,对账任务明细项,子表,12,item_key,明细键,varchar(128),是,,否,否,,P1-内部,,设计字段,P027
sjg_oms,finance,reconciliation_task_item,对账任务明细项,子表,13,item_name,明细名称,varchar(255),是,,否,否,,P1-内部,,设计字段,P027
sjg_oms,finance,reconciliation_task_item,对账任务明细项,子表,14,item_value_text,文本值,text,是,,否,否,,P1-内部,,设计字段,P027
sjg_oms,finance,reconciliation_task_item,对账任务明细项,子表,15,item_value_number,数值,"numeric(24,8)",是,,否,否,,P1-内部,,设计字段,P027
sjg_oms,finance,reconciliation_task_item,对账任务明细项,子表,16,item_value_json,结构化值,jsonb,是,,否,否,,P1-内部,,设计字段,P027
sjg_oms,finance,reconciliation_task_item,对账任务明细项,子表,17,related_object_type,关联对象类型,varchar(128),是,,否,否,,P1-内部,,设计字段,P027
sjg_oms,finance,reconciliation_task_item,对账任务明细项,子表,18,related_object_id,关联对象ID,uuid,是,,否,否,,P1-内部,,设计字段,P027
sjg_oms,finance,reconciliation_task_item,对账任务明细项,子表,19,amount,金额,"numeric(18,2)",是,,否,否,,P1-内部,,设计字段,P027
sjg_oms,finance,reconciliation_task_item,对账任务明细项,子表,20,quantity,数量,"numeric(18,6)",是,,否,否,,P1-内部,,设计字段,P027
sjg_oms,finance,reconciliation_task_item,对账任务明细项,子表,21,sort_no,排序,integer,否,0,否,否,,P1-内部,,设计字段,P027
sjg_oms,fleet,vehicle_dispatch,车辆派车主表,主表,1,id,主键ID,uuid,否,gen_random_uuid(),是,否,,P1-内部,,设计字段,P054
sjg_oms,fleet,vehicle_dispatch,车辆派车主表,主表,2,tenant_id,租户ID,uuid,否,,否,否,core.tenant.id,P1-内部,所有业务唯一键必须包含tenant_id,设计字段,P054
sjg_oms,fleet,vehicle_dispatch,车辆派车主表,主表,3,business_no,业务单号,varchar(64),否,,否,是,,P1-内部,租户内唯一；由core.sequence_rule生成,设计字段,P054
sjg_oms,fleet,vehicle_dispatch,车辆派车主表,主表,4,workflow_instance_id,流程实例ID,uuid,是,,否,否,workflow.wf_instance.id,P1-内部,,设计字段,P054
sjg_oms,fleet,vehicle_dispatch,车辆派车主表,主表,5,status,业务状态,varchar(32),否,'DRAFT',否,否,,P1-内部,仅由状态机合法迁移,设计字段,P054
sjg_oms,fleet,vehicle_dispatch,车辆派车主表,主表,6,version_no,乐观锁版本,integer,否,0,否,否,,P1-内部,更新时version_no+1，冲突则拒绝,设计字段,P054
sjg_oms,fleet,vehicle_dispatch,车辆派车主表,主表,7,created_by,创建人,uuid,是,,否,否,org.employee.id,P1-内部,,设计字段,P054
sjg_oms,fleet,vehicle_dispatch,车辆派车主表,主表,8,created_at,创建时间,timestamptz,否,now(),否,否,,P1-内部,,设计字段,P054
sjg_oms,fleet,vehicle_dispatch,车辆派车主表,主表,9,updated_by,更新人,uuid,是,,否,否,org.employee.id,P1-内部,,设计字段,P054
sjg_oms,fleet,vehicle_dispatch,车辆派车主表,主表,10,updated_at,更新时间,timestamptz,否,now(),否,否,,P1-内部,,设计字段,P054
sjg_oms,fleet,vehicle_dispatch,车辆派车主表,主表,11,is_deleted,逻辑删除,boolean,否,false,否,否,,P1-内部,,设计字段,P054
sjg_oms,fleet,vehicle_dispatch,车辆派车主表,主表,12,deleted_at,删除时间,timestamptz,是,,否,否,,P1-内部,,设计字段,P054
sjg_oms,fleet,vehicle_dispatch,车辆派车主表,主表,13,source_channel,来源渠道,varchar(32),是,,否,否,,P1-内部,,设计字段,P054
sjg_oms,fleet,vehicle_dispatch,车辆派车主表,主表,14,business_date,业务日期,date,是,,否,否,,P1-内部,,设计字段,P054
sjg_oms,fleet,vehicle_dispatch,车辆派车主表,主表,15,subject,主题,varchar(255),是,,否,否,,P1-内部,,设计字段,P054
sjg_oms,fleet,vehicle_dispatch,车辆派车主表,主表,16,reason,原因,text,是,,否,否,,P1-内部,,设计字段,P054
sjg_oms,fleet,vehicle_dispatch,车辆派车主表,主表,17,priority,优先级,varchar(16),否,'NORMAL',否,否,,P1-内部,,设计字段,P054
sjg_oms,fleet,vehicle_dispatch,车辆派车主表,主表,18,risk_level,风险等级,varchar(16),是,,否,否,,P1-内部,,设计字段,P054
sjg_oms,fleet,vehicle_dispatch,车辆派车主表,主表,19,owner_center_id,归属中心,uuid,是,,否,否,org.organization.id,P1-内部,,设计字段,P054
sjg_oms,fleet,vehicle_dispatch,车辆派车主表,主表,20,owner_department_id,归属部门,uuid,是,,否,否,org.organization.id,P1-内部,,设计字段,P054
sjg_oms,fleet,vehicle_dispatch,车辆派车主表,主表,21,owner_employee_id,责任人,uuid,是,,否,否,org.employee.id,P1-内部,,设计字段,P054
sjg_oms,fleet,vehicle_dispatch,车辆派车主表,主表,22,planned_start_at,计划开始,timestamptz,是,,否,否,,P1-内部,,设计字段,P054
sjg_oms,fleet,vehicle_dispatch,车辆派车主表,主表,23,planned_finish_at,计划完成,timestamptz,是,,否,否,,P1-内部,,设计字段,P054
sjg_oms,fleet,vehicle_dispatch,车辆派车主表,主表,24,actual_start_at,实际开始,timestamptz,是,,否,否,,P1-内部,,设计字段,P054
sjg_oms,fleet,vehicle_dispatch,车辆派车主表,主表,25,actual_end_at,实际完成,timestamptz,是,,否,否,,P1-内部,,设计字段,P054
sjg_oms,fleet,vehicle_dispatch,车辆派车主表,主表,26,result_summary,结果摘要,text,是,,否,否,,P1-内部,,设计字段,P054
sjg_oms,fleet,vehicle_dispatch,车辆派车主表,主表,27,closed_at,关闭时间,timestamptz,是,,否,否,,P1-内部,,设计字段,P054
sjg_oms,fleet,vehicle_dispatch,车辆派车主表,主表,28,actual_amount,实际金额,"numeric(18,2)",是,,否,否,,P1-内部,,原始流程字段,P054
sjg_oms,fleet,vehicle_dispatch,车辆派车主表,主表,29,driver_id,驾驶员,varchar(32),是,,否,否,,P1-内部,,原始流程字段,P054
sjg_oms,fleet,vehicle_dispatch,车辆派车主表,主表,30,guest_team_name,客户/团队名称,varchar(200),否,,否,否,,P1-内部,,原始流程字段,P054
sjg_oms,fleet,vehicle_dispatch,车辆派车主表,主表,31,logistics_resource_type,资源类型,varchar(64),否,,否,否,,P1-内部,,原始流程字段,P054
sjg_oms,fleet,vehicle_dispatch,车辆派车主表,主表,32,reception_level,接待等级,varchar(64),否,,否,否,,P1-内部,,原始流程字段,P054
sjg_oms,fleet,vehicle_dispatch,车辆派车主表,主表,33,reception_team_no,接待/团队编号,varchar(64),否,,否,否,,P1-内部,,原始流程字段,P054
sjg_oms,fleet,vehicle_dispatch,车辆派车主表,主表,34,resource_no,车辆/房间/床位编号,varchar(64),否,,否,否,,P1-内部,,原始流程字段,P054
sjg_oms,fleet,vehicle_dispatch,车辆派车主表,主表,35,resource_user_id,使用人/入住人,varchar(32),否,,否,否,,P1-内部,,原始流程字段,P054
sjg_oms,fleet,vehicle_dispatch,车辆派车主表,主表,36,return_condition,交付/归还状态,varchar(64),是,,否,否,,P1-内部,,原始流程字段,P054
sjg_oms,fleet,vehicle_dispatch,车辆派车主表,主表,37,route_plan,行程/路线,text,是,,否,否,,P1-内部,,原始流程字段,P054
sjg_oms,fleet,vehicle_dispatch,车辆派车主表,主表,38,usage_metric,里程/用量,"numeric(18,6)",是,,否,否,,P1-内部,,原始流程字段,P054
sjg_oms,fleet,vehicle_dispatch,车辆派车主表,主表,39,use_end_at,使用结束时间,timestamptz,是,,否,否,,P1-内部,,原始流程字段,P054
sjg_oms,fleet,vehicle_dispatch,车辆派车主表,主表,40,use_start_at,使用开始时间,timestamptz,否,,否,否,,P1-内部,,原始流程字段,P054
sjg_oms,fleet,vehicle_incident,车辆事故主表,主表,1,id,主键ID,uuid,否,gen_random_uuid(),是,否,,P1-内部,,设计字段,P055
sjg_oms,fleet,vehicle_incident,车辆事故主表,主表,2,tenant_id,租户ID,uuid,否,,否,否,core.tenant.id,P1-内部,所有业务唯一键必须包含tenant_id,设计字段,P055
sjg_oms,fleet,vehicle_incident,车辆事故主表,主表,3,business_no,业务单号,varchar(64),否,,否,是,,P1-内部,租户内唯一；由core.sequence_rule生成,设计字段,P055
sjg_oms,fleet,vehicle_incident,车辆事故主表,主表,4,workflow_instance_id,流程实例ID,uuid,是,,否,否,workflow.wf_instance.id,P1-内部,,设计字段,P055
sjg_oms,fleet,vehicle_incident,车辆事故主表,主表,5,status,业务状态,varchar(32),否,'DRAFT',否,否,,P1-内部,仅由状态机合法迁移,设计字段,P055
sjg_oms,fleet,vehicle_incident,车辆事故主表,主表,6,version_no,乐观锁版本,integer,否,0,否,否,,P1-内部,更新时version_no+1，冲突则拒绝,设计字段,P055
sjg_oms,fleet,vehicle_incident,车辆事故主表,主表,7,created_by,创建人,uuid,是,,否,否,org.employee.id,P1-内部,,设计字段,P055
sjg_oms,fleet,vehicle_incident,车辆事故主表,主表,8,created_at,创建时间,timestamptz,否,now(),否,否,,P1-内部,,设计字段,P055
sjg_oms,fleet,vehicle_incident,车辆事故主表,主表,9,updated_by,更新人,uuid,是,,否,否,org.employee.id,P1-内部,,设计字段,P055
sjg_oms,fleet,vehicle_incident,车辆事故主表,主表,10,updated_at,更新时间,timestamptz,否,now(),否,否,,P1-内部,,设计字段,P055
sjg_oms,fleet,vehicle_incident,车辆事故主表,主表,11,is_deleted,逻辑删除,boolean,否,false,否,否,,P1-内部,,设计字段,P055
sjg_oms,fleet,vehicle_incident,车辆事故主表,主表,12,deleted_at,删除时间,timestamptz,是,,否,否,,P1-内部,,设计字段,P055
sjg_oms,fleet,vehicle_incident,车辆事故主表,主表,13,source_channel,来源渠道,varchar(32),是,,否,否,,P1-内部,,设计字段,P055
sjg_oms,fleet,vehicle_incident,车辆事故主表,主表,14,business_date,业务日期,date,是,,否,否,,P1-内部,,设计字段,P055
sjg_oms,fleet,vehicle_incident,车辆事故主表,主表,15,subject,主题,varchar(255),是,,否,否,,P1-内部,,设计字段,P055
sjg_oms,fleet,vehicle_incident,车辆事故主表,主表,16,reason,原因,text,是,,否,否,,P1-内部,,设计字段,P055
sjg_oms,fleet,vehicle_incident,车辆事故主表,主表,17,priority,优先级,varchar(16),否,'NORMAL',否,否,,P1-内部,,设计字段,P055
sjg_oms,fleet,vehicle_incident,车辆事故主表,主表,18,risk_level,风险等级,varchar(16),是,,否,否,,P1-内部,,设计字段,P055
sjg_oms,fleet,vehicle_incident,车辆事故主表,主表,19,owner_center_id,归属中心,uuid,是,,否,否,org.organization.id,P1-内部,,设计字段,P055
sjg_oms,fleet,vehicle_incident,车辆事故主表,主表,20,owner_department_id,归属部门,uuid,是,,否,否,org.organization.id,P1-内部,,设计字段,P055
sjg_oms,fleet,vehicle_incident,车辆事故主表,主表,21,owner_employee_id,责任人,uuid,是,,否,否,org.employee.id,P1-内部,,设计字段,P055
sjg_oms,fleet,vehicle_incident,车辆事故主表,主表,22,planned_start_at,计划开始,timestamptz,是,,否,否,,P1-内部,,设计字段,P055
sjg_oms,fleet,vehicle_incident,车辆事故主表,主表,23,planned_finish_at,计划完成,timestamptz,是,,否,否,,P1-内部,,设计字段,P055
sjg_oms,fleet,vehicle_incident,车辆事故主表,主表,24,actual_start_at,实际开始,timestamptz,是,,否,否,,P1-内部,,设计字段,P055
sjg_oms,fleet,vehicle_incident,车辆事故主表,主表,25,actual_end_at,实际完成,timestamptz,是,,否,否,,P1-内部,,设计字段,P055
sjg_oms,fleet,vehicle_incident,车辆事故主表,主表,26,result_summary,结果摘要,text,是,,否,否,,P1-内部,,设计字段,P055
sjg_oms,fleet,vehicle_incident,车辆事故主表,主表,27,closed_at,关闭时间,timestamptz,是,,否,否,,P1-内部,,设计字段,P055
sjg_oms,fleet,vehicle_incident,车辆事故主表,主表,28,actual_amount,实际金额,"numeric(18,2)",是,,否,否,,P1-内部,,原始流程字段,P055
sjg_oms,fleet,vehicle_incident,车辆事故主表,主表,29,driver_id,驾驶员,varchar(32),是,,否,否,,P1-内部,,原始流程字段,P055
sjg_oms,fleet,vehicle_incident,车辆事故主表,主表,30,incident_area_id,发生区域,varchar(64),否,,否,否,,P1-内部,,原始流程字段,P055
sjg_oms,fleet,vehicle_incident,车辆事故主表,主表,31,incident_patrol_no,事件/巡检编号,varchar(64),否,,否,否,,P1-内部,,原始流程字段,P055
sjg_oms,fleet,vehicle_incident,车辆事故主表,主表,32,incident_type,事件类型,varchar(64),否,,否,否,,P1-内部,,原始流程字段,P055
sjg_oms,fleet,vehicle_incident,车辆事故主表,主表,33,logistics_resource_type,资源类型,varchar(64),否,,否,否,,P1-内部,,原始流程字段,P055
sjg_oms,fleet,vehicle_incident,车辆事故主表,主表,34,resource_no,车辆/房间/床位编号,varchar(64),否,,否,否,,P1-内部,,原始流程字段,P055
sjg_oms,fleet,vehicle_incident,车辆事故主表,主表,35,resource_user_id,使用人/入住人,varchar(32),否,,否,否,,P1-内部,,原始流程字段,P055
sjg_oms,fleet,vehicle_incident,车辆事故主表,主表,36,return_condition,交付/归还状态,varchar(64),是,,否,否,,P1-内部,,原始流程字段,P055
sjg_oms,fleet,vehicle_incident,车辆事故主表,主表,37,route_plan,行程/路线,text,是,,否,否,,P1-内部,,原始流程字段,P055
sjg_oms,fleet,vehicle_incident,车辆事故主表,主表,38,usage_metric,里程/用量,"numeric(18,6)",是,,否,否,,P1-内部,,原始流程字段,P055
sjg_oms,fleet,vehicle_incident,车辆事故主表,主表,39,use_end_at,使用结束时间,timestamptz,是,,否,否,,P1-内部,,原始流程字段,P055
sjg_oms,fleet,vehicle_incident,车辆事故主表,主表,40,use_start_at,使用开始时间,timestamptz,否,,否,否,,P1-内部,,原始流程字段,P055
sjg_oms,hr,employee_offboarding,员工离职主表,主表,1,id,主键ID,uuid,否,gen_random_uuid(),是,否,,P1-内部,,设计字段,P030
sjg_oms,hr,employee_offboarding,员工离职主表,主表,2,tenant_id,租户ID,uuid,否,,否,否,core.tenant.id,P1-内部,所有业务唯一键必须包含tenant_id,设计字段,P030
sjg_oms,hr,employee_offboarding,员工离职主表,主表,3,business_no,业务单号,varchar(64),否,,否,是,,P1-内部,租户内唯一；由core.sequence_rule生成,设计字段,P030
sjg_oms,hr,employee_offboarding,员工离职主表,主表,4,workflow_instance_id,流程实例ID,uuid,是,,否,否,workflow.wf_instance.id,P1-内部,,设计字段,P030
sjg_oms,hr,employee_offboarding,员工离职主表,主表,5,status,业务状态,varchar(32),否,'DRAFT',否,否,,P1-内部,仅由状态机合法迁移,设计字段,P030
sjg_oms,hr,employee_offboarding,员工离职主表,主表,6,version_no,乐观锁版本,integer,否,0,否,否,,P1-内部,更新时version_no+1，冲突则拒绝,设计字段,P030
sjg_oms,hr,employee_offboarding,员工离职主表,主表,7,created_by,创建人,uuid,是,,否,否,org.employee.id,P1-内部,,设计字段,P030
sjg_oms,hr,employee_offboarding,员工离职主表,主表,8,created_at,创建时间,timestamptz,否,now(),否,否,,P1-内部,,设计字段,P030
sjg_oms,hr,employee_offboarding,员工离职主表,主表,9,updated_by,更新人,uuid,是,,否,否,org.employee.id,P1-内部,,设计字段,P030
sjg_oms,hr,employee_offboarding,员工离职主表,主表,10,updated_at,更新时间,timestamptz,否,now(),否,否,,P1-内部,,设计字段,P030
sjg_oms,hr,employee_offboarding,员工离职主表,主表,11,is_deleted,逻辑删除,boolean,否,false,否,否,,P1-内部,,设计字段,P030
sjg_oms,hr,employee_offboarding,员工离职主表,主表,12,deleted_at,删除时间,timestamptz,是,,否,否,,P1-内部,,设计字段,P030
sjg_oms,hr,employee_offboarding,员工离职主表,主表,13,source_channel,来源渠道,varchar(32),是,,否,否,,P1-内部,,设计字段,P030
sjg_oms,hr,employee_offboarding,员工离职主表,主表,14,business_date,业务日期,date,是,,否,否,,P1-内部,,设计字段,P030
sjg_oms,hr,employee_offboarding,员工离职主表,主表,15,subject,主题,varchar(255),是,,否,否,,P1-内部,,设计字段,P030
sjg_oms,hr,employee_offboarding,员工离职主表,主表,16,reason,原因,text,是,,否,否,,P1-内部,,设计字段,P030
sjg_oms,hr,employee_offboarding,员工离职主表,主表,17,priority,优先级,varchar(16),否,'NORMAL',否,否,,P1-内部,,设计字段,P030
sjg_oms,hr,employee_offboarding,员工离职主表,主表,18,risk_level,风险等级,varchar(16),是,,否,否,,P1-内部,,设计字段,P030
sjg_oms,hr,employee_offboarding,员工离职主表,主表,19,owner_center_id,归属中心,uuid,是,,否,否,org.organization.id,P1-内部,,设计字段,P030
sjg_oms,hr,employee_offboarding,员工离职主表,主表,20,owner_department_id,归属部门,uuid,是,,否,否,org.organization.id,P1-内部,,设计字段,P030
sjg_oms,hr,employee_offboarding,员工离职主表,主表,21,owner_employee_id,责任人,uuid,是,,否,否,org.employee.id,P1-内部,,设计字段,P030
sjg_oms,hr,employee_offboarding,员工离职主表,主表,22,planned_start_at,计划开始,timestamptz,是,,否,否,,P1-内部,,设计字段,P030
sjg_oms,hr,employee_offboarding,员工离职主表,主表,23,planned_finish_at,计划完成,timestamptz,是,,否,否,,P1-内部,,设计字段,P030
sjg_oms,hr,employee_offboarding,员工离职主表,主表,24,actual_start_at,实际开始,timestamptz,是,,否,否,,P1-内部,,设计字段,P030
sjg_oms,hr,employee_offboarding,员工离职主表,主表,25,actual_end_at,实际完成,timestamptz,是,,否,否,,P1-内部,,设计字段,P030
sjg_oms,hr,employee_offboarding,员工离职主表,主表,26,result_summary,结果摘要,text,是,,否,否,,P1-内部,,设计字段,P030
sjg_oms,hr,employee_offboarding,员工离职主表,主表,27,closed_at,关闭时间,timestamptz,是,,否,否,,P1-内部,,设计字段,P030
sjg_oms,hr,employee_offboarding,员工离职主表,主表,28,actual_amount,实际金额,"numeric(18,2)",是,,否,否,,P1-内部,,原始流程字段,P030
sjg_oms,hr,employee_offboarding,员工离职主表,主表,29,actual_effective_date,实际生效日期,date,是,,否,否,,P1-内部,,原始流程字段,P030
sjg_oms,hr,employee_offboarding,员工离职主表,主表,30,budget_item_id,预算项目,varchar(32),是,,否,否,,P1-内部,,原始流程字段,P030
sjg_oms,hr,employee_offboarding,员工离职主表,主表,31,cost_center_id,成本中心,varchar(32),否,,否,否,,P1-内部,,原始流程字段,P030
sjg_oms,hr,employee_offboarding,员工离职主表,主表,32,employment_type,用工/任职类型,varchar(64),否,,否,否,,P1-内部,,原始流程字段,P030
sjg_oms,hr,employee_offboarding,员工离职主表,主表,33,headcount_no,编制编号,varchar(32),是,,否,否,,P1-内部,,原始流程字段,P030
sjg_oms,hr,employee_offboarding,员工离职主表,主表,34,person_name,姓名,varchar(50),否,,否,否,,P2-个人,,原始流程字段,P030
sjg_oms,hr,employee_offboarding,员工离职主表,主表,35,person_no,人员/候选人编号,varchar(32),否,,否,否,,P1-内部,,原始流程字段,P030
sjg_oms,hr,employee_offboarding,员工离职主表,主表,36,planned_effective_date,计划生效日期,date,否,,否,否,,P1-内部,,原始流程字段,P030
sjg_oms,hr,employee_offboarding,员工离职主表,主表,37,salary_budget_range,薪酬预算范围,varchar(100),是,,否,否,,P3-高度敏感,,原始流程字段,P030
sjg_oms,hr,employee_offboarding,员工离职主表,主表,38,target_grade_id,职级/等级,varchar(32),是,,否,否,,P1-内部,,原始流程字段,P030
sjg_oms,hr,employee_offboarding,员工离职主表,主表,39,target_job_id,目标岗位,varchar(32),否,,否,否,,P1-内部,,原始流程字段,P030
sjg_oms,hr,employee_offboarding_item,员工离职明细项,子表,1,id,主键ID,uuid,否,gen_random_uuid(),是,否,,P1-内部,,设计字段,P030
sjg_oms,hr,employee_offboarding_item,员工离职明细项,子表,2,tenant_id,租户ID,uuid,否,,否,否,core.tenant.id,P1-内部,所有业务唯一键必须包含tenant_id,设计字段,P030
sjg_oms,hr,employee_offboarding_item,员工离职明细项,子表,3,created_by,创建人,uuid,是,,否,否,org.employee.id,P1-内部,,设计字段,P030
sjg_oms,hr,employee_offboarding_item,员工离职明细项,子表,4,created_at,创建时间,timestamptz,否,now(),否,否,,P1-内部,,设计字段,P030
sjg_oms,hr,employee_offboarding_item,员工离职明细项,子表,5,updated_by,更新人,uuid,是,,否,否,org.employee.id,P1-内部,,设计字段,P030
sjg_oms,hr,employee_offboarding_item,员工离职明细项,子表,6,updated_at,更新时间,timestamptz,否,now(),否,否,,P1-内部,,设计字段,P030
sjg_oms,hr,employee_offboarding_item,员工离职明细项,子表,7,is_deleted,逻辑删除,boolean,否,false,否,否,,P1-内部,,设计字段,P030
sjg_oms,hr,employee_offboarding_item,员工离职明细项,子表,8,deleted_at,删除时间,timestamptz,是,,否,否,,P1-内部,,设计字段,P030
sjg_oms,hr,employee_offboarding_item,员工离职明细项,子表,9,master_id,主表ID,uuid,否,,否,否,hr.employee_offboarding.id,P1-内部,,设计字段,P030
sjg_oms,hr,employee_offboarding_item,员工离职明细项,子表,10,field_code,来源字段编码,varchar(128),否,,否,否,,P1-内部,,设计字段,P030
sjg_oms,hr,employee_offboarding_item,员工离职明细项,子表,11,item_seq,明细序号,integer,否,0,否,否,,P1-内部,,设计字段,P030
sjg_oms,hr,employee_offboarding_item,员工离职明细项,子表,12,item_key,明细键,varchar(128),是,,否,否,,P1-内部,,设计字段,P030
sjg_oms,hr,employee_offboarding_item,员工离职明细项,子表,13,item_name,明细名称,varchar(255),是,,否,否,,P1-内部,,设计字段,P030
sjg_oms,hr,employee_offboarding_item,员工离职明细项,子表,14,item_value_text,文本值,text,是,,否,否,,P1-内部,,设计字段,P030
sjg_oms,hr,employee_offboarding_item,员工离职明细项,子表,15,item_value_number,数值,"numeric(24,8)",是,,否,否,,P1-内部,,设计字段,P030
sjg_oms,hr,employee_offboarding_item,员工离职明细项,子表,16,item_value_json,结构化值,jsonb,是,,否,否,,P1-内部,,设计字段,P030
sjg_oms,hr,employee_offboarding_item,员工离职明细项,子表,17,related_object_type,关联对象类型,varchar(128),是,,否,否,,P1-内部,,设计字段,P030
sjg_oms,hr,employee_offboarding_item,员工离职明细项,子表,18,related_object_id,关联对象ID,uuid,是,,否,否,,P1-内部,,设计字段,P030
sjg_oms,hr,employee_offboarding_item,员工离职明细项,子表,19,amount,金额,"numeric(18,2)",是,,否,否,,P1-内部,,设计字段,P030
sjg_oms,hr,employee_offboarding_item,员工离职明细项,子表,20,quantity,数量,"numeric(18,6)",是,,否,否,,P1-内部,,设计字段,P030
sjg_oms,hr,employee_offboarding_item,员工离职明细项,子表,21,sort_no,排序,integer,否,0,否,否,,P1-内部,,设计字段,P030
sjg_oms,hr,employee_onboarding,员工入职主表,主表,1,id,主键ID,uuid,否,gen_random_uuid(),是,否,,P1-内部,,设计字段,P028
sjg_oms,hr,employee_onboarding,员工入职主表,主表,2,tenant_id,租户ID,uuid,否,,否,否,core.tenant.id,P1-内部,所有业务唯一键必须包含tenant_id,设计字段,P028
sjg_oms,hr,employee_onboarding,员工入职主表,主表,3,business_no,业务单号,varchar(64),否,,否,是,,P1-内部,租户内唯一；由core.sequence_rule生成,设计字段,P028
sjg_oms,hr,employee_onboarding,员工入职主表,主表,4,workflow_instance_id,流程实例ID,uuid,是,,否,否,workflow.wf_instance.id,P1-内部,,设计字段,P028
sjg_oms,hr,employee_onboarding,员工入职主表,主表,5,status,业务状态,varchar(32),否,'DRAFT',否,否,,P1-内部,仅由状态机合法迁移,设计字段,P028
sjg_oms,hr,employee_onboarding,员工入职主表,主表,6,version_no,乐观锁版本,integer,否,0,否,否,,P1-内部,更新时version_no+1，冲突则拒绝,设计字段,P028
sjg_oms,hr,employee_onboarding,员工入职主表,主表,7,created_by,创建人,uuid,是,,否,否,org.employee.id,P1-内部,,设计字段,P028
sjg_oms,hr,employee_onboarding,员工入职主表,主表,8,created_at,创建时间,timestamptz,否,now(),否,否,,P1-内部,,设计字段,P028
sjg_oms,hr,employee_onboarding,员工入职主表,主表,9,updated_by,更新人,uuid,是,,否,否,org.employee.id,P1-内部,,设计字段,P028
sjg_oms,hr,employee_onboarding,员工入职主表,主表,10,updated_at,更新时间,timestamptz,否,now(),否,否,,P1-内部,,设计字段,P028
sjg_oms,hr,employee_onboarding,员工入职主表,主表,11,is_deleted,逻辑删除,boolean,否,false,否,否,,P1-内部,,设计字段,P028
sjg_oms,hr,employee_onboarding,员工入职主表,主表,12,deleted_at,删除时间,timestamptz,是,,否,否,,P1-内部,,设计字段,P028
sjg_oms,hr,employee_onboarding,员工入职主表,主表,13,source_channel,来源渠道,varchar(32),是,,否,否,,P1-内部,,设计字段,P028
sjg_oms,hr,employee_onboarding,员工入职主表,主表,14,business_date,业务日期,date,是,,否,否,,P1-内部,,设计字段,P028
sjg_oms,hr,employee_onboarding,员工入职主表,主表,15,subject,主题,varchar(255),是,,否,否,,P1-内部,,设计字段,P028
sjg_oms,hr,employee_onboarding,员工入职主表,主表,16,reason,原因,text,是,,否,否,,P1-内部,,设计字段,P028
sjg_oms,hr,employee_onboarding,员工入职主表,主表,17,priority,优先级,varchar(16),否,'NORMAL',否,否,,P1-内部,,设计字段,P028
sjg_oms,hr,employee_onboarding,员工入职主表,主表,18,risk_level,风险等级,varchar(16),是,,否,否,,P1-内部,,设计字段,P028
sjg_oms,hr,employee_onboarding,员工入职主表,主表,19,owner_center_id,归属中心,uuid,是,,否,否,org.organization.id,P1-内部,,设计字段,P028
sjg_oms,hr,employee_onboarding,员工入职主表,主表,20,owner_department_id,归属部门,uuid,是,,否,否,org.organization.id,P1-内部,,设计字段,P028
sjg_oms,hr,employee_onboarding,员工入职主表,主表,21,owner_employee_id,责任人,uuid,是,,否,否,org.employee.id,P1-内部,,设计字段,P028
sjg_oms,hr,employee_onboarding,员工入职主表,主表,22,planned_start_at,计划开始,timestamptz,是,,否,否,,P1-内部,,设计字段,P028
sjg_oms,hr,employee_onboarding,员工入职主表,主表,23,planned_finish_at,计划完成,timestamptz,是,,否,否,,P1-内部,,设计字段,P028
sjg_oms,hr,employee_onboarding,员工入职主表,主表,24,actual_start_at,实际开始,timestamptz,是,,否,否,,P1-内部,,设计字段,P028
sjg_oms,hr,employee_onboarding,员工入职主表,主表,25,actual_end_at,实际完成,timestamptz,是,,否,否,,P1-内部,,设计字段,P028
sjg_oms,hr,employee_onboarding,员工入职主表,主表,26,result_summary,结果摘要,text,是,,否,否,,P1-内部,,设计字段,P028
sjg_oms,hr,employee_onboarding,员工入职主表,主表,27,closed_at,关闭时间,timestamptz,是,,否,否,,P1-内部,,设计字段,P028
sjg_oms,hr,employee_onboarding,员工入职主表,主表,28,actual_amount,实际金额,"numeric(18,2)",是,,否,否,,P1-内部,,原始流程字段,P028
sjg_oms,hr,employee_onboarding,员工入职主表,主表,29,actual_effective_date,实际生效日期,date,是,,否,否,,P1-内部,,原始流程字段,P028
sjg_oms,hr,employee_onboarding,员工入职主表,主表,30,employment_type,用工/任职类型,varchar(64),否,,否,否,,P1-内部,,原始流程字段,P028
sjg_oms,hr,employee_onboarding,员工入职主表,主表,31,headcount_no,编制编号,varchar(32),是,,否,否,,P1-内部,,原始流程字段,P028
sjg_oms,hr,employee_onboarding,员工入职主表,主表,32,period_or_course_no,周期/课程编号,varchar(32),否,,否,否,,P1-内部,,原始流程字段,P028
sjg_oms,hr,employee_onboarding,员工入职主表,主表,33,person_name,姓名,varchar(50),否,,否,否,,P2-个人,,原始流程字段,P028
sjg_oms,hr,employee_onboarding,员工入职主表,主表,34,person_no,人员/候选人编号,varchar(32),否,,否,否,,P1-内部,,原始流程字段,P028
sjg_oms,hr,employee_onboarding,员工入职主表,主表,35,planned_effective_date,计划生效日期,date,否,,否,否,,P1-内部,,原始流程字段,P028
sjg_oms,hr,employee_onboarding,员工入职主表,主表,36,salary_budget_range,薪酬预算范围,varchar(100),是,,否,否,,P3-高度敏感,,原始流程字段,P028
sjg_oms,hr,employee_onboarding,员工入职主表,主表,37,target_grade_id,职级/等级,varchar(32),是,,否,否,,P1-内部,,原始流程字段,P028
sjg_oms,hr,employee_onboarding,员工入职主表,主表,38,target_job_id,目标岗位,varchar(32),否,,否,否,,P1-内部,,原始流程字段,P028
sjg_oms,hr,employee_onboarding_item,员工入职明细项,子表,1,id,主键ID,uuid,否,gen_random_uuid(),是,否,,P1-内部,,设计字段,P028
sjg_oms,hr,employee_onboarding_item,员工入职明细项,子表,2,tenant_id,租户ID,uuid,否,,否,否,core.tenant.id,P1-内部,所有业务唯一键必须包含tenant_id,设计字段,P028
sjg_oms,hr,employee_onboarding_item,员工入职明细项,子表,3,created_by,创建人,uuid,是,,否,否,org.employee.id,P1-内部,,设计字段,P028
sjg_oms,hr,employee_onboarding_item,员工入职明细项,子表,4,created_at,创建时间,timestamptz,否,now(),否,否,,P1-内部,,设计字段,P028
sjg_oms,hr,employee_onboarding_item,员工入职明细项,子表,5,updated_by,更新人,uuid,是,,否,否,org.employee.id,P1-内部,,设计字段,P028
sjg_oms,hr,employee_onboarding_item,员工入职明细项,子表,6,updated_at,更新时间,timestamptz,否,now(),否,否,,P1-内部,,设计字段,P028
sjg_oms,hr,employee_onboarding_item,员工入职明细项,子表,7,is_deleted,逻辑删除,boolean,否,false,否,否,,P1-内部,,设计字段,P028
sjg_oms,hr,employee_onboarding_item,员工入职明细项,子表,8,deleted_at,删除时间,timestamptz,是,,否,否,,P1-内部,,设计字段,P028
sjg_oms,hr,employee_onboarding_item,员工入职明细项,子表,9,master_id,主表ID,uuid,否,,否,否,hr.employee_onboarding.id,P1-内部,,设计字段,P028
sjg_oms,hr,employee_onboarding_item,员工入职明细项,子表,10,field_code,来源字段编码,varchar(128),否,,否,否,,P1-内部,,设计字段,P028
sjg_oms,hr,employee_onboarding_item,员工入职明细项,子表,11,item_seq,明细序号,integer,否,0,否,否,,P1-内部,,设计字段,P028
sjg_oms,hr,employee_onboarding_item,员工入职明细项,子表,12,item_key,明细键,varchar(128),是,,否,否,,P1-内部,,设计字段,P028
sjg_oms,hr,employee_onboarding_item,员工入职明细项,子表,13,item_name,明细名称,varchar(255),是,,否,否,,P1-内部,,设计字段,P028
sjg_oms,hr,employee_onboarding_item,员工入职明细项,子表,14,item_value_text,文本值,text,是,,否,否,,P1-内部,,设计字段,P028
sjg_oms,hr,employee_onboarding_item,员工入职明细项,子表,15,item_value_number,数值,"numeric(24,8)",是,,否,否,,P1-内部,,设计字段,P028
sjg_oms,hr,employee_onboarding_item,员工入职明细项,子表,16,item_value_json,结构化值,jsonb,是,,否,否,,P1-内部,,设计字段,P028
sjg_oms,hr,employee_onboarding_item,员工入职明细项,子表,17,related_object_type,关联对象类型,varchar(128),是,,否,否,,P1-内部,,设计字段,P028
sjg_oms,hr,employee_onboarding_item,员工入职明细项,子表,18,related_object_id,关联对象ID,uuid,是,,否,否,,P1-内部,,设计字段,P028
sjg_oms,hr,employee_onboarding_item,员工入职明细项,子表,19,amount,金额,"numeric(18,2)",是,,否,否,,P1-内部,,设计字段,P028
sjg_oms,hr,employee_onboarding_item,员工入职明细项,子表,20,quantity,数量,"numeric(18,6)",是,,否,否,,P1-内部,,设计字段,P028
sjg_oms,hr,employee_onboarding_item,员工入职明细项,子表,21,sort_no,排序,integer,否,0,否,否,,P1-内部,,设计字段,P028
sjg_oms,hr,employee_profile_change,员工资料变更主表,主表,1,id,主键ID,uuid,否,gen_random_uuid(),是,否,,P1-内部,,设计字段,P003
sjg_oms,hr,employee_profile_change,员工资料变更主表,主表,2,tenant_id,租户ID,uuid,否,,否,否,core.tenant.id,P1-内部,所有业务唯一键必须包含tenant_id,设计字段,P003
sjg_oms,hr,employee_profile_change,员工资料变更主表,主表,3,business_no,业务单号,varchar(64),否,,否,是,,P1-内部,租户内唯一；由core.sequence_rule生成,设计字段,P003
sjg_oms,hr,employee_profile_change,员工资料变更主表,主表,4,workflow_instance_id,流程实例ID,uuid,是,,否,否,workflow.wf_instance.id,P1-内部,,设计字段,P003
sjg_oms,hr,employee_profile_change,员工资料变更主表,主表,5,status,业务状态,varchar(32),否,'DRAFT',否,否,,P1-内部,仅由状态机合法迁移,设计字段,P003
sjg_oms,hr,employee_profile_change,员工资料变更主表,主表,6,version_no,乐观锁版本,integer,否,0,否,否,,P1-内部,更新时version_no+1，冲突则拒绝,设计字段,P003
sjg_oms,hr,employee_profile_change,员工资料变更主表,主表,7,created_by,创建人,uuid,是,,否,否,org.employee.id,P1-内部,,设计字段,P003
sjg_oms,hr,employee_profile_change,员工资料变更主表,主表,8,created_at,创建时间,timestamptz,否,now(),否,否,,P1-内部,,设计字段,P003
sjg_oms,hr,employee_profile_change,员工资料变更主表,主表,9,updated_by,更新人,uuid,是,,否,否,org.employee.id,P1-内部,,设计字段,P003
sjg_oms,hr,employee_profile_change,员工资料变更主表,主表,10,updated_at,更新时间,timestamptz,否,now(),否,否,,P1-内部,,设计字段,P003
sjg_oms,hr,employee_profile_change,员工资料变更主表,主表,11,is_deleted,逻辑删除,boolean,否,false,否,否,,P1-内部,,设计字段,P003
sjg_oms,hr,employee_profile_change,员工资料变更主表,主表,12,deleted_at,删除时间,timestamptz,是,,否,否,,P1-内部,,设计字段,P003
sjg_oms,hr,employee_profile_change,员工资料变更主表,主表,13,source_channel,来源渠道,varchar(32),是,,否,否,,P1-内部,,设计字段,P003
sjg_oms,hr,employee_profile_change,员工资料变更主表,主表,14,business_date,业务日期,date,是,,否,否,,P1-内部,,设计字段,P003
sjg_oms,hr,employee_profile_change,员工资料变更主表,主表,15,subject,主题,varchar(255),是,,否,否,,P1-内部,,设计字段,P003
sjg_oms,hr,employee_profile_change,员工资料变更主表,主表,16,reason,原因,text,是,,否,否,,P1-内部,,设计字段,P003
sjg_oms,hr,employee_profile_change,员工资料变更主表,主表,17,priority,优先级,varchar(16),否,'NORMAL',否,否,,P1-内部,,设计字段,P003
sjg_oms,hr,employee_profile_change,员工资料变更主表,主表,18,risk_level,风险等级,varchar(16),是,,否,否,,P1-内部,,设计字段,P003
sjg_oms,hr,employee_profile_change,员工资料变更主表,主表,19,owner_center_id,归属中心,uuid,是,,否,否,org.organization.id,P1-内部,,设计字段,P003
sjg_oms,hr,employee_profile_change,员工资料变更主表,主表,20,owner_department_id,归属部门,uuid,是,,否,否,org.organization.id,P1-内部,,设计字段,P003
sjg_oms,hr,employee_profile_change,员工资料变更主表,主表,21,owner_employee_id,责任人,uuid,是,,否,否,org.employee.id,P1-内部,,设计字段,P003
sjg_oms,hr,employee_profile_change,员工资料变更主表,主表,22,planned_start_at,计划开始,timestamptz,是,,否,否,,P1-内部,,设计字段,P003
sjg_oms,hr,employee_profile_change,员工资料变更主表,主表,23,planned_finish_at,计划完成,timestamptz,是,,否,否,,P1-内部,,设计字段,P003
sjg_oms,hr,employee_profile_change,员工资料变更主表,主表,24,actual_start_at,实际开始,timestamptz,是,,否,否,,P1-内部,,设计字段,P003
sjg_oms,hr,employee_profile_change,员工资料变更主表,主表,25,actual_end_at,实际完成,timestamptz,是,,否,否,,P1-内部,,设计字段,P003
sjg_oms,hr,employee_profile_change,员工资料变更主表,主表,26,result_summary,结果摘要,text,是,,否,否,,P1-内部,,设计字段,P003
sjg_oms,hr,employee_profile_change,员工资料变更主表,主表,27,closed_at,关闭时间,timestamptz,是,,否,否,,P1-内部,,设计字段,P003
sjg_oms,hr,employee_profile_change,员工资料变更主表,主表,28,actual_amount,实际金额,"numeric(18,2)",是,,否,否,,P1-内部,,原始流程字段,P003
sjg_oms,hr,employee_profile_change,员工资料变更主表,主表,29,change_action,操作类型,varchar(64),否,,否,否,,P1-内部,,原始流程字段,P003
sjg_oms,hr,employee_profile_change,员工资料变更主表,主表,30,change_reason,变更原因,text,否,,否,否,,P1-内部,,原始流程字段,P003
sjg_oms,hr,employee_profile_change,员工资料变更主表,主表,31,expected_effective_at,期望生效时间,timestamptz,是,,否,否,,P1-内部,,原始流程字段,P003
sjg_oms,hr,employee_profile_change,员工资料变更主表,主表,32,known_impact,已知影响,text,是,,否,否,,P1-内部,,原始流程字段,P003
sjg_oms,hr,employee_profile_change_item,员工资料变更明细项,子表,1,id,主键ID,uuid,否,gen_random_uuid(),是,否,,P1-内部,,设计字段,P003
sjg_oms,hr,employee_profile_change_item,员工资料变更明细项,子表,2,tenant_id,租户ID,uuid,否,,否,否,core.tenant.id,P1-内部,所有业务唯一键必须包含tenant_id,设计字段,P003
sjg_oms,hr,employee_profile_change_item,员工资料变更明细项,子表,3,created_by,创建人,uuid,是,,否,否,org.employee.id,P1-内部,,设计字段,P003
sjg_oms,hr,employee_profile_change_item,员工资料变更明细项,子表,4,created_at,创建时间,timestamptz,否,now(),否,否,,P1-内部,,设计字段,P003
sjg_oms,hr,employee_profile_change_item,员工资料变更明细项,子表,5,updated_by,更新人,uuid,是,,否,否,org.employee.id,P1-内部,,设计字段,P003
sjg_oms,hr,employee_profile_change_item,员工资料变更明细项,子表,6,updated_at,更新时间,timestamptz,否,now(),否,否,,P1-内部,,设计字段,P003
sjg_oms,hr,employee_profile_change_item,员工资料变更明细项,子表,7,is_deleted,逻辑删除,boolean,否,false,否,否,,P1-内部,,设计字段,P003
sjg_oms,hr,employee_profile_change_item,员工资料变更明细项,子表,8,deleted_at,删除时间,timestamptz,是,,否,否,,P1-内部,,设计字段,P003
sjg_oms,hr,employee_profile_change_item,员工资料变更明细项,子表,9,master_id,主表ID,uuid,否,,否,否,hr.employee_profile_change.id,P1-内部,,设计字段,P003
sjg_oms,hr,employee_profile_change_item,员工资料变更明细项,子表,10,field_code,来源字段编码,varchar(128),否,,否,否,,P1-内部,,设计字段,P003
sjg_oms,hr,employee_profile_change_item,员工资料变更明细项,子表,11,item_seq,明细序号,integer,否,0,否,否,,P1-内部,,设计字段,P003
sjg_oms,hr,employee_profile_change_item,员工资料变更明细项,子表,12,item_key,明细键,varchar(128),是,,否,否,,P1-内部,,设计字段,P003
sjg_oms,hr,employee_profile_change_item,员工资料变更明细项,子表,13,item_name,明细名称,varchar(255),是,,否,否,,P1-内部,,设计字段,P003
sjg_oms,hr,employee_profile_change_item,员工资料变更明细项,子表,14,item_value_text,文本值,text,是,,否,否,,P1-内部,,设计字段,P003
sjg_oms,hr,employee_profile_change_item,员工资料变更明细项,子表,15,item_value_number,数值,"numeric(24,8)",是,,否,否,,P1-内部,,设计字段,P003
sjg_oms,hr,employee_profile_change_item,员工资料变更明细项,子表,16,item_value_json,结构化值,jsonb,是,,否,否,,P1-内部,,设计字段,P003
sjg_oms,hr,employee_profile_change_item,员工资料变更明细项,子表,17,related_object_type,关联对象类型,varchar(128),是,,否,否,,P1-内部,,设计字段,P003
sjg_oms,hr,employee_profile_change_item,员工资料变更明细项,子表,18,related_object_id,关联对象ID,uuid,是,,否,否,,P1-内部,,设计字段,P003
sjg_oms,hr,employee_profile_change_item,员工资料变更明细项,子表,19,amount,金额,"numeric(18,2)",是,,否,否,,P1-内部,,设计字段,P003
sjg_oms,hr,employee_profile_change_item,员工资料变更明细项,子表,20,quantity,数量,"numeric(18,6)",是,,否,否,,P1-内部,,设计字段,P003
sjg_oms,hr,employee_profile_change_item,员工资料变更明细项,子表,21,sort_no,排序,integer,否,0,否,否,,P1-内部,,设计字段,P003
sjg_oms,hr,employee_transfer,员工调岗主表,主表,1,id,主键ID,uuid,否,gen_random_uuid(),是,否,,P1-内部,,设计字段,P029
sjg_oms,hr,employee_transfer,员工调岗主表,主表,2,tenant_id,租户ID,uuid,否,,否,否,core.tenant.id,P1-内部,所有业务唯一键必须包含tenant_id,设计字段,P029
sjg_oms,hr,employee_transfer,员工调岗主表,主表,3,business_no,业务单号,varchar(64),否,,否,是,,P1-内部,租户内唯一；由core.sequence_rule生成,设计字段,P029
sjg_oms,hr,employee_transfer,员工调岗主表,主表,4,workflow_instance_id,流程实例ID,uuid,是,,否,否,workflow.wf_instance.id,P1-内部,,设计字段,P029
sjg_oms,hr,employee_transfer,员工调岗主表,主表,5,status,业务状态,varchar(32),否,'DRAFT',否,否,,P1-内部,仅由状态机合法迁移,设计字段,P029
sjg_oms,hr,employee_transfer,员工调岗主表,主表,6,version_no,乐观锁版本,integer,否,0,否,否,,P1-内部,更新时version_no+1，冲突则拒绝,设计字段,P029
sjg_oms,hr,employee_transfer,员工调岗主表,主表,7,created_by,创建人,uuid,是,,否,否,org.employee.id,P1-内部,,设计字段,P029
sjg_oms,hr,employee_transfer,员工调岗主表,主表,8,created_at,创建时间,timestamptz,否,now(),否,否,,P1-内部,,设计字段,P029
sjg_oms,hr,employee_transfer,员工调岗主表,主表,9,updated_by,更新人,uuid,是,,否,否,org.employee.id,P1-内部,,设计字段,P029
sjg_oms,hr,employee_transfer,员工调岗主表,主表,10,updated_at,更新时间,timestamptz,否,now(),否,否,,P1-内部,,设计字段,P029
sjg_oms,hr,employee_transfer,员工调岗主表,主表,11,is_deleted,逻辑删除,boolean,否,false,否,否,,P1-内部,,设计字段,P029
sjg_oms,hr,employee_transfer,员工调岗主表,主表,12,deleted_at,删除时间,timestamptz,是,,否,否,,P1-内部,,设计字段,P029
sjg_oms,hr,employee_transfer,员工调岗主表,主表,13,source_channel,来源渠道,varchar(32),是,,否,否,,P1-内部,,设计字段,P029
sjg_oms,hr,employee_transfer,员工调岗主表,主表,14,business_date,业务日期,date,是,,否,否,,P1-内部,,设计字段,P029
sjg_oms,hr,employee_transfer,员工调岗主表,主表,15,subject,主题,varchar(255),是,,否,否,,P1-内部,,设计字段,P029
sjg_oms,hr,employee_transfer,员工调岗主表,主表,16,reason,原因,text,是,,否,否,,P1-内部,,设计字段,P029
sjg_oms,hr,employee_transfer,员工调岗主表,主表,17,priority,优先级,varchar(16),否,'NORMAL',否,否,,P1-内部,,设计字段,P029
sjg_oms,hr,employee_transfer,员工调岗主表,主表,18,risk_level,风险等级,varchar(16),是,,否,否,,P1-内部,,设计字段,P029
sjg_oms,hr,employee_transfer,员工调岗主表,主表,19,owner_center_id,归属中心,uuid,是,,否,否,org.organization.id,P1-内部,,设计字段,P029
sjg_oms,hr,employee_transfer,员工调岗主表,主表,20,owner_department_id,归属部门,uuid,是,,否,否,org.organization.id,P1-内部,,设计字段,P029
sjg_oms,hr,employee_transfer,员工调岗主表,主表,21,owner_employee_id,责任人,uuid,是,,否,否,org.employee.id,P1-内部,,设计字段,P029
sjg_oms,hr,employee_transfer,员工调岗主表,主表,22,planned_start_at,计划开始,timestamptz,是,,否,否,,P1-内部,,设计字段,P029
sjg_oms,hr,employee_transfer,员工调岗主表,主表,23,planned_finish_at,计划完成,timestamptz,是,,否,否,,P1-内部,,设计字段,P029
sjg_oms,hr,employee_transfer,员工调岗主表,主表,24,actual_start_at,实际开始,timestamptz,是,,否,否,,P1-内部,,设计字段,P029
sjg_oms,hr,employee_transfer,员工调岗主表,主表,25,actual_end_at,实际完成,timestamptz,是,,否,否,,P1-内部,,设计字段,P029
sjg_oms,hr,employee_transfer,员工调岗主表,主表,26,result_summary,结果摘要,text,是,,否,否,,P1-内部,,设计字段,P029
sjg_oms,hr,employee_transfer,员工调岗主表,主表,27,closed_at,关闭时间,timestamptz,是,,否,否,,P1-内部,,设计字段,P029
sjg_oms,hr,employee_transfer,员工调岗主表,主表,28,actual_amount,实际金额,"numeric(18,2)",是,,否,否,,P1-内部,,原始流程字段,P029
sjg_oms,hr,employee_transfer,员工调岗主表,主表,29,actual_effective_date,实际生效日期,date,是,,否,否,,P1-内部,,原始流程字段,P029
sjg_oms,hr,employee_transfer,员工调岗主表,主表,30,employment_type,用工/任职类型,varchar(64),否,,否,否,,P1-内部,,原始流程字段,P029
sjg_oms,hr,employee_transfer,员工调岗主表,主表,31,headcount_no,编制编号,varchar(32),是,,否,否,,P1-内部,,原始流程字段,P029
sjg_oms,hr,employee_transfer,员工调岗主表,主表,32,period_or_course_no,周期/课程编号,varchar(32),否,,否,否,,P1-内部,,原始流程字段,P029
sjg_oms,hr,employee_transfer,员工调岗主表,主表,33,person_name,姓名,varchar(50),否,,否,否,,P2-个人,,原始流程字段,P029
sjg_oms,hr,employee_transfer,员工调岗主表,主表,34,person_no,人员/候选人编号,varchar(32),否,,否,否,,P1-内部,,原始流程字段,P029
sjg_oms,hr,employee_transfer,员工调岗主表,主表,35,planned_effective_date,计划生效日期,date,否,,否,否,,P1-内部,,原始流程字段,P029
sjg_oms,hr,employee_transfer,员工调岗主表,主表,36,salary_budget_range,薪酬预算范围,varchar(100),是,,否,否,,P3-高度敏感,,原始流程字段,P029
sjg_oms,hr,employee_transfer,员工调岗主表,主表,37,target_grade_id,职级/等级,varchar(32),是,,否,否,,P1-内部,,原始流程字段,P029
sjg_oms,hr,employee_transfer,员工调岗主表,主表,38,target_job_id,目标岗位,varchar(32),否,,否,否,,P1-内部,,原始流程字段,P029
sjg_oms,hr,employee_transfer_item,员工调岗明细项,子表,1,id,主键ID,uuid,否,gen_random_uuid(),是,否,,P1-内部,,设计字段,P029
sjg_oms,hr,employee_transfer_item,员工调岗明细项,子表,2,tenant_id,租户ID,uuid,否,,否,否,core.tenant.id,P1-内部,所有业务唯一键必须包含tenant_id,设计字段,P029
sjg_oms,hr,employee_transfer_item,员工调岗明细项,子表,3,created_by,创建人,uuid,是,,否,否,org.employee.id,P1-内部,,设计字段,P029
sjg_oms,hr,employee_transfer_item,员工调岗明细项,子表,4,created_at,创建时间,timestamptz,否,now(),否,否,,P1-内部,,设计字段,P029
sjg_oms,hr,employee_transfer_item,员工调岗明细项,子表,5,updated_by,更新人,uuid,是,,否,否,org.employee.id,P1-内部,,设计字段,P029
sjg_oms,hr,employee_transfer_item,员工调岗明细项,子表,6,updated_at,更新时间,timestamptz,否,now(),否,否,,P1-内部,,设计字段,P029
sjg_oms,hr,employee_transfer_item,员工调岗明细项,子表,7,is_deleted,逻辑删除,boolean,否,false,否,否,,P1-内部,,设计字段,P029
sjg_oms,hr,employee_transfer_item,员工调岗明细项,子表,8,deleted_at,删除时间,timestamptz,是,,否,否,,P1-内部,,设计字段,P029
sjg_oms,hr,employee_transfer_item,员工调岗明细项,子表,9,master_id,主表ID,uuid,否,,否,否,hr.employee_transfer.id,P1-内部,,设计字段,P029
sjg_oms,hr,employee_transfer_item,员工调岗明细项,子表,10,field_code,来源字段编码,varchar(128),否,,否,否,,P1-内部,,设计字段,P029
sjg_oms,hr,employee_transfer_item,员工调岗明细项,子表,11,item_seq,明细序号,integer,否,0,否,否,,P1-内部,,设计字段,P029
sjg_oms,hr,employee_transfer_item,员工调岗明细项,子表,12,item_key,明细键,varchar(128),是,,否,否,,P1-内部,,设计字段,P029
sjg_oms,hr,employee_transfer_item,员工调岗明细项,子表,13,item_name,明细名称,varchar(255),是,,否,否,,P1-内部,,设计字段,P029
sjg_oms,hr,employee_transfer_item,员工调岗明细项,子表,14,item_value_text,文本值,text,是,,否,否,,P1-内部,,设计字段,P029
sjg_oms,hr,employee_transfer_item,员工调岗明细项,子表,15,item_value_number,数值,"numeric(24,8)",是,,否,否,,P1-内部,,设计字段,P029
sjg_oms,hr,employee_transfer_item,员工调岗明细项,子表,16,item_value_json,结构化值,jsonb,是,,否,否,,P1-内部,,设计字段,P029
sjg_oms,hr,employee_transfer_item,员工调岗明细项,子表,17,related_object_type,关联对象类型,varchar(128),是,,否,否,,P1-内部,,设计字段,P029
sjg_oms,hr,employee_transfer_item,员工调岗明细项,子表,18,related_object_id,关联对象ID,uuid,是,,否,否,,P1-内部,,设计字段,P029
sjg_oms,hr,employee_transfer_item,员工调岗明细项,子表,19,amount,金额,"numeric(18,2)",是,,否,否,,P1-内部,,设计字段,P029
sjg_oms,hr,employee_transfer_item,员工调岗明细项,子表,20,quantity,数量,"numeric(18,6)",是,,否,否,,P1-内部,,设计字段,P029
sjg_oms,hr,employee_transfer_item,员工调岗明细项,子表,21,sort_no,排序,integer,否,0,否,否,,P1-内部,,设计字段,P029
sjg_oms,hr,promotion_request,晋升任职申请主表,主表,1,id,主键ID,uuid,否,gen_random_uuid(),是,否,,P1-内部,,设计字段,P012
sjg_oms,hr,promotion_request,晋升任职申请主表,主表,2,tenant_id,租户ID,uuid,否,,否,否,core.tenant.id,P1-内部,所有业务唯一键必须包含tenant_id,设计字段,P012
sjg_oms,hr,promotion_request,晋升任职申请主表,主表,3,business_no,业务单号,varchar(64),否,,否,是,,P1-内部,租户内唯一；由core.sequence_rule生成,设计字段,P012
sjg_oms,hr,promotion_request,晋升任职申请主表,主表,4,workflow_instance_id,流程实例ID,uuid,是,,否,否,workflow.wf_instance.id,P1-内部,,设计字段,P012
sjg_oms,hr,promotion_request,晋升任职申请主表,主表,5,status,业务状态,varchar(32),否,'DRAFT',否,否,,P1-内部,仅由状态机合法迁移,设计字段,P012
sjg_oms,hr,promotion_request,晋升任职申请主表,主表,6,version_no,乐观锁版本,integer,否,0,否,否,,P1-内部,更新时version_no+1，冲突则拒绝,设计字段,P012
sjg_oms,hr,promotion_request,晋升任职申请主表,主表,7,created_by,创建人,uuid,是,,否,否,org.employee.id,P1-内部,,设计字段,P012
sjg_oms,hr,promotion_request,晋升任职申请主表,主表,8,created_at,创建时间,timestamptz,否,now(),否,否,,P1-内部,,设计字段,P012
sjg_oms,hr,promotion_request,晋升任职申请主表,主表,9,updated_by,更新人,uuid,是,,否,否,org.employee.id,P1-内部,,设计字段,P012
sjg_oms,hr,promotion_request,晋升任职申请主表,主表,10,updated_at,更新时间,timestamptz,否,now(),否,否,,P1-内部,,设计字段,P012
sjg_oms,hr,promotion_request,晋升任职申请主表,主表,11,is_deleted,逻辑删除,boolean,否,false,否,否,,P1-内部,,设计字段,P012
sjg_oms,hr,promotion_request,晋升任职申请主表,主表,12,deleted_at,删除时间,timestamptz,是,,否,否,,P1-内部,,设计字段,P012
sjg_oms,hr,promotion_request,晋升任职申请主表,主表,13,source_channel,来源渠道,varchar(32),是,,否,否,,P1-内部,,设计字段,P012
sjg_oms,hr,promotion_request,晋升任职申请主表,主表,14,business_date,业务日期,date,是,,否,否,,P1-内部,,设计字段,P012
sjg_oms,hr,promotion_request,晋升任职申请主表,主表,15,subject,主题,varchar(255),是,,否,否,,P1-内部,,设计字段,P012
sjg_oms,hr,promotion_request,晋升任职申请主表,主表,16,reason,原因,text,是,,否,否,,P1-内部,,设计字段,P012
sjg_oms,hr,promotion_request,晋升任职申请主表,主表,17,priority,优先级,varchar(16),否,'NORMAL',否,否,,P1-内部,,设计字段,P012
sjg_oms,hr,promotion_request,晋升任职申请主表,主表,18,risk_level,风险等级,varchar(16),是,,否,否,,P1-内部,,设计字段,P012
sjg_oms,hr,promotion_request,晋升任职申请主表,主表,19,owner_center_id,归属中心,uuid,是,,否,否,org.organization.id,P1-内部,,设计字段,P012
sjg_oms,hr,promotion_request,晋升任职申请主表,主表,20,owner_department_id,归属部门,uuid,是,,否,否,org.organization.id,P1-内部,,设计字段,P012
sjg_oms,hr,promotion_request,晋升任职申请主表,主表,21,owner_employee_id,责任人,uuid,是,,否,否,org.employee.id,P1-内部,,设计字段,P012
sjg_oms,hr,promotion_request,晋升任职申请主表,主表,22,planned_start_at,计划开始,timestamptz,是,,否,否,,P1-内部,,设计字段,P012
sjg_oms,hr,promotion_request,晋升任职申请主表,主表,23,planned_finish_at,计划完成,timestamptz,是,,否,否,,P1-内部,,设计字段,P012
sjg_oms,hr,promotion_request,晋升任职申请主表,主表,24,actual_start_at,实际开始,timestamptz,是,,否,否,,P1-内部,,设计字段,P012
sjg_oms,hr,promotion_request,晋升任职申请主表,主表,25,actual_end_at,实际完成,timestamptz,是,,否,否,,P1-内部,,设计字段,P012
sjg_oms,hr,promotion_request,晋升任职申请主表,主表,26,result_summary,结果摘要,text,是,,否,否,,P1-内部,,设计字段,P012
sjg_oms,hr,promotion_request,晋升任职申请主表,主表,27,closed_at,关闭时间,timestamptz,是,,否,否,,P1-内部,,设计字段,P012
sjg_oms,hr,promotion_request,晋升任职申请主表,主表,28,actual_amount,实际金额,"numeric(18,2)",是,,否,否,,P1-内部,,原始流程字段,P012
sjg_oms,hr,promotion_request,晋升任职申请主表,主表,29,actual_effective_date,实际生效日期,date,是,,否,否,,P1-内部,,原始流程字段,P012
sjg_oms,hr,promotion_request,晋升任职申请主表,主表,30,employment_type,用工/任职类型,varchar(64),否,,否,否,,P1-内部,,原始流程字段,P012
sjg_oms,hr,promotion_request,晋升任职申请主表,主表,31,headcount_no,编制编号,varchar(32),是,,否,否,,P1-内部,,原始流程字段,P012
sjg_oms,hr,promotion_request,晋升任职申请主表,主表,32,period_or_course_no,周期/课程编号,varchar(32),否,,否,否,,P1-内部,,原始流程字段,P012
sjg_oms,hr,promotion_request,晋升任职申请主表,主表,33,person_name,姓名,varchar(50),否,,否,否,,P2-个人,,原始流程字段,P012
sjg_oms,hr,promotion_request,晋升任职申请主表,主表,34,person_no,人员/候选人编号,varchar(32),否,,否,否,,P1-内部,,原始流程字段,P012
sjg_oms,hr,promotion_request,晋升任职申请主表,主表,35,planned_effective_date,计划生效日期,date,否,,否,否,,P1-内部,,原始流程字段,P012
sjg_oms,hr,promotion_request,晋升任职申请主表,主表,36,salary_budget_range,薪酬预算范围,varchar(100),是,,否,否,,P3-高度敏感,,原始流程字段,P012
sjg_oms,hr,promotion_request,晋升任职申请主表,主表,37,target_grade_id,职级/等级,varchar(32),是,,否,否,,P1-内部,,原始流程字段,P012
sjg_oms,hr,promotion_request,晋升任职申请主表,主表,38,target_job_id,目标岗位,varchar(32),否,,否,否,,P1-内部,,原始流程字段,P012
sjg_oms,hr,promotion_request_item,晋升任职申请明细项,子表,1,id,主键ID,uuid,否,gen_random_uuid(),是,否,,P1-内部,,设计字段,P012
sjg_oms,hr,promotion_request_item,晋升任职申请明细项,子表,2,tenant_id,租户ID,uuid,否,,否,否,core.tenant.id,P1-内部,所有业务唯一键必须包含tenant_id,设计字段,P012
sjg_oms,hr,promotion_request_item,晋升任职申请明细项,子表,3,created_by,创建人,uuid,是,,否,否,org.employee.id,P1-内部,,设计字段,P012
sjg_oms,hr,promotion_request_item,晋升任职申请明细项,子表,4,created_at,创建时间,timestamptz,否,now(),否,否,,P1-内部,,设计字段,P012
sjg_oms,hr,promotion_request_item,晋升任职申请明细项,子表,5,updated_by,更新人,uuid,是,,否,否,org.employee.id,P1-内部,,设计字段,P012
sjg_oms,hr,promotion_request_item,晋升任职申请明细项,子表,6,updated_at,更新时间,timestamptz,否,now(),否,否,,P1-内部,,设计字段,P012
sjg_oms,hr,promotion_request_item,晋升任职申请明细项,子表,7,is_deleted,逻辑删除,boolean,否,false,否,否,,P1-内部,,设计字段,P012
sjg_oms,hr,promotion_request_item,晋升任职申请明细项,子表,8,deleted_at,删除时间,timestamptz,是,,否,否,,P1-内部,,设计字段,P012
sjg_oms,hr,promotion_request_item,晋升任职申请明细项,子表,9,master_id,主表ID,uuid,否,,否,否,hr.promotion_request.id,P1-内部,,设计字段,P012
sjg_oms,hr,promotion_request_item,晋升任职申请明细项,子表,10,field_code,来源字段编码,varchar(128),否,,否,否,,P1-内部,,设计字段,P012
sjg_oms,hr,promotion_request_item,晋升任职申请明细项,子表,11,item_seq,明细序号,integer,否,0,否,否,,P1-内部,,设计字段,P012
sjg_oms,hr,promotion_request_item,晋升任职申请明细项,子表,12,item_key,明细键,varchar(128),是,,否,否,,P1-内部,,设计字段,P012
sjg_oms,hr,promotion_request_item,晋升任职申请明细项,子表,13,item_name,明细名称,varchar(255),是,,否,否,,P1-内部,,设计字段,P012
sjg_oms,hr,promotion_request_item,晋升任职申请明细项,子表,14,item_value_text,文本值,text,是,,否,否,,P1-内部,,设计字段,P012
sjg_oms,hr,promotion_request_item,晋升任职申请明细项,子表,15,item_value_number,数值,"numeric(24,8)",是,,否,否,,P1-内部,,设计字段,P012
sjg_oms,hr,promotion_request_item,晋升任职申请明细项,子表,16,item_value_json,结构化值,jsonb,是,,否,否,,P1-内部,,设计字段,P012
sjg_oms,hr,promotion_request_item,晋升任职申请明细项,子表,17,related_object_type,关联对象类型,varchar(128),是,,否,否,,P1-内部,,设计字段,P012
sjg_oms,hr,promotion_request_item,晋升任职申请明细项,子表,18,related_object_id,关联对象ID,uuid,是,,否,否,,P1-内部,,设计字段,P012
sjg_oms,hr,promotion_request_item,晋升任职申请明细项,子表,19,amount,金额,"numeric(18,2)",是,,否,否,,P1-内部,,设计字段,P012
sjg_oms,hr,promotion_request_item,晋升任职申请明细项,子表,20,quantity,数量,"numeric(18,6)",是,,否,否,,P1-内部,,设计字段,P012
sjg_oms,hr,promotion_request_item,晋升任职申请明细项,子表,21,sort_no,排序,integer,否,0,否,否,,P1-内部,,设计字段,P012
sjg_oms,iam,account_execution,账号执行主表,主表,1,id,主键ID,uuid,否,gen_random_uuid(),是,否,,P1-内部,,设计字段,P090
sjg_oms,iam,account_execution,账号执行主表,主表,2,tenant_id,租户ID,uuid,否,,否,否,core.tenant.id,P1-内部,所有业务唯一键必须包含tenant_id,设计字段,P090
sjg_oms,iam,account_execution,账号执行主表,主表,3,business_no,业务单号,varchar(64),否,,否,是,,P1-内部,租户内唯一；由core.sequence_rule生成,设计字段,P090
sjg_oms,iam,account_execution,账号执行主表,主表,4,workflow_instance_id,流程实例ID,uuid,是,,否,否,workflow.wf_instance.id,P1-内部,,设计字段,P090
sjg_oms,iam,account_execution,账号执行主表,主表,5,status,业务状态,varchar(32),否,'DRAFT',否,否,,P1-内部,仅由状态机合法迁移,设计字段,P090
sjg_oms,iam,account_execution,账号执行主表,主表,6,version_no,乐观锁版本,integer,否,0,否,否,,P1-内部,更新时version_no+1，冲突则拒绝,设计字段,P090
sjg_oms,iam,account_execution,账号执行主表,主表,7,created_by,创建人,uuid,是,,否,否,org.employee.id,P1-内部,,设计字段,P090
sjg_oms,iam,account_execution,账号执行主表,主表,8,created_at,创建时间,timestamptz,否,now(),否,否,,P1-内部,,设计字段,P090
sjg_oms,iam,account_execution,账号执行主表,主表,9,updated_by,更新人,uuid,是,,否,否,org.employee.id,P1-内部,,设计字段,P090
sjg_oms,iam,account_execution,账号执行主表,主表,10,updated_at,更新时间,timestamptz,否,now(),否,否,,P1-内部,,设计字段,P090
sjg_oms,iam,account_execution,账号执行主表,主表,11,is_deleted,逻辑删除,boolean,否,false,否,否,,P1-内部,,设计字段,P090
sjg_oms,iam,account_execution,账号执行主表,主表,12,deleted_at,删除时间,timestamptz,是,,否,否,,P1-内部,,设计字段,P090
sjg_oms,iam,account_execution,账号执行主表,主表,13,source_channel,来源渠道,varchar(32),是,,否,否,,P1-内部,,设计字段,P090
sjg_oms,iam,account_execution,账号执行主表,主表,14,business_date,业务日期,date,是,,否,否,,P1-内部,,设计字段,P090
sjg_oms,iam,account_execution,账号执行主表,主表,15,subject,主题,varchar(255),是,,否,否,,P1-内部,,设计字段,P090
sjg_oms,iam,account_execution,账号执行主表,主表,16,reason,原因,text,是,,否,否,,P1-内部,,设计字段,P090
sjg_oms,iam,account_execution,账号执行主表,主表,17,priority,优先级,varchar(16),否,'NORMAL',否,否,,P1-内部,,设计字段,P090
sjg_oms,iam,account_execution,账号执行主表,主表,18,risk_level,风险等级,varchar(16),是,,否,否,,P1-内部,,设计字段,P090
sjg_oms,iam,account_execution,账号执行主表,主表,19,owner_center_id,归属中心,uuid,是,,否,否,org.organization.id,P1-内部,,设计字段,P090
sjg_oms,iam,account_execution,账号执行主表,主表,20,owner_department_id,归属部门,uuid,是,,否,否,org.organization.id,P1-内部,,设计字段,P090
sjg_oms,iam,account_execution,账号执行主表,主表,21,owner_employee_id,责任人,uuid,是,,否,否,org.employee.id,P1-内部,,设计字段,P090
sjg_oms,iam,account_execution,账号执行主表,主表,22,planned_start_at,计划开始,timestamptz,是,,否,否,,P1-内部,,设计字段,P090
sjg_oms,iam,account_execution,账号执行主表,主表,23,planned_finish_at,计划完成,timestamptz,是,,否,否,,P1-内部,,设计字段,P090
sjg_oms,iam,account_execution,账号执行主表,主表,24,actual_start_at,实际开始,timestamptz,是,,否,否,,P1-内部,,设计字段,P090
sjg_oms,iam,account_execution,账号执行主表,主表,25,actual_end_at,实际完成,timestamptz,是,,否,否,,P1-内部,,设计字段,P090
sjg_oms,iam,account_execution,账号执行主表,主表,26,result_summary,结果摘要,text,是,,否,否,,P1-内部,,设计字段,P090
sjg_oms,iam,account_execution,账号执行主表,主表,27,closed_at,关闭时间,timestamptz,是,,否,否,,P1-内部,,设计字段,P090
sjg_oms,iam,account_execution,账号执行主表,主表,28,actual_amount,实际金额,"numeric(18,2)",是,,否,否,,P1-内部,,原始流程字段,P090
sjg_oms,iam,account_execution,账号执行主表,主表,29,environment,环境,varchar(64),否,,否,否,,P1-内部,,原始流程字段,P090
sjg_oms,iam,account_execution,账号执行主表,主表,30,implementation_window,实施窗口,tstzrange,是,,否,否,,P1-内部,,原始流程字段,P090
sjg_oms,iam,account_execution,账号执行主表,主表,31,person_no,人员/候选人编号,varchar(32),否,,否,否,,P1-内部,,原始流程字段,P090
sjg_oms,iam,account_execution,账号执行主表,主表,32,rollback_plan,回退方案,text,是,,否,否,,P1-内部,,原始流程字段,P090
sjg_oms,iam,account_execution,账号执行主表,主表,33,system_service_name,系统/服务名称,varchar(200),否,,否,否,,P1-内部,,原始流程字段,P090
sjg_oms,iam,account_execution,账号执行主表,主表,34,tech_impact_scope,影响范围,text,否,,否,否,,P1-内部,,原始流程字段,P090
sjg_oms,iam,account_execution,账号执行主表,主表,35,tech_risk_level,风险等级,varchar(64),否,,否,否,,P1-内部,,原始流程字段,P090
sjg_oms,iam,account_execution,账号执行主表,主表,36,tech_work_item_no,变更/需求/缺陷编号,varchar(64),是,,否,否,,P1-内部,,原始流程字段,P090
sjg_oms,iam,account_execution,账号执行主表,主表,37,verification_test_result,健康检查/测试结果,text,是,,否,否,,P1-内部,,原始流程字段,P090
sjg_oms,iam,account_execution,账号执行主表,主表,38,version_build_no,版本/构建号,varchar(100),是,,否,否,,P1-内部,,原始流程字段,P090
sjg_oms,iam,account_execution_item,账号执行明细项,子表,1,id,主键ID,uuid,否,gen_random_uuid(),是,否,,P1-内部,,设计字段,P090
sjg_oms,iam,account_execution_item,账号执行明细项,子表,2,tenant_id,租户ID,uuid,否,,否,否,core.tenant.id,P1-内部,所有业务唯一键必须包含tenant_id,设计字段,P090
sjg_oms,iam,account_execution_item,账号执行明细项,子表,3,created_by,创建人,uuid,是,,否,否,org.employee.id,P1-内部,,设计字段,P090
sjg_oms,iam,account_execution_item,账号执行明细项,子表,4,created_at,创建时间,timestamptz,否,now(),否,否,,P1-内部,,设计字段,P090
sjg_oms,iam,account_execution_item,账号执行明细项,子表,5,updated_by,更新人,uuid,是,,否,否,org.employee.id,P1-内部,,设计字段,P090
sjg_oms,iam,account_execution_item,账号执行明细项,子表,6,updated_at,更新时间,timestamptz,否,now(),否,否,,P1-内部,,设计字段,P090
sjg_oms,iam,account_execution_item,账号执行明细项,子表,7,is_deleted,逻辑删除,boolean,否,false,否,否,,P1-内部,,设计字段,P090
sjg_oms,iam,account_execution_item,账号执行明细项,子表,8,deleted_at,删除时间,timestamptz,是,,否,否,,P1-内部,,设计字段,P090
sjg_oms,iam,account_execution_item,账号执行明细项,子表,9,master_id,主表ID,uuid,否,,否,否,iam.account_execution.id,P1-内部,,设计字段,P090
sjg_oms,iam,account_execution_item,账号执行明细项,子表,10,field_code,来源字段编码,varchar(128),否,,否,否,,P1-内部,,设计字段,P090
sjg_oms,iam,account_execution_item,账号执行明细项,子表,11,item_seq,明细序号,integer,否,0,否,否,,P1-内部,,设计字段,P090
sjg_oms,iam,account_execution_item,账号执行明细项,子表,12,item_key,明细键,varchar(128),是,,否,否,,P1-内部,,设计字段,P090
sjg_oms,iam,account_execution_item,账号执行明细项,子表,13,item_name,明细名称,varchar(255),是,,否,否,,P1-内部,,设计字段,P090
sjg_oms,iam,account_execution_item,账号执行明细项,子表,14,item_value_text,文本值,text,是,,否,否,,P1-内部,,设计字段,P090
sjg_oms,iam,account_execution_item,账号执行明细项,子表,15,item_value_number,数值,"numeric(24,8)",是,,否,否,,P1-内部,,设计字段,P090
sjg_oms,iam,account_execution_item,账号执行明细项,子表,16,item_value_json,结构化值,jsonb,是,,否,否,,P1-内部,,设计字段,P090
sjg_oms,iam,account_execution_item,账号执行明细项,子表,17,related_object_type,关联对象类型,varchar(128),是,,否,否,,P1-内部,,设计字段,P090
sjg_oms,iam,account_execution_item,账号执行明细项,子表,18,related_object_id,关联对象ID,uuid,是,,否,否,,P1-内部,,设计字段,P090
sjg_oms,iam,account_execution_item,账号执行明细项,子表,19,amount,金额,"numeric(18,2)",是,,否,否,,P1-内部,,设计字段,P090
sjg_oms,iam,account_execution_item,账号执行明细项,子表,20,quantity,数量,"numeric(18,6)",是,,否,否,,P1-内部,,设计字段,P090
sjg_oms,iam,account_execution_item,账号执行明细项,子表,21,sort_no,排序,integer,否,0,否,否,,P1-内部,,设计字段,P090
sjg_oms,iam,data_scope_rule,数据权限规则表,权限表,1,id,主键ID,uuid,否,gen_random_uuid(),是,否,,P1-内部,,设计字段,
sjg_oms,iam,data_scope_rule,数据权限规则表,权限表,2,tenant_id,租户ID,uuid,否,,否,否,core.tenant.id,P1-内部,所有业务唯一键必须包含tenant_id,设计字段,
sjg_oms,iam,data_scope_rule,数据权限规则表,权限表,3,created_by,创建人,uuid,是,,否,否,org.employee.id,P1-内部,,设计字段,
sjg_oms,iam,data_scope_rule,数据权限规则表,权限表,4,created_at,创建时间,timestamptz,否,now(),否,否,,P1-内部,,设计字段,
sjg_oms,iam,data_scope_rule,数据权限规则表,权限表,5,updated_by,更新人,uuid,是,,否,否,org.employee.id,P1-内部,,设计字段,
sjg_oms,iam,data_scope_rule,数据权限规则表,权限表,6,updated_at,更新时间,timestamptz,否,now(),否,否,,P1-内部,,设计字段,
sjg_oms,iam,data_scope_rule,数据权限规则表,权限表,7,is_deleted,逻辑删除,boolean,否,false,否,否,,P1-内部,,设计字段,
sjg_oms,iam,data_scope_rule,数据权限规则表,权限表,8,deleted_at,删除时间,timestamptz,是,,否,否,,P1-内部,,设计字段,
sjg_oms,iam,data_scope_rule,数据权限规则表,权限表,9,scope_code,范围编码,varchar(64),否,,否,是,,P1-内部,,设计字段,
sjg_oms,iam,data_scope_rule,数据权限规则表,权限表,10,scope_name,范围名称,varchar(128),否,,否,否,,P1-内部,,设计字段,
sjg_oms,iam,data_scope_rule,数据权限规则表,权限表,11,rule_expr,规则表达式,jsonb,否,,否,否,,P1-内部,,设计字段,
sjg_oms,iam,data_scope_rule,数据权限规则表,权限表,12,sql_policy_name,RLS策略名,varchar(128),是,,否,否,,P1-内部,,设计字段,
sjg_oms,iam,data_scope_rule,数据权限规则表,权限表,13,enabled,启用,boolean,否,true,否,否,,P1-内部,,设计字段,
sjg_oms,iam,login_session,登录会话主表,主表,1,id,主键ID,uuid,否,gen_random_uuid(),是,否,,P1-内部,,设计字段,P001
sjg_oms,iam,login_session,登录会话主表,主表,2,tenant_id,租户ID,uuid,否,,否,否,core.tenant.id,P1-内部,所有业务唯一键必须包含tenant_id,设计字段,P001
sjg_oms,iam,login_session,登录会话主表,主表,3,business_no,业务单号,varchar(64),否,,否,是,,P1-内部,租户内唯一；由core.sequence_rule生成,设计字段,P001
sjg_oms,iam,login_session,登录会话主表,主表,4,workflow_instance_id,流程实例ID,uuid,是,,否,否,workflow.wf_instance.id,P1-内部,,设计字段,P001
sjg_oms,iam,login_session,登录会话主表,主表,5,status,业务状态,varchar(32),否,'DRAFT',否,否,,P1-内部,仅由状态机合法迁移,设计字段,P001
sjg_oms,iam,login_session,登录会话主表,主表,6,version_no,乐观锁版本,integer,否,0,否,否,,P1-内部,更新时version_no+1，冲突则拒绝,设计字段,P001
sjg_oms,iam,login_session,登录会话主表,主表,7,created_by,创建人,uuid,是,,否,否,org.employee.id,P1-内部,,设计字段,P001
sjg_oms,iam,login_session,登录会话主表,主表,8,created_at,创建时间,timestamptz,否,now(),否,否,,P1-内部,,设计字段,P001
sjg_oms,iam,login_session,登录会话主表,主表,9,updated_by,更新人,uuid,是,,否,否,org.employee.id,P1-内部,,设计字段,P001
sjg_oms,iam,login_session,登录会话主表,主表,10,updated_at,更新时间,timestamptz,否,now(),否,否,,P1-内部,,设计字段,P001
sjg_oms,iam,login_session,登录会话主表,主表,11,is_deleted,逻辑删除,boolean,否,false,否,否,,P1-内部,,设计字段,P001
sjg_oms,iam,login_session,登录会话主表,主表,12,deleted_at,删除时间,timestamptz,是,,否,否,,P1-内部,,设计字段,P001
sjg_oms,iam,login_session,登录会话主表,主表,13,source_channel,来源渠道,varchar(32),是,,否,否,,P1-内部,,设计字段,P001
sjg_oms,iam,login_session,登录会话主表,主表,14,business_date,业务日期,date,是,,否,否,,P1-内部,,设计字段,P001
sjg_oms,iam,login_session,登录会话主表,主表,15,subject,主题,varchar(255),是,,否,否,,P1-内部,,设计字段,P001
sjg_oms,iam,login_session,登录会话主表,主表,16,reason,原因,text,是,,否,否,,P1-内部,,设计字段,P001
sjg_oms,iam,login_session,登录会话主表,主表,17,priority,优先级,varchar(16),否,'NORMAL',否,否,,P1-内部,,设计字段,P001
sjg_oms,iam,login_session,登录会话主表,主表,18,risk_level,风险等级,varchar(16),是,,否,否,,P1-内部,,设计字段,P001
sjg_oms,iam,login_session,登录会话主表,主表,19,owner_center_id,归属中心,uuid,是,,否,否,org.organization.id,P1-内部,,设计字段,P001
sjg_oms,iam,login_session,登录会话主表,主表,20,owner_department_id,归属部门,uuid,是,,否,否,org.organization.id,P1-内部,,设计字段,P001
sjg_oms,iam,login_session,登录会话主表,主表,21,owner_employee_id,责任人,uuid,是,,否,否,org.employee.id,P1-内部,,设计字段,P001
sjg_oms,iam,login_session,登录会话主表,主表,22,planned_start_at,计划开始,timestamptz,是,,否,否,,P1-内部,,设计字段,P001
sjg_oms,iam,login_session,登录会话主表,主表,23,planned_finish_at,计划完成,timestamptz,是,,否,否,,P1-内部,,设计字段,P001
sjg_oms,iam,login_session,登录会话主表,主表,24,actual_start_at,实际开始,timestamptz,是,,否,否,,P1-内部,,设计字段,P001
sjg_oms,iam,login_session,登录会话主表,主表,25,actual_end_at,实际完成,timestamptz,是,,否,否,,P1-内部,,设计字段,P001
sjg_oms,iam,login_session,登录会话主表,主表,26,result_summary,结果摘要,text,是,,否,否,,P1-内部,,设计字段,P001
sjg_oms,iam,login_session,登录会话主表,主表,27,closed_at,关闭时间,timestamptz,是,,否,否,,P1-内部,,设计字段,P001
sjg_oms,iam,login_session,登录会话主表,主表,28,actual_amount,实际金额,"numeric(18,2)",是,,否,否,,P1-内部,,原始流程字段,P001
sjg_oms,iam,login_session,登录会话主表,主表,29,actual_effective_date,实际生效日期,date,是,,否,否,,P1-内部,,原始流程字段,P001
sjg_oms,iam,login_session,登录会话主表,主表,30,employment_type,用工/任职类型,varchar(64),否,,否,否,,P1-内部,,原始流程字段,P001
sjg_oms,iam,login_session,登录会话主表,主表,31,headcount_no,编制编号,varchar(32),是,,否,否,,P1-内部,,原始流程字段,P001
sjg_oms,iam,login_session,登录会话主表,主表,32,person_name,姓名,varchar(50),否,,否,否,,P2-个人,,原始流程字段,P001
sjg_oms,iam,login_session,登录会话主表,主表,33,person_no,人员/候选人编号,varchar(32),否,,否,否,,P1-内部,,原始流程字段,P001
sjg_oms,iam,login_session,登录会话主表,主表,34,planned_effective_date,计划生效日期,date,否,,否,否,,P1-内部,,原始流程字段,P001
sjg_oms,iam,login_session,登录会话主表,主表,35,salary_budget_range,薪酬预算范围,varchar(100),是,,否,否,,P3-高度敏感,,原始流程字段,P001
sjg_oms,iam,login_session,登录会话主表,主表,36,target_grade_id,职级/等级,varchar(32),是,,否,否,,P1-内部,,原始流程字段,P001
sjg_oms,iam,login_session,登录会话主表,主表,37,target_job_id,目标岗位,varchar(32),否,,否,否,,P1-内部,,原始流程字段,P001
sjg_oms,iam,login_session_item,登录会话明细项,子表,1,id,主键ID,uuid,否,gen_random_uuid(),是,否,,P1-内部,,设计字段,P001
sjg_oms,iam,login_session_item,登录会话明细项,子表,2,tenant_id,租户ID,uuid,否,,否,否,core.tenant.id,P1-内部,所有业务唯一键必须包含tenant_id,设计字段,P001
sjg_oms,iam,login_session_item,登录会话明细项,子表,3,created_by,创建人,uuid,是,,否,否,org.employee.id,P1-内部,,设计字段,P001
sjg_oms,iam,login_session_item,登录会话明细项,子表,4,created_at,创建时间,timestamptz,否,now(),否,否,,P1-内部,,设计字段,P001
sjg_oms,iam,login_session_item,登录会话明细项,子表,5,updated_by,更新人,uuid,是,,否,否,org.employee.id,P1-内部,,设计字段,P001
sjg_oms,iam,login_session_item,登录会话明细项,子表,6,updated_at,更新时间,timestamptz,否,now(),否,否,,P1-内部,,设计字段,P001
sjg_oms,iam,login_session_item,登录会话明细项,子表,7,is_deleted,逻辑删除,boolean,否,false,否,否,,P1-内部,,设计字段,P001
sjg_oms,iam,login_session_item,登录会话明细项,子表,8,deleted_at,删除时间,timestamptz,是,,否,否,,P1-内部,,设计字段,P001
sjg_oms,iam,login_session_item,登录会话明细项,子表,9,master_id,主表ID,uuid,否,,否,否,iam.login_session.id,P1-内部,,设计字段,P001
sjg_oms,iam,login_session_item,登录会话明细项,子表,10,field_code,来源字段编码,varchar(128),否,,否,否,,P1-内部,,设计字段,P001
sjg_oms,iam,login_session_item,登录会话明细项,子表,11,item_seq,明细序号,integer,否,0,否,否,,P1-内部,,设计字段,P001
sjg_oms,iam,login_session_item,登录会话明细项,子表,12,item_key,明细键,varchar(128),是,,否,否,,P1-内部,,设计字段,P001
sjg_oms,iam,login_session_item,登录会话明细项,子表,13,item_name,明细名称,varchar(255),是,,否,否,,P1-内部,,设计字段,P001
sjg_oms,iam,login_session_item,登录会话明细项,子表,14,item_value_text,文本值,text,是,,否,否,,P1-内部,,设计字段,P001
sjg_oms,iam,login_session_item,登录会话明细项,子表,15,item_value_number,数值,"numeric(24,8)",是,,否,否,,P1-内部,,设计字段,P001
sjg_oms,iam,login_session_item,登录会话明细项,子表,16,item_value_json,结构化值,jsonb,是,,否,否,,P1-内部,,设计字段,P001
sjg_oms,iam,login_session_item,登录会话明细项,子表,17,related_object_type,关联对象类型,varchar(128),是,,否,否,,P1-内部,,设计字段,P001
sjg_oms,iam,login_session_item,登录会话明细项,子表,18,related_object_id,关联对象ID,uuid,是,,否,否,,P1-内部,,设计字段,P001
sjg_oms,iam,login_session_item,登录会话明细项,子表,19,amount,金额,"numeric(18,2)",是,,否,否,,P1-内部,,设计字段,P001
sjg_oms,iam,login_session_item,登录会话明细项,子表,20,quantity,数量,"numeric(18,6)",是,,否,否,,P1-内部,,设计字段,P001
sjg_oms,iam,login_session_item,登录会话明细项,子表,21,sort_no,排序,integer,否,0,否,否,,P1-内部,,设计字段,P001
sjg_oms,iam,permission,权限点表,权限表,1,id,主键ID,uuid,否,gen_random_uuid(),是,否,,P1-内部,,设计字段,
sjg_oms,iam,permission,权限点表,权限表,2,tenant_id,租户ID,uuid,否,,否,否,core.tenant.id,P1-内部,所有业务唯一键必须包含tenant_id,设计字段,
sjg_oms,iam,permission,权限点表,权限表,3,created_by,创建人,uuid,是,,否,否,org.employee.id,P1-内部,,设计字段,
sjg_oms,iam,permission,权限点表,权限表,4,created_at,创建时间,timestamptz,否,now(),否,否,,P1-内部,,设计字段,
sjg_oms,iam,permission,权限点表,权限表,5,updated_by,更新人,uuid,是,,否,否,org.employee.id,P1-内部,,设计字段,
sjg_oms,iam,permission,权限点表,权限表,6,updated_at,更新时间,timestamptz,否,now(),否,否,,P1-内部,,设计字段,
sjg_oms,iam,permission,权限点表,权限表,7,is_deleted,逻辑删除,boolean,否,false,否,否,,P1-内部,,设计字段,
sjg_oms,iam,permission,权限点表,权限表,8,deleted_at,删除时间,timestamptz,是,,否,否,,P1-内部,,设计字段,
sjg_oms,iam,permission,权限点表,权限表,9,permission_code,权限编码,varchar(128),否,,否,是,,P1-内部,,设计字段,
sjg_oms,iam,permission,权限点表,权限表,10,permission_name,权限名称,varchar(128),否,,否,否,,P1-内部,,设计字段,
sjg_oms,iam,permission,权限点表,权限表,11,resource_type,资源类型,varchar(32),否,,否,否,,P1-内部,,设计字段,
sjg_oms,iam,permission,权限点表,权限表,12,action_code,动作编码,varchar(32),否,,否,否,,P1-内部,,设计字段,
sjg_oms,iam,permission,权限点表,权限表,13,risk_level,风险等级,varchar(16),否,'NORMAL',否,否,,P1-内部,,设计字段,
sjg_oms,iam,permission_request,权限申请主表,主表,1,id,主键ID,uuid,否,gen_random_uuid(),是,否,,P1-内部,,设计字段,P002
sjg_oms,iam,permission_request,权限申请主表,主表,2,tenant_id,租户ID,uuid,否,,否,否,core.tenant.id,P1-内部,所有业务唯一键必须包含tenant_id,设计字段,P002
sjg_oms,iam,permission_request,权限申请主表,主表,3,business_no,业务单号,varchar(64),否,,否,是,,P1-内部,租户内唯一；由core.sequence_rule生成,设计字段,P002
sjg_oms,iam,permission_request,权限申请主表,主表,4,workflow_instance_id,流程实例ID,uuid,是,,否,否,workflow.wf_instance.id,P1-内部,,设计字段,P002
sjg_oms,iam,permission_request,权限申请主表,主表,5,status,业务状态,varchar(32),否,'DRAFT',否,否,,P1-内部,仅由状态机合法迁移,设计字段,P002
sjg_oms,iam,permission_request,权限申请主表,主表,6,version_no,乐观锁版本,integer,否,0,否,否,,P1-内部,更新时version_no+1，冲突则拒绝,设计字段,P002
sjg_oms,iam,permission_request,权限申请主表,主表,7,created_by,创建人,uuid,是,,否,否,org.employee.id,P1-内部,,设计字段,P002
sjg_oms,iam,permission_request,权限申请主表,主表,8,created_at,创建时间,timestamptz,否,now(),否,否,,P1-内部,,设计字段,P002
sjg_oms,iam,permission_request,权限申请主表,主表,9,updated_by,更新人,uuid,是,,否,否,org.employee.id,P1-内部,,设计字段,P002
sjg_oms,iam,permission_request,权限申请主表,主表,10,updated_at,更新时间,timestamptz,否,now(),否,否,,P1-内部,,设计字段,P002
sjg_oms,iam,permission_request,权限申请主表,主表,11,is_deleted,逻辑删除,boolean,否,false,否,否,,P1-内部,,设计字段,P002
sjg_oms,iam,permission_request,权限申请主表,主表,12,deleted_at,删除时间,timestamptz,是,,否,否,,P1-内部,,设计字段,P002
sjg_oms,iam,permission_request,权限申请主表,主表,13,source_channel,来源渠道,varchar(32),是,,否,否,,P1-内部,,设计字段,P002
sjg_oms,iam,permission_request,权限申请主表,主表,14,business_date,业务日期,date,是,,否,否,,P1-内部,,设计字段,P002
sjg_oms,iam,permission_request,权限申请主表,主表,15,subject,主题,varchar(255),是,,否,否,,P1-内部,,设计字段,P002
sjg_oms,iam,permission_request,权限申请主表,主表,16,reason,原因,text,是,,否,否,,P1-内部,,设计字段,P002
sjg_oms,iam,permission_request,权限申请主表,主表,17,priority,优先级,varchar(16),否,'NORMAL',否,否,,P1-内部,,设计字段,P002
sjg_oms,iam,permission_request,权限申请主表,主表,18,risk_level,风险等级,varchar(16),是,,否,否,,P1-内部,,设计字段,P002
sjg_oms,iam,permission_request,权限申请主表,主表,19,owner_center_id,归属中心,uuid,是,,否,否,org.organization.id,P1-内部,,设计字段,P002
sjg_oms,iam,permission_request,权限申请主表,主表,20,owner_department_id,归属部门,uuid,是,,否,否,org.organization.id,P1-内部,,设计字段,P002
sjg_oms,iam,permission_request,权限申请主表,主表,21,owner_employee_id,责任人,uuid,是,,否,否,org.employee.id,P1-内部,,设计字段,P002
sjg_oms,iam,permission_request,权限申请主表,主表,22,planned_start_at,计划开始,timestamptz,是,,否,否,,P1-内部,,设计字段,P002
sjg_oms,iam,permission_request,权限申请主表,主表,23,planned_finish_at,计划完成,timestamptz,是,,否,否,,P1-内部,,设计字段,P002
sjg_oms,iam,permission_request,权限申请主表,主表,24,actual_start_at,实际开始,timestamptz,是,,否,否,,P1-内部,,设计字段,P002
sjg_oms,iam,permission_request,权限申请主表,主表,25,actual_end_at,实际完成,timestamptz,是,,否,否,,P1-内部,,设计字段,P002
sjg_oms,iam,permission_request,权限申请主表,主表,26,result_summary,结果摘要,text,是,,否,否,,P1-内部,,设计字段,P002
sjg_oms,iam,permission_request,权限申请主表,主表,27,closed_at,关闭时间,timestamptz,是,,否,否,,P1-内部,,设计字段,P002
sjg_oms,iam,permission_request,权限申请主表,主表,28,actual_amount,实际金额,"numeric(18,2)",是,,否,否,,P1-内部,,原始流程字段,P002
sjg_oms,iam,permission_request,权限申请主表,主表,29,actual_effective_date,实际生效日期,date,是,,否,否,,P1-内部,,原始流程字段,P002
sjg_oms,iam,permission_request,权限申请主表,主表,30,employee_event_type,事件类型,varchar(64),否,,否,否,,P1-内部,,原始流程字段,P002
sjg_oms,iam,permission_request,权限申请主表,主表,31,employment_type,用工/任职类型,varchar(64),否,,否,否,,P1-内部,,原始流程字段,P002
sjg_oms,iam,permission_request,权限申请主表,主表,32,headcount_no,编制编号,varchar(32),是,,否,否,,P1-内部,,原始流程字段,P002
sjg_oms,iam,permission_request,权限申请主表,主表,33,person_name,姓名,varchar(50),否,,否,否,,P2-个人,,原始流程字段,P002
sjg_oms,iam,permission_request,权限申请主表,主表,34,person_no,人员/候选人编号,varchar(32),否,,否,否,,P1-内部,,原始流程字段,P002
sjg_oms,iam,permission_request,权限申请主表,主表,35,planned_effective_date,计划生效日期,date,否,,否,否,,P1-内部,,原始流程字段,P002
sjg_oms,iam,permission_request,权限申请主表,主表,36,salary_budget_range,薪酬预算范围,varchar(100),是,,否,否,,P3-高度敏感,,原始流程字段,P002
sjg_oms,iam,permission_request,权限申请主表,主表,37,target_grade_id,职级/等级,varchar(32),是,,否,否,,P1-内部,,原始流程字段,P002
sjg_oms,iam,permission_request,权限申请主表,主表,38,target_job_id,目标岗位,varchar(32),否,,否,否,,P1-内部,,原始流程字段,P002
sjg_oms,iam,permission_request_item,权限申请明细项,子表,1,id,主键ID,uuid,否,gen_random_uuid(),是,否,,P1-内部,,设计字段,P002
sjg_oms,iam,permission_request_item,权限申请明细项,子表,2,tenant_id,租户ID,uuid,否,,否,否,core.tenant.id,P1-内部,所有业务唯一键必须包含tenant_id,设计字段,P002
sjg_oms,iam,permission_request_item,权限申请明细项,子表,3,created_by,创建人,uuid,是,,否,否,org.employee.id,P1-内部,,设计字段,P002
sjg_oms,iam,permission_request_item,权限申请明细项,子表,4,created_at,创建时间,timestamptz,否,now(),否,否,,P1-内部,,设计字段,P002
sjg_oms,iam,permission_request_item,权限申请明细项,子表,5,updated_by,更新人,uuid,是,,否,否,org.employee.id,P1-内部,,设计字段,P002
sjg_oms,iam,permission_request_item,权限申请明细项,子表,6,updated_at,更新时间,timestamptz,否,now(),否,否,,P1-内部,,设计字段,P002
sjg_oms,iam,permission_request_item,权限申请明细项,子表,7,is_deleted,逻辑删除,boolean,否,false,否,否,,P1-内部,,设计字段,P002
sjg_oms,iam,permission_request_item,权限申请明细项,子表,8,deleted_at,删除时间,timestamptz,是,,否,否,,P1-内部,,设计字段,P002
sjg_oms,iam,permission_request_item,权限申请明细项,子表,9,master_id,主表ID,uuid,否,,否,否,iam.permission_request.id,P1-内部,,设计字段,P002
sjg_oms,iam,permission_request_item,权限申请明细项,子表,10,field_code,来源字段编码,varchar(128),否,,否,否,,P1-内部,,设计字段,P002
sjg_oms,iam,permission_request_item,权限申请明细项,子表,11,item_seq,明细序号,integer,否,0,否,否,,P1-内部,,设计字段,P002
sjg_oms,iam,permission_request_item,权限申请明细项,子表,12,item_key,明细键,varchar(128),是,,否,否,,P1-内部,,设计字段,P002
sjg_oms,iam,permission_request_item,权限申请明细项,子表,13,item_name,明细名称,varchar(255),是,,否,否,,P1-内部,,设计字段,P002
sjg_oms,iam,permission_request_item,权限申请明细项,子表,14,item_value_text,文本值,text,是,,否,否,,P1-内部,,设计字段,P002
sjg_oms,iam,permission_request_item,权限申请明细项,子表,15,item_value_number,数值,"numeric(24,8)",是,,否,否,,P1-内部,,设计字段,P002
sjg_oms,iam,permission_request_item,权限申请明细项,子表,16,item_value_json,结构化值,jsonb,是,,否,否,,P1-内部,,设计字段,P002
sjg_oms,iam,permission_request_item,权限申请明细项,子表,17,related_object_type,关联对象类型,varchar(128),是,,否,否,,P1-内部,,设计字段,P002
sjg_oms,iam,permission_request_item,权限申请明细项,子表,18,related_object_id,关联对象ID,uuid,是,,否,否,,P1-内部,,设计字段,P002
sjg_oms,iam,permission_request_item,权限申请明细项,子表,19,amount,金额,"numeric(18,2)",是,,否,否,,P1-内部,,设计字段,P002
sjg_oms,iam,permission_request_item,权限申请明细项,子表,20,quantity,数量,"numeric(18,6)",是,,否,否,,P1-内部,,设计字段,P002
sjg_oms,iam,permission_request_item,权限申请明细项,子表,21,sort_no,排序,integer,否,0,否,否,,P1-内部,,设计字段,P002
sjg_oms,iam,role,角色表,权限表,1,id,主键ID,uuid,否,gen_random_uuid(),是,否,,P1-内部,,设计字段,
sjg_oms,iam,role,角色表,权限表,2,tenant_id,租户ID,uuid,否,,否,否,core.tenant.id,P1-内部,所有业务唯一键必须包含tenant_id,设计字段,
sjg_oms,iam,role,角色表,权限表,3,created_by,创建人,uuid,是,,否,否,org.employee.id,P1-内部,,设计字段,
sjg_oms,iam,role,角色表,权限表,4,created_at,创建时间,timestamptz,否,now(),否,否,,P1-内部,,设计字段,
sjg_oms,iam,role,角色表,权限表,5,updated_by,更新人,uuid,是,,否,否,org.employee.id,P1-内部,,设计字段,
sjg_oms,iam,role,角色表,权限表,6,updated_at,更新时间,timestamptz,否,now(),否,否,,P1-内部,,设计字段,
sjg_oms,iam,role,角色表,权限表,7,is_deleted,逻辑删除,boolean,否,false,否,否,,P1-内部,,设计字段,
sjg_oms,iam,role,角色表,权限表,8,deleted_at,删除时间,timestamptz,是,,否,否,,P1-内部,,设计字段,
sjg_oms,iam,role,角色表,权限表,9,role_code,角色编码,varchar(64),否,,否,是,,P1-内部,,设计字段,
sjg_oms,iam,role,角色表,权限表,10,role_name,角色名称,varchar(128),否,,否,否,,P1-内部,,设计字段,
sjg_oms,iam,role,角色表,权限表,11,role_type,角色类型,varchar(32),否,,否,否,,P1-内部,,设计字段,
sjg_oms,iam,role,角色表,权限表,12,data_scope_code,数据范围代码,varchar(64),是,,否,否,,P1-内部,,设计字段,
sjg_oms,iam,role,角色表,权限表,13,enabled,启用,boolean,否,true,否,否,,P1-内部,,设计字段,
sjg_oms,iam,role_permission,角色权限表,关系表,1,id,主键ID,uuid,否,gen_random_uuid(),是,否,,P1-内部,,设计字段,
sjg_oms,iam,role_permission,角色权限表,关系表,2,tenant_id,租户ID,uuid,否,,否,否,core.tenant.id,P1-内部,所有业务唯一键必须包含tenant_id,设计字段,
sjg_oms,iam,role_permission,角色权限表,关系表,3,created_by,创建人,uuid,是,,否,否,org.employee.id,P1-内部,,设计字段,
sjg_oms,iam,role_permission,角色权限表,关系表,4,created_at,创建时间,timestamptz,否,now(),否,否,,P1-内部,,设计字段,
sjg_oms,iam,role_permission,角色权限表,关系表,5,updated_by,更新人,uuid,是,,否,否,org.employee.id,P1-内部,,设计字段,
sjg_oms,iam,role_permission,角色权限表,关系表,6,updated_at,更新时间,timestamptz,否,now(),否,否,,P1-内部,,设计字段,
sjg_oms,iam,role_permission,角色权限表,关系表,7,is_deleted,逻辑删除,boolean,否,false,否,否,,P1-内部,,设计字段,
sjg_oms,iam,role_permission,角色权限表,关系表,8,deleted_at,删除时间,timestamptz,是,,否,否,,P1-内部,,设计字段,
sjg_oms,iam,role_permission,角色权限表,关系表,9,role_id,角色ID,uuid,否,,否,否,iam.role.id,P1-内部,,设计字段,
sjg_oms,iam,role_permission,角色权限表,关系表,10,permission_id,权限ID,uuid,否,,否,否,iam.permission.id,P1-内部,,设计字段,
sjg_oms,iam,role_permission,角色权限表,关系表,11,condition_expr,授权条件,jsonb,是,,否,否,,P1-内部,,设计字段,
sjg_oms,iam,user_account,用户账户表,主数据表,1,id,主键ID,uuid,否,gen_random_uuid(),是,否,,P1-内部,,设计字段,
sjg_oms,iam,user_account,用户账户表,主数据表,2,tenant_id,租户ID,uuid,否,,否,否,core.tenant.id,P1-内部,所有业务唯一键必须包含tenant_id,设计字段,
sjg_oms,iam,user_account,用户账户表,主数据表,3,created_by,创建人,uuid,是,,否,否,org.employee.id,P1-内部,,设计字段,
sjg_oms,iam,user_account,用户账户表,主数据表,4,created_at,创建时间,timestamptz,否,now(),否,否,,P1-内部,,设计字段,
sjg_oms,iam,user_account,用户账户表,主数据表,5,updated_by,更新人,uuid,是,,否,否,org.employee.id,P1-内部,,设计字段,
sjg_oms,iam,user_account,用户账户表,主数据表,6,updated_at,更新时间,timestamptz,否,now(),否,否,,P1-内部,,设计字段,
sjg_oms,iam,user_account,用户账户表,主数据表,7,is_deleted,逻辑删除,boolean,否,false,否,否,,P1-内部,,设计字段,
sjg_oms,iam,user_account,用户账户表,主数据表,8,deleted_at,删除时间,timestamptz,是,,否,否,,P1-内部,,设计字段,
sjg_oms,iam,user_account,用户账户表,主数据表,9,login_name,登录名,varchar(128),否,,否,是,,P1-内部,,设计字段,
sjg_oms,iam,user_account,用户账户表,主数据表,10,mobile_cipher,手机号密文,bytea,是,,否,否,,P2-个人,,设计字段,
sjg_oms,iam,user_account,用户账户表,主数据表,11,mobile_hash,手机号检索哈希,varchar(128),是,,否,否,,P1-内部,,设计字段,
sjg_oms,iam,user_account,用户账户表,主数据表,12,email_cipher,邮箱密文,bytea,是,,否,否,,P2-个人,,设计字段,
sjg_oms,iam,user_account,用户账户表,主数据表,13,password_hash,密码哈希,varchar(255),是,,否,否,,P3-高度敏感,,设计字段,
sjg_oms,iam,user_account,用户账户表,主数据表,14,status,状态,varchar(32),否,'ACTIVE',否,否,,P1-内部,,设计字段,
sjg_oms,iam,user_account,用户账户表,主数据表,15,last_login_at,最后登录,timestamptz,是,,否,否,,P1-内部,,设计字段,
sjg_oms,iam,user_account,用户账户表,主数据表,16,mfa_level,MFA级别,smallint,否,0,否,否,,P1-内部,,设计字段,
sjg_oms,iam,user_identity,用户身份表,子表,1,id,主键ID,uuid,否,gen_random_uuid(),是,否,,P1-内部,,设计字段,
sjg_oms,iam,user_identity,用户身份表,子表,2,tenant_id,租户ID,uuid,否,,否,否,core.tenant.id,P1-内部,所有业务唯一键必须包含tenant_id,设计字段,
sjg_oms,iam,user_identity,用户身份表,子表,3,created_by,创建人,uuid,是,,否,否,org.employee.id,P1-内部,,设计字段,
sjg_oms,iam,user_identity,用户身份表,子表,4,created_at,创建时间,timestamptz,否,now(),否,否,,P1-内部,,设计字段,
sjg_oms,iam,user_identity,用户身份表,子表,5,updated_by,更新人,uuid,是,,否,否,org.employee.id,P1-内部,,设计字段,
sjg_oms,iam,user_identity,用户身份表,子表,6,updated_at,更新时间,timestamptz,否,now(),否,否,,P1-内部,,设计字段,
sjg_oms,iam,user_identity,用户身份表,子表,7,is_deleted,逻辑删除,boolean,否,false,否,否,,P1-内部,,设计字段,
sjg_oms,iam,user_identity,用户身份表,子表,8,deleted_at,删除时间,timestamptz,是,,否,否,,P1-内部,,设计字段,
sjg_oms,iam,user_identity,用户身份表,子表,9,user_id,用户ID,uuid,否,,否,否,iam.user_account.id,P1-内部,,设计字段,
sjg_oms,iam,user_identity,用户身份表,子表,10,employee_id,员工ID,uuid,是,,否,否,org.employee.id,P1-内部,,设计字段,
sjg_oms,iam,user_identity,用户身份表,子表,11,identity_type,身份类型,varchar(32),否,,否,否,,P1-内部,,设计字段,
sjg_oms,iam,user_identity,用户身份表,子表,12,identity_name,身份名称,varchar(128),否,,否,否,,P1-内部,,设计字段,
sjg_oms,iam,user_identity,用户身份表,子表,13,org_id,组织ID,uuid,是,,否,否,org.organization.id,P1-内部,,设计字段,
sjg_oms,iam,user_identity,用户身份表,子表,14,position_id,岗位ID,uuid,是,,否,否,org.position.id,P1-内部,,设计字段,
sjg_oms,iam,user_identity,用户身份表,子表,15,is_primary,是否主身份,boolean,否,false,否,否,,P1-内部,,设计字段,
sjg_oms,iam,user_identity,用户身份表,子表,16,effective_start_at,生效开始,timestamptz,否,now(),否,否,,P1-内部,,设计字段,
sjg_oms,iam,user_identity,用户身份表,子表,17,effective_end_at,生效结束,timestamptz,是,,否,否,,P1-内部,,设计字段,
sjg_oms,iam,user_role,用户角色表,关系表,1,id,主键ID,uuid,否,gen_random_uuid(),是,否,,P1-内部,,设计字段,
sjg_oms,iam,user_role,用户角色表,关系表,2,tenant_id,租户ID,uuid,否,,否,否,core.tenant.id,P1-内部,所有业务唯一键必须包含tenant_id,设计字段,
sjg_oms,iam,user_role,用户角色表,关系表,3,created_by,创建人,uuid,是,,否,否,org.employee.id,P1-内部,,设计字段,
sjg_oms,iam,user_role,用户角色表,关系表,4,created_at,创建时间,timestamptz,否,now(),否,否,,P1-内部,,设计字段,
sjg_oms,iam,user_role,用户角色表,关系表,5,updated_by,更新人,uuid,是,,否,否,org.employee.id,P1-内部,,设计字段,
sjg_oms,iam,user_role,用户角色表,关系表,6,updated_at,更新时间,timestamptz,否,now(),否,否,,P1-内部,,设计字段,
sjg_oms,iam,user_role,用户角色表,关系表,7,is_deleted,逻辑删除,boolean,否,false,否,否,,P1-内部,,设计字段,
sjg_oms,iam,user_role,用户角色表,关系表,8,deleted_at,删除时间,timestamptz,是,,否,否,,P1-内部,,设计字段,
sjg_oms,iam,user_role,用户角色表,关系表,9,user_id,用户ID,uuid,否,,否,否,iam.user_account.id,P1-内部,,设计字段,
sjg_oms,iam,user_role,用户角色表,关系表,10,identity_id,身份ID,uuid,是,,否,否,iam.user_identity.id,P1-内部,,设计字段,
sjg_oms,iam,user_role,用户角色表,关系表,11,role_id,角色ID,uuid,否,,否,否,iam.role.id,P1-内部,,设计字段,
sjg_oms,iam,user_role,用户角色表,关系表,12,effective_start_at,生效开始,timestamptz,否,now(),否,否,,P1-内部,,设计字段,
sjg_oms,iam,user_role,用户角色表,关系表,13,effective_end_at,生效结束,timestamptz,是,,否,否,,P1-内部,,设计字段,
sjg_oms,iam,user_role,用户角色表,关系表,14,grant_source,授权来源,varchar(32),否,,否,否,,P1-内部,,设计字段,
sjg_oms,integration,data_import_job,数据导入任务主表,主表,1,id,主键ID,uuid,否,gen_random_uuid(),是,否,,P1-内部,,设计字段,P018
sjg_oms,integration,data_import_job,数据导入任务主表,主表,2,tenant_id,租户ID,uuid,否,,否,否,core.tenant.id,P1-内部,所有业务唯一键必须包含tenant_id,设计字段,P018
sjg_oms,integration,data_import_job,数据导入任务主表,主表,3,business_no,业务单号,varchar(64),否,,否,是,,P1-内部,租户内唯一；由core.sequence_rule生成,设计字段,P018
sjg_oms,integration,data_import_job,数据导入任务主表,主表,4,workflow_instance_id,流程实例ID,uuid,是,,否,否,workflow.wf_instance.id,P1-内部,,设计字段,P018
sjg_oms,integration,data_import_job,数据导入任务主表,主表,5,status,业务状态,varchar(32),否,'DRAFT',否,否,,P1-内部,仅由状态机合法迁移,设计字段,P018
sjg_oms,integration,data_import_job,数据导入任务主表,主表,6,version_no,乐观锁版本,integer,否,0,否,否,,P1-内部,更新时version_no+1，冲突则拒绝,设计字段,P018
sjg_oms,integration,data_import_job,数据导入任务主表,主表,7,created_by,创建人,uuid,是,,否,否,org.employee.id,P1-内部,,设计字段,P018
sjg_oms,integration,data_import_job,数据导入任务主表,主表,8,created_at,创建时间,timestamptz,否,now(),否,否,,P1-内部,,设计字段,P018
sjg_oms,integration,data_import_job,数据导入任务主表,主表,9,updated_by,更新人,uuid,是,,否,否,org.employee.id,P1-内部,,设计字段,P018
sjg_oms,integration,data_import_job,数据导入任务主表,主表,10,updated_at,更新时间,timestamptz,否,now(),否,否,,P1-内部,,设计字段,P018
sjg_oms,integration,data_import_job,数据导入任务主表,主表,11,is_deleted,逻辑删除,boolean,否,false,否,否,,P1-内部,,设计字段,P018
sjg_oms,integration,data_import_job,数据导入任务主表,主表,12,deleted_at,删除时间,timestamptz,是,,否,否,,P1-内部,,设计字段,P018
sjg_oms,integration,data_import_job,数据导入任务主表,主表,13,import_type,导入类型,varchar(64),否,,否,否,,P1-内部,,设计字段,P018
sjg_oms,integration,data_import_job,数据导入任务主表,主表,14,source_file_id,源文件ID,uuid,否,,否,否,document.file_object.id,P1-内部,,设计字段,P018
sjg_oms,integration,data_import_job,数据导入任务主表,主表,15,template_version,模板版本,varchar(64),否,,否,否,,P1-内部,,设计字段,P018
sjg_oms,integration,data_import_job,数据导入任务主表,主表,16,total_rows,总行数,integer,否,0,否,否,,P1-内部,,设计字段,P018
sjg_oms,integration,data_import_job,数据导入任务主表,主表,17,success_rows,成功行数,integer,否,0,否,否,,P1-内部,,设计字段,P018
sjg_oms,integration,data_import_job,数据导入任务主表,主表,18,failed_rows,失败行数,integer,否,0,否,否,,P1-内部,,设计字段,P018
sjg_oms,integration,data_import_job,数据导入任务主表,主表,19,validation_result,校验结果,jsonb,是,,否,否,,P1-内部,,设计字段,P018
sjg_oms,integration,data_import_job,数据导入任务主表,主表,20,result_file_id,结果文件ID,uuid,是,,否,否,document.file_object.id,P1-内部,,设计字段,P018
sjg_oms,integration,data_import_job,数据导入任务主表,主表,21,actual_amount,实际金额,"numeric(18,2)",是,,否,否,,P1-内部,,原始流程字段,P018
sjg_oms,integration,data_import_job,数据导入任务主表,主表,22,actual_end_at,实际结束时间,timestamptz,是,,否,否,,P1-内部,不得早于开始时间,原始流程字段,P018
sjg_oms,integration,data_import_job,数据导入任务主表,主表,23,actual_start_at,实际开始时间,timestamptz,否,,否,否,,P1-内部,,原始流程字段,P018
sjg_oms,integration,data_import_job,数据导入任务主表,主表,24,business_date,业务发生日期,date,否,,否,否,,P1-内部,,原始流程字段,P018
sjg_oms,integration,data_import_job,数据导入任务主表,主表,25,environment,环境,varchar(64),否,,否,否,,P1-内部,,原始流程字段,P018
sjg_oms,integration,data_import_job,数据导入任务主表,主表,26,implementation_window,实施窗口,tstzrange,是,,否,否,,P1-内部,,原始流程字段,P018
sjg_oms,integration,data_import_job,数据导入任务主表,主表,27,result_summary,结果摘要,text,否,,否,否,,P1-内部,,原始流程字段,P018
sjg_oms,integration,data_import_job,数据导入任务主表,主表,28,rollback_plan,回退方案,text,是,,否,否,,P1-内部,,原始流程字段,P018
sjg_oms,integration,data_import_job,数据导入任务主表,主表,29,system_service_name,系统/服务名称,varchar(200),否,,否,否,,P1-内部,,原始流程字段,P018
sjg_oms,integration,data_import_job,数据导入任务主表,主表,30,tech_impact_scope,影响范围,text,否,,否,否,,P1-内部,,原始流程字段,P018
sjg_oms,integration,data_import_job,数据导入任务主表,主表,31,tech_risk_level,风险等级,varchar(64),否,,否,否,,P1-内部,,原始流程字段,P018
sjg_oms,integration,data_import_job,数据导入任务主表,主表,32,tech_work_item_no,变更/需求/缺陷编号,varchar(64),是,,否,否,,P1-内部,,原始流程字段,P018
sjg_oms,integration,data_import_job,数据导入任务主表,主表,33,verification_test_result,健康检查/测试结果,text,是,,否,否,,P1-内部,,原始流程字段,P018
sjg_oms,integration,data_import_job,数据导入任务主表,主表,34,version_build_no,版本/构建号,varchar(100),是,,否,否,,P1-内部,,原始流程字段,P018
sjg_oms,integration,data_import_job_item,数据导入任务明细项,子表,1,id,主键ID,uuid,否,gen_random_uuid(),是,否,,P1-内部,,设计字段,P018
sjg_oms,integration,data_import_job_item,数据导入任务明细项,子表,2,tenant_id,租户ID,uuid,否,,否,否,core.tenant.id,P1-内部,所有业务唯一键必须包含tenant_id,设计字段,P018
sjg_oms,integration,data_import_job_item,数据导入任务明细项,子表,3,created_by,创建人,uuid,是,,否,否,org.employee.id,P1-内部,,设计字段,P018
sjg_oms,integration,data_import_job_item,数据导入任务明细项,子表,4,created_at,创建时间,timestamptz,否,now(),否,否,,P1-内部,,设计字段,P018
sjg_oms,integration,data_import_job_item,数据导入任务明细项,子表,5,updated_by,更新人,uuid,是,,否,否,org.employee.id,P1-内部,,设计字段,P018
sjg_oms,integration,data_import_job_item,数据导入任务明细项,子表,6,updated_at,更新时间,timestamptz,否,now(),否,否,,P1-内部,,设计字段,P018
sjg_oms,integration,data_import_job_item,数据导入任务明细项,子表,7,is_deleted,逻辑删除,boolean,否,false,否,否,,P1-内部,,设计字段,P018
sjg_oms,integration,data_import_job_item,数据导入任务明细项,子表,8,deleted_at,删除时间,timestamptz,是,,否,否,,P1-内部,,设计字段,P018
sjg_oms,integration,data_import_job_item,数据导入任务明细项,子表,9,master_id,主表ID,uuid,否,,否,否,integration.data_import_job.id,P1-内部,,设计字段,P018
sjg_oms,integration,data_import_job_item,数据导入任务明细项,子表,10,field_code,来源字段编码,varchar(128),否,,否,否,,P1-内部,,设计字段,P018
sjg_oms,integration,data_import_job_item,数据导入任务明细项,子表,11,item_seq,明细序号,integer,否,0,否,否,,P1-内部,,设计字段,P018
sjg_oms,integration,data_import_job_item,数据导入任务明细项,子表,12,item_key,明细键,varchar(128),是,,否,否,,P1-内部,,设计字段,P018
sjg_oms,integration,data_import_job_item,数据导入任务明细项,子表,13,item_name,明细名称,varchar(255),是,,否,否,,P1-内部,,设计字段,P018
sjg_oms,integration,data_import_job_item,数据导入任务明细项,子表,14,item_value_text,文本值,text,是,,否,否,,P1-内部,,设计字段,P018
sjg_oms,integration,data_import_job_item,数据导入任务明细项,子表,15,item_value_number,数值,"numeric(24,8)",是,,否,否,,P1-内部,,设计字段,P018
sjg_oms,integration,data_import_job_item,数据导入任务明细项,子表,16,item_value_json,结构化值,jsonb,是,,否,否,,P1-内部,,设计字段,P018
sjg_oms,integration,data_import_job_item,数据导入任务明细项,子表,17,related_object_type,关联对象类型,varchar(128),是,,否,否,,P1-内部,,设计字段,P018
sjg_oms,integration,data_import_job_item,数据导入任务明细项,子表,18,related_object_id,关联对象ID,uuid,是,,否,否,,P1-内部,,设计字段,P018
sjg_oms,integration,data_import_job_item,数据导入任务明细项,子表,19,amount,金额,"numeric(18,2)",是,,否,否,,P1-内部,,设计字段,P018
sjg_oms,integration,data_import_job_item,数据导入任务明细项,子表,20,quantity,数量,"numeric(18,6)",是,,否,否,,P1-内部,,设计字段,P018
sjg_oms,integration,data_import_job_item,数据导入任务明细项,子表,21,sort_no,排序,integer,否,0,否,否,,P1-内部,,设计字段,P018
sjg_oms,integration,dead_letter,死信表,技术表,1,id,主键ID,uuid,否,gen_random_uuid(),是,否,,P1-内部,,设计字段,
sjg_oms,integration,dead_letter,死信表,技术表,2,tenant_id,租户ID,uuid,否,,否,否,core.tenant.id,P1-内部,所有业务唯一键必须包含tenant_id,设计字段,
sjg_oms,integration,dead_letter,死信表,技术表,3,created_by,创建人,uuid,是,,否,否,org.employee.id,P1-内部,,设计字段,
sjg_oms,integration,dead_letter,死信表,技术表,4,created_at,创建时间,timestamptz,否,now(),否,否,,P1-内部,,设计字段,
sjg_oms,integration,dead_letter,死信表,技术表,5,updated_by,更新人,uuid,是,,否,否,org.employee.id,P1-内部,,设计字段,
sjg_oms,integration,dead_letter,死信表,技术表,6,updated_at,更新时间,timestamptz,否,now(),否,否,,P1-内部,,设计字段,
sjg_oms,integration,dead_letter,死信表,技术表,7,is_deleted,逻辑删除,boolean,否,false,否,否,,P1-内部,,设计字段,
sjg_oms,integration,dead_letter,死信表,技术表,8,deleted_at,删除时间,timestamptz,是,,否,否,,P1-内部,,设计字段,
sjg_oms,integration,dead_letter,死信表,技术表,9,source_type,来源类型,varchar(32),否,,否,否,,P1-内部,,设计字段,
sjg_oms,integration,dead_letter,死信表,技术表,10,source_id,来源ID,varchar(128),否,,否,否,,P1-内部,,设计字段,
sjg_oms,integration,dead_letter,死信表,技术表,11,payload,载荷,jsonb,否,,否,否,,P1-内部,,设计字段,
sjg_oms,integration,dead_letter,死信表,技术表,12,error_code,错误码,varchar(64),是,,否,否,,P1-内部,,设计字段,
sjg_oms,integration,dead_letter,死信表,技术表,13,error_message,错误信息,text,是,,否,否,,P1-内部,,设计字段,
sjg_oms,integration,dead_letter,死信表,技术表,14,status,处理状态,varchar(32),否,'OPEN',否,否,,P1-内部,,设计字段,
sjg_oms,integration,dead_letter,死信表,技术表,15,resolved_at,解决时间,timestamptz,是,,否,否,,P1-内部,,设计字段,
sjg_oms,integration,endpoint,集成端点表,配置表,1,id,主键ID,uuid,否,gen_random_uuid(),是,否,,P1-内部,,设计字段,
sjg_oms,integration,endpoint,集成端点表,配置表,2,tenant_id,租户ID,uuid,否,,否,否,core.tenant.id,P1-内部,所有业务唯一键必须包含tenant_id,设计字段,
sjg_oms,integration,endpoint,集成端点表,配置表,3,created_by,创建人,uuid,是,,否,否,org.employee.id,P1-内部,,设计字段,
sjg_oms,integration,endpoint,集成端点表,配置表,4,created_at,创建时间,timestamptz,否,now(),否,否,,P1-内部,,设计字段,
sjg_oms,integration,endpoint,集成端点表,配置表,5,updated_by,更新人,uuid,是,,否,否,org.employee.id,P1-内部,,设计字段,
sjg_oms,integration,endpoint,集成端点表,配置表,6,updated_at,更新时间,timestamptz,否,now(),否,否,,P1-内部,,设计字段,
sjg_oms,integration,endpoint,集成端点表,配置表,7,is_deleted,逻辑删除,boolean,否,false,否,否,,P1-内部,,设计字段,
sjg_oms,integration,endpoint,集成端点表,配置表,8,deleted_at,删除时间,timestamptz,是,,否,否,,P1-内部,,设计字段,
sjg_oms,integration,endpoint,集成端点表,配置表,9,endpoint_code,端点编码,varchar(64),否,,否,是,,P1-内部,,设计字段,
sjg_oms,integration,endpoint,集成端点表,配置表,10,system_name,系统名称,varchar(128),否,,否,否,,P1-内部,,设计字段,
sjg_oms,integration,endpoint,集成端点表,配置表,11,protocol,协议,varchar(32),否,,否,否,,P1-内部,,设计字段,
sjg_oms,integration,endpoint,集成端点表,配置表,12,endpoint_uri,端点地址,text,否,,否,否,,P1-内部,,设计字段,
sjg_oms,integration,endpoint,集成端点表,配置表,13,auth_type,认证类型,varchar(32),否,,否,否,,P1-内部,,设计字段,
sjg_oms,integration,endpoint,集成端点表,配置表,14,timeout_ms,超时毫秒,integer,否,5000,否,否,,P1-内部,,设计字段,
sjg_oms,integration,endpoint,集成端点表,配置表,15,retry_policy,重试策略,jsonb,是,,否,否,,P1-内部,,设计字段,
sjg_oms,integration,endpoint,集成端点表,配置表,16,circuit_policy,熔断策略,jsonb,是,,否,否,,P1-内部,,设计字段,
sjg_oms,integration,endpoint,集成端点表,配置表,17,enabled,启用,boolean,否,true,否,否,,P1-内部,,设计字段,
sjg_oms,integration,request_log,接口调用日志,日志表,1,id,主键ID,uuid,否,gen_random_uuid(),是,否,,P1-内部,,设计字段,
sjg_oms,integration,request_log,接口调用日志,日志表,2,tenant_id,租户ID,uuid,否,,否,否,core.tenant.id,P1-内部,所有业务唯一键必须包含tenant_id,设计字段,
sjg_oms,integration,request_log,接口调用日志,日志表,3,created_by,创建人,uuid,是,,否,否,org.employee.id,P1-内部,,设计字段,
sjg_oms,integration,request_log,接口调用日志,日志表,4,created_at,创建时间,timestamptz,否,now(),否,否,,P1-内部,,设计字段,
sjg_oms,integration,request_log,接口调用日志,日志表,5,updated_by,更新人,uuid,是,,否,否,org.employee.id,P1-内部,,设计字段,
sjg_oms,integration,request_log,接口调用日志,日志表,6,updated_at,更新时间,timestamptz,否,now(),否,否,,P1-内部,,设计字段,
sjg_oms,integration,request_log,接口调用日志,日志表,7,is_deleted,逻辑删除,boolean,否,false,否,否,,P1-内部,,设计字段,
sjg_oms,integration,request_log,接口调用日志,日志表,8,deleted_at,删除时间,timestamptz,是,,否,否,,P1-内部,,设计字段,
sjg_oms,integration,request_log,接口调用日志,日志表,9,request_id,请求ID,varchar(128),否,,否,是,,P1-内部,,设计字段,
sjg_oms,integration,request_log,接口调用日志,日志表,10,endpoint_id,端点ID,uuid,否,,否,否,integration.endpoint.id,P1-内部,,设计字段,
sjg_oms,integration,request_log,接口调用日志,日志表,11,business_key,业务幂等键,varchar(128),是,,否,否,,P1-内部,,设计字段,
sjg_oms,integration,request_log,接口调用日志,日志表,12,request_summary,请求摘要,jsonb,是,,否,否,,P1-内部,,设计字段,
sjg_oms,integration,request_log,接口调用日志,日志表,13,response_code,响应码,varchar(64),是,,否,否,,P1-内部,,设计字段,
sjg_oms,integration,request_log,接口调用日志,日志表,14,duration_ms,耗时毫秒,integer,是,,否,否,,P1-内部,,设计字段,
sjg_oms,integration,request_log,接口调用日志,日志表,15,success,成功,boolean,否,,否,否,,P1-内部,,设计字段,
sjg_oms,integration,request_log,接口调用日志,日志表,16,occurred_at,发生时间,timestamptz,否,now(),否,否,,P1-内部,,设计字段,
sjg_oms,integration,retry_task,接口重试任务,技术表,1,id,主键ID,uuid,否,gen_random_uuid(),是,否,,P1-内部,,设计字段,
sjg_oms,integration,retry_task,接口重试任务,技术表,2,tenant_id,租户ID,uuid,否,,否,否,core.tenant.id,P1-内部,所有业务唯一键必须包含tenant_id,设计字段,
sjg_oms,integration,retry_task,接口重试任务,技术表,3,created_by,创建人,uuid,是,,否,否,org.employee.id,P1-内部,,设计字段,
sjg_oms,integration,retry_task,接口重试任务,技术表,4,created_at,创建时间,timestamptz,否,now(),否,否,,P1-内部,,设计字段,
sjg_oms,integration,retry_task,接口重试任务,技术表,5,updated_by,更新人,uuid,是,,否,否,org.employee.id,P1-内部,,设计字段,
sjg_oms,integration,retry_task,接口重试任务,技术表,6,updated_at,更新时间,timestamptz,否,now(),否,否,,P1-内部,,设计字段,
sjg_oms,integration,retry_task,接口重试任务,技术表,7,is_deleted,逻辑删除,boolean,否,false,否,否,,P1-内部,,设计字段,
sjg_oms,integration,retry_task,接口重试任务,技术表,8,deleted_at,删除时间,timestamptz,是,,否,否,,P1-内部,,设计字段,
sjg_oms,integration,retry_task,接口重试任务,技术表,9,request_id,原请求ID,varchar(128),否,,否,否,,P1-内部,,设计字段,
sjg_oms,integration,retry_task,接口重试任务,技术表,10,endpoint_id,端点ID,uuid,否,,否,否,integration.endpoint.id,P1-内部,,设计字段,
sjg_oms,integration,retry_task,接口重试任务,技术表,11,payload,重试载荷,jsonb,否,,否,否,,P1-内部,,设计字段,
sjg_oms,integration,retry_task,接口重试任务,技术表,12,next_retry_at,下次重试,timestamptz,否,,否,否,,P1-内部,,设计字段,
sjg_oms,integration,retry_task,接口重试任务,技术表,13,retry_count,重试次数,integer,否,0,否,否,,P1-内部,,设计字段,
sjg_oms,integration,retry_task,接口重试任务,技术表,14,max_retries,最大重试,integer,否,3,否,否,,P1-内部,,设计字段,
sjg_oms,integration,retry_task,接口重试任务,技术表,15,status,状态,varchar(32),否,'PENDING',否,否,,P1-内部,,设计字段,
sjg_oms,itops,event_support,网络活动保障主表,主表,1,id,主键ID,uuid,否,gen_random_uuid(),是,否,,P1-内部,,设计字段,P087
sjg_oms,itops,event_support,网络活动保障主表,主表,2,tenant_id,租户ID,uuid,否,,否,否,core.tenant.id,P1-内部,所有业务唯一键必须包含tenant_id,设计字段,P087
sjg_oms,itops,event_support,网络活动保障主表,主表,3,business_no,业务单号,varchar(64),否,,否,是,,P1-内部,租户内唯一；由core.sequence_rule生成,设计字段,P087
sjg_oms,itops,event_support,网络活动保障主表,主表,4,workflow_instance_id,流程实例ID,uuid,是,,否,否,workflow.wf_instance.id,P1-内部,,设计字段,P087
sjg_oms,itops,event_support,网络活动保障主表,主表,5,status,业务状态,varchar(32),否,'DRAFT',否,否,,P1-内部,仅由状态机合法迁移,设计字段,P087
sjg_oms,itops,event_support,网络活动保障主表,主表,6,version_no,乐观锁版本,integer,否,0,否,否,,P1-内部,更新时version_no+1，冲突则拒绝,设计字段,P087
sjg_oms,itops,event_support,网络活动保障主表,主表,7,created_by,创建人,uuid,是,,否,否,org.employee.id,P1-内部,,设计字段,P087
sjg_oms,itops,event_support,网络活动保障主表,主表,8,created_at,创建时间,timestamptz,否,now(),否,否,,P1-内部,,设计字段,P087
sjg_oms,itops,event_support,网络活动保障主表,主表,9,updated_by,更新人,uuid,是,,否,否,org.employee.id,P1-内部,,设计字段,P087
sjg_oms,itops,event_support,网络活动保障主表,主表,10,updated_at,更新时间,timestamptz,否,now(),否,否,,P1-内部,,设计字段,P087
sjg_oms,itops,event_support,网络活动保障主表,主表,11,is_deleted,逻辑删除,boolean,否,false,否,否,,P1-内部,,设计字段,P087
sjg_oms,itops,event_support,网络活动保障主表,主表,12,deleted_at,删除时间,timestamptz,是,,否,否,,P1-内部,,设计字段,P087
sjg_oms,itops,event_support,网络活动保障主表,主表,13,source_channel,来源渠道,varchar(32),是,,否,否,,P1-内部,,设计字段,P087
sjg_oms,itops,event_support,网络活动保障主表,主表,14,business_date,业务日期,date,是,,否,否,,P1-内部,,设计字段,P087
sjg_oms,itops,event_support,网络活动保障主表,主表,15,subject,主题,varchar(255),是,,否,否,,P1-内部,,设计字段,P087
sjg_oms,itops,event_support,网络活动保障主表,主表,16,reason,原因,text,是,,否,否,,P1-内部,,设计字段,P087
sjg_oms,itops,event_support,网络活动保障主表,主表,17,priority,优先级,varchar(16),否,'NORMAL',否,否,,P1-内部,,设计字段,P087
sjg_oms,itops,event_support,网络活动保障主表,主表,18,risk_level,风险等级,varchar(16),是,,否,否,,P1-内部,,设计字段,P087
sjg_oms,itops,event_support,网络活动保障主表,主表,19,owner_center_id,归属中心,uuid,是,,否,否,org.organization.id,P1-内部,,设计字段,P087
sjg_oms,itops,event_support,网络活动保障主表,主表,20,owner_department_id,归属部门,uuid,是,,否,否,org.organization.id,P1-内部,,设计字段,P087
sjg_oms,itops,event_support,网络活动保障主表,主表,21,owner_employee_id,责任人,uuid,是,,否,否,org.employee.id,P1-内部,,设计字段,P087
sjg_oms,itops,event_support,网络活动保障主表,主表,22,planned_start_at,计划开始,timestamptz,是,,否,否,,P1-内部,,设计字段,P087
sjg_oms,itops,event_support,网络活动保障主表,主表,23,planned_finish_at,计划完成,timestamptz,是,,否,否,,P1-内部,,设计字段,P087
sjg_oms,itops,event_support,网络活动保障主表,主表,24,actual_start_at,实际开始,timestamptz,是,,否,否,,P1-内部,,设计字段,P087
sjg_oms,itops,event_support,网络活动保障主表,主表,25,actual_end_at,实际完成,timestamptz,是,,否,否,,P1-内部,,设计字段,P087
sjg_oms,itops,event_support,网络活动保障主表,主表,26,result_summary,结果摘要,text,是,,否,否,,P1-内部,,设计字段,P087
sjg_oms,itops,event_support,网络活动保障主表,主表,27,closed_at,关闭时间,timestamptz,是,,否,否,,P1-内部,,设计字段,P087
sjg_oms,itops,event_support,网络活动保障主表,主表,28,actual_amount,实际金额,"numeric(18,2)",是,,否,否,,P1-内部,,原始流程字段,P087
sjg_oms,itops,event_support,网络活动保障主表,主表,29,campaign_budget,预算金额,"numeric(18,2)",是,,否,否,,P1-内部,,原始流程字段,P087
sjg_oms,itops,event_support,网络活动保障主表,主表,30,campaign_end_at,结束时间,timestamptz,否,,否,否,,P1-内部,,原始流程字段,P087
sjg_oms,itops,event_support,网络活动保障主表,主表,31,campaign_goal,活动目标,text,否,,否,否,,P1-内部,,原始流程字段,P087
sjg_oms,itops,event_support,网络活动保障主表,主表,32,campaign_location_channel,活动地点/渠道,varchar(500),是,,否,否,,P1-内部,,原始流程字段,P087
sjg_oms,itops,event_support,网络活动保障主表,主表,33,campaign_name,活动名称,varchar(200),否,,否,否,,P1-内部,,原始流程字段,P087
sjg_oms,itops,event_support,网络活动保障主表,主表,34,campaign_no,活动/项目编号,varchar(32),否,,否,否,,P1-内部,,原始流程字段,P087
sjg_oms,itops,event_support,网络活动保障主表,主表,35,campaign_start_at,开始时间,timestamptz,否,,否,否,,P1-内部,,原始流程字段,P087
sjg_oms,itops,event_support,网络活动保障主表,主表,36,environment,环境,varchar(64),否,,否,否,,P1-内部,,原始流程字段,P087
sjg_oms,itops,event_support,网络活动保障主表,主表,37,system_service_name,系统/服务名称,varchar(200),否,,否,否,,P1-内部,,原始流程字段,P087
sjg_oms,itops,event_support,网络活动保障主表,主表,38,target_audience_desc,目标人群,text,是,,否,否,,P1-内部,,原始流程字段,P087
sjg_oms,itops,event_support,网络活动保障主表,主表,39,target_volume,目标线索/参与人数,bigint,是,,否,否,,P1-内部,,原始流程字段,P087
sjg_oms,itops,event_support_item,网络活动保障明细项,子表,1,id,主键ID,uuid,否,gen_random_uuid(),是,否,,P1-内部,,设计字段,P087
sjg_oms,itops,event_support_item,网络活动保障明细项,子表,2,tenant_id,租户ID,uuid,否,,否,否,core.tenant.id,P1-内部,所有业务唯一键必须包含tenant_id,设计字段,P087
sjg_oms,itops,event_support_item,网络活动保障明细项,子表,3,created_by,创建人,uuid,是,,否,否,org.employee.id,P1-内部,,设计字段,P087
sjg_oms,itops,event_support_item,网络活动保障明细项,子表,4,created_at,创建时间,timestamptz,否,now(),否,否,,P1-内部,,设计字段,P087
sjg_oms,itops,event_support_item,网络活动保障明细项,子表,5,updated_by,更新人,uuid,是,,否,否,org.employee.id,P1-内部,,设计字段,P087
sjg_oms,itops,event_support_item,网络活动保障明细项,子表,6,updated_at,更新时间,timestamptz,否,now(),否,否,,P1-内部,,设计字段,P087
sjg_oms,itops,event_support_item,网络活动保障明细项,子表,7,is_deleted,逻辑删除,boolean,否,false,否,否,,P1-内部,,设计字段,P087
sjg_oms,itops,event_support_item,网络活动保障明细项,子表,8,deleted_at,删除时间,timestamptz,是,,否,否,,P1-内部,,设计字段,P087
sjg_oms,itops,event_support_item,网络活动保障明细项,子表,9,master_id,主表ID,uuid,否,,否,否,itops.event_support.id,P1-内部,,设计字段,P087
sjg_oms,itops,event_support_item,网络活动保障明细项,子表,10,field_code,来源字段编码,varchar(128),否,,否,否,,P1-内部,,设计字段,P087
sjg_oms,itops,event_support_item,网络活动保障明细项,子表,11,item_seq,明细序号,integer,否,0,否,否,,P1-内部,,设计字段,P087
sjg_oms,itops,event_support_item,网络活动保障明细项,子表,12,item_key,明细键,varchar(128),是,,否,否,,P1-内部,,设计字段,P087
sjg_oms,itops,event_support_item,网络活动保障明细项,子表,13,item_name,明细名称,varchar(255),是,,否,否,,P1-内部,,设计字段,P087
sjg_oms,itops,event_support_item,网络活动保障明细项,子表,14,item_value_text,文本值,text,是,,否,否,,P1-内部,,设计字段,P087
sjg_oms,itops,event_support_item,网络活动保障明细项,子表,15,item_value_number,数值,"numeric(24,8)",是,,否,否,,P1-内部,,设计字段,P087
sjg_oms,itops,event_support_item,网络活动保障明细项,子表,16,item_value_json,结构化值,jsonb,是,,否,否,,P1-内部,,设计字段,P087
sjg_oms,itops,event_support_item,网络活动保障明细项,子表,17,related_object_type,关联对象类型,varchar(128),是,,否,否,,P1-内部,,设计字段,P087
sjg_oms,itops,event_support_item,网络活动保障明细项,子表,18,related_object_id,关联对象ID,uuid,是,,否,否,,P1-内部,,设计字段,P087
sjg_oms,itops,event_support_item,网络活动保障明细项,子表,19,amount,金额,"numeric(18,2)",是,,否,否,,P1-内部,,设计字段,P087
sjg_oms,itops,event_support_item,网络活动保障明细项,子表,20,quantity,数量,"numeric(18,6)",是,,否,否,,P1-内部,,设计字段,P087
sjg_oms,itops,event_support_item,网络活动保障明细项,子表,21,sort_no,排序,integer,否,0,否,否,,P1-内部,,设计字段,P087
sjg_oms,itops,network_change,网络变更主表,主表,1,id,主键ID,uuid,否,gen_random_uuid(),是,否,,P1-内部,,设计字段,P086
sjg_oms,itops,network_change,网络变更主表,主表,2,tenant_id,租户ID,uuid,否,,否,否,core.tenant.id,P1-内部,所有业务唯一键必须包含tenant_id,设计字段,P086
sjg_oms,itops,network_change,网络变更主表,主表,3,business_no,业务单号,varchar(64),否,,否,是,,P1-内部,租户内唯一；由core.sequence_rule生成,设计字段,P086
sjg_oms,itops,network_change,网络变更主表,主表,4,workflow_instance_id,流程实例ID,uuid,是,,否,否,workflow.wf_instance.id,P1-内部,,设计字段,P086
sjg_oms,itops,network_change,网络变更主表,主表,5,status,业务状态,varchar(32),否,'DRAFT',否,否,,P1-内部,仅由状态机合法迁移,设计字段,P086
sjg_oms,itops,network_change,网络变更主表,主表,6,version_no,乐观锁版本,integer,否,0,否,否,,P1-内部,更新时version_no+1，冲突则拒绝,设计字段,P086
sjg_oms,itops,network_change,网络变更主表,主表,7,created_by,创建人,uuid,是,,否,否,org.employee.id,P1-内部,,设计字段,P086
sjg_oms,itops,network_change,网络变更主表,主表,8,created_at,创建时间,timestamptz,否,now(),否,否,,P1-内部,,设计字段,P086
sjg_oms,itops,network_change,网络变更主表,主表,9,updated_by,更新人,uuid,是,,否,否,org.employee.id,P1-内部,,设计字段,P086
sjg_oms,itops,network_change,网络变更主表,主表,10,updated_at,更新时间,timestamptz,否,now(),否,否,,P1-内部,,设计字段,P086
sjg_oms,itops,network_change,网络变更主表,主表,11,is_deleted,逻辑删除,boolean,否,false,否,否,,P1-内部,,设计字段,P086
sjg_oms,itops,network_change,网络变更主表,主表,12,deleted_at,删除时间,timestamptz,是,,否,否,,P1-内部,,设计字段,P086
sjg_oms,itops,network_change,网络变更主表,主表,13,source_channel,来源渠道,varchar(32),是,,否,否,,P1-内部,,设计字段,P086
sjg_oms,itops,network_change,网络变更主表,主表,14,business_date,业务日期,date,是,,否,否,,P1-内部,,设计字段,P086
sjg_oms,itops,network_change,网络变更主表,主表,15,subject,主题,varchar(255),是,,否,否,,P1-内部,,设计字段,P086
sjg_oms,itops,network_change,网络变更主表,主表,16,reason,原因,text,是,,否,否,,P1-内部,,设计字段,P086
sjg_oms,itops,network_change,网络变更主表,主表,17,priority,优先级,varchar(16),否,'NORMAL',否,否,,P1-内部,,设计字段,P086
sjg_oms,itops,network_change,网络变更主表,主表,18,risk_level,风险等级,varchar(16),是,,否,否,,P1-内部,,设计字段,P086
sjg_oms,itops,network_change,网络变更主表,主表,19,owner_center_id,归属中心,uuid,是,,否,否,org.organization.id,P1-内部,,设计字段,P086
sjg_oms,itops,network_change,网络变更主表,主表,20,owner_department_id,归属部门,uuid,是,,否,否,org.organization.id,P1-内部,,设计字段,P086
sjg_oms,itops,network_change,网络变更主表,主表,21,owner_employee_id,责任人,uuid,是,,否,否,org.employee.id,P1-内部,,设计字段,P086
sjg_oms,itops,network_change,网络变更主表,主表,22,planned_start_at,计划开始,timestamptz,是,,否,否,,P1-内部,,设计字段,P086
sjg_oms,itops,network_change,网络变更主表,主表,23,planned_finish_at,计划完成,timestamptz,是,,否,否,,P1-内部,,设计字段,P086
sjg_oms,itops,network_change,网络变更主表,主表,24,actual_start_at,实际开始,timestamptz,是,,否,否,,P1-内部,,设计字段,P086
sjg_oms,itops,network_change,网络变更主表,主表,25,actual_end_at,实际完成,timestamptz,是,,否,否,,P1-内部,,设计字段,P086
sjg_oms,itops,network_change,网络变更主表,主表,26,result_summary,结果摘要,text,是,,否,否,,P1-内部,,设计字段,P086
sjg_oms,itops,network_change,网络变更主表,主表,27,closed_at,关闭时间,timestamptz,是,,否,否,,P1-内部,,设计字段,P086
sjg_oms,itops,network_change,网络变更主表,主表,28,actual_amount,实际金额,"numeric(18,2)",是,,否,否,,P1-内部,,原始流程字段,P086
sjg_oms,itops,network_change,网络变更主表,主表,29,change_action,操作类型,varchar(64),否,,否,否,,P1-内部,,原始流程字段,P086
sjg_oms,itops,network_change,网络变更主表,主表,30,change_reason,变更原因,text,否,,否,否,,P1-内部,,原始流程字段,P086
sjg_oms,itops,network_change,网络变更主表,主表,31,environment,环境,varchar(64),否,,否,否,,P1-内部,,原始流程字段,P086
sjg_oms,itops,network_change,网络变更主表,主表,32,expected_effective_at,期望生效时间,timestamptz,是,,否,否,,P1-内部,,原始流程字段,P086
sjg_oms,itops,network_change,网络变更主表,主表,33,implementation_window,实施窗口,tstzrange,是,,否,否,,P1-内部,,原始流程字段,P086
sjg_oms,itops,network_change,网络变更主表,主表,34,incident_patrol_no,事件/巡检编号,varchar(64),否,,否,否,,P1-内部,,原始流程字段,P086
sjg_oms,itops,network_change,网络变更主表,主表,35,known_impact,已知影响,text,是,,否,否,,P1-内部,,原始流程字段,P086
sjg_oms,itops,network_change,网络变更主表,主表,36,rollback_plan,回退方案,text,是,,否,否,,P1-内部,,原始流程字段,P086
sjg_oms,itops,network_change,网络变更主表,主表,37,system_service_name,系统/服务名称,varchar(200),否,,否,否,,P1-内部,,原始流程字段,P086
sjg_oms,itops,network_change,网络变更主表,主表,38,tech_impact_scope,影响范围,text,否,,否,否,,P1-内部,,原始流程字段,P086
sjg_oms,itops,network_change,网络变更主表,主表,39,tech_risk_level,风险等级,varchar(64),否,,否,否,,P1-内部,,原始流程字段,P086
sjg_oms,itops,network_change,网络变更主表,主表,40,tech_work_item_no,变更/需求/缺陷编号,varchar(64),是,,否,否,,P1-内部,,原始流程字段,P086
sjg_oms,itops,network_change,网络变更主表,主表,41,verification_test_result,健康检查/测试结果,text,是,,否,否,,P1-内部,,原始流程字段,P086
sjg_oms,itops,network_change,网络变更主表,主表,42,version_build_no,版本/构建号,varchar(100),是,,否,否,,P1-内部,,原始流程字段,P086
sjg_oms,itops,network_change_item,网络变更明细项,子表,1,id,主键ID,uuid,否,gen_random_uuid(),是,否,,P1-内部,,设计字段,P086
sjg_oms,itops,network_change_item,网络变更明细项,子表,2,tenant_id,租户ID,uuid,否,,否,否,core.tenant.id,P1-内部,所有业务唯一键必须包含tenant_id,设计字段,P086
sjg_oms,itops,network_change_item,网络变更明细项,子表,3,created_by,创建人,uuid,是,,否,否,org.employee.id,P1-内部,,设计字段,P086
sjg_oms,itops,network_change_item,网络变更明细项,子表,4,created_at,创建时间,timestamptz,否,now(),否,否,,P1-内部,,设计字段,P086
sjg_oms,itops,network_change_item,网络变更明细项,子表,5,updated_by,更新人,uuid,是,,否,否,org.employee.id,P1-内部,,设计字段,P086
sjg_oms,itops,network_change_item,网络变更明细项,子表,6,updated_at,更新时间,timestamptz,否,now(),否,否,,P1-内部,,设计字段,P086
sjg_oms,itops,network_change_item,网络变更明细项,子表,7,is_deleted,逻辑删除,boolean,否,false,否,否,,P1-内部,,设计字段,P086
sjg_oms,itops,network_change_item,网络变更明细项,子表,8,deleted_at,删除时间,timestamptz,是,,否,否,,P1-内部,,设计字段,P086
sjg_oms,itops,network_change_item,网络变更明细项,子表,9,master_id,主表ID,uuid,否,,否,否,itops.network_change.id,P1-内部,,设计字段,P086
sjg_oms,itops,network_change_item,网络变更明细项,子表,10,field_code,来源字段编码,varchar(128),否,,否,否,,P1-内部,,设计字段,P086
sjg_oms,itops,network_change_item,网络变更明细项,子表,11,item_seq,明细序号,integer,否,0,否,否,,P1-内部,,设计字段,P086
sjg_oms,itops,network_change_item,网络变更明细项,子表,12,item_key,明细键,varchar(128),是,,否,否,,P1-内部,,设计字段,P086
sjg_oms,itops,network_change_item,网络变更明细项,子表,13,item_name,明细名称,varchar(255),是,,否,否,,P1-内部,,设计字段,P086
sjg_oms,itops,network_change_item,网络变更明细项,子表,14,item_value_text,文本值,text,是,,否,否,,P1-内部,,设计字段,P086
sjg_oms,itops,network_change_item,网络变更明细项,子表,15,item_value_number,数值,"numeric(24,8)",是,,否,否,,P1-内部,,设计字段,P086
sjg_oms,itops,network_change_item,网络变更明细项,子表,16,item_value_json,结构化值,jsonb,是,,否,否,,P1-内部,,设计字段,P086
sjg_oms,itops,network_change_item,网络变更明细项,子表,17,related_object_type,关联对象类型,varchar(128),是,,否,否,,P1-内部,,设计字段,P086
sjg_oms,itops,network_change_item,网络变更明细项,子表,18,related_object_id,关联对象ID,uuid,是,,否,否,,P1-内部,,设计字段,P086
sjg_oms,itops,network_change_item,网络变更明细项,子表,19,amount,金额,"numeric(18,2)",是,,否,否,,P1-内部,,设计字段,P086
sjg_oms,itops,network_change_item,网络变更明细项,子表,20,quantity,数量,"numeric(18,6)",是,,否,否,,P1-内部,,设计字段,P086
sjg_oms,itops,network_change_item,网络变更明细项,子表,21,sort_no,排序,integer,否,0,否,否,,P1-内部,,设计字段,P086
sjg_oms,itops,network_incident,网络故障主表,主表,1,id,主键ID,uuid,否,gen_random_uuid(),是,否,,P1-内部,,设计字段,P085
sjg_oms,itops,network_incident,网络故障主表,主表,2,tenant_id,租户ID,uuid,否,,否,否,core.tenant.id,P1-内部,所有业务唯一键必须包含tenant_id,设计字段,P085
sjg_oms,itops,network_incident,网络故障主表,主表,3,business_no,业务单号,varchar(64),否,,否,是,,P1-内部,租户内唯一；由core.sequence_rule生成,设计字段,P085
sjg_oms,itops,network_incident,网络故障主表,主表,4,workflow_instance_id,流程实例ID,uuid,是,,否,否,workflow.wf_instance.id,P1-内部,,设计字段,P085
sjg_oms,itops,network_incident,网络故障主表,主表,5,status,业务状态,varchar(32),否,'DRAFT',否,否,,P1-内部,仅由状态机合法迁移,设计字段,P085
sjg_oms,itops,network_incident,网络故障主表,主表,6,version_no,乐观锁版本,integer,否,0,否,否,,P1-内部,更新时version_no+1，冲突则拒绝,设计字段,P085
sjg_oms,itops,network_incident,网络故障主表,主表,7,created_by,创建人,uuid,是,,否,否,org.employee.id,P1-内部,,设计字段,P085
sjg_oms,itops,network_incident,网络故障主表,主表,8,created_at,创建时间,timestamptz,否,now(),否,否,,P1-内部,,设计字段,P085
sjg_oms,itops,network_incident,网络故障主表,主表,9,updated_by,更新人,uuid,是,,否,否,org.employee.id,P1-内部,,设计字段,P085
sjg_oms,itops,network_incident,网络故障主表,主表,10,updated_at,更新时间,timestamptz,否,now(),否,否,,P1-内部,,设计字段,P085
sjg_oms,itops,network_incident,网络故障主表,主表,11,is_deleted,逻辑删除,boolean,否,false,否,否,,P1-内部,,设计字段,P085
sjg_oms,itops,network_incident,网络故障主表,主表,12,deleted_at,删除时间,timestamptz,是,,否,否,,P1-内部,,设计字段,P085
sjg_oms,itops,network_incident,网络故障主表,主表,13,source_channel,来源渠道,varchar(32),是,,否,否,,P1-内部,,设计字段,P085
sjg_oms,itops,network_incident,网络故障主表,主表,14,business_date,业务日期,date,是,,否,否,,P1-内部,,设计字段,P085
sjg_oms,itops,network_incident,网络故障主表,主表,15,subject,主题,varchar(255),是,,否,否,,P1-内部,,设计字段,P085
sjg_oms,itops,network_incident,网络故障主表,主表,16,reason,原因,text,是,,否,否,,P1-内部,,设计字段,P085
sjg_oms,itops,network_incident,网络故障主表,主表,17,priority,优先级,varchar(16),否,'NORMAL',否,否,,P1-内部,,设计字段,P085
sjg_oms,itops,network_incident,网络故障主表,主表,18,risk_level,风险等级,varchar(16),是,,否,否,,P1-内部,,设计字段,P085
sjg_oms,itops,network_incident,网络故障主表,主表,19,owner_center_id,归属中心,uuid,是,,否,否,org.organization.id,P1-内部,,设计字段,P085
sjg_oms,itops,network_incident,网络故障主表,主表,20,owner_department_id,归属部门,uuid,是,,否,否,org.organization.id,P1-内部,,设计字段,P085
sjg_oms,itops,network_incident,网络故障主表,主表,21,owner_employee_id,责任人,uuid,是,,否,否,org.employee.id,P1-内部,,设计字段,P085
sjg_oms,itops,network_incident,网络故障主表,主表,22,planned_start_at,计划开始,timestamptz,是,,否,否,,P1-内部,,设计字段,P085
sjg_oms,itops,network_incident,网络故障主表,主表,23,planned_finish_at,计划完成,timestamptz,是,,否,否,,P1-内部,,设计字段,P085
sjg_oms,itops,network_incident,网络故障主表,主表,24,actual_start_at,实际开始,timestamptz,是,,否,否,,P1-内部,,设计字段,P085
sjg_oms,itops,network_incident,网络故障主表,主表,25,actual_end_at,实际完成,timestamptz,是,,否,否,,P1-内部,,设计字段,P085
sjg_oms,itops,network_incident,网络故障主表,主表,26,result_summary,结果摘要,text,是,,否,否,,P1-内部,,设计字段,P085
sjg_oms,itops,network_incident,网络故障主表,主表,27,closed_at,关闭时间,timestamptz,是,,否,否,,P1-内部,,设计字段,P085
sjg_oms,itops,network_incident,网络故障主表,主表,28,actual_amount,实际金额,"numeric(18,2)",是,,否,否,,P1-内部,,原始流程字段,P085
sjg_oms,itops,network_incident,网络故障主表,主表,29,affected_scope,影响范围,text,是,,否,否,,P1-内部,,原始流程字段,P085
sjg_oms,itops,network_incident,网络故障主表,主表,30,business_interrupted,是否中断业务,boolean,否,,否,否,,P1-内部,,原始流程字段,P085
sjg_oms,itops,network_incident,网络故障主表,主表,31,diagnosis,诊断结果,text,是,,否,否,,P1-内部,,原始流程字段,P085
sjg_oms,itops,network_incident,网络故障主表,主表,32,environment,环境,varchar(64),否,,否,否,,P1-内部,,原始流程字段,P085
sjg_oms,itops,network_incident,网络故障主表,主表,33,fault_location_env,发生地点/环境,varchar(200),是,,否,否,,P1-内部,,原始流程字段,P085
sjg_oms,itops,network_incident,网络故障主表,主表,34,fault_object,故障/请求对象,varchar(200),否,,否,否,,P1-内部,,原始流程字段,P085
sjg_oms,itops,network_incident,网络故障主表,主表,35,fault_symptom,故障现象/服务请求,text,否,,否,否,,P1-内部,,原始流程字段,P085
sjg_oms,itops,network_incident,网络故障主表,主表,36,recovered_at,恢复时间,timestamptz,是,,否,否,,P1-内部,,原始流程字段,P085
sjg_oms,itops,network_incident,网络故障主表,主表,37,resolution_action,处理措施,text,是,,否,否,,P1-内部,,原始流程字段,P085
sjg_oms,itops,network_incident,网络故障主表,主表,38,severity,严重度,varchar(64),否,,否,否,,P1-内部,,原始流程字段,P085
sjg_oms,itops,network_incident,网络故障主表,主表,39,system_service_name,系统/服务名称,varchar(200),否,,否,否,,P1-内部,,原始流程字段,P085
sjg_oms,itops,network_incident_item,网络故障明细项,子表,1,id,主键ID,uuid,否,gen_random_uuid(),是,否,,P1-内部,,设计字段,P085
sjg_oms,itops,network_incident_item,网络故障明细项,子表,2,tenant_id,租户ID,uuid,否,,否,否,core.tenant.id,P1-内部,所有业务唯一键必须包含tenant_id,设计字段,P085
sjg_oms,itops,network_incident_item,网络故障明细项,子表,3,created_by,创建人,uuid,是,,否,否,org.employee.id,P1-内部,,设计字段,P085
sjg_oms,itops,network_incident_item,网络故障明细项,子表,4,created_at,创建时间,timestamptz,否,now(),否,否,,P1-内部,,设计字段,P085
sjg_oms,itops,network_incident_item,网络故障明细项,子表,5,updated_by,更新人,uuid,是,,否,否,org.employee.id,P1-内部,,设计字段,P085
sjg_oms,itops,network_incident_item,网络故障明细项,子表,6,updated_at,更新时间,timestamptz,否,now(),否,否,,P1-内部,,设计字段,P085
sjg_oms,itops,network_incident_item,网络故障明细项,子表,7,is_deleted,逻辑删除,boolean,否,false,否,否,,P1-内部,,设计字段,P085
sjg_oms,itops,network_incident_item,网络故障明细项,子表,8,deleted_at,删除时间,timestamptz,是,,否,否,,P1-内部,,设计字段,P085
sjg_oms,itops,network_incident_item,网络故障明细项,子表,9,master_id,主表ID,uuid,否,,否,否,itops.network_incident.id,P1-内部,,设计字段,P085
sjg_oms,itops,network_incident_item,网络故障明细项,子表,10,field_code,来源字段编码,varchar(128),否,,否,否,,P1-内部,,设计字段,P085
sjg_oms,itops,network_incident_item,网络故障明细项,子表,11,item_seq,明细序号,integer,否,0,否,否,,P1-内部,,设计字段,P085
sjg_oms,itops,network_incident_item,网络故障明细项,子表,12,item_key,明细键,varchar(128),是,,否,否,,P1-内部,,设计字段,P085
sjg_oms,itops,network_incident_item,网络故障明细项,子表,13,item_name,明细名称,varchar(255),是,,否,否,,P1-内部,,设计字段,P085
sjg_oms,itops,network_incident_item,网络故障明细项,子表,14,item_value_text,文本值,text,是,,否,否,,P1-内部,,设计字段,P085
sjg_oms,itops,network_incident_item,网络故障明细项,子表,15,item_value_number,数值,"numeric(24,8)",是,,否,否,,P1-内部,,设计字段,P085
sjg_oms,itops,network_incident_item,网络故障明细项,子表,16,item_value_json,结构化值,jsonb,是,,否,否,,P1-内部,,设计字段,P085
sjg_oms,itops,network_incident_item,网络故障明细项,子表,17,related_object_type,关联对象类型,varchar(128),是,,否,否,,P1-内部,,设计字段,P085
sjg_oms,itops,network_incident_item,网络故障明细项,子表,18,related_object_id,关联对象ID,uuid,是,,否,否,,P1-内部,,设计字段,P085
sjg_oms,itops,network_incident_item,网络故障明细项,子表,19,amount,金额,"numeric(18,2)",是,,否,否,,P1-内部,,设计字段,P085
sjg_oms,itops,network_incident_item,网络故障明细项,子表,20,quantity,数量,"numeric(18,6)",是,,否,否,,P1-内部,,设计字段,P085
sjg_oms,itops,network_incident_item,网络故障明细项,子表,21,sort_no,排序,integer,否,0,否,否,,P1-内部,,设计字段,P085
sjg_oms,itops,recovery_drill,恢复演练主表,主表,1,id,主键ID,uuid,否,gen_random_uuid(),是,否,,P1-内部,,设计字段,P091
sjg_oms,itops,recovery_drill,恢复演练主表,主表,2,tenant_id,租户ID,uuid,否,,否,否,core.tenant.id,P1-内部,所有业务唯一键必须包含tenant_id,设计字段,P091
sjg_oms,itops,recovery_drill,恢复演练主表,主表,3,business_no,业务单号,varchar(64),否,,否,是,,P1-内部,租户内唯一；由core.sequence_rule生成,设计字段,P091
sjg_oms,itops,recovery_drill,恢复演练主表,主表,4,workflow_instance_id,流程实例ID,uuid,是,,否,否,workflow.wf_instance.id,P1-内部,,设计字段,P091
sjg_oms,itops,recovery_drill,恢复演练主表,主表,5,status,业务状态,varchar(32),否,'DRAFT',否,否,,P1-内部,仅由状态机合法迁移,设计字段,P091
sjg_oms,itops,recovery_drill,恢复演练主表,主表,6,version_no,乐观锁版本,integer,否,0,否,否,,P1-内部,更新时version_no+1，冲突则拒绝,设计字段,P091
sjg_oms,itops,recovery_drill,恢复演练主表,主表,7,created_by,创建人,uuid,是,,否,否,org.employee.id,P1-内部,,设计字段,P091
sjg_oms,itops,recovery_drill,恢复演练主表,主表,8,created_at,创建时间,timestamptz,否,now(),否,否,,P1-内部,,设计字段,P091
sjg_oms,itops,recovery_drill,恢复演练主表,主表,9,updated_by,更新人,uuid,是,,否,否,org.employee.id,P1-内部,,设计字段,P091
sjg_oms,itops,recovery_drill,恢复演练主表,主表,10,updated_at,更新时间,timestamptz,否,now(),否,否,,P1-内部,,设计字段,P091
sjg_oms,itops,recovery_drill,恢复演练主表,主表,11,is_deleted,逻辑删除,boolean,否,false,否,否,,P1-内部,,设计字段,P091
sjg_oms,itops,recovery_drill,恢复演练主表,主表,12,deleted_at,删除时间,timestamptz,是,,否,否,,P1-内部,,设计字段,P091
sjg_oms,itops,recovery_drill,恢复演练主表,主表,13,source_channel,来源渠道,varchar(32),是,,否,否,,P1-内部,,设计字段,P091
sjg_oms,itops,recovery_drill,恢复演练主表,主表,14,business_date,业务日期,date,是,,否,否,,P1-内部,,设计字段,P091
sjg_oms,itops,recovery_drill,恢复演练主表,主表,15,subject,主题,varchar(255),是,,否,否,,P1-内部,,设计字段,P091
sjg_oms,itops,recovery_drill,恢复演练主表,主表,16,reason,原因,text,是,,否,否,,P1-内部,,设计字段,P091
sjg_oms,itops,recovery_drill,恢复演练主表,主表,17,priority,优先级,varchar(16),否,'NORMAL',否,否,,P1-内部,,设计字段,P091
sjg_oms,itops,recovery_drill,恢复演练主表,主表,18,risk_level,风险等级,varchar(16),是,,否,否,,P1-内部,,设计字段,P091
sjg_oms,itops,recovery_drill,恢复演练主表,主表,19,owner_center_id,归属中心,uuid,是,,否,否,org.organization.id,P1-内部,,设计字段,P091
sjg_oms,itops,recovery_drill,恢复演练主表,主表,20,owner_department_id,归属部门,uuid,是,,否,否,org.organization.id,P1-内部,,设计字段,P091
sjg_oms,itops,recovery_drill,恢复演练主表,主表,21,owner_employee_id,责任人,uuid,是,,否,否,org.employee.id,P1-内部,,设计字段,P091
sjg_oms,itops,recovery_drill,恢复演练主表,主表,22,planned_start_at,计划开始,timestamptz,是,,否,否,,P1-内部,,设计字段,P091
sjg_oms,itops,recovery_drill,恢复演练主表,主表,23,planned_finish_at,计划完成,timestamptz,是,,否,否,,P1-内部,,设计字段,P091
sjg_oms,itops,recovery_drill,恢复演练主表,主表,24,actual_start_at,实际开始,timestamptz,是,,否,否,,P1-内部,,设计字段,P091
sjg_oms,itops,recovery_drill,恢复演练主表,主表,25,actual_end_at,实际完成,timestamptz,是,,否,否,,P1-内部,,设计字段,P091
sjg_oms,itops,recovery_drill,恢复演练主表,主表,26,result_summary,结果摘要,text,是,,否,否,,P1-内部,,设计字段,P091
sjg_oms,itops,recovery_drill,恢复演练主表,主表,27,closed_at,关闭时间,timestamptz,是,,否,否,,P1-内部,,设计字段,P091
sjg_oms,itops,recovery_drill,恢复演练主表,主表,28,actual_amount,实际金额,"numeric(18,2)",是,,否,否,,P1-内部,,原始流程字段,P091
sjg_oms,itops,recovery_drill,恢复演练主表,主表,29,environment,环境,varchar(64),否,,否,否,,P1-内部,,原始流程字段,P091
sjg_oms,itops,recovery_drill,恢复演练主表,主表,30,implementation_window,实施窗口,tstzrange,是,,否,否,,P1-内部,,原始流程字段,P091
sjg_oms,itops,recovery_drill,恢复演练主表,主表,31,rollback_plan,回退方案,text,是,,否,否,,P1-内部,,原始流程字段,P091
sjg_oms,itops,recovery_drill,恢复演练主表,主表,32,system_service_name,系统/服务名称,varchar(200),否,,否,否,,P1-内部,,原始流程字段,P091
sjg_oms,itops,recovery_drill,恢复演练主表,主表,33,tech_impact_scope,影响范围,text,否,,否,否,,P1-内部,,原始流程字段,P091
sjg_oms,itops,recovery_drill,恢复演练主表,主表,34,tech_risk_level,风险等级,varchar(64),否,,否,否,,P1-内部,,原始流程字段,P091
sjg_oms,itops,recovery_drill,恢复演练主表,主表,35,tech_work_item_no,变更/需求/缺陷编号,varchar(64),是,,否,否,,P1-内部,,原始流程字段,P091
sjg_oms,itops,recovery_drill,恢复演练主表,主表,36,verification_test_result,健康检查/测试结果,text,是,,否,否,,P1-内部,,原始流程字段,P091
sjg_oms,itops,recovery_drill,恢复演练主表,主表,37,version_build_no,版本/构建号,varchar(100),是,,否,否,,P1-内部,,原始流程字段,P091
sjg_oms,itops,recovery_drill_item,恢复演练明细项,子表,1,id,主键ID,uuid,否,gen_random_uuid(),是,否,,P1-内部,,设计字段,P091
sjg_oms,itops,recovery_drill_item,恢复演练明细项,子表,2,tenant_id,租户ID,uuid,否,,否,否,core.tenant.id,P1-内部,所有业务唯一键必须包含tenant_id,设计字段,P091
sjg_oms,itops,recovery_drill_item,恢复演练明细项,子表,3,created_by,创建人,uuid,是,,否,否,org.employee.id,P1-内部,,设计字段,P091
sjg_oms,itops,recovery_drill_item,恢复演练明细项,子表,4,created_at,创建时间,timestamptz,否,now(),否,否,,P1-内部,,设计字段,P091
sjg_oms,itops,recovery_drill_item,恢复演练明细项,子表,5,updated_by,更新人,uuid,是,,否,否,org.employee.id,P1-内部,,设计字段,P091
sjg_oms,itops,recovery_drill_item,恢复演练明细项,子表,6,updated_at,更新时间,timestamptz,否,now(),否,否,,P1-内部,,设计字段,P091
sjg_oms,itops,recovery_drill_item,恢复演练明细项,子表,7,is_deleted,逻辑删除,boolean,否,false,否,否,,P1-内部,,设计字段,P091
sjg_oms,itops,recovery_drill_item,恢复演练明细项,子表,8,deleted_at,删除时间,timestamptz,是,,否,否,,P1-内部,,设计字段,P091
sjg_oms,itops,recovery_drill_item,恢复演练明细项,子表,9,master_id,主表ID,uuid,否,,否,否,itops.recovery_drill.id,P1-内部,,设计字段,P091
sjg_oms,itops,recovery_drill_item,恢复演练明细项,子表,10,field_code,来源字段编码,varchar(128),否,,否,否,,P1-内部,,设计字段,P091
sjg_oms,itops,recovery_drill_item,恢复演练明细项,子表,11,item_seq,明细序号,integer,否,0,否,否,,P1-内部,,设计字段,P091
sjg_oms,itops,recovery_drill_item,恢复演练明细项,子表,12,item_key,明细键,varchar(128),是,,否,否,,P1-内部,,设计字段,P091
sjg_oms,itops,recovery_drill_item,恢复演练明细项,子表,13,item_name,明细名称,varchar(255),是,,否,否,,P1-内部,,设计字段,P091
sjg_oms,itops,recovery_drill_item,恢复演练明细项,子表,14,item_value_text,文本值,text,是,,否,否,,P1-内部,,设计字段,P091
sjg_oms,itops,recovery_drill_item,恢复演练明细项,子表,15,item_value_number,数值,"numeric(24,8)",是,,否,否,,P1-内部,,设计字段,P091
sjg_oms,itops,recovery_drill_item,恢复演练明细项,子表,16,item_value_json,结构化值,jsonb,是,,否,否,,P1-内部,,设计字段,P091
sjg_oms,itops,recovery_drill_item,恢复演练明细项,子表,17,related_object_type,关联对象类型,varchar(128),是,,否,否,,P1-内部,,设计字段,P091
sjg_oms,itops,recovery_drill_item,恢复演练明细项,子表,18,related_object_id,关联对象ID,uuid,是,,否,否,,P1-内部,,设计字段,P091
sjg_oms,itops,recovery_drill_item,恢复演练明细项,子表,19,amount,金额,"numeric(18,2)",是,,否,否,,P1-内部,,设计字段,P091
sjg_oms,itops,recovery_drill_item,恢复演练明细项,子表,20,quantity,数量,"numeric(18,6)",是,,否,否,,P1-内部,,设计字段,P091
sjg_oms,itops,recovery_drill_item,恢复演练明细项,子表,21,sort_no,排序,integer,否,0,否,否,,P1-内部,,设计字段,P091
sjg_oms,itops,service_request,IT服务请求主表,主表,1,id,主键ID,uuid,否,gen_random_uuid(),是,否,,P1-内部,,设计字段,P088
sjg_oms,itops,service_request,IT服务请求主表,主表,2,tenant_id,租户ID,uuid,否,,否,否,core.tenant.id,P1-内部,所有业务唯一键必须包含tenant_id,设计字段,P088
sjg_oms,itops,service_request,IT服务请求主表,主表,3,business_no,业务单号,varchar(64),否,,否,是,,P1-内部,租户内唯一；由core.sequence_rule生成,设计字段,P088
sjg_oms,itops,service_request,IT服务请求主表,主表,4,workflow_instance_id,流程实例ID,uuid,是,,否,否,workflow.wf_instance.id,P1-内部,,设计字段,P088
sjg_oms,itops,service_request,IT服务请求主表,主表,5,status,业务状态,varchar(32),否,'DRAFT',否,否,,P1-内部,仅由状态机合法迁移,设计字段,P088
sjg_oms,itops,service_request,IT服务请求主表,主表,6,version_no,乐观锁版本,integer,否,0,否,否,,P1-内部,更新时version_no+1，冲突则拒绝,设计字段,P088
sjg_oms,itops,service_request,IT服务请求主表,主表,7,created_by,创建人,uuid,是,,否,否,org.employee.id,P1-内部,,设计字段,P088
sjg_oms,itops,service_request,IT服务请求主表,主表,8,created_at,创建时间,timestamptz,否,now(),否,否,,P1-内部,,设计字段,P088
sjg_oms,itops,service_request,IT服务请求主表,主表,9,updated_by,更新人,uuid,是,,否,否,org.employee.id,P1-内部,,设计字段,P088
sjg_oms,itops,service_request,IT服务请求主表,主表,10,updated_at,更新时间,timestamptz,否,now(),否,否,,P1-内部,,设计字段,P088
sjg_oms,itops,service_request,IT服务请求主表,主表,11,is_deleted,逻辑删除,boolean,否,false,否,否,,P1-内部,,设计字段,P088
sjg_oms,itops,service_request,IT服务请求主表,主表,12,deleted_at,删除时间,timestamptz,是,,否,否,,P1-内部,,设计字段,P088
sjg_oms,itops,service_request,IT服务请求主表,主表,13,source_channel,来源渠道,varchar(32),是,,否,否,,P1-内部,,设计字段,P088
sjg_oms,itops,service_request,IT服务请求主表,主表,14,business_date,业务日期,date,是,,否,否,,P1-内部,,设计字段,P088
sjg_oms,itops,service_request,IT服务请求主表,主表,15,subject,主题,varchar(255),是,,否,否,,P1-内部,,设计字段,P088
sjg_oms,itops,service_request,IT服务请求主表,主表,16,reason,原因,text,是,,否,否,,P1-内部,,设计字段,P088
sjg_oms,itops,service_request,IT服务请求主表,主表,17,priority,优先级,varchar(16),否,'NORMAL',否,否,,P1-内部,,设计字段,P088
sjg_oms,itops,service_request,IT服务请求主表,主表,18,risk_level,风险等级,varchar(16),是,,否,否,,P1-内部,,设计字段,P088
sjg_oms,itops,service_request,IT服务请求主表,主表,19,owner_center_id,归属中心,uuid,是,,否,否,org.organization.id,P1-内部,,设计字段,P088
sjg_oms,itops,service_request,IT服务请求主表,主表,20,owner_department_id,归属部门,uuid,是,,否,否,org.organization.id,P1-内部,,设计字段,P088
sjg_oms,itops,service_request,IT服务请求主表,主表,21,owner_employee_id,责任人,uuid,是,,否,否,org.employee.id,P1-内部,,设计字段,P088
sjg_oms,itops,service_request,IT服务请求主表,主表,22,planned_start_at,计划开始,timestamptz,是,,否,否,,P1-内部,,设计字段,P088
sjg_oms,itops,service_request,IT服务请求主表,主表,23,planned_finish_at,计划完成,timestamptz,是,,否,否,,P1-内部,,设计字段,P088
sjg_oms,itops,service_request,IT服务请求主表,主表,24,actual_start_at,实际开始,timestamptz,是,,否,否,,P1-内部,,设计字段,P088
sjg_oms,itops,service_request,IT服务请求主表,主表,25,actual_end_at,实际完成,timestamptz,是,,否,否,,P1-内部,,设计字段,P088
sjg_oms,itops,service_request,IT服务请求主表,主表,26,result_summary,结果摘要,text,是,,否,否,,P1-内部,,设计字段,P088
sjg_oms,itops,service_request,IT服务请求主表,主表,27,closed_at,关闭时间,timestamptz,是,,否,否,,P1-内部,,设计字段,P088
sjg_oms,itops,service_request,IT服务请求主表,主表,28,actual_amount,实际金额,"numeric(18,2)",是,,否,否,,P1-内部,,原始流程字段,P088
sjg_oms,itops,service_request,IT服务请求主表,主表,29,environment,环境,varchar(64),否,,否,否,,P1-内部,,原始流程字段,P088
sjg_oms,itops,service_request,IT服务请求主表,主表,30,fault_object,故障/请求对象,varchar(200),否,,否,否,,P1-内部,,原始流程字段,P088
sjg_oms,itops,service_request,IT服务请求主表,主表,31,implementation_window,实施窗口,tstzrange,是,,否,否,,P1-内部,,原始流程字段,P088
sjg_oms,itops,service_request,IT服务请求主表,主表,32,rollback_plan,回退方案,text,是,,否,否,,P1-内部,,原始流程字段,P088
sjg_oms,itops,service_request,IT服务请求主表,主表,33,system_service_name,系统/服务名称,varchar(200),否,,否,否,,P1-内部,,原始流程字段,P088
sjg_oms,itops,service_request,IT服务请求主表,主表,34,tech_impact_scope,影响范围,text,否,,否,否,,P1-内部,,原始流程字段,P088
sjg_oms,itops,service_request,IT服务请求主表,主表,35,tech_risk_level,风险等级,varchar(64),否,,否,否,,P1-内部,,原始流程字段,P088
sjg_oms,itops,service_request,IT服务请求主表,主表,36,tech_work_item_no,变更/需求/缺陷编号,varchar(64),是,,否,否,,P1-内部,,原始流程字段,P088
sjg_oms,itops,service_request,IT服务请求主表,主表,37,verification_test_result,健康检查/测试结果,text,是,,否,否,,P1-内部,,原始流程字段,P088
sjg_oms,itops,service_request,IT服务请求主表,主表,38,version_build_no,版本/构建号,varchar(100),是,,否,否,,P1-内部,,原始流程字段,P088
sjg_oms,itops,service_request_item,IT服务请求明细项,子表,1,id,主键ID,uuid,否,gen_random_uuid(),是,否,,P1-内部,,设计字段,P088
sjg_oms,itops,service_request_item,IT服务请求明细项,子表,2,tenant_id,租户ID,uuid,否,,否,否,core.tenant.id,P1-内部,所有业务唯一键必须包含tenant_id,设计字段,P088
sjg_oms,itops,service_request_item,IT服务请求明细项,子表,3,created_by,创建人,uuid,是,,否,否,org.employee.id,P1-内部,,设计字段,P088
sjg_oms,itops,service_request_item,IT服务请求明细项,子表,4,created_at,创建时间,timestamptz,否,now(),否,否,,P1-内部,,设计字段,P088
sjg_oms,itops,service_request_item,IT服务请求明细项,子表,5,updated_by,更新人,uuid,是,,否,否,org.employee.id,P1-内部,,设计字段,P088
sjg_oms,itops,service_request_item,IT服务请求明细项,子表,6,updated_at,更新时间,timestamptz,否,now(),否,否,,P1-内部,,设计字段,P088
sjg_oms,itops,service_request_item,IT服务请求明细项,子表,7,is_deleted,逻辑删除,boolean,否,false,否,否,,P1-内部,,设计字段,P088
sjg_oms,itops,service_request_item,IT服务请求明细项,子表,8,deleted_at,删除时间,timestamptz,是,,否,否,,P1-内部,,设计字段,P088
sjg_oms,itops,service_request_item,IT服务请求明细项,子表,9,master_id,主表ID,uuid,否,,否,否,itops.service_request.id,P1-内部,,设计字段,P088
sjg_oms,itops,service_request_item,IT服务请求明细项,子表,10,field_code,来源字段编码,varchar(128),否,,否,否,,P1-内部,,设计字段,P088
sjg_oms,itops,service_request_item,IT服务请求明细项,子表,11,item_seq,明细序号,integer,否,0,否,否,,P1-内部,,设计字段,P088
sjg_oms,itops,service_request_item,IT服务请求明细项,子表,12,item_key,明细键,varchar(128),是,,否,否,,P1-内部,,设计字段,P088
sjg_oms,itops,service_request_item,IT服务请求明细项,子表,13,item_name,明细名称,varchar(255),是,,否,否,,P1-内部,,设计字段,P088
sjg_oms,itops,service_request_item,IT服务请求明细项,子表,14,item_value_text,文本值,text,是,,否,否,,P1-内部,,设计字段,P088
sjg_oms,itops,service_request_item,IT服务请求明细项,子表,15,item_value_number,数值,"numeric(24,8)",是,,否,否,,P1-内部,,设计字段,P088
sjg_oms,itops,service_request_item,IT服务请求明细项,子表,16,item_value_json,结构化值,jsonb,是,,否,否,,P1-内部,,设计字段,P088
sjg_oms,itops,service_request_item,IT服务请求明细项,子表,17,related_object_type,关联对象类型,varchar(128),是,,否,否,,P1-内部,,设计字段,P088
sjg_oms,itops,service_request_item,IT服务请求明细项,子表,18,related_object_id,关联对象ID,uuid,是,,否,否,,P1-内部,,设计字段,P088
sjg_oms,itops,service_request_item,IT服务请求明细项,子表,19,amount,金额,"numeric(18,2)",是,,否,否,,P1-内部,,设计字段,P088
sjg_oms,itops,service_request_item,IT服务请求明细项,子表,20,quantity,数量,"numeric(18,6)",是,,否,否,,P1-内部,,设计字段,P088
sjg_oms,itops,service_request_item,IT服务请求明细项,子表,21,sort_no,排序,integer,否,0,否,否,,P1-内部,,设计字段,P088
sjg_oms,learning,learning_assignment,学习任务主表,主表,1,id,主键ID,uuid,否,gen_random_uuid(),是,否,,P1-内部,,设计字段,P010
sjg_oms,learning,learning_assignment,学习任务主表,主表,2,tenant_id,租户ID,uuid,否,,否,否,core.tenant.id,P1-内部,所有业务唯一键必须包含tenant_id,设计字段,P010
sjg_oms,learning,learning_assignment,学习任务主表,主表,3,business_no,业务单号,varchar(64),否,,否,是,,P1-内部,租户内唯一；由core.sequence_rule生成,设计字段,P010
sjg_oms,learning,learning_assignment,学习任务主表,主表,4,workflow_instance_id,流程实例ID,uuid,是,,否,否,workflow.wf_instance.id,P1-内部,,设计字段,P010
sjg_oms,learning,learning_assignment,学习任务主表,主表,5,status,业务状态,varchar(32),否,'DRAFT',否,否,,P1-内部,仅由状态机合法迁移,设计字段,P010
sjg_oms,learning,learning_assignment,学习任务主表,主表,6,version_no,乐观锁版本,integer,否,0,否,否,,P1-内部,更新时version_no+1，冲突则拒绝,设计字段,P010
sjg_oms,learning,learning_assignment,学习任务主表,主表,7,created_by,创建人,uuid,是,,否,否,org.employee.id,P1-内部,,设计字段,P010
sjg_oms,learning,learning_assignment,学习任务主表,主表,8,created_at,创建时间,timestamptz,否,now(),否,否,,P1-内部,,设计字段,P010
sjg_oms,learning,learning_assignment,学习任务主表,主表,9,updated_by,更新人,uuid,是,,否,否,org.employee.id,P1-内部,,设计字段,P010
sjg_oms,learning,learning_assignment,学习任务主表,主表,10,updated_at,更新时间,timestamptz,否,now(),否,否,,P1-内部,,设计字段,P010
sjg_oms,learning,learning_assignment,学习任务主表,主表,11,is_deleted,逻辑删除,boolean,否,false,否,否,,P1-内部,,设计字段,P010
sjg_oms,learning,learning_assignment,学习任务主表,主表,12,deleted_at,删除时间,timestamptz,是,,否,否,,P1-内部,,设计字段,P010
sjg_oms,learning,learning_assignment,学习任务主表,主表,13,source_channel,来源渠道,varchar(32),是,,否,否,,P1-内部,,设计字段,P010
sjg_oms,learning,learning_assignment,学习任务主表,主表,14,business_date,业务日期,date,是,,否,否,,P1-内部,,设计字段,P010
sjg_oms,learning,learning_assignment,学习任务主表,主表,15,subject,主题,varchar(255),是,,否,否,,P1-内部,,设计字段,P010
sjg_oms,learning,learning_assignment,学习任务主表,主表,16,reason,原因,text,是,,否,否,,P1-内部,,设计字段,P010
sjg_oms,learning,learning_assignment,学习任务主表,主表,17,priority,优先级,varchar(16),否,'NORMAL',否,否,,P1-内部,,设计字段,P010
sjg_oms,learning,learning_assignment,学习任务主表,主表,18,risk_level,风险等级,varchar(16),是,,否,否,,P1-内部,,设计字段,P010
sjg_oms,learning,learning_assignment,学习任务主表,主表,19,owner_center_id,归属中心,uuid,是,,否,否,org.organization.id,P1-内部,,设计字段,P010
sjg_oms,learning,learning_assignment,学习任务主表,主表,20,owner_department_id,归属部门,uuid,是,,否,否,org.organization.id,P1-内部,,设计字段,P010
sjg_oms,learning,learning_assignment,学习任务主表,主表,21,owner_employee_id,责任人,uuid,是,,否,否,org.employee.id,P1-内部,,设计字段,P010
sjg_oms,learning,learning_assignment,学习任务主表,主表,22,planned_start_at,计划开始,timestamptz,是,,否,否,,P1-内部,,设计字段,P010
sjg_oms,learning,learning_assignment,学习任务主表,主表,23,planned_finish_at,计划完成,timestamptz,是,,否,否,,P1-内部,,设计字段,P010
sjg_oms,learning,learning_assignment,学习任务主表,主表,24,actual_start_at,实际开始,timestamptz,是,,否,否,,P1-内部,,设计字段,P010
sjg_oms,learning,learning_assignment,学习任务主表,主表,25,actual_end_at,实际完成,timestamptz,是,,否,否,,P1-内部,,设计字段,P010
sjg_oms,learning,learning_assignment,学习任务主表,主表,26,result_summary,结果摘要,text,是,,否,否,,P1-内部,,设计字段,P010
sjg_oms,learning,learning_assignment,学习任务主表,主表,27,closed_at,关闭时间,timestamptz,是,,否,否,,P1-内部,,设计字段,P010
sjg_oms,learning,learning_assignment,学习任务主表,主表,28,actual_amount,实际金额,"numeric(18,2)",是,,否,否,,P1-内部,,原始流程字段,P010
sjg_oms,learning,learning_assignment,学习任务主表,主表,29,appeal_status,申诉/复核状态,varchar(64),是,,否,否,,P1-内部,,原始流程字段,P010
sjg_oms,learning,learning_assignment,学习任务主表,主表,30,completion_rate,完成进度,"numeric(9,6)",是,,否,否,,P1-内部,0-100,原始流程字段,P010
sjg_oms,learning,learning_assignment,学习任务主表,主表,31,content_version,目标/课程版本,varchar(32),否,,否,否,,P1-内部,,原始流程字段,P010
sjg_oms,learning,learning_assignment,学习任务主表,主表,32,course_team_name,课程/团队名称,varchar(200),否,,否,否,,P1-内部,,原始流程字段,P010
sjg_oms,learning,learning_assignment,学习任务主表,主表,33,course_version_id,课程编号/版本,varchar(64),否,,否,否,,P1-内部,,原始流程字段,P010
sjg_oms,learning,learning_assignment,学习任务主表,主表,34,learner_profile,适用年龄/对象,varchar(500),是,,否,否,,P1-内部,,原始流程字段,P010
sjg_oms,learning,learning_assignment,学习任务主表,主表,35,period_or_course_no,周期/课程编号,varchar(32),否,,否,否,,P1-内部,,原始流程字段,P010
sjg_oms,learning,learning_assignment,学习任务主表,主表,36,practical_result,实操认证结果,varchar(64),是,,否,否,,P1-内部,,原始流程字段,P010
sjg_oms,learning,learning_assignment,学习任务主表,主表,37,qualification_effective_date,资格生效日期,date,是,,否,否,,P1-内部,,原始流程字段,P010
sjg_oms,learning,learning_assignment,学习任务主表,主表,38,qualification_expire_date,资格到期日期,date,是,,否,否,,P1-内部,,原始流程字段,P010
sjg_oms,learning,learning_assignment,学习任务主表,主表,39,score_1000,考试/评价分（1000分）,bigint,是,,否,否,,P1-内部,0-1000,原始流程字段,P010
sjg_oms,maintenance,repair_order,维修工单主表,主表,1,id,主键ID,uuid,否,gen_random_uuid(),是,否,,P1-内部,,设计字段,P057
sjg_oms,maintenance,repair_order,维修工单主表,主表,2,tenant_id,租户ID,uuid,否,,否,否,core.tenant.id,P1-内部,所有业务唯一键必须包含tenant_id,设计字段,P057
sjg_oms,maintenance,repair_order,维修工单主表,主表,3,business_no,业务单号,varchar(64),否,,否,是,,P1-内部,租户内唯一；由core.sequence_rule生成,设计字段,P057
sjg_oms,maintenance,repair_order,维修工单主表,主表,4,workflow_instance_id,流程实例ID,uuid,是,,否,否,workflow.wf_instance.id,P1-内部,,设计字段,P057
sjg_oms,maintenance,repair_order,维修工单主表,主表,5,status,业务状态,varchar(32),否,'DRAFT',否,否,,P1-内部,仅由状态机合法迁移,设计字段,P057
sjg_oms,maintenance,repair_order,维修工单主表,主表,6,version_no,乐观锁版本,integer,否,0,否,否,,P1-内部,更新时version_no+1，冲突则拒绝,设计字段,P057
sjg_oms,maintenance,repair_order,维修工单主表,主表,7,created_by,创建人,uuid,是,,否,否,org.employee.id,P1-内部,,设计字段,P057
sjg_oms,maintenance,repair_order,维修工单主表,主表,8,created_at,创建时间,timestamptz,否,now(),否,否,,P1-内部,,设计字段,P057
sjg_oms,maintenance,repair_order,维修工单主表,主表,9,updated_by,更新人,uuid,是,,否,否,org.employee.id,P1-内部,,设计字段,P057
sjg_oms,maintenance,repair_order,维修工单主表,主表,10,updated_at,更新时间,timestamptz,否,now(),否,否,,P1-内部,,设计字段,P057
sjg_oms,maintenance,repair_order,维修工单主表,主表,11,is_deleted,逻辑删除,boolean,否,false,否,否,,P1-内部,,设计字段,P057
sjg_oms,maintenance,repair_order,维修工单主表,主表,12,deleted_at,删除时间,timestamptz,是,,否,否,,P1-内部,,设计字段,P057
sjg_oms,maintenance,repair_order,维修工单主表,主表,13,source_channel,来源渠道,varchar(32),是,,否,否,,P1-内部,,设计字段,P057
sjg_oms,maintenance,repair_order,维修工单主表,主表,14,business_date,业务日期,date,是,,否,否,,P1-内部,,设计字段,P057
sjg_oms,maintenance,repair_order,维修工单主表,主表,15,subject,主题,varchar(255),是,,否,否,,P1-内部,,设计字段,P057
sjg_oms,maintenance,repair_order,维修工单主表,主表,16,reason,原因,text,是,,否,否,,P1-内部,,设计字段,P057
sjg_oms,maintenance,repair_order,维修工单主表,主表,17,priority,优先级,varchar(16),否,'NORMAL',否,否,,P1-内部,,设计字段,P057
sjg_oms,maintenance,repair_order,维修工单主表,主表,18,risk_level,风险等级,varchar(16),是,,否,否,,P1-内部,,设计字段,P057
sjg_oms,maintenance,repair_order,维修工单主表,主表,19,owner_center_id,归属中心,uuid,是,,否,否,org.organization.id,P1-内部,,设计字段,P057
sjg_oms,maintenance,repair_order,维修工单主表,主表,20,owner_department_id,归属部门,uuid,是,,否,否,org.organization.id,P1-内部,,设计字段,P057
sjg_oms,maintenance,repair_order,维修工单主表,主表,21,owner_employee_id,责任人,uuid,是,,否,否,org.employee.id,P1-内部,,设计字段,P057
sjg_oms,maintenance,repair_order,维修工单主表,主表,22,planned_start_at,计划开始,timestamptz,是,,否,否,,P1-内部,,设计字段,P057
sjg_oms,maintenance,repair_order,维修工单主表,主表,23,planned_finish_at,计划完成,timestamptz,是,,否,否,,P1-内部,,设计字段,P057
sjg_oms,maintenance,repair_order,维修工单主表,主表,24,actual_start_at,实际开始,timestamptz,是,,否,否,,P1-内部,,设计字段,P057
sjg_oms,maintenance,repair_order,维修工单主表,主表,25,actual_end_at,实际完成,timestamptz,是,,否,否,,P1-内部,,设计字段,P057
sjg_oms,maintenance,repair_order,维修工单主表,主表,26,result_summary,结果摘要,text,是,,否,否,,P1-内部,,设计字段,P057
sjg_oms,maintenance,repair_order,维修工单主表,主表,27,closed_at,关闭时间,timestamptz,是,,否,否,,P1-内部,,设计字段,P057
sjg_oms,maintenance,repair_order,维修工单主表,主表,28,actual_amount,实际金额,"numeric(18,2)",是,,否,否,,P1-内部,,原始流程字段,P057
sjg_oms,maintenance,repair_order,维修工单主表,主表,29,affected_scope,影响范围,text,是,,否,否,,P1-内部,,原始流程字段,P057
sjg_oms,maintenance,repair_order,维修工单主表,主表,30,business_interrupted,是否中断业务,boolean,否,,否,否,,P1-内部,,原始流程字段,P057
sjg_oms,maintenance,repair_order,维修工单主表,主表,31,diagnosis,诊断结果,text,是,,否,否,,P1-内部,,原始流程字段,P057
sjg_oms,maintenance,repair_order,维修工单主表,主表,32,fault_location_env,发生地点/环境,varchar(200),是,,否,否,,P1-内部,,原始流程字段,P057
sjg_oms,maintenance,repair_order,维修工单主表,主表,33,fault_object,故障/请求对象,varchar(200),否,,否,否,,P1-内部,,原始流程字段,P057
sjg_oms,maintenance,repair_order,维修工单主表,主表,34,fault_symptom,故障现象/服务请求,text,否,,否,否,,P1-内部,,原始流程字段,P057
sjg_oms,maintenance,repair_order,维修工单主表,主表,35,logistics_resource_type,资源类型,varchar(64),否,,否,否,,P1-内部,,原始流程字段,P057
sjg_oms,maintenance,repair_order,维修工单主表,主表,36,recovered_at,恢复时间,timestamptz,是,,否,否,,P1-内部,,原始流程字段,P057
sjg_oms,maintenance,repair_order,维修工单主表,主表,37,resolution_action,处理措施,text,是,,否,否,,P1-内部,,原始流程字段,P057
sjg_oms,maintenance,repair_order,维修工单主表,主表,38,resource_no,车辆/房间/床位编号,varchar(64),否,,否,否,,P1-内部,,原始流程字段,P057
sjg_oms,maintenance,repair_order,维修工单主表,主表,39,severity,严重度,varchar(64),否,,否,否,,P1-内部,,原始流程字段,P057
sjg_oms,maintenance,repair_order_item,维修工单明细项,子表,1,id,主键ID,uuid,否,gen_random_uuid(),是,否,,P1-内部,,设计字段,P057
sjg_oms,maintenance,repair_order_item,维修工单明细项,子表,2,tenant_id,租户ID,uuid,否,,否,否,core.tenant.id,P1-内部,所有业务唯一键必须包含tenant_id,设计字段,P057
sjg_oms,maintenance,repair_order_item,维修工单明细项,子表,3,created_by,创建人,uuid,是,,否,否,org.employee.id,P1-内部,,设计字段,P057
sjg_oms,maintenance,repair_order_item,维修工单明细项,子表,4,created_at,创建时间,timestamptz,否,now(),否,否,,P1-内部,,设计字段,P057
sjg_oms,maintenance,repair_order_item,维修工单明细项,子表,5,updated_by,更新人,uuid,是,,否,否,org.employee.id,P1-内部,,设计字段,P057
sjg_oms,maintenance,repair_order_item,维修工单明细项,子表,6,updated_at,更新时间,timestamptz,否,now(),否,否,,P1-内部,,设计字段,P057
sjg_oms,maintenance,repair_order_item,维修工单明细项,子表,7,is_deleted,逻辑删除,boolean,否,false,否,否,,P1-内部,,设计字段,P057
sjg_oms,maintenance,repair_order_item,维修工单明细项,子表,8,deleted_at,删除时间,timestamptz,是,,否,否,,P1-内部,,设计字段,P057
sjg_oms,maintenance,repair_order_item,维修工单明细项,子表,9,master_id,主表ID,uuid,否,,否,否,maintenance.repair_order.id,P1-内部,,设计字段,P057
sjg_oms,maintenance,repair_order_item,维修工单明细项,子表,10,field_code,来源字段编码,varchar(128),否,,否,否,,P1-内部,,设计字段,P057
sjg_oms,maintenance,repair_order_item,维修工单明细项,子表,11,item_seq,明细序号,integer,否,0,否,否,,P1-内部,,设计字段,P057
sjg_oms,maintenance,repair_order_item,维修工单明细项,子表,12,item_key,明细键,varchar(128),是,,否,否,,P1-内部,,设计字段,P057
sjg_oms,maintenance,repair_order_item,维修工单明细项,子表,13,item_name,明细名称,varchar(255),是,,否,否,,P1-内部,,设计字段,P057
sjg_oms,maintenance,repair_order_item,维修工单明细项,子表,14,item_value_text,文本值,text,是,,否,否,,P1-内部,,设计字段,P057
sjg_oms,maintenance,repair_order_item,维修工单明细项,子表,15,item_value_number,数值,"numeric(24,8)",是,,否,否,,P1-内部,,设计字段,P057
sjg_oms,maintenance,repair_order_item,维修工单明细项,子表,16,item_value_json,结构化值,jsonb,是,,否,否,,P1-内部,,设计字段,P057
sjg_oms,maintenance,repair_order_item,维修工单明细项,子表,17,related_object_type,关联对象类型,varchar(128),是,,否,否,,P1-内部,,设计字段,P057
sjg_oms,maintenance,repair_order_item,维修工单明细项,子表,18,related_object_id,关联对象ID,uuid,是,,否,否,,P1-内部,,设计字段,P057
sjg_oms,maintenance,repair_order_item,维修工单明细项,子表,19,amount,金额,"numeric(18,2)",是,,否,否,,P1-内部,,设计字段,P057
sjg_oms,maintenance,repair_order_item,维修工单明细项,子表,20,quantity,数量,"numeric(18,6)",是,,否,否,,P1-内部,,设计字段,P057
sjg_oms,maintenance,repair_order_item,维修工单明细项,子表,21,sort_no,排序,integer,否,0,否,否,,P1-内部,,设计字段,P057
sjg_oms,marketing,campaign,市场活动主表,主表,1,id,主键ID,uuid,否,gen_random_uuid(),是,否,,P1-内部,,设计字段,P041
sjg_oms,marketing,campaign,市场活动主表,主表,2,tenant_id,租户ID,uuid,否,,否,否,core.tenant.id,P1-内部,所有业务唯一键必须包含tenant_id,设计字段,P041
sjg_oms,marketing,campaign,市场活动主表,主表,3,business_no,业务单号,varchar(64),否,,否,是,,P1-内部,租户内唯一；由core.sequence_rule生成,设计字段,P041
sjg_oms,marketing,campaign,市场活动主表,主表,4,workflow_instance_id,流程实例ID,uuid,是,,否,否,workflow.wf_instance.id,P1-内部,,设计字段,P041
sjg_oms,marketing,campaign,市场活动主表,主表,5,status,业务状态,varchar(32),否,'DRAFT',否,否,,P1-内部,仅由状态机合法迁移,设计字段,P041
sjg_oms,marketing,campaign,市场活动主表,主表,6,version_no,乐观锁版本,integer,否,0,否,否,,P1-内部,更新时version_no+1，冲突则拒绝,设计字段,P041
sjg_oms,marketing,campaign,市场活动主表,主表,7,created_by,创建人,uuid,是,,否,否,org.employee.id,P1-内部,,设计字段,P041
sjg_oms,marketing,campaign,市场活动主表,主表,8,created_at,创建时间,timestamptz,否,now(),否,否,,P1-内部,,设计字段,P041
sjg_oms,marketing,campaign,市场活动主表,主表,9,updated_by,更新人,uuid,是,,否,否,org.employee.id,P1-内部,,设计字段,P041
sjg_oms,marketing,campaign,市场活动主表,主表,10,updated_at,更新时间,timestamptz,否,now(),否,否,,P1-内部,,设计字段,P041
sjg_oms,marketing,campaign,市场活动主表,主表,11,is_deleted,逻辑删除,boolean,否,false,否,否,,P1-内部,,设计字段,P041
sjg_oms,marketing,campaign,市场活动主表,主表,12,deleted_at,删除时间,timestamptz,是,,否,否,,P1-内部,,设计字段,P041
sjg_oms,marketing,campaign,市场活动主表,主表,13,source_channel,来源渠道,varchar(32),是,,否,否,,P1-内部,,设计字段,P041
sjg_oms,marketing,campaign,市场活动主表,主表,14,business_date,业务日期,date,是,,否,否,,P1-内部,,设计字段,P041
sjg_oms,marketing,campaign,市场活动主表,主表,15,subject,主题,varchar(255),是,,否,否,,P1-内部,,设计字段,P041
sjg_oms,marketing,campaign,市场活动主表,主表,16,reason,原因,text,是,,否,否,,P1-内部,,设计字段,P041
sjg_oms,marketing,campaign,市场活动主表,主表,17,priority,优先级,varchar(16),否,'NORMAL',否,否,,P1-内部,,设计字段,P041
sjg_oms,marketing,campaign,市场活动主表,主表,18,risk_level,风险等级,varchar(16),是,,否,否,,P1-内部,,设计字段,P041
sjg_oms,marketing,campaign,市场活动主表,主表,19,owner_center_id,归属中心,uuid,是,,否,否,org.organization.id,P1-内部,,设计字段,P041
sjg_oms,marketing,campaign,市场活动主表,主表,20,owner_department_id,归属部门,uuid,是,,否,否,org.organization.id,P1-内部,,设计字段,P041
sjg_oms,marketing,campaign,市场活动主表,主表,21,owner_employee_id,责任人,uuid,是,,否,否,org.employee.id,P1-内部,,设计字段,P041
sjg_oms,marketing,campaign,市场活动主表,主表,22,planned_start_at,计划开始,timestamptz,是,,否,否,,P1-内部,,设计字段,P041
sjg_oms,marketing,campaign,市场活动主表,主表,23,planned_finish_at,计划完成,timestamptz,是,,否,否,,P1-内部,,设计字段,P041
sjg_oms,marketing,campaign,市场活动主表,主表,24,actual_start_at,实际开始,timestamptz,是,,否,否,,P1-内部,,设计字段,P041
sjg_oms,marketing,campaign,市场活动主表,主表,25,actual_end_at,实际完成,timestamptz,是,,否,否,,P1-内部,,设计字段,P041
sjg_oms,marketing,campaign,市场活动主表,主表,26,result_summary,结果摘要,text,是,,否,否,,P1-内部,,设计字段,P041
sjg_oms,marketing,campaign,市场活动主表,主表,27,closed_at,关闭时间,timestamptz,是,,否,否,,P1-内部,,设计字段,P041
sjg_oms,marketing,campaign,市场活动主表,主表,28,actual_amount,实际金额,"numeric(18,2)",是,,否,否,,P1-内部,,原始流程字段,P041
sjg_oms,marketing,campaign,市场活动主表,主表,29,budget_item_id,预算项目,varchar(32),是,,否,否,,P1-内部,,原始流程字段,P041
sjg_oms,marketing,campaign,市场活动主表,主表,30,campaign_budget,预算金额,"numeric(18,2)",是,,否,否,,P1-内部,,原始流程字段,P041
sjg_oms,marketing,campaign,市场活动主表,主表,31,campaign_end_at,结束时间,timestamptz,否,,否,否,,P1-内部,,原始流程字段,P041
sjg_oms,marketing,campaign,市场活动主表,主表,32,campaign_goal,活动目标,text,否,,否,否,,P1-内部,,原始流程字段,P041
sjg_oms,marketing,campaign,市场活动主表,主表,33,campaign_location_channel,活动地点/渠道,varchar(500),是,,否,否,,P1-内部,,原始流程字段,P041
sjg_oms,marketing,campaign,市场活动主表,主表,34,campaign_name,活动名称,varchar(200),否,,否,否,,P1-内部,,原始流程字段,P041
sjg_oms,marketing,campaign,市场活动主表,主表,35,campaign_no,活动/项目编号,varchar(32),否,,否,否,,P1-内部,,原始流程字段,P041
sjg_oms,marketing,campaign,市场活动主表,主表,36,campaign_start_at,开始时间,timestamptz,否,,否,否,,P1-内部,,原始流程字段,P041
sjg_oms,marketing,campaign,市场活动主表,主表,37,cost_center_id,成本中心,varchar(32),否,,否,否,,P1-内部,,原始流程字段,P041
sjg_oms,marketing,campaign,市场活动主表,主表,38,target_audience_desc,目标人群,text,是,,否,否,,P1-内部,,原始流程字段,P041
sjg_oms,marketing,campaign,市场活动主表,主表,39,target_volume,目标线索/参与人数,bigint,是,,否,否,,P1-内部,,原始流程字段,P041
sjg_oms,marketing,campaign_item,市场活动明细项,子表,1,id,主键ID,uuid,否,gen_random_uuid(),是,否,,P1-内部,,设计字段,P041
sjg_oms,marketing,campaign_item,市场活动明细项,子表,2,tenant_id,租户ID,uuid,否,,否,否,core.tenant.id,P1-内部,所有业务唯一键必须包含tenant_id,设计字段,P041
sjg_oms,marketing,campaign_item,市场活动明细项,子表,3,created_by,创建人,uuid,是,,否,否,org.employee.id,P1-内部,,设计字段,P041
sjg_oms,marketing,campaign_item,市场活动明细项,子表,4,created_at,创建时间,timestamptz,否,now(),否,否,,P1-内部,,设计字段,P041
sjg_oms,marketing,campaign_item,市场活动明细项,子表,5,updated_by,更新人,uuid,是,,否,否,org.employee.id,P1-内部,,设计字段,P041
sjg_oms,marketing,campaign_item,市场活动明细项,子表,6,updated_at,更新时间,timestamptz,否,now(),否,否,,P1-内部,,设计字段,P041
sjg_oms,marketing,campaign_item,市场活动明细项,子表,7,is_deleted,逻辑删除,boolean,否,false,否,否,,P1-内部,,设计字段,P041
sjg_oms,marketing,campaign_item,市场活动明细项,子表,8,deleted_at,删除时间,timestamptz,是,,否,否,,P1-内部,,设计字段,P041
sjg_oms,marketing,campaign_item,市场活动明细项,子表,9,master_id,主表ID,uuid,否,,否,否,marketing.campaign.id,P1-内部,,设计字段,P041
sjg_oms,marketing,campaign_item,市场活动明细项,子表,10,field_code,来源字段编码,varchar(128),否,,否,否,,P1-内部,,设计字段,P041
sjg_oms,marketing,campaign_item,市场活动明细项,子表,11,item_seq,明细序号,integer,否,0,否,否,,P1-内部,,设计字段,P041
sjg_oms,marketing,campaign_item,市场活动明细项,子表,12,item_key,明细键,varchar(128),是,,否,否,,P1-内部,,设计字段,P041
sjg_oms,marketing,campaign_item,市场活动明细项,子表,13,item_name,明细名称,varchar(255),是,,否,否,,P1-内部,,设计字段,P041
sjg_oms,marketing,campaign_item,市场活动明细项,子表,14,item_value_text,文本值,text,是,,否,否,,P1-内部,,设计字段,P041
sjg_oms,marketing,campaign_item,市场活动明细项,子表,15,item_value_number,数值,"numeric(24,8)",是,,否,否,,P1-内部,,设计字段,P041
sjg_oms,marketing,campaign_item,市场活动明细项,子表,16,item_value_json,结构化值,jsonb,是,,否,否,,P1-内部,,设计字段,P041
sjg_oms,marketing,campaign_item,市场活动明细项,子表,17,related_object_type,关联对象类型,varchar(128),是,,否,否,,P1-内部,,设计字段,P041
sjg_oms,marketing,campaign_item,市场活动明细项,子表,18,related_object_id,关联对象ID,uuid,是,,否,否,,P1-内部,,设计字段,P041
sjg_oms,marketing,campaign_item,市场活动明细项,子表,19,amount,金额,"numeric(18,2)",是,,否,否,,P1-内部,,设计字段,P041
sjg_oms,marketing,campaign_item,市场活动明细项,子表,20,quantity,数量,"numeric(18,6)",是,,否,否,,P1-内部,,设计字段,P041
sjg_oms,marketing,campaign_item,市场活动明细项,子表,21,sort_no,排序,integer,否,0,否,否,,P1-内部,,设计字段,P041
sjg_oms,mdm,asset,资产主数据,主数据表,1,id,主键ID,uuid,否,gen_random_uuid(),是,否,,P1-内部,,设计字段,
sjg_oms,mdm,asset,资产主数据,主数据表,2,tenant_id,租户ID,uuid,否,,否,否,core.tenant.id,P1-内部,所有业务唯一键必须包含tenant_id,设计字段,
sjg_oms,mdm,asset,资产主数据,主数据表,3,created_by,创建人,uuid,是,,否,否,org.employee.id,P1-内部,,设计字段,
sjg_oms,mdm,asset,资产主数据,主数据表,4,created_at,创建时间,timestamptz,否,now(),否,否,,P1-内部,,设计字段,
sjg_oms,mdm,asset,资产主数据,主数据表,5,updated_by,更新人,uuid,是,,否,否,org.employee.id,P1-内部,,设计字段,
sjg_oms,mdm,asset,资产主数据,主数据表,6,updated_at,更新时间,timestamptz,否,now(),否,否,,P1-内部,,设计字段,
sjg_oms,mdm,asset,资产主数据,主数据表,7,is_deleted,逻辑删除,boolean,否,false,否,否,,P1-内部,,设计字段,
sjg_oms,mdm,asset,资产主数据,主数据表,8,deleted_at,删除时间,timestamptz,是,,否,否,,P1-内部,,设计字段,
sjg_oms,mdm,asset,资产主数据,主数据表,9,master_code,主数据编码,varchar(64),否,,否,是,,P1-内部,,设计字段,
sjg_oms,mdm,asset,资产主数据,主数据表,10,master_name,主数据名称,varchar(255),否,,否,否,,P1-内部,,设计字段,
sjg_oms,mdm,asset,资产主数据,主数据表,11,master_type,主数据类型,varchar(64),是,,否,否,,P1-内部,,设计字段,
sjg_oms,mdm,asset,资产主数据,主数据表,12,status,状态,varchar(32),否,'ACTIVE',否,否,,P1-内部,,设计字段,
sjg_oms,mdm,asset,资产主数据,主数据表,13,external_ref,外部系统引用,varchar(128),是,,否,否,,P1-内部,,设计字段,
sjg_oms,mdm,asset,资产主数据,主数据表,14,attributes,扩展属性,jsonb,是,,否,否,,P1-内部,,设计字段,
sjg_oms,mdm,customer,客户主数据,主数据表,1,id,主键ID,uuid,否,gen_random_uuid(),是,否,,P1-内部,,设计字段,
sjg_oms,mdm,customer,客户主数据,主数据表,2,tenant_id,租户ID,uuid,否,,否,否,core.tenant.id,P1-内部,所有业务唯一键必须包含tenant_id,设计字段,
sjg_oms,mdm,customer,客户主数据,主数据表,3,created_by,创建人,uuid,是,,否,否,org.employee.id,P1-内部,,设计字段,
sjg_oms,mdm,customer,客户主数据,主数据表,4,created_at,创建时间,timestamptz,否,now(),否,否,,P1-内部,,设计字段,
sjg_oms,mdm,customer,客户主数据,主数据表,5,updated_by,更新人,uuid,是,,否,否,org.employee.id,P1-内部,,设计字段,
sjg_oms,mdm,customer,客户主数据,主数据表,6,updated_at,更新时间,timestamptz,否,now(),否,否,,P1-内部,,设计字段,
sjg_oms,mdm,customer,客户主数据,主数据表,7,is_deleted,逻辑删除,boolean,否,false,否,否,,P1-内部,,设计字段,
sjg_oms,mdm,customer,客户主数据,主数据表,8,deleted_at,删除时间,timestamptz,是,,否,否,,P1-内部,,设计字段,
sjg_oms,mdm,customer,客户主数据,主数据表,9,master_code,主数据编码,varchar(64),否,,否,是,,P1-内部,,设计字段,
sjg_oms,mdm,customer,客户主数据,主数据表,10,master_name,主数据名称,varchar(255),否,,否,否,,P1-内部,,设计字段,
sjg_oms,mdm,customer,客户主数据,主数据表,11,master_type,主数据类型,varchar(64),是,,否,否,,P1-内部,,设计字段,
sjg_oms,mdm,customer,客户主数据,主数据表,12,status,状态,varchar(32),否,'ACTIVE',否,否,,P1-内部,,设计字段,
sjg_oms,mdm,customer,客户主数据,主数据表,13,external_ref,外部系统引用,varchar(128),是,,否,否,,P1-内部,,设计字段,
sjg_oms,mdm,customer,客户主数据,主数据表,14,attributes,扩展属性,jsonb,是,,否,否,,P1-内部,,设计字段,
sjg_oms,mdm,location,位置主数据,主数据表,1,id,主键ID,uuid,否,gen_random_uuid(),是,否,,P1-内部,,设计字段,
sjg_oms,mdm,location,位置主数据,主数据表,2,tenant_id,租户ID,uuid,否,,否,否,core.tenant.id,P1-内部,所有业务唯一键必须包含tenant_id,设计字段,
sjg_oms,mdm,location,位置主数据,主数据表,3,created_by,创建人,uuid,是,,否,否,org.employee.id,P1-内部,,设计字段,
sjg_oms,mdm,location,位置主数据,主数据表,4,created_at,创建时间,timestamptz,否,now(),否,否,,P1-内部,,设计字段,
sjg_oms,mdm,location,位置主数据,主数据表,5,updated_by,更新人,uuid,是,,否,否,org.employee.id,P1-内部,,设计字段,
sjg_oms,mdm,location,位置主数据,主数据表,6,updated_at,更新时间,timestamptz,否,now(),否,否,,P1-内部,,设计字段,
sjg_oms,mdm,location,位置主数据,主数据表,7,is_deleted,逻辑删除,boolean,否,false,否,否,,P1-内部,,设计字段,
sjg_oms,mdm,location,位置主数据,主数据表,8,deleted_at,删除时间,timestamptz,是,,否,否,,P1-内部,,设计字段,
sjg_oms,mdm,location,位置主数据,主数据表,9,master_code,主数据编码,varchar(64),否,,否,是,,P1-内部,,设计字段,
sjg_oms,mdm,location,位置主数据,主数据表,10,master_name,主数据名称,varchar(255),否,,否,否,,P1-内部,,设计字段,
sjg_oms,mdm,location,位置主数据,主数据表,11,master_type,主数据类型,varchar(64),是,,否,否,,P1-内部,,设计字段,
sjg_oms,mdm,location,位置主数据,主数据表,12,status,状态,varchar(32),否,'ACTIVE',否,否,,P1-内部,,设计字段,
sjg_oms,mdm,location,位置主数据,主数据表,13,external_ref,外部系统引用,varchar(128),是,,否,否,,P1-内部,,设计字段,
sjg_oms,mdm,location,位置主数据,主数据表,14,attributes,扩展属性,jsonb,是,,否,否,,P1-内部,,设计字段,
sjg_oms,mdm,merchant,商户主数据,主数据表,1,id,主键ID,uuid,否,gen_random_uuid(),是,否,,P1-内部,,设计字段,
sjg_oms,mdm,merchant,商户主数据,主数据表,2,tenant_id,租户ID,uuid,否,,否,否,core.tenant.id,P1-内部,所有业务唯一键必须包含tenant_id,设计字段,
sjg_oms,mdm,merchant,商户主数据,主数据表,3,created_by,创建人,uuid,是,,否,否,org.employee.id,P1-内部,,设计字段,
sjg_oms,mdm,merchant,商户主数据,主数据表,4,created_at,创建时间,timestamptz,否,now(),否,否,,P1-内部,,设计字段,
sjg_oms,mdm,merchant,商户主数据,主数据表,5,updated_by,更新人,uuid,是,,否,否,org.employee.id,P1-内部,,设计字段,
sjg_oms,mdm,merchant,商户主数据,主数据表,6,updated_at,更新时间,timestamptz,否,now(),否,否,,P1-内部,,设计字段,
sjg_oms,mdm,merchant,商户主数据,主数据表,7,is_deleted,逻辑删除,boolean,否,false,否,否,,P1-内部,,设计字段,
sjg_oms,mdm,merchant,商户主数据,主数据表,8,deleted_at,删除时间,timestamptz,是,,否,否,,P1-内部,,设计字段,
sjg_oms,mdm,merchant,商户主数据,主数据表,9,master_code,主数据编码,varchar(64),否,,否,是,,P1-内部,,设计字段,
sjg_oms,mdm,merchant,商户主数据,主数据表,10,master_name,主数据名称,varchar(255),否,,否,否,,P1-内部,,设计字段,
sjg_oms,mdm,merchant,商户主数据,主数据表,11,master_type,主数据类型,varchar(64),是,,否,否,,P1-内部,,设计字段,
sjg_oms,mdm,merchant,商户主数据,主数据表,12,status,状态,varchar(32),否,'ACTIVE',否,否,,P1-内部,,设计字段,
sjg_oms,mdm,merchant,商户主数据,主数据表,13,external_ref,外部系统引用,varchar(128),是,,否,否,,P1-内部,,设计字段,
sjg_oms,mdm,merchant,商户主数据,主数据表,14,attributes,扩展属性,jsonb,是,,否,否,,P1-内部,,设计字段,
sjg_oms,mdm,product,产品主数据,主数据表,1,id,主键ID,uuid,否,gen_random_uuid(),是,否,,P1-内部,,设计字段,
sjg_oms,mdm,product,产品主数据,主数据表,2,tenant_id,租户ID,uuid,否,,否,否,core.tenant.id,P1-内部,所有业务唯一键必须包含tenant_id,设计字段,
sjg_oms,mdm,product,产品主数据,主数据表,3,created_by,创建人,uuid,是,,否,否,org.employee.id,P1-内部,,设计字段,
sjg_oms,mdm,product,产品主数据,主数据表,4,created_at,创建时间,timestamptz,否,now(),否,否,,P1-内部,,设计字段,
sjg_oms,mdm,product,产品主数据,主数据表,5,updated_by,更新人,uuid,是,,否,否,org.employee.id,P1-内部,,设计字段,
sjg_oms,mdm,product,产品主数据,主数据表,6,updated_at,更新时间,timestamptz,否,now(),否,否,,P1-内部,,设计字段,
sjg_oms,mdm,product,产品主数据,主数据表,7,is_deleted,逻辑删除,boolean,否,false,否,否,,P1-内部,,设计字段,
sjg_oms,mdm,product,产品主数据,主数据表,8,deleted_at,删除时间,timestamptz,是,,否,否,,P1-内部,,设计字段,
sjg_oms,mdm,product,产品主数据,主数据表,9,master_code,主数据编码,varchar(64),否,,否,是,,P1-内部,,设计字段,
sjg_oms,mdm,product,产品主数据,主数据表,10,master_name,主数据名称,varchar(255),否,,否,否,,P1-内部,,设计字段,
sjg_oms,mdm,product,产品主数据,主数据表,11,master_type,主数据类型,varchar(64),是,,否,否,,P1-内部,,设计字段,
sjg_oms,mdm,product,产品主数据,主数据表,12,status,状态,varchar(32),否,'ACTIVE',否,否,,P1-内部,,设计字段,
sjg_oms,mdm,product,产品主数据,主数据表,13,external_ref,外部系统引用,varchar(128),是,,否,否,,P1-内部,,设计字段,
sjg_oms,mdm,product,产品主数据,主数据表,14,attributes,扩展属性,jsonb,是,,否,否,,P1-内部,,设计字段,
sjg_oms,mdm,supplier,供应商主数据,主数据表,1,id,主键ID,uuid,否,gen_random_uuid(),是,否,,P1-内部,,设计字段,
sjg_oms,mdm,supplier,供应商主数据,主数据表,2,tenant_id,租户ID,uuid,否,,否,否,core.tenant.id,P1-内部,所有业务唯一键必须包含tenant_id,设计字段,
sjg_oms,mdm,supplier,供应商主数据,主数据表,3,created_by,创建人,uuid,是,,否,否,org.employee.id,P1-内部,,设计字段,
sjg_oms,mdm,supplier,供应商主数据,主数据表,4,created_at,创建时间,timestamptz,否,now(),否,否,,P1-内部,,设计字段,
sjg_oms,mdm,supplier,供应商主数据,主数据表,5,updated_by,更新人,uuid,是,,否,否,org.employee.id,P1-内部,,设计字段,
sjg_oms,mdm,supplier,供应商主数据,主数据表,6,updated_at,更新时间,timestamptz,否,now(),否,否,,P1-内部,,设计字段,
sjg_oms,mdm,supplier,供应商主数据,主数据表,7,is_deleted,逻辑删除,boolean,否,false,否,否,,P1-内部,,设计字段,
sjg_oms,mdm,supplier,供应商主数据,主数据表,8,deleted_at,删除时间,timestamptz,是,,否,否,,P1-内部,,设计字段,
sjg_oms,mdm,supplier,供应商主数据,主数据表,9,master_code,主数据编码,varchar(64),否,,否,是,,P1-内部,,设计字段,
sjg_oms,mdm,supplier,供应商主数据,主数据表,10,master_name,主数据名称,varchar(255),否,,否,否,,P1-内部,,设计字段,
sjg_oms,mdm,supplier,供应商主数据,主数据表,11,master_type,主数据类型,varchar(64),是,,否,否,,P1-内部,,设计字段,
sjg_oms,mdm,supplier,供应商主数据,主数据表,12,status,状态,varchar(32),否,'ACTIVE',否,否,,P1-内部,,设计字段,
sjg_oms,mdm,supplier,供应商主数据,主数据表,13,external_ref,外部系统引用,varchar(128),是,,否,否,,P1-内部,,设计字段,
sjg_oms,mdm,supplier,供应商主数据,主数据表,14,attributes,扩展属性,jsonb,是,,否,否,,P1-内部,,设计字段,
sjg_oms,media,ad_campaign,新媒体投放主表,主表,1,id,主键ID,uuid,否,gen_random_uuid(),是,否,,P1-内部,,设计字段,P107
sjg_oms,media,ad_campaign,新媒体投放主表,主表,2,tenant_id,租户ID,uuid,否,,否,否,core.tenant.id,P1-内部,所有业务唯一键必须包含tenant_id,设计字段,P107
sjg_oms,media,ad_campaign,新媒体投放主表,主表,3,business_no,业务单号,varchar(64),否,,否,是,,P1-内部,租户内唯一；由core.sequence_rule生成,设计字段,P107
sjg_oms,media,ad_campaign,新媒体投放主表,主表,4,workflow_instance_id,流程实例ID,uuid,是,,否,否,workflow.wf_instance.id,P1-内部,,设计字段,P107
sjg_oms,media,ad_campaign,新媒体投放主表,主表,5,status,业务状态,varchar(32),否,'DRAFT',否,否,,P1-内部,仅由状态机合法迁移,设计字段,P107
sjg_oms,media,ad_campaign,新媒体投放主表,主表,6,version_no,乐观锁版本,integer,否,0,否,否,,P1-内部,更新时version_no+1，冲突则拒绝,设计字段,P107
sjg_oms,media,ad_campaign,新媒体投放主表,主表,7,created_by,创建人,uuid,是,,否,否,org.employee.id,P1-内部,,设计字段,P107
sjg_oms,media,ad_campaign,新媒体投放主表,主表,8,created_at,创建时间,timestamptz,否,now(),否,否,,P1-内部,,设计字段,P107
sjg_oms,media,ad_campaign,新媒体投放主表,主表,9,updated_by,更新人,uuid,是,,否,否,org.employee.id,P1-内部,,设计字段,P107
sjg_oms,media,ad_campaign,新媒体投放主表,主表,10,updated_at,更新时间,timestamptz,否,now(),否,否,,P1-内部,,设计字段,P107
sjg_oms,media,ad_campaign,新媒体投放主表,主表,11,is_deleted,逻辑删除,boolean,否,false,否,否,,P1-内部,,设计字段,P107
sjg_oms,media,ad_campaign,新媒体投放主表,主表,12,deleted_at,删除时间,timestamptz,是,,否,否,,P1-内部,,设计字段,P107
sjg_oms,media,ad_campaign,新媒体投放主表,主表,13,source_channel,来源渠道,varchar(32),是,,否,否,,P1-内部,,设计字段,P107
sjg_oms,media,ad_campaign,新媒体投放主表,主表,14,business_date,业务日期,date,是,,否,否,,P1-内部,,设计字段,P107
sjg_oms,media,ad_campaign,新媒体投放主表,主表,15,subject,主题,varchar(255),是,,否,否,,P1-内部,,设计字段,P107
sjg_oms,media,ad_campaign,新媒体投放主表,主表,16,reason,原因,text,是,,否,否,,P1-内部,,设计字段,P107
sjg_oms,media,ad_campaign,新媒体投放主表,主表,17,priority,优先级,varchar(16),否,'NORMAL',否,否,,P1-内部,,设计字段,P107
sjg_oms,media,ad_campaign,新媒体投放主表,主表,18,risk_level,风险等级,varchar(16),是,,否,否,,P1-内部,,设计字段,P107
sjg_oms,media,ad_campaign,新媒体投放主表,主表,19,owner_center_id,归属中心,uuid,是,,否,否,org.organization.id,P1-内部,,设计字段,P107
sjg_oms,media,ad_campaign,新媒体投放主表,主表,20,owner_department_id,归属部门,uuid,是,,否,否,org.organization.id,P1-内部,,设计字段,P107
sjg_oms,media,ad_campaign,新媒体投放主表,主表,21,owner_employee_id,责任人,uuid,是,,否,否,org.employee.id,P1-内部,,设计字段,P107
sjg_oms,media,ad_campaign,新媒体投放主表,主表,22,planned_start_at,计划开始,timestamptz,是,,否,否,,P1-内部,,设计字段,P107
sjg_oms,media,ad_campaign,新媒体投放主表,主表,23,planned_finish_at,计划完成,timestamptz,是,,否,否,,P1-内部,,设计字段,P107
sjg_oms,media,ad_campaign,新媒体投放主表,主表,24,actual_start_at,实际开始,timestamptz,是,,否,否,,P1-内部,,设计字段,P107
sjg_oms,media,ad_campaign,新媒体投放主表,主表,25,actual_end_at,实际完成,timestamptz,是,,否,否,,P1-内部,,设计字段,P107
sjg_oms,media,ad_campaign,新媒体投放主表,主表,26,result_summary,结果摘要,text,是,,否,否,,P1-内部,,设计字段,P107
sjg_oms,media,ad_campaign,新媒体投放主表,主表,27,closed_at,关闭时间,timestamptz,是,,否,否,,P1-内部,,设计字段,P107
sjg_oms,media,ad_campaign,新媒体投放主表,主表,28,actual_amount,实际金额,"numeric(18,2)",是,,否,否,,P1-内部,,原始流程字段,P107
sjg_oms,media,ad_campaign,新媒体投放主表,主表,29,campaign_name,活动名称,varchar(200),否,,否,否,,P1-内部,,原始流程字段,P107
sjg_oms,media,ad_campaign,新媒体投放主表,主表,30,campaign_no,活动/项目编号,varchar(32),否,,否,否,,P1-内部,,原始流程字段,P107
sjg_oms,media,ad_campaign,新媒体投放主表,主表,31,change_action,操作类型,varchar(64),否,,否,否,,P1-内部,,原始流程字段,P107
sjg_oms,media,ad_campaign,新媒体投放主表,主表,32,change_reason,变更原因,text,否,,否,否,,P1-内部,,原始流程字段,P107
sjg_oms,media,ad_campaign,新媒体投放主表,主表,33,content_asset_no,内容/物料编号,varchar(64),否,,否,否,,P1-内部,,原始流程字段,P107
sjg_oms,media,ad_campaign,新媒体投放主表,主表,34,content_title,主题/标题,varchar(200),否,,否,否,,P1-内部,,原始流程字段,P107
sjg_oms,media,ad_campaign,新媒体投放主表,主表,35,content_type,内容类型,varchar(64),否,,否,否,,P1-内部,,原始流程字段,P107
sjg_oms,media,ad_campaign,新媒体投放主表,主表,36,copyright_info,版权授权信息,text,是,,否,否,,P1-内部,,原始流程字段,P107
sjg_oms,media,ad_campaign,新媒体投放主表,主表,37,expected_effective_at,期望生效时间,timestamptz,是,,否,否,,P1-内部,,原始流程字段,P107
sjg_oms,media,ad_campaign,新媒体投放主表,主表,38,known_impact,已知影响,text,是,,否,否,,P1-内部,,原始流程字段,P107
sjg_oms,media,ad_campaign,新媒体投放主表,主表,39,planned_publish_at,计划发布时间,timestamptz,是,,否,否,,P1-内部,,原始流程字段,P107
sjg_oms,media,ad_campaign,新媒体投放主表,主表,40,review_points,品牌/事实审核要点,text,是,,否,否,,P1-内部,,原始流程字段,P107
sjg_oms,media,ad_campaign,新媒体投放主表,主表,41,script_copy,脚本/文案,text,是,,否,否,,P1-内部,,原始流程字段,P107
sjg_oms,media,ad_campaign_item,新媒体投放明细项,子表,1,id,主键ID,uuid,否,gen_random_uuid(),是,否,,P1-内部,,设计字段,P107
sjg_oms,media,ad_campaign_item,新媒体投放明细项,子表,2,tenant_id,租户ID,uuid,否,,否,否,core.tenant.id,P1-内部,所有业务唯一键必须包含tenant_id,设计字段,P107
sjg_oms,media,ad_campaign_item,新媒体投放明细项,子表,3,created_by,创建人,uuid,是,,否,否,org.employee.id,P1-内部,,设计字段,P107
sjg_oms,media,ad_campaign_item,新媒体投放明细项,子表,4,created_at,创建时间,timestamptz,否,now(),否,否,,P1-内部,,设计字段,P107
sjg_oms,media,ad_campaign_item,新媒体投放明细项,子表,5,updated_by,更新人,uuid,是,,否,否,org.employee.id,P1-内部,,设计字段,P107
sjg_oms,media,ad_campaign_item,新媒体投放明细项,子表,6,updated_at,更新时间,timestamptz,否,now(),否,否,,P1-内部,,设计字段,P107
sjg_oms,media,ad_campaign_item,新媒体投放明细项,子表,7,is_deleted,逻辑删除,boolean,否,false,否,否,,P1-内部,,设计字段,P107
sjg_oms,media,ad_campaign_item,新媒体投放明细项,子表,8,deleted_at,删除时间,timestamptz,是,,否,否,,P1-内部,,设计字段,P107
sjg_oms,media,ad_campaign_item,新媒体投放明细项,子表,9,master_id,主表ID,uuid,否,,否,否,media.ad_campaign.id,P1-内部,,设计字段,P107
sjg_oms,media,ad_campaign_item,新媒体投放明细项,子表,10,field_code,来源字段编码,varchar(128),否,,否,否,,P1-内部,,设计字段,P107
sjg_oms,media,ad_campaign_item,新媒体投放明细项,子表,11,item_seq,明细序号,integer,否,0,否,否,,P1-内部,,设计字段,P107
sjg_oms,media,ad_campaign_item,新媒体投放明细项,子表,12,item_key,明细键,varchar(128),是,,否,否,,P1-内部,,设计字段,P107
sjg_oms,media,ad_campaign_item,新媒体投放明细项,子表,13,item_name,明细名称,varchar(255),是,,否,否,,P1-内部,,设计字段,P107
sjg_oms,media,ad_campaign_item,新媒体投放明细项,子表,14,item_value_text,文本值,text,是,,否,否,,P1-内部,,设计字段,P107
sjg_oms,media,ad_campaign_item,新媒体投放明细项,子表,15,item_value_number,数值,"numeric(24,8)",是,,否,否,,P1-内部,,设计字段,P107
sjg_oms,media,ad_campaign_item,新媒体投放明细项,子表,16,item_value_json,结构化值,jsonb,是,,否,否,,P1-内部,,设计字段,P107
sjg_oms,media,ad_campaign_item,新媒体投放明细项,子表,17,related_object_type,关联对象类型,varchar(128),是,,否,否,,P1-内部,,设计字段,P107
sjg_oms,media,ad_campaign_item,新媒体投放明细项,子表,18,related_object_id,关联对象ID,uuid,是,,否,否,,P1-内部,,设计字段,P107
sjg_oms,media,ad_campaign_item,新媒体投放明细项,子表,19,amount,金额,"numeric(18,2)",是,,否,否,,P1-内部,,设计字段,P107
sjg_oms,media,ad_campaign_item,新媒体投放明细项,子表,20,quantity,数量,"numeric(18,6)",是,,否,否,,P1-内部,,设计字段,P107
sjg_oms,media,ad_campaign_item,新媒体投放明细项,子表,21,sort_no,排序,integer,否,0,否,否,,P1-内部,,设计字段,P107
sjg_oms,media,live_session,直播场次主表,主表,1,id,主键ID,uuid,否,gen_random_uuid(),是,否,,P1-内部,,设计字段,P106
sjg_oms,media,live_session,直播场次主表,主表,2,tenant_id,租户ID,uuid,否,,否,否,core.tenant.id,P1-内部,所有业务唯一键必须包含tenant_id,设计字段,P106
sjg_oms,media,live_session,直播场次主表,主表,3,business_no,业务单号,varchar(64),否,,否,是,,P1-内部,租户内唯一；由core.sequence_rule生成,设计字段,P106
sjg_oms,media,live_session,直播场次主表,主表,4,workflow_instance_id,流程实例ID,uuid,是,,否,否,workflow.wf_instance.id,P1-内部,,设计字段,P106
sjg_oms,media,live_session,直播场次主表,主表,5,status,业务状态,varchar(32),否,'DRAFT',否,否,,P1-内部,仅由状态机合法迁移,设计字段,P106
sjg_oms,media,live_session,直播场次主表,主表,6,version_no,乐观锁版本,integer,否,0,否,否,,P1-内部,更新时version_no+1，冲突则拒绝,设计字段,P106
sjg_oms,media,live_session,直播场次主表,主表,7,created_by,创建人,uuid,是,,否,否,org.employee.id,P1-内部,,设计字段,P106
sjg_oms,media,live_session,直播场次主表,主表,8,created_at,创建时间,timestamptz,否,now(),否,否,,P1-内部,,设计字段,P106
sjg_oms,media,live_session,直播场次主表,主表,9,updated_by,更新人,uuid,是,,否,否,org.employee.id,P1-内部,,设计字段,P106
sjg_oms,media,live_session,直播场次主表,主表,10,updated_at,更新时间,timestamptz,否,now(),否,否,,P1-内部,,设计字段,P106
sjg_oms,media,live_session,直播场次主表,主表,11,is_deleted,逻辑删除,boolean,否,false,否,否,,P1-内部,,设计字段,P106
sjg_oms,media,live_session,直播场次主表,主表,12,deleted_at,删除时间,timestamptz,是,,否,否,,P1-内部,,设计字段,P106
sjg_oms,media,live_session,直播场次主表,主表,13,source_channel,来源渠道,varchar(32),是,,否,否,,P1-内部,,设计字段,P106
sjg_oms,media,live_session,直播场次主表,主表,14,business_date,业务日期,date,是,,否,否,,P1-内部,,设计字段,P106
sjg_oms,media,live_session,直播场次主表,主表,15,subject,主题,varchar(255),是,,否,否,,P1-内部,,设计字段,P106
sjg_oms,media,live_session,直播场次主表,主表,16,reason,原因,text,是,,否,否,,P1-内部,,设计字段,P106
sjg_oms,media,live_session,直播场次主表,主表,17,priority,优先级,varchar(16),否,'NORMAL',否,否,,P1-内部,,设计字段,P106
sjg_oms,media,live_session,直播场次主表,主表,18,risk_level,风险等级,varchar(16),是,,否,否,,P1-内部,,设计字段,P106
sjg_oms,media,live_session,直播场次主表,主表,19,owner_center_id,归属中心,uuid,是,,否,否,org.organization.id,P1-内部,,设计字段,P106
sjg_oms,media,live_session,直播场次主表,主表,20,owner_department_id,归属部门,uuid,是,,否,否,org.organization.id,P1-内部,,设计字段,P106
sjg_oms,media,live_session,直播场次主表,主表,21,owner_employee_id,责任人,uuid,是,,否,否,org.employee.id,P1-内部,,设计字段,P106
sjg_oms,media,live_session,直播场次主表,主表,22,planned_start_at,计划开始,timestamptz,是,,否,否,,P1-内部,,设计字段,P106
sjg_oms,media,live_session,直播场次主表,主表,23,planned_finish_at,计划完成,timestamptz,是,,否,否,,P1-内部,,设计字段,P106
sjg_oms,media,live_session,直播场次主表,主表,24,actual_start_at,实际开始,timestamptz,是,,否,否,,P1-内部,,设计字段,P106
sjg_oms,media,live_session,直播场次主表,主表,25,actual_end_at,实际完成,timestamptz,是,,否,否,,P1-内部,,设计字段,P106
sjg_oms,media,live_session,直播场次主表,主表,26,result_summary,结果摘要,text,是,,否,否,,P1-内部,,设计字段,P106
sjg_oms,media,live_session,直播场次主表,主表,27,closed_at,关闭时间,timestamptz,是,,否,否,,P1-内部,,设计字段,P106
sjg_oms,media,live_session,直播场次主表,主表,28,actual_amount,实际金额,"numeric(18,2)",是,,否,否,,P1-内部,,原始流程字段,P106
sjg_oms,media,live_session,直播场次主表,主表,29,attendance_type,假勤类型,varchar(64),否,,否,否,,P1-内部,,原始流程字段,P106
sjg_oms,media,live_session,直播场次主表,主表,30,content_asset_no,内容/物料编号,varchar(64),否,,否,否,,P1-内部,,原始流程字段,P106
sjg_oms,media,live_session,直播场次主表,主表,31,content_title,主题/标题,varchar(200),否,,否,否,,P1-内部,,原始流程字段,P106
sjg_oms,media,live_session,直播场次主表,主表,32,content_type,内容类型,varchar(64),否,,否,否,,P1-内部,,原始流程字段,P106
sjg_oms,media,live_session,直播场次主表,主表,33,copyright_info,版权授权信息,text,是,,否,否,,P1-内部,,原始流程字段,P106
sjg_oms,media,live_session,直播场次主表,主表,34,planned_publish_at,计划发布时间,timestamptz,是,,否,否,,P1-内部,,原始流程字段,P106
sjg_oms,media,live_session,直播场次主表,主表,35,review_points,品牌/事实审核要点,text,是,,否,否,,P1-内部,,原始流程字段,P106
sjg_oms,media,live_session,直播场次主表,主表,36,script_copy,脚本/文案,text,是,,否,否,,P1-内部,,原始流程字段,P106
sjg_oms,media,live_session,直播场次主表,主表,37,start_at,开始时间,timestamptz,否,,否,否,,P1-内部,,原始流程字段,P106
sjg_oms,media,live_session_item,直播场次明细项,子表,1,id,主键ID,uuid,否,gen_random_uuid(),是,否,,P1-内部,,设计字段,P106
sjg_oms,media,live_session_item,直播场次明细项,子表,2,tenant_id,租户ID,uuid,否,,否,否,core.tenant.id,P1-内部,所有业务唯一键必须包含tenant_id,设计字段,P106
sjg_oms,media,live_session_item,直播场次明细项,子表,3,created_by,创建人,uuid,是,,否,否,org.employee.id,P1-内部,,设计字段,P106
sjg_oms,media,live_session_item,直播场次明细项,子表,4,created_at,创建时间,timestamptz,否,now(),否,否,,P1-内部,,设计字段,P106
sjg_oms,media,live_session_item,直播场次明细项,子表,5,updated_by,更新人,uuid,是,,否,否,org.employee.id,P1-内部,,设计字段,P106
sjg_oms,media,live_session_item,直播场次明细项,子表,6,updated_at,更新时间,timestamptz,否,now(),否,否,,P1-内部,,设计字段,P106
sjg_oms,media,live_session_item,直播场次明细项,子表,7,is_deleted,逻辑删除,boolean,否,false,否,否,,P1-内部,,设计字段,P106
sjg_oms,media,live_session_item,直播场次明细项,子表,8,deleted_at,删除时间,timestamptz,是,,否,否,,P1-内部,,设计字段,P106
sjg_oms,media,live_session_item,直播场次明细项,子表,9,master_id,主表ID,uuid,否,,否,否,media.live_session.id,P1-内部,,设计字段,P106
sjg_oms,media,live_session_item,直播场次明细项,子表,10,field_code,来源字段编码,varchar(128),否,,否,否,,P1-内部,,设计字段,P106
sjg_oms,media,live_session_item,直播场次明细项,子表,11,item_seq,明细序号,integer,否,0,否,否,,P1-内部,,设计字段,P106
sjg_oms,media,live_session_item,直播场次明细项,子表,12,item_key,明细键,varchar(128),是,,否,否,,P1-内部,,设计字段,P106
sjg_oms,media,live_session_item,直播场次明细项,子表,13,item_name,明细名称,varchar(255),是,,否,否,,P1-内部,,设计字段,P106
sjg_oms,media,live_session_item,直播场次明细项,子表,14,item_value_text,文本值,text,是,,否,否,,P1-内部,,设计字段,P106
sjg_oms,media,live_session_item,直播场次明细项,子表,15,item_value_number,数值,"numeric(24,8)",是,,否,否,,P1-内部,,设计字段,P106
sjg_oms,media,live_session_item,直播场次明细项,子表,16,item_value_json,结构化值,jsonb,是,,否,否,,P1-内部,,设计字段,P106
sjg_oms,media,live_session_item,直播场次明细项,子表,17,related_object_type,关联对象类型,varchar(128),是,,否,否,,P1-内部,,设计字段,P106
sjg_oms,media,live_session_item,直播场次明细项,子表,18,related_object_id,关联对象ID,uuid,是,,否,否,,P1-内部,,设计字段,P106
sjg_oms,media,live_session_item,直播场次明细项,子表,19,amount,金额,"numeric(18,2)",是,,否,否,,P1-内部,,设计字段,P106
sjg_oms,media,live_session_item,直播场次明细项,子表,20,quantity,数量,"numeric(18,6)",是,,否,否,,P1-内部,,设计字段,P106
sjg_oms,media,live_session_item,直播场次明细项,子表,21,sort_no,排序,integer,否,0,否,否,,P1-内部,,设计字段,P106
sjg_oms,media,public_opinion_case,舆情事项主表,主表,1,id,主键ID,uuid,否,gen_random_uuid(),是,否,,P1-内部,,设计字段,P108
sjg_oms,media,public_opinion_case,舆情事项主表,主表,2,tenant_id,租户ID,uuid,否,,否,否,core.tenant.id,P1-内部,所有业务唯一键必须包含tenant_id,设计字段,P108
sjg_oms,media,public_opinion_case,舆情事项主表,主表,3,business_no,业务单号,varchar(64),否,,否,是,,P1-内部,租户内唯一；由core.sequence_rule生成,设计字段,P108
sjg_oms,media,public_opinion_case,舆情事项主表,主表,4,workflow_instance_id,流程实例ID,uuid,是,,否,否,workflow.wf_instance.id,P1-内部,,设计字段,P108
sjg_oms,media,public_opinion_case,舆情事项主表,主表,5,status,业务状态,varchar(32),否,'DRAFT',否,否,,P1-内部,仅由状态机合法迁移,设计字段,P108
sjg_oms,media,public_opinion_case,舆情事项主表,主表,6,version_no,乐观锁版本,integer,否,0,否,否,,P1-内部,更新时version_no+1，冲突则拒绝,设计字段,P108
sjg_oms,media,public_opinion_case,舆情事项主表,主表,7,created_by,创建人,uuid,是,,否,否,org.employee.id,P1-内部,,设计字段,P108
sjg_oms,media,public_opinion_case,舆情事项主表,主表,8,created_at,创建时间,timestamptz,否,now(),否,否,,P1-内部,,设计字段,P108
sjg_oms,media,public_opinion_case,舆情事项主表,主表,9,updated_by,更新人,uuid,是,,否,否,org.employee.id,P1-内部,,设计字段,P108
sjg_oms,media,public_opinion_case,舆情事项主表,主表,10,updated_at,更新时间,timestamptz,否,now(),否,否,,P1-内部,,设计字段,P108
sjg_oms,media,public_opinion_case,舆情事项主表,主表,11,is_deleted,逻辑删除,boolean,否,false,否,否,,P1-内部,,设计字段,P108
sjg_oms,media,public_opinion_case,舆情事项主表,主表,12,deleted_at,删除时间,timestamptz,是,,否,否,,P1-内部,,设计字段,P108
sjg_oms,media,public_opinion_case,舆情事项主表,主表,13,source_channel,来源渠道,varchar(32),是,,否,否,,P1-内部,,设计字段,P108
sjg_oms,media,public_opinion_case,舆情事项主表,主表,14,business_date,业务日期,date,是,,否,否,,P1-内部,,设计字段,P108
sjg_oms,media,public_opinion_case,舆情事项主表,主表,15,subject,主题,varchar(255),是,,否,否,,P1-内部,,设计字段,P108
sjg_oms,media,public_opinion_case,舆情事项主表,主表,16,reason,原因,text,是,,否,否,,P1-内部,,设计字段,P108
sjg_oms,media,public_opinion_case,舆情事项主表,主表,17,priority,优先级,varchar(16),否,'NORMAL',否,否,,P1-内部,,设计字段,P108
sjg_oms,media,public_opinion_case,舆情事项主表,主表,18,risk_level,风险等级,varchar(16),是,,否,否,,P1-内部,,设计字段,P108
sjg_oms,media,public_opinion_case,舆情事项主表,主表,19,owner_center_id,归属中心,uuid,是,,否,否,org.organization.id,P1-内部,,设计字段,P108
sjg_oms,media,public_opinion_case,舆情事项主表,主表,20,owner_department_id,归属部门,uuid,是,,否,否,org.organization.id,P1-内部,,设计字段,P108
sjg_oms,media,public_opinion_case,舆情事项主表,主表,21,owner_employee_id,责任人,uuid,是,,否,否,org.employee.id,P1-内部,,设计字段,P108
sjg_oms,media,public_opinion_case,舆情事项主表,主表,22,planned_start_at,计划开始,timestamptz,是,,否,否,,P1-内部,,设计字段,P108
sjg_oms,media,public_opinion_case,舆情事项主表,主表,23,planned_finish_at,计划完成,timestamptz,是,,否,否,,P1-内部,,设计字段,P108
sjg_oms,media,public_opinion_case,舆情事项主表,主表,24,actual_start_at,实际开始,timestamptz,是,,否,否,,P1-内部,,设计字段,P108
sjg_oms,media,public_opinion_case,舆情事项主表,主表,25,actual_end_at,实际完成,timestamptz,是,,否,否,,P1-内部,,设计字段,P108
sjg_oms,media,public_opinion_case,舆情事项主表,主表,26,result_summary,结果摘要,text,是,,否,否,,P1-内部,,设计字段,P108
sjg_oms,media,public_opinion_case,舆情事项主表,主表,27,closed_at,关闭时间,timestamptz,是,,否,否,,P1-内部,,设计字段,P108
sjg_oms,media,public_opinion_case,舆情事项主表,主表,28,actual_amount,实际金额,"numeric(18,2)",是,,否,否,,P1-内部,,原始流程字段,P108
sjg_oms,media,public_opinion_case,舆情事项主表,主表,29,content_asset_no,内容/物料编号,varchar(64),否,,否,否,,P1-内部,,原始流程字段,P108
sjg_oms,media,public_opinion_case,舆情事项主表,主表,30,content_title,主题/标题,varchar(200),否,,否,否,,P1-内部,,原始流程字段,P108
sjg_oms,media,public_opinion_case,舆情事项主表,主表,31,content_type,内容类型,varchar(64),否,,否,否,,P1-内部,,原始流程字段,P108
sjg_oms,media,public_opinion_case,舆情事项主表,主表,32,copyright_info,版权授权信息,text,是,,否,否,,P1-内部,,原始流程字段,P108
sjg_oms,media,public_opinion_case,舆情事项主表,主表,33,incident_patrol_no,事件/巡检编号,varchar(64),否,,否,否,,P1-内部,,原始流程字段,P108
sjg_oms,media,public_opinion_case,舆情事项主表,主表,34,incident_type,事件类型,varchar(64),否,,否,否,,P1-内部,,原始流程字段,P108
sjg_oms,media,public_opinion_case,舆情事项主表,主表,35,planned_publish_at,计划发布时间,timestamptz,是,,否,否,,P1-内部,,原始流程字段,P108
sjg_oms,media,public_opinion_case,舆情事项主表,主表,36,review_points,品牌/事实审核要点,text,是,,否,否,,P1-内部,,原始流程字段,P108
sjg_oms,media,public_opinion_case,舆情事项主表,主表,37,script_copy,脚本/文案,text,是,,否,否,,P1-内部,,原始流程字段,P108
sjg_oms,media,public_opinion_case_item,舆情事项明细项,子表,1,id,主键ID,uuid,否,gen_random_uuid(),是,否,,P1-内部,,设计字段,P108
sjg_oms,media,public_opinion_case_item,舆情事项明细项,子表,2,tenant_id,租户ID,uuid,否,,否,否,core.tenant.id,P1-内部,所有业务唯一键必须包含tenant_id,设计字段,P108
sjg_oms,media,public_opinion_case_item,舆情事项明细项,子表,3,created_by,创建人,uuid,是,,否,否,org.employee.id,P1-内部,,设计字段,P108
sjg_oms,media,public_opinion_case_item,舆情事项明细项,子表,4,created_at,创建时间,timestamptz,否,now(),否,否,,P1-内部,,设计字段,P108
sjg_oms,media,public_opinion_case_item,舆情事项明细项,子表,5,updated_by,更新人,uuid,是,,否,否,org.employee.id,P1-内部,,设计字段,P108
sjg_oms,media,public_opinion_case_item,舆情事项明细项,子表,6,updated_at,更新时间,timestamptz,否,now(),否,否,,P1-内部,,设计字段,P108
sjg_oms,media,public_opinion_case_item,舆情事项明细项,子表,7,is_deleted,逻辑删除,boolean,否,false,否,否,,P1-内部,,设计字段,P108
sjg_oms,media,public_opinion_case_item,舆情事项明细项,子表,8,deleted_at,删除时间,timestamptz,是,,否,否,,P1-内部,,设计字段,P108
sjg_oms,media,public_opinion_case_item,舆情事项明细项,子表,9,master_id,主表ID,uuid,否,,否,否,media.public_opinion_case.id,P1-内部,,设计字段,P108
sjg_oms,media,public_opinion_case_item,舆情事项明细项,子表,10,field_code,来源字段编码,varchar(128),否,,否,否,,P1-内部,,设计字段,P108
sjg_oms,media,public_opinion_case_item,舆情事项明细项,子表,11,item_seq,明细序号,integer,否,0,否,否,,P1-内部,,设计字段,P108
sjg_oms,media,public_opinion_case_item,舆情事项明细项,子表,12,item_key,明细键,varchar(128),是,,否,否,,P1-内部,,设计字段,P108
sjg_oms,media,public_opinion_case_item,舆情事项明细项,子表,13,item_name,明细名称,varchar(255),是,,否,否,,P1-内部,,设计字段,P108
sjg_oms,media,public_opinion_case_item,舆情事项明细项,子表,14,item_value_text,文本值,text,是,,否,否,,P1-内部,,设计字段,P108
sjg_oms,media,public_opinion_case_item,舆情事项明细项,子表,15,item_value_number,数值,"numeric(24,8)",是,,否,否,,P1-内部,,设计字段,P108
sjg_oms,media,public_opinion_case_item,舆情事项明细项,子表,16,item_value_json,结构化值,jsonb,是,,否,否,,P1-内部,,设计字段,P108
sjg_oms,media,public_opinion_case_item,舆情事项明细项,子表,17,related_object_type,关联对象类型,varchar(128),是,,否,否,,P1-内部,,设计字段,P108
sjg_oms,media,public_opinion_case_item,舆情事项明细项,子表,18,related_object_id,关联对象ID,uuid,是,,否,否,,P1-内部,,设计字段,P108
sjg_oms,media,public_opinion_case_item,舆情事项明细项,子表,19,amount,金额,"numeric(18,2)",是,,否,否,,P1-内部,,设计字段,P108
sjg_oms,media,public_opinion_case_item,舆情事项明细项,子表,20,quantity,数量,"numeric(18,6)",是,,否,否,,P1-内部,,设计字段,P108
sjg_oms,media,public_opinion_case_item,舆情事项明细项,子表,21,sort_no,排序,integer,否,0,否,否,,P1-内部,,设计字段,P108
sjg_oms,media,short_video_release,短视频发布主表,主表,1,id,主键ID,uuid,否,gen_random_uuid(),是,否,,P1-内部,,设计字段,P105
sjg_oms,media,short_video_release,短视频发布主表,主表,2,tenant_id,租户ID,uuid,否,,否,否,core.tenant.id,P1-内部,所有业务唯一键必须包含tenant_id,设计字段,P105
sjg_oms,media,short_video_release,短视频发布主表,主表,3,business_no,业务单号,varchar(64),否,,否,是,,P1-内部,租户内唯一；由core.sequence_rule生成,设计字段,P105
sjg_oms,media,short_video_release,短视频发布主表,主表,4,workflow_instance_id,流程实例ID,uuid,是,,否,否,workflow.wf_instance.id,P1-内部,,设计字段,P105
sjg_oms,media,short_video_release,短视频发布主表,主表,5,status,业务状态,varchar(32),否,'DRAFT',否,否,,P1-内部,仅由状态机合法迁移,设计字段,P105
sjg_oms,media,short_video_release,短视频发布主表,主表,6,version_no,乐观锁版本,integer,否,0,否,否,,P1-内部,更新时version_no+1，冲突则拒绝,设计字段,P105
sjg_oms,media,short_video_release,短视频发布主表,主表,7,created_by,创建人,uuid,是,,否,否,org.employee.id,P1-内部,,设计字段,P105
sjg_oms,media,short_video_release,短视频发布主表,主表,8,created_at,创建时间,timestamptz,否,now(),否,否,,P1-内部,,设计字段,P105
sjg_oms,media,short_video_release,短视频发布主表,主表,9,updated_by,更新人,uuid,是,,否,否,org.employee.id,P1-内部,,设计字段,P105
sjg_oms,media,short_video_release,短视频发布主表,主表,10,updated_at,更新时间,timestamptz,否,now(),否,否,,P1-内部,,设计字段,P105
sjg_oms,media,short_video_release,短视频发布主表,主表,11,is_deleted,逻辑删除,boolean,否,false,否,否,,P1-内部,,设计字段,P105
sjg_oms,media,short_video_release,短视频发布主表,主表,12,deleted_at,删除时间,timestamptz,是,,否,否,,P1-内部,,设计字段,P105
sjg_oms,media,short_video_release,短视频发布主表,主表,13,source_channel,来源渠道,varchar(32),是,,否,否,,P1-内部,,设计字段,P105
sjg_oms,media,short_video_release,短视频发布主表,主表,14,business_date,业务日期,date,是,,否,否,,P1-内部,,设计字段,P105
sjg_oms,media,short_video_release,短视频发布主表,主表,15,subject,主题,varchar(255),是,,否,否,,P1-内部,,设计字段,P105
sjg_oms,media,short_video_release,短视频发布主表,主表,16,reason,原因,text,是,,否,否,,P1-内部,,设计字段,P105
sjg_oms,media,short_video_release,短视频发布主表,主表,17,priority,优先级,varchar(16),否,'NORMAL',否,否,,P1-内部,,设计字段,P105
sjg_oms,media,short_video_release,短视频发布主表,主表,18,risk_level,风险等级,varchar(16),是,,否,否,,P1-内部,,设计字段,P105
sjg_oms,media,short_video_release,短视频发布主表,主表,19,owner_center_id,归属中心,uuid,是,,否,否,org.organization.id,P1-内部,,设计字段,P105
sjg_oms,media,short_video_release,短视频发布主表,主表,20,owner_department_id,归属部门,uuid,是,,否,否,org.organization.id,P1-内部,,设计字段,P105
sjg_oms,media,short_video_release,短视频发布主表,主表,21,owner_employee_id,责任人,uuid,是,,否,否,org.employee.id,P1-内部,,设计字段,P105
sjg_oms,media,short_video_release,短视频发布主表,主表,22,planned_start_at,计划开始,timestamptz,是,,否,否,,P1-内部,,设计字段,P105
sjg_oms,media,short_video_release,短视频发布主表,主表,23,planned_finish_at,计划完成,timestamptz,是,,否,否,,P1-内部,,设计字段,P105
sjg_oms,media,short_video_release,短视频发布主表,主表,24,actual_start_at,实际开始,timestamptz,是,,否,否,,P1-内部,,设计字段,P105
sjg_oms,media,short_video_release,短视频发布主表,主表,25,actual_end_at,实际完成,timestamptz,是,,否,否,,P1-内部,,设计字段,P105
sjg_oms,media,short_video_release,短视频发布主表,主表,26,result_summary,结果摘要,text,是,,否,否,,P1-内部,,设计字段,P105
sjg_oms,media,short_video_release,短视频发布主表,主表,27,closed_at,关闭时间,timestamptz,是,,否,否,,P1-内部,,设计字段,P105
sjg_oms,media,short_video_release,短视频发布主表,主表,28,actual_amount,实际金额,"numeric(18,2)",是,,否,否,,P1-内部,,原始流程字段,P105
sjg_oms,media,short_video_release,短视频发布主表,主表,29,content_asset_no,内容/物料编号,varchar(64),否,,否,否,,P1-内部,,原始流程字段,P105
sjg_oms,media,short_video_release,短视频发布主表,主表,30,content_title,主题/标题,varchar(200),否,,否,否,,P1-内部,,原始流程字段,P105
sjg_oms,media,short_video_release,短视频发布主表,主表,31,content_type,内容类型,varchar(64),否,,否,否,,P1-内部,,原始流程字段,P105
sjg_oms,media,short_video_release,短视频发布主表,主表,32,copyright_info,版权授权信息,text,是,,否,否,,P1-内部,,原始流程字段,P105
sjg_oms,media,short_video_release,短视频发布主表,主表,33,planned_publish_at,计划发布时间,timestamptz,是,,否,否,,P1-内部,,原始流程字段,P105
sjg_oms,media,short_video_release,短视频发布主表,主表,34,review_points,品牌/事实审核要点,text,是,,否,否,,P1-内部,,原始流程字段,P105
sjg_oms,media,short_video_release,短视频发布主表,主表,35,script_copy,脚本/文案,text,是,,否,否,,P1-内部,,原始流程字段,P105
sjg_oms,media,short_video_release_item,短视频发布明细项,子表,1,id,主键ID,uuid,否,gen_random_uuid(),是,否,,P1-内部,,设计字段,P105
sjg_oms,media,short_video_release_item,短视频发布明细项,子表,2,tenant_id,租户ID,uuid,否,,否,否,core.tenant.id,P1-内部,所有业务唯一键必须包含tenant_id,设计字段,P105
sjg_oms,media,short_video_release_item,短视频发布明细项,子表,3,created_by,创建人,uuid,是,,否,否,org.employee.id,P1-内部,,设计字段,P105
sjg_oms,media,short_video_release_item,短视频发布明细项,子表,4,created_at,创建时间,timestamptz,否,now(),否,否,,P1-内部,,设计字段,P105
sjg_oms,media,short_video_release_item,短视频发布明细项,子表,5,updated_by,更新人,uuid,是,,否,否,org.employee.id,P1-内部,,设计字段,P105
sjg_oms,media,short_video_release_item,短视频发布明细项,子表,6,updated_at,更新时间,timestamptz,否,now(),否,否,,P1-内部,,设计字段,P105
sjg_oms,media,short_video_release_item,短视频发布明细项,子表,7,is_deleted,逻辑删除,boolean,否,false,否,否,,P1-内部,,设计字段,P105
sjg_oms,media,short_video_release_item,短视频发布明细项,子表,8,deleted_at,删除时间,timestamptz,是,,否,否,,P1-内部,,设计字段,P105
sjg_oms,media,short_video_release_item,短视频发布明细项,子表,9,master_id,主表ID,uuid,否,,否,否,media.short_video_release.id,P1-内部,,设计字段,P105
sjg_oms,media,short_video_release_item,短视频发布明细项,子表,10,field_code,来源字段编码,varchar(128),否,,否,否,,P1-内部,,设计字段,P105
sjg_oms,media,short_video_release_item,短视频发布明细项,子表,11,item_seq,明细序号,integer,否,0,否,否,,P1-内部,,设计字段,P105
sjg_oms,media,short_video_release_item,短视频发布明细项,子表,12,item_key,明细键,varchar(128),是,,否,否,,P1-内部,,设计字段,P105
sjg_oms,media,short_video_release_item,短视频发布明细项,子表,13,item_name,明细名称,varchar(255),是,,否,否,,P1-内部,,设计字段,P105
sjg_oms,media,short_video_release_item,短视频发布明细项,子表,14,item_value_text,文本值,text,是,,否,否,,P1-内部,,设计字段,P105
sjg_oms,media,short_video_release_item,短视频发布明细项,子表,15,item_value_number,数值,"numeric(24,8)",是,,否,否,,P1-内部,,设计字段,P105
sjg_oms,media,short_video_release_item,短视频发布明细项,子表,16,item_value_json,结构化值,jsonb,是,,否,否,,P1-内部,,设计字段,P105
sjg_oms,media,short_video_release_item,短视频发布明细项,子表,17,related_object_type,关联对象类型,varchar(128),是,,否,否,,P1-内部,,设计字段,P105
sjg_oms,media,short_video_release_item,短视频发布明细项,子表,18,related_object_id,关联对象ID,uuid,是,,否,否,,P1-内部,,设计字段,P105
sjg_oms,media,short_video_release_item,短视频发布明细项,子表,19,amount,金额,"numeric(18,2)",是,,否,否,,P1-内部,,设计字段,P105
sjg_oms,media,short_video_release_item,短视频发布明细项,子表,20,quantity,数量,"numeric(18,6)",是,,否,否,,P1-内部,,设计字段,P105
sjg_oms,media,short_video_release_item,短视频发布明细项,子表,21,sort_no,排序,integer,否,0,否,否,,P1-内部,,设计字段,P105
sjg_oms,merchant,merchant_admission,商户准入主表,主表,1,id,主键ID,uuid,否,gen_random_uuid(),是,否,,P1-内部,,设计字段,P069
sjg_oms,merchant,merchant_admission,商户准入主表,主表,2,tenant_id,租户ID,uuid,否,,否,否,core.tenant.id,P1-内部,所有业务唯一键必须包含tenant_id,设计字段,P069
sjg_oms,merchant,merchant_admission,商户准入主表,主表,3,business_no,业务单号,varchar(64),否,,否,是,,P1-内部,租户内唯一；由core.sequence_rule生成,设计字段,P069
sjg_oms,merchant,merchant_admission,商户准入主表,主表,4,workflow_instance_id,流程实例ID,uuid,是,,否,否,workflow.wf_instance.id,P1-内部,,设计字段,P069
sjg_oms,merchant,merchant_admission,商户准入主表,主表,5,status,业务状态,varchar(32),否,'DRAFT',否,否,,P1-内部,仅由状态机合法迁移,设计字段,P069
sjg_oms,merchant,merchant_admission,商户准入主表,主表,6,version_no,乐观锁版本,integer,否,0,否,否,,P1-内部,更新时version_no+1，冲突则拒绝,设计字段,P069
sjg_oms,merchant,merchant_admission,商户准入主表,主表,7,created_by,创建人,uuid,是,,否,否,org.employee.id,P1-内部,,设计字段,P069
sjg_oms,merchant,merchant_admission,商户准入主表,主表,8,created_at,创建时间,timestamptz,否,now(),否,否,,P1-内部,,设计字段,P069
sjg_oms,merchant,merchant_admission,商户准入主表,主表,9,updated_by,更新人,uuid,是,,否,否,org.employee.id,P1-内部,,设计字段,P069
sjg_oms,merchant,merchant_admission,商户准入主表,主表,10,updated_at,更新时间,timestamptz,否,now(),否,否,,P1-内部,,设计字段,P069
sjg_oms,merchant,merchant_admission,商户准入主表,主表,11,is_deleted,逻辑删除,boolean,否,false,否,否,,P1-内部,,设计字段,P069
sjg_oms,merchant,merchant_admission,商户准入主表,主表,12,deleted_at,删除时间,timestamptz,是,,否,否,,P1-内部,,设计字段,P069
sjg_oms,merchant,merchant_admission,商户准入主表,主表,13,source_channel,来源渠道,varchar(32),是,,否,否,,P1-内部,,设计字段,P069
sjg_oms,merchant,merchant_admission,商户准入主表,主表,14,business_date,业务日期,date,是,,否,否,,P1-内部,,设计字段,P069
sjg_oms,merchant,merchant_admission,商户准入主表,主表,15,subject,主题,varchar(255),是,,否,否,,P1-内部,,设计字段,P069
sjg_oms,merchant,merchant_admission,商户准入主表,主表,16,reason,原因,text,是,,否,否,,P1-内部,,设计字段,P069
sjg_oms,merchant,merchant_admission,商户准入主表,主表,17,priority,优先级,varchar(16),否,'NORMAL',否,否,,P1-内部,,设计字段,P069
sjg_oms,merchant,merchant_admission,商户准入主表,主表,18,risk_level,风险等级,varchar(16),是,,否,否,,P1-内部,,设计字段,P069
sjg_oms,merchant,merchant_admission,商户准入主表,主表,19,owner_center_id,归属中心,uuid,是,,否,否,org.organization.id,P1-内部,,设计字段,P069
sjg_oms,merchant,merchant_admission,商户准入主表,主表,20,owner_department_id,归属部门,uuid,是,,否,否,org.organization.id,P1-内部,,设计字段,P069
sjg_oms,merchant,merchant_admission,商户准入主表,主表,21,owner_employee_id,责任人,uuid,是,,否,否,org.employee.id,P1-内部,,设计字段,P069
sjg_oms,merchant,merchant_admission,商户准入主表,主表,22,planned_start_at,计划开始,timestamptz,是,,否,否,,P1-内部,,设计字段,P069
sjg_oms,merchant,merchant_admission,商户准入主表,主表,23,planned_finish_at,计划完成,timestamptz,是,,否,否,,P1-内部,,设计字段,P069
sjg_oms,merchant,merchant_admission,商户准入主表,主表,24,actual_start_at,实际开始,timestamptz,是,,否,否,,P1-内部,,设计字段,P069
sjg_oms,merchant,merchant_admission,商户准入主表,主表,25,actual_end_at,实际完成,timestamptz,是,,否,否,,P1-内部,,设计字段,P069
sjg_oms,merchant,merchant_admission,商户准入主表,主表,26,result_summary,结果摘要,text,是,,否,否,,P1-内部,,设计字段,P069
sjg_oms,merchant,merchant_admission,商户准入主表,主表,27,closed_at,关闭时间,timestamptz,是,,否,否,,P1-内部,,设计字段,P069
sjg_oms,merchant,merchant_admission,商户准入主表,主表,28,actual_amount,实际金额,"numeric(18,2)",是,,否,否,,P1-内部,,原始流程字段,P069
sjg_oms,merchant,merchant_admission,商户准入主表,主表,29,document_type,文档类型,varchar(64),否,,否,否,,P1-内部,,原始流程字段,P069
sjg_oms,merchant,merchant_admission,商户准入主表,主表,30,fee_status,租金/费用状态,varchar(64),是,,否,否,,P1-内部,,原始流程字段,P069
sjg_oms,merchant,merchant_admission,商户准入主表,主表,31,merchant_category,经营品类,varchar(64),否,,否,否,,P1-内部,,原始流程字段,P069
sjg_oms,merchant,merchant_admission,商户准入主表,主表,32,merchant_contract_no,合同编号,varchar(64),是,,否,否,,P1-内部,,原始流程字段,P069
sjg_oms,merchant,merchant_admission,商户准入主表,主表,33,merchant_id,商户编号,varchar(32),否,,否,否,,P1-内部,,原始流程字段,P069
sjg_oms,merchant,merchant_admission,商户准入主表,主表,34,merchant_location_id,经营位置,varchar(64),否,,否,否,,P1-内部,,原始流程字段,P069
sjg_oms,merchant,merchant_admission,商户准入主表,主表,35,merchant_name,商户名称,varchar(200),否,,否,否,,P1-内部,,原始流程字段,P069
sjg_oms,merchant,merchant_admission,商户准入主表,主表,36,merchant_rectification_due,整改期限,timestamptz,是,,否,否,,P1-内部,,原始流程字段,P069
sjg_oms,merchant,merchant_admission_item,商户准入明细项,子表,1,id,主键ID,uuid,否,gen_random_uuid(),是,否,,P1-内部,,设计字段,P069
sjg_oms,merchant,merchant_admission_item,商户准入明细项,子表,2,tenant_id,租户ID,uuid,否,,否,否,core.tenant.id,P1-内部,所有业务唯一键必须包含tenant_id,设计字段,P069
sjg_oms,merchant,merchant_admission_item,商户准入明细项,子表,3,created_by,创建人,uuid,是,,否,否,org.employee.id,P1-内部,,设计字段,P069
sjg_oms,merchant,merchant_admission_item,商户准入明细项,子表,4,created_at,创建时间,timestamptz,否,now(),否,否,,P1-内部,,设计字段,P069
sjg_oms,merchant,merchant_admission_item,商户准入明细项,子表,5,updated_by,更新人,uuid,是,,否,否,org.employee.id,P1-内部,,设计字段,P069
sjg_oms,merchant,merchant_admission_item,商户准入明细项,子表,6,updated_at,更新时间,timestamptz,否,now(),否,否,,P1-内部,,设计字段,P069
sjg_oms,merchant,merchant_admission_item,商户准入明细项,子表,7,is_deleted,逻辑删除,boolean,否,false,否,否,,P1-内部,,设计字段,P069
sjg_oms,merchant,merchant_admission_item,商户准入明细项,子表,8,deleted_at,删除时间,timestamptz,是,,否,否,,P1-内部,,设计字段,P069
sjg_oms,merchant,merchant_admission_item,商户准入明细项,子表,9,master_id,主表ID,uuid,否,,否,否,merchant.merchant_admission.id,P1-内部,,设计字段,P069
sjg_oms,merchant,merchant_admission_item,商户准入明细项,子表,10,field_code,来源字段编码,varchar(128),否,,否,否,,P1-内部,,设计字段,P069
sjg_oms,merchant,merchant_admission_item,商户准入明细项,子表,11,item_seq,明细序号,integer,否,0,否,否,,P1-内部,,设计字段,P069
sjg_oms,merchant,merchant_admission_item,商户准入明细项,子表,12,item_key,明细键,varchar(128),是,,否,否,,P1-内部,,设计字段,P069
sjg_oms,merchant,merchant_admission_item,商户准入明细项,子表,13,item_name,明细名称,varchar(255),是,,否,否,,P1-内部,,设计字段,P069
sjg_oms,merchant,merchant_admission_item,商户准入明细项,子表,14,item_value_text,文本值,text,是,,否,否,,P1-内部,,设计字段,P069
sjg_oms,merchant,merchant_admission_item,商户准入明细项,子表,15,item_value_number,数值,"numeric(24,8)",是,,否,否,,P1-内部,,设计字段,P069
sjg_oms,merchant,merchant_admission_item,商户准入明细项,子表,16,item_value_json,结构化值,jsonb,是,,否,否,,P1-内部,,设计字段,P069
sjg_oms,merchant,merchant_admission_item,商户准入明细项,子表,17,related_object_type,关联对象类型,varchar(128),是,,否,否,,P1-内部,,设计字段,P069
sjg_oms,merchant,merchant_admission_item,商户准入明细项,子表,18,related_object_id,关联对象ID,uuid,是,,否,否,,P1-内部,,设计字段,P069
sjg_oms,merchant,merchant_admission_item,商户准入明细项,子表,19,amount,金额,"numeric(18,2)",是,,否,否,,P1-内部,,设计字段,P069
sjg_oms,merchant,merchant_admission_item,商户准入明细项,子表,20,quantity,数量,"numeric(18,6)",是,,否,否,,P1-内部,,设计字段,P069
sjg_oms,merchant,merchant_admission_item,商户准入明细项,子表,21,sort_no,排序,integer,否,0,否,否,,P1-内部,,设计字段,P069
sjg_oms,merchant,merchant_exit,商户退场主表,主表,1,id,主键ID,uuid,否,gen_random_uuid(),是,否,,P1-内部,,设计字段,P071
sjg_oms,merchant,merchant_exit,商户退场主表,主表,2,tenant_id,租户ID,uuid,否,,否,否,core.tenant.id,P1-内部,所有业务唯一键必须包含tenant_id,设计字段,P071
sjg_oms,merchant,merchant_exit,商户退场主表,主表,3,business_no,业务单号,varchar(64),否,,否,是,,P1-内部,租户内唯一；由core.sequence_rule生成,设计字段,P071
sjg_oms,merchant,merchant_exit,商户退场主表,主表,4,workflow_instance_id,流程实例ID,uuid,是,,否,否,workflow.wf_instance.id,P1-内部,,设计字段,P071
sjg_oms,merchant,merchant_exit,商户退场主表,主表,5,status,业务状态,varchar(32),否,'DRAFT',否,否,,P1-内部,仅由状态机合法迁移,设计字段,P071
sjg_oms,merchant,merchant_exit,商户退场主表,主表,6,version_no,乐观锁版本,integer,否,0,否,否,,P1-内部,更新时version_no+1，冲突则拒绝,设计字段,P071
sjg_oms,merchant,merchant_exit,商户退场主表,主表,7,created_by,创建人,uuid,是,,否,否,org.employee.id,P1-内部,,设计字段,P071
sjg_oms,merchant,merchant_exit,商户退场主表,主表,8,created_at,创建时间,timestamptz,否,now(),否,否,,P1-内部,,设计字段,P071
sjg_oms,merchant,merchant_exit,商户退场主表,主表,9,updated_by,更新人,uuid,是,,否,否,org.employee.id,P1-内部,,设计字段,P071
sjg_oms,merchant,merchant_exit,商户退场主表,主表,10,updated_at,更新时间,timestamptz,否,now(),否,否,,P1-内部,,设计字段,P071
sjg_oms,merchant,merchant_exit,商户退场主表,主表,11,is_deleted,逻辑删除,boolean,否,false,否,否,,P1-内部,,设计字段,P071
sjg_oms,merchant,merchant_exit,商户退场主表,主表,12,deleted_at,删除时间,timestamptz,是,,否,否,,P1-内部,,设计字段,P071
sjg_oms,merchant,merchant_exit,商户退场主表,主表,13,source_channel,来源渠道,varchar(32),是,,否,否,,P1-内部,,设计字段,P071
sjg_oms,merchant,merchant_exit,商户退场主表,主表,14,business_date,业务日期,date,是,,否,否,,P1-内部,,设计字段,P071
sjg_oms,merchant,merchant_exit,商户退场主表,主表,15,subject,主题,varchar(255),是,,否,否,,P1-内部,,设计字段,P071
sjg_oms,merchant,merchant_exit,商户退场主表,主表,16,reason,原因,text,是,,否,否,,P1-内部,,设计字段,P071
sjg_oms,merchant,merchant_exit,商户退场主表,主表,17,priority,优先级,varchar(16),否,'NORMAL',否,否,,P1-内部,,设计字段,P071
sjg_oms,merchant,merchant_exit,商户退场主表,主表,18,risk_level,风险等级,varchar(16),是,,否,否,,P1-内部,,设计字段,P071
sjg_oms,merchant,merchant_exit,商户退场主表,主表,19,owner_center_id,归属中心,uuid,是,,否,否,org.organization.id,P1-内部,,设计字段,P071
sjg_oms,merchant,merchant_exit,商户退场主表,主表,20,owner_department_id,归属部门,uuid,是,,否,否,org.organization.id,P1-内部,,设计字段,P071
sjg_oms,merchant,merchant_exit,商户退场主表,主表,21,owner_employee_id,责任人,uuid,是,,否,否,org.employee.id,P1-内部,,设计字段,P071
sjg_oms,merchant,merchant_exit,商户退场主表,主表,22,planned_start_at,计划开始,timestamptz,是,,否,否,,P1-内部,,设计字段,P071
sjg_oms,merchant,merchant_exit,商户退场主表,主表,23,planned_finish_at,计划完成,timestamptz,是,,否,否,,P1-内部,,设计字段,P071
sjg_oms,merchant,merchant_exit,商户退场主表,主表,24,actual_start_at,实际开始,timestamptz,是,,否,否,,P1-内部,,设计字段,P071
sjg_oms,merchant,merchant_exit,商户退场主表,主表,25,actual_end_at,实际完成,timestamptz,是,,否,否,,P1-内部,,设计字段,P071
sjg_oms,merchant,merchant_exit,商户退场主表,主表,26,result_summary,结果摘要,text,是,,否,否,,P1-内部,,设计字段,P071
sjg_oms,merchant,merchant_exit,商户退场主表,主表,27,closed_at,关闭时间,timestamptz,是,,否,否,,P1-内部,,设计字段,P071
sjg_oms,merchant,merchant_exit,商户退场主表,主表,28,actual_amount,实际金额,"numeric(18,2)",是,,否,否,,P1-内部,,原始流程字段,P071
sjg_oms,merchant,merchant_exit,商户退场主表,主表,29,document_type,文档类型,varchar(64),否,,否,否,,P1-内部,,原始流程字段,P071
sjg_oms,merchant,merchant_exit,商户退场主表,主表,30,fee_status,租金/费用状态,varchar(64),是,,否,否,,P1-内部,,原始流程字段,P071
sjg_oms,merchant,merchant_exit,商户退场主表,主表,31,merchant_category,经营品类,varchar(64),否,,否,否,,P1-内部,,原始流程字段,P071
sjg_oms,merchant,merchant_exit,商户退场主表,主表,32,merchant_contract_no,合同编号,varchar(64),是,,否,否,,P1-内部,,原始流程字段,P071
sjg_oms,merchant,merchant_exit,商户退场主表,主表,33,merchant_id,商户编号,varchar(32),否,,否,否,,P1-内部,,原始流程字段,P071
sjg_oms,merchant,merchant_exit,商户退场主表,主表,34,merchant_location_id,经营位置,varchar(64),否,,否,否,,P1-内部,,原始流程字段,P071
sjg_oms,merchant,merchant_exit,商户退场主表,主表,35,merchant_name,商户名称,varchar(200),否,,否,否,,P1-内部,,原始流程字段,P071
sjg_oms,merchant,merchant_exit,商户退场主表,主表,36,merchant_rectification_due,整改期限,timestamptz,是,,否,否,,P1-内部,,原始流程字段,P071
sjg_oms,merchant,merchant_exit_item,商户退场明细项,子表,1,id,主键ID,uuid,否,gen_random_uuid(),是,否,,P1-内部,,设计字段,P071
sjg_oms,merchant,merchant_exit_item,商户退场明细项,子表,2,tenant_id,租户ID,uuid,否,,否,否,core.tenant.id,P1-内部,所有业务唯一键必须包含tenant_id,设计字段,P071
sjg_oms,merchant,merchant_exit_item,商户退场明细项,子表,3,created_by,创建人,uuid,是,,否,否,org.employee.id,P1-内部,,设计字段,P071
sjg_oms,merchant,merchant_exit_item,商户退场明细项,子表,4,created_at,创建时间,timestamptz,否,now(),否,否,,P1-内部,,设计字段,P071
sjg_oms,merchant,merchant_exit_item,商户退场明细项,子表,5,updated_by,更新人,uuid,是,,否,否,org.employee.id,P1-内部,,设计字段,P071
sjg_oms,merchant,merchant_exit_item,商户退场明细项,子表,6,updated_at,更新时间,timestamptz,否,now(),否,否,,P1-内部,,设计字段,P071
sjg_oms,merchant,merchant_exit_item,商户退场明细项,子表,7,is_deleted,逻辑删除,boolean,否,false,否,否,,P1-内部,,设计字段,P071
sjg_oms,merchant,merchant_exit_item,商户退场明细项,子表,8,deleted_at,删除时间,timestamptz,是,,否,否,,P1-内部,,设计字段,P071
sjg_oms,merchant,merchant_exit_item,商户退场明细项,子表,9,master_id,主表ID,uuid,否,,否,否,merchant.merchant_exit.id,P1-内部,,设计字段,P071
sjg_oms,merchant,merchant_exit_item,商户退场明细项,子表,10,field_code,来源字段编码,varchar(128),否,,否,否,,P1-内部,,设计字段,P071
sjg_oms,merchant,merchant_exit_item,商户退场明细项,子表,11,item_seq,明细序号,integer,否,0,否,否,,P1-内部,,设计字段,P071
sjg_oms,merchant,merchant_exit_item,商户退场明细项,子表,12,item_key,明细键,varchar(128),是,,否,否,,P1-内部,,设计字段,P071
sjg_oms,merchant,merchant_exit_item,商户退场明细项,子表,13,item_name,明细名称,varchar(255),是,,否,否,,P1-内部,,设计字段,P071
sjg_oms,merchant,merchant_exit_item,商户退场明细项,子表,14,item_value_text,文本值,text,是,,否,否,,P1-内部,,设计字段,P071
sjg_oms,merchant,merchant_exit_item,商户退场明细项,子表,15,item_value_number,数值,"numeric(24,8)",是,,否,否,,P1-内部,,设计字段,P071
sjg_oms,merchant,merchant_exit_item,商户退场明细项,子表,16,item_value_json,结构化值,jsonb,是,,否,否,,P1-内部,,设计字段,P071
sjg_oms,merchant,merchant_exit_item,商户退场明细项,子表,17,related_object_type,关联对象类型,varchar(128),是,,否,否,,P1-内部,,设计字段,P071
sjg_oms,merchant,merchant_exit_item,商户退场明细项,子表,18,related_object_id,关联对象ID,uuid,是,,否,否,,P1-内部,,设计字段,P071
sjg_oms,merchant,merchant_exit_item,商户退场明细项,子表,19,amount,金额,"numeric(18,2)",是,,否,否,,P1-内部,,设计字段,P071
sjg_oms,merchant,merchant_exit_item,商户退场明细项,子表,20,quantity,数量,"numeric(18,6)",是,,否,否,,P1-内部,,设计字段,P071
sjg_oms,merchant,merchant_exit_item,商户退场明细项,子表,21,sort_no,排序,integer,否,0,否,否,,P1-内部,,设计字段,P071
sjg_oms,merchant,merchant_inspection,商户巡检主表,主表,1,id,主键ID,uuid,否,gen_random_uuid(),是,否,,P1-内部,,设计字段,P070
sjg_oms,merchant,merchant_inspection,商户巡检主表,主表,2,tenant_id,租户ID,uuid,否,,否,否,core.tenant.id,P1-内部,所有业务唯一键必须包含tenant_id,设计字段,P070
sjg_oms,merchant,merchant_inspection,商户巡检主表,主表,3,business_no,业务单号,varchar(64),否,,否,是,,P1-内部,租户内唯一；由core.sequence_rule生成,设计字段,P070
sjg_oms,merchant,merchant_inspection,商户巡检主表,主表,4,workflow_instance_id,流程实例ID,uuid,是,,否,否,workflow.wf_instance.id,P1-内部,,设计字段,P070
sjg_oms,merchant,merchant_inspection,商户巡检主表,主表,5,status,业务状态,varchar(32),否,'DRAFT',否,否,,P1-内部,仅由状态机合法迁移,设计字段,P070
sjg_oms,merchant,merchant_inspection,商户巡检主表,主表,6,version_no,乐观锁版本,integer,否,0,否,否,,P1-内部,更新时version_no+1，冲突则拒绝,设计字段,P070
sjg_oms,merchant,merchant_inspection,商户巡检主表,主表,7,created_by,创建人,uuid,是,,否,否,org.employee.id,P1-内部,,设计字段,P070
sjg_oms,merchant,merchant_inspection,商户巡检主表,主表,8,created_at,创建时间,timestamptz,否,now(),否,否,,P1-内部,,设计字段,P070
sjg_oms,merchant,merchant_inspection,商户巡检主表,主表,9,updated_by,更新人,uuid,是,,否,否,org.employee.id,P1-内部,,设计字段,P070
sjg_oms,merchant,merchant_inspection,商户巡检主表,主表,10,updated_at,更新时间,timestamptz,否,now(),否,否,,P1-内部,,设计字段,P070
sjg_oms,merchant,merchant_inspection,商户巡检主表,主表,11,is_deleted,逻辑删除,boolean,否,false,否,否,,P1-内部,,设计字段,P070
sjg_oms,merchant,merchant_inspection,商户巡检主表,主表,12,deleted_at,删除时间,timestamptz,是,,否,否,,P1-内部,,设计字段,P070
sjg_oms,merchant,merchant_inspection,商户巡检主表,主表,13,source_channel,来源渠道,varchar(32),是,,否,否,,P1-内部,,设计字段,P070
sjg_oms,merchant,merchant_inspection,商户巡检主表,主表,14,business_date,业务日期,date,是,,否,否,,P1-内部,,设计字段,P070
sjg_oms,merchant,merchant_inspection,商户巡检主表,主表,15,subject,主题,varchar(255),是,,否,否,,P1-内部,,设计字段,P070
sjg_oms,merchant,merchant_inspection,商户巡检主表,主表,16,reason,原因,text,是,,否,否,,P1-内部,,设计字段,P070
sjg_oms,merchant,merchant_inspection,商户巡检主表,主表,17,priority,优先级,varchar(16),否,'NORMAL',否,否,,P1-内部,,设计字段,P070
sjg_oms,merchant,merchant_inspection,商户巡检主表,主表,18,risk_level,风险等级,varchar(16),是,,否,否,,P1-内部,,设计字段,P070
sjg_oms,merchant,merchant_inspection,商户巡检主表,主表,19,owner_center_id,归属中心,uuid,是,,否,否,org.organization.id,P1-内部,,设计字段,P070
sjg_oms,merchant,merchant_inspection,商户巡检主表,主表,20,owner_department_id,归属部门,uuid,是,,否,否,org.organization.id,P1-内部,,设计字段,P070
sjg_oms,merchant,merchant_inspection,商户巡检主表,主表,21,owner_employee_id,责任人,uuid,是,,否,否,org.employee.id,P1-内部,,设计字段,P070
sjg_oms,merchant,merchant_inspection,商户巡检主表,主表,22,planned_start_at,计划开始,timestamptz,是,,否,否,,P1-内部,,设计字段,P070
sjg_oms,merchant,merchant_inspection,商户巡检主表,主表,23,planned_finish_at,计划完成,timestamptz,是,,否,否,,P1-内部,,设计字段,P070
sjg_oms,merchant,merchant_inspection,商户巡检主表,主表,24,actual_start_at,实际开始,timestamptz,是,,否,否,,P1-内部,,设计字段,P070
sjg_oms,merchant,merchant_inspection,商户巡检主表,主表,25,actual_end_at,实际完成,timestamptz,是,,否,否,,P1-内部,,设计字段,P070
sjg_oms,merchant,merchant_inspection,商户巡检主表,主表,26,result_summary,结果摘要,text,是,,否,否,,P1-内部,,设计字段,P070
sjg_oms,merchant,merchant_inspection,商户巡检主表,主表,27,closed_at,关闭时间,timestamptz,是,,否,否,,P1-内部,,设计字段,P070
sjg_oms,merchant,merchant_inspection,商户巡检主表,主表,28,actual_amount,实际金额,"numeric(18,2)",是,,否,否,,P1-内部,,原始流程字段,P070
sjg_oms,merchant,merchant_inspection,商户巡检主表,主表,29,fee_status,租金/费用状态,varchar(64),是,,否,否,,P1-内部,,原始流程字段,P070
sjg_oms,merchant,merchant_inspection,商户巡检主表,主表,30,merchant_category,经营品类,varchar(64),否,,否,否,,P1-内部,,原始流程字段,P070
sjg_oms,merchant,merchant_inspection,商户巡检主表,主表,31,merchant_contract_no,合同编号,varchar(64),是,,否,否,,P1-内部,,原始流程字段,P070
sjg_oms,merchant,merchant_inspection,商户巡检主表,主表,32,merchant_id,商户编号,varchar(32),否,,否,否,,P1-内部,,原始流程字段,P070
sjg_oms,merchant,merchant_inspection,商户巡检主表,主表,33,merchant_location_id,经营位置,varchar(64),否,,否,否,,P1-内部,,原始流程字段,P070
sjg_oms,merchant,merchant_inspection,商户巡检主表,主表,34,merchant_name,商户名称,varchar(200),否,,否,否,,P1-内部,,原始流程字段,P070
sjg_oms,merchant,merchant_inspection,商户巡检主表,主表,35,merchant_rectification_due,整改期限,timestamptz,是,,否,否,,P1-内部,,原始流程字段,P070
sjg_oms,merchant,merchant_inspection_item,商户巡检明细项,子表,1,id,主键ID,uuid,否,gen_random_uuid(),是,否,,P1-内部,,设计字段,P070
sjg_oms,merchant,merchant_inspection_item,商户巡检明细项,子表,2,tenant_id,租户ID,uuid,否,,否,否,core.tenant.id,P1-内部,所有业务唯一键必须包含tenant_id,设计字段,P070
sjg_oms,merchant,merchant_inspection_item,商户巡检明细项,子表,3,created_by,创建人,uuid,是,,否,否,org.employee.id,P1-内部,,设计字段,P070
sjg_oms,merchant,merchant_inspection_item,商户巡检明细项,子表,4,created_at,创建时间,timestamptz,否,now(),否,否,,P1-内部,,设计字段,P070
sjg_oms,merchant,merchant_inspection_item,商户巡检明细项,子表,5,updated_by,更新人,uuid,是,,否,否,org.employee.id,P1-内部,,设计字段,P070
sjg_oms,merchant,merchant_inspection_item,商户巡检明细项,子表,6,updated_at,更新时间,timestamptz,否,now(),否,否,,P1-内部,,设计字段,P070
sjg_oms,merchant,merchant_inspection_item,商户巡检明细项,子表,7,is_deleted,逻辑删除,boolean,否,false,否,否,,P1-内部,,设计字段,P070
sjg_oms,merchant,merchant_inspection_item,商户巡检明细项,子表,8,deleted_at,删除时间,timestamptz,是,,否,否,,P1-内部,,设计字段,P070
sjg_oms,merchant,merchant_inspection_item,商户巡检明细项,子表,9,master_id,主表ID,uuid,否,,否,否,merchant.merchant_inspection.id,P1-内部,,设计字段,P070
sjg_oms,merchant,merchant_inspection_item,商户巡检明细项,子表,10,field_code,来源字段编码,varchar(128),否,,否,否,,P1-内部,,设计字段,P070
sjg_oms,merchant,merchant_inspection_item,商户巡检明细项,子表,11,item_seq,明细序号,integer,否,0,否,否,,P1-内部,,设计字段,P070
sjg_oms,merchant,merchant_inspection_item,商户巡检明细项,子表,12,item_key,明细键,varchar(128),是,,否,否,,P1-内部,,设计字段,P070
sjg_oms,merchant,merchant_inspection_item,商户巡检明细项,子表,13,item_name,明细名称,varchar(255),是,,否,否,,P1-内部,,设计字段,P070
sjg_oms,merchant,merchant_inspection_item,商户巡检明细项,子表,14,item_value_text,文本值,text,是,,否,否,,P1-内部,,设计字段,P070
sjg_oms,merchant,merchant_inspection_item,商户巡检明细项,子表,15,item_value_number,数值,"numeric(24,8)",是,,否,否,,P1-内部,,设计字段,P070
sjg_oms,merchant,merchant_inspection_item,商户巡检明细项,子表,16,item_value_json,结构化值,jsonb,是,,否,否,,P1-内部,,设计字段,P070
sjg_oms,merchant,merchant_inspection_item,商户巡检明细项,子表,17,related_object_type,关联对象类型,varchar(128),是,,否,否,,P1-内部,,设计字段,P070
sjg_oms,merchant,merchant_inspection_item,商户巡检明细项,子表,18,related_object_id,关联对象ID,uuid,是,,否,否,,P1-内部,,设计字段,P070
sjg_oms,merchant,merchant_inspection_item,商户巡检明细项,子表,19,amount,金额,"numeric(18,2)",是,,否,否,,P1-内部,,设计字段,P070
sjg_oms,merchant,merchant_inspection_item,商户巡检明细项,子表,20,quantity,数量,"numeric(18,6)",是,,否,否,,P1-内部,,设计字段,P070
sjg_oms,merchant,merchant_inspection_item,商户巡检明细项,子表,21,sort_no,排序,integer,否,0,否,否,,P1-内部,,设计字段,P070
sjg_oms,notification,message,消息主表,主表,1,id,主键ID,uuid,否,gen_random_uuid(),是,否,,P1-内部,,设计字段,
sjg_oms,notification,message,消息主表,主表,2,tenant_id,租户ID,uuid,否,,否,否,core.tenant.id,P1-内部,所有业务唯一键必须包含tenant_id,设计字段,
sjg_oms,notification,message,消息主表,主表,3,created_by,创建人,uuid,是,,否,否,org.employee.id,P1-内部,,设计字段,
sjg_oms,notification,message,消息主表,主表,4,created_at,创建时间,timestamptz,否,now(),否,否,,P1-内部,,设计字段,
sjg_oms,notification,message,消息主表,主表,5,updated_by,更新人,uuid,是,,否,否,org.employee.id,P1-内部,,设计字段,
sjg_oms,notification,message,消息主表,主表,6,updated_at,更新时间,timestamptz,否,now(),否,否,,P1-内部,,设计字段,
sjg_oms,notification,message,消息主表,主表,7,is_deleted,逻辑删除,boolean,否,false,否,否,,P1-内部,,设计字段,
sjg_oms,notification,message,消息主表,主表,8,deleted_at,删除时间,timestamptz,是,,否,否,,P1-内部,,设计字段,
sjg_oms,notification,message,消息主表,主表,9,message_no,消息编号,varchar(64),否,,否,是,,P1-内部,,设计字段,
sjg_oms,notification,message,消息主表,主表,10,template_id,模板ID,uuid,是,,否,否,notification.template.id,P1-内部,,设计字段,
sjg_oms,notification,message,消息主表,主表,11,recipient_type,接收人类型,varchar(32),否,,否,否,,P1-内部,,设计字段,
sjg_oms,notification,message,消息主表,主表,12,recipient_id,接收人ID,uuid,是,,否,否,,P1-内部,,设计字段,
sjg_oms,notification,message,消息主表,主表,13,channel,渠道,varchar(32),否,,否,否,,P1-内部,,设计字段,
sjg_oms,notification,message,消息主表,主表,14,title,标题,varchar(255),是,,否,否,,P1-内部,,设计字段,
sjg_oms,notification,message,消息主表,主表,15,body,正文,text,否,,否,否,,P1-内部,,设计字段,
sjg_oms,notification,message,消息主表,主表,16,status,状态,varchar(32),否,'PENDING',否,否,,P1-内部,,设计字段,
sjg_oms,notification,message,消息主表,主表,17,scheduled_at,计划发送时间,timestamptz,是,,否,否,,P1-内部,,设计字段,
sjg_oms,notification,message,消息主表,主表,18,sent_at,发送时间,timestamptz,是,,否,否,,P1-内部,,设计字段,
sjg_oms,notification,template,消息模板表,配置表,1,id,主键ID,uuid,否,gen_random_uuid(),是,否,,P1-内部,,设计字段,
sjg_oms,notification,template,消息模板表,配置表,2,tenant_id,租户ID,uuid,否,,否,否,core.tenant.id,P1-内部,所有业务唯一键必须包含tenant_id,设计字段,
sjg_oms,notification,template,消息模板表,配置表,3,created_by,创建人,uuid,是,,否,否,org.employee.id,P1-内部,,设计字段,
sjg_oms,notification,template,消息模板表,配置表,4,created_at,创建时间,timestamptz,否,now(),否,否,,P1-内部,,设计字段,
sjg_oms,notification,template,消息模板表,配置表,5,updated_by,更新人,uuid,是,,否,否,org.employee.id,P1-内部,,设计字段,
sjg_oms,notification,template,消息模板表,配置表,6,updated_at,更新时间,timestamptz,否,now(),否,否,,P1-内部,,设计字段,
sjg_oms,notification,template,消息模板表,配置表,7,is_deleted,逻辑删除,boolean,否,false,否,否,,P1-内部,,设计字段,
sjg_oms,notification,template,消息模板表,配置表,8,deleted_at,删除时间,timestamptz,是,,否,否,,P1-内部,,设计字段,
sjg_oms,notification,template,消息模板表,配置表,9,template_code,模板编码,varchar(64),否,,否,是,,P1-内部,,设计字段,
sjg_oms,notification,template,消息模板表,配置表,10,channel,渠道,varchar(32),否,,否,否,,P1-内部,,设计字段,
sjg_oms,notification,template,消息模板表,配置表,11,title_template,标题模板,text,是,,否,否,,P1-内部,,设计字段,
sjg_oms,notification,template,消息模板表,配置表,12,body_template,正文模板,text,否,,否,否,,P1-内部,,设计字段,
sjg_oms,notification,template,消息模板表,配置表,13,variables_schema,变量Schema,jsonb,是,,否,否,,P1-内部,,设计字段,
sjg_oms,notification,template,消息模板表,配置表,14,enabled,启用,boolean,否,true,否,否,,P1-内部,,设计字段,
sjg_oms,org,employee,员工主表,主数据表,1,id,主键ID,uuid,否,gen_random_uuid(),是,否,,P1-内部,,设计字段,
sjg_oms,org,employee,员工主表,主数据表,2,tenant_id,租户ID,uuid,否,,否,否,core.tenant.id,P1-内部,所有业务唯一键必须包含tenant_id,设计字段,
sjg_oms,org,employee,员工主表,主数据表,3,created_by,创建人,uuid,是,,否,否,org.employee.id,P1-内部,,设计字段,
sjg_oms,org,employee,员工主表,主数据表,4,created_at,创建时间,timestamptz,否,now(),否,否,,P1-内部,,设计字段,
sjg_oms,org,employee,员工主表,主数据表,5,updated_by,更新人,uuid,是,,否,否,org.employee.id,P1-内部,,设计字段,
sjg_oms,org,employee,员工主表,主数据表,6,updated_at,更新时间,timestamptz,否,now(),否,否,,P1-内部,,设计字段,
sjg_oms,org,employee,员工主表,主数据表,7,is_deleted,逻辑删除,boolean,否,false,否,否,,P1-内部,,设计字段,
sjg_oms,org,employee,员工主表,主数据表,8,deleted_at,删除时间,timestamptz,是,,否,否,,P1-内部,,设计字段,
sjg_oms,org,employee,员工主表,主数据表,9,employee_no,员工编号,varchar(64),否,,否,是,,P1-内部,,设计字段,
sjg_oms,org,employee,员工主表,主数据表,10,person_name,姓名,varchar(128),否,,否,否,,P2-个人,,设计字段,
sjg_oms,org,employee,员工主表,主数据表,11,id_no_cipher,证件号密文,bytea,是,,否,否,,P3-高度敏感,,设计字段,
sjg_oms,org,employee,员工主表,主数据表,12,id_no_hash,证件号哈希,varchar(128),是,,否,否,,P1-内部,,设计字段,
sjg_oms,org,employee,员工主表,主数据表,13,mobile_cipher,手机号密文,bytea,是,,否,否,,P2-个人,,设计字段,
sjg_oms,org,employee,员工主表,主数据表,14,employment_status,在职状态,varchar(32),否,,否,否,,P1-内部,,设计字段,
sjg_oms,org,employee,员工主表,主数据表,15,hire_date,入职日期,date,是,,否,否,,P1-内部,,设计字段,
sjg_oms,org,employee,员工主表,主数据表,16,leave_date,离职日期,date,是,,否,否,,P1-内部,,设计字段,
sjg_oms,org,employee,员工主表,主数据表,17,primary_org_id,主组织ID,uuid,是,,否,否,org.organization.id,P1-内部,,设计字段,
sjg_oms,org,employee,员工主表,主数据表,18,primary_position_id,主岗位ID,uuid,是,,否,否,org.position.id,P1-内部,,设计字段,
sjg_oms,org,employee_position,员工任职表,关系表,1,id,主键ID,uuid,否,gen_random_uuid(),是,否,,P1-内部,,设计字段,
sjg_oms,org,employee_position,员工任职表,关系表,2,tenant_id,租户ID,uuid,否,,否,否,core.tenant.id,P1-内部,所有业务唯一键必须包含tenant_id,设计字段,
sjg_oms,org,employee_position,员工任职表,关系表,3,created_by,创建人,uuid,是,,否,否,org.employee.id,P1-内部,,设计字段,
sjg_oms,org,employee_position,员工任职表,关系表,4,created_at,创建时间,timestamptz,否,now(),否,否,,P1-内部,,设计字段,
sjg_oms,org,employee_position,员工任职表,关系表,5,updated_by,更新人,uuid,是,,否,否,org.employee.id,P1-内部,,设计字段,
sjg_oms,org,employee_position,员工任职表,关系表,6,updated_at,更新时间,timestamptz,否,now(),否,否,,P1-内部,,设计字段,
sjg_oms,org,employee_position,员工任职表,关系表,7,is_deleted,逻辑删除,boolean,否,false,否,否,,P1-内部,,设计字段,
sjg_oms,org,employee_position,员工任职表,关系表,8,deleted_at,删除时间,timestamptz,是,,否,否,,P1-内部,,设计字段,
sjg_oms,org,employee_position,员工任职表,关系表,9,employee_id,员工ID,uuid,否,,否,否,org.employee.id,P1-内部,,设计字段,
sjg_oms,org,employee_position,员工任职表,关系表,10,position_id,岗位ID,uuid,否,,否,否,org.position.id,P1-内部,,设计字段,
sjg_oms,org,employee_position,员工任职表,关系表,11,org_id,组织ID,uuid,否,,否,否,org.organization.id,P1-内部,,设计字段,
sjg_oms,org,employee_position,员工任职表,关系表,12,is_primary,主岗位,boolean,否,false,否,否,,P1-内部,,设计字段,
sjg_oms,org,employee_position,员工任职表,关系表,13,effective_start_date,开始日期,date,否,,否,否,,P1-内部,,设计字段,
sjg_oms,org,employee_position,员工任职表,关系表,14,effective_end_date,结束日期,date,是,,否,否,,P1-内部,,设计字段,
sjg_oms,org,employee_position,员工任职表,关系表,15,status,状态,varchar(32),否,'ACTIVE',否,否,,P1-内部,,设计字段,
sjg_oms,org,organization,组织机构表,主数据表,1,id,主键ID,uuid,否,gen_random_uuid(),是,否,,P1-内部,,设计字段,
sjg_oms,org,organization,组织机构表,主数据表,2,tenant_id,租户ID,uuid,否,,否,否,core.tenant.id,P1-内部,所有业务唯一键必须包含tenant_id,设计字段,
sjg_oms,org,organization,组织机构表,主数据表,3,created_by,创建人,uuid,是,,否,否,org.employee.id,P1-内部,,设计字段,
sjg_oms,org,organization,组织机构表,主数据表,4,created_at,创建时间,timestamptz,否,now(),否,否,,P1-内部,,设计字段,
sjg_oms,org,organization,组织机构表,主数据表,5,updated_by,更新人,uuid,是,,否,否,org.employee.id,P1-内部,,设计字段,
sjg_oms,org,organization,组织机构表,主数据表,6,updated_at,更新时间,timestamptz,否,now(),否,否,,P1-内部,,设计字段,
sjg_oms,org,organization,组织机构表,主数据表,7,is_deleted,逻辑删除,boolean,否,false,否,否,,P1-内部,,设计字段,
sjg_oms,org,organization,组织机构表,主数据表,8,deleted_at,删除时间,timestamptz,是,,否,否,,P1-内部,,设计字段,
sjg_oms,org,organization,组织机构表,主数据表,9,org_code,组织编码,varchar(64),否,,否,是,,P1-内部,,设计字段,
sjg_oms,org,organization,组织机构表,主数据表,10,org_name,组织名称,varchar(128),否,,否,否,,P1-内部,,设计字段,
sjg_oms,org,organization,组织机构表,主数据表,11,org_type,组织类型,varchar(32),否,,否,否,,P1-内部,,设计字段,
sjg_oms,org,organization,组织机构表,主数据表,12,parent_id,上级组织ID,uuid,是,,否,否,org.organization.id,P1-内部,,设计字段,
sjg_oms,org,organization,组织机构表,主数据表,13,path,组织路径,ltree,是,,否,否,,P1-内部,,设计字段,
sjg_oms,org,organization,组织机构表,主数据表,14,manager_employee_id,负责人ID,uuid,是,,否,否,,P1-内部,,设计字段,
sjg_oms,org,organization,组织机构表,主数据表,15,status,状态,varchar(32),否,'ACTIVE',否,否,,P1-内部,,设计字段,
sjg_oms,org,position,岗位表,主数据表,1,id,主键ID,uuid,否,gen_random_uuid(),是,否,,P1-内部,,设计字段,
sjg_oms,org,position,岗位表,主数据表,2,tenant_id,租户ID,uuid,否,,否,否,core.tenant.id,P1-内部,所有业务唯一键必须包含tenant_id,设计字段,
sjg_oms,org,position,岗位表,主数据表,3,created_by,创建人,uuid,是,,否,否,org.employee.id,P1-内部,,设计字段,
sjg_oms,org,position,岗位表,主数据表,4,created_at,创建时间,timestamptz,否,now(),否,否,,P1-内部,,设计字段,
sjg_oms,org,position,岗位表,主数据表,5,updated_by,更新人,uuid,是,,否,否,org.employee.id,P1-内部,,设计字段,
sjg_oms,org,position,岗位表,主数据表,6,updated_at,更新时间,timestamptz,否,now(),否,否,,P1-内部,,设计字段,
sjg_oms,org,position,岗位表,主数据表,7,is_deleted,逻辑删除,boolean,否,false,否,否,,P1-内部,,设计字段,
sjg_oms,org,position,岗位表,主数据表,8,deleted_at,删除时间,timestamptz,是,,否,否,,P1-内部,,设计字段,
sjg_oms,org,position,岗位表,主数据表,9,position_code,岗位编码,varchar(64),否,,否,是,,P1-内部,,设计字段,
sjg_oms,org,position,岗位表,主数据表,10,position_name,岗位名称,varchar(128),否,,否,否,,P1-内部,,设计字段,
sjg_oms,org,position,岗位表,主数据表,11,org_id,所属组织,uuid,否,,否,否,org.organization.id,P1-内部,,设计字段,
sjg_oms,org,position,岗位表,主数据表,12,grade_id,职级ID,uuid,是,,否,否,,P1-内部,,设计字段,
sjg_oms,org,position,岗位表,主数据表,13,status,状态,varchar(32),否,'ACTIVE',否,否,,P1-内部,,设计字段,
sjg_oms,performance,performance_cycle,绩效周期主表,主表,1,id,主键ID,uuid,否,gen_random_uuid(),是,否,,P1-内部,,设计字段,P011
sjg_oms,performance,performance_cycle,绩效周期主表,主表,2,tenant_id,租户ID,uuid,否,,否,否,core.tenant.id,P1-内部,所有业务唯一键必须包含tenant_id,设计字段,P011
sjg_oms,performance,performance_cycle,绩效周期主表,主表,3,business_no,业务单号,varchar(64),否,,否,是,,P1-内部,租户内唯一；由core.sequence_rule生成,设计字段,P011
sjg_oms,performance,performance_cycle,绩效周期主表,主表,4,workflow_instance_id,流程实例ID,uuid,是,,否,否,workflow.wf_instance.id,P1-内部,,设计字段,P011
sjg_oms,performance,performance_cycle,绩效周期主表,主表,5,status,业务状态,varchar(32),否,'DRAFT',否,否,,P1-内部,仅由状态机合法迁移,设计字段,P011
sjg_oms,performance,performance_cycle,绩效周期主表,主表,6,version_no,乐观锁版本,integer,否,0,否,否,,P1-内部,更新时version_no+1，冲突则拒绝,设计字段,P011
sjg_oms,performance,performance_cycle,绩效周期主表,主表,7,created_by,创建人,uuid,是,,否,否,org.employee.id,P1-内部,,设计字段,P011
sjg_oms,performance,performance_cycle,绩效周期主表,主表,8,created_at,创建时间,timestamptz,否,now(),否,否,,P1-内部,,设计字段,P011
sjg_oms,performance,performance_cycle,绩效周期主表,主表,9,updated_by,更新人,uuid,是,,否,否,org.employee.id,P1-内部,,设计字段,P011
sjg_oms,performance,performance_cycle,绩效周期主表,主表,10,updated_at,更新时间,timestamptz,否,now(),否,否,,P1-内部,,设计字段,P011
sjg_oms,performance,performance_cycle,绩效周期主表,主表,11,is_deleted,逻辑删除,boolean,否,false,否,否,,P1-内部,,设计字段,P011
sjg_oms,performance,performance_cycle,绩效周期主表,主表,12,deleted_at,删除时间,timestamptz,是,,否,否,,P1-内部,,设计字段,P011
sjg_oms,performance,performance_cycle,绩效周期主表,主表,13,source_channel,来源渠道,varchar(32),是,,否,否,,P1-内部,,设计字段,P011
sjg_oms,performance,performance_cycle,绩效周期主表,主表,14,business_date,业务日期,date,是,,否,否,,P1-内部,,设计字段,P011
sjg_oms,performance,performance_cycle,绩效周期主表,主表,15,subject,主题,varchar(255),是,,否,否,,P1-内部,,设计字段,P011
sjg_oms,performance,performance_cycle,绩效周期主表,主表,16,reason,原因,text,是,,否,否,,P1-内部,,设计字段,P011
sjg_oms,performance,performance_cycle,绩效周期主表,主表,17,priority,优先级,varchar(16),否,'NORMAL',否,否,,P1-内部,,设计字段,P011
sjg_oms,performance,performance_cycle,绩效周期主表,主表,18,risk_level,风险等级,varchar(16),是,,否,否,,P1-内部,,设计字段,P011
sjg_oms,performance,performance_cycle,绩效周期主表,主表,19,owner_center_id,归属中心,uuid,是,,否,否,org.organization.id,P1-内部,,设计字段,P011
sjg_oms,performance,performance_cycle,绩效周期主表,主表,20,owner_department_id,归属部门,uuid,是,,否,否,org.organization.id,P1-内部,,设计字段,P011
sjg_oms,performance,performance_cycle,绩效周期主表,主表,21,owner_employee_id,责任人,uuid,是,,否,否,org.employee.id,P1-内部,,设计字段,P011
sjg_oms,performance,performance_cycle,绩效周期主表,主表,22,planned_start_at,计划开始,timestamptz,是,,否,否,,P1-内部,,设计字段,P011
sjg_oms,performance,performance_cycle,绩效周期主表,主表,23,planned_finish_at,计划完成,timestamptz,是,,否,否,,P1-内部,,设计字段,P011
sjg_oms,performance,performance_cycle,绩效周期主表,主表,24,actual_start_at,实际开始,timestamptz,是,,否,否,,P1-内部,,设计字段,P011
sjg_oms,performance,performance_cycle,绩效周期主表,主表,25,actual_end_at,实际完成,timestamptz,是,,否,否,,P1-内部,,设计字段,P011
sjg_oms,performance,performance_cycle,绩效周期主表,主表,26,result_summary,结果摘要,text,是,,否,否,,P1-内部,,设计字段,P011
sjg_oms,performance,performance_cycle,绩效周期主表,主表,27,closed_at,关闭时间,timestamptz,是,,否,否,,P1-内部,,设计字段,P011
sjg_oms,performance,performance_cycle,绩效周期主表,主表,28,actual_amount,实际金额,"numeric(18,2)",是,,否,否,,P1-内部,,原始流程字段,P011
sjg_oms,performance,performance_cycle,绩效周期主表,主表,29,appeal_status,申诉/复核状态,varchar(64),是,,否,否,,P1-内部,,原始流程字段,P011
sjg_oms,performance,performance_cycle,绩效周期主表,主表,30,completion_rate,完成进度,"numeric(9,6)",是,,否,否,,P1-内部,0-100,原始流程字段,P011
sjg_oms,performance,performance_cycle,绩效周期主表,主表,31,content_version,目标/课程版本,varchar(32),否,,否,否,,P1-内部,,原始流程字段,P011
sjg_oms,performance,performance_cycle,绩效周期主表,主表,32,employee_event_type,事件类型,varchar(64),否,,否,否,,P1-内部,,原始流程字段,P011
sjg_oms,performance,performance_cycle,绩效周期主表,主表,33,fact_occurred_at,事实发生时间,timestamptz,否,,否,否,,P1-内部,,原始流程字段,P011
sjg_oms,performance,performance_cycle,绩效周期主表,主表,34,period_or_course_no,周期/课程编号,varchar(32),否,,否,否,,P1-内部,,原始流程字段,P011
sjg_oms,performance,performance_cycle,绩效周期主表,主表,35,practical_result,实操认证结果,varchar(64),是,,否,否,,P1-内部,,原始流程字段,P011
sjg_oms,performance,performance_cycle,绩效周期主表,主表,36,qualification_effective_date,资格生效日期,date,是,,否,否,,P1-内部,,原始流程字段,P011
sjg_oms,performance,performance_cycle,绩效周期主表,主表,37,qualification_expire_date,资格到期日期,date,是,,否,否,,P1-内部,,原始流程字段,P011
sjg_oms,performance,performance_cycle,绩效周期主表,主表,38,score_1000,考试/评价分（1000分）,bigint,是,,否,否,,P1-内部,0-1000,原始流程字段,P011
sjg_oms,planning,change_request,策划方案变更主表,主表,1,id,主键ID,uuid,否,gen_random_uuid(),是,否,,P1-内部,,设计字段,P099
sjg_oms,planning,change_request,策划方案变更主表,主表,2,tenant_id,租户ID,uuid,否,,否,否,core.tenant.id,P1-内部,所有业务唯一键必须包含tenant_id,设计字段,P099
sjg_oms,planning,change_request,策划方案变更主表,主表,3,business_no,业务单号,varchar(64),否,,否,是,,P1-内部,租户内唯一；由core.sequence_rule生成,设计字段,P099
sjg_oms,planning,change_request,策划方案变更主表,主表,4,workflow_instance_id,流程实例ID,uuid,是,,否,否,workflow.wf_instance.id,P1-内部,,设计字段,P099
sjg_oms,planning,change_request,策划方案变更主表,主表,5,status,业务状态,varchar(32),否,'DRAFT',否,否,,P1-内部,仅由状态机合法迁移,设计字段,P099
sjg_oms,planning,change_request,策划方案变更主表,主表,6,version_no,乐观锁版本,integer,否,0,否,否,,P1-内部,更新时version_no+1，冲突则拒绝,设计字段,P099
sjg_oms,planning,change_request,策划方案变更主表,主表,7,created_by,创建人,uuid,是,,否,否,org.employee.id,P1-内部,,设计字段,P099
sjg_oms,planning,change_request,策划方案变更主表,主表,8,created_at,创建时间,timestamptz,否,now(),否,否,,P1-内部,,设计字段,P099
sjg_oms,planning,change_request,策划方案变更主表,主表,9,updated_by,更新人,uuid,是,,否,否,org.employee.id,P1-内部,,设计字段,P099
sjg_oms,planning,change_request,策划方案变更主表,主表,10,updated_at,更新时间,timestamptz,否,now(),否,否,,P1-内部,,设计字段,P099
sjg_oms,planning,change_request,策划方案变更主表,主表,11,is_deleted,逻辑删除,boolean,否,false,否,否,,P1-内部,,设计字段,P099
sjg_oms,planning,change_request,策划方案变更主表,主表,12,deleted_at,删除时间,timestamptz,是,,否,否,,P1-内部,,设计字段,P099
sjg_oms,planning,change_request,策划方案变更主表,主表,13,source_channel,来源渠道,varchar(32),是,,否,否,,P1-内部,,设计字段,P099
sjg_oms,planning,change_request,策划方案变更主表,主表,14,business_date,业务日期,date,是,,否,否,,P1-内部,,设计字段,P099
sjg_oms,planning,change_request,策划方案变更主表,主表,15,subject,主题,varchar(255),是,,否,否,,P1-内部,,设计字段,P099
sjg_oms,planning,change_request,策划方案变更主表,主表,16,reason,原因,text,是,,否,否,,P1-内部,,设计字段,P099
sjg_oms,planning,change_request,策划方案变更主表,主表,17,priority,优先级,varchar(16),否,'NORMAL',否,否,,P1-内部,,设计字段,P099
sjg_oms,planning,change_request,策划方案变更主表,主表,18,risk_level,风险等级,varchar(16),是,,否,否,,P1-内部,,设计字段,P099
sjg_oms,planning,change_request,策划方案变更主表,主表,19,owner_center_id,归属中心,uuid,是,,否,否,org.organization.id,P1-内部,,设计字段,P099
sjg_oms,planning,change_request,策划方案变更主表,主表,20,owner_department_id,归属部门,uuid,是,,否,否,org.organization.id,P1-内部,,设计字段,P099
sjg_oms,planning,change_request,策划方案变更主表,主表,21,owner_employee_id,责任人,uuid,是,,否,否,org.employee.id,P1-内部,,设计字段,P099
sjg_oms,planning,change_request,策划方案变更主表,主表,22,planned_start_at,计划开始,timestamptz,是,,否,否,,P1-内部,,设计字段,P099
sjg_oms,planning,change_request,策划方案变更主表,主表,23,planned_finish_at,计划完成,timestamptz,是,,否,否,,P1-内部,,设计字段,P099
sjg_oms,planning,change_request,策划方案变更主表,主表,24,actual_start_at,实际开始,timestamptz,是,,否,否,,P1-内部,,设计字段,P099
sjg_oms,planning,change_request,策划方案变更主表,主表,25,actual_end_at,实际完成,timestamptz,是,,否,否,,P1-内部,,设计字段,P099
sjg_oms,planning,change_request,策划方案变更主表,主表,26,result_summary,结果摘要,text,是,,否,否,,P1-内部,,设计字段,P099
sjg_oms,planning,change_request,策划方案变更主表,主表,27,closed_at,关闭时间,timestamptz,是,,否,否,,P1-内部,,设计字段,P099
sjg_oms,planning,change_request,策划方案变更主表,主表,28,actual_amount,实际金额,"numeric(18,2)",是,,否,否,,P1-内部,,原始流程字段,P099
sjg_oms,planning,change_request,策划方案变更主表,主表,29,budget_item_id,预算项目,varchar(32),是,,否,否,,P1-内部,,原始流程字段,P099
sjg_oms,planning,change_request,策划方案变更主表,主表,30,change_action,操作类型,varchar(64),否,,否,否,,P1-内部,,原始流程字段,P099
sjg_oms,planning,change_request,策划方案变更主表,主表,31,change_reason,变更原因,text,否,,否,否,,P1-内部,,原始流程字段,P099
sjg_oms,planning,change_request,策划方案变更主表,主表,32,content_asset_no,内容/物料编号,varchar(64),否,,否,否,,P1-内部,,原始流程字段,P099
sjg_oms,planning,change_request,策划方案变更主表,主表,33,content_title,主题/标题,varchar(200),否,,否,否,,P1-内部,,原始流程字段,P099
sjg_oms,planning,change_request,策划方案变更主表,主表,34,content_type,内容类型,varchar(64),否,,否,否,,P1-内部,,原始流程字段,P099
sjg_oms,planning,change_request,策划方案变更主表,主表,35,copyright_info,版权授权信息,text,是,,否,否,,P1-内部,,原始流程字段,P099
sjg_oms,planning,change_request,策划方案变更主表,主表,36,cost_center_id,成本中心,varchar(32),否,,否,否,,P1-内部,,原始流程字段,P099
sjg_oms,planning,change_request,策划方案变更主表,主表,37,expected_effective_at,期望生效时间,timestamptz,是,,否,否,,P1-内部,,原始流程字段,P099
sjg_oms,planning,change_request,策划方案变更主表,主表,38,known_impact,已知影响,text,是,,否,否,,P1-内部,,原始流程字段,P099
sjg_oms,planning,change_request,策划方案变更主表,主表,39,planned_publish_at,计划发布时间,timestamptz,是,,否,否,,P1-内部,,原始流程字段,P099
sjg_oms,planning,change_request,策划方案变更主表,主表,40,review_points,品牌/事实审核要点,text,是,,否,否,,P1-内部,,原始流程字段,P099
sjg_oms,planning,change_request,策划方案变更主表,主表,41,script_copy,脚本/文案,text,是,,否,否,,P1-内部,,原始流程字段,P099
sjg_oms,planning,change_request_item,策划方案变更明细项,子表,1,id,主键ID,uuid,否,gen_random_uuid(),是,否,,P1-内部,,设计字段,P099
sjg_oms,planning,change_request_item,策划方案变更明细项,子表,2,tenant_id,租户ID,uuid,否,,否,否,core.tenant.id,P1-内部,所有业务唯一键必须包含tenant_id,设计字段,P099
sjg_oms,planning,change_request_item,策划方案变更明细项,子表,3,created_by,创建人,uuid,是,,否,否,org.employee.id,P1-内部,,设计字段,P099
sjg_oms,planning,change_request_item,策划方案变更明细项,子表,4,created_at,创建时间,timestamptz,否,now(),否,否,,P1-内部,,设计字段,P099
sjg_oms,planning,change_request_item,策划方案变更明细项,子表,5,updated_by,更新人,uuid,是,,否,否,org.employee.id,P1-内部,,设计字段,P099
sjg_oms,planning,change_request_item,策划方案变更明细项,子表,6,updated_at,更新时间,timestamptz,否,now(),否,否,,P1-内部,,设计字段,P099
sjg_oms,planning,change_request_item,策划方案变更明细项,子表,7,is_deleted,逻辑删除,boolean,否,false,否,否,,P1-内部,,设计字段,P099
sjg_oms,planning,change_request_item,策划方案变更明细项,子表,8,deleted_at,删除时间,timestamptz,是,,否,否,,P1-内部,,设计字段,P099
sjg_oms,planning,change_request_item,策划方案变更明细项,子表,9,master_id,主表ID,uuid,否,,否,否,planning.change_request.id,P1-内部,,设计字段,P099
sjg_oms,planning,change_request_item,策划方案变更明细项,子表,10,field_code,来源字段编码,varchar(128),否,,否,否,,P1-内部,,设计字段,P099
sjg_oms,planning,change_request_item,策划方案变更明细项,子表,11,item_seq,明细序号,integer,否,0,否,否,,P1-内部,,设计字段,P099
sjg_oms,planning,change_request_item,策划方案变更明细项,子表,12,item_key,明细键,varchar(128),是,,否,否,,P1-内部,,设计字段,P099
sjg_oms,planning,change_request_item,策划方案变更明细项,子表,13,item_name,明细名称,varchar(255),是,,否,否,,P1-内部,,设计字段,P099
sjg_oms,planning,change_request_item,策划方案变更明细项,子表,14,item_value_text,文本值,text,是,,否,否,,P1-内部,,设计字段,P099
sjg_oms,planning,change_request_item,策划方案变更明细项,子表,15,item_value_number,数值,"numeric(24,8)",是,,否,否,,P1-内部,,设计字段,P099
sjg_oms,planning,change_request_item,策划方案变更明细项,子表,16,item_value_json,结构化值,jsonb,是,,否,否,,P1-内部,,设计字段,P099
sjg_oms,planning,change_request_item,策划方案变更明细项,子表,17,related_object_type,关联对象类型,varchar(128),是,,否,否,,P1-内部,,设计字段,P099
sjg_oms,planning,change_request_item,策划方案变更明细项,子表,18,related_object_id,关联对象ID,uuid,是,,否,否,,P1-内部,,设计字段,P099
sjg_oms,planning,change_request_item,策划方案变更明细项,子表,19,amount,金额,"numeric(18,2)",是,,否,否,,P1-内部,,设计字段,P099
sjg_oms,planning,change_request_item,策划方案变更明细项,子表,20,quantity,数量,"numeric(18,6)",是,,否,否,,P1-内部,,设计字段,P099
sjg_oms,planning,change_request_item,策划方案变更明细项,子表,21,sort_no,排序,integer,否,0,否,否,,P1-内部,,设计字段,P099
sjg_oms,planning,event_handover,活动策划移交主表,主表,1,id,主键ID,uuid,否,gen_random_uuid(),是,否,,P1-内部,,设计字段,P100
sjg_oms,planning,event_handover,活动策划移交主表,主表,2,tenant_id,租户ID,uuid,否,,否,否,core.tenant.id,P1-内部,所有业务唯一键必须包含tenant_id,设计字段,P100
sjg_oms,planning,event_handover,活动策划移交主表,主表,3,business_no,业务单号,varchar(64),否,,否,是,,P1-内部,租户内唯一；由core.sequence_rule生成,设计字段,P100
sjg_oms,planning,event_handover,活动策划移交主表,主表,4,workflow_instance_id,流程实例ID,uuid,是,,否,否,workflow.wf_instance.id,P1-内部,,设计字段,P100
sjg_oms,planning,event_handover,活动策划移交主表,主表,5,status,业务状态,varchar(32),否,'DRAFT',否,否,,P1-内部,仅由状态机合法迁移,设计字段,P100
sjg_oms,planning,event_handover,活动策划移交主表,主表,6,version_no,乐观锁版本,integer,否,0,否,否,,P1-内部,更新时version_no+1，冲突则拒绝,设计字段,P100
sjg_oms,planning,event_handover,活动策划移交主表,主表,7,created_by,创建人,uuid,是,,否,否,org.employee.id,P1-内部,,设计字段,P100
sjg_oms,planning,event_handover,活动策划移交主表,主表,8,created_at,创建时间,timestamptz,否,now(),否,否,,P1-内部,,设计字段,P100
sjg_oms,planning,event_handover,活动策划移交主表,主表,9,updated_by,更新人,uuid,是,,否,否,org.employee.id,P1-内部,,设计字段,P100
sjg_oms,planning,event_handover,活动策划移交主表,主表,10,updated_at,更新时间,timestamptz,否,now(),否,否,,P1-内部,,设计字段,P100
sjg_oms,planning,event_handover,活动策划移交主表,主表,11,is_deleted,逻辑删除,boolean,否,false,否,否,,P1-内部,,设计字段,P100
sjg_oms,planning,event_handover,活动策划移交主表,主表,12,deleted_at,删除时间,timestamptz,是,,否,否,,P1-内部,,设计字段,P100
sjg_oms,planning,event_handover,活动策划移交主表,主表,13,source_channel,来源渠道,varchar(32),是,,否,否,,P1-内部,,设计字段,P100
sjg_oms,planning,event_handover,活动策划移交主表,主表,14,business_date,业务日期,date,是,,否,否,,P1-内部,,设计字段,P100
sjg_oms,planning,event_handover,活动策划移交主表,主表,15,subject,主题,varchar(255),是,,否,否,,P1-内部,,设计字段,P100
sjg_oms,planning,event_handover,活动策划移交主表,主表,16,reason,原因,text,是,,否,否,,P1-内部,,设计字段,P100
sjg_oms,planning,event_handover,活动策划移交主表,主表,17,priority,优先级,varchar(16),否,'NORMAL',否,否,,P1-内部,,设计字段,P100
sjg_oms,planning,event_handover,活动策划移交主表,主表,18,risk_level,风险等级,varchar(16),是,,否,否,,P1-内部,,设计字段,P100
sjg_oms,planning,event_handover,活动策划移交主表,主表,19,owner_center_id,归属中心,uuid,是,,否,否,org.organization.id,P1-内部,,设计字段,P100
sjg_oms,planning,event_handover,活动策划移交主表,主表,20,owner_department_id,归属部门,uuid,是,,否,否,org.organization.id,P1-内部,,设计字段,P100
sjg_oms,planning,event_handover,活动策划移交主表,主表,21,owner_employee_id,责任人,uuid,是,,否,否,org.employee.id,P1-内部,,设计字段,P100
sjg_oms,planning,event_handover,活动策划移交主表,主表,22,planned_start_at,计划开始,timestamptz,是,,否,否,,P1-内部,,设计字段,P100
sjg_oms,planning,event_handover,活动策划移交主表,主表,23,planned_finish_at,计划完成,timestamptz,是,,否,否,,P1-内部,,设计字段,P100
sjg_oms,planning,event_handover,活动策划移交主表,主表,24,actual_start_at,实际开始,timestamptz,是,,否,否,,P1-内部,,设计字段,P100
sjg_oms,planning,event_handover,活动策划移交主表,主表,25,actual_end_at,实际完成,timestamptz,是,,否,否,,P1-内部,,设计字段,P100
sjg_oms,planning,event_handover,活动策划移交主表,主表,26,result_summary,结果摘要,text,是,,否,否,,P1-内部,,设计字段,P100
sjg_oms,planning,event_handover,活动策划移交主表,主表,27,closed_at,关闭时间,timestamptz,是,,否,否,,P1-内部,,设计字段,P100
sjg_oms,planning,event_handover,活动策划移交主表,主表,28,actual_amount,实际金额,"numeric(18,2)",是,,否,否,,P1-内部,,原始流程字段,P100
sjg_oms,planning,event_handover,活动策划移交主表,主表,29,campaign_budget,预算金额,"numeric(18,2)",是,,否,否,,P1-内部,,原始流程字段,P100
sjg_oms,planning,event_handover,活动策划移交主表,主表,30,campaign_end_at,结束时间,timestamptz,否,,否,否,,P1-内部,,原始流程字段,P100
sjg_oms,planning,event_handover,活动策划移交主表,主表,31,campaign_goal,活动目标,text,否,,否,否,,P1-内部,,原始流程字段,P100
sjg_oms,planning,event_handover,活动策划移交主表,主表,32,campaign_location_channel,活动地点/渠道,varchar(500),是,,否,否,,P1-内部,,原始流程字段,P100
sjg_oms,planning,event_handover,活动策划移交主表,主表,33,campaign_name,活动名称,varchar(200),否,,否,否,,P1-内部,,原始流程字段,P100
sjg_oms,planning,event_handover,活动策划移交主表,主表,34,campaign_no,活动/项目编号,varchar(32),否,,否,否,,P1-内部,,原始流程字段,P100
sjg_oms,planning,event_handover,活动策划移交主表,主表,35,campaign_start_at,开始时间,timestamptz,否,,否,否,,P1-内部,,原始流程字段,P100
sjg_oms,planning,event_handover,活动策划移交主表,主表,36,content_asset_no,内容/物料编号,varchar(64),否,,否,否,,P1-内部,,原始流程字段,P100
sjg_oms,planning,event_handover,活动策划移交主表,主表,37,content_type,内容类型,varchar(64),否,,否,否,,P1-内部,,原始流程字段,P100
sjg_oms,planning,event_handover,活动策划移交主表,主表,38,target_audience_desc,目标人群,text,是,,否,否,,P1-内部,,原始流程字段,P100
sjg_oms,planning,event_handover,活动策划移交主表,主表,39,target_volume,目标线索/参与人数,bigint,是,,否,否,,P1-内部,,原始流程字段,P100
sjg_oms,planning,event_handover_item,活动策划移交明细项,子表,1,id,主键ID,uuid,否,gen_random_uuid(),是,否,,P1-内部,,设计字段,P100
sjg_oms,planning,event_handover_item,活动策划移交明细项,子表,2,tenant_id,租户ID,uuid,否,,否,否,core.tenant.id,P1-内部,所有业务唯一键必须包含tenant_id,设计字段,P100
sjg_oms,planning,event_handover_item,活动策划移交明细项,子表,3,created_by,创建人,uuid,是,,否,否,org.employee.id,P1-内部,,设计字段,P100
sjg_oms,planning,event_handover_item,活动策划移交明细项,子表,4,created_at,创建时间,timestamptz,否,now(),否,否,,P1-内部,,设计字段,P100
sjg_oms,planning,event_handover_item,活动策划移交明细项,子表,5,updated_by,更新人,uuid,是,,否,否,org.employee.id,P1-内部,,设计字段,P100
sjg_oms,planning,event_handover_item,活动策划移交明细项,子表,6,updated_at,更新时间,timestamptz,否,now(),否,否,,P1-内部,,设计字段,P100
sjg_oms,planning,event_handover_item,活动策划移交明细项,子表,7,is_deleted,逻辑删除,boolean,否,false,否,否,,P1-内部,,设计字段,P100
sjg_oms,planning,event_handover_item,活动策划移交明细项,子表,8,deleted_at,删除时间,timestamptz,是,,否,否,,P1-内部,,设计字段,P100
sjg_oms,planning,event_handover_item,活动策划移交明细项,子表,9,master_id,主表ID,uuid,否,,否,否,planning.event_handover.id,P1-内部,,设计字段,P100
sjg_oms,planning,event_handover_item,活动策划移交明细项,子表,10,field_code,来源字段编码,varchar(128),否,,否,否,,P1-内部,,设计字段,P100
sjg_oms,planning,event_handover_item,活动策划移交明细项,子表,11,item_seq,明细序号,integer,否,0,否,否,,P1-内部,,设计字段,P100
sjg_oms,planning,event_handover_item,活动策划移交明细项,子表,12,item_key,明细键,varchar(128),是,,否,否,,P1-内部,,设计字段,P100
sjg_oms,planning,event_handover_item,活动策划移交明细项,子表,13,item_name,明细名称,varchar(255),是,,否,否,,P1-内部,,设计字段,P100
sjg_oms,planning,event_handover_item,活动策划移交明细项,子表,14,item_value_text,文本值,text,是,,否,否,,P1-内部,,设计字段,P100
sjg_oms,planning,event_handover_item,活动策划移交明细项,子表,15,item_value_number,数值,"numeric(24,8)",是,,否,否,,P1-内部,,设计字段,P100
sjg_oms,planning,event_handover_item,活动策划移交明细项,子表,16,item_value_json,结构化值,jsonb,是,,否,否,,P1-内部,,设计字段,P100
sjg_oms,planning,event_handover_item,活动策划移交明细项,子表,17,related_object_type,关联对象类型,varchar(128),是,,否,否,,P1-内部,,设计字段,P100
sjg_oms,planning,event_handover_item,活动策划移交明细项,子表,18,related_object_id,关联对象ID,uuid,是,,否,否,,P1-内部,,设计字段,P100
sjg_oms,planning,event_handover_item,活动策划移交明细项,子表,19,amount,金额,"numeric(18,2)",是,,否,否,,P1-内部,,设计字段,P100
sjg_oms,planning,event_handover_item,活动策划移交明细项,子表,20,quantity,数量,"numeric(18,6)",是,,否,否,,P1-内部,,设计字段,P100
sjg_oms,planning,event_handover_item,活动策划移交明细项,子表,21,sort_no,排序,integer,否,0,否,否,,P1-内部,,设计字段,P100
sjg_oms,planning,project,策划项目主表,主表,1,id,主键ID,uuid,否,gen_random_uuid(),是,否,,P1-内部,,设计字段,P098
sjg_oms,planning,project,策划项目主表,主表,2,tenant_id,租户ID,uuid,否,,否,否,core.tenant.id,P1-内部,所有业务唯一键必须包含tenant_id,设计字段,P098
sjg_oms,planning,project,策划项目主表,主表,3,business_no,业务单号,varchar(64),否,,否,是,,P1-内部,租户内唯一；由core.sequence_rule生成,设计字段,P098
sjg_oms,planning,project,策划项目主表,主表,4,workflow_instance_id,流程实例ID,uuid,是,,否,否,workflow.wf_instance.id,P1-内部,,设计字段,P098
sjg_oms,planning,project,策划项目主表,主表,5,status,业务状态,varchar(32),否,'DRAFT',否,否,,P1-内部,仅由状态机合法迁移,设计字段,P098
sjg_oms,planning,project,策划项目主表,主表,6,version_no,乐观锁版本,integer,否,0,否,否,,P1-内部,更新时version_no+1，冲突则拒绝,设计字段,P098
sjg_oms,planning,project,策划项目主表,主表,7,created_by,创建人,uuid,是,,否,否,org.employee.id,P1-内部,,设计字段,P098
sjg_oms,planning,project,策划项目主表,主表,8,created_at,创建时间,timestamptz,否,now(),否,否,,P1-内部,,设计字段,P098
sjg_oms,planning,project,策划项目主表,主表,9,updated_by,更新人,uuid,是,,否,否,org.employee.id,P1-内部,,设计字段,P098
sjg_oms,planning,project,策划项目主表,主表,10,updated_at,更新时间,timestamptz,否,now(),否,否,,P1-内部,,设计字段,P098
sjg_oms,planning,project,策划项目主表,主表,11,is_deleted,逻辑删除,boolean,否,false,否,否,,P1-内部,,设计字段,P098
sjg_oms,planning,project,策划项目主表,主表,12,deleted_at,删除时间,timestamptz,是,,否,否,,P1-内部,,设计字段,P098
sjg_oms,planning,project,策划项目主表,主表,13,source_channel,来源渠道,varchar(32),是,,否,否,,P1-内部,,设计字段,P098
sjg_oms,planning,project,策划项目主表,主表,14,business_date,业务日期,date,是,,否,否,,P1-内部,,设计字段,P098
sjg_oms,planning,project,策划项目主表,主表,15,subject,主题,varchar(255),是,,否,否,,P1-内部,,设计字段,P098
sjg_oms,planning,project,策划项目主表,主表,16,reason,原因,text,是,,否,否,,P1-内部,,设计字段,P098
sjg_oms,planning,project,策划项目主表,主表,17,priority,优先级,varchar(16),否,'NORMAL',否,否,,P1-内部,,设计字段,P098
sjg_oms,planning,project,策划项目主表,主表,18,risk_level,风险等级,varchar(16),是,,否,否,,P1-内部,,设计字段,P098
sjg_oms,planning,project,策划项目主表,主表,19,owner_center_id,归属中心,uuid,是,,否,否,org.organization.id,P1-内部,,设计字段,P098
sjg_oms,planning,project,策划项目主表,主表,20,owner_department_id,归属部门,uuid,是,,否,否,org.organization.id,P1-内部,,设计字段,P098
sjg_oms,planning,project,策划项目主表,主表,21,owner_employee_id,责任人,uuid,是,,否,否,org.employee.id,P1-内部,,设计字段,P098
sjg_oms,planning,project,策划项目主表,主表,22,planned_start_at,计划开始,timestamptz,是,,否,否,,P1-内部,,设计字段,P098
sjg_oms,planning,project,策划项目主表,主表,23,planned_finish_at,计划完成,timestamptz,是,,否,否,,P1-内部,,设计字段,P098
sjg_oms,planning,project,策划项目主表,主表,24,actual_start_at,实际开始,timestamptz,是,,否,否,,P1-内部,,设计字段,P098
sjg_oms,planning,project,策划项目主表,主表,25,actual_end_at,实际完成,timestamptz,是,,否,否,,P1-内部,,设计字段,P098
sjg_oms,planning,project,策划项目主表,主表,26,result_summary,结果摘要,text,是,,否,否,,P1-内部,,设计字段,P098
sjg_oms,planning,project,策划项目主表,主表,27,closed_at,关闭时间,timestamptz,是,,否,否,,P1-内部,,设计字段,P098
sjg_oms,planning,project,策划项目主表,主表,28,actual_amount,实际金额,"numeric(18,2)",是,,否,否,,P1-内部,,原始流程字段,P098
sjg_oms,planning,project,策划项目主表,主表,29,budget_item_id,预算项目,varchar(32),是,,否,否,,P1-内部,,原始流程字段,P098
sjg_oms,planning,project,策划项目主表,主表,30,content_asset_no,内容/物料编号,varchar(64),否,,否,否,,P1-内部,,原始流程字段,P098
sjg_oms,planning,project,策划项目主表,主表,31,content_title,主题/标题,varchar(200),否,,否,否,,P1-内部,,原始流程字段,P098
sjg_oms,planning,project,策划项目主表,主表,32,content_type,内容类型,varchar(64),否,,否,否,,P1-内部,,原始流程字段,P098
sjg_oms,planning,project,策划项目主表,主表,33,copyright_info,版权授权信息,text,是,,否,否,,P1-内部,,原始流程字段,P098
sjg_oms,planning,project,策划项目主表,主表,34,cost_center_id,成本中心,varchar(32),否,,否,否,,P1-内部,,原始流程字段,P098
sjg_oms,planning,project,策划项目主表,主表,35,planned_publish_at,计划发布时间,timestamptz,是,,否,否,,P1-内部,,原始流程字段,P098
sjg_oms,planning,project,策划项目主表,主表,36,review_points,品牌/事实审核要点,text,是,,否,否,,P1-内部,,原始流程字段,P098
sjg_oms,planning,project,策划项目主表,主表,37,script_copy,脚本/文案,text,是,,否,否,,P1-内部,,原始流程字段,P098
sjg_oms,planning,project_item,策划项目明细项,子表,1,id,主键ID,uuid,否,gen_random_uuid(),是,否,,P1-内部,,设计字段,P098
sjg_oms,planning,project_item,策划项目明细项,子表,2,tenant_id,租户ID,uuid,否,,否,否,core.tenant.id,P1-内部,所有业务唯一键必须包含tenant_id,设计字段,P098
sjg_oms,planning,project_item,策划项目明细项,子表,3,created_by,创建人,uuid,是,,否,否,org.employee.id,P1-内部,,设计字段,P098
sjg_oms,planning,project_item,策划项目明细项,子表,4,created_at,创建时间,timestamptz,否,now(),否,否,,P1-内部,,设计字段,P098
sjg_oms,planning,project_item,策划项目明细项,子表,5,updated_by,更新人,uuid,是,,否,否,org.employee.id,P1-内部,,设计字段,P098
sjg_oms,planning,project_item,策划项目明细项,子表,6,updated_at,更新时间,timestamptz,否,now(),否,否,,P1-内部,,设计字段,P098
sjg_oms,planning,project_item,策划项目明细项,子表,7,is_deleted,逻辑删除,boolean,否,false,否,否,,P1-内部,,设计字段,P098
sjg_oms,planning,project_item,策划项目明细项,子表,8,deleted_at,删除时间,timestamptz,是,,否,否,,P1-内部,,设计字段,P098
sjg_oms,planning,project_item,策划项目明细项,子表,9,master_id,主表ID,uuid,否,,否,否,planning.project.id,P1-内部,,设计字段,P098
sjg_oms,planning,project_item,策划项目明细项,子表,10,field_code,来源字段编码,varchar(128),否,,否,否,,P1-内部,,设计字段,P098
sjg_oms,planning,project_item,策划项目明细项,子表,11,item_seq,明细序号,integer,否,0,否,否,,P1-内部,,设计字段,P098
sjg_oms,planning,project_item,策划项目明细项,子表,12,item_key,明细键,varchar(128),是,,否,否,,P1-内部,,设计字段,P098
sjg_oms,planning,project_item,策划项目明细项,子表,13,item_name,明细名称,varchar(255),是,,否,否,,P1-内部,,设计字段,P098
sjg_oms,planning,project_item,策划项目明细项,子表,14,item_value_text,文本值,text,是,,否,否,,P1-内部,,设计字段,P098
sjg_oms,planning,project_item,策划项目明细项,子表,15,item_value_number,数值,"numeric(24,8)",是,,否,否,,P1-内部,,设计字段,P098
sjg_oms,planning,project_item,策划项目明细项,子表,16,item_value_json,结构化值,jsonb,是,,否,否,,P1-内部,,设计字段,P098
sjg_oms,planning,project_item,策划项目明细项,子表,17,related_object_type,关联对象类型,varchar(128),是,,否,否,,P1-内部,,设计字段,P098
sjg_oms,planning,project_item,策划项目明细项,子表,18,related_object_id,关联对象ID,uuid,是,,否,否,,P1-内部,,设计字段,P098
sjg_oms,planning,project_item,策划项目明细项,子表,19,amount,金额,"numeric(18,2)",是,,否,否,,P1-内部,,设计字段,P098
sjg_oms,planning,project_item,策划项目明细项,子表,20,quantity,数量,"numeric(18,6)",是,,否,否,,P1-内部,,设计字段,P098
sjg_oms,planning,project_item,策划项目明细项,子表,21,sort_no,排序,integer,否,0,否,否,,P1-内部,,设计字段,P098
sjg_oms,procurement,emergency_purchase,紧急采购主表,主表,1,id,主键ID,uuid,否,gen_random_uuid(),是,否,,P1-内部,,设计字段,P035
sjg_oms,procurement,emergency_purchase,紧急采购主表,主表,2,tenant_id,租户ID,uuid,否,,否,否,core.tenant.id,P1-内部,所有业务唯一键必须包含tenant_id,设计字段,P035
sjg_oms,procurement,emergency_purchase,紧急采购主表,主表,3,business_no,业务单号,varchar(64),否,,否,是,,P1-内部,租户内唯一；由core.sequence_rule生成,设计字段,P035
sjg_oms,procurement,emergency_purchase,紧急采购主表,主表,4,workflow_instance_id,流程实例ID,uuid,是,,否,否,workflow.wf_instance.id,P1-内部,,设计字段,P035
sjg_oms,procurement,emergency_purchase,紧急采购主表,主表,5,status,业务状态,varchar(32),否,'DRAFT',否,否,,P1-内部,仅由状态机合法迁移,设计字段,P035
sjg_oms,procurement,emergency_purchase,紧急采购主表,主表,6,version_no,乐观锁版本,integer,否,0,否,否,,P1-内部,更新时version_no+1，冲突则拒绝,设计字段,P035
sjg_oms,procurement,emergency_purchase,紧急采购主表,主表,7,created_by,创建人,uuid,是,,否,否,org.employee.id,P1-内部,,设计字段,P035
sjg_oms,procurement,emergency_purchase,紧急采购主表,主表,8,created_at,创建时间,timestamptz,否,now(),否,否,,P1-内部,,设计字段,P035
sjg_oms,procurement,emergency_purchase,紧急采购主表,主表,9,updated_by,更新人,uuid,是,,否,否,org.employee.id,P1-内部,,设计字段,P035
sjg_oms,procurement,emergency_purchase,紧急采购主表,主表,10,updated_at,更新时间,timestamptz,否,now(),否,否,,P1-内部,,设计字段,P035
sjg_oms,procurement,emergency_purchase,紧急采购主表,主表,11,is_deleted,逻辑删除,boolean,否,false,否,否,,P1-内部,,设计字段,P035
sjg_oms,procurement,emergency_purchase,紧急采购主表,主表,12,deleted_at,删除时间,timestamptz,是,,否,否,,P1-内部,,设计字段,P035
sjg_oms,procurement,emergency_purchase,紧急采购主表,主表,13,source_channel,来源渠道,varchar(32),是,,否,否,,P1-内部,,设计字段,P035
sjg_oms,procurement,emergency_purchase,紧急采购主表,主表,14,business_date,业务日期,date,是,,否,否,,P1-内部,,设计字段,P035
sjg_oms,procurement,emergency_purchase,紧急采购主表,主表,15,subject,主题,varchar(255),是,,否,否,,P1-内部,,设计字段,P035
sjg_oms,procurement,emergency_purchase,紧急采购主表,主表,16,reason,原因,text,是,,否,否,,P1-内部,,设计字段,P035
sjg_oms,procurement,emergency_purchase,紧急采购主表,主表,17,priority,优先级,varchar(16),否,'NORMAL',否,否,,P1-内部,,设计字段,P035
sjg_oms,procurement,emergency_purchase,紧急采购主表,主表,18,risk_level,风险等级,varchar(16),是,,否,否,,P1-内部,,设计字段,P035
sjg_oms,procurement,emergency_purchase,紧急采购主表,主表,19,owner_center_id,归属中心,uuid,是,,否,否,org.organization.id,P1-内部,,设计字段,P035
sjg_oms,procurement,emergency_purchase,紧急采购主表,主表,20,owner_department_id,归属部门,uuid,是,,否,否,org.organization.id,P1-内部,,设计字段,P035
sjg_oms,procurement,emergency_purchase,紧急采购主表,主表,21,owner_employee_id,责任人,uuid,是,,否,否,org.employee.id,P1-内部,,设计字段,P035
sjg_oms,procurement,emergency_purchase,紧急采购主表,主表,22,planned_start_at,计划开始,timestamptz,是,,否,否,,P1-内部,,设计字段,P035
sjg_oms,procurement,emergency_purchase,紧急采购主表,主表,23,planned_finish_at,计划完成,timestamptz,是,,否,否,,P1-内部,,设计字段,P035
sjg_oms,procurement,emergency_purchase,紧急采购主表,主表,24,actual_start_at,实际开始,timestamptz,是,,否,否,,P1-内部,,设计字段,P035
sjg_oms,procurement,emergency_purchase,紧急采购主表,主表,25,actual_end_at,实际完成,timestamptz,是,,否,否,,P1-内部,,设计字段,P035
sjg_oms,procurement,emergency_purchase,紧急采购主表,主表,26,result_summary,结果摘要,text,是,,否,否,,P1-内部,,设计字段,P035
sjg_oms,procurement,emergency_purchase,紧急采购主表,主表,27,closed_at,关闭时间,timestamptz,是,,否,否,,P1-内部,,设计字段,P035
sjg_oms,procurement,emergency_purchase,紧急采购主表,主表,28,actual_amount,实际金额,"numeric(18,2)",是,,否,否,,P1-内部,,原始流程字段,P035
sjg_oms,procurement,emergency_purchase,紧急采购主表,主表,29,delivery_or_return_note,到货/退换原因,text,是,,否,否,,P1-内部,,原始流程字段,P035
sjg_oms,procurement,emergency_purchase,紧急采购主表,主表,30,estimated_total_amount,预计总金额,"numeric(18,2)",是,,否,否,,P1-内部,,原始流程字段,P035
sjg_oms,procurement,emergency_purchase,紧急采购主表,主表,31,planned_delivery_date,计划到货日期,date,是,,否,否,,P1-内部,,原始流程字段,P035
sjg_oms,procurement,emergency_purchase,紧急采购主表,主表,32,purchase_category,采购品类,varchar(64),否,,否,否,,P1-内部,,原始流程字段,P035
sjg_oms,procurement,emergency_purchase,紧急采购主表,主表,33,purchase_order_no,采购订单编号,varchar(32),是,,否,否,,P1-内部,,原始流程字段,P035
sjg_oms,procurement,emergency_purchase,紧急采购主表,主表,34,purchase_request_no,采购需求编号,varchar(32),是,,否,否,,P1-内部,,原始流程字段,P035
sjg_oms,procurement,emergency_purchase,紧急采购主表,主表,35,supplier_id,供应商,varchar(32),是,,否,否,,P1-内部,,原始流程字段,P035
sjg_oms,procurement,emergency_purchase_item,紧急采购明细项,子表,1,id,主键ID,uuid,否,gen_random_uuid(),是,否,,P1-内部,,设计字段,P035
sjg_oms,procurement,emergency_purchase_item,紧急采购明细项,子表,2,tenant_id,租户ID,uuid,否,,否,否,core.tenant.id,P1-内部,所有业务唯一键必须包含tenant_id,设计字段,P035
sjg_oms,procurement,emergency_purchase_item,紧急采购明细项,子表,3,created_by,创建人,uuid,是,,否,否,org.employee.id,P1-内部,,设计字段,P035
sjg_oms,procurement,emergency_purchase_item,紧急采购明细项,子表,4,created_at,创建时间,timestamptz,否,now(),否,否,,P1-内部,,设计字段,P035
sjg_oms,procurement,emergency_purchase_item,紧急采购明细项,子表,5,updated_by,更新人,uuid,是,,否,否,org.employee.id,P1-内部,,设计字段,P035
sjg_oms,procurement,emergency_purchase_item,紧急采购明细项,子表,6,updated_at,更新时间,timestamptz,否,now(),否,否,,P1-内部,,设计字段,P035
sjg_oms,procurement,emergency_purchase_item,紧急采购明细项,子表,7,is_deleted,逻辑删除,boolean,否,false,否,否,,P1-内部,,设计字段,P035
sjg_oms,procurement,emergency_purchase_item,紧急采购明细项,子表,8,deleted_at,删除时间,timestamptz,是,,否,否,,P1-内部,,设计字段,P035
sjg_oms,procurement,emergency_purchase_item,紧急采购明细项,子表,9,master_id,主表ID,uuid,否,,否,否,procurement.emergency_purchase.id,P1-内部,,设计字段,P035
sjg_oms,procurement,emergency_purchase_item,紧急采购明细项,子表,10,field_code,来源字段编码,varchar(128),否,,否,否,,P1-内部,,设计字段,P035
sjg_oms,procurement,emergency_purchase_item,紧急采购明细项,子表,11,item_seq,明细序号,integer,否,0,否,否,,P1-内部,,设计字段,P035
sjg_oms,procurement,emergency_purchase_item,紧急采购明细项,子表,12,item_key,明细键,varchar(128),是,,否,否,,P1-内部,,设计字段,P035
sjg_oms,procurement,emergency_purchase_item,紧急采购明细项,子表,13,item_name,明细名称,varchar(255),是,,否,否,,P1-内部,,设计字段,P035
sjg_oms,procurement,emergency_purchase_item,紧急采购明细项,子表,14,item_value_text,文本值,text,是,,否,否,,P1-内部,,设计字段,P035
sjg_oms,procurement,emergency_purchase_item,紧急采购明细项,子表,15,item_value_number,数值,"numeric(24,8)",是,,否,否,,P1-内部,,设计字段,P035
sjg_oms,procurement,emergency_purchase_item,紧急采购明细项,子表,16,item_value_json,结构化值,jsonb,是,,否,否,,P1-内部,,设计字段,P035
sjg_oms,procurement,emergency_purchase_item,紧急采购明细项,子表,17,related_object_type,关联对象类型,varchar(128),是,,否,否,,P1-内部,,设计字段,P035
sjg_oms,procurement,emergency_purchase_item,紧急采购明细项,子表,18,related_object_id,关联对象ID,uuid,是,,否,否,,P1-内部,,设计字段,P035
sjg_oms,procurement,emergency_purchase_item,紧急采购明细项,子表,19,amount,金额,"numeric(18,2)",是,,否,否,,P1-内部,,设计字段,P035
sjg_oms,procurement,emergency_purchase_item,紧急采购明细项,子表,20,quantity,数量,"numeric(18,6)",是,,否,否,,P1-内部,,设计字段,P035
sjg_oms,procurement,emergency_purchase_item,紧急采购明细项,子表,21,sort_no,排序,integer,否,0,否,否,,P1-内部,,设计字段,P035
sjg_oms,procurement,purchase_request,采购申请主表,主表,1,id,主键ID,uuid,否,gen_random_uuid(),是,否,,P1-内部,,设计字段,P034
sjg_oms,procurement,purchase_request,采购申请主表,主表,2,tenant_id,租户ID,uuid,否,,否,否,core.tenant.id,P1-内部,所有业务唯一键必须包含tenant_id,设计字段,P034
sjg_oms,procurement,purchase_request,采购申请主表,主表,3,business_no,业务单号,varchar(64),否,,否,是,,P1-内部,租户内唯一；由core.sequence_rule生成,设计字段,P034
sjg_oms,procurement,purchase_request,采购申请主表,主表,4,workflow_instance_id,流程实例ID,uuid,是,,否,否,workflow.wf_instance.id,P1-内部,,设计字段,P034
sjg_oms,procurement,purchase_request,采购申请主表,主表,5,status,业务状态,varchar(32),否,'DRAFT',否,否,,P1-内部,仅由状态机合法迁移,设计字段,P034
sjg_oms,procurement,purchase_request,采购申请主表,主表,6,version_no,乐观锁版本,integer,否,0,否,否,,P1-内部,更新时version_no+1，冲突则拒绝,设计字段,P034
sjg_oms,procurement,purchase_request,采购申请主表,主表,7,created_by,创建人,uuid,是,,否,否,org.employee.id,P1-内部,,设计字段,P034
sjg_oms,procurement,purchase_request,采购申请主表,主表,8,created_at,创建时间,timestamptz,否,now(),否,否,,P1-内部,,设计字段,P034
sjg_oms,procurement,purchase_request,采购申请主表,主表,9,updated_by,更新人,uuid,是,,否,否,org.employee.id,P1-内部,,设计字段,P034
sjg_oms,procurement,purchase_request,采购申请主表,主表,10,updated_at,更新时间,timestamptz,否,now(),否,否,,P1-内部,,设计字段,P034
sjg_oms,procurement,purchase_request,采购申请主表,主表,11,is_deleted,逻辑删除,boolean,否,false,否,否,,P1-内部,,设计字段,P034
sjg_oms,procurement,purchase_request,采购申请主表,主表,12,deleted_at,删除时间,timestamptz,是,,否,否,,P1-内部,,设计字段,P034
sjg_oms,procurement,purchase_request,采购申请主表,主表,13,source_channel,来源渠道,varchar(32),是,,否,否,,P1-内部,,设计字段,P034
sjg_oms,procurement,purchase_request,采购申请主表,主表,14,business_date,业务日期,date,是,,否,否,,P1-内部,,设计字段,P034
sjg_oms,procurement,purchase_request,采购申请主表,主表,15,subject,主题,varchar(255),是,,否,否,,P1-内部,,设计字段,P034
sjg_oms,procurement,purchase_request,采购申请主表,主表,16,reason,原因,text,是,,否,否,,P1-内部,,设计字段,P034
sjg_oms,procurement,purchase_request,采购申请主表,主表,17,priority,优先级,varchar(16),否,'NORMAL',否,否,,P1-内部,,设计字段,P034
sjg_oms,procurement,purchase_request,采购申请主表,主表,18,risk_level,风险等级,varchar(16),是,,否,否,,P1-内部,,设计字段,P034
sjg_oms,procurement,purchase_request,采购申请主表,主表,19,owner_center_id,归属中心,uuid,是,,否,否,org.organization.id,P1-内部,,设计字段,P034
sjg_oms,procurement,purchase_request,采购申请主表,主表,20,owner_department_id,归属部门,uuid,是,,否,否,org.organization.id,P1-内部,,设计字段,P034
sjg_oms,procurement,purchase_request,采购申请主表,主表,21,owner_employee_id,责任人,uuid,是,,否,否,org.employee.id,P1-内部,,设计字段,P034
sjg_oms,procurement,purchase_request,采购申请主表,主表,22,planned_start_at,计划开始,timestamptz,是,,否,否,,P1-内部,,设计字段,P034
sjg_oms,procurement,purchase_request,采购申请主表,主表,23,planned_finish_at,计划完成,timestamptz,是,,否,否,,P1-内部,,设计字段,P034
sjg_oms,procurement,purchase_request,采购申请主表,主表,24,actual_start_at,实际开始,timestamptz,是,,否,否,,P1-内部,,设计字段,P034
sjg_oms,procurement,purchase_request,采购申请主表,主表,25,actual_end_at,实际完成,timestamptz,是,,否,否,,P1-内部,,设计字段,P034
sjg_oms,procurement,purchase_request,采购申请主表,主表,26,result_summary,结果摘要,text,是,,否,否,,P1-内部,,设计字段,P034
sjg_oms,procurement,purchase_request,采购申请主表,主表,27,closed_at,关闭时间,timestamptz,是,,否,否,,P1-内部,,设计字段,P034
sjg_oms,procurement,purchase_request,采购申请主表,主表,28,actual_amount,实际金额,"numeric(18,2)",是,,否,否,,P1-内部,,原始流程字段,P034
sjg_oms,procurement,purchase_request,采购申请主表,主表,29,budget_item_id,预算项目,varchar(32),是,,否,否,,P1-内部,,原始流程字段,P034
sjg_oms,procurement,purchase_request,采购申请主表,主表,30,cost_center_id,成本中心,varchar(32),否,,否,否,,P1-内部,,原始流程字段,P034
sjg_oms,procurement,purchase_request,采购申请主表,主表,31,currency,币种,varchar(64),否,,否,否,,P1-内部,,原始流程字段,P034
sjg_oms,procurement,purchase_request,采购申请主表,主表,32,delivery_or_return_note,到货/退换原因,text,是,,否,否,,P1-内部,,原始流程字段,P034
sjg_oms,procurement,purchase_request,采购申请主表,主表,33,estimated_total_amount,预计总金额,"numeric(18,2)",是,,否,否,,P1-内部,,原始流程字段,P034
sjg_oms,procurement,purchase_request,采购申请主表,主表,34,planned_delivery_date,计划到货日期,date,是,,否,否,,P1-内部,,原始流程字段,P034
sjg_oms,procurement,purchase_request,采购申请主表,主表,35,purchase_category,采购品类,varchar(64),否,,否,否,,P1-内部,,原始流程字段,P034
sjg_oms,procurement,purchase_request,采购申请主表,主表,36,purchase_order_no,采购订单编号,varchar(32),是,,否,否,,P1-内部,,原始流程字段,P034
sjg_oms,procurement,purchase_request,采购申请主表,主表,37,purchase_request_no,采购需求编号,varchar(32),是,,否,否,,P1-内部,,原始流程字段,P034
sjg_oms,procurement,purchase_request,采购申请主表,主表,38,supplier_id,供应商,varchar(32),是,,否,否,,P1-内部,,原始流程字段,P034
sjg_oms,procurement,purchase_request_item,采购申请明细项,子表,1,id,主键ID,uuid,否,gen_random_uuid(),是,否,,P1-内部,,设计字段,P034
sjg_oms,procurement,purchase_request_item,采购申请明细项,子表,2,tenant_id,租户ID,uuid,否,,否,否,core.tenant.id,P1-内部,所有业务唯一键必须包含tenant_id,设计字段,P034
sjg_oms,procurement,purchase_request_item,采购申请明细项,子表,3,created_by,创建人,uuid,是,,否,否,org.employee.id,P1-内部,,设计字段,P034
sjg_oms,procurement,purchase_request_item,采购申请明细项,子表,4,created_at,创建时间,timestamptz,否,now(),否,否,,P1-内部,,设计字段,P034
sjg_oms,procurement,purchase_request_item,采购申请明细项,子表,5,updated_by,更新人,uuid,是,,否,否,org.employee.id,P1-内部,,设计字段,P034
sjg_oms,procurement,purchase_request_item,采购申请明细项,子表,6,updated_at,更新时间,timestamptz,否,now(),否,否,,P1-内部,,设计字段,P034
sjg_oms,procurement,purchase_request_item,采购申请明细项,子表,7,is_deleted,逻辑删除,boolean,否,false,否,否,,P1-内部,,设计字段,P034
sjg_oms,procurement,purchase_request_item,采购申请明细项,子表,8,deleted_at,删除时间,timestamptz,是,,否,否,,P1-内部,,设计字段,P034
sjg_oms,procurement,purchase_request_item,采购申请明细项,子表,9,master_id,主表ID,uuid,否,,否,否,procurement.purchase_request.id,P1-内部,,设计字段,P034
sjg_oms,procurement,purchase_request_item,采购申请明细项,子表,10,field_code,来源字段编码,varchar(128),否,,否,否,,P1-内部,,设计字段,P034
sjg_oms,procurement,purchase_request_item,采购申请明细项,子表,11,item_seq,明细序号,integer,否,0,否,否,,P1-内部,,设计字段,P034
sjg_oms,procurement,purchase_request_item,采购申请明细项,子表,12,item_key,明细键,varchar(128),是,,否,否,,P1-内部,,设计字段,P034
sjg_oms,procurement,purchase_request_item,采购申请明细项,子表,13,item_name,明细名称,varchar(255),是,,否,否,,P1-内部,,设计字段,P034
sjg_oms,procurement,purchase_request_item,采购申请明细项,子表,14,item_value_text,文本值,text,是,,否,否,,P1-内部,,设计字段,P034
sjg_oms,procurement,purchase_request_item,采购申请明细项,子表,15,item_value_number,数值,"numeric(24,8)",是,,否,否,,P1-内部,,设计字段,P034
sjg_oms,procurement,purchase_request_item,采购申请明细项,子表,16,item_value_json,结构化值,jsonb,是,,否,否,,P1-内部,,设计字段,P034
sjg_oms,procurement,purchase_request_item,采购申请明细项,子表,17,related_object_type,关联对象类型,varchar(128),是,,否,否,,P1-内部,,设计字段,P034
sjg_oms,procurement,purchase_request_item,采购申请明细项,子表,18,related_object_id,关联对象ID,uuid,是,,否,否,,P1-内部,,设计字段,P034
sjg_oms,procurement,purchase_request_item,采购申请明细项,子表,19,amount,金额,"numeric(18,2)",是,,否,否,,P1-内部,,设计字段,P034
sjg_oms,procurement,purchase_request_item,采购申请明细项,子表,20,quantity,数量,"numeric(18,6)",是,,否,否,,P1-内部,,设计字段,P034
sjg_oms,procurement,purchase_request_item,采购申请明细项,子表,21,sort_no,排序,integer,否,0,否,否,,P1-内部,,设计字段,P034
sjg_oms,procurement,purchase_return,采购退换货主表,主表,1,id,主键ID,uuid,否,gen_random_uuid(),是,否,,P1-内部,,设计字段,P036
sjg_oms,procurement,purchase_return,采购退换货主表,主表,2,tenant_id,租户ID,uuid,否,,否,否,core.tenant.id,P1-内部,所有业务唯一键必须包含tenant_id,设计字段,P036
sjg_oms,procurement,purchase_return,采购退换货主表,主表,3,business_no,业务单号,varchar(64),否,,否,是,,P1-内部,租户内唯一；由core.sequence_rule生成,设计字段,P036
sjg_oms,procurement,purchase_return,采购退换货主表,主表,4,workflow_instance_id,流程实例ID,uuid,是,,否,否,workflow.wf_instance.id,P1-内部,,设计字段,P036
sjg_oms,procurement,purchase_return,采购退换货主表,主表,5,status,业务状态,varchar(32),否,'DRAFT',否,否,,P1-内部,仅由状态机合法迁移,设计字段,P036
sjg_oms,procurement,purchase_return,采购退换货主表,主表,6,version_no,乐观锁版本,integer,否,0,否,否,,P1-内部,更新时version_no+1，冲突则拒绝,设计字段,P036
sjg_oms,procurement,purchase_return,采购退换货主表,主表,7,created_by,创建人,uuid,是,,否,否,org.employee.id,P1-内部,,设计字段,P036
sjg_oms,procurement,purchase_return,采购退换货主表,主表,8,created_at,创建时间,timestamptz,否,now(),否,否,,P1-内部,,设计字段,P036
sjg_oms,procurement,purchase_return,采购退换货主表,主表,9,updated_by,更新人,uuid,是,,否,否,org.employee.id,P1-内部,,设计字段,P036
sjg_oms,procurement,purchase_return,采购退换货主表,主表,10,updated_at,更新时间,timestamptz,否,now(),否,否,,P1-内部,,设计字段,P036
sjg_oms,procurement,purchase_return,采购退换货主表,主表,11,is_deleted,逻辑删除,boolean,否,false,否,否,,P1-内部,,设计字段,P036
sjg_oms,procurement,purchase_return,采购退换货主表,主表,12,deleted_at,删除时间,timestamptz,是,,否,否,,P1-内部,,设计字段,P036
sjg_oms,procurement,purchase_return,采购退换货主表,主表,13,source_channel,来源渠道,varchar(32),是,,否,否,,P1-内部,,设计字段,P036
sjg_oms,procurement,purchase_return,采购退换货主表,主表,14,business_date,业务日期,date,是,,否,否,,P1-内部,,设计字段,P036
sjg_oms,procurement,purchase_return,采购退换货主表,主表,15,subject,主题,varchar(255),是,,否,否,,P1-内部,,设计字段,P036
sjg_oms,procurement,purchase_return,采购退换货主表,主表,16,reason,原因,text,是,,否,否,,P1-内部,,设计字段,P036
sjg_oms,procurement,purchase_return,采购退换货主表,主表,17,priority,优先级,varchar(16),否,'NORMAL',否,否,,P1-内部,,设计字段,P036
sjg_oms,procurement,purchase_return,采购退换货主表,主表,18,risk_level,风险等级,varchar(16),是,,否,否,,P1-内部,,设计字段,P036
sjg_oms,procurement,purchase_return,采购退换货主表,主表,19,owner_center_id,归属中心,uuid,是,,否,否,org.organization.id,P1-内部,,设计字段,P036
sjg_oms,procurement,purchase_return,采购退换货主表,主表,20,owner_department_id,归属部门,uuid,是,,否,否,org.organization.id,P1-内部,,设计字段,P036
sjg_oms,procurement,purchase_return,采购退换货主表,主表,21,owner_employee_id,责任人,uuid,是,,否,否,org.employee.id,P1-内部,,设计字段,P036
sjg_oms,procurement,purchase_return,采购退换货主表,主表,22,planned_start_at,计划开始,timestamptz,是,,否,否,,P1-内部,,设计字段,P036
sjg_oms,procurement,purchase_return,采购退换货主表,主表,23,planned_finish_at,计划完成,timestamptz,是,,否,否,,P1-内部,,设计字段,P036
sjg_oms,procurement,purchase_return,采购退换货主表,主表,24,actual_start_at,实际开始,timestamptz,是,,否,否,,P1-内部,,设计字段,P036
sjg_oms,procurement,purchase_return,采购退换货主表,主表,25,actual_end_at,实际完成,timestamptz,是,,否,否,,P1-内部,,设计字段,P036
sjg_oms,procurement,purchase_return,采购退换货主表,主表,26,result_summary,结果摘要,text,是,,否,否,,P1-内部,,设计字段,P036
sjg_oms,procurement,purchase_return,采购退换货主表,主表,27,closed_at,关闭时间,timestamptz,是,,否,否,,P1-内部,,设计字段,P036
sjg_oms,procurement,purchase_return,采购退换货主表,主表,28,actual_amount,实际金额,"numeric(18,2)",是,,否,否,,P1-内部,,原始流程字段,P036
sjg_oms,procurement,purchase_return,采购退换货主表,主表,29,change_action,操作类型,varchar(64),否,,否,否,,P1-内部,,原始流程字段,P036
sjg_oms,procurement,purchase_return,采购退换货主表,主表,30,change_reason,变更原因,text,否,,否,否,,P1-内部,,原始流程字段,P036
sjg_oms,procurement,purchase_return,采购退换货主表,主表,31,delivery_or_return_note,到货/退换原因,text,是,,否,否,,P1-内部,,原始流程字段,P036
sjg_oms,procurement,purchase_return,采购退换货主表,主表,32,employee_event_type,事件类型,varchar(64),否,,否,否,,P1-内部,,原始流程字段,P036
sjg_oms,procurement,purchase_return,采购退换货主表,主表,33,estimated_total_amount,预计总金额,"numeric(18,2)",是,,否,否,,P1-内部,,原始流程字段,P036
sjg_oms,procurement,purchase_return,采购退换货主表,主表,34,expected_effective_at,期望生效时间,timestamptz,是,,否,否,,P1-内部,,原始流程字段,P036
sjg_oms,procurement,purchase_return,采购退换货主表,主表,35,fact_occurred_at,事实发生时间,timestamptz,否,,否,否,,P1-内部,,原始流程字段,P036
sjg_oms,procurement,purchase_return,采购退换货主表,主表,36,known_impact,已知影响,text,是,,否,否,,P1-内部,,原始流程字段,P036
sjg_oms,procurement,purchase_return,采购退换货主表,主表,37,planned_delivery_date,计划到货日期,date,是,,否,否,,P1-内部,,原始流程字段,P036
sjg_oms,procurement,purchase_return,采购退换货主表,主表,38,purchase_category,采购品类,varchar(64),否,,否,否,,P1-内部,,原始流程字段,P036
sjg_oms,procurement,purchase_return,采购退换货主表,主表,39,purchase_order_no,采购订单编号,varchar(32),是,,否,否,,P1-内部,,原始流程字段,P036
sjg_oms,procurement,purchase_return,采购退换货主表,主表,40,purchase_request_no,采购需求编号,varchar(32),是,,否,否,,P1-内部,,原始流程字段,P036
sjg_oms,procurement,purchase_return,采购退换货主表,主表,41,supplier_id,供应商,varchar(32),是,,否,否,,P1-内部,,原始流程字段,P036
sjg_oms,procurement,purchase_return_item,采购退换货明细项,子表,1,id,主键ID,uuid,否,gen_random_uuid(),是,否,,P1-内部,,设计字段,P036
sjg_oms,procurement,purchase_return_item,采购退换货明细项,子表,2,tenant_id,租户ID,uuid,否,,否,否,core.tenant.id,P1-内部,所有业务唯一键必须包含tenant_id,设计字段,P036
sjg_oms,procurement,purchase_return_item,采购退换货明细项,子表,3,created_by,创建人,uuid,是,,否,否,org.employee.id,P1-内部,,设计字段,P036
sjg_oms,procurement,purchase_return_item,采购退换货明细项,子表,4,created_at,创建时间,timestamptz,否,now(),否,否,,P1-内部,,设计字段,P036
sjg_oms,procurement,purchase_return_item,采购退换货明细项,子表,5,updated_by,更新人,uuid,是,,否,否,org.employee.id,P1-内部,,设计字段,P036
sjg_oms,procurement,purchase_return_item,采购退换货明细项,子表,6,updated_at,更新时间,timestamptz,否,now(),否,否,,P1-内部,,设计字段,P036
sjg_oms,procurement,purchase_return_item,采购退换货明细项,子表,7,is_deleted,逻辑删除,boolean,否,false,否,否,,P1-内部,,设计字段,P036
sjg_oms,procurement,purchase_return_item,采购退换货明细项,子表,8,deleted_at,删除时间,timestamptz,是,,否,否,,P1-内部,,设计字段,P036
sjg_oms,procurement,purchase_return_item,采购退换货明细项,子表,9,master_id,主表ID,uuid,否,,否,否,procurement.purchase_return.id,P1-内部,,设计字段,P036
sjg_oms,procurement,purchase_return_item,采购退换货明细项,子表,10,field_code,来源字段编码,varchar(128),否,,否,否,,P1-内部,,设计字段,P036
sjg_oms,procurement,purchase_return_item,采购退换货明细项,子表,11,item_seq,明细序号,integer,否,0,否,否,,P1-内部,,设计字段,P036
sjg_oms,procurement,purchase_return_item,采购退换货明细项,子表,12,item_key,明细键,varchar(128),是,,否,否,,P1-内部,,设计字段,P036
sjg_oms,procurement,purchase_return_item,采购退换货明细项,子表,13,item_name,明细名称,varchar(255),是,,否,否,,P1-内部,,设计字段,P036
sjg_oms,procurement,purchase_return_item,采购退换货明细项,子表,14,item_value_text,文本值,text,是,,否,否,,P1-内部,,设计字段,P036
sjg_oms,procurement,purchase_return_item,采购退换货明细项,子表,15,item_value_number,数值,"numeric(24,8)",是,,否,否,,P1-内部,,设计字段,P036
sjg_oms,procurement,purchase_return_item,采购退换货明细项,子表,16,item_value_json,结构化值,jsonb,是,,否,否,,P1-内部,,设计字段,P036
sjg_oms,procurement,purchase_return_item,采购退换货明细项,子表,17,related_object_type,关联对象类型,varchar(128),是,,否,否,,P1-内部,,设计字段,P036
sjg_oms,procurement,purchase_return_item,采购退换货明细项,子表,18,related_object_id,关联对象ID,uuid,是,,否,否,,P1-内部,,设计字段,P036
sjg_oms,procurement,purchase_return_item,采购退换货明细项,子表,19,amount,金额,"numeric(18,2)",是,,否,否,,P1-内部,,设计字段,P036
sjg_oms,procurement,purchase_return_item,采购退换货明细项,子表,20,quantity,数量,"numeric(18,6)",是,,否,否,,P1-内部,,设计字段,P036
sjg_oms,procurement,purchase_return_item,采购退换货明细项,子表,21,sort_no,排序,integer,否,0,否,否,,P1-内部,,设计字段,P036
sjg_oms,reception,change_request,接待变更主表,主表,1,id,主键ID,uuid,否,gen_random_uuid(),是,否,,P1-内部,,设计字段,P113
sjg_oms,reception,change_request,接待变更主表,主表,2,tenant_id,租户ID,uuid,否,,否,否,core.tenant.id,P1-内部,所有业务唯一键必须包含tenant_id,设计字段,P113
sjg_oms,reception,change_request,接待变更主表,主表,3,business_no,业务单号,varchar(64),否,,否,是,,P1-内部,租户内唯一；由core.sequence_rule生成,设计字段,P113
sjg_oms,reception,change_request,接待变更主表,主表,4,workflow_instance_id,流程实例ID,uuid,是,,否,否,workflow.wf_instance.id,P1-内部,,设计字段,P113
sjg_oms,reception,change_request,接待变更主表,主表,5,status,业务状态,varchar(32),否,'DRAFT',否,否,,P1-内部,仅由状态机合法迁移,设计字段,P113
sjg_oms,reception,change_request,接待变更主表,主表,6,version_no,乐观锁版本,integer,否,0,否,否,,P1-内部,更新时version_no+1，冲突则拒绝,设计字段,P113
sjg_oms,reception,change_request,接待变更主表,主表,7,created_by,创建人,uuid,是,,否,否,org.employee.id,P1-内部,,设计字段,P113
sjg_oms,reception,change_request,接待变更主表,主表,8,created_at,创建时间,timestamptz,否,now(),否,否,,P1-内部,,设计字段,P113
sjg_oms,reception,change_request,接待变更主表,主表,9,updated_by,更新人,uuid,是,,否,否,org.employee.id,P1-内部,,设计字段,P113
sjg_oms,reception,change_request,接待变更主表,主表,10,updated_at,更新时间,timestamptz,否,now(),否,否,,P1-内部,,设计字段,P113
sjg_oms,reception,change_request,接待变更主表,主表,11,is_deleted,逻辑删除,boolean,否,false,否,否,,P1-内部,,设计字段,P113
sjg_oms,reception,change_request,接待变更主表,主表,12,deleted_at,删除时间,timestamptz,是,,否,否,,P1-内部,,设计字段,P113
sjg_oms,reception,change_request,接待变更主表,主表,13,source_channel,来源渠道,varchar(32),是,,否,否,,P1-内部,,设计字段,P113
sjg_oms,reception,change_request,接待变更主表,主表,14,business_date,业务日期,date,是,,否,否,,P1-内部,,设计字段,P113
sjg_oms,reception,change_request,接待变更主表,主表,15,subject,主题,varchar(255),是,,否,否,,P1-内部,,设计字段,P113
sjg_oms,reception,change_request,接待变更主表,主表,16,reason,原因,text,是,,否,否,,P1-内部,,设计字段,P113
sjg_oms,reception,change_request,接待变更主表,主表,17,priority,优先级,varchar(16),否,'NORMAL',否,否,,P1-内部,,设计字段,P113
sjg_oms,reception,change_request,接待变更主表,主表,18,risk_level,风险等级,varchar(16),是,,否,否,,P1-内部,,设计字段,P113
sjg_oms,reception,change_request,接待变更主表,主表,19,owner_center_id,归属中心,uuid,是,,否,否,org.organization.id,P1-内部,,设计字段,P113
sjg_oms,reception,change_request,接待变更主表,主表,20,owner_department_id,归属部门,uuid,是,,否,否,org.organization.id,P1-内部,,设计字段,P113
sjg_oms,reception,change_request,接待变更主表,主表,21,owner_employee_id,责任人,uuid,是,,否,否,org.employee.id,P1-内部,,设计字段,P113
sjg_oms,reception,change_request,接待变更主表,主表,22,planned_start_at,计划开始,timestamptz,是,,否,否,,P1-内部,,设计字段,P113
sjg_oms,reception,change_request,接待变更主表,主表,23,planned_finish_at,计划完成,timestamptz,是,,否,否,,P1-内部,,设计字段,P113
sjg_oms,reception,change_request,接待变更主表,主表,24,actual_start_at,实际开始,timestamptz,是,,否,否,,P1-内部,,设计字段,P113
sjg_oms,reception,change_request,接待变更主表,主表,25,actual_end_at,实际完成,timestamptz,是,,否,否,,P1-内部,,设计字段,P113
sjg_oms,reception,change_request,接待变更主表,主表,26,result_summary,结果摘要,text,是,,否,否,,P1-内部,,设计字段,P113
sjg_oms,reception,change_request,接待变更主表,主表,27,closed_at,关闭时间,timestamptz,是,,否,否,,P1-内部,,设计字段,P113
sjg_oms,reception,change_request,接待变更主表,主表,28,actual_amount,实际金额,"numeric(18,2)",是,,否,否,,P1-内部,,原始流程字段,P113
sjg_oms,reception,change_request,接待变更主表,主表,29,change_action,操作类型,varchar(64),否,,否,否,,P1-内部,,原始流程字段,P113
sjg_oms,reception,change_request,接待变更主表,主表,30,change_reason,变更原因,text,否,,否,否,,P1-内部,,原始流程字段,P113
sjg_oms,reception,change_request,接待变更主表,主表,31,expected_effective_at,期望生效时间,timestamptz,是,,否,否,,P1-内部,,原始流程字段,P113
sjg_oms,reception,change_request,接待变更主表,主表,32,followup_complaint_summary,回访/客诉摘要,text,是,,否,否,,P1-内部,,原始流程字段,P113
sjg_oms,reception,change_request,接待变更主表,主表,33,guest_contact,联系人及电话,varchar(200),是,,否,否,,P2-个人,,原始流程字段,P113
sjg_oms,reception,change_request,接待变更主表,主表,34,guest_count,人数,bigint,否,,否,否,,P1-内部,,原始流程字段,P113
sjg_oms,reception,change_request,接待变更主表,主表,35,guest_team_name,客户/团队名称,varchar(200),否,,否,否,,P1-内部,,原始流程字段,P113
sjg_oms,reception,change_request,接待变更主表,主表,36,guide_host_id,导游/接待负责人,varchar(32),是,,否,否,,P1-内部,,原始流程字段,P113
sjg_oms,reception,change_request,接待变更主表,主表,37,itinerary_version,唯一行程版本,varchar(64),否,,否,否,,P1-内部,,原始流程字段,P113
sjg_oms,reception,change_request,接待变更主表,主表,38,known_impact,已知影响,text,是,,否,否,,P1-内部,,原始流程字段,P113
sjg_oms,reception,change_request,接待变更主表,主表,39,reception_level,接待等级,varchar(64),否,,否,否,,P1-内部,,原始流程字段,P113
sjg_oms,reception,change_request,接待变更主表,主表,40,reception_team_no,接待/团队编号,varchar(64),否,,否,否,,P1-内部,,原始流程字段,P113
sjg_oms,reception,change_request,接待变更主表,主表,41,route_script_version,路线/讲解词版本,varchar(64),是,,否,否,,P1-内部,,原始流程字段,P113
sjg_oms,reception,change_request_item,接待变更明细项,子表,1,id,主键ID,uuid,否,gen_random_uuid(),是,否,,P1-内部,,设计字段,P113
sjg_oms,reception,change_request_item,接待变更明细项,子表,2,tenant_id,租户ID,uuid,否,,否,否,core.tenant.id,P1-内部,所有业务唯一键必须包含tenant_id,设计字段,P113
sjg_oms,reception,change_request_item,接待变更明细项,子表,3,created_by,创建人,uuid,是,,否,否,org.employee.id,P1-内部,,设计字段,P113
sjg_oms,reception,change_request_item,接待变更明细项,子表,4,created_at,创建时间,timestamptz,否,now(),否,否,,P1-内部,,设计字段,P113
sjg_oms,reception,change_request_item,接待变更明细项,子表,5,updated_by,更新人,uuid,是,,否,否,org.employee.id,P1-内部,,设计字段,P113
sjg_oms,reception,change_request_item,接待变更明细项,子表,6,updated_at,更新时间,timestamptz,否,now(),否,否,,P1-内部,,设计字段,P113
sjg_oms,reception,change_request_item,接待变更明细项,子表,7,is_deleted,逻辑删除,boolean,否,false,否,否,,P1-内部,,设计字段,P113
sjg_oms,reception,change_request_item,接待变更明细项,子表,8,deleted_at,删除时间,timestamptz,是,,否,否,,P1-内部,,设计字段,P113
sjg_oms,reception,change_request_item,接待变更明细项,子表,9,master_id,主表ID,uuid,否,,否,否,reception.change_request.id,P1-内部,,设计字段,P113
sjg_oms,reception,change_request_item,接待变更明细项,子表,10,field_code,来源字段编码,varchar(128),否,,否,否,,P1-内部,,设计字段,P113
sjg_oms,reception,change_request_item,接待变更明细项,子表,11,item_seq,明细序号,integer,否,0,否,否,,P1-内部,,设计字段,P113
sjg_oms,reception,change_request_item,接待变更明细项,子表,12,item_key,明细键,varchar(128),是,,否,否,,P1-内部,,设计字段,P113
sjg_oms,reception,change_request_item,接待变更明细项,子表,13,item_name,明细名称,varchar(255),是,,否,否,,P1-内部,,设计字段,P113
sjg_oms,reception,change_request_item,接待变更明细项,子表,14,item_value_text,文本值,text,是,,否,否,,P1-内部,,设计字段,P113
sjg_oms,reception,change_request_item,接待变更明细项,子表,15,item_value_number,数值,"numeric(24,8)",是,,否,否,,P1-内部,,设计字段,P113
sjg_oms,reception,change_request_item,接待变更明细项,子表,16,item_value_json,结构化值,jsonb,是,,否,否,,P1-内部,,设计字段,P113
sjg_oms,reception,change_request_item,接待变更明细项,子表,17,related_object_type,关联对象类型,varchar(128),是,,否,否,,P1-内部,,设计字段,P113
sjg_oms,reception,change_request_item,接待变更明细项,子表,18,related_object_id,关联对象ID,uuid,是,,否,否,,P1-内部,,设计字段,P113
sjg_oms,reception,change_request_item,接待变更明细项,子表,19,amount,金额,"numeric(18,2)",是,,否,否,,P1-内部,,设计字段,P113
sjg_oms,reception,change_request_item,接待变更明细项,子表,20,quantity,数量,"numeric(18,6)",是,,否,否,,P1-内部,,设计字段,P113
sjg_oms,reception,change_request_item,接待变更明细项,子表,21,sort_no,排序,integer,否,0,否,否,,P1-内部,,设计字段,P113
sjg_oms,reception,complaint,接待客诉主表,主表,1,id,主键ID,uuid,否,gen_random_uuid(),是,否,,P1-内部,,设计字段,P115
sjg_oms,reception,complaint,接待客诉主表,主表,2,tenant_id,租户ID,uuid,否,,否,否,core.tenant.id,P1-内部,所有业务唯一键必须包含tenant_id,设计字段,P115
sjg_oms,reception,complaint,接待客诉主表,主表,3,business_no,业务单号,varchar(64),否,,否,是,,P1-内部,租户内唯一；由core.sequence_rule生成,设计字段,P115
sjg_oms,reception,complaint,接待客诉主表,主表,4,workflow_instance_id,流程实例ID,uuid,是,,否,否,workflow.wf_instance.id,P1-内部,,设计字段,P115
sjg_oms,reception,complaint,接待客诉主表,主表,5,status,业务状态,varchar(32),否,'DRAFT',否,否,,P1-内部,仅由状态机合法迁移,设计字段,P115
sjg_oms,reception,complaint,接待客诉主表,主表,6,version_no,乐观锁版本,integer,否,0,否,否,,P1-内部,更新时version_no+1，冲突则拒绝,设计字段,P115
sjg_oms,reception,complaint,接待客诉主表,主表,7,created_by,创建人,uuid,是,,否,否,org.employee.id,P1-内部,,设计字段,P115
sjg_oms,reception,complaint,接待客诉主表,主表,8,created_at,创建时间,timestamptz,否,now(),否,否,,P1-内部,,设计字段,P115
sjg_oms,reception,complaint,接待客诉主表,主表,9,updated_by,更新人,uuid,是,,否,否,org.employee.id,P1-内部,,设计字段,P115
sjg_oms,reception,complaint,接待客诉主表,主表,10,updated_at,更新时间,timestamptz,否,now(),否,否,,P1-内部,,设计字段,P115
sjg_oms,reception,complaint,接待客诉主表,主表,11,is_deleted,逻辑删除,boolean,否,false,否,否,,P1-内部,,设计字段,P115
sjg_oms,reception,complaint,接待客诉主表,主表,12,deleted_at,删除时间,timestamptz,是,,否,否,,P1-内部,,设计字段,P115
sjg_oms,reception,complaint,接待客诉主表,主表,13,source_channel,来源渠道,varchar(32),是,,否,否,,P1-内部,,设计字段,P115
sjg_oms,reception,complaint,接待客诉主表,主表,14,business_date,业务日期,date,是,,否,否,,P1-内部,,设计字段,P115
sjg_oms,reception,complaint,接待客诉主表,主表,15,subject,主题,varchar(255),是,,否,否,,P1-内部,,设计字段,P115
sjg_oms,reception,complaint,接待客诉主表,主表,16,reason,原因,text,是,,否,否,,P1-内部,,设计字段,P115
sjg_oms,reception,complaint,接待客诉主表,主表,17,priority,优先级,varchar(16),否,'NORMAL',否,否,,P1-内部,,设计字段,P115
sjg_oms,reception,complaint,接待客诉主表,主表,18,risk_level,风险等级,varchar(16),是,,否,否,,P1-内部,,设计字段,P115
sjg_oms,reception,complaint,接待客诉主表,主表,19,owner_center_id,归属中心,uuid,是,,否,否,org.organization.id,P1-内部,,设计字段,P115
sjg_oms,reception,complaint,接待客诉主表,主表,20,owner_department_id,归属部门,uuid,是,,否,否,org.organization.id,P1-内部,,设计字段,P115
sjg_oms,reception,complaint,接待客诉主表,主表,21,owner_employee_id,责任人,uuid,是,,否,否,org.employee.id,P1-内部,,设计字段,P115
sjg_oms,reception,complaint,接待客诉主表,主表,22,planned_start_at,计划开始,timestamptz,是,,否,否,,P1-内部,,设计字段,P115
sjg_oms,reception,complaint,接待客诉主表,主表,23,planned_finish_at,计划完成,timestamptz,是,,否,否,,P1-内部,,设计字段,P115
sjg_oms,reception,complaint,接待客诉主表,主表,24,actual_start_at,实际开始,timestamptz,是,,否,否,,P1-内部,,设计字段,P115
sjg_oms,reception,complaint,接待客诉主表,主表,25,actual_end_at,实际完成,timestamptz,是,,否,否,,P1-内部,,设计字段,P115
sjg_oms,reception,complaint,接待客诉主表,主表,26,result_summary,结果摘要,text,是,,否,否,,P1-内部,,设计字段,P115
sjg_oms,reception,complaint,接待客诉主表,主表,27,closed_at,关闭时间,timestamptz,是,,否,否,,P1-内部,,设计字段,P115
sjg_oms,reception,complaint,接待客诉主表,主表,28,actual_amount,实际金额,"numeric(18,2)",是,,否,否,,P1-内部,,原始流程字段,P115
sjg_oms,reception,complaint,接待客诉主表,主表,29,converted_to_case,是否转统一案件,boolean,是,,否,否,,P1-内部,,原始流程字段,P115
sjg_oms,reception,complaint,接待客诉主表,主表,30,guest_team_name,客户/团队名称,varchar(200),否,,否,否,,P1-内部,,原始流程字段,P115
sjg_oms,reception,complaint,接待客诉主表,主表,31,immediate_risk_control,先行止险措施,text,是,,否,否,,P1-内部,,原始流程字段,P115
sjg_oms,reception,complaint,接待客诉主表,主表,32,incident_area_id,发生区域,varchar(64),否,,否,否,,P1-内部,,原始流程字段,P115
sjg_oms,reception,complaint,接待客诉主表,主表,33,incident_occurred_at,发生时间,timestamptz,否,,否,否,,P1-内部,,原始流程字段,P115
sjg_oms,reception,complaint,接待客诉主表,主表,34,incident_patrol_no,事件/巡检编号,varchar(64),否,,否,否,,P1-内部,,原始流程字段,P115
sjg_oms,reception,complaint,接待客诉主表,主表,35,incident_risk_level,风险等级,varchar(64),否,,否,否,,P1-内部,,原始流程字段,P115
sjg_oms,reception,complaint,接待客诉主表,主表,36,incident_type,事件类型,varchar(64),否,,否,否,,P1-内部,,原始流程字段,P115
sjg_oms,reception,complaint,接待客诉主表,主表,37,reception_team_no,接待/团队编号,varchar(64),否,,否,否,,P1-内部,,原始流程字段,P115
sjg_oms,reception,complaint,接待客诉主表,主表,38,scene_description,现场情况,text,否,,否,否,,P1-内部,,原始流程字段,P115
sjg_oms,reception,guide_execution,导游执行主表,主表,1,id,主键ID,uuid,否,gen_random_uuid(),是,否,,P1-内部,,设计字段,P114
sjg_oms,reception,guide_execution,导游执行主表,主表,2,tenant_id,租户ID,uuid,否,,否,否,core.tenant.id,P1-内部,所有业务唯一键必须包含tenant_id,设计字段,P114
sjg_oms,reception,guide_execution,导游执行主表,主表,3,business_no,业务单号,varchar(64),否,,否,是,,P1-内部,租户内唯一；由core.sequence_rule生成,设计字段,P114
sjg_oms,reception,guide_execution,导游执行主表,主表,4,workflow_instance_id,流程实例ID,uuid,是,,否,否,workflow.wf_instance.id,P1-内部,,设计字段,P114
sjg_oms,reception,guide_execution,导游执行主表,主表,5,status,业务状态,varchar(32),否,'DRAFT',否,否,,P1-内部,仅由状态机合法迁移,设计字段,P114
sjg_oms,reception,guide_execution,导游执行主表,主表,6,version_no,乐观锁版本,integer,否,0,否,否,,P1-内部,更新时version_no+1，冲突则拒绝,设计字段,P114
sjg_oms,reception,guide_execution,导游执行主表,主表,7,created_by,创建人,uuid,是,,否,否,org.employee.id,P1-内部,,设计字段,P114
sjg_oms,reception,guide_execution,导游执行主表,主表,8,created_at,创建时间,timestamptz,否,now(),否,否,,P1-内部,,设计字段,P114
sjg_oms,reception,guide_execution,导游执行主表,主表,9,updated_by,更新人,uuid,是,,否,否,org.employee.id,P1-内部,,设计字段,P114
sjg_oms,reception,guide_execution,导游执行主表,主表,10,updated_at,更新时间,timestamptz,否,now(),否,否,,P1-内部,,设计字段,P114
sjg_oms,reception,guide_execution,导游执行主表,主表,11,is_deleted,逻辑删除,boolean,否,false,否,否,,P1-内部,,设计字段,P114
sjg_oms,reception,guide_execution,导游执行主表,主表,12,deleted_at,删除时间,timestamptz,是,,否,否,,P1-内部,,设计字段,P114
sjg_oms,reception,guide_execution,导游执行主表,主表,13,source_channel,来源渠道,varchar(32),是,,否,否,,P1-内部,,设计字段,P114
sjg_oms,reception,guide_execution,导游执行主表,主表,14,business_date,业务日期,date,是,,否,否,,P1-内部,,设计字段,P114
sjg_oms,reception,guide_execution,导游执行主表,主表,15,subject,主题,varchar(255),是,,否,否,,P1-内部,,设计字段,P114
sjg_oms,reception,guide_execution,导游执行主表,主表,16,reason,原因,text,是,,否,否,,P1-内部,,设计字段,P114
sjg_oms,reception,guide_execution,导游执行主表,主表,17,priority,优先级,varchar(16),否,'NORMAL',否,否,,P1-内部,,设计字段,P114
sjg_oms,reception,guide_execution,导游执行主表,主表,18,risk_level,风险等级,varchar(16),是,,否,否,,P1-内部,,设计字段,P114
sjg_oms,reception,guide_execution,导游执行主表,主表,19,owner_center_id,归属中心,uuid,是,,否,否,org.organization.id,P1-内部,,设计字段,P114
sjg_oms,reception,guide_execution,导游执行主表,主表,20,owner_department_id,归属部门,uuid,是,,否,否,org.organization.id,P1-内部,,设计字段,P114
sjg_oms,reception,guide_execution,导游执行主表,主表,21,owner_employee_id,责任人,uuid,是,,否,否,org.employee.id,P1-内部,,设计字段,P114
sjg_oms,reception,guide_execution,导游执行主表,主表,22,planned_start_at,计划开始,timestamptz,是,,否,否,,P1-内部,,设计字段,P114
sjg_oms,reception,guide_execution,导游执行主表,主表,23,planned_finish_at,计划完成,timestamptz,是,,否,否,,P1-内部,,设计字段,P114
sjg_oms,reception,guide_execution,导游执行主表,主表,24,actual_start_at,实际开始,timestamptz,是,,否,否,,P1-内部,,设计字段,P114
sjg_oms,reception,guide_execution,导游执行主表,主表,25,actual_end_at,实际完成,timestamptz,是,,否,否,,P1-内部,,设计字段,P114
sjg_oms,reception,guide_execution,导游执行主表,主表,26,result_summary,结果摘要,text,是,,否,否,,P1-内部,,设计字段,P114
sjg_oms,reception,guide_execution,导游执行主表,主表,27,closed_at,关闭时间,timestamptz,是,,否,否,,P1-内部,,设计字段,P114
sjg_oms,reception,guide_execution,导游执行主表,主表,28,actual_amount,实际金额,"numeric(18,2)",是,,否,否,,P1-内部,,原始流程字段,P114
sjg_oms,reception,guide_execution,导游执行主表,主表,29,attendance_type,假勤类型,varchar(64),否,,否,否,,P1-内部,,原始流程字段,P114
sjg_oms,reception,guide_execution,导游执行主表,主表,30,followup_complaint_summary,回访/客诉摘要,text,是,,否,否,,P1-内部,,原始流程字段,P114
sjg_oms,reception,guide_execution,导游执行主表,主表,31,guest_contact,联系人及电话,varchar(200),是,,否,否,,P2-个人,,原始流程字段,P114
sjg_oms,reception,guide_execution,导游执行主表,主表,32,guest_count,人数,bigint,否,,否,否,,P1-内部,,原始流程字段,P114
sjg_oms,reception,guide_execution,导游执行主表,主表,33,guest_team_name,客户/团队名称,varchar(200),否,,否,否,,P1-内部,,原始流程字段,P114
sjg_oms,reception,guide_execution,导游执行主表,主表,34,guide_host_id,导游/接待负责人,varchar(32),是,,否,否,,P1-内部,,原始流程字段,P114
sjg_oms,reception,guide_execution,导游执行主表,主表,35,itinerary_version,唯一行程版本,varchar(64),否,,否,否,,P1-内部,,原始流程字段,P114
sjg_oms,reception,guide_execution,导游执行主表,主表,36,reception_level,接待等级,varchar(64),否,,否,否,,P1-内部,,原始流程字段,P114
sjg_oms,reception,guide_execution,导游执行主表,主表,37,reception_team_no,接待/团队编号,varchar(64),否,,否,否,,P1-内部,,原始流程字段,P114
sjg_oms,reception,guide_execution,导游执行主表,主表,38,route_script_version,路线/讲解词版本,varchar(64),是,,否,否,,P1-内部,,原始流程字段,P114
sjg_oms,reception,guide_execution,导游执行主表,主表,39,start_at,开始时间,timestamptz,否,,否,否,,P1-内部,,原始流程字段,P114
sjg_oms,reception,guide_execution_item,导游执行明细项,子表,1,id,主键ID,uuid,否,gen_random_uuid(),是,否,,P1-内部,,设计字段,P114
sjg_oms,reception,guide_execution_item,导游执行明细项,子表,2,tenant_id,租户ID,uuid,否,,否,否,core.tenant.id,P1-内部,所有业务唯一键必须包含tenant_id,设计字段,P114
sjg_oms,reception,guide_execution_item,导游执行明细项,子表,3,created_by,创建人,uuid,是,,否,否,org.employee.id,P1-内部,,设计字段,P114
sjg_oms,reception,guide_execution_item,导游执行明细项,子表,4,created_at,创建时间,timestamptz,否,now(),否,否,,P1-内部,,设计字段,P114
sjg_oms,reception,guide_execution_item,导游执行明细项,子表,5,updated_by,更新人,uuid,是,,否,否,org.employee.id,P1-内部,,设计字段,P114
sjg_oms,reception,guide_execution_item,导游执行明细项,子表,6,updated_at,更新时间,timestamptz,否,now(),否,否,,P1-内部,,设计字段,P114
sjg_oms,reception,guide_execution_item,导游执行明细项,子表,7,is_deleted,逻辑删除,boolean,否,false,否,否,,P1-内部,,设计字段,P114
sjg_oms,reception,guide_execution_item,导游执行明细项,子表,8,deleted_at,删除时间,timestamptz,是,,否,否,,P1-内部,,设计字段,P114
sjg_oms,reception,guide_execution_item,导游执行明细项,子表,9,master_id,主表ID,uuid,否,,否,否,reception.guide_execution.id,P1-内部,,设计字段,P114
sjg_oms,reception,guide_execution_item,导游执行明细项,子表,10,field_code,来源字段编码,varchar(128),否,,否,否,,P1-内部,,设计字段,P114
sjg_oms,reception,guide_execution_item,导游执行明细项,子表,11,item_seq,明细序号,integer,否,0,否,否,,P1-内部,,设计字段,P114
sjg_oms,reception,guide_execution_item,导游执行明细项,子表,12,item_key,明细键,varchar(128),是,,否,否,,P1-内部,,设计字段,P114
sjg_oms,reception,guide_execution_item,导游执行明细项,子表,13,item_name,明细名称,varchar(255),是,,否,否,,P1-内部,,设计字段,P114
sjg_oms,reception,guide_execution_item,导游执行明细项,子表,14,item_value_text,文本值,text,是,,否,否,,P1-内部,,设计字段,P114
sjg_oms,reception,guide_execution_item,导游执行明细项,子表,15,item_value_number,数值,"numeric(24,8)",是,,否,否,,P1-内部,,设计字段,P114
sjg_oms,reception,guide_execution_item,导游执行明细项,子表,16,item_value_json,结构化值,jsonb,是,,否,否,,P1-内部,,设计字段,P114
sjg_oms,reception,guide_execution_item,导游执行明细项,子表,17,related_object_type,关联对象类型,varchar(128),是,,否,否,,P1-内部,,设计字段,P114
sjg_oms,reception,guide_execution_item,导游执行明细项,子表,18,related_object_id,关联对象ID,uuid,是,,否,否,,P1-内部,,设计字段,P114
sjg_oms,reception,guide_execution_item,导游执行明细项,子表,19,amount,金额,"numeric(18,2)",是,,否,否,,P1-内部,,设计字段,P114
sjg_oms,reception,guide_execution_item,导游执行明细项,子表,20,quantity,数量,"numeric(18,6)",是,,否,否,,P1-内部,,设计字段,P114
sjg_oms,reception,guide_execution_item,导游执行明细项,子表,21,sort_no,排序,integer,否,0,否,否,,P1-内部,,设计字段,P114
sjg_oms,reception,reception_order,接待订单主表,主表,1,id,主键ID,uuid,否,gen_random_uuid(),是,否,,P1-内部,,设计字段,P112
sjg_oms,reception,reception_order,接待订单主表,主表,2,tenant_id,租户ID,uuid,否,,否,否,core.tenant.id,P1-内部,所有业务唯一键必须包含tenant_id,设计字段,P112
sjg_oms,reception,reception_order,接待订单主表,主表,3,business_no,业务单号,varchar(64),否,,否,是,,P1-内部,租户内唯一；由core.sequence_rule生成,设计字段,P112
sjg_oms,reception,reception_order,接待订单主表,主表,4,workflow_instance_id,流程实例ID,uuid,是,,否,否,workflow.wf_instance.id,P1-内部,,设计字段,P112
sjg_oms,reception,reception_order,接待订单主表,主表,5,status,业务状态,varchar(32),否,'DRAFT',否,否,,P1-内部,仅由状态机合法迁移,设计字段,P112
sjg_oms,reception,reception_order,接待订单主表,主表,6,version_no,乐观锁版本,integer,否,0,否,否,,P1-内部,更新时version_no+1，冲突则拒绝,设计字段,P112
sjg_oms,reception,reception_order,接待订单主表,主表,7,created_by,创建人,uuid,是,,否,否,org.employee.id,P1-内部,,设计字段,P112
sjg_oms,reception,reception_order,接待订单主表,主表,8,created_at,创建时间,timestamptz,否,now(),否,否,,P1-内部,,设计字段,P112
sjg_oms,reception,reception_order,接待订单主表,主表,9,updated_by,更新人,uuid,是,,否,否,org.employee.id,P1-内部,,设计字段,P112
sjg_oms,reception,reception_order,接待订单主表,主表,10,updated_at,更新时间,timestamptz,否,now(),否,否,,P1-内部,,设计字段,P112
sjg_oms,reception,reception_order,接待订单主表,主表,11,is_deleted,逻辑删除,boolean,否,false,否,否,,P1-内部,,设计字段,P112
sjg_oms,reception,reception_order,接待订单主表,主表,12,deleted_at,删除时间,timestamptz,是,,否,否,,P1-内部,,设计字段,P112
sjg_oms,reception,reception_order,接待订单主表,主表,13,source_channel,来源渠道,varchar(32),是,,否,否,,P1-内部,,设计字段,P112
sjg_oms,reception,reception_order,接待订单主表,主表,14,business_date,业务日期,date,是,,否,否,,P1-内部,,设计字段,P112
sjg_oms,reception,reception_order,接待订单主表,主表,15,subject,主题,varchar(255),是,,否,否,,P1-内部,,设计字段,P112
sjg_oms,reception,reception_order,接待订单主表,主表,16,reason,原因,text,是,,否,否,,P1-内部,,设计字段,P112
sjg_oms,reception,reception_order,接待订单主表,主表,17,priority,优先级,varchar(16),否,'NORMAL',否,否,,P1-内部,,设计字段,P112
sjg_oms,reception,reception_order,接待订单主表,主表,18,risk_level,风险等级,varchar(16),是,,否,否,,P1-内部,,设计字段,P112
sjg_oms,reception,reception_order,接待订单主表,主表,19,owner_center_id,归属中心,uuid,是,,否,否,org.organization.id,P1-内部,,设计字段,P112
sjg_oms,reception,reception_order,接待订单主表,主表,20,owner_department_id,归属部门,uuid,是,,否,否,org.organization.id,P1-内部,,设计字段,P112
sjg_oms,reception,reception_order,接待订单主表,主表,21,owner_employee_id,责任人,uuid,是,,否,否,org.employee.id,P1-内部,,设计字段,P112
sjg_oms,reception,reception_order,接待订单主表,主表,22,planned_start_at,计划开始,timestamptz,是,,否,否,,P1-内部,,设计字段,P112
sjg_oms,reception,reception_order,接待订单主表,主表,23,planned_finish_at,计划完成,timestamptz,是,,否,否,,P1-内部,,设计字段,P112
sjg_oms,reception,reception_order,接待订单主表,主表,24,actual_start_at,实际开始,timestamptz,是,,否,否,,P1-内部,,设计字段,P112
sjg_oms,reception,reception_order,接待订单主表,主表,25,actual_end_at,实际完成,timestamptz,是,,否,否,,P1-内部,,设计字段,P112
sjg_oms,reception,reception_order,接待订单主表,主表,26,result_summary,结果摘要,text,是,,否,否,,P1-内部,,设计字段,P112
sjg_oms,reception,reception_order,接待订单主表,主表,27,closed_at,关闭时间,timestamptz,是,,否,否,,P1-内部,,设计字段,P112
sjg_oms,reception,reception_order,接待订单主表,主表,28,actual_amount,实际金额,"numeric(18,2)",是,,否,否,,P1-内部,,原始流程字段,P112
sjg_oms,reception,reception_order,接待订单主表,主表,29,budget_item_id,预算项目,varchar(32),是,,否,否,,P1-内部,,原始流程字段,P112
sjg_oms,reception,reception_order,接待订单主表,主表,30,cost_center_id,成本中心,varchar(32),否,,否,否,,P1-内部,,原始流程字段,P112
sjg_oms,reception,reception_order,接待订单主表,主表,31,followup_complaint_summary,回访/客诉摘要,text,是,,否,否,,P1-内部,,原始流程字段,P112
sjg_oms,reception,reception_order,接待订单主表,主表,32,guest_contact,联系人及电话,varchar(200),是,,否,否,,P2-个人,,原始流程字段,P112
sjg_oms,reception,reception_order,接待订单主表,主表,33,guest_count,人数,bigint,否,,否,否,,P1-内部,,原始流程字段,P112
sjg_oms,reception,reception_order,接待订单主表,主表,34,guest_team_name,客户/团队名称,varchar(200),否,,否,否,,P1-内部,,原始流程字段,P112
sjg_oms,reception,reception_order,接待订单主表,主表,35,guide_host_id,导游/接待负责人,varchar(32),是,,否,否,,P1-内部,,原始流程字段,P112
sjg_oms,reception,reception_order,接待订单主表,主表,36,itinerary_version,唯一行程版本,varchar(64),否,,否,否,,P1-内部,,原始流程字段,P112
sjg_oms,reception,reception_order,接待订单主表,主表,37,reception_level,接待等级,varchar(64),否,,否,否,,P1-内部,,原始流程字段,P112
sjg_oms,reception,reception_order,接待订单主表,主表,38,reception_team_no,接待/团队编号,varchar(64),否,,否,否,,P1-内部,,原始流程字段,P112
sjg_oms,reception,reception_order,接待订单主表,主表,39,route_script_version,路线/讲解词版本,varchar(64),是,,否,否,,P1-内部,,原始流程字段,P112
sjg_oms,reception,reception_order_item,接待订单明细项,子表,1,id,主键ID,uuid,否,gen_random_uuid(),是,否,,P1-内部,,设计字段,P112
sjg_oms,reception,reception_order_item,接待订单明细项,子表,2,tenant_id,租户ID,uuid,否,,否,否,core.tenant.id,P1-内部,所有业务唯一键必须包含tenant_id,设计字段,P112
sjg_oms,reception,reception_order_item,接待订单明细项,子表,3,created_by,创建人,uuid,是,,否,否,org.employee.id,P1-内部,,设计字段,P112
sjg_oms,reception,reception_order_item,接待订单明细项,子表,4,created_at,创建时间,timestamptz,否,now(),否,否,,P1-内部,,设计字段,P112
sjg_oms,reception,reception_order_item,接待订单明细项,子表,5,updated_by,更新人,uuid,是,,否,否,org.employee.id,P1-内部,,设计字段,P112
sjg_oms,reception,reception_order_item,接待订单明细项,子表,6,updated_at,更新时间,timestamptz,否,now(),否,否,,P1-内部,,设计字段,P112
sjg_oms,reception,reception_order_item,接待订单明细项,子表,7,is_deleted,逻辑删除,boolean,否,false,否,否,,P1-内部,,设计字段,P112
sjg_oms,reception,reception_order_item,接待订单明细项,子表,8,deleted_at,删除时间,timestamptz,是,,否,否,,P1-内部,,设计字段,P112
sjg_oms,reception,reception_order_item,接待订单明细项,子表,9,master_id,主表ID,uuid,否,,否,否,reception.reception_order.id,P1-内部,,设计字段,P112
sjg_oms,reception,reception_order_item,接待订单明细项,子表,10,field_code,来源字段编码,varchar(128),否,,否,否,,P1-内部,,设计字段,P112
sjg_oms,reception,reception_order_item,接待订单明细项,子表,11,item_seq,明细序号,integer,否,0,否,否,,P1-内部,,设计字段,P112
sjg_oms,reception,reception_order_item,接待订单明细项,子表,12,item_key,明细键,varchar(128),是,,否,否,,P1-内部,,设计字段,P112
sjg_oms,reception,reception_order_item,接待订单明细项,子表,13,item_name,明细名称,varchar(255),是,,否,否,,P1-内部,,设计字段,P112
sjg_oms,reception,reception_order_item,接待订单明细项,子表,14,item_value_text,文本值,text,是,,否,否,,P1-内部,,设计字段,P112
sjg_oms,reception,reception_order_item,接待订单明细项,子表,15,item_value_number,数值,"numeric(24,8)",是,,否,否,,P1-内部,,设计字段,P112
sjg_oms,reception,reception_order_item,接待订单明细项,子表,16,item_value_json,结构化值,jsonb,是,,否,否,,P1-内部,,设计字段,P112
sjg_oms,reception,reception_order_item,接待订单明细项,子表,17,related_object_type,关联对象类型,varchar(128),是,,否,否,,P1-内部,,设计字段,P112
sjg_oms,reception,reception_order_item,接待订单明细项,子表,18,related_object_id,关联对象ID,uuid,是,,否,否,,P1-内部,,设计字段,P112
sjg_oms,reception,reception_order_item,接待订单明细项,子表,19,amount,金额,"numeric(18,2)",是,,否,否,,P1-内部,,设计字段,P112
sjg_oms,reception,reception_order_item,接待订单明细项,子表,20,quantity,数量,"numeric(18,6)",是,,否,否,,P1-内部,,设计字段,P112
sjg_oms,reception,reception_order_item,接待订单明细项,子表,21,sort_no,排序,integer,否,0,否,否,,P1-内部,,设计字段,P112
sjg_oms,reward,discipline_case,纪律责任主表,主表,1,id,主键ID,uuid,否,gen_random_uuid(),是,否,,P1-内部,,设计字段,P014
sjg_oms,reward,discipline_case,纪律责任主表,主表,2,tenant_id,租户ID,uuid,否,,否,否,core.tenant.id,P1-内部,所有业务唯一键必须包含tenant_id,设计字段,P014
sjg_oms,reward,discipline_case,纪律责任主表,主表,3,business_no,业务单号,varchar(64),否,,否,是,,P1-内部,租户内唯一；由core.sequence_rule生成,设计字段,P014
sjg_oms,reward,discipline_case,纪律责任主表,主表,4,workflow_instance_id,流程实例ID,uuid,是,,否,否,workflow.wf_instance.id,P1-内部,,设计字段,P014
sjg_oms,reward,discipline_case,纪律责任主表,主表,5,status,业务状态,varchar(32),否,'DRAFT',否,否,,P1-内部,仅由状态机合法迁移,设计字段,P014
sjg_oms,reward,discipline_case,纪律责任主表,主表,6,version_no,乐观锁版本,integer,否,0,否,否,,P1-内部,更新时version_no+1，冲突则拒绝,设计字段,P014
sjg_oms,reward,discipline_case,纪律责任主表,主表,7,created_by,创建人,uuid,是,,否,否,org.employee.id,P1-内部,,设计字段,P014
sjg_oms,reward,discipline_case,纪律责任主表,主表,8,created_at,创建时间,timestamptz,否,now(),否,否,,P1-内部,,设计字段,P014
sjg_oms,reward,discipline_case,纪律责任主表,主表,9,updated_by,更新人,uuid,是,,否,否,org.employee.id,P1-内部,,设计字段,P014
sjg_oms,reward,discipline_case,纪律责任主表,主表,10,updated_at,更新时间,timestamptz,否,now(),否,否,,P1-内部,,设计字段,P014
sjg_oms,reward,discipline_case,纪律责任主表,主表,11,is_deleted,逻辑删除,boolean,否,false,否,否,,P1-内部,,设计字段,P014
sjg_oms,reward,discipline_case,纪律责任主表,主表,12,deleted_at,删除时间,timestamptz,是,,否,否,,P1-内部,,设计字段,P014
sjg_oms,reward,discipline_case,纪律责任主表,主表,13,source_channel,来源渠道,varchar(32),是,,否,否,,P1-内部,,设计字段,P014
sjg_oms,reward,discipline_case,纪律责任主表,主表,14,business_date,业务日期,date,是,,否,否,,P1-内部,,设计字段,P014
sjg_oms,reward,discipline_case,纪律责任主表,主表,15,subject,主题,varchar(255),是,,否,否,,P1-内部,,设计字段,P014
sjg_oms,reward,discipline_case,纪律责任主表,主表,16,reason,原因,text,是,,否,否,,P1-内部,,设计字段,P014
sjg_oms,reward,discipline_case,纪律责任主表,主表,17,priority,优先级,varchar(16),否,'NORMAL',否,否,,P1-内部,,设计字段,P014
sjg_oms,reward,discipline_case,纪律责任主表,主表,18,risk_level,风险等级,varchar(16),是,,否,否,,P1-内部,,设计字段,P014
sjg_oms,reward,discipline_case,纪律责任主表,主表,19,owner_center_id,归属中心,uuid,是,,否,否,org.organization.id,P1-内部,,设计字段,P014
sjg_oms,reward,discipline_case,纪律责任主表,主表,20,owner_department_id,归属部门,uuid,是,,否,否,org.organization.id,P1-内部,,设计字段,P014
sjg_oms,reward,discipline_case,纪律责任主表,主表,21,owner_employee_id,责任人,uuid,是,,否,否,org.employee.id,P1-内部,,设计字段,P014
sjg_oms,reward,discipline_case,纪律责任主表,主表,22,planned_start_at,计划开始,timestamptz,是,,否,否,,P1-内部,,设计字段,P014
sjg_oms,reward,discipline_case,纪律责任主表,主表,23,planned_finish_at,计划完成,timestamptz,是,,否,否,,P1-内部,,设计字段,P014
sjg_oms,reward,discipline_case,纪律责任主表,主表,24,actual_start_at,实际开始,timestamptz,是,,否,否,,P1-内部,,设计字段,P014
sjg_oms,reward,discipline_case,纪律责任主表,主表,25,actual_end_at,实际完成,timestamptz,是,,否,否,,P1-内部,,设计字段,P014
sjg_oms,reward,discipline_case,纪律责任主表,主表,26,result_summary,结果摘要,text,是,,否,否,,P1-内部,,设计字段,P014
sjg_oms,reward,discipline_case,纪律责任主表,主表,27,closed_at,关闭时间,timestamptz,是,,否,否,,P1-内部,,设计字段,P014
sjg_oms,reward,discipline_case,纪律责任主表,主表,28,actual_amount,实际金额,"numeric(18,2)",是,,否,否,,P1-内部,,原始流程字段,P014
sjg_oms,reward,discipline_case,纪律责任主表,主表,29,benefit_amount,奖金/慰问金额,"numeric(18,2)",是,,否,否,,P3-高度敏感,不得小于0,原始流程字段,P014
sjg_oms,reward,discipline_case,纪律责任主表,主表,30,comp_grade_impact,薪酬/等级影响,text,是,,否,否,,P3-高度敏感,,原始流程字段,P014
sjg_oms,reward,discipline_case,纪律责任主表,主表,31,contact_name,联系人,varchar(100),是,,否,否,,P2-个人,,原始流程字段,P014
sjg_oms,reward,discipline_case,纪律责任主表,主表,32,customer_id,客户编号,varchar(32),否,,否,否,,P1-内部,,原始流程字段,P014
sjg_oms,reward,discipline_case,纪律责任主表,主表,33,customer_name,客户名称,varchar(200),否,,否,否,,P1-内部,,原始流程字段,P014
sjg_oms,reward,discipline_case,纪律责任主表,主表,34,employee_event_type,事件类型,varchar(64),否,,否,否,,P1-内部,,原始流程字段,P014
sjg_oms,reward,discipline_case,纪律责任主表,主表,35,fact_occurred_at,事实发生时间,timestamptz,否,,否,否,,P1-内部,,原始流程字段,P014
sjg_oms,reward,discipline_case,纪律责任主表,主表,36,fact_summary,事实与证据摘要,text,否,,否,否,,P1-内部,,原始流程字段,P014
sjg_oms,reward,discipline_case,纪律责任主表,主表,37,impact_effective_date,执行生效日期,date,是,,否,否,,P1-内部,,原始流程字段,P014
sjg_oms,reward,discipline_case,纪律责任主表,主表,38,impact_level,影响级别,varchar(64),否,,否,否,,P1-内部,,原始流程字段,P014
sjg_oms,reward,discipline_case,纪律责任主表,主表,39,points_delta,积分变动值,bigint,是,,否,否,,P1-内部,,原始流程字段,P014
sjg_oms,reward,point_transaction,积分流水主表,主表,1,id,主键ID,uuid,否,gen_random_uuid(),是,否,,P1-内部,,设计字段,P015
sjg_oms,reward,point_transaction,积分流水主表,主表,2,tenant_id,租户ID,uuid,否,,否,否,core.tenant.id,P1-内部,所有业务唯一键必须包含tenant_id,设计字段,P015
sjg_oms,reward,point_transaction,积分流水主表,主表,3,business_no,业务单号,varchar(64),否,,否,是,,P1-内部,租户内唯一；由core.sequence_rule生成,设计字段,P015
sjg_oms,reward,point_transaction,积分流水主表,主表,4,workflow_instance_id,流程实例ID,uuid,是,,否,否,workflow.wf_instance.id,P1-内部,,设计字段,P015
sjg_oms,reward,point_transaction,积分流水主表,主表,5,status,业务状态,varchar(32),否,'DRAFT',否,否,,P1-内部,仅由状态机合法迁移,设计字段,P015
sjg_oms,reward,point_transaction,积分流水主表,主表,6,version_no,乐观锁版本,integer,否,0,否,否,,P1-内部,更新时version_no+1，冲突则拒绝,设计字段,P015
sjg_oms,reward,point_transaction,积分流水主表,主表,7,created_by,创建人,uuid,是,,否,否,org.employee.id,P1-内部,,设计字段,P015
sjg_oms,reward,point_transaction,积分流水主表,主表,8,created_at,创建时间,timestamptz,否,now(),否,否,,P1-内部,,设计字段,P015
sjg_oms,reward,point_transaction,积分流水主表,主表,9,updated_by,更新人,uuid,是,,否,否,org.employee.id,P1-内部,,设计字段,P015
sjg_oms,reward,point_transaction,积分流水主表,主表,10,updated_at,更新时间,timestamptz,否,now(),否,否,,P1-内部,,设计字段,P015
sjg_oms,reward,point_transaction,积分流水主表,主表,11,is_deleted,逻辑删除,boolean,否,false,否,否,,P1-内部,,设计字段,P015
sjg_oms,reward,point_transaction,积分流水主表,主表,12,deleted_at,删除时间,timestamptz,是,,否,否,,P1-内部,,设计字段,P015
sjg_oms,reward,point_transaction,积分流水主表,主表,13,source_channel,来源渠道,varchar(32),是,,否,否,,P1-内部,,设计字段,P015
sjg_oms,reward,point_transaction,积分流水主表,主表,14,business_date,业务日期,date,是,,否,否,,P1-内部,,设计字段,P015
sjg_oms,reward,point_transaction,积分流水主表,主表,15,subject,主题,varchar(255),是,,否,否,,P1-内部,,设计字段,P015
sjg_oms,reward,point_transaction,积分流水主表,主表,16,reason,原因,text,是,,否,否,,P1-内部,,设计字段,P015
sjg_oms,reward,point_transaction,积分流水主表,主表,17,priority,优先级,varchar(16),否,'NORMAL',否,否,,P1-内部,,设计字段,P015
sjg_oms,reward,point_transaction,积分流水主表,主表,18,risk_level,风险等级,varchar(16),是,,否,否,,P1-内部,,设计字段,P015
sjg_oms,reward,point_transaction,积分流水主表,主表,19,owner_center_id,归属中心,uuid,是,,否,否,org.organization.id,P1-内部,,设计字段,P015
sjg_oms,reward,point_transaction,积分流水主表,主表,20,owner_department_id,归属部门,uuid,是,,否,否,org.organization.id,P1-内部,,设计字段,P015
sjg_oms,reward,point_transaction,积分流水主表,主表,21,owner_employee_id,责任人,uuid,是,,否,否,org.employee.id,P1-内部,,设计字段,P015
sjg_oms,reward,point_transaction,积分流水主表,主表,22,planned_start_at,计划开始,timestamptz,是,,否,否,,P1-内部,,设计字段,P015
sjg_oms,reward,point_transaction,积分流水主表,主表,23,planned_finish_at,计划完成,timestamptz,是,,否,否,,P1-内部,,设计字段,P015
sjg_oms,reward,point_transaction,积分流水主表,主表,24,actual_start_at,实际开始,timestamptz,是,,否,否,,P1-内部,,设计字段,P015
sjg_oms,reward,point_transaction,积分流水主表,主表,25,actual_end_at,实际完成,timestamptz,是,,否,否,,P1-内部,,设计字段,P015
sjg_oms,reward,point_transaction,积分流水主表,主表,26,result_summary,结果摘要,text,是,,否,否,,P1-内部,,设计字段,P015
sjg_oms,reward,point_transaction,积分流水主表,主表,27,closed_at,关闭时间,timestamptz,是,,否,否,,P1-内部,,设计字段,P015
sjg_oms,reward,point_transaction,积分流水主表,主表,28,actual_amount,实际金额,"numeric(18,2)",是,,否,否,,P1-内部,,原始流程字段,P015
sjg_oms,reward,point_transaction,积分流水主表,主表,29,benefit_amount,奖金/慰问金额,"numeric(18,2)",是,,否,否,,P3-高度敏感,不得小于0,原始流程字段,P015
sjg_oms,reward,point_transaction,积分流水主表,主表,30,budget_item_id,预算项目,varchar(32),是,,否,否,,P1-内部,,原始流程字段,P015
sjg_oms,reward,point_transaction,积分流水主表,主表,31,change_action,操作类型,varchar(64),否,,否,否,,P1-内部,,原始流程字段,P015
sjg_oms,reward,point_transaction,积分流水主表,主表,32,change_reason,变更原因,text,否,,否,否,,P1-内部,,原始流程字段,P015
sjg_oms,reward,point_transaction,积分流水主表,主表,33,comp_grade_impact,薪酬/等级影响,text,是,,否,否,,P3-高度敏感,,原始流程字段,P015
sjg_oms,reward,point_transaction,积分流水主表,主表,34,cost_center_id,成本中心,varchar(32),否,,否,否,,P1-内部,,原始流程字段,P015
sjg_oms,reward,point_transaction,积分流水主表,主表,35,currency,币种,varchar(64),否,,否,否,,P1-内部,,原始流程字段,P015
sjg_oms,reward,point_transaction,积分流水主表,主表,36,employee_event_type,事件类型,varchar(64),否,,否,否,,P1-内部,,原始流程字段,P015
sjg_oms,reward,point_transaction,积分流水主表,主表,37,expected_effective_at,期望生效时间,timestamptz,是,,否,否,,P1-内部,,原始流程字段,P015
sjg_oms,reward,point_transaction,积分流水主表,主表,38,fact_occurred_at,事实发生时间,timestamptz,否,,否,否,,P1-内部,,原始流程字段,P015
sjg_oms,reward,point_transaction,积分流水主表,主表,39,fact_summary,事实与证据摘要,text,否,,否,否,,P1-内部,,原始流程字段,P015
sjg_oms,reward,point_transaction,积分流水主表,主表,40,impact_effective_date,执行生效日期,date,是,,否,否,,P1-内部,,原始流程字段,P015
sjg_oms,reward,point_transaction,积分流水主表,主表,41,impact_level,影响级别,varchar(64),否,,否,否,,P1-内部,,原始流程字段,P015
sjg_oms,reward,point_transaction,积分流水主表,主表,42,known_impact,已知影响,text,是,,否,否,,P1-内部,,原始流程字段,P015
sjg_oms,reward,point_transaction,积分流水主表,主表,43,points_delta,积分变动值,bigint,是,,否,否,,P1-内部,,原始流程字段,P015
sjg_oms,reward,point_transaction_item,积分流水明细项,子表,1,id,主键ID,uuid,否,gen_random_uuid(),是,否,,P1-内部,,设计字段,P015
sjg_oms,reward,point_transaction_item,积分流水明细项,子表,2,tenant_id,租户ID,uuid,否,,否,否,core.tenant.id,P1-内部,所有业务唯一键必须包含tenant_id,设计字段,P015
sjg_oms,reward,point_transaction_item,积分流水明细项,子表,3,created_by,创建人,uuid,是,,否,否,org.employee.id,P1-内部,,设计字段,P015
sjg_oms,reward,point_transaction_item,积分流水明细项,子表,4,created_at,创建时间,timestamptz,否,now(),否,否,,P1-内部,,设计字段,P015
sjg_oms,reward,point_transaction_item,积分流水明细项,子表,5,updated_by,更新人,uuid,是,,否,否,org.employee.id,P1-内部,,设计字段,P015
sjg_oms,reward,point_transaction_item,积分流水明细项,子表,6,updated_at,更新时间,timestamptz,否,now(),否,否,,P1-内部,,设计字段,P015
sjg_oms,reward,point_transaction_item,积分流水明细项,子表,7,is_deleted,逻辑删除,boolean,否,false,否,否,,P1-内部,,设计字段,P015
sjg_oms,reward,point_transaction_item,积分流水明细项,子表,8,deleted_at,删除时间,timestamptz,是,,否,否,,P1-内部,,设计字段,P015
sjg_oms,reward,point_transaction_item,积分流水明细项,子表,9,master_id,主表ID,uuid,否,,否,否,reward.point_transaction.id,P1-内部,,设计字段,P015
sjg_oms,reward,point_transaction_item,积分流水明细项,子表,10,field_code,来源字段编码,varchar(128),否,,否,否,,P1-内部,,设计字段,P015
sjg_oms,reward,point_transaction_item,积分流水明细项,子表,11,item_seq,明细序号,integer,否,0,否,否,,P1-内部,,设计字段,P015
sjg_oms,reward,point_transaction_item,积分流水明细项,子表,12,item_key,明细键,varchar(128),是,,否,否,,P1-内部,,设计字段,P015
sjg_oms,reward,point_transaction_item,积分流水明细项,子表,13,item_name,明细名称,varchar(255),是,,否,否,,P1-内部,,设计字段,P015
sjg_oms,reward,point_transaction_item,积分流水明细项,子表,14,item_value_text,文本值,text,是,,否,否,,P1-内部,,设计字段,P015
sjg_oms,reward,point_transaction_item,积分流水明细项,子表,15,item_value_number,数值,"numeric(24,8)",是,,否,否,,P1-内部,,设计字段,P015
sjg_oms,reward,point_transaction_item,积分流水明细项,子表,16,item_value_json,结构化值,jsonb,是,,否,否,,P1-内部,,设计字段,P015
sjg_oms,reward,point_transaction_item,积分流水明细项,子表,17,related_object_type,关联对象类型,varchar(128),是,,否,否,,P1-内部,,设计字段,P015
sjg_oms,reward,point_transaction_item,积分流水明细项,子表,18,related_object_id,关联对象ID,uuid,是,,否,否,,P1-内部,,设计字段,P015
sjg_oms,reward,point_transaction_item,积分流水明细项,子表,19,amount,金额,"numeric(18,2)",是,,否,否,,P1-内部,,设计字段,P015
sjg_oms,reward,point_transaction_item,积分流水明细项,子表,20,quantity,数量,"numeric(18,6)",是,,否,否,,P1-内部,,设计字段,P015
sjg_oms,reward,point_transaction_item,积分流水明细项,子表,21,sort_no,排序,integer,否,0,否,否,,P1-内部,,设计字段,P015
sjg_oms,reward,reward_case,奖励事项主表,主表,1,id,主键ID,uuid,否,gen_random_uuid(),是,否,,P1-内部,,设计字段,P013
sjg_oms,reward,reward_case,奖励事项主表,主表,2,tenant_id,租户ID,uuid,否,,否,否,core.tenant.id,P1-内部,所有业务唯一键必须包含tenant_id,设计字段,P013
sjg_oms,reward,reward_case,奖励事项主表,主表,3,business_no,业务单号,varchar(64),否,,否,是,,P1-内部,租户内唯一；由core.sequence_rule生成,设计字段,P013
sjg_oms,reward,reward_case,奖励事项主表,主表,4,workflow_instance_id,流程实例ID,uuid,是,,否,否,workflow.wf_instance.id,P1-内部,,设计字段,P013
sjg_oms,reward,reward_case,奖励事项主表,主表,5,status,业务状态,varchar(32),否,'DRAFT',否,否,,P1-内部,仅由状态机合法迁移,设计字段,P013
sjg_oms,reward,reward_case,奖励事项主表,主表,6,version_no,乐观锁版本,integer,否,0,否,否,,P1-内部,更新时version_no+1，冲突则拒绝,设计字段,P013
sjg_oms,reward,reward_case,奖励事项主表,主表,7,created_by,创建人,uuid,是,,否,否,org.employee.id,P1-内部,,设计字段,P013
sjg_oms,reward,reward_case,奖励事项主表,主表,8,created_at,创建时间,timestamptz,否,now(),否,否,,P1-内部,,设计字段,P013
sjg_oms,reward,reward_case,奖励事项主表,主表,9,updated_by,更新人,uuid,是,,否,否,org.employee.id,P1-内部,,设计字段,P013
sjg_oms,reward,reward_case,奖励事项主表,主表,10,updated_at,更新时间,timestamptz,否,now(),否,否,,P1-内部,,设计字段,P013
sjg_oms,reward,reward_case,奖励事项主表,主表,11,is_deleted,逻辑删除,boolean,否,false,否,否,,P1-内部,,设计字段,P013
sjg_oms,reward,reward_case,奖励事项主表,主表,12,deleted_at,删除时间,timestamptz,是,,否,否,,P1-内部,,设计字段,P013
sjg_oms,reward,reward_case,奖励事项主表,主表,13,source_channel,来源渠道,varchar(32),是,,否,否,,P1-内部,,设计字段,P013
sjg_oms,reward,reward_case,奖励事项主表,主表,14,business_date,业务日期,date,是,,否,否,,P1-内部,,设计字段,P013
sjg_oms,reward,reward_case,奖励事项主表,主表,15,subject,主题,varchar(255),是,,否,否,,P1-内部,,设计字段,P013
sjg_oms,reward,reward_case,奖励事项主表,主表,16,reason,原因,text,是,,否,否,,P1-内部,,设计字段,P013
sjg_oms,reward,reward_case,奖励事项主表,主表,17,priority,优先级,varchar(16),否,'NORMAL',否,否,,P1-内部,,设计字段,P013
sjg_oms,reward,reward_case,奖励事项主表,主表,18,risk_level,风险等级,varchar(16),是,,否,否,,P1-内部,,设计字段,P013
sjg_oms,reward,reward_case,奖励事项主表,主表,19,owner_center_id,归属中心,uuid,是,,否,否,org.organization.id,P1-内部,,设计字段,P013
sjg_oms,reward,reward_case,奖励事项主表,主表,20,owner_department_id,归属部门,uuid,是,,否,否,org.organization.id,P1-内部,,设计字段,P013
sjg_oms,reward,reward_case,奖励事项主表,主表,21,owner_employee_id,责任人,uuid,是,,否,否,org.employee.id,P1-内部,,设计字段,P013
sjg_oms,reward,reward_case,奖励事项主表,主表,22,planned_start_at,计划开始,timestamptz,是,,否,否,,P1-内部,,设计字段,P013
sjg_oms,reward,reward_case,奖励事项主表,主表,23,planned_finish_at,计划完成,timestamptz,是,,否,否,,P1-内部,,设计字段,P013
sjg_oms,reward,reward_case,奖励事项主表,主表,24,actual_start_at,实际开始,timestamptz,是,,否,否,,P1-内部,,设计字段,P013
sjg_oms,reward,reward_case,奖励事项主表,主表,25,actual_end_at,实际完成,timestamptz,是,,否,否,,P1-内部,,设计字段,P013
sjg_oms,reward,reward_case,奖励事项主表,主表,26,result_summary,结果摘要,text,是,,否,否,,P1-内部,,设计字段,P013
sjg_oms,reward,reward_case,奖励事项主表,主表,27,closed_at,关闭时间,timestamptz,是,,否,否,,P1-内部,,设计字段,P013
sjg_oms,reward,reward_case,奖励事项主表,主表,28,actual_amount,实际金额,"numeric(18,2)",是,,否,否,,P1-内部,,原始流程字段,P013
sjg_oms,reward,reward_case,奖励事项主表,主表,29,benefit_amount,奖金/慰问金额,"numeric(18,2)",是,,否,否,,P3-高度敏感,不得小于0,原始流程字段,P013
sjg_oms,reward,reward_case,奖励事项主表,主表,30,comp_grade_impact,薪酬/等级影响,text,是,,否,否,,P3-高度敏感,,原始流程字段,P013
sjg_oms,reward,reward_case,奖励事项主表,主表,31,employee_event_type,事件类型,varchar(64),否,,否,否,,P1-内部,,原始流程字段,P013
sjg_oms,reward,reward_case,奖励事项主表,主表,32,fact_occurred_at,事实发生时间,timestamptz,否,,否,否,,P1-内部,,原始流程字段,P013
sjg_oms,reward,reward_case,奖励事项主表,主表,33,fact_summary,事实与证据摘要,text,否,,否,否,,P1-内部,,原始流程字段,P013
sjg_oms,reward,reward_case,奖励事项主表,主表,34,impact_effective_date,执行生效日期,date,是,,否,否,,P1-内部,,原始流程字段,P013
sjg_oms,reward,reward_case,奖励事项主表,主表,35,impact_level,影响级别,varchar(64),否,,否,否,,P1-内部,,原始流程字段,P013
sjg_oms,reward,reward_case,奖励事项主表,主表,36,points_delta,积分变动值,bigint,是,,否,否,,P1-内部,,原始流程字段,P013
sjg_oms,sales,customer_handover,客户移交主表,主表,1,id,主键ID,uuid,否,gen_random_uuid(),是,否,,P1-内部,,设计字段,P119
sjg_oms,sales,customer_handover,客户移交主表,主表,2,tenant_id,租户ID,uuid,否,,否,否,core.tenant.id,P1-内部,所有业务唯一键必须包含tenant_id,设计字段,P119
sjg_oms,sales,customer_handover,客户移交主表,主表,3,business_no,业务单号,varchar(64),否,,否,是,,P1-内部,租户内唯一；由core.sequence_rule生成,设计字段,P119
sjg_oms,sales,customer_handover,客户移交主表,主表,4,workflow_instance_id,流程实例ID,uuid,是,,否,否,workflow.wf_instance.id,P1-内部,,设计字段,P119
sjg_oms,sales,customer_handover,客户移交主表,主表,5,status,业务状态,varchar(32),否,'DRAFT',否,否,,P1-内部,仅由状态机合法迁移,设计字段,P119
sjg_oms,sales,customer_handover,客户移交主表,主表,6,version_no,乐观锁版本,integer,否,0,否,否,,P1-内部,更新时version_no+1，冲突则拒绝,设计字段,P119
sjg_oms,sales,customer_handover,客户移交主表,主表,7,created_by,创建人,uuid,是,,否,否,org.employee.id,P1-内部,,设计字段,P119
sjg_oms,sales,customer_handover,客户移交主表,主表,8,created_at,创建时间,timestamptz,否,now(),否,否,,P1-内部,,设计字段,P119
sjg_oms,sales,customer_handover,客户移交主表,主表,9,updated_by,更新人,uuid,是,,否,否,org.employee.id,P1-内部,,设计字段,P119
sjg_oms,sales,customer_handover,客户移交主表,主表,10,updated_at,更新时间,timestamptz,否,now(),否,否,,P1-内部,,设计字段,P119
sjg_oms,sales,customer_handover,客户移交主表,主表,11,is_deleted,逻辑删除,boolean,否,false,否,否,,P1-内部,,设计字段,P119
sjg_oms,sales,customer_handover,客户移交主表,主表,12,deleted_at,删除时间,timestamptz,是,,否,否,,P1-内部,,设计字段,P119
sjg_oms,sales,customer_handover,客户移交主表,主表,13,source_channel,来源渠道,varchar(32),是,,否,否,,P1-内部,,设计字段,P119
sjg_oms,sales,customer_handover,客户移交主表,主表,14,business_date,业务日期,date,是,,否,否,,P1-内部,,设计字段,P119
sjg_oms,sales,customer_handover,客户移交主表,主表,15,subject,主题,varchar(255),是,,否,否,,P1-内部,,设计字段,P119
sjg_oms,sales,customer_handover,客户移交主表,主表,16,reason,原因,text,是,,否,否,,P1-内部,,设计字段,P119
sjg_oms,sales,customer_handover,客户移交主表,主表,17,priority,优先级,varchar(16),否,'NORMAL',否,否,,P1-内部,,设计字段,P119
sjg_oms,sales,customer_handover,客户移交主表,主表,18,risk_level,风险等级,varchar(16),是,,否,否,,P1-内部,,设计字段,P119
sjg_oms,sales,customer_handover,客户移交主表,主表,19,owner_center_id,归属中心,uuid,是,,否,否,org.organization.id,P1-内部,,设计字段,P119
sjg_oms,sales,customer_handover,客户移交主表,主表,20,owner_department_id,归属部门,uuid,是,,否,否,org.organization.id,P1-内部,,设计字段,P119
sjg_oms,sales,customer_handover,客户移交主表,主表,21,owner_employee_id,责任人,uuid,是,,否,否,org.employee.id,P1-内部,,设计字段,P119
sjg_oms,sales,customer_handover,客户移交主表,主表,22,planned_start_at,计划开始,timestamptz,是,,否,否,,P1-内部,,设计字段,P119
sjg_oms,sales,customer_handover,客户移交主表,主表,23,planned_finish_at,计划完成,timestamptz,是,,否,否,,P1-内部,,设计字段,P119
sjg_oms,sales,customer_handover,客户移交主表,主表,24,actual_start_at,实际开始,timestamptz,是,,否,否,,P1-内部,,设计字段,P119
sjg_oms,sales,customer_handover,客户移交主表,主表,25,actual_end_at,实际完成,timestamptz,是,,否,否,,P1-内部,,设计字段,P119
sjg_oms,sales,customer_handover,客户移交主表,主表,26,result_summary,结果摘要,text,是,,否,否,,P1-内部,,设计字段,P119
sjg_oms,sales,customer_handover,客户移交主表,主表,27,closed_at,关闭时间,timestamptz,是,,否,否,,P1-内部,,设计字段,P119
sjg_oms,sales,customer_handover,客户移交主表,主表,28,actual_amount,实际金额,"numeric(18,2)",是,,否,否,,P1-内部,,原始流程字段,P119
sjg_oms,sales,customer_handover,客户移交主表,主表,29,contact_name,联系人,varchar(100),是,,否,否,,P2-个人,,原始流程字段,P119
sjg_oms,sales,customer_handover,客户移交主表,主表,30,contact_phone,联系电话,varchar(32),是,,否,否,,P2-个人,手机号格式,原始流程字段,P119
sjg_oms,sales,customer_handover,客户移交主表,主表,31,customer_id,客户编号,varchar(32),否,,否,否,,P1-内部,,原始流程字段,P119
sjg_oms,sales,customer_handover,客户移交主表,主表,32,customer_name,客户名称,varchar(200),否,,否,否,,P1-内部,,原始流程字段,P119
sjg_oms,sales,customer_handover,客户移交主表,主表,33,expected_close_date,预计成交日期,date,是,,否,否,,P1-内部,,原始流程字段,P119
sjg_oms,sales,customer_handover,客户移交主表,主表,34,expected_revenue,预计成交金额,"numeric(18,2)",是,,否,否,,P1-内部,,原始流程字段,P119
sjg_oms,sales,customer_handover,客户移交主表,主表,35,lead_opportunity_no,线索/商机编号,varchar(64),是,,否,否,,P1-内部,,原始流程字段,P119
sjg_oms,sales,customer_handover,客户移交主表,主表,36,lead_source,线索来源,varchar(64),是,,否,否,,P1-内部,,原始流程字段,P119
sjg_oms,sales,customer_handover,客户移交主表,主表,37,person_name,姓名,varchar(50),否,,否,否,,P2-个人,,原始流程字段,P119
sjg_oms,sales,customer_handover,客户移交主表,主表,38,person_no,人员/候选人编号,varchar(32),否,,否,否,,P1-内部,,原始流程字段,P119
sjg_oms,sales,customer_handover,客户移交主表,主表,39,sales_owner_id,负责人/归属,varchar(32),否,,否,否,,P1-内部,,原始流程字段,P119
sjg_oms,sales,customer_handover_item,客户移交明细项,子表,1,id,主键ID,uuid,否,gen_random_uuid(),是,否,,P1-内部,,设计字段,P119
sjg_oms,sales,customer_handover_item,客户移交明细项,子表,2,tenant_id,租户ID,uuid,否,,否,否,core.tenant.id,P1-内部,所有业务唯一键必须包含tenant_id,设计字段,P119
sjg_oms,sales,customer_handover_item,客户移交明细项,子表,3,created_by,创建人,uuid,是,,否,否,org.employee.id,P1-内部,,设计字段,P119
sjg_oms,sales,customer_handover_item,客户移交明细项,子表,4,created_at,创建时间,timestamptz,否,now(),否,否,,P1-内部,,设计字段,P119
sjg_oms,sales,customer_handover_item,客户移交明细项,子表,5,updated_by,更新人,uuid,是,,否,否,org.employee.id,P1-内部,,设计字段,P119
sjg_oms,sales,customer_handover_item,客户移交明细项,子表,6,updated_at,更新时间,timestamptz,否,now(),否,否,,P1-内部,,设计字段,P119
sjg_oms,sales,customer_handover_item,客户移交明细项,子表,7,is_deleted,逻辑删除,boolean,否,false,否,否,,P1-内部,,设计字段,P119
sjg_oms,sales,customer_handover_item,客户移交明细项,子表,8,deleted_at,删除时间,timestamptz,是,,否,否,,P1-内部,,设计字段,P119
sjg_oms,sales,customer_handover_item,客户移交明细项,子表,9,master_id,主表ID,uuid,否,,否,否,sales.customer_handover.id,P1-内部,,设计字段,P119
sjg_oms,sales,customer_handover_item,客户移交明细项,子表,10,field_code,来源字段编码,varchar(128),否,,否,否,,P1-内部,,设计字段,P119
sjg_oms,sales,customer_handover_item,客户移交明细项,子表,11,item_seq,明细序号,integer,否,0,否,否,,P1-内部,,设计字段,P119
sjg_oms,sales,customer_handover_item,客户移交明细项,子表,12,item_key,明细键,varchar(128),是,,否,否,,P1-内部,,设计字段,P119
sjg_oms,sales,customer_handover_item,客户移交明细项,子表,13,item_name,明细名称,varchar(255),是,,否,否,,P1-内部,,设计字段,P119
sjg_oms,sales,customer_handover_item,客户移交明细项,子表,14,item_value_text,文本值,text,是,,否,否,,P1-内部,,设计字段,P119
sjg_oms,sales,customer_handover_item,客户移交明细项,子表,15,item_value_number,数值,"numeric(24,8)",是,,否,否,,P1-内部,,设计字段,P119
sjg_oms,sales,customer_handover_item,客户移交明细项,子表,16,item_value_json,结构化值,jsonb,是,,否,否,,P1-内部,,设计字段,P119
sjg_oms,sales,customer_handover_item,客户移交明细项,子表,17,related_object_type,关联对象类型,varchar(128),是,,否,否,,P1-内部,,设计字段,P119
sjg_oms,sales,customer_handover_item,客户移交明细项,子表,18,related_object_id,关联对象ID,uuid,是,,否,否,,P1-内部,,设计字段,P119
sjg_oms,sales,customer_handover_item,客户移交明细项,子表,19,amount,金额,"numeric(18,2)",是,,否,否,,P1-内部,,设计字段,P119
sjg_oms,sales,customer_handover_item,客户移交明细项,子表,20,quantity,数量,"numeric(18,6)",是,,否,否,,P1-内部,,设计字段,P119
sjg_oms,sales,customer_handover_item,客户移交明细项,子表,21,sort_no,排序,integer,否,0,否,否,,P1-内部,,设计字段,P119
sjg_oms,sales,deal,销售成交主表,主表,1,id,主键ID,uuid,否,gen_random_uuid(),是,否,,P1-内部,,设计字段,P117
sjg_oms,sales,deal,销售成交主表,主表,2,tenant_id,租户ID,uuid,否,,否,否,core.tenant.id,P1-内部,所有业务唯一键必须包含tenant_id,设计字段,P117
sjg_oms,sales,deal,销售成交主表,主表,3,business_no,业务单号,varchar(64),否,,否,是,,P1-内部,租户内唯一；由core.sequence_rule生成,设计字段,P117
sjg_oms,sales,deal,销售成交主表,主表,4,workflow_instance_id,流程实例ID,uuid,是,,否,否,workflow.wf_instance.id,P1-内部,,设计字段,P117
sjg_oms,sales,deal,销售成交主表,主表,5,status,业务状态,varchar(32),否,'DRAFT',否,否,,P1-内部,仅由状态机合法迁移,设计字段,P117
sjg_oms,sales,deal,销售成交主表,主表,6,version_no,乐观锁版本,integer,否,0,否,否,,P1-内部,更新时version_no+1，冲突则拒绝,设计字段,P117
sjg_oms,sales,deal,销售成交主表,主表,7,created_by,创建人,uuid,是,,否,否,org.employee.id,P1-内部,,设计字段,P117
sjg_oms,sales,deal,销售成交主表,主表,8,created_at,创建时间,timestamptz,否,now(),否,否,,P1-内部,,设计字段,P117
sjg_oms,sales,deal,销售成交主表,主表,9,updated_by,更新人,uuid,是,,否,否,org.employee.id,P1-内部,,设计字段,P117
sjg_oms,sales,deal,销售成交主表,主表,10,updated_at,更新时间,timestamptz,否,now(),否,否,,P1-内部,,设计字段,P117
sjg_oms,sales,deal,销售成交主表,主表,11,is_deleted,逻辑删除,boolean,否,false,否,否,,P1-内部,,设计字段,P117
sjg_oms,sales,deal,销售成交主表,主表,12,deleted_at,删除时间,timestamptz,是,,否,否,,P1-内部,,设计字段,P117
sjg_oms,sales,deal,销售成交主表,主表,13,source_channel,来源渠道,varchar(32),是,,否,否,,P1-内部,,设计字段,P117
sjg_oms,sales,deal,销售成交主表,主表,14,business_date,业务日期,date,是,,否,否,,P1-内部,,设计字段,P117
sjg_oms,sales,deal,销售成交主表,主表,15,subject,主题,varchar(255),是,,否,否,,P1-内部,,设计字段,P117
sjg_oms,sales,deal,销售成交主表,主表,16,reason,原因,text,是,,否,否,,P1-内部,,设计字段,P117
sjg_oms,sales,deal,销售成交主表,主表,17,priority,优先级,varchar(16),否,'NORMAL',否,否,,P1-内部,,设计字段,P117
sjg_oms,sales,deal,销售成交主表,主表,18,risk_level,风险等级,varchar(16),是,,否,否,,P1-内部,,设计字段,P117
sjg_oms,sales,deal,销售成交主表,主表,19,owner_center_id,归属中心,uuid,是,,否,否,org.organization.id,P1-内部,,设计字段,P117
sjg_oms,sales,deal,销售成交主表,主表,20,owner_department_id,归属部门,uuid,是,,否,否,org.organization.id,P1-内部,,设计字段,P117
sjg_oms,sales,deal,销售成交主表,主表,21,owner_employee_id,责任人,uuid,是,,否,否,org.employee.id,P1-内部,,设计字段,P117
sjg_oms,sales,deal,销售成交主表,主表,22,planned_start_at,计划开始,timestamptz,是,,否,否,,P1-内部,,设计字段,P117
sjg_oms,sales,deal,销售成交主表,主表,23,planned_finish_at,计划完成,timestamptz,是,,否,否,,P1-内部,,设计字段,P117
sjg_oms,sales,deal,销售成交主表,主表,24,actual_start_at,实际开始,timestamptz,是,,否,否,,P1-内部,,设计字段,P117
sjg_oms,sales,deal,销售成交主表,主表,25,actual_end_at,实际完成,timestamptz,是,,否,否,,P1-内部,,设计字段,P117
sjg_oms,sales,deal,销售成交主表,主表,26,result_summary,结果摘要,text,是,,否,否,,P1-内部,,设计字段,P117
sjg_oms,sales,deal,销售成交主表,主表,27,closed_at,关闭时间,timestamptz,是,,否,否,,P1-内部,,设计字段,P117
sjg_oms,sales,deal,销售成交主表,主表,28,actual_amount,实际金额,"numeric(18,2)",是,,否,否,,P1-内部,,原始流程字段,P117
sjg_oms,sales,deal,销售成交主表,主表,29,contact_name,联系人,varchar(100),是,,否,否,,P2-个人,,原始流程字段,P117
sjg_oms,sales,deal,销售成交主表,主表,30,contact_phone,联系电话,varchar(32),是,,否,否,,P2-个人,手机号格式,原始流程字段,P117
sjg_oms,sales,deal,销售成交主表,主表,31,customer_id,客户编号,varchar(32),否,,否,否,,P1-内部,,原始流程字段,P117
sjg_oms,sales,deal,销售成交主表,主表,32,customer_name,客户名称,varchar(200),否,,否,否,,P1-内部,,原始流程字段,P117
sjg_oms,sales,deal,销售成交主表,主表,33,document_type,文档类型,varchar(64),否,,否,否,,P1-内部,,原始流程字段,P117
sjg_oms,sales,deal,销售成交主表,主表,34,expected_close_date,预计成交日期,date,是,,否,否,,P1-内部,,原始流程字段,P117
sjg_oms,sales,deal,销售成交主表,主表,35,expected_revenue,预计成交金额,"numeric(18,2)",是,,否,否,,P1-内部,,原始流程字段,P117
sjg_oms,sales,deal,销售成交主表,主表,36,lead_opportunity_no,线索/商机编号,varchar(64),是,,否,否,,P1-内部,,原始流程字段,P117
sjg_oms,sales,deal,销售成交主表,主表,37,lead_source,线索来源,varchar(64),是,,否,否,,P1-内部,,原始流程字段,P117
sjg_oms,sales,deal,销售成交主表,主表,38,sales_owner_id,负责人/归属,varchar(32),否,,否,否,,P1-内部,,原始流程字段,P117
sjg_oms,sales,deal_item,销售成交明细项,子表,1,id,主键ID,uuid,否,gen_random_uuid(),是,否,,P1-内部,,设计字段,P117
sjg_oms,sales,deal_item,销售成交明细项,子表,2,tenant_id,租户ID,uuid,否,,否,否,core.tenant.id,P1-内部,所有业务唯一键必须包含tenant_id,设计字段,P117
sjg_oms,sales,deal_item,销售成交明细项,子表,3,created_by,创建人,uuid,是,,否,否,org.employee.id,P1-内部,,设计字段,P117
sjg_oms,sales,deal_item,销售成交明细项,子表,4,created_at,创建时间,timestamptz,否,now(),否,否,,P1-内部,,设计字段,P117
sjg_oms,sales,deal_item,销售成交明细项,子表,5,updated_by,更新人,uuid,是,,否,否,org.employee.id,P1-内部,,设计字段,P117
sjg_oms,sales,deal_item,销售成交明细项,子表,6,updated_at,更新时间,timestamptz,否,now(),否,否,,P1-内部,,设计字段,P117
sjg_oms,sales,deal_item,销售成交明细项,子表,7,is_deleted,逻辑删除,boolean,否,false,否,否,,P1-内部,,设计字段,P117
sjg_oms,sales,deal_item,销售成交明细项,子表,8,deleted_at,删除时间,timestamptz,是,,否,否,,P1-内部,,设计字段,P117
sjg_oms,sales,deal_item,销售成交明细项,子表,9,master_id,主表ID,uuid,否,,否,否,sales.deal.id,P1-内部,,设计字段,P117
sjg_oms,sales,deal_item,销售成交明细项,子表,10,field_code,来源字段编码,varchar(128),否,,否,否,,P1-内部,,设计字段,P117
sjg_oms,sales,deal_item,销售成交明细项,子表,11,item_seq,明细序号,integer,否,0,否,否,,P1-内部,,设计字段,P117
sjg_oms,sales,deal_item,销售成交明细项,子表,12,item_key,明细键,varchar(128),是,,否,否,,P1-内部,,设计字段,P117
sjg_oms,sales,deal_item,销售成交明细项,子表,13,item_name,明细名称,varchar(255),是,,否,否,,P1-内部,,设计字段,P117
sjg_oms,sales,deal_item,销售成交明细项,子表,14,item_value_text,文本值,text,是,,否,否,,P1-内部,,设计字段,P117
sjg_oms,sales,deal_item,销售成交明细项,子表,15,item_value_number,数值,"numeric(24,8)",是,,否,否,,P1-内部,,设计字段,P117
sjg_oms,sales,deal_item,销售成交明细项,子表,16,item_value_json,结构化值,jsonb,是,,否,否,,P1-内部,,设计字段,P117
sjg_oms,sales,deal_item,销售成交明细项,子表,17,related_object_type,关联对象类型,varchar(128),是,,否,否,,P1-内部,,设计字段,P117
sjg_oms,sales,deal_item,销售成交明细项,子表,18,related_object_id,关联对象ID,uuid,是,,否,否,,P1-内部,,设计字段,P117
sjg_oms,sales,deal_item,销售成交明细项,子表,19,amount,金额,"numeric(18,2)",是,,否,否,,P1-内部,,设计字段,P117
sjg_oms,sales,deal_item,销售成交明细项,子表,20,quantity,数量,"numeric(18,6)",是,,否,否,,P1-内部,,设计字段,P117
sjg_oms,sales,deal_item,销售成交明细项,子表,21,sort_no,排序,integer,否,0,否,否,,P1-内部,,设计字段,P117
sjg_oms,sales,lead,销售线索主表,主表,1,id,主键ID,uuid,否,gen_random_uuid(),是,否,,P1-内部,,设计字段,P116
sjg_oms,sales,lead,销售线索主表,主表,2,tenant_id,租户ID,uuid,否,,否,否,core.tenant.id,P1-内部,所有业务唯一键必须包含tenant_id,设计字段,P116
sjg_oms,sales,lead,销售线索主表,主表,3,business_no,业务单号,varchar(64),否,,否,是,,P1-内部,租户内唯一；由core.sequence_rule生成,设计字段,P116
sjg_oms,sales,lead,销售线索主表,主表,4,workflow_instance_id,流程实例ID,uuid,是,,否,否,workflow.wf_instance.id,P1-内部,,设计字段,P116
sjg_oms,sales,lead,销售线索主表,主表,5,status,业务状态,varchar(32),否,'DRAFT',否,否,,P1-内部,仅由状态机合法迁移,设计字段,P116
sjg_oms,sales,lead,销售线索主表,主表,6,version_no,乐观锁版本,integer,否,0,否,否,,P1-内部,更新时version_no+1，冲突则拒绝,设计字段,P116
sjg_oms,sales,lead,销售线索主表,主表,7,created_by,创建人,uuid,是,,否,否,org.employee.id,P1-内部,,设计字段,P116
sjg_oms,sales,lead,销售线索主表,主表,8,created_at,创建时间,timestamptz,否,now(),否,否,,P1-内部,,设计字段,P116
sjg_oms,sales,lead,销售线索主表,主表,9,updated_by,更新人,uuid,是,,否,否,org.employee.id,P1-内部,,设计字段,P116
sjg_oms,sales,lead,销售线索主表,主表,10,updated_at,更新时间,timestamptz,否,now(),否,否,,P1-内部,,设计字段,P116
sjg_oms,sales,lead,销售线索主表,主表,11,is_deleted,逻辑删除,boolean,否,false,否,否,,P1-内部,,设计字段,P116
sjg_oms,sales,lead,销售线索主表,主表,12,deleted_at,删除时间,timestamptz,是,,否,否,,P1-内部,,设计字段,P116
sjg_oms,sales,lead,销售线索主表,主表,13,source_channel,来源渠道,varchar(32),是,,否,否,,P1-内部,,设计字段,P116
sjg_oms,sales,lead,销售线索主表,主表,14,business_date,业务日期,date,是,,否,否,,P1-内部,,设计字段,P116
sjg_oms,sales,lead,销售线索主表,主表,15,subject,主题,varchar(255),是,,否,否,,P1-内部,,设计字段,P116
sjg_oms,sales,lead,销售线索主表,主表,16,reason,原因,text,是,,否,否,,P1-内部,,设计字段,P116
sjg_oms,sales,lead,销售线索主表,主表,17,priority,优先级,varchar(16),否,'NORMAL',否,否,,P1-内部,,设计字段,P116
sjg_oms,sales,lead,销售线索主表,主表,18,risk_level,风险等级,varchar(16),是,,否,否,,P1-内部,,设计字段,P116
sjg_oms,sales,lead,销售线索主表,主表,19,owner_center_id,归属中心,uuid,是,,否,否,org.organization.id,P1-内部,,设计字段,P116
sjg_oms,sales,lead,销售线索主表,主表,20,owner_department_id,归属部门,uuid,是,,否,否,org.organization.id,P1-内部,,设计字段,P116
sjg_oms,sales,lead,销售线索主表,主表,21,owner_employee_id,责任人,uuid,是,,否,否,org.employee.id,P1-内部,,设计字段,P116
sjg_oms,sales,lead,销售线索主表,主表,22,planned_start_at,计划开始,timestamptz,是,,否,否,,P1-内部,,设计字段,P116
sjg_oms,sales,lead,销售线索主表,主表,23,planned_finish_at,计划完成,timestamptz,是,,否,否,,P1-内部,,设计字段,P116
sjg_oms,sales,lead,销售线索主表,主表,24,actual_start_at,实际开始,timestamptz,是,,否,否,,P1-内部,,设计字段,P116
sjg_oms,sales,lead,销售线索主表,主表,25,actual_end_at,实际完成,timestamptz,是,,否,否,,P1-内部,,设计字段,P116
sjg_oms,sales,lead,销售线索主表,主表,26,result_summary,结果摘要,text,是,,否,否,,P1-内部,,设计字段,P116
sjg_oms,sales,lead,销售线索主表,主表,27,closed_at,关闭时间,timestamptz,是,,否,否,,P1-内部,,设计字段,P116
sjg_oms,sales,lead,销售线索主表,主表,28,actual_amount,实际金额,"numeric(18,2)",是,,否,否,,P1-内部,,原始流程字段,P116
sjg_oms,sales,lead,销售线索主表,主表,29,contact_name,联系人,varchar(100),是,,否,否,,P2-个人,,原始流程字段,P116
sjg_oms,sales,lead,销售线索主表,主表,30,contact_phone,联系电话,varchar(32),是,,否,否,,P2-个人,手机号格式,原始流程字段,P116
sjg_oms,sales,lead,销售线索主表,主表,31,customer_id,客户编号,varchar(32),否,,否,否,,P1-内部,,原始流程字段,P116
sjg_oms,sales,lead,销售线索主表,主表,32,customer_name,客户名称,varchar(200),否,,否,否,,P1-内部,,原始流程字段,P116
sjg_oms,sales,lead,销售线索主表,主表,33,expected_close_date,预计成交日期,date,是,,否,否,,P1-内部,,原始流程字段,P116
sjg_oms,sales,lead,销售线索主表,主表,34,expected_revenue,预计成交金额,"numeric(18,2)",是,,否,否,,P1-内部,,原始流程字段,P116
sjg_oms,sales,lead,销售线索主表,主表,35,lead_opportunity_no,线索/商机编号,varchar(64),是,,否,否,,P1-内部,,原始流程字段,P116
sjg_oms,sales,lead,销售线索主表,主表,36,lead_source,线索来源,varchar(64),是,,否,否,,P1-内部,,原始流程字段,P116
sjg_oms,sales,lead,销售线索主表,主表,37,period_or_course_no,周期/课程编号,varchar(32),否,,否,否,,P1-内部,,原始流程字段,P116
sjg_oms,sales,lead,销售线索主表,主表,38,sales_owner_id,负责人/归属,varchar(32),否,,否,否,,P1-内部,,原始流程字段,P116
sjg_oms,sales,lead_item,销售线索明细项,子表,1,id,主键ID,uuid,否,gen_random_uuid(),是,否,,P1-内部,,设计字段,P116
sjg_oms,sales,lead_item,销售线索明细项,子表,2,tenant_id,租户ID,uuid,否,,否,否,core.tenant.id,P1-内部,所有业务唯一键必须包含tenant_id,设计字段,P116
sjg_oms,sales,lead_item,销售线索明细项,子表,3,created_by,创建人,uuid,是,,否,否,org.employee.id,P1-内部,,设计字段,P116
sjg_oms,sales,lead_item,销售线索明细项,子表,4,created_at,创建时间,timestamptz,否,now(),否,否,,P1-内部,,设计字段,P116
sjg_oms,sales,lead_item,销售线索明细项,子表,5,updated_by,更新人,uuid,是,,否,否,org.employee.id,P1-内部,,设计字段,P116
sjg_oms,sales,lead_item,销售线索明细项,子表,6,updated_at,更新时间,timestamptz,否,now(),否,否,,P1-内部,,设计字段,P116
sjg_oms,sales,lead_item,销售线索明细项,子表,7,is_deleted,逻辑删除,boolean,否,false,否,否,,P1-内部,,设计字段,P116
sjg_oms,sales,lead_item,销售线索明细项,子表,8,deleted_at,删除时间,timestamptz,是,,否,否,,P1-内部,,设计字段,P116
sjg_oms,sales,lead_item,销售线索明细项,子表,9,master_id,主表ID,uuid,否,,否,否,sales.lead.id,P1-内部,,设计字段,P116
sjg_oms,sales,lead_item,销售线索明细项,子表,10,field_code,来源字段编码,varchar(128),否,,否,否,,P1-内部,,设计字段,P116
sjg_oms,sales,lead_item,销售线索明细项,子表,11,item_seq,明细序号,integer,否,0,否,否,,P1-内部,,设计字段,P116
sjg_oms,sales,lead_item,销售线索明细项,子表,12,item_key,明细键,varchar(128),是,,否,否,,P1-内部,,设计字段,P116
sjg_oms,sales,lead_item,销售线索明细项,子表,13,item_name,明细名称,varchar(255),是,,否,否,,P1-内部,,设计字段,P116
sjg_oms,sales,lead_item,销售线索明细项,子表,14,item_value_text,文本值,text,是,,否,否,,P1-内部,,设计字段,P116
sjg_oms,sales,lead_item,销售线索明细项,子表,15,item_value_number,数值,"numeric(24,8)",是,,否,否,,P1-内部,,设计字段,P116
sjg_oms,sales,lead_item,销售线索明细项,子表,16,item_value_json,结构化值,jsonb,是,,否,否,,P1-内部,,设计字段,P116
sjg_oms,sales,lead_item,销售线索明细项,子表,17,related_object_type,关联对象类型,varchar(128),是,,否,否,,P1-内部,,设计字段,P116
sjg_oms,sales,lead_item,销售线索明细项,子表,18,related_object_id,关联对象ID,uuid,是,,否,否,,P1-内部,,设计字段,P116
sjg_oms,sales,lead_item,销售线索明细项,子表,19,amount,金额,"numeric(18,2)",是,,否,否,,P1-内部,,设计字段,P116
sjg_oms,sales,lead_item,销售线索明细项,子表,20,quantity,数量,"numeric(18,6)",是,,否,否,,P1-内部,,设计字段,P116
sjg_oms,sales,lead_item,销售线索明细项,子表,21,sort_no,排序,integer,否,0,否,否,,P1-内部,,设计字段,P116
sjg_oms,sales,secondary_sale,二次销售主表,主表,1,id,主键ID,uuid,否,gen_random_uuid(),是,否,,P1-内部,,设计字段,P118
sjg_oms,sales,secondary_sale,二次销售主表,主表,2,tenant_id,租户ID,uuid,否,,否,否,core.tenant.id,P1-内部,所有业务唯一键必须包含tenant_id,设计字段,P118
sjg_oms,sales,secondary_sale,二次销售主表,主表,3,business_no,业务单号,varchar(64),否,,否,是,,P1-内部,租户内唯一；由core.sequence_rule生成,设计字段,P118
sjg_oms,sales,secondary_sale,二次销售主表,主表,4,workflow_instance_id,流程实例ID,uuid,是,,否,否,workflow.wf_instance.id,P1-内部,,设计字段,P118
sjg_oms,sales,secondary_sale,二次销售主表,主表,5,status,业务状态,varchar(32),否,'DRAFT',否,否,,P1-内部,仅由状态机合法迁移,设计字段,P118
sjg_oms,sales,secondary_sale,二次销售主表,主表,6,version_no,乐观锁版本,integer,否,0,否,否,,P1-内部,更新时version_no+1，冲突则拒绝,设计字段,P118
sjg_oms,sales,secondary_sale,二次销售主表,主表,7,created_by,创建人,uuid,是,,否,否,org.employee.id,P1-内部,,设计字段,P118
sjg_oms,sales,secondary_sale,二次销售主表,主表,8,created_at,创建时间,timestamptz,否,now(),否,否,,P1-内部,,设计字段,P118
sjg_oms,sales,secondary_sale,二次销售主表,主表,9,updated_by,更新人,uuid,是,,否,否,org.employee.id,P1-内部,,设计字段,P118
sjg_oms,sales,secondary_sale,二次销售主表,主表,10,updated_at,更新时间,timestamptz,否,now(),否,否,,P1-内部,,设计字段,P118
sjg_oms,sales,secondary_sale,二次销售主表,主表,11,is_deleted,逻辑删除,boolean,否,false,否,否,,P1-内部,,设计字段,P118
sjg_oms,sales,secondary_sale,二次销售主表,主表,12,deleted_at,删除时间,timestamptz,是,,否,否,,P1-内部,,设计字段,P118
sjg_oms,sales,secondary_sale,二次销售主表,主表,13,source_channel,来源渠道,varchar(32),是,,否,否,,P1-内部,,设计字段,P118
sjg_oms,sales,secondary_sale,二次销售主表,主表,14,business_date,业务日期,date,是,,否,否,,P1-内部,,设计字段,P118
sjg_oms,sales,secondary_sale,二次销售主表,主表,15,subject,主题,varchar(255),是,,否,否,,P1-内部,,设计字段,P118
sjg_oms,sales,secondary_sale,二次销售主表,主表,16,reason,原因,text,是,,否,否,,P1-内部,,设计字段,P118
sjg_oms,sales,secondary_sale,二次销售主表,主表,17,priority,优先级,varchar(16),否,'NORMAL',否,否,,P1-内部,,设计字段,P118
sjg_oms,sales,secondary_sale,二次销售主表,主表,18,risk_level,风险等级,varchar(16),是,,否,否,,P1-内部,,设计字段,P118
sjg_oms,sales,secondary_sale,二次销售主表,主表,19,owner_center_id,归属中心,uuid,是,,否,否,org.organization.id,P1-内部,,设计字段,P118
sjg_oms,sales,secondary_sale,二次销售主表,主表,20,owner_department_id,归属部门,uuid,是,,否,否,org.organization.id,P1-内部,,设计字段,P118
sjg_oms,sales,secondary_sale,二次销售主表,主表,21,owner_employee_id,责任人,uuid,是,,否,否,org.employee.id,P1-内部,,设计字段,P118
sjg_oms,sales,secondary_sale,二次销售主表,主表,22,planned_start_at,计划开始,timestamptz,是,,否,否,,P1-内部,,设计字段,P118
sjg_oms,sales,secondary_sale,二次销售主表,主表,23,planned_finish_at,计划完成,timestamptz,是,,否,否,,P1-内部,,设计字段,P118
sjg_oms,sales,secondary_sale,二次销售主表,主表,24,actual_start_at,实际开始,timestamptz,是,,否,否,,P1-内部,,设计字段,P118
sjg_oms,sales,secondary_sale,二次销售主表,主表,25,actual_end_at,实际完成,timestamptz,是,,否,否,,P1-内部,,设计字段,P118
sjg_oms,sales,secondary_sale,二次销售主表,主表,26,result_summary,结果摘要,text,是,,否,否,,P1-内部,,设计字段,P118
sjg_oms,sales,secondary_sale,二次销售主表,主表,27,closed_at,关闭时间,timestamptz,是,,否,否,,P1-内部,,设计字段,P118
sjg_oms,sales,secondary_sale,二次销售主表,主表,28,actual_amount,实际金额,"numeric(18,2)",是,,否,否,,P1-内部,,原始流程字段,P118
sjg_oms,sales,secondary_sale,二次销售主表,主表,29,contact_name,联系人,varchar(100),是,,否,否,,P2-个人,,原始流程字段,P118
sjg_oms,sales,secondary_sale,二次销售主表,主表,30,contact_phone,联系电话,varchar(32),是,,否,否,,P2-个人,手机号格式,原始流程字段,P118
sjg_oms,sales,secondary_sale,二次销售主表,主表,31,customer_id,客户编号,varchar(32),否,,否,否,,P1-内部,,原始流程字段,P118
sjg_oms,sales,secondary_sale,二次销售主表,主表,32,customer_name,客户名称,varchar(200),否,,否,否,,P1-内部,,原始流程字段,P118
sjg_oms,sales,secondary_sale,二次销售主表,主表,33,expected_close_date,预计成交日期,date,是,,否,否,,P1-内部,,原始流程字段,P118
sjg_oms,sales,secondary_sale,二次销售主表,主表,34,expected_revenue,预计成交金额,"numeric(18,2)",是,,否,否,,P1-内部,,原始流程字段,P118
sjg_oms,sales,secondary_sale,二次销售主表,主表,35,lead_opportunity_no,线索/商机编号,varchar(64),是,,否,否,,P1-内部,,原始流程字段,P118
sjg_oms,sales,secondary_sale,二次销售主表,主表,36,lead_source,线索来源,varchar(64),是,,否,否,,P1-内部,,原始流程字段,P118
sjg_oms,sales,secondary_sale,二次销售主表,主表,37,order_no,订单编号,varchar(64),否,,否,否,,P1-内部,,原始流程字段,P118
sjg_oms,sales,secondary_sale,二次销售主表,主表,38,sales_channel,销售渠道,varchar(64),否,,否,否,,P1-内部,,原始流程字段,P118
sjg_oms,sales,secondary_sale,二次销售主表,主表,39,sales_owner_id,负责人/归属,varchar(32),否,,否,否,,P1-内部,,原始流程字段,P118
sjg_oms,sales,secondary_sale_item,二次销售明细项,子表,1,id,主键ID,uuid,否,gen_random_uuid(),是,否,,P1-内部,,设计字段,P118
sjg_oms,sales,secondary_sale_item,二次销售明细项,子表,2,tenant_id,租户ID,uuid,否,,否,否,core.tenant.id,P1-内部,所有业务唯一键必须包含tenant_id,设计字段,P118
sjg_oms,sales,secondary_sale_item,二次销售明细项,子表,3,created_by,创建人,uuid,是,,否,否,org.employee.id,P1-内部,,设计字段,P118
sjg_oms,sales,secondary_sale_item,二次销售明细项,子表,4,created_at,创建时间,timestamptz,否,now(),否,否,,P1-内部,,设计字段,P118
sjg_oms,sales,secondary_sale_item,二次销售明细项,子表,5,updated_by,更新人,uuid,是,,否,否,org.employee.id,P1-内部,,设计字段,P118
sjg_oms,sales,secondary_sale_item,二次销售明细项,子表,6,updated_at,更新时间,timestamptz,否,now(),否,否,,P1-内部,,设计字段,P118
sjg_oms,sales,secondary_sale_item,二次销售明细项,子表,7,is_deleted,逻辑删除,boolean,否,false,否,否,,P1-内部,,设计字段,P118
sjg_oms,sales,secondary_sale_item,二次销售明细项,子表,8,deleted_at,删除时间,timestamptz,是,,否,否,,P1-内部,,设计字段,P118
sjg_oms,sales,secondary_sale_item,二次销售明细项,子表,9,master_id,主表ID,uuid,否,,否,否,sales.secondary_sale.id,P1-内部,,设计字段,P118
sjg_oms,sales,secondary_sale_item,二次销售明细项,子表,10,field_code,来源字段编码,varchar(128),否,,否,否,,P1-内部,,设计字段,P118
sjg_oms,sales,secondary_sale_item,二次销售明细项,子表,11,item_seq,明细序号,integer,否,0,否,否,,P1-内部,,设计字段,P118
sjg_oms,sales,secondary_sale_item,二次销售明细项,子表,12,item_key,明细键,varchar(128),是,,否,否,,P1-内部,,设计字段,P118
sjg_oms,sales,secondary_sale_item,二次销售明细项,子表,13,item_name,明细名称,varchar(255),是,,否,否,,P1-内部,,设计字段,P118
sjg_oms,sales,secondary_sale_item,二次销售明细项,子表,14,item_value_text,文本值,text,是,,否,否,,P1-内部,,设计字段,P118
sjg_oms,sales,secondary_sale_item,二次销售明细项,子表,15,item_value_number,数值,"numeric(24,8)",是,,否,否,,P1-内部,,设计字段,P118
sjg_oms,sales,secondary_sale_item,二次销售明细项,子表,16,item_value_json,结构化值,jsonb,是,,否,否,,P1-内部,,设计字段,P118
sjg_oms,sales,secondary_sale_item,二次销售明细项,子表,17,related_object_type,关联对象类型,varchar(128),是,,否,否,,P1-内部,,设计字段,P118
sjg_oms,sales,secondary_sale_item,二次销售明细项,子表,18,related_object_id,关联对象ID,uuid,是,,否,否,,P1-内部,,设计字段,P118
sjg_oms,sales,secondary_sale_item,二次销售明细项,子表,19,amount,金额,"numeric(18,2)",是,,否,否,,P1-内部,,设计字段,P118
sjg_oms,sales,secondary_sale_item,二次销售明细项,子表,20,quantity,数量,"numeric(18,6)",是,,否,否,,P1-内部,,设计字段,P118
sjg_oms,sales,secondary_sale_item,二次销售明细项,子表,21,sort_no,排序,integer,否,0,否,否,,P1-内部,,设计字段,P118
sjg_oms,security,crowd_alert,客流预警主表,主表,1,id,主键ID,uuid,否,gen_random_uuid(),是,否,,P1-内部,,设计字段,P063
sjg_oms,security,crowd_alert,客流预警主表,主表,2,tenant_id,租户ID,uuid,否,,否,否,core.tenant.id,P1-内部,所有业务唯一键必须包含tenant_id,设计字段,P063
sjg_oms,security,crowd_alert,客流预警主表,主表,3,business_no,业务单号,varchar(64),否,,否,是,,P1-内部,租户内唯一；由core.sequence_rule生成,设计字段,P063
sjg_oms,security,crowd_alert,客流预警主表,主表,4,workflow_instance_id,流程实例ID,uuid,是,,否,否,workflow.wf_instance.id,P1-内部,,设计字段,P063
sjg_oms,security,crowd_alert,客流预警主表,主表,5,status,业务状态,varchar(32),否,'DRAFT',否,否,,P1-内部,仅由状态机合法迁移,设计字段,P063
sjg_oms,security,crowd_alert,客流预警主表,主表,6,version_no,乐观锁版本,integer,否,0,否,否,,P1-内部,更新时version_no+1，冲突则拒绝,设计字段,P063
sjg_oms,security,crowd_alert,客流预警主表,主表,7,created_by,创建人,uuid,是,,否,否,org.employee.id,P1-内部,,设计字段,P063
sjg_oms,security,crowd_alert,客流预警主表,主表,8,created_at,创建时间,timestamptz,否,now(),否,否,,P1-内部,,设计字段,P063
sjg_oms,security,crowd_alert,客流预警主表,主表,9,updated_by,更新人,uuid,是,,否,否,org.employee.id,P1-内部,,设计字段,P063
sjg_oms,security,crowd_alert,客流预警主表,主表,10,updated_at,更新时间,timestamptz,否,now(),否,否,,P1-内部,,设计字段,P063
sjg_oms,security,crowd_alert,客流预警主表,主表,11,is_deleted,逻辑删除,boolean,否,false,否,否,,P1-内部,,设计字段,P063
sjg_oms,security,crowd_alert,客流预警主表,主表,12,deleted_at,删除时间,timestamptz,是,,否,否,,P1-内部,,设计字段,P063
sjg_oms,security,crowd_alert,客流预警主表,主表,13,source_channel,来源渠道,varchar(32),是,,否,否,,P1-内部,,设计字段,P063
sjg_oms,security,crowd_alert,客流预警主表,主表,14,business_date,业务日期,date,是,,否,否,,P1-内部,,设计字段,P063
sjg_oms,security,crowd_alert,客流预警主表,主表,15,subject,主题,varchar(255),是,,否,否,,P1-内部,,设计字段,P063
sjg_oms,security,crowd_alert,客流预警主表,主表,16,reason,原因,text,是,,否,否,,P1-内部,,设计字段,P063
sjg_oms,security,crowd_alert,客流预警主表,主表,17,priority,优先级,varchar(16),否,'NORMAL',否,否,,P1-内部,,设计字段,P063
sjg_oms,security,crowd_alert,客流预警主表,主表,18,risk_level,风险等级,varchar(16),是,,否,否,,P1-内部,,设计字段,P063
sjg_oms,security,crowd_alert,客流预警主表,主表,19,owner_center_id,归属中心,uuid,是,,否,否,org.organization.id,P1-内部,,设计字段,P063
sjg_oms,security,crowd_alert,客流预警主表,主表,20,owner_department_id,归属部门,uuid,是,,否,否,org.organization.id,P1-内部,,设计字段,P063
sjg_oms,security,crowd_alert,客流预警主表,主表,21,owner_employee_id,责任人,uuid,是,,否,否,org.employee.id,P1-内部,,设计字段,P063
sjg_oms,security,crowd_alert,客流预警主表,主表,22,planned_start_at,计划开始,timestamptz,是,,否,否,,P1-内部,,设计字段,P063
sjg_oms,security,crowd_alert,客流预警主表,主表,23,planned_finish_at,计划完成,timestamptz,是,,否,否,,P1-内部,,设计字段,P063
sjg_oms,security,crowd_alert,客流预警主表,主表,24,actual_start_at,实际开始,timestamptz,是,,否,否,,P1-内部,,设计字段,P063
sjg_oms,security,crowd_alert,客流预警主表,主表,25,actual_end_at,实际完成,timestamptz,是,,否,否,,P1-内部,,设计字段,P063
sjg_oms,security,crowd_alert,客流预警主表,主表,26,result_summary,结果摘要,text,是,,否,否,,P1-内部,,设计字段,P063
sjg_oms,security,crowd_alert,客流预警主表,主表,27,closed_at,关闭时间,timestamptz,是,,否,否,,P1-内部,,设计字段,P063
sjg_oms,security,crowd_alert,客流预警主表,主表,28,actual_amount,实际金额,"numeric(18,2)",是,,否,否,,P1-内部,,原始流程字段,P063
sjg_oms,security,crowd_alert,客流预警主表,主表,29,converted_to_case,是否转统一案件,boolean,是,,否,否,,P1-内部,,原始流程字段,P063
sjg_oms,security,crowd_alert,客流预警主表,主表,30,immediate_risk_control,先行止险措施,text,是,,否,否,,P1-内部,,原始流程字段,P063
sjg_oms,security,crowd_alert,客流预警主表,主表,31,incident_area_id,发生区域,varchar(64),否,,否,否,,P1-内部,,原始流程字段,P063
sjg_oms,security,crowd_alert,客流预警主表,主表,32,incident_occurred_at,发生时间,timestamptz,否,,否,否,,P1-内部,,原始流程字段,P063
sjg_oms,security,crowd_alert,客流预警主表,主表,33,incident_patrol_no,事件/巡检编号,varchar(64),否,,否,否,,P1-内部,,原始流程字段,P063
sjg_oms,security,crowd_alert,客流预警主表,主表,34,incident_risk_level,风险等级,varchar(64),否,,否,否,,P1-内部,,原始流程字段,P063
sjg_oms,security,crowd_alert,客流预警主表,主表,35,incident_type,事件类型,varchar(64),否,,否,否,,P1-内部,,原始流程字段,P063
sjg_oms,security,crowd_alert,客流预警主表,主表,36,scene_description,现场情况,text,否,,否,否,,P1-内部,,原始流程字段,P063
sjg_oms,security,event_security_plan,活动安保方案主表,主表,1,id,主键ID,uuid,否,gen_random_uuid(),是,否,,P1-内部,,设计字段,P065
sjg_oms,security,event_security_plan,活动安保方案主表,主表,2,tenant_id,租户ID,uuid,否,,否,否,core.tenant.id,P1-内部,所有业务唯一键必须包含tenant_id,设计字段,P065
sjg_oms,security,event_security_plan,活动安保方案主表,主表,3,business_no,业务单号,varchar(64),否,,否,是,,P1-内部,租户内唯一；由core.sequence_rule生成,设计字段,P065
sjg_oms,security,event_security_plan,活动安保方案主表,主表,4,workflow_instance_id,流程实例ID,uuid,是,,否,否,workflow.wf_instance.id,P1-内部,,设计字段,P065
sjg_oms,security,event_security_plan,活动安保方案主表,主表,5,status,业务状态,varchar(32),否,'DRAFT',否,否,,P1-内部,仅由状态机合法迁移,设计字段,P065
sjg_oms,security,event_security_plan,活动安保方案主表,主表,6,version_no,乐观锁版本,integer,否,0,否,否,,P1-内部,更新时version_no+1，冲突则拒绝,设计字段,P065
sjg_oms,security,event_security_plan,活动安保方案主表,主表,7,created_by,创建人,uuid,是,,否,否,org.employee.id,P1-内部,,设计字段,P065
sjg_oms,security,event_security_plan,活动安保方案主表,主表,8,created_at,创建时间,timestamptz,否,now(),否,否,,P1-内部,,设计字段,P065
sjg_oms,security,event_security_plan,活动安保方案主表,主表,9,updated_by,更新人,uuid,是,,否,否,org.employee.id,P1-内部,,设计字段,P065
sjg_oms,security,event_security_plan,活动安保方案主表,主表,10,updated_at,更新时间,timestamptz,否,now(),否,否,,P1-内部,,设计字段,P065
sjg_oms,security,event_security_plan,活动安保方案主表,主表,11,is_deleted,逻辑删除,boolean,否,false,否,否,,P1-内部,,设计字段,P065
sjg_oms,security,event_security_plan,活动安保方案主表,主表,12,deleted_at,删除时间,timestamptz,是,,否,否,,P1-内部,,设计字段,P065
sjg_oms,security,event_security_plan,活动安保方案主表,主表,13,source_channel,来源渠道,varchar(32),是,,否,否,,P1-内部,,设计字段,P065
sjg_oms,security,event_security_plan,活动安保方案主表,主表,14,business_date,业务日期,date,是,,否,否,,P1-内部,,设计字段,P065
sjg_oms,security,event_security_plan,活动安保方案主表,主表,15,subject,主题,varchar(255),是,,否,否,,P1-内部,,设计字段,P065
sjg_oms,security,event_security_plan,活动安保方案主表,主表,16,reason,原因,text,是,,否,否,,P1-内部,,设计字段,P065
sjg_oms,security,event_security_plan,活动安保方案主表,主表,17,priority,优先级,varchar(16),否,'NORMAL',否,否,,P1-内部,,设计字段,P065
sjg_oms,security,event_security_plan,活动安保方案主表,主表,18,risk_level,风险等级,varchar(16),是,,否,否,,P1-内部,,设计字段,P065
sjg_oms,security,event_security_plan,活动安保方案主表,主表,19,owner_center_id,归属中心,uuid,是,,否,否,org.organization.id,P1-内部,,设计字段,P065
sjg_oms,security,event_security_plan,活动安保方案主表,主表,20,owner_department_id,归属部门,uuid,是,,否,否,org.organization.id,P1-内部,,设计字段,P065
sjg_oms,security,event_security_plan,活动安保方案主表,主表,21,owner_employee_id,责任人,uuid,是,,否,否,org.employee.id,P1-内部,,设计字段,P065
sjg_oms,security,event_security_plan,活动安保方案主表,主表,22,planned_start_at,计划开始,timestamptz,是,,否,否,,P1-内部,,设计字段,P065
sjg_oms,security,event_security_plan,活动安保方案主表,主表,23,planned_finish_at,计划完成,timestamptz,是,,否,否,,P1-内部,,设计字段,P065
sjg_oms,security,event_security_plan,活动安保方案主表,主表,24,actual_start_at,实际开始,timestamptz,是,,否,否,,P1-内部,,设计字段,P065
sjg_oms,security,event_security_plan,活动安保方案主表,主表,25,actual_end_at,实际完成,timestamptz,是,,否,否,,P1-内部,,设计字段,P065
sjg_oms,security,event_security_plan,活动安保方案主表,主表,26,result_summary,结果摘要,text,是,,否,否,,P1-内部,,设计字段,P065
sjg_oms,security,event_security_plan,活动安保方案主表,主表,27,closed_at,关闭时间,timestamptz,是,,否,否,,P1-内部,,设计字段,P065
sjg_oms,security,event_security_plan,活动安保方案主表,主表,28,actual_amount,实际金额,"numeric(18,2)",是,,否,否,,P1-内部,,原始流程字段,P065
sjg_oms,security,event_security_plan,活动安保方案主表,主表,29,converted_to_case,是否转统一案件,boolean,是,,否,否,,P1-内部,,原始流程字段,P065
sjg_oms,security,event_security_plan,活动安保方案主表,主表,30,immediate_risk_control,先行止险措施,text,是,,否,否,,P1-内部,,原始流程字段,P065
sjg_oms,security,event_security_plan,活动安保方案主表,主表,31,incident_area_id,发生区域,varchar(64),否,,否,否,,P1-内部,,原始流程字段,P065
sjg_oms,security,event_security_plan,活动安保方案主表,主表,32,incident_occurred_at,发生时间,timestamptz,否,,否,否,,P1-内部,,原始流程字段,P065
sjg_oms,security,event_security_plan,活动安保方案主表,主表,33,incident_patrol_no,事件/巡检编号,varchar(64),否,,否,否,,P1-内部,,原始流程字段,P065
sjg_oms,security,event_security_plan,活动安保方案主表,主表,34,incident_risk_level,风险等级,varchar(64),否,,否,否,,P1-内部,,原始流程字段,P065
sjg_oms,security,event_security_plan,活动安保方案主表,主表,35,incident_type,事件类型,varchar(64),否,,否,否,,P1-内部,,原始流程字段,P065
sjg_oms,security,event_security_plan,活动安保方案主表,主表,36,scene_description,现场情况,text,否,,否,否,,P1-内部,,原始流程字段,P065
sjg_oms,security,patrol_task,巡逻任务主表,主表,1,id,主键ID,uuid,否,gen_random_uuid(),是,否,,P1-内部,,设计字段,P062
sjg_oms,security,patrol_task,巡逻任务主表,主表,2,tenant_id,租户ID,uuid,否,,否,否,core.tenant.id,P1-内部,所有业务唯一键必须包含tenant_id,设计字段,P062
sjg_oms,security,patrol_task,巡逻任务主表,主表,3,business_no,业务单号,varchar(64),否,,否,是,,P1-内部,租户内唯一；由core.sequence_rule生成,设计字段,P062
sjg_oms,security,patrol_task,巡逻任务主表,主表,4,workflow_instance_id,流程实例ID,uuid,是,,否,否,workflow.wf_instance.id,P1-内部,,设计字段,P062
sjg_oms,security,patrol_task,巡逻任务主表,主表,5,status,业务状态,varchar(32),否,'DRAFT',否,否,,P1-内部,仅由状态机合法迁移,设计字段,P062
sjg_oms,security,patrol_task,巡逻任务主表,主表,6,version_no,乐观锁版本,integer,否,0,否,否,,P1-内部,更新时version_no+1，冲突则拒绝,设计字段,P062
sjg_oms,security,patrol_task,巡逻任务主表,主表,7,created_by,创建人,uuid,是,,否,否,org.employee.id,P1-内部,,设计字段,P062
sjg_oms,security,patrol_task,巡逻任务主表,主表,8,created_at,创建时间,timestamptz,否,now(),否,否,,P1-内部,,设计字段,P062
sjg_oms,security,patrol_task,巡逻任务主表,主表,9,updated_by,更新人,uuid,是,,否,否,org.employee.id,P1-内部,,设计字段,P062
sjg_oms,security,patrol_task,巡逻任务主表,主表,10,updated_at,更新时间,timestamptz,否,now(),否,否,,P1-内部,,设计字段,P062
sjg_oms,security,patrol_task,巡逻任务主表,主表,11,is_deleted,逻辑删除,boolean,否,false,否,否,,P1-内部,,设计字段,P062
sjg_oms,security,patrol_task,巡逻任务主表,主表,12,deleted_at,删除时间,timestamptz,是,,否,否,,P1-内部,,设计字段,P062
sjg_oms,security,patrol_task,巡逻任务主表,主表,13,source_channel,来源渠道,varchar(32),是,,否,否,,P1-内部,,设计字段,P062
sjg_oms,security,patrol_task,巡逻任务主表,主表,14,business_date,业务日期,date,是,,否,否,,P1-内部,,设计字段,P062
sjg_oms,security,patrol_task,巡逻任务主表,主表,15,subject,主题,varchar(255),是,,否,否,,P1-内部,,设计字段,P062
sjg_oms,security,patrol_task,巡逻任务主表,主表,16,reason,原因,text,是,,否,否,,P1-内部,,设计字段,P062
sjg_oms,security,patrol_task,巡逻任务主表,主表,17,priority,优先级,varchar(16),否,'NORMAL',否,否,,P1-内部,,设计字段,P062
sjg_oms,security,patrol_task,巡逻任务主表,主表,18,risk_level,风险等级,varchar(16),是,,否,否,,P1-内部,,设计字段,P062
sjg_oms,security,patrol_task,巡逻任务主表,主表,19,owner_center_id,归属中心,uuid,是,,否,否,org.organization.id,P1-内部,,设计字段,P062
sjg_oms,security,patrol_task,巡逻任务主表,主表,20,owner_department_id,归属部门,uuid,是,,否,否,org.organization.id,P1-内部,,设计字段,P062
sjg_oms,security,patrol_task,巡逻任务主表,主表,21,owner_employee_id,责任人,uuid,是,,否,否,org.employee.id,P1-内部,,设计字段,P062
sjg_oms,security,patrol_task,巡逻任务主表,主表,22,planned_start_at,计划开始,timestamptz,是,,否,否,,P1-内部,,设计字段,P062
sjg_oms,security,patrol_task,巡逻任务主表,主表,23,planned_finish_at,计划完成,timestamptz,是,,否,否,,P1-内部,,设计字段,P062
sjg_oms,security,patrol_task,巡逻任务主表,主表,24,actual_start_at,实际开始,timestamptz,是,,否,否,,P1-内部,,设计字段,P062
sjg_oms,security,patrol_task,巡逻任务主表,主表,25,actual_end_at,实际完成,timestamptz,是,,否,否,,P1-内部,,设计字段,P062
sjg_oms,security,patrol_task,巡逻任务主表,主表,26,result_summary,结果摘要,text,是,,否,否,,P1-内部,,设计字段,P062
sjg_oms,security,patrol_task,巡逻任务主表,主表,27,closed_at,关闭时间,timestamptz,是,,否,否,,P1-内部,,设计字段,P062
sjg_oms,security,patrol_task,巡逻任务主表,主表,28,actual_amount,实际金额,"numeric(18,2)",是,,否,否,,P1-内部,,原始流程字段,P062
sjg_oms,security,patrol_task,巡逻任务主表,主表,29,attendance_type,假勤类型,varchar(64),否,,否,否,,P1-内部,,原始流程字段,P062
sjg_oms,security,patrol_task,巡逻任务主表,主表,30,converted_to_case,是否转统一案件,boolean,是,,否,否,,P1-内部,,原始流程字段,P062
sjg_oms,security,patrol_task,巡逻任务主表,主表,31,immediate_risk_control,先行止险措施,text,是,,否,否,,P1-内部,,原始流程字段,P062
sjg_oms,security,patrol_task,巡逻任务主表,主表,32,incident_area_id,发生区域,varchar(64),否,,否,否,,P1-内部,,原始流程字段,P062
sjg_oms,security,patrol_task,巡逻任务主表,主表,33,incident_occurred_at,发生时间,timestamptz,否,,否,否,,P1-内部,,原始流程字段,P062
sjg_oms,security,patrol_task,巡逻任务主表,主表,34,incident_patrol_no,事件/巡检编号,varchar(64),否,,否,否,,P1-内部,,原始流程字段,P062
sjg_oms,security,patrol_task,巡逻任务主表,主表,35,incident_risk_level,风险等级,varchar(64),否,,否,否,,P1-内部,,原始流程字段,P062
sjg_oms,security,patrol_task,巡逻任务主表,主表,36,incident_type,事件类型,varchar(64),否,,否,否,,P1-内部,,原始流程字段,P062
sjg_oms,security,patrol_task,巡逻任务主表,主表,37,scene_description,现场情况,text,否,,否,否,,P1-内部,,原始流程字段,P062
sjg_oms,security,patrol_task,巡逻任务主表,主表,38,start_at,开始时间,timestamptz,否,,否,否,,P1-内部,,原始流程字段,P062
sjg_oms,security,security_incident,安全事件主表,主表,1,id,主键ID,uuid,否,gen_random_uuid(),是,否,,P1-内部,,设计字段,P064
sjg_oms,security,security_incident,安全事件主表,主表,2,tenant_id,租户ID,uuid,否,,否,否,core.tenant.id,P1-内部,所有业务唯一键必须包含tenant_id,设计字段,P064
sjg_oms,security,security_incident,安全事件主表,主表,3,business_no,业务单号,varchar(64),否,,否,是,,P1-内部,租户内唯一；由core.sequence_rule生成,设计字段,P064
sjg_oms,security,security_incident,安全事件主表,主表,4,workflow_instance_id,流程实例ID,uuid,是,,否,否,workflow.wf_instance.id,P1-内部,,设计字段,P064
sjg_oms,security,security_incident,安全事件主表,主表,5,status,业务状态,varchar(32),否,'DRAFT',否,否,,P1-内部,仅由状态机合法迁移,设计字段,P064
sjg_oms,security,security_incident,安全事件主表,主表,6,version_no,乐观锁版本,integer,否,0,否,否,,P1-内部,更新时version_no+1，冲突则拒绝,设计字段,P064
sjg_oms,security,security_incident,安全事件主表,主表,7,created_by,创建人,uuid,是,,否,否,org.employee.id,P1-内部,,设计字段,P064
sjg_oms,security,security_incident,安全事件主表,主表,8,created_at,创建时间,timestamptz,否,now(),否,否,,P1-内部,,设计字段,P064
sjg_oms,security,security_incident,安全事件主表,主表,9,updated_by,更新人,uuid,是,,否,否,org.employee.id,P1-内部,,设计字段,P064
sjg_oms,security,security_incident,安全事件主表,主表,10,updated_at,更新时间,timestamptz,否,now(),否,否,,P1-内部,,设计字段,P064
sjg_oms,security,security_incident,安全事件主表,主表,11,is_deleted,逻辑删除,boolean,否,false,否,否,,P1-内部,,设计字段,P064
sjg_oms,security,security_incident,安全事件主表,主表,12,deleted_at,删除时间,timestamptz,是,,否,否,,P1-内部,,设计字段,P064
sjg_oms,security,security_incident,安全事件主表,主表,13,source_channel,来源渠道,varchar(32),是,,否,否,,P1-内部,,设计字段,P064
sjg_oms,security,security_incident,安全事件主表,主表,14,business_date,业务日期,date,是,,否,否,,P1-内部,,设计字段,P064
sjg_oms,security,security_incident,安全事件主表,主表,15,subject,主题,varchar(255),是,,否,否,,P1-内部,,设计字段,P064
sjg_oms,security,security_incident,安全事件主表,主表,16,reason,原因,text,是,,否,否,,P1-内部,,设计字段,P064
sjg_oms,security,security_incident,安全事件主表,主表,17,priority,优先级,varchar(16),否,'NORMAL',否,否,,P1-内部,,设计字段,P064
sjg_oms,security,security_incident,安全事件主表,主表,18,risk_level,风险等级,varchar(16),是,,否,否,,P1-内部,,设计字段,P064
sjg_oms,security,security_incident,安全事件主表,主表,19,owner_center_id,归属中心,uuid,是,,否,否,org.organization.id,P1-内部,,设计字段,P064
sjg_oms,security,security_incident,安全事件主表,主表,20,owner_department_id,归属部门,uuid,是,,否,否,org.organization.id,P1-内部,,设计字段,P064
sjg_oms,security,security_incident,安全事件主表,主表,21,owner_employee_id,责任人,uuid,是,,否,否,org.employee.id,P1-内部,,设计字段,P064
sjg_oms,security,security_incident,安全事件主表,主表,22,planned_start_at,计划开始,timestamptz,是,,否,否,,P1-内部,,设计字段,P064
sjg_oms,security,security_incident,安全事件主表,主表,23,planned_finish_at,计划完成,timestamptz,是,,否,否,,P1-内部,,设计字段,P064
sjg_oms,security,security_incident,安全事件主表,主表,24,actual_start_at,实际开始,timestamptz,是,,否,否,,P1-内部,,设计字段,P064
sjg_oms,security,security_incident,安全事件主表,主表,25,actual_end_at,实际完成,timestamptz,是,,否,否,,P1-内部,,设计字段,P064
sjg_oms,security,security_incident,安全事件主表,主表,26,result_summary,结果摘要,text,是,,否,否,,P1-内部,,设计字段,P064
sjg_oms,security,security_incident,安全事件主表,主表,27,closed_at,关闭时间,timestamptz,是,,否,否,,P1-内部,,设计字段,P064
sjg_oms,security,security_incident,安全事件主表,主表,28,actual_amount,实际金额,"numeric(18,2)",是,,否,否,,P1-内部,,原始流程字段,P064
sjg_oms,security,security_incident,安全事件主表,主表,29,converted_to_case,是否转统一案件,boolean,是,,否,否,,P1-内部,,原始流程字段,P064
sjg_oms,security,security_incident,安全事件主表,主表,30,immediate_risk_control,先行止险措施,text,是,,否,否,,P1-内部,,原始流程字段,P064
sjg_oms,security,security_incident,安全事件主表,主表,31,incident_area_id,发生区域,varchar(64),否,,否,否,,P1-内部,,原始流程字段,P064
sjg_oms,security,security_incident,安全事件主表,主表,32,incident_occurred_at,发生时间,timestamptz,否,,否,否,,P1-内部,,原始流程字段,P064
sjg_oms,security,security_incident,安全事件主表,主表,33,incident_patrol_no,事件/巡检编号,varchar(64),否,,否,否,,P1-内部,,原始流程字段,P064
sjg_oms,security,security_incident,安全事件主表,主表,34,incident_risk_level,风险等级,varchar(64),否,,否,否,,P1-内部,,原始流程字段,P064
sjg_oms,security,security_incident,安全事件主表,主表,35,incident_type,事件类型,varchar(64),否,,否,否,,P1-内部,,原始流程字段,P064
sjg_oms,security,security_incident,安全事件主表,主表,36,scene_description,现场情况,text,否,,否,否,,P1-内部,,原始流程字段,P064
sjg_oms,ticketing,offline_check_event,离线检票事件主表,主表,1,id,主键ID,uuid,否,gen_random_uuid(),是,否,,P1-内部,,设计字段,P039
sjg_oms,ticketing,offline_check_event,离线检票事件主表,主表,2,tenant_id,租户ID,uuid,否,,否,否,core.tenant.id,P1-内部,所有业务唯一键必须包含tenant_id,设计字段,P039
sjg_oms,ticketing,offline_check_event,离线检票事件主表,主表,3,business_no,业务单号,varchar(64),否,,否,是,,P1-内部,租户内唯一；由core.sequence_rule生成,设计字段,P039
sjg_oms,ticketing,offline_check_event,离线检票事件主表,主表,4,workflow_instance_id,流程实例ID,uuid,是,,否,否,workflow.wf_instance.id,P1-内部,,设计字段,P039
sjg_oms,ticketing,offline_check_event,离线检票事件主表,主表,5,status,业务状态,varchar(32),否,'DRAFT',否,否,,P1-内部,仅由状态机合法迁移,设计字段,P039
sjg_oms,ticketing,offline_check_event,离线检票事件主表,主表,6,version_no,乐观锁版本,integer,否,0,否,否,,P1-内部,更新时version_no+1，冲突则拒绝,设计字段,P039
sjg_oms,ticketing,offline_check_event,离线检票事件主表,主表,7,created_by,创建人,uuid,是,,否,否,org.employee.id,P1-内部,,设计字段,P039
sjg_oms,ticketing,offline_check_event,离线检票事件主表,主表,8,created_at,创建时间,timestamptz,否,now(),否,否,,P1-内部,,设计字段,P039
sjg_oms,ticketing,offline_check_event,离线检票事件主表,主表,9,updated_by,更新人,uuid,是,,否,否,org.employee.id,P1-内部,,设计字段,P039
sjg_oms,ticketing,offline_check_event,离线检票事件主表,主表,10,updated_at,更新时间,timestamptz,否,now(),否,否,,P1-内部,,设计字段,P039
sjg_oms,ticketing,offline_check_event,离线检票事件主表,主表,11,is_deleted,逻辑删除,boolean,否,false,否,否,,P1-内部,,设计字段,P039
sjg_oms,ticketing,offline_check_event,离线检票事件主表,主表,12,deleted_at,删除时间,timestamptz,是,,否,否,,P1-内部,,设计字段,P039
sjg_oms,ticketing,offline_check_event,离线检票事件主表,主表,13,source_channel,来源渠道,varchar(32),是,,否,否,,P1-内部,,设计字段,P039
sjg_oms,ticketing,offline_check_event,离线检票事件主表,主表,14,business_date,业务日期,date,是,,否,否,,P1-内部,,设计字段,P039
sjg_oms,ticketing,offline_check_event,离线检票事件主表,主表,15,subject,主题,varchar(255),是,,否,否,,P1-内部,,设计字段,P039
sjg_oms,ticketing,offline_check_event,离线检票事件主表,主表,16,reason,原因,text,是,,否,否,,P1-内部,,设计字段,P039
sjg_oms,ticketing,offline_check_event,离线检票事件主表,主表,17,priority,优先级,varchar(16),否,'NORMAL',否,否,,P1-内部,,设计字段,P039
sjg_oms,ticketing,offline_check_event,离线检票事件主表,主表,18,risk_level,风险等级,varchar(16),是,,否,否,,P1-内部,,设计字段,P039
sjg_oms,ticketing,offline_check_event,离线检票事件主表,主表,19,owner_center_id,归属中心,uuid,是,,否,否,org.organization.id,P1-内部,,设计字段,P039
sjg_oms,ticketing,offline_check_event,离线检票事件主表,主表,20,owner_department_id,归属部门,uuid,是,,否,否,org.organization.id,P1-内部,,设计字段,P039
sjg_oms,ticketing,offline_check_event,离线检票事件主表,主表,21,owner_employee_id,责任人,uuid,是,,否,否,org.employee.id,P1-内部,,设计字段,P039
sjg_oms,ticketing,offline_check_event,离线检票事件主表,主表,22,planned_start_at,计划开始,timestamptz,是,,否,否,,P1-内部,,设计字段,P039
sjg_oms,ticketing,offline_check_event,离线检票事件主表,主表,23,planned_finish_at,计划完成,timestamptz,是,,否,否,,P1-内部,,设计字段,P039
sjg_oms,ticketing,offline_check_event,离线检票事件主表,主表,24,actual_start_at,实际开始,timestamptz,是,,否,否,,P1-内部,,设计字段,P039
sjg_oms,ticketing,offline_check_event,离线检票事件主表,主表,25,actual_end_at,实际完成,timestamptz,是,,否,否,,P1-内部,,设计字段,P039
sjg_oms,ticketing,offline_check_event,离线检票事件主表,主表,26,result_summary,结果摘要,text,是,,否,否,,P1-内部,,设计字段,P039
sjg_oms,ticketing,offline_check_event,离线检票事件主表,主表,27,closed_at,关闭时间,timestamptz,是,,否,否,,P1-内部,,设计字段,P039
sjg_oms,ticketing,offline_check_event,离线检票事件主表,主表,28,actual_amount,实际金额,"numeric(18,2)",是,,否,否,,P1-内部,,原始流程字段,P039
sjg_oms,ticketing,offline_check_event,离线检票事件主表,主表,29,environment,环境,varchar(64),否,,否,否,,P1-内部,,原始流程字段,P039
sjg_oms,ticketing,offline_check_event,离线检票事件主表,主表,30,order_amount,订单金额,"numeric(18,2)",是,,否,否,,P1-内部,,原始流程字段,P039
sjg_oms,ticketing,offline_check_event,离线检票事件主表,主表,31,order_no,订单编号,varchar(64),否,,否,否,,P1-内部,,原始流程字段,P039
sjg_oms,ticketing,offline_check_event,离线检票事件主表,主表,32,pay_status,支付状态,varchar(64),是,,否,否,,P1-内部,,原始流程字段,P039
sjg_oms,ticketing,offline_check_event,离线检票事件主表,主表,33,product_id,产品/票种,varchar(64),否,,否,否,,P1-内部,,原始流程字段,P039
sjg_oms,ticketing,offline_check_event,离线检票事件主表,主表,34,quantity,人数/数量,bigint,否,,否,否,,P1-内部,大于0,原始流程字段,P039
sjg_oms,ticketing,offline_check_event,离线检票事件主表,主表,35,refund_change_reason,退款/改签原因,text,是,,否,否,,P1-内部,,原始流程字段,P039
sjg_oms,ticketing,offline_check_event,离线检票事件主表,主表,36,sales_channel,销售渠道,varchar(64),否,,否,否,,P1-内部,,原始流程字段,P039
sjg_oms,ticketing,offline_check_event,离线检票事件主表,主表,37,service_date,游玩/履约日期,date,否,,否,否,,P1-内部,,原始流程字段,P039
sjg_oms,ticketing,offline_check_event,离线检票事件主表,主表,38,system_service_name,系统/服务名称,varchar(200),否,,否,否,,P1-内部,,原始流程字段,P039
sjg_oms,ticketing,offline_check_event,离线检票事件主表,主表,39,verification_status,核销状态,varchar(64),是,,否,否,,P1-内部,,原始流程字段,P039
sjg_oms,ticketing,offline_check_event_item,离线检票事件明细项,子表,1,id,主键ID,uuid,否,gen_random_uuid(),是,否,,P1-内部,,设计字段,P039
sjg_oms,ticketing,offline_check_event_item,离线检票事件明细项,子表,2,tenant_id,租户ID,uuid,否,,否,否,core.tenant.id,P1-内部,所有业务唯一键必须包含tenant_id,设计字段,P039
sjg_oms,ticketing,offline_check_event_item,离线检票事件明细项,子表,3,created_by,创建人,uuid,是,,否,否,org.employee.id,P1-内部,,设计字段,P039
sjg_oms,ticketing,offline_check_event_item,离线检票事件明细项,子表,4,created_at,创建时间,timestamptz,否,now(),否,否,,P1-内部,,设计字段,P039
sjg_oms,ticketing,offline_check_event_item,离线检票事件明细项,子表,5,updated_by,更新人,uuid,是,,否,否,org.employee.id,P1-内部,,设计字段,P039
sjg_oms,ticketing,offline_check_event_item,离线检票事件明细项,子表,6,updated_at,更新时间,timestamptz,否,now(),否,否,,P1-内部,,设计字段,P039
sjg_oms,ticketing,offline_check_event_item,离线检票事件明细项,子表,7,is_deleted,逻辑删除,boolean,否,false,否,否,,P1-内部,,设计字段,P039
sjg_oms,ticketing,offline_check_event_item,离线检票事件明细项,子表,8,deleted_at,删除时间,timestamptz,是,,否,否,,P1-内部,,设计字段,P039
sjg_oms,ticketing,offline_check_event_item,离线检票事件明细项,子表,9,master_id,主表ID,uuid,否,,否,否,ticketing.offline_check_event.id,P1-内部,,设计字段,P039
sjg_oms,ticketing,offline_check_event_item,离线检票事件明细项,子表,10,field_code,来源字段编码,varchar(128),否,,否,否,,P1-内部,,设计字段,P039
sjg_oms,ticketing,offline_check_event_item,离线检票事件明细项,子表,11,item_seq,明细序号,integer,否,0,否,否,,P1-内部,,设计字段,P039
sjg_oms,ticketing,offline_check_event_item,离线检票事件明细项,子表,12,item_key,明细键,varchar(128),是,,否,否,,P1-内部,,设计字段,P039
sjg_oms,ticketing,offline_check_event_item,离线检票事件明细项,子表,13,item_name,明细名称,varchar(255),是,,否,否,,P1-内部,,设计字段,P039
sjg_oms,ticketing,offline_check_event_item,离线检票事件明细项,子表,14,item_value_text,文本值,text,是,,否,否,,P1-内部,,设计字段,P039
sjg_oms,ticketing,offline_check_event_item,离线检票事件明细项,子表,15,item_value_number,数值,"numeric(24,8)",是,,否,否,,P1-内部,,设计字段,P039
sjg_oms,ticketing,offline_check_event_item,离线检票事件明细项,子表,16,item_value_json,结构化值,jsonb,是,,否,否,,P1-内部,,设计字段,P039
sjg_oms,ticketing,offline_check_event_item,离线检票事件明细项,子表,17,related_object_type,关联对象类型,varchar(128),是,,否,否,,P1-内部,,设计字段,P039
sjg_oms,ticketing,offline_check_event_item,离线检票事件明细项,子表,18,related_object_id,关联对象ID,uuid,是,,否,否,,P1-内部,,设计字段,P039
sjg_oms,ticketing,offline_check_event_item,离线检票事件明细项,子表,19,amount,金额,"numeric(18,2)",是,,否,否,,P1-内部,,设计字段,P039
sjg_oms,ticketing,offline_check_event_item,离线检票事件明细项,子表,20,quantity,数量,"numeric(18,6)",是,,否,否,,P1-内部,,设计字段,P039
sjg_oms,ticketing,offline_check_event_item,离线检票事件明细项,子表,21,sort_no,排序,integer,否,0,否,否,,P1-内部,,设计字段,P039
sjg_oms,ticketing,ticket_order,票务订单主表,主表,1,id,主键ID,uuid,否,gen_random_uuid(),是,否,,P1-内部,,设计字段,P037
sjg_oms,ticketing,ticket_order,票务订单主表,主表,2,tenant_id,租户ID,uuid,否,,否,否,core.tenant.id,P1-内部,所有业务唯一键必须包含tenant_id,设计字段,P037
sjg_oms,ticketing,ticket_order,票务订单主表,主表,3,business_no,业务单号,varchar(64),否,,否,是,,P1-内部,租户内唯一；由core.sequence_rule生成,设计字段,P037
sjg_oms,ticketing,ticket_order,票务订单主表,主表,4,workflow_instance_id,流程实例ID,uuid,是,,否,否,workflow.wf_instance.id,P1-内部,,设计字段,P037
sjg_oms,ticketing,ticket_order,票务订单主表,主表,5,status,业务状态,varchar(32),否,'DRAFT',否,否,,P1-内部,仅由状态机合法迁移,设计字段,P037
sjg_oms,ticketing,ticket_order,票务订单主表,主表,6,version_no,乐观锁版本,integer,否,0,否,否,,P1-内部,更新时version_no+1，冲突则拒绝,设计字段,P037
sjg_oms,ticketing,ticket_order,票务订单主表,主表,7,created_by,创建人,uuid,是,,否,否,org.employee.id,P1-内部,,设计字段,P037
sjg_oms,ticketing,ticket_order,票务订单主表,主表,8,created_at,创建时间,timestamptz,否,now(),否,否,,P1-内部,,设计字段,P037
sjg_oms,ticketing,ticket_order,票务订单主表,主表,9,updated_by,更新人,uuid,是,,否,否,org.employee.id,P1-内部,,设计字段,P037
sjg_oms,ticketing,ticket_order,票务订单主表,主表,10,updated_at,更新时间,timestamptz,否,now(),否,否,,P1-内部,,设计字段,P037
sjg_oms,ticketing,ticket_order,票务订单主表,主表,11,is_deleted,逻辑删除,boolean,否,false,否,否,,P1-内部,,设计字段,P037
sjg_oms,ticketing,ticket_order,票务订单主表,主表,12,deleted_at,删除时间,timestamptz,是,,否,否,,P1-内部,,设计字段,P037
sjg_oms,ticketing,ticket_order,票务订单主表,主表,13,source_channel,来源渠道,varchar(32),是,,否,否,,P1-内部,,设计字段,P037
sjg_oms,ticketing,ticket_order,票务订单主表,主表,14,business_date,业务日期,date,是,,否,否,,P1-内部,,设计字段,P037
sjg_oms,ticketing,ticket_order,票务订单主表,主表,15,subject,主题,varchar(255),是,,否,否,,P1-内部,,设计字段,P037
sjg_oms,ticketing,ticket_order,票务订单主表,主表,16,reason,原因,text,是,,否,否,,P1-内部,,设计字段,P037
sjg_oms,ticketing,ticket_order,票务订单主表,主表,17,priority,优先级,varchar(16),否,'NORMAL',否,否,,P1-内部,,设计字段,P037
sjg_oms,ticketing,ticket_order,票务订单主表,主表,18,risk_level,风险等级,varchar(16),是,,否,否,,P1-内部,,设计字段,P037
sjg_oms,ticketing,ticket_order,票务订单主表,主表,19,owner_center_id,归属中心,uuid,是,,否,否,org.organization.id,P1-内部,,设计字段,P037
sjg_oms,ticketing,ticket_order,票务订单主表,主表,20,owner_department_id,归属部门,uuid,是,,否,否,org.organization.id,P1-内部,,设计字段,P037
sjg_oms,ticketing,ticket_order,票务订单主表,主表,21,owner_employee_id,责任人,uuid,是,,否,否,org.employee.id,P1-内部,,设计字段,P037
sjg_oms,ticketing,ticket_order,票务订单主表,主表,22,planned_start_at,计划开始,timestamptz,是,,否,否,,P1-内部,,设计字段,P037
sjg_oms,ticketing,ticket_order,票务订单主表,主表,23,planned_finish_at,计划完成,timestamptz,是,,否,否,,P1-内部,,设计字段,P037
sjg_oms,ticketing,ticket_order,票务订单主表,主表,24,actual_start_at,实际开始,timestamptz,是,,否,否,,P1-内部,,设计字段,P037
sjg_oms,ticketing,ticket_order,票务订单主表,主表,25,actual_end_at,实际完成,timestamptz,是,,否,否,,P1-内部,,设计字段,P037
sjg_oms,ticketing,ticket_order,票务订单主表,主表,26,result_summary,结果摘要,text,是,,否,否,,P1-内部,,设计字段,P037
sjg_oms,ticketing,ticket_order,票务订单主表,主表,27,closed_at,关闭时间,timestamptz,是,,否,否,,P1-内部,,设计字段,P037
sjg_oms,ticketing,ticket_order,票务订单主表,主表,28,actual_amount,实际金额,"numeric(18,2)",是,,否,否,,P1-内部,,原始流程字段,P037
sjg_oms,ticketing,ticket_order,票务订单主表,主表,29,budget_item_id,预算项目,varchar(32),是,,否,否,,P1-内部,,原始流程字段,P037
sjg_oms,ticketing,ticket_order,票务订单主表,主表,30,cost_center_id,成本中心,varchar(32),否,,否,否,,P1-内部,,原始流程字段,P037
sjg_oms,ticketing,ticket_order,票务订单主表,主表,31,order_amount,订单金额,"numeric(18,2)",是,,否,否,,P1-内部,,原始流程字段,P037
sjg_oms,ticketing,ticket_order,票务订单主表,主表,32,order_no,订单编号,varchar(64),否,,否,否,,P1-内部,,原始流程字段,P037
sjg_oms,ticketing,ticket_order,票务订单主表,主表,33,pay_status,支付状态,varchar(64),是,,否,否,,P1-内部,,原始流程字段,P037
sjg_oms,ticketing,ticket_order,票务订单主表,主表,34,product_id,产品/票种,varchar(64),否,,否,否,,P1-内部,,原始流程字段,P037
sjg_oms,ticketing,ticket_order,票务订单主表,主表,35,quantity,人数/数量,bigint,否,,否,否,,P1-内部,大于0,原始流程字段,P037
sjg_oms,ticketing,ticket_order,票务订单主表,主表,36,refund_change_reason,退款/改签原因,text,是,,否,否,,P1-内部,,原始流程字段,P037
sjg_oms,ticketing,ticket_order,票务订单主表,主表,37,sales_channel,销售渠道,varchar(64),否,,否,否,,P1-内部,,原始流程字段,P037
sjg_oms,ticketing,ticket_order,票务订单主表,主表,38,service_date,游玩/履约日期,date,否,,否,否,,P1-内部,,原始流程字段,P037
sjg_oms,ticketing,ticket_order,票务订单主表,主表,39,verification_status,核销状态,varchar(64),是,,否,否,,P1-内部,,原始流程字段,P037
sjg_oms,ticketing,ticket_order_item,票务订单明细项,子表,1,id,主键ID,uuid,否,gen_random_uuid(),是,否,,P1-内部,,设计字段,P037
sjg_oms,ticketing,ticket_order_item,票务订单明细项,子表,2,tenant_id,租户ID,uuid,否,,否,否,core.tenant.id,P1-内部,所有业务唯一键必须包含tenant_id,设计字段,P037
sjg_oms,ticketing,ticket_order_item,票务订单明细项,子表,3,created_by,创建人,uuid,是,,否,否,org.employee.id,P1-内部,,设计字段,P037
sjg_oms,ticketing,ticket_order_item,票务订单明细项,子表,4,created_at,创建时间,timestamptz,否,now(),否,否,,P1-内部,,设计字段,P037
sjg_oms,ticketing,ticket_order_item,票务订单明细项,子表,5,updated_by,更新人,uuid,是,,否,否,org.employee.id,P1-内部,,设计字段,P037
sjg_oms,ticketing,ticket_order_item,票务订单明细项,子表,6,updated_at,更新时间,timestamptz,否,now(),否,否,,P1-内部,,设计字段,P037
sjg_oms,ticketing,ticket_order_item,票务订单明细项,子表,7,is_deleted,逻辑删除,boolean,否,false,否,否,,P1-内部,,设计字段,P037
sjg_oms,ticketing,ticket_order_item,票务订单明细项,子表,8,deleted_at,删除时间,timestamptz,是,,否,否,,P1-内部,,设计字段,P037
sjg_oms,ticketing,ticket_order_item,票务订单明细项,子表,9,master_id,主表ID,uuid,否,,否,否,ticketing.ticket_order.id,P1-内部,,设计字段,P037
sjg_oms,ticketing,ticket_order_item,票务订单明细项,子表,10,field_code,来源字段编码,varchar(128),否,,否,否,,P1-内部,,设计字段,P037
sjg_oms,ticketing,ticket_order_item,票务订单明细项,子表,11,item_seq,明细序号,integer,否,0,否,否,,P1-内部,,设计字段,P037
sjg_oms,ticketing,ticket_order_item,票务订单明细项,子表,12,item_key,明细键,varchar(128),是,,否,否,,P1-内部,,设计字段,P037
sjg_oms,ticketing,ticket_order_item,票务订单明细项,子表,13,item_name,明细名称,varchar(255),是,,否,否,,P1-内部,,设计字段,P037
sjg_oms,ticketing,ticket_order_item,票务订单明细项,子表,14,item_value_text,文本值,text,是,,否,否,,P1-内部,,设计字段,P037
sjg_oms,ticketing,ticket_order_item,票务订单明细项,子表,15,item_value_number,数值,"numeric(24,8)",是,,否,否,,P1-内部,,设计字段,P037
sjg_oms,ticketing,ticket_order_item,票务订单明细项,子表,16,item_value_json,结构化值,jsonb,是,,否,否,,P1-内部,,设计字段,P037
sjg_oms,ticketing,ticket_order_item,票务订单明细项,子表,17,related_object_type,关联对象类型,varchar(128),是,,否,否,,P1-内部,,设计字段,P037
sjg_oms,ticketing,ticket_order_item,票务订单明细项,子表,18,related_object_id,关联对象ID,uuid,是,,否,否,,P1-内部,,设计字段,P037
sjg_oms,ticketing,ticket_order_item,票务订单明细项,子表,19,amount,金额,"numeric(18,2)",是,,否,否,,P1-内部,,设计字段,P037
sjg_oms,ticketing,ticket_order_item,票务订单明细项,子表,20,quantity,数量,"numeric(18,6)",是,,否,否,,P1-内部,,设计字段,P037
sjg_oms,ticketing,ticket_order_item,票务订单明细项,子表,21,sort_no,排序,integer,否,0,否,否,,P1-内部,,设计字段,P037
sjg_oms,ticketing,ticket_refund_change,退款改签主表,主表,1,id,主键ID,uuid,否,gen_random_uuid(),是,否,,P1-内部,,设计字段,P038
sjg_oms,ticketing,ticket_refund_change,退款改签主表,主表,2,tenant_id,租户ID,uuid,否,,否,否,core.tenant.id,P1-内部,所有业务唯一键必须包含tenant_id,设计字段,P038
sjg_oms,ticketing,ticket_refund_change,退款改签主表,主表,3,business_no,业务单号,varchar(64),否,,否,是,,P1-内部,租户内唯一；由core.sequence_rule生成,设计字段,P038
sjg_oms,ticketing,ticket_refund_change,退款改签主表,主表,4,workflow_instance_id,流程实例ID,uuid,是,,否,否,workflow.wf_instance.id,P1-内部,,设计字段,P038
sjg_oms,ticketing,ticket_refund_change,退款改签主表,主表,5,status,业务状态,varchar(32),否,'DRAFT',否,否,,P1-内部,仅由状态机合法迁移,设计字段,P038
sjg_oms,ticketing,ticket_refund_change,退款改签主表,主表,6,version_no,乐观锁版本,integer,否,0,否,否,,P1-内部,更新时version_no+1，冲突则拒绝,设计字段,P038
sjg_oms,ticketing,ticket_refund_change,退款改签主表,主表,7,created_by,创建人,uuid,是,,否,否,org.employee.id,P1-内部,,设计字段,P038
sjg_oms,ticketing,ticket_refund_change,退款改签主表,主表,8,created_at,创建时间,timestamptz,否,now(),否,否,,P1-内部,,设计字段,P038
sjg_oms,ticketing,ticket_refund_change,退款改签主表,主表,9,updated_by,更新人,uuid,是,,否,否,org.employee.id,P1-内部,,设计字段,P038
sjg_oms,ticketing,ticket_refund_change,退款改签主表,主表,10,updated_at,更新时间,timestamptz,否,now(),否,否,,P1-内部,,设计字段,P038
sjg_oms,ticketing,ticket_refund_change,退款改签主表,主表,11,is_deleted,逻辑删除,boolean,否,false,否,否,,P1-内部,,设计字段,P038
sjg_oms,ticketing,ticket_refund_change,退款改签主表,主表,12,deleted_at,删除时间,timestamptz,是,,否,否,,P1-内部,,设计字段,P038
sjg_oms,ticketing,ticket_refund_change,退款改签主表,主表,13,source_channel,来源渠道,varchar(32),是,,否,否,,P1-内部,,设计字段,P038
sjg_oms,ticketing,ticket_refund_change,退款改签主表,主表,14,business_date,业务日期,date,是,,否,否,,P1-内部,,设计字段,P038
sjg_oms,ticketing,ticket_refund_change,退款改签主表,主表,15,subject,主题,varchar(255),是,,否,否,,P1-内部,,设计字段,P038
sjg_oms,ticketing,ticket_refund_change,退款改签主表,主表,16,reason,原因,text,是,,否,否,,P1-内部,,设计字段,P038
sjg_oms,ticketing,ticket_refund_change,退款改签主表,主表,17,priority,优先级,varchar(16),否,'NORMAL',否,否,,P1-内部,,设计字段,P038
sjg_oms,ticketing,ticket_refund_change,退款改签主表,主表,18,risk_level,风险等级,varchar(16),是,,否,否,,P1-内部,,设计字段,P038
sjg_oms,ticketing,ticket_refund_change,退款改签主表,主表,19,owner_center_id,归属中心,uuid,是,,否,否,org.organization.id,P1-内部,,设计字段,P038
sjg_oms,ticketing,ticket_refund_change,退款改签主表,主表,20,owner_department_id,归属部门,uuid,是,,否,否,org.organization.id,P1-内部,,设计字段,P038
sjg_oms,ticketing,ticket_refund_change,退款改签主表,主表,21,owner_employee_id,责任人,uuid,是,,否,否,org.employee.id,P1-内部,,设计字段,P038
sjg_oms,ticketing,ticket_refund_change,退款改签主表,主表,22,planned_start_at,计划开始,timestamptz,是,,否,否,,P1-内部,,设计字段,P038
sjg_oms,ticketing,ticket_refund_change,退款改签主表,主表,23,planned_finish_at,计划完成,timestamptz,是,,否,否,,P1-内部,,设计字段,P038
sjg_oms,ticketing,ticket_refund_change,退款改签主表,主表,24,actual_start_at,实际开始,timestamptz,是,,否,否,,P1-内部,,设计字段,P038
sjg_oms,ticketing,ticket_refund_change,退款改签主表,主表,25,actual_end_at,实际完成,timestamptz,是,,否,否,,P1-内部,,设计字段,P038
sjg_oms,ticketing,ticket_refund_change,退款改签主表,主表,26,result_summary,结果摘要,text,是,,否,否,,P1-内部,,设计字段,P038
sjg_oms,ticketing,ticket_refund_change,退款改签主表,主表,27,closed_at,关闭时间,timestamptz,是,,否,否,,P1-内部,,设计字段,P038
sjg_oms,ticketing,ticket_refund_change,退款改签主表,主表,28,actual_amount,实际金额,"numeric(18,2)",是,,否,否,,P1-内部,,原始流程字段,P038
sjg_oms,ticketing,ticket_refund_change,退款改签主表,主表,29,budget_item_id,预算项目,varchar(32),是,,否,否,,P1-内部,,原始流程字段,P038
sjg_oms,ticketing,ticket_refund_change,退款改签主表,主表,30,change_action,操作类型,varchar(64),否,,否,否,,P1-内部,,原始流程字段,P038
sjg_oms,ticketing,ticket_refund_change,退款改签主表,主表,31,change_reason,变更原因,text,否,,否,否,,P1-内部,,原始流程字段,P038
sjg_oms,ticketing,ticket_refund_change,退款改签主表,主表,32,cost_center_id,成本中心,varchar(32),否,,否,否,,P1-内部,,原始流程字段,P038
sjg_oms,ticketing,ticket_refund_change,退款改签主表,主表,33,expected_effective_at,期望生效时间,timestamptz,是,,否,否,,P1-内部,,原始流程字段,P038
sjg_oms,ticketing,ticket_refund_change,退款改签主表,主表,34,known_impact,已知影响,text,是,,否,否,,P1-内部,,原始流程字段,P038
sjg_oms,ticketing,ticket_refund_change,退款改签主表,主表,35,order_amount,订单金额,"numeric(18,2)",是,,否,否,,P1-内部,,原始流程字段,P038
sjg_oms,ticketing,ticket_refund_change,退款改签主表,主表,36,order_no,订单编号,varchar(64),否,,否,否,,P1-内部,,原始流程字段,P038
sjg_oms,ticketing,ticket_refund_change,退款改签主表,主表,37,pay_status,支付状态,varchar(64),是,,否,否,,P1-内部,,原始流程字段,P038
sjg_oms,ticketing,ticket_refund_change,退款改签主表,主表,38,product_id,产品/票种,varchar(64),否,,否,否,,P1-内部,,原始流程字段,P038
sjg_oms,ticketing,ticket_refund_change,退款改签主表,主表,39,quantity,人数/数量,bigint,否,,否,否,,P1-内部,大于0,原始流程字段,P038
sjg_oms,ticketing,ticket_refund_change,退款改签主表,主表,40,refund_change_reason,退款/改签原因,text,是,,否,否,,P1-内部,,原始流程字段,P038
sjg_oms,ticketing,ticket_refund_change,退款改签主表,主表,41,sales_channel,销售渠道,varchar(64),否,,否,否,,P1-内部,,原始流程字段,P038
sjg_oms,ticketing,ticket_refund_change,退款改签主表,主表,42,service_date,游玩/履约日期,date,否,,否,否,,P1-内部,,原始流程字段,P038
sjg_oms,ticketing,ticket_refund_change,退款改签主表,主表,43,verification_status,核销状态,varchar(64),是,,否,否,,P1-内部,,原始流程字段,P038
sjg_oms,ticketing,ticket_refund_change_item,退款改签明细项,子表,1,id,主键ID,uuid,否,gen_random_uuid(),是,否,,P1-内部,,设计字段,P038
sjg_oms,ticketing,ticket_refund_change_item,退款改签明细项,子表,2,tenant_id,租户ID,uuid,否,,否,否,core.tenant.id,P1-内部,所有业务唯一键必须包含tenant_id,设计字段,P038
sjg_oms,ticketing,ticket_refund_change_item,退款改签明细项,子表,3,created_by,创建人,uuid,是,,否,否,org.employee.id,P1-内部,,设计字段,P038
sjg_oms,ticketing,ticket_refund_change_item,退款改签明细项,子表,4,created_at,创建时间,timestamptz,否,now(),否,否,,P1-内部,,设计字段,P038
sjg_oms,ticketing,ticket_refund_change_item,退款改签明细项,子表,5,updated_by,更新人,uuid,是,,否,否,org.employee.id,P1-内部,,设计字段,P038
sjg_oms,ticketing,ticket_refund_change_item,退款改签明细项,子表,6,updated_at,更新时间,timestamptz,否,now(),否,否,,P1-内部,,设计字段,P038
sjg_oms,ticketing,ticket_refund_change_item,退款改签明细项,子表,7,is_deleted,逻辑删除,boolean,否,false,否,否,,P1-内部,,设计字段,P038
sjg_oms,ticketing,ticket_refund_change_item,退款改签明细项,子表,8,deleted_at,删除时间,timestamptz,是,,否,否,,P1-内部,,设计字段,P038
sjg_oms,ticketing,ticket_refund_change_item,退款改签明细项,子表,9,master_id,主表ID,uuid,否,,否,否,ticketing.ticket_refund_change.id,P1-内部,,设计字段,P038
sjg_oms,ticketing,ticket_refund_change_item,退款改签明细项,子表,10,field_code,来源字段编码,varchar(128),否,,否,否,,P1-内部,,设计字段,P038
sjg_oms,ticketing,ticket_refund_change_item,退款改签明细项,子表,11,item_seq,明细序号,integer,否,0,否,否,,P1-内部,,设计字段,P038
sjg_oms,ticketing,ticket_refund_change_item,退款改签明细项,子表,12,item_key,明细键,varchar(128),是,,否,否,,P1-内部,,设计字段,P038
sjg_oms,ticketing,ticket_refund_change_item,退款改签明细项,子表,13,item_name,明细名称,varchar(255),是,,否,否,,P1-内部,,设计字段,P038
sjg_oms,ticketing,ticket_refund_change_item,退款改签明细项,子表,14,item_value_text,文本值,text,是,,否,否,,P1-内部,,设计字段,P038
sjg_oms,ticketing,ticket_refund_change_item,退款改签明细项,子表,15,item_value_number,数值,"numeric(24,8)",是,,否,否,,P1-内部,,设计字段,P038
sjg_oms,ticketing,ticket_refund_change_item,退款改签明细项,子表,16,item_value_json,结构化值,jsonb,是,,否,否,,P1-内部,,设计字段,P038
sjg_oms,ticketing,ticket_refund_change_item,退款改签明细项,子表,17,related_object_type,关联对象类型,varchar(128),是,,否,否,,P1-内部,,设计字段,P038
sjg_oms,ticketing,ticket_refund_change_item,退款改签明细项,子表,18,related_object_id,关联对象ID,uuid,是,,否,否,,P1-内部,,设计字段,P038
sjg_oms,ticketing,ticket_refund_change_item,退款改签明细项,子表,19,amount,金额,"numeric(18,2)",是,,否,否,,P1-内部,,设计字段,P038
sjg_oms,ticketing,ticket_refund_change_item,退款改签明细项,子表,20,quantity,数量,"numeric(18,6)",是,,否,否,,P1-内部,,设计字段,P038
sjg_oms,ticketing,ticket_refund_change_item,退款改签明细项,子表,21,sort_no,排序,integer,否,0,否,否,,P1-内部,,设计字段,P038
sjg_oms,welfare,care_case,福利关怀主表,主表,1,id,主键ID,uuid,否,gen_random_uuid(),是,否,,P1-内部,,设计字段,P016
sjg_oms,welfare,care_case,福利关怀主表,主表,2,tenant_id,租户ID,uuid,否,,否,否,core.tenant.id,P1-内部,所有业务唯一键必须包含tenant_id,设计字段,P016
sjg_oms,welfare,care_case,福利关怀主表,主表,3,business_no,业务单号,varchar(64),否,,否,是,,P1-内部,租户内唯一；由core.sequence_rule生成,设计字段,P016
sjg_oms,welfare,care_case,福利关怀主表,主表,4,workflow_instance_id,流程实例ID,uuid,是,,否,否,workflow.wf_instance.id,P1-内部,,设计字段,P016
sjg_oms,welfare,care_case,福利关怀主表,主表,5,status,业务状态,varchar(32),否,'DRAFT',否,否,,P1-内部,仅由状态机合法迁移,设计字段,P016
sjg_oms,welfare,care_case,福利关怀主表,主表,6,version_no,乐观锁版本,integer,否,0,否,否,,P1-内部,更新时version_no+1，冲突则拒绝,设计字段,P016
sjg_oms,welfare,care_case,福利关怀主表,主表,7,created_by,创建人,uuid,是,,否,否,org.employee.id,P1-内部,,设计字段,P016
sjg_oms,welfare,care_case,福利关怀主表,主表,8,created_at,创建时间,timestamptz,否,now(),否,否,,P1-内部,,设计字段,P016
sjg_oms,welfare,care_case,福利关怀主表,主表,9,updated_by,更新人,uuid,是,,否,否,org.employee.id,P1-内部,,设计字段,P016
sjg_oms,welfare,care_case,福利关怀主表,主表,10,updated_at,更新时间,timestamptz,否,now(),否,否,,P1-内部,,设计字段,P016
sjg_oms,welfare,care_case,福利关怀主表,主表,11,is_deleted,逻辑删除,boolean,否,false,否,否,,P1-内部,,设计字段,P016
sjg_oms,welfare,care_case,福利关怀主表,主表,12,deleted_at,删除时间,timestamptz,是,,否,否,,P1-内部,,设计字段,P016
sjg_oms,welfare,care_case,福利关怀主表,主表,13,source_channel,来源渠道,varchar(32),是,,否,否,,P1-内部,,设计字段,P016
sjg_oms,welfare,care_case,福利关怀主表,主表,14,business_date,业务日期,date,是,,否,否,,P1-内部,,设计字段,P016
sjg_oms,welfare,care_case,福利关怀主表,主表,15,subject,主题,varchar(255),是,,否,否,,P1-内部,,设计字段,P016
sjg_oms,welfare,care_case,福利关怀主表,主表,16,reason,原因,text,是,,否,否,,P1-内部,,设计字段,P016
sjg_oms,welfare,care_case,福利关怀主表,主表,17,priority,优先级,varchar(16),否,'NORMAL',否,否,,P1-内部,,设计字段,P016
sjg_oms,welfare,care_case,福利关怀主表,主表,18,risk_level,风险等级,varchar(16),是,,否,否,,P1-内部,,设计字段,P016
sjg_oms,welfare,care_case,福利关怀主表,主表,19,owner_center_id,归属中心,uuid,是,,否,否,org.organization.id,P1-内部,,设计字段,P016
sjg_oms,welfare,care_case,福利关怀主表,主表,20,owner_department_id,归属部门,uuid,是,,否,否,org.organization.id,P1-内部,,设计字段,P016
sjg_oms,welfare,care_case,福利关怀主表,主表,21,owner_employee_id,责任人,uuid,是,,否,否,org.employee.id,P1-内部,,设计字段,P016
sjg_oms,welfare,care_case,福利关怀主表,主表,22,planned_start_at,计划开始,timestamptz,是,,否,否,,P1-内部,,设计字段,P016
sjg_oms,welfare,care_case,福利关怀主表,主表,23,planned_finish_at,计划完成,timestamptz,是,,否,否,,P1-内部,,设计字段,P016
sjg_oms,welfare,care_case,福利关怀主表,主表,24,actual_start_at,实际开始,timestamptz,是,,否,否,,P1-内部,,设计字段,P016
sjg_oms,welfare,care_case,福利关怀主表,主表,25,actual_end_at,实际完成,timestamptz,是,,否,否,,P1-内部,,设计字段,P016
sjg_oms,welfare,care_case,福利关怀主表,主表,26,result_summary,结果摘要,text,是,,否,否,,P1-内部,,设计字段,P016
sjg_oms,welfare,care_case,福利关怀主表,主表,27,closed_at,关闭时间,timestamptz,是,,否,否,,P1-内部,,设计字段,P016
sjg_oms,welfare,care_case,福利关怀主表,主表,28,actual_amount,实际金额,"numeric(18,2)",是,,否,否,,P1-内部,,原始流程字段,P016
sjg_oms,welfare,care_case,福利关怀主表,主表,29,benefit_amount,奖金/慰问金额,"numeric(18,2)",是,,否,否,,P3-高度敏感,不得小于0,原始流程字段,P016
sjg_oms,welfare,care_case,福利关怀主表,主表,30,budget_item_id,预算项目,varchar(32),是,,否,否,,P1-内部,,原始流程字段,P016
sjg_oms,welfare,care_case,福利关怀主表,主表,31,comp_grade_impact,薪酬/等级影响,text,是,,否,否,,P3-高度敏感,,原始流程字段,P016
sjg_oms,welfare,care_case,福利关怀主表,主表,32,cost_center_id,成本中心,varchar(32),否,,否,否,,P1-内部,,原始流程字段,P016
sjg_oms,welfare,care_case,福利关怀主表,主表,33,currency,币种,varchar(64),否,,否,否,,P1-内部,,原始流程字段,P016
sjg_oms,welfare,care_case,福利关怀主表,主表,34,employee_event_type,事件类型,varchar(64),否,,否,否,,P1-内部,,原始流程字段,P016
sjg_oms,welfare,care_case,福利关怀主表,主表,35,fact_occurred_at,事实发生时间,timestamptz,否,,否,否,,P1-内部,,原始流程字段,P016
sjg_oms,welfare,care_case,福利关怀主表,主表,36,fact_summary,事实与证据摘要,text,否,,否,否,,P1-内部,,原始流程字段,P016
sjg_oms,welfare,care_case,福利关怀主表,主表,37,impact_effective_date,执行生效日期,date,是,,否,否,,P1-内部,,原始流程字段,P016
sjg_oms,welfare,care_case,福利关怀主表,主表,38,impact_level,影响级别,varchar(64),否,,否,否,,P1-内部,,原始流程字段,P016
sjg_oms,welfare,care_case,福利关怀主表,主表,39,points_delta,积分变动值,bigint,是,,否,否,,P1-内部,,原始流程字段,P016
sjg_oms,workflow,generic_request,通用申请主表,主表,1,id,主键ID,uuid,否,gen_random_uuid(),是,否,,P1-内部,,设计字段,P004
sjg_oms,workflow,generic_request,通用申请主表,主表,2,tenant_id,租户ID,uuid,否,,否,否,core.tenant.id,P1-内部,所有业务唯一键必须包含tenant_id,设计字段,P004
sjg_oms,workflow,generic_request,通用申请主表,主表,3,business_no,业务单号,varchar(64),否,,否,是,,P1-内部,租户内唯一；由core.sequence_rule生成,设计字段,P004
sjg_oms,workflow,generic_request,通用申请主表,主表,4,workflow_instance_id,流程实例ID,uuid,是,,否,否,workflow.wf_instance.id,P1-内部,,设计字段,P004
sjg_oms,workflow,generic_request,通用申请主表,主表,5,status,业务状态,varchar(32),否,'DRAFT',否,否,,P1-内部,仅由状态机合法迁移,设计字段,P004
sjg_oms,workflow,generic_request,通用申请主表,主表,6,version_no,乐观锁版本,integer,否,0,否,否,,P1-内部,更新时version_no+1，冲突则拒绝,设计字段,P004
sjg_oms,workflow,generic_request,通用申请主表,主表,7,created_by,创建人,uuid,是,,否,否,org.employee.id,P1-内部,,设计字段,P004
sjg_oms,workflow,generic_request,通用申请主表,主表,8,created_at,创建时间,timestamptz,否,now(),否,否,,P1-内部,,设计字段,P004
sjg_oms,workflow,generic_request,通用申请主表,主表,9,updated_by,更新人,uuid,是,,否,否,org.employee.id,P1-内部,,设计字段,P004
sjg_oms,workflow,generic_request,通用申请主表,主表,10,updated_at,更新时间,timestamptz,否,now(),否,否,,P1-内部,,设计字段,P004
sjg_oms,workflow,generic_request,通用申请主表,主表,11,is_deleted,逻辑删除,boolean,否,false,否,否,,P1-内部,,设计字段,P004
sjg_oms,workflow,generic_request,通用申请主表,主表,12,deleted_at,删除时间,timestamptz,是,,否,否,,P1-内部,,设计字段,P004
sjg_oms,workflow,generic_request,通用申请主表,主表,13,request_type,申请类型,varchar(64),否,,否,否,,P1-内部,,设计字段,P004
sjg_oms,workflow,generic_request,通用申请主表,主表,14,subject,主题,varchar(255),否,,否,否,,P1-内部,,设计字段,P004
sjg_oms,workflow,generic_request,通用申请主表,主表,15,reason,申请原因,text,是,,否,否,,P1-内部,,设计字段,P004
sjg_oms,workflow,generic_request,通用申请主表,主表,16,requested_result,期望结果,text,是,,否,否,,P1-内部,,设计字段,P004
sjg_oms,workflow,generic_request,通用申请主表,主表,17,actual_amount,实际金额,"numeric(18,2)",是,,否,否,,P1-内部,,原始流程字段,P004
sjg_oms,workflow,generic_request,通用申请主表,主表,18,actual_end_at,实际结束时间,timestamptz,是,,否,否,,P1-内部,不得早于开始时间,原始流程字段,P004
sjg_oms,workflow,generic_request,通用申请主表,主表,19,actual_start_at,实际开始时间,timestamptz,否,,否,否,,P1-内部,,原始流程字段,P004
sjg_oms,workflow,generic_request,通用申请主表,主表,20,business_date,业务发生日期,date,否,,否,否,,P1-内部,,原始流程字段,P004
sjg_oms,workflow,generic_request,通用申请主表,主表,21,result_summary,结果摘要,text,否,,否,否,,P1-内部,,原始流程字段,P004
sjg_oms,workflow,wf_action_log,流程动作日志,日志表,1,id,主键ID,uuid,否,gen_random_uuid(),是,否,,P1-内部,,设计字段,
sjg_oms,workflow,wf_action_log,流程动作日志,日志表,2,tenant_id,租户ID,uuid,否,,否,否,core.tenant.id,P1-内部,所有业务唯一键必须包含tenant_id,设计字段,
sjg_oms,workflow,wf_action_log,流程动作日志,日志表,3,created_by,创建人,uuid,是,,否,否,org.employee.id,P1-内部,,设计字段,
sjg_oms,workflow,wf_action_log,流程动作日志,日志表,4,created_at,创建时间,timestamptz,否,now(),否,否,,P1-内部,,设计字段,
sjg_oms,workflow,wf_action_log,流程动作日志,日志表,5,updated_by,更新人,uuid,是,,否,否,org.employee.id,P1-内部,,设计字段,
sjg_oms,workflow,wf_action_log,流程动作日志,日志表,6,updated_at,更新时间,timestamptz,否,now(),否,否,,P1-内部,,设计字段,
sjg_oms,workflow,wf_action_log,流程动作日志,日志表,7,is_deleted,逻辑删除,boolean,否,false,否,否,,P1-内部,,设计字段,
sjg_oms,workflow,wf_action_log,流程动作日志,日志表,8,deleted_at,删除时间,timestamptz,是,,否,否,,P1-内部,,设计字段,
sjg_oms,workflow,wf_action_log,流程动作日志,日志表,9,instance_id,流程实例ID,uuid,否,,否,否,workflow.wf_instance.id,P1-内部,,设计字段,
sjg_oms,workflow,wf_action_log,流程动作日志,日志表,10,task_id,流程任务ID,uuid,是,,否,否,workflow.wf_task.id,P1-内部,,设计字段,
sjg_oms,workflow,wf_action_log,流程动作日志,日志表,11,action_code,动作,varchar(32),否,,否,否,,P1-内部,,设计字段,
sjg_oms,workflow,wf_action_log,流程动作日志,日志表,12,from_status,原状态,varchar(32),是,,否,否,,P1-内部,,设计字段,
sjg_oms,workflow,wf_action_log,流程动作日志,日志表,13,to_status,新状态,varchar(32),是,,否,否,,P1-内部,,设计字段,
sjg_oms,workflow,wf_action_log,流程动作日志,日志表,14,operator_id,操作人,uuid,是,,否,否,,P1-内部,,设计字段,
sjg_oms,workflow,wf_action_log,流程动作日志,日志表,15,operator_identity_id,操作身份,uuid,是,,否,否,,P1-内部,,设计字段,
sjg_oms,workflow,wf_action_log,流程动作日志,日志表,16,reason,原因,text,是,,否,否,,P1-内部,,设计字段,
sjg_oms,workflow,wf_action_log,流程动作日志,日志表,17,occurred_at,发生时间,timestamptz,否,now(),否,否,,P1-内部,,设计字段,
sjg_oms,workflow,wf_action_log,流程动作日志,日志表,18,request_id,请求ID,varchar(128),是,,否,否,,P1-内部,,设计字段,
sjg_oms,workflow,wf_action_log,流程动作日志,日志表,19,snapshot_hash,快照哈希,varchar(128),是,,否,否,,P1-内部,,设计字段,
sjg_oms,workflow,wf_business_relation,业务关联表,关系表,1,id,主键ID,uuid,否,gen_random_uuid(),是,否,,P1-内部,,设计字段,
sjg_oms,workflow,wf_business_relation,业务关联表,关系表,2,tenant_id,租户ID,uuid,否,,否,否,core.tenant.id,P1-内部,所有业务唯一键必须包含tenant_id,设计字段,
sjg_oms,workflow,wf_business_relation,业务关联表,关系表,3,created_by,创建人,uuid,是,,否,否,org.employee.id,P1-内部,,设计字段,
sjg_oms,workflow,wf_business_relation,业务关联表,关系表,4,created_at,创建时间,timestamptz,否,now(),否,否,,P1-内部,,设计字段,
sjg_oms,workflow,wf_business_relation,业务关联表,关系表,5,updated_by,更新人,uuid,是,,否,否,org.employee.id,P1-内部,,设计字段,
sjg_oms,workflow,wf_business_relation,业务关联表,关系表,6,updated_at,更新时间,timestamptz,否,now(),否,否,,P1-内部,,设计字段,
sjg_oms,workflow,wf_business_relation,业务关联表,关系表,7,is_deleted,逻辑删除,boolean,否,false,否,否,,P1-内部,,设计字段,
sjg_oms,workflow,wf_business_relation,业务关联表,关系表,8,deleted_at,删除时间,timestamptz,是,,否,否,,P1-内部,,设计字段,
sjg_oms,workflow,wf_business_relation,业务关联表,关系表,9,source_type,源对象类型,varchar(128),否,,否,否,,P1-内部,,设计字段,
sjg_oms,workflow,wf_business_relation,业务关联表,关系表,10,source_id,源对象ID,uuid,否,,否,否,,P1-内部,,设计字段,
sjg_oms,workflow,wf_business_relation,业务关联表,关系表,11,relation_type,关联类型,varchar(64),否,,否,否,,P1-内部,,设计字段,
sjg_oms,workflow,wf_business_relation,业务关联表,关系表,12,target_type,目标对象类型,varchar(128),否,,否,否,,P1-内部,,设计字段,
sjg_oms,workflow,wf_business_relation,业务关联表,关系表,13,target_id,目标对象ID,uuid,是,,否,否,,P1-内部,,设计字段,
sjg_oms,workflow,wf_business_relation,业务关联表,关系表,14,target_no,目标对象编号,varchar(128),是,,否,否,,P1-内部,,设计字段,
sjg_oms,workflow,wf_business_relation,业务关联表,关系表,15,attributes,关联属性,jsonb,是,,否,否,,P1-内部,,设计字段,
sjg_oms,workflow,wf_definition,流程定义表,配置表,1,id,主键ID,uuid,否,gen_random_uuid(),是,否,,P1-内部,,设计字段,
sjg_oms,workflow,wf_definition,流程定义表,配置表,2,tenant_id,租户ID,uuid,否,,否,否,core.tenant.id,P1-内部,所有业务唯一键必须包含tenant_id,设计字段,
sjg_oms,workflow,wf_definition,流程定义表,配置表,3,created_by,创建人,uuid,是,,否,否,org.employee.id,P1-内部,,设计字段,
sjg_oms,workflow,wf_definition,流程定义表,配置表,4,created_at,创建时间,timestamptz,否,now(),否,否,,P1-内部,,设计字段,
sjg_oms,workflow,wf_definition,流程定义表,配置表,5,updated_by,更新人,uuid,是,,否,否,org.employee.id,P1-内部,,设计字段,
sjg_oms,workflow,wf_definition,流程定义表,配置表,6,updated_at,更新时间,timestamptz,否,now(),否,否,,P1-内部,,设计字段,
sjg_oms,workflow,wf_definition,流程定义表,配置表,7,is_deleted,逻辑删除,boolean,否,false,否,否,,P1-内部,,设计字段,
sjg_oms,workflow,wf_definition,流程定义表,配置表,8,deleted_at,删除时间,timestamptz,是,,否,否,,P1-内部,,设计字段,
sjg_oms,workflow,wf_definition,流程定义表,配置表,9,process_code,流程编码,varchar(16),否,,否,是,,P1-内部,,设计字段,
sjg_oms,workflow,wf_definition,流程定义表,配置表,10,process_name,流程名称,varchar(128),否,,否,否,,P1-内部,,设计字段,
sjg_oms,workflow,wf_definition,流程定义表,配置表,11,module_code,模块编码,varchar(64),否,,否,否,,P1-内部,,设计字段,
sjg_oms,workflow,wf_definition,流程定义表,配置表,12,owner_schema,归属Schema,varchar(64),否,,否,否,,P1-内部,,设计字段,
sjg_oms,workflow,wf_definition,流程定义表,配置表,13,owner_table,归属主表,varchar(128),否,,否,否,,P1-内部,,设计字段,
sjg_oms,workflow,wf_definition,流程定义表,配置表,14,enabled,启用,boolean,否,true,否,否,,P1-内部,,设计字段,
sjg_oms,workflow,wf_form_definition,表单定义表,配置表,1,id,主键ID,uuid,否,gen_random_uuid(),是,否,,P1-内部,,设计字段,
sjg_oms,workflow,wf_form_definition,表单定义表,配置表,2,tenant_id,租户ID,uuid,否,,否,否,core.tenant.id,P1-内部,所有业务唯一键必须包含tenant_id,设计字段,
sjg_oms,workflow,wf_form_definition,表单定义表,配置表,3,created_by,创建人,uuid,是,,否,否,org.employee.id,P1-内部,,设计字段,
sjg_oms,workflow,wf_form_definition,表单定义表,配置表,4,created_at,创建时间,timestamptz,否,now(),否,否,,P1-内部,,设计字段,
sjg_oms,workflow,wf_form_definition,表单定义表,配置表,5,updated_by,更新人,uuid,是,,否,否,org.employee.id,P1-内部,,设计字段,
sjg_oms,workflow,wf_form_definition,表单定义表,配置表,6,updated_at,更新时间,timestamptz,否,now(),否,否,,P1-内部,,设计字段,
sjg_oms,workflow,wf_form_definition,表单定义表,配置表,7,is_deleted,逻辑删除,boolean,否,false,否,否,,P1-内部,,设计字段,
sjg_oms,workflow,wf_form_definition,表单定义表,配置表,8,deleted_at,删除时间,timestamptz,是,,否,否,,P1-内部,,设计字段,
sjg_oms,workflow,wf_form_definition,表单定义表,配置表,9,form_code,表单编码,varchar(64),否,,否,否,,P1-内部,,设计字段,
sjg_oms,workflow,wf_form_definition,表单定义表,配置表,10,form_name,表单名称,varchar(255),否,,否,否,,P1-内部,,设计字段,
sjg_oms,workflow,wf_form_definition,表单定义表,配置表,11,process_code,流程编码,varchar(16),否,,否,否,,P1-内部,,设计字段,
sjg_oms,workflow,wf_form_definition,表单定义表,配置表,12,node_code,节点编码,varchar(32),否,,否,否,,P1-内部,,设计字段,
sjg_oms,workflow,wf_form_definition,表单定义表,配置表,13,version_no,版本,integer,否,,否,否,,P1-内部,,设计字段,
sjg_oms,workflow,wf_form_definition,表单定义表,配置表,14,field_schema,字段Schema,jsonb,否,,否,否,,P1-内部,,设计字段,
sjg_oms,workflow,wf_form_definition,表单定义表,配置表,15,layout_schema,布局Schema,jsonb,是,,否,否,,P1-内部,,设计字段,
sjg_oms,workflow,wf_form_definition,表单定义表,配置表,16,validation_schema,校验Schema,jsonb,是,,否,否,,P1-内部,,设计字段,
sjg_oms,workflow,wf_form_definition,表单定义表,配置表,17,visibility_matrix,可见性矩阵,jsonb,是,,否,否,,P1-内部,,设计字段,
sjg_oms,workflow,wf_form_definition,表单定义表,配置表,18,edit_matrix,可编辑矩阵,jsonb,是,,否,否,,P1-内部,,设计字段,
sjg_oms,workflow,wf_form_definition,表单定义表,配置表,19,enabled,启用,boolean,否,true,否,否,,P1-内部,,设计字段,
sjg_oms,workflow,wf_instance,流程实例表,主表,1,id,主键ID,uuid,否,gen_random_uuid(),是,否,,P1-内部,,设计字段,
sjg_oms,workflow,wf_instance,流程实例表,主表,2,tenant_id,租户ID,uuid,否,,否,否,core.tenant.id,P1-内部,所有业务唯一键必须包含tenant_id,设计字段,
sjg_oms,workflow,wf_instance,流程实例表,主表,3,created_by,创建人,uuid,是,,否,否,org.employee.id,P1-内部,,设计字段,
sjg_oms,workflow,wf_instance,流程实例表,主表,4,created_at,创建时间,timestamptz,否,now(),否,否,,P1-内部,,设计字段,
sjg_oms,workflow,wf_instance,流程实例表,主表,5,updated_by,更新人,uuid,是,,否,否,org.employee.id,P1-内部,,设计字段,
sjg_oms,workflow,wf_instance,流程实例表,主表,6,updated_at,更新时间,timestamptz,否,now(),否,否,,P1-内部,,设计字段,
sjg_oms,workflow,wf_instance,流程实例表,主表,7,is_deleted,逻辑删除,boolean,否,false,否,否,,P1-内部,,设计字段,
sjg_oms,workflow,wf_instance,流程实例表,主表,8,deleted_at,删除时间,timestamptz,是,,否,否,,P1-内部,,设计字段,
sjg_oms,workflow,wf_instance,流程实例表,主表,9,instance_no,流程实例编号,varchar(64),否,,否,是,,P1-内部,,设计字段,
sjg_oms,workflow,wf_instance,流程实例表,主表,10,definition_id,流程定义ID,uuid,否,,否,否,workflow.wf_definition.id,P1-内部,,设计字段,
sjg_oms,workflow,wf_instance,流程实例表,主表,11,version_id,流程版本ID,uuid,否,,否,否,workflow.wf_version.id,P1-内部,,设计字段,
sjg_oms,workflow,wf_instance,流程实例表,主表,12,process_code,流程编码,varchar(16),否,,否,否,,P1-内部,,设计字段,
sjg_oms,workflow,wf_instance,流程实例表,主表,13,business_object_type,业务对象类型,varchar(128),否,,否,否,,P1-内部,,设计字段,
sjg_oms,workflow,wf_instance,流程实例表,主表,14,business_object_id,业务对象ID,uuid,是,,否,否,,P1-内部,,设计字段,
sjg_oms,workflow,wf_instance,流程实例表,主表,15,business_object_no,业务对象编号,varchar(64),是,,否,否,,P1-内部,,设计字段,
sjg_oms,workflow,wf_instance,流程实例表,主表,16,title,流程标题,varchar(255),否,,否,否,,P1-内部,,设计字段,
sjg_oms,workflow,wf_instance,流程实例表,主表,17,initiator_id,发起人,uuid,否,,否,否,org.employee.id,P1-内部,,设计字段,
sjg_oms,workflow,wf_instance,流程实例表,主表,18,current_node_code,当前节点,varchar(32),是,,否,否,,P1-内部,,设计字段,
sjg_oms,workflow,wf_instance,流程实例表,主表,19,status,实例状态,varchar(32),否,'RUNNING',否,否,,P1-内部,,设计字段,
sjg_oms,workflow,wf_instance,流程实例表,主表,20,priority,优先级,varchar(16),否,'NORMAL',否,否,,P1-内部,,设计字段,
sjg_oms,workflow,wf_instance,流程实例表,主表,21,started_at,启动时间,timestamptz,否,now(),否,否,,P1-内部,,设计字段,
sjg_oms,workflow,wf_instance,流程实例表,主表,22,finished_at,完成时间,timestamptz,是,,否,否,,P1-内部,,设计字段,
sjg_oms,workflow,wf_instance,流程实例表,主表,23,due_at,截止时间,timestamptz,是,,否,否,,P1-内部,,设计字段,
sjg_oms,workflow,wf_instance,流程实例表,主表,24,context_snapshot,上下文快照,jsonb,是,,否,否,,P1-内部,,设计字段,
sjg_oms,workflow,wf_node,流程节点表,配置表,1,id,主键ID,uuid,否,gen_random_uuid(),是,否,,P1-内部,,设计字段,
sjg_oms,workflow,wf_node,流程节点表,配置表,2,tenant_id,租户ID,uuid,否,,否,否,core.tenant.id,P1-内部,所有业务唯一键必须包含tenant_id,设计字段,
sjg_oms,workflow,wf_node,流程节点表,配置表,3,created_by,创建人,uuid,是,,否,否,org.employee.id,P1-内部,,设计字段,
sjg_oms,workflow,wf_node,流程节点表,配置表,4,created_at,创建时间,timestamptz,否,now(),否,否,,P1-内部,,设计字段,
sjg_oms,workflow,wf_node,流程节点表,配置表,5,updated_by,更新人,uuid,是,,否,否,org.employee.id,P1-内部,,设计字段,
sjg_oms,workflow,wf_node,流程节点表,配置表,6,updated_at,更新时间,timestamptz,否,now(),否,否,,P1-内部,,设计字段,
sjg_oms,workflow,wf_node,流程节点表,配置表,7,is_deleted,逻辑删除,boolean,否,false,否,否,,P1-内部,,设计字段,
sjg_oms,workflow,wf_node,流程节点表,配置表,8,deleted_at,删除时间,timestamptz,是,,否,否,,P1-内部,,设计字段,
sjg_oms,workflow,wf_node,流程节点表,配置表,9,version_id,流程版本ID,uuid,否,,否,否,workflow.wf_version.id,P1-内部,,设计字段,
sjg_oms,workflow,wf_node,流程节点表,配置表,10,node_code,节点编码,varchar(32),否,,否,否,,P1-内部,,设计字段,
sjg_oms,workflow,wf_node,流程节点表,配置表,11,node_name,节点名称,varchar(128),否,,否,否,,P1-内部,,设计字段,
sjg_oms,workflow,wf_node,流程节点表,配置表,12,node_type,节点类型,varchar(32),否,,否,否,,P1-内部,,设计字段,
sjg_oms,workflow,wf_node,流程节点表,配置表,13,actor_rule,处理人规则,jsonb,是,,否,否,,P1-内部,,设计字段,
sjg_oms,workflow,wf_node,流程节点表,配置表,14,sla_policy_id,SLA策略ID,uuid,是,,否,否,,P1-内部,,设计字段,
sjg_oms,workflow,wf_node,流程节点表,配置表,15,sort_no,顺序,integer,否,,否,否,,P1-内部,,设计字段,
sjg_oms,workflow,wf_orchestration_instance,跨中心编排实例表,主表,1,id,主键ID,uuid,否,gen_random_uuid(),是,否,,P1-内部,,设计字段,"P120,P121,P122,P123,P124,P125,P126"
sjg_oms,workflow,wf_orchestration_instance,跨中心编排实例表,主表,2,tenant_id,租户ID,uuid,否,,否,否,core.tenant.id,P1-内部,所有业务唯一键必须包含tenant_id,设计字段,"P120,P121,P122,P123,P124,P125,P126"
sjg_oms,workflow,wf_orchestration_instance,跨中心编排实例表,主表,3,business_no,业务单号,varchar(64),否,,否,是,,P1-内部,租户内唯一；由core.sequence_rule生成,设计字段,"P120,P121,P122,P123,P124,P125,P126"
sjg_oms,workflow,wf_orchestration_instance,跨中心编排实例表,主表,4,workflow_instance_id,流程实例ID,uuid,是,,否,否,workflow.wf_instance.id,P1-内部,,设计字段,"P120,P121,P122,P123,P124,P125,P126"
sjg_oms,workflow,wf_orchestration_instance,跨中心编排实例表,主表,5,status,业务状态,varchar(32),否,'DRAFT',否,否,,P1-内部,仅由状态机合法迁移,设计字段,"P120,P121,P122,P123,P124,P125,P126"
sjg_oms,workflow,wf_orchestration_instance,跨中心编排实例表,主表,6,version_no,乐观锁版本,integer,否,0,否,否,,P1-内部,更新时version_no+1，冲突则拒绝,设计字段,"P120,P121,P122,P123,P124,P125,P126"
sjg_oms,workflow,wf_orchestration_instance,跨中心编排实例表,主表,7,created_by,创建人,uuid,是,,否,否,org.employee.id,P1-内部,,设计字段,"P120,P121,P122,P123,P124,P125,P126"
sjg_oms,workflow,wf_orchestration_instance,跨中心编排实例表,主表,8,created_at,创建时间,timestamptz,否,now(),否,否,,P1-内部,,设计字段,"P120,P121,P122,P123,P124,P125,P126"
sjg_oms,workflow,wf_orchestration_instance,跨中心编排实例表,主表,9,updated_by,更新人,uuid,是,,否,否,org.employee.id,P1-内部,,设计字段,"P120,P121,P122,P123,P124,P125,P126"
sjg_oms,workflow,wf_orchestration_instance,跨中心编排实例表,主表,10,updated_at,更新时间,timestamptz,否,now(),否,否,,P1-内部,,设计字段,"P120,P121,P122,P123,P124,P125,P126"
sjg_oms,workflow,wf_orchestration_instance,跨中心编排实例表,主表,11,is_deleted,逻辑删除,boolean,否,false,否,否,,P1-内部,,设计字段,"P120,P121,P122,P123,P124,P125,P126"
sjg_oms,workflow,wf_orchestration_instance,跨中心编排实例表,主表,12,deleted_at,删除时间,timestamptz,是,,否,否,,P1-内部,,设计字段,"P120,P121,P122,P123,P124,P125,P126"
sjg_oms,workflow,wf_orchestration_instance,跨中心编排实例表,主表,13,process_code,黄金路径编码,varchar(16),否,,否,否,,P1-内部,,设计字段,"P120,P121,P122,P123,P124,P125,P126"
sjg_oms,workflow,wf_orchestration_instance,跨中心编排实例表,主表,14,master_order_no,主链路单号,varchar(64),否,,否,否,,P1-内部,,设计字段,"P120,P121,P122,P123,P124,P125,P126"
sjg_oms,workflow,wf_orchestration_instance,跨中心编排实例表,主表,15,lead_center_id,牵头中心,uuid,否,,否,否,org.organization.id,P1-内部,,设计字段,"P120,P121,P122,P123,P124,P125,P126"
sjg_oms,workflow,wf_orchestration_instance,跨中心编排实例表,主表,16,participating_centers,参与中心快照,jsonb,否,,否,否,,P1-内部,,设计字段,"P120,P121,P122,P123,P124,P125,P126"
sjg_oms,workflow,wf_orchestration_instance,跨中心编排实例表,主表,17,current_milestone,当前里程碑,varchar(64),是,,否,否,,P1-内部,,设计字段,"P120,P121,P122,P123,P124,P125,P126"
sjg_oms,workflow,wf_orchestration_instance,跨中心编排实例表,主表,18,critical_path,关键路径,jsonb,是,,否,否,,P1-内部,,设计字段,"P120,P121,P122,P123,P124,P125,P126"
sjg_oms,workflow,wf_orchestration_instance,跨中心编排实例表,主表,19,raci_matrix,RACI矩阵,jsonb,是,,否,否,,P1-内部,,设计字段,"P120,P121,P122,P123,P124,P125,P126"
sjg_oms,workflow,wf_orchestration_instance,跨中心编排实例表,主表,20,master_change_version,主变更版本,integer,否,0,否,否,,P1-内部,,设计字段,"P120,P121,P122,P123,P124,P125,P126"
sjg_oms,workflow,wf_orchestration_instance,跨中心编排实例表,主表,21,completion_rate,完成率,"numeric(7,4)",否,0,否,否,,P1-内部,,设计字段,"P120,P121,P122,P123,P124,P125,P126"
sjg_oms,workflow,wf_orchestration_instance,跨中心编排实例表,主表,22,actual_amount,实际金额,"numeric(18,2)",是,,否,否,,P1-内部,,原始流程字段,"P120,P121,P122,P123,P124,P125,P126"
sjg_oms,workflow,wf_orchestration_instance,跨中心编排实例表,主表,23,actual_end_at,实际结束时间,timestamptz,是,,否,否,,P1-内部,不得早于开始时间,原始流程字段,"P120,P121,P122,P123,P124,P125,P126"
sjg_oms,workflow,wf_orchestration_instance,跨中心编排实例表,主表,24,actual_start_at,实际开始时间,timestamptz,否,,否,否,,P1-内部,,原始流程字段,"P120,P121,P122,P123,P124,P125,P126"
sjg_oms,workflow,wf_orchestration_instance,跨中心编排实例表,主表,25,business_date,业务发生日期,date,否,,否,否,,P1-内部,,原始流程字段,"P120,P121,P122,P123,P124,P125,P126"
sjg_oms,workflow,wf_orchestration_instance,跨中心编排实例表,主表,26,contact_name,联系人,varchar(100),是,,否,否,,P2-个人,,原始流程字段,"P120,P121,P122,P123,P124,P125,P126"
sjg_oms,workflow,wf_orchestration_instance,跨中心编排实例表,主表,27,content_asset_no,内容/物料编号,varchar(64),否,,否,否,,P1-内部,,原始流程字段,"P120,P121,P122,P123,P124,P125,P126"
sjg_oms,workflow,wf_orchestration_instance,跨中心编排实例表,主表,28,content_title,主题/标题,varchar(200),否,,否,否,,P1-内部,,原始流程字段,"P120,P121,P122,P123,P124,P125,P126"
sjg_oms,workflow,wf_orchestration_instance,跨中心编排实例表,主表,29,content_type,内容类型,varchar(64),否,,否,否,,P1-内部,,原始流程字段,"P120,P121,P122,P123,P124,P125,P126"
sjg_oms,workflow,wf_orchestration_instance,跨中心编排实例表,主表,30,customer_id,客户编号,varchar(32),否,,否,否,,P1-内部,,原始流程字段,"P120,P121,P122,P123,P124,P125,P126"
sjg_oms,workflow,wf_orchestration_instance,跨中心编排实例表,主表,31,customer_name,客户名称,varchar(200),否,,否,否,,P1-内部,,原始流程字段,"P120,P121,P122,P123,P124,P125,P126"
sjg_oms,workflow,wf_orchestration_instance,跨中心编排实例表,主表,32,guest_team_name,客户/团队名称,varchar(200),否,,否,否,,P1-内部,,原始流程字段,"P120,P121,P122,P123,P124,P125,P126"
sjg_oms,workflow,wf_orchestration_instance,跨中心编排实例表,主表,33,incident_area_id,发生区域,varchar(64),否,,否,否,,P1-内部,,原始流程字段,"P120,P121,P122,P123,P124,P125,P126"
sjg_oms,workflow,wf_orchestration_instance,跨中心编排实例表,主表,34,incident_patrol_no,事件/巡检编号,varchar(64),否,,否,否,,P1-内部,,原始流程字段,"P120,P121,P122,P123,P124,P125,P126"
sjg_oms,workflow,wf_orchestration_instance,跨中心编排实例表,主表,35,incident_type,事件类型,varchar(64),否,,否,否,,P1-内部,,原始流程字段,"P120,P121,P122,P123,P124,P125,P126"
sjg_oms,workflow,wf_orchestration_instance,跨中心编排实例表,主表,36,item_asset_id,物料/资产编号,varchar(64),否,,否,否,,P1-内部,,原始流程字段,"P120,P121,P122,P123,P124,P125,P126"
sjg_oms,workflow,wf_orchestration_instance,跨中心编排实例表,主表,37,item_asset_name,物料/资产名称,varchar(200),否,,否,否,,P1-内部,,原始流程字段,"P120,P121,P122,P123,P124,P125,P126"
sjg_oms,workflow,wf_orchestration_instance,跨中心编排实例表,主表,38,person_name,姓名,varchar(50),否,,否,否,,P2-个人,,原始流程字段,"P120,P121,P122,P123,P124,P125,P126"
sjg_oms,workflow,wf_orchestration_instance,跨中心编排实例表,主表,39,person_no,人员/候选人编号,varchar(32),否,,否,否,,P1-内部,,原始流程字段,"P120,P121,P122,P123,P124,P125,P126"
sjg_oms,workflow,wf_orchestration_instance,跨中心编排实例表,主表,40,program_version_id,节目编号/版本,varchar(64),否,,否,否,,P1-内部,,原始流程字段,"P120,P121,P122,P123,P124,P125,P126"
sjg_oms,workflow,wf_orchestration_instance,跨中心编排实例表,主表,41,reception_level,接待等级,varchar(64),否,,否,否,,P1-内部,,原始流程字段,"P120,P121,P122,P123,P124,P125,P126"
sjg_oms,workflow,wf_orchestration_instance,跨中心编排实例表,主表,42,reception_team_no,接待/团队编号,varchar(64),否,,否,否,,P1-内部,,原始流程字段,"P120,P121,P122,P123,P124,P125,P126"
sjg_oms,workflow,wf_orchestration_instance,跨中心编排实例表,主表,43,result_summary,结果摘要,text,否,,否,否,,P1-内部,,原始流程字段,"P120,P121,P122,P123,P124,P125,P126"
sjg_oms,workflow,wf_orchestration_instance,跨中心编排实例表,主表,44,show_session_no,场次编号,varchar(64),是,,否,否,,P1-内部,,原始流程字段,"P120,P121,P122,P123,P124,P125,P126"
sjg_oms,workflow,wf_orchestration_instance,跨中心编排实例表,主表,45,show_time,演出日期时间,timestamptz,是,,否,否,,P1-内部,,原始流程字段,"P120,P121,P122,P123,P124,P125,P126"
sjg_oms,workflow,wf_orchestration_instance,跨中心编排实例表,主表,46,spec_model,规格型号,varchar(200),是,,否,否,,P1-内部,,原始流程字段,"P120,P121,P122,P123,P124,P125,P126"
sjg_oms,workflow,wf_orchestration_instance,跨中心编排实例表,主表,47,target_job_id,目标岗位,varchar(32),否,,否,否,,P1-内部,,原始流程字段,"P120,P121,P122,P123,P124,P125,P126"
sjg_oms,workflow,wf_orchestration_instance_item,员工生命周期编排明细项,子表,1,id,主键ID,uuid,否,gen_random_uuid(),是,否,,P1-内部,,设计字段,"P120,P121,P122,P123,P124,P125,P126"
sjg_oms,workflow,wf_orchestration_instance_item,员工生命周期编排明细项,子表,2,tenant_id,租户ID,uuid,否,,否,否,core.tenant.id,P1-内部,所有业务唯一键必须包含tenant_id,设计字段,"P120,P121,P122,P123,P124,P125,P126"
sjg_oms,workflow,wf_orchestration_instance_item,员工生命周期编排明细项,子表,3,created_by,创建人,uuid,是,,否,否,org.employee.id,P1-内部,,设计字段,"P120,P121,P122,P123,P124,P125,P126"
sjg_oms,workflow,wf_orchestration_instance_item,员工生命周期编排明细项,子表,4,created_at,创建时间,timestamptz,否,now(),否,否,,P1-内部,,设计字段,"P120,P121,P122,P123,P124,P125,P126"
sjg_oms,workflow,wf_orchestration_instance_item,员工生命周期编排明细项,子表,5,updated_by,更新人,uuid,是,,否,否,org.employee.id,P1-内部,,设计字段,"P120,P121,P122,P123,P124,P125,P126"
sjg_oms,workflow,wf_orchestration_instance_item,员工生命周期编排明细项,子表,6,updated_at,更新时间,timestamptz,否,now(),否,否,,P1-内部,,设计字段,"P120,P121,P122,P123,P124,P125,P126"
sjg_oms,workflow,wf_orchestration_instance_item,员工生命周期编排明细项,子表,7,is_deleted,逻辑删除,boolean,否,false,否,否,,P1-内部,,设计字段,"P120,P121,P122,P123,P124,P125,P126"
sjg_oms,workflow,wf_orchestration_instance_item,员工生命周期编排明细项,子表,8,deleted_at,删除时间,timestamptz,是,,否,否,,P1-内部,,设计字段,"P120,P121,P122,P123,P124,P125,P126"
sjg_oms,workflow,wf_orchestration_instance_item,员工生命周期编排明细项,子表,9,master_id,主表ID,uuid,否,,否,否,workflow.wf_orchestration_instance.id,P1-内部,,设计字段,"P120,P121,P122,P123,P124,P125,P126"
sjg_oms,workflow,wf_orchestration_instance_item,员工生命周期编排明细项,子表,10,field_code,来源字段编码,varchar(128),否,,否,否,,P1-内部,,设计字段,"P120,P121,P122,P123,P124,P125,P126"
sjg_oms,workflow,wf_orchestration_instance_item,员工生命周期编排明细项,子表,11,item_seq,明细序号,integer,否,0,否,否,,P1-内部,,设计字段,"P120,P121,P122,P123,P124,P125,P126"
sjg_oms,workflow,wf_orchestration_instance_item,员工生命周期编排明细项,子表,12,item_key,明细键,varchar(128),是,,否,否,,P1-内部,,设计字段,"P120,P121,P122,P123,P124,P125,P126"
sjg_oms,workflow,wf_orchestration_instance_item,员工生命周期编排明细项,子表,13,item_name,明细名称,varchar(255),是,,否,否,,P1-内部,,设计字段,"P120,P121,P122,P123,P124,P125,P126"
sjg_oms,workflow,wf_orchestration_instance_item,员工生命周期编排明细项,子表,14,item_value_text,文本值,text,是,,否,否,,P1-内部,,设计字段,"P120,P121,P122,P123,P124,P125,P126"
sjg_oms,workflow,wf_orchestration_instance_item,员工生命周期编排明细项,子表,15,item_value_number,数值,"numeric(24,8)",是,,否,否,,P1-内部,,设计字段,"P120,P121,P122,P123,P124,P125,P126"
sjg_oms,workflow,wf_orchestration_instance_item,员工生命周期编排明细项,子表,16,item_value_json,结构化值,jsonb,是,,否,否,,P1-内部,,设计字段,"P120,P121,P122,P123,P124,P125,P126"
sjg_oms,workflow,wf_orchestration_instance_item,员工生命周期编排明细项,子表,17,related_object_type,关联对象类型,varchar(128),是,,否,否,,P1-内部,,设计字段,"P120,P121,P122,P123,P124,P125,P126"
sjg_oms,workflow,wf_orchestration_instance_item,员工生命周期编排明细项,子表,18,related_object_id,关联对象ID,uuid,是,,否,否,,P1-内部,,设计字段,"P120,P121,P122,P123,P124,P125,P126"
sjg_oms,workflow,wf_orchestration_instance_item,员工生命周期编排明细项,子表,19,amount,金额,"numeric(18,2)",是,,否,否,,P1-内部,,设计字段,"P120,P121,P122,P123,P124,P125,P126"
sjg_oms,workflow,wf_orchestration_instance_item,员工生命周期编排明细项,子表,20,quantity,数量,"numeric(18,6)",是,,否,否,,P1-内部,,设计字段,"P120,P121,P122,P123,P124,P125,P126"
sjg_oms,workflow,wf_orchestration_instance_item,员工生命周期编排明细项,子表,21,sort_no,排序,integer,否,0,否,否,,P1-内部,,设计字段,"P120,P121,P122,P123,P124,P125,P126"
sjg_oms,workflow,wf_orchestration_link,编排子单关联表,子表,1,id,主键ID,uuid,否,gen_random_uuid(),是,否,,P1-内部,,设计字段,
sjg_oms,workflow,wf_orchestration_link,编排子单关联表,子表,2,tenant_id,租户ID,uuid,否,,否,否,core.tenant.id,P1-内部,所有业务唯一键必须包含tenant_id,设计字段,
sjg_oms,workflow,wf_orchestration_link,编排子单关联表,子表,3,created_by,创建人,uuid,是,,否,否,org.employee.id,P1-内部,,设计字段,
sjg_oms,workflow,wf_orchestration_link,编排子单关联表,子表,4,created_at,创建时间,timestamptz,否,now(),否,否,,P1-内部,,设计字段,
sjg_oms,workflow,wf_orchestration_link,编排子单关联表,子表,5,updated_by,更新人,uuid,是,,否,否,org.employee.id,P1-内部,,设计字段,
sjg_oms,workflow,wf_orchestration_link,编排子单关联表,子表,6,updated_at,更新时间,timestamptz,否,now(),否,否,,P1-内部,,设计字段,
sjg_oms,workflow,wf_orchestration_link,编排子单关联表,子表,7,is_deleted,逻辑删除,boolean,否,false,否,否,,P1-内部,,设计字段,
sjg_oms,workflow,wf_orchestration_link,编排子单关联表,子表,8,deleted_at,删除时间,timestamptz,是,,否,否,,P1-内部,,设计字段,
sjg_oms,workflow,wf_orchestration_link,编排子单关联表,子表,9,orchestration_id,编排实例ID,uuid,否,,否,否,workflow.wf_orchestration_instance.id,P1-内部,,设计字段,
sjg_oms,workflow,wf_orchestration_link,编排子单关联表,子表,10,child_process_code,子流程编码,varchar(16),否,,否,否,,P1-内部,,设计字段,
sjg_oms,workflow,wf_orchestration_link,编排子单关联表,子表,11,child_instance_id,子流程实例ID,uuid,否,,否,否,workflow.wf_instance.id,P1-内部,,设计字段,
sjg_oms,workflow,wf_orchestration_link,编排子单关联表,子表,12,dependency_type,依赖类型,varchar(32),否,,否,否,,P1-内部,,设计字段,
sjg_oms,workflow,wf_orchestration_link,编排子单关联表,子表,13,milestone_code,里程碑编码,varchar(64),是,,否,否,,P1-内部,,设计字段,
sjg_oms,workflow,wf_orchestration_link,编排子单关联表,子表,14,status,状态,varchar(32),否,,否,否,,P1-内部,,设计字段,
sjg_oms,workflow,wf_orchestration_link,编排子单关联表,子表,15,required,是否必需,boolean,否,true,否,否,,P1-内部,,设计字段,
sjg_oms,workflow,wf_rule,业务规则表,配置表,1,id,主键ID,uuid,否,gen_random_uuid(),是,否,,P1-内部,,设计字段,
sjg_oms,workflow,wf_rule,业务规则表,配置表,2,tenant_id,租户ID,uuid,否,,否,否,core.tenant.id,P1-内部,所有业务唯一键必须包含tenant_id,设计字段,
sjg_oms,workflow,wf_rule,业务规则表,配置表,3,created_by,创建人,uuid,是,,否,否,org.employee.id,P1-内部,,设计字段,
sjg_oms,workflow,wf_rule,业务规则表,配置表,4,created_at,创建时间,timestamptz,否,now(),否,否,,P1-内部,,设计字段,
sjg_oms,workflow,wf_rule,业务规则表,配置表,5,updated_by,更新人,uuid,是,,否,否,org.employee.id,P1-内部,,设计字段,
sjg_oms,workflow,wf_rule,业务规则表,配置表,6,updated_at,更新时间,timestamptz,否,now(),否,否,,P1-内部,,设计字段,
sjg_oms,workflow,wf_rule,业务规则表,配置表,7,is_deleted,逻辑删除,boolean,否,false,否,否,,P1-内部,,设计字段,
sjg_oms,workflow,wf_rule,业务规则表,配置表,8,deleted_at,删除时间,timestamptz,是,,否,否,,P1-内部,,设计字段,
sjg_oms,workflow,wf_rule,业务规则表,配置表,9,rule_code,规则编码,varchar(64),否,,否,否,,P1-内部,,设计字段,
sjg_oms,workflow,wf_rule,业务规则表,配置表,10,process_code,流程编码,varchar(16),否,,否,否,,P1-内部,,设计字段,
sjg_oms,workflow,wf_rule,业务规则表,配置表,11,rule_name,规则名称,varchar(128),否,,否,否,,P1-内部,,设计字段,
sjg_oms,workflow,wf_rule,业务规则表,配置表,12,trigger_point,触发时点,varchar(64),否,,否,否,,P1-内部,,设计字段,
sjg_oms,workflow,wf_rule,业务规则表,配置表,13,rule_expr,规则表达式,jsonb,否,,否,否,,P1-内部,,设计字段,
sjg_oms,workflow,wf_rule,业务规则表,配置表,14,failure_action,不通过处理,text,是,,否,否,,P1-内部,,设计字段,
sjg_oms,workflow,wf_rule,业务规则表,配置表,15,version_no,版本,integer,否,,否,否,,P1-内部,,设计字段,
sjg_oms,workflow,wf_rule,业务规则表,配置表,16,enabled,启用,boolean,否,true,否,否,,P1-内部,,设计字段,
sjg_oms,workflow,wf_sla_policy,流程SLA策略表,配置表,1,id,主键ID,uuid,否,gen_random_uuid(),是,否,,P1-内部,,设计字段,
sjg_oms,workflow,wf_sla_policy,流程SLA策略表,配置表,2,tenant_id,租户ID,uuid,否,,否,否,core.tenant.id,P1-内部,所有业务唯一键必须包含tenant_id,设计字段,
sjg_oms,workflow,wf_sla_policy,流程SLA策略表,配置表,3,created_by,创建人,uuid,是,,否,否,org.employee.id,P1-内部,,设计字段,
sjg_oms,workflow,wf_sla_policy,流程SLA策略表,配置表,4,created_at,创建时间,timestamptz,否,now(),否,否,,P1-内部,,设计字段,
sjg_oms,workflow,wf_sla_policy,流程SLA策略表,配置表,5,updated_by,更新人,uuid,是,,否,否,org.employee.id,P1-内部,,设计字段,
sjg_oms,workflow,wf_sla_policy,流程SLA策略表,配置表,6,updated_at,更新时间,timestamptz,否,now(),否,否,,P1-内部,,设计字段,
sjg_oms,workflow,wf_sla_policy,流程SLA策略表,配置表,7,is_deleted,逻辑删除,boolean,否,false,否,否,,P1-内部,,设计字段,
sjg_oms,workflow,wf_sla_policy,流程SLA策略表,配置表,8,deleted_at,删除时间,timestamptz,是,,否,否,,P1-内部,,设计字段,
sjg_oms,workflow,wf_sla_policy,流程SLA策略表,配置表,9,policy_code,策略编码,varchar(64),否,,否,是,,P1-内部,,设计字段,
sjg_oms,workflow,wf_sla_policy,流程SLA策略表,配置表,10,process_code,流程编码,varchar(16),是,,否,否,,P1-内部,,设计字段,
sjg_oms,workflow,wf_sla_policy,流程SLA策略表,配置表,11,node_code,节点编码,varchar(32),是,,否,否,,P1-内部,,设计字段,
sjg_oms,workflow,wf_sla_policy,流程SLA策略表,配置表,12,duration_minutes,时限分钟,integer,否,,否,否,,P1-内部,,设计字段,
sjg_oms,workflow,wf_sla_policy,流程SLA策略表,配置表,13,calendar_id,工作日历ID,uuid,是,,否,否,,P1-内部,,设计字段,
sjg_oms,workflow,wf_sla_policy,流程SLA策略表,配置表,14,remind_rules,提醒规则,jsonb,是,,否,否,,P1-内部,,设计字段,
sjg_oms,workflow,wf_sla_policy,流程SLA策略表,配置表,15,escalation_rules,升级规则,jsonb,是,,否,否,,P1-内部,,设计字段,
sjg_oms,workflow,wf_submission,表单提交主表,主表,1,id,主键ID,uuid,否,gen_random_uuid(),是,否,,P1-内部,,设计字段,
sjg_oms,workflow,wf_submission,表单提交主表,主表,2,tenant_id,租户ID,uuid,否,,否,否,core.tenant.id,P1-内部,所有业务唯一键必须包含tenant_id,设计字段,
sjg_oms,workflow,wf_submission,表单提交主表,主表,3,created_by,创建人,uuid,是,,否,否,org.employee.id,P1-内部,,设计字段,
sjg_oms,workflow,wf_submission,表单提交主表,主表,4,created_at,创建时间,timestamptz,否,now(),否,否,,P1-内部,,设计字段,
sjg_oms,workflow,wf_submission,表单提交主表,主表,5,updated_by,更新人,uuid,是,,否,否,org.employee.id,P1-内部,,设计字段,
sjg_oms,workflow,wf_submission,表单提交主表,主表,6,updated_at,更新时间,timestamptz,否,now(),否,否,,P1-内部,,设计字段,
sjg_oms,workflow,wf_submission,表单提交主表,主表,7,is_deleted,逻辑删除,boolean,否,false,否,否,,P1-内部,,设计字段,
sjg_oms,workflow,wf_submission,表单提交主表,主表,8,deleted_at,删除时间,timestamptz,是,,否,否,,P1-内部,,设计字段,
sjg_oms,workflow,wf_submission,表单提交主表,主表,9,submission_no,提交编号,varchar(64),否,,否,是,,P1-内部,,设计字段,
sjg_oms,workflow,wf_submission,表单提交主表,主表,10,instance_id,流程实例ID,uuid,否,,否,否,workflow.wf_instance.id,P1-内部,,设计字段,
sjg_oms,workflow,wf_submission,表单提交主表,主表,11,task_id,任务ID,uuid,是,,否,否,workflow.wf_task.id,P1-内部,,设计字段,
sjg_oms,workflow,wf_submission,表单提交主表,主表,12,form_definition_id,表单定义ID,uuid,否,,否,否,workflow.wf_form_definition.id,P1-内部,,设计字段,
sjg_oms,workflow,wf_submission,表单提交主表,主表,13,form_version,表单版本,integer,否,,否,否,,P1-内部,,设计字段,
sjg_oms,workflow,wf_submission,表单提交主表,主表,14,submitter_id,提交人,uuid,否,,否,否,org.employee.id,P1-内部,,设计字段,
sjg_oms,workflow,wf_submission,表单提交主表,主表,15,submitted_at,提交时间,timestamptz,否,now(),否,否,,P1-内部,,设计字段,
sjg_oms,workflow,wf_submission,表单提交主表,主表,16,content_hash,内容哈希,varchar(128),否,,否,否,,P1-内部,,设计字段,
sjg_oms,workflow,wf_submission,表单提交主表,主表,17,status,提交状态,varchar(32),否,'SUBMITTED',否,否,,P1-内部,,设计字段,
sjg_oms,workflow,wf_submission_value,表单动态字段值表,子表,1,id,主键ID,uuid,否,gen_random_uuid(),是,否,,P1-内部,,设计字段,
sjg_oms,workflow,wf_submission_value,表单动态字段值表,子表,2,tenant_id,租户ID,uuid,否,,否,否,core.tenant.id,P1-内部,所有业务唯一键必须包含tenant_id,设计字段,
sjg_oms,workflow,wf_submission_value,表单动态字段值表,子表,3,created_by,创建人,uuid,是,,否,否,org.employee.id,P1-内部,,设计字段,
sjg_oms,workflow,wf_submission_value,表单动态字段值表,子表,4,created_at,创建时间,timestamptz,否,now(),否,否,,P1-内部,,设计字段,
sjg_oms,workflow,wf_submission_value,表单动态字段值表,子表,5,updated_by,更新人,uuid,是,,否,否,org.employee.id,P1-内部,,设计字段,
sjg_oms,workflow,wf_submission_value,表单动态字段值表,子表,6,updated_at,更新时间,timestamptz,否,now(),否,否,,P1-内部,,设计字段,
sjg_oms,workflow,wf_submission_value,表单动态字段值表,子表,7,is_deleted,逻辑删除,boolean,否,false,否,否,,P1-内部,,设计字段,
sjg_oms,workflow,wf_submission_value,表单动态字段值表,子表,8,deleted_at,删除时间,timestamptz,是,,否,否,,P1-内部,,设计字段,
sjg_oms,workflow,wf_submission_value,表单动态字段值表,子表,9,submission_id,提交ID,uuid,否,,否,否,workflow.wf_submission.id,P1-内部,,设计字段,
sjg_oms,workflow,wf_submission_value,表单动态字段值表,子表,10,field_code,字段标识,varchar(128),否,,否,否,,P1-内部,,设计字段,
sjg_oms,workflow,wf_submission_value,表单动态字段值表,子表,11,value_type,值类型,varchar(32),否,,否,否,,P1-内部,,设计字段,
sjg_oms,workflow,wf_submission_value,表单动态字段值表,子表,12,value_text,文本值,text,是,,否,否,,P1-内部,,设计字段,
sjg_oms,workflow,wf_submission_value,表单动态字段值表,子表,13,value_number,数值,"numeric(24,8)",是,,否,否,,P1-内部,,设计字段,
sjg_oms,workflow,wf_submission_value,表单动态字段值表,子表,14,value_datetime,日期时间值,timestamptz,是,,否,否,,P1-内部,,设计字段,
sjg_oms,workflow,wf_submission_value,表单动态字段值表,子表,15,value_boolean,布尔值,boolean,是,,否,否,,P1-内部,,设计字段,
sjg_oms,workflow,wf_submission_value,表单动态字段值表,子表,16,value_json,JSON值,jsonb,是,,否,否,,P1-内部,,设计字段,
sjg_oms,workflow,wf_submission_value,表单动态字段值表,子表,17,search_hash,敏感检索哈希,varchar(128),是,,否,否,,P1-内部,,设计字段,
sjg_oms,workflow,wf_submission_value,表单动态字段值表,子表,18,sensitive_level,敏感级别,varchar(16),否,'P1',否,否,,P1-内部,,设计字段,
sjg_oms,workflow,wf_submission_value,表单动态字段值表,子表,19,is_encrypted,是否密文,boolean,否,false,否,否,,P1-内部,,设计字段,
sjg_oms,workflow,wf_task,流程任务表,子表,1,id,主键ID,uuid,否,gen_random_uuid(),是,否,,P1-内部,,设计字段,
sjg_oms,workflow,wf_task,流程任务表,子表,2,tenant_id,租户ID,uuid,否,,否,否,core.tenant.id,P1-内部,所有业务唯一键必须包含tenant_id,设计字段,
sjg_oms,workflow,wf_task,流程任务表,子表,3,created_by,创建人,uuid,是,,否,否,org.employee.id,P1-内部,,设计字段,
sjg_oms,workflow,wf_task,流程任务表,子表,4,created_at,创建时间,timestamptz,否,now(),否,否,,P1-内部,,设计字段,
sjg_oms,workflow,wf_task,流程任务表,子表,5,updated_by,更新人,uuid,是,,否,否,org.employee.id,P1-内部,,设计字段,
sjg_oms,workflow,wf_task,流程任务表,子表,6,updated_at,更新时间,timestamptz,否,now(),否,否,,P1-内部,,设计字段,
sjg_oms,workflow,wf_task,流程任务表,子表,7,is_deleted,逻辑删除,boolean,否,false,否,否,,P1-内部,,设计字段,
sjg_oms,workflow,wf_task,流程任务表,子表,8,deleted_at,删除时间,timestamptz,是,,否,否,,P1-内部,,设计字段,
sjg_oms,workflow,wf_task,流程任务表,子表,9,instance_id,流程实例ID,uuid,否,,否,否,workflow.wf_instance.id,P1-内部,,设计字段,
sjg_oms,workflow,wf_task,流程任务表,子表,10,task_no,任务编号,varchar(64),否,,否,是,,P1-内部,,设计字段,
sjg_oms,workflow,wf_task,流程任务表,子表,11,node_code,节点编码,varchar(32),否,,否,否,,P1-内部,,设计字段,
sjg_oms,workflow,wf_task,流程任务表,子表,12,task_type,任务类型,varchar(32),否,,否,否,,P1-内部,,设计字段,
sjg_oms,workflow,wf_task,流程任务表,子表,13,assignee_id,处理人,uuid,是,,否,否,org.employee.id,P1-内部,,设计字段,
sjg_oms,workflow,wf_task,流程任务表,子表,14,candidate_rule,候选人规则,jsonb,是,,否,否,,P1-内部,,设计字段,
sjg_oms,workflow,wf_task,流程任务表,子表,15,status,任务状态,varchar(32),否,'PENDING',否,否,,P1-内部,,设计字段,
sjg_oms,workflow,wf_task,流程任务表,子表,16,received_at,接收时间,timestamptz,否,now(),否,否,,P1-内部,,设计字段,
sjg_oms,workflow,wf_task,流程任务表,子表,17,due_at,截止时间,timestamptz,是,,否,否,,P1-内部,,设计字段,
sjg_oms,workflow,wf_task,流程任务表,子表,18,completed_at,完成时间,timestamptz,是,,否,否,,P1-内部,,设计字段,
sjg_oms,workflow,wf_task,流程任务表,子表,19,result_code,处理结果,varchar(32),是,,否,否,,P1-内部,,设计字段,
sjg_oms,workflow,wf_task,流程任务表,子表,20,comment,处理意见,text,是,,否,否,,P1-内部,,设计字段,
sjg_oms,workflow,wf_transition,状态迁移表,配置表,1,id,主键ID,uuid,否,gen_random_uuid(),是,否,,P1-内部,,设计字段,
sjg_oms,workflow,wf_transition,状态迁移表,配置表,2,tenant_id,租户ID,uuid,否,,否,否,core.tenant.id,P1-内部,所有业务唯一键必须包含tenant_id,设计字段,
sjg_oms,workflow,wf_transition,状态迁移表,配置表,3,created_by,创建人,uuid,是,,否,否,org.employee.id,P1-内部,,设计字段,
sjg_oms,workflow,wf_transition,状态迁移表,配置表,4,created_at,创建时间,timestamptz,否,now(),否,否,,P1-内部,,设计字段,
sjg_oms,workflow,wf_transition,状态迁移表,配置表,5,updated_by,更新人,uuid,是,,否,否,org.employee.id,P1-内部,,设计字段,
sjg_oms,workflow,wf_transition,状态迁移表,配置表,6,updated_at,更新时间,timestamptz,否,now(),否,否,,P1-内部,,设计字段,
sjg_oms,workflow,wf_transition,状态迁移表,配置表,7,is_deleted,逻辑删除,boolean,否,false,否,否,,P1-内部,,设计字段,
sjg_oms,workflow,wf_transition,状态迁移表,配置表,8,deleted_at,删除时间,timestamptz,是,,否,否,,P1-内部,,设计字段,
sjg_oms,workflow,wf_transition,状态迁移表,配置表,9,version_id,流程版本ID,uuid,否,,否,否,workflow.wf_version.id,P1-内部,,设计字段,
sjg_oms,workflow,wf_transition,状态迁移表,配置表,10,from_node_code,来源节点,varchar(32),否,,否,否,,P1-内部,,设计字段,
sjg_oms,workflow,wf_transition,状态迁移表,配置表,11,action_code,动作编码,varchar(32),否,,否,否,,P1-内部,,设计字段,
sjg_oms,workflow,wf_transition,状态迁移表,配置表,12,to_node_code,目标节点,varchar(32),否,,否,否,,P1-内部,,设计字段,
sjg_oms,workflow,wf_transition,状态迁移表,配置表,13,condition_expr,迁移条件,jsonb,是,,否,否,,P1-内部,,设计字段,
sjg_oms,workflow,wf_transition,状态迁移表,配置表,14,is_rollback,是否回退,boolean,否,false,否,否,,P1-内部,,设计字段,
sjg_oms,workflow,wf_version,流程版本表,配置表,1,id,主键ID,uuid,否,gen_random_uuid(),是,否,,P1-内部,,设计字段,
sjg_oms,workflow,wf_version,流程版本表,配置表,2,tenant_id,租户ID,uuid,否,,否,否,core.tenant.id,P1-内部,所有业务唯一键必须包含tenant_id,设计字段,
sjg_oms,workflow,wf_version,流程版本表,配置表,3,created_by,创建人,uuid,是,,否,否,org.employee.id,P1-内部,,设计字段,
sjg_oms,workflow,wf_version,流程版本表,配置表,4,created_at,创建时间,timestamptz,否,now(),否,否,,P1-内部,,设计字段,
sjg_oms,workflow,wf_version,流程版本表,配置表,5,updated_by,更新人,uuid,是,,否,否,org.employee.id,P1-内部,,设计字段,
sjg_oms,workflow,wf_version,流程版本表,配置表,6,updated_at,更新时间,timestamptz,否,now(),否,否,,P1-内部,,设计字段,
sjg_oms,workflow,wf_version,流程版本表,配置表,7,is_deleted,逻辑删除,boolean,否,false,否,否,,P1-内部,,设计字段,
sjg_oms,workflow,wf_version,流程版本表,配置表,8,deleted_at,删除时间,timestamptz,是,,否,否,,P1-内部,,设计字段,
sjg_oms,workflow,wf_version,流程版本表,配置表,9,definition_id,流程定义ID,uuid,否,,否,否,workflow.wf_definition.id,P1-内部,,设计字段,
sjg_oms,workflow,wf_version,流程版本表,配置表,10,version_no,版本号,integer,否,,否,否,,P1-内部,,设计字段,
sjg_oms,workflow,wf_version,流程版本表,配置表,11,status,版本状态,varchar(32),否,,否,否,,P1-内部,,设计字段,
sjg_oms,workflow,wf_version,流程版本表,配置表,12,effective_at,生效时间,timestamptz,是,,否,否,,P1-内部,,设计字段,
sjg_oms,workflow,wf_version,流程版本表,配置表,13,definition_json,流程定义JSON,jsonb,否,,否,否,,P1-内部,,设计字段,
sjg_oms,workflow,wf_version,流程版本表,配置表,14,checksum,定义校验值,varchar(128),否,,否,否,,P1-内部,,设计字段,
