source_table,source_column,target_table,target_column,relation_type,on_delete,note
iam.login_session_item,master_id,iam.login_session,id,N:1,CASCADE,明细随主记录逻辑删除
iam.permission_request_item,master_id,iam.permission_request,id,N:1,CASCADE,明细随主记录逻辑删除
hr.employee_profile_change_item,master_id,hr.employee_profile_change,id,N:1,CASCADE,明细随主记录逻辑删除
collaboration.notice_item,master_id,collaboration.notice,id,N:1,CASCADE,明细随主记录逻辑删除
collaboration.meeting_item,master_id,collaboration.meeting,id,N:1,CASCADE,明细随主记录逻辑删除
attendance.shift_change_request_item,master_id,attendance.shift_change_request,id,N:1,CASCADE,明细随主记录逻辑删除
attendance.leave_request_item,master_id,attendance.leave_request,id,N:1,CASCADE,明细随主记录逻辑删除
attendance.overtime_request_item,master_id,attendance.overtime_request,id,N:1,CASCADE,明细随主记录逻辑删除
hr.promotion_request_item,master_id,hr.promotion_request,id,N:1,CASCADE,明细随主记录逻辑删除
reward.point_transaction_item,master_id,reward.point_transaction,id,N:1,CASCADE,明细随主记录逻辑删除
integration.data_import_job_item,master_id,integration.data_import_job,id,N:1,CASCADE,明细随主记录逻辑删除
audit.data_export_request_item,master_id,audit.data_export_request,id,N:1,CASCADE,明细随主记录逻辑删除
audit.data_quality_issue_item,master_id,audit.data_quality_issue,id,N:1,CASCADE,明细随主记录逻辑删除
collaboration.executive_directive_item,master_id,collaboration.executive_directive,id,N:1,CASCADE,明细随主记录逻辑删除
finance.budget_request_item,master_id,finance.budget_request,id,N:1,CASCADE,明细随主记录逻辑删除
finance.expense_claim_item,master_id,finance.expense_claim,id,N:1,CASCADE,明细随主记录逻辑删除
finance.loan_request_item,master_id,finance.loan_request,id,N:1,CASCADE,明细随主记录逻辑删除
finance.reconciliation_task_item,master_id,finance.reconciliation_task,id,N:1,CASCADE,明细随主记录逻辑删除
hr.employee_onboarding_item,master_id,hr.employee_onboarding,id,N:1,CASCADE,明细随主记录逻辑删除
hr.employee_transfer_item,master_id,hr.employee_transfer,id,N:1,CASCADE,明细随主记录逻辑删除
hr.employee_offboarding_item,master_id,hr.employee_offboarding,id,N:1,CASCADE,明细随主记录逻辑删除
archive.archive_package_item,master_id,archive.archive_package,id,N:1,CASCADE,明细随主记录逻辑删除
archive.borrow_request_item,master_id,archive.borrow_request,id,N:1,CASCADE,明细随主记录逻辑删除
archive.disposal_appraisal_item,master_id,archive.disposal_appraisal,id,N:1,CASCADE,明细随主记录逻辑删除
procurement.purchase_request_item,master_id,procurement.purchase_request,id,N:1,CASCADE,明细随主记录逻辑删除
procurement.emergency_purchase_item,master_id,procurement.emergency_purchase,id,N:1,CASCADE,明细随主记录逻辑删除
procurement.purchase_return_item,master_id,procurement.purchase_return,id,N:1,CASCADE,明细随主记录逻辑删除
ticketing.ticket_order_item,master_id,ticketing.ticket_order,id,N:1,CASCADE,明细随主记录逻辑删除
ticketing.ticket_refund_change_item,master_id,ticketing.ticket_refund_change,id,N:1,CASCADE,明细随主记录逻辑删除
ticketing.offline_check_event_item,master_id,ticketing.offline_check_event,id,N:1,CASCADE,明细随主记录逻辑删除
crm.opportunity_item,master_id,crm.opportunity,id,N:1,CASCADE,明细随主记录逻辑删除
marketing.campaign_item,master_id,marketing.campaign,id,N:1,CASCADE,明细随主记录逻辑删除
crm.channel_partner_item,master_id,crm.channel_partner,id,N:1,CASCADE,明细随主记录逻辑删除
education.teacher_schedule_item,master_id,education.teacher_schedule,id,N:1,CASCADE,明细随主记录逻辑删除
administration.official_document_item,master_id,administration.official_document,id,N:1,CASCADE,明细随主记录逻辑删除
administration.large_event_item,master_id,administration.large_event,id,N:1,CASCADE,明细随主记录逻辑删除
asset.stocktake_item,master_id,asset.stocktake,id,N:1,CASCADE,明细随主记录逻辑删除
maintenance.repair_order_item,master_id,maintenance.repair_order,id,N:1,CASCADE,明细随主记录逻辑删除
catering.group_meal_order_item,master_id,catering.group_meal_order,id,N:1,CASCADE,明细随主记录逻辑删除
catering.ingredient_acceptance_item,master_id,catering.ingredient_acceptance,id,N:1,CASCADE,明细随主记录逻辑删除
catering.food_safety_incident_item,master_id,catering.food_safety_incident,id,N:1,CASCADE,明细随主记录逻辑删除
catering.meal_card_settlement_item,master_id,catering.meal_card_settlement,id,N:1,CASCADE,明细随主记录逻辑删除
cleaning.cleaning_task_item,master_id,cleaning.cleaning_task,id,N:1,CASCADE,明细随主记录逻辑删除
cleaning.pollution_incident_item,master_id,cleaning.pollution_incident,id,N:1,CASCADE,明细随主记录逻辑删除
cleaning.event_support_item,master_id,cleaning.event_support,id,N:1,CASCADE,明细随主记录逻辑删除
merchant.merchant_admission_item,master_id,merchant.merchant_admission,id,N:1,CASCADE,明细随主记录逻辑删除
merchant.merchant_inspection_item,master_id,merchant.merchant_inspection,id,N:1,CASCADE,明细随主记录逻辑删除
merchant.merchant_exit_item,master_id,merchant.merchant_exit,id,N:1,CASCADE,明细随主记录逻辑删除
entertainment.show_session_item,master_id,entertainment.show_session,id,N:1,CASCADE,明细随主记录逻辑删除
entertainment.staff_shortage_item,master_id,entertainment.staff_shortage,id,N:1,CASCADE,明细随主记录逻辑删除
entertainment.suspension_decision_item,master_id,entertainment.suspension_decision,id,N:1,CASCADE,明细随主记录逻辑删除
drone.flight_task_item,master_id,drone.flight_task,id,N:1,CASCADE,明细随主记录逻辑删除
drone.flight_cancellation_item,master_id,drone.flight_cancellation,id,N:1,CASCADE,明细随主记录逻辑删除
drone.flight_incident_item,master_id,drone.flight_incident,id,N:1,CASCADE,明细随主记录逻辑删除
entertainment.equipment_fault_item,master_id,entertainment.equipment_fault,id,N:1,CASCADE,明细随主记录逻辑删除
itops.network_incident_item,master_id,itops.network_incident,id,N:1,CASCADE,明细随主记录逻辑删除
itops.network_change_item,master_id,itops.network_change,id,N:1,CASCADE,明细随主记录逻辑删除
itops.event_support_item,master_id,itops.event_support,id,N:1,CASCADE,明细随主记录逻辑删除
itops.service_request_item,master_id,itops.service_request,id,N:1,CASCADE,明细随主记录逻辑删除
devops.release_item,master_id,devops.release,id,N:1,CASCADE,明细随主记录逻辑删除
iam.account_execution_item,master_id,iam.account_execution,id,N:1,CASCADE,明细随主记录逻辑删除
itops.recovery_drill_item,master_id,itops.recovery_drill,id,N:1,CASCADE,明细随主记录逻辑删除
devops.requirement_item,master_id,devops.requirement,id,N:1,CASCADE,明细随主记录逻辑删除
devops.defect_item,master_id,devops.defect,id,N:1,CASCADE,明细随主记录逻辑删除
content.material_request_item,master_id,content.material_request,id,N:1,CASCADE,明细随主记录逻辑删除
content.shooting_task_item,master_id,content.shooting_task,id,N:1,CASCADE,明细随主记录逻辑删除
content.change_request_item,master_id,content.change_request,id,N:1,CASCADE,明细随主记录逻辑删除
planning.project_item,master_id,planning.project,id,N:1,CASCADE,明细随主记录逻辑删除
planning.change_request_item,master_id,planning.change_request,id,N:1,CASCADE,明细随主记录逻辑删除
planning.event_handover_item,master_id,planning.event_handover,id,N:1,CASCADE,明细随主记录逻辑删除
ecommerce.product_listing_item,master_id,ecommerce.product_listing,id,N:1,CASCADE,明细随主记录逻辑删除
ecommerce.ota_order_item,master_id,ecommerce.ota_order,id,N:1,CASCADE,明细随主记录逻辑删除
ecommerce.refund_order_item,master_id,ecommerce.refund_order,id,N:1,CASCADE,明细随主记录逻辑删除
ecommerce.review_complaint_item,master_id,ecommerce.review_complaint,id,N:1,CASCADE,明细随主记录逻辑删除
media.short_video_release_item,master_id,media.short_video_release,id,N:1,CASCADE,明细随主记录逻辑删除
media.live_session_item,master_id,media.live_session,id,N:1,CASCADE,明细随主记录逻辑删除
media.ad_campaign_item,master_id,media.ad_campaign,id,N:1,CASCADE,明细随主记录逻辑删除
media.public_opinion_case_item,master_id,media.public_opinion_case,id,N:1,CASCADE,明细随主记录逻辑删除
brand.authorization_item,master_id,brand.authorization,id,N:1,CASCADE,明细随主记录逻辑删除
brand.material_review_item,master_id,brand.material_review,id,N:1,CASCADE,明细随主记录逻辑删除
brand.infringement_case_item,master_id,brand.infringement_case,id,N:1,CASCADE,明细随主记录逻辑删除
reception.reception_order_item,master_id,reception.reception_order,id,N:1,CASCADE,明细随主记录逻辑删除
reception.change_request_item,master_id,reception.change_request,id,N:1,CASCADE,明细随主记录逻辑删除
reception.guide_execution_item,master_id,reception.guide_execution,id,N:1,CASCADE,明细随主记录逻辑删除
sales.lead_item,master_id,sales.lead,id,N:1,CASCADE,明细随主记录逻辑删除
sales.deal_item,master_id,sales.deal,id,N:1,CASCADE,明细随主记录逻辑删除
sales.secondary_sale_item,master_id,sales.secondary_sale,id,N:1,CASCADE,明细随主记录逻辑删除
sales.customer_handover_item,master_id,sales.customer_handover,id,N:1,CASCADE,明细随主记录逻辑删除
workflow.wf_orchestration_instance_item,master_id,workflow.wf_orchestration_instance,id,N:1,CASCADE,明细随主记录逻辑删除
core.dictionary,tenant_id,core.tenant,id,N:1,RESTRICT,字段级外键
core.dictionary,created_by,org.employee,id,N:1,RESTRICT,字段级外键
core.dictionary,updated_by,org.employee,id,N:1,RESTRICT,字段级外键
core.dictionary_item,tenant_id,core.tenant,id,N:1,RESTRICT,字段级外键
core.dictionary_item,created_by,org.employee,id,N:1,RESTRICT,字段级外键
core.dictionary_item,updated_by,org.employee,id,N:1,RESTRICT,字段级外键
core.dictionary_item,dictionary_id,core.dictionary,id,N:1,RESTRICT,字段级外键
core.sequence_rule,tenant_id,core.tenant,id,N:1,RESTRICT,字段级外键
core.sequence_rule,created_by,org.employee,id,N:1,RESTRICT,字段级外键
core.sequence_rule,updated_by,org.employee,id,N:1,RESTRICT,字段级外键
core.idempotency_record,tenant_id,core.tenant,id,N:1,RESTRICT,字段级外键
core.idempotency_record,created_by,org.employee,id,N:1,RESTRICT,字段级外键
core.idempotency_record,updated_by,org.employee,id,N:1,RESTRICT,字段级外键
core.outbox_event,tenant_id,core.tenant,id,N:1,RESTRICT,字段级外键
core.outbox_event,created_by,org.employee,id,N:1,RESTRICT,字段级外键
core.outbox_event,updated_by,org.employee,id,N:1,RESTRICT,字段级外键
core.inbox_event,tenant_id,core.tenant,id,N:1,RESTRICT,字段级外键
core.inbox_event,created_by,org.employee,id,N:1,RESTRICT,字段级外键
core.inbox_event,updated_by,org.employee,id,N:1,RESTRICT,字段级外键
iam.user_account,tenant_id,core.tenant,id,N:1,RESTRICT,字段级外键
iam.user_account,created_by,org.employee,id,N:1,RESTRICT,字段级外键
iam.user_account,updated_by,org.employee,id,N:1,RESTRICT,字段级外键
iam.user_identity,tenant_id,core.tenant,id,N:1,RESTRICT,字段级外键
iam.user_identity,created_by,org.employee,id,N:1,RESTRICT,字段级外键
iam.user_identity,updated_by,org.employee,id,N:1,RESTRICT,字段级外键
iam.user_identity,user_id,iam.user_account,id,N:1,RESTRICT,字段级外键
iam.user_identity,employee_id,org.employee,id,N:1,RESTRICT,字段级外键
iam.user_identity,org_id,org.organization,id,N:1,RESTRICT,字段级外键
iam.user_identity,position_id,org.position,id,N:1,RESTRICT,字段级外键
iam.role,tenant_id,core.tenant,id,N:1,RESTRICT,字段级外键
iam.role,created_by,org.employee,id,N:1,RESTRICT,字段级外键
iam.role,updated_by,org.employee,id,N:1,RESTRICT,字段级外键
iam.permission,tenant_id,core.tenant,id,N:1,RESTRICT,字段级外键
iam.permission,created_by,org.employee,id,N:1,RESTRICT,字段级外键
iam.permission,updated_by,org.employee,id,N:1,RESTRICT,字段级外键
iam.role_permission,tenant_id,core.tenant,id,N:1,RESTRICT,字段级外键
iam.role_permission,created_by,org.employee,id,N:1,RESTRICT,字段级外键
iam.role_permission,updated_by,org.employee,id,N:1,RESTRICT,字段级外键
iam.role_permission,role_id,iam.role,id,N:1,RESTRICT,字段级外键
iam.role_permission,permission_id,iam.permission,id,N:1,RESTRICT,字段级外键
iam.user_role,tenant_id,core.tenant,id,N:1,RESTRICT,字段级外键
iam.user_role,created_by,org.employee,id,N:1,RESTRICT,字段级外键
iam.user_role,updated_by,org.employee,id,N:1,RESTRICT,字段级外键
iam.user_role,user_id,iam.user_account,id,N:1,RESTRICT,字段级外键
iam.user_role,identity_id,iam.user_identity,id,N:1,RESTRICT,字段级外键
iam.user_role,role_id,iam.role,id,N:1,RESTRICT,字段级外键
iam.data_scope_rule,tenant_id,core.tenant,id,N:1,RESTRICT,字段级外键
iam.data_scope_rule,created_by,org.employee,id,N:1,RESTRICT,字段级外键
iam.data_scope_rule,updated_by,org.employee,id,N:1,RESTRICT,字段级外键
org.organization,tenant_id,core.tenant,id,N:1,RESTRICT,字段级外键
org.organization,created_by,org.employee,id,N:1,RESTRICT,字段级外键
org.organization,updated_by,org.employee,id,N:1,RESTRICT,字段级外键
org.organization,parent_id,org.organization,id,N:1,RESTRICT,字段级外键
org.position,tenant_id,core.tenant,id,N:1,RESTRICT,字段级外键
org.position,created_by,org.employee,id,N:1,RESTRICT,字段级外键
org.position,updated_by,org.employee,id,N:1,RESTRICT,字段级外键
org.position,org_id,org.organization,id,N:1,RESTRICT,字段级外键
org.employee,tenant_id,core.tenant,id,N:1,RESTRICT,字段级外键
org.employee,created_by,org.employee,id,N:1,RESTRICT,字段级外键
org.employee,updated_by,org.employee,id,N:1,RESTRICT,字段级外键
org.employee,primary_org_id,org.organization,id,N:1,RESTRICT,字段级外键
org.employee,primary_position_id,org.position,id,N:1,RESTRICT,字段级外键
org.employee_position,tenant_id,core.tenant,id,N:1,RESTRICT,字段级外键
org.employee_position,created_by,org.employee,id,N:1,RESTRICT,字段级外键
org.employee_position,updated_by,org.employee,id,N:1,RESTRICT,字段级外键
org.employee_position,employee_id,org.employee,id,N:1,RESTRICT,字段级外键
org.employee_position,position_id,org.position,id,N:1,RESTRICT,字段级外键
org.employee_position,org_id,org.organization,id,N:1,RESTRICT,字段级外键
mdm.customer,tenant_id,core.tenant,id,N:1,RESTRICT,字段级外键
mdm.customer,created_by,org.employee,id,N:1,RESTRICT,字段级外键
mdm.customer,updated_by,org.employee,id,N:1,RESTRICT,字段级外键
mdm.supplier,tenant_id,core.tenant,id,N:1,RESTRICT,字段级外键
mdm.supplier,created_by,org.employee,id,N:1,RESTRICT,字段级外键
mdm.supplier,updated_by,org.employee,id,N:1,RESTRICT,字段级外键
mdm.merchant,tenant_id,core.tenant,id,N:1,RESTRICT,字段级外键
mdm.merchant,created_by,org.employee,id,N:1,RESTRICT,字段级外键
mdm.merchant,updated_by,org.employee,id,N:1,RESTRICT,字段级外键
mdm.product,tenant_id,core.tenant,id,N:1,RESTRICT,字段级外键
mdm.product,created_by,org.employee,id,N:1,RESTRICT,字段级外键
mdm.product,updated_by,org.employee,id,N:1,RESTRICT,字段级外键
mdm.asset,tenant_id,core.tenant,id,N:1,RESTRICT,字段级外键
mdm.asset,created_by,org.employee,id,N:1,RESTRICT,字段级外键
mdm.asset,updated_by,org.employee,id,N:1,RESTRICT,字段级外键
mdm.location,tenant_id,core.tenant,id,N:1,RESTRICT,字段级外键
mdm.location,created_by,org.employee,id,N:1,RESTRICT,字段级外键
mdm.location,updated_by,org.employee,id,N:1,RESTRICT,字段级外键
workflow.wf_definition,tenant_id,core.tenant,id,N:1,RESTRICT,字段级外键
workflow.wf_definition,created_by,org.employee,id,N:1,RESTRICT,字段级外键
workflow.wf_definition,updated_by,org.employee,id,N:1,RESTRICT,字段级外键
workflow.wf_version,tenant_id,core.tenant,id,N:1,RESTRICT,字段级外键
workflow.wf_version,created_by,org.employee,id,N:1,RESTRICT,字段级外键
workflow.wf_version,updated_by,org.employee,id,N:1,RESTRICT,字段级外键
workflow.wf_version,definition_id,workflow.wf_definition,id,N:1,RESTRICT,字段级外键
workflow.wf_node,tenant_id,core.tenant,id,N:1,RESTRICT,字段级外键
workflow.wf_node,created_by,org.employee,id,N:1,RESTRICT,字段级外键
workflow.wf_node,updated_by,org.employee,id,N:1,RESTRICT,字段级外键
workflow.wf_node,version_id,workflow.wf_version,id,N:1,RESTRICT,字段级外键
workflow.wf_transition,tenant_id,core.tenant,id,N:1,RESTRICT,字段级外键
workflow.wf_transition,created_by,org.employee,id,N:1,RESTRICT,字段级外键
workflow.wf_transition,updated_by,org.employee,id,N:1,RESTRICT,字段级外键
workflow.wf_transition,version_id,workflow.wf_version,id,N:1,RESTRICT,字段级外键
workflow.wf_instance,tenant_id,core.tenant,id,N:1,RESTRICT,字段级外键
workflow.wf_instance,created_by,org.employee,id,N:1,RESTRICT,字段级外键
workflow.wf_instance,updated_by,org.employee,id,N:1,RESTRICT,字段级外键
workflow.wf_instance,definition_id,workflow.wf_definition,id,N:1,RESTRICT,字段级外键
workflow.wf_instance,version_id,workflow.wf_version,id,N:1,RESTRICT,字段级外键
workflow.wf_instance,initiator_id,org.employee,id,N:1,RESTRICT,字段级外键
workflow.wf_task,tenant_id,core.tenant,id,N:1,RESTRICT,字段级外键
workflow.wf_task,created_by,org.employee,id,N:1,RESTRICT,字段级外键
workflow.wf_task,updated_by,org.employee,id,N:1,RESTRICT,字段级外键
workflow.wf_task,instance_id,workflow.wf_instance,id,N:1,RESTRICT,字段级外键
workflow.wf_task,assignee_id,org.employee,id,N:1,RESTRICT,字段级外键
workflow.wf_action_log,tenant_id,core.tenant,id,N:1,RESTRICT,字段级外键
workflow.wf_action_log,created_by,org.employee,id,N:1,RESTRICT,字段级外键
workflow.wf_action_log,updated_by,org.employee,id,N:1,RESTRICT,字段级外键
workflow.wf_action_log,instance_id,workflow.wf_instance,id,N:1,RESTRICT,字段级外键
workflow.wf_action_log,task_id,workflow.wf_task,id,N:1,RESTRICT,字段级外键
workflow.wf_form_definition,tenant_id,core.tenant,id,N:1,RESTRICT,字段级外键
workflow.wf_form_definition,created_by,org.employee,id,N:1,RESTRICT,字段级外键
workflow.wf_form_definition,updated_by,org.employee,id,N:1,RESTRICT,字段级外键
workflow.wf_submission,tenant_id,core.tenant,id,N:1,RESTRICT,字段级外键
workflow.wf_submission,created_by,org.employee,id,N:1,RESTRICT,字段级外键
workflow.wf_submission,updated_by,org.employee,id,N:1,RESTRICT,字段级外键
workflow.wf_submission,instance_id,workflow.wf_instance,id,N:1,RESTRICT,字段级外键
workflow.wf_submission,task_id,workflow.wf_task,id,N:1,RESTRICT,字段级外键
workflow.wf_submission,form_definition_id,workflow.wf_form_definition,id,N:1,RESTRICT,字段级外键
workflow.wf_submission,submitter_id,org.employee,id,N:1,RESTRICT,字段级外键
workflow.wf_submission_value,tenant_id,core.tenant,id,N:1,RESTRICT,字段级外键
workflow.wf_submission_value,created_by,org.employee,id,N:1,RESTRICT,字段级外键
workflow.wf_submission_value,updated_by,org.employee,id,N:1,RESTRICT,字段级外键
workflow.wf_submission_value,submission_id,workflow.wf_submission,id,N:1,RESTRICT,字段级外键
workflow.wf_business_relation,tenant_id,core.tenant,id,N:1,RESTRICT,字段级外键
workflow.wf_business_relation,created_by,org.employee,id,N:1,RESTRICT,字段级外键
workflow.wf_business_relation,updated_by,org.employee,id,N:1,RESTRICT,字段级外键
workflow.wf_orchestration_instance,tenant_id,core.tenant,id,N:1,RESTRICT,字段级外键
workflow.wf_orchestration_instance,workflow_instance_id,workflow.wf_instance,id,N:1,RESTRICT,字段级外键
workflow.wf_orchestration_instance,created_by,org.employee,id,N:1,RESTRICT,字段级外键
workflow.wf_orchestration_instance,updated_by,org.employee,id,N:1,RESTRICT,字段级外键
workflow.wf_orchestration_instance,lead_center_id,org.organization,id,N:1,RESTRICT,字段级外键
workflow.wf_orchestration_link,tenant_id,core.tenant,id,N:1,RESTRICT,字段级外键
workflow.wf_orchestration_link,created_by,org.employee,id,N:1,RESTRICT,字段级外键
workflow.wf_orchestration_link,updated_by,org.employee,id,N:1,RESTRICT,字段级外键
workflow.wf_orchestration_link,orchestration_id,workflow.wf_orchestration_instance,id,N:1,RESTRICT,字段级外键
workflow.wf_orchestration_link,child_instance_id,workflow.wf_instance,id,N:1,RESTRICT,字段级外键
workflow.wf_rule,tenant_id,core.tenant,id,N:1,RESTRICT,字段级外键
workflow.wf_rule,created_by,org.employee,id,N:1,RESTRICT,字段级外键
workflow.wf_rule,updated_by,org.employee,id,N:1,RESTRICT,字段级外键
workflow.wf_sla_policy,tenant_id,core.tenant,id,N:1,RESTRICT,字段级外键
workflow.wf_sla_policy,created_by,org.employee,id,N:1,RESTRICT,字段级外键
workflow.wf_sla_policy,updated_by,org.employee,id,N:1,RESTRICT,字段级外键
workflow.generic_request,tenant_id,core.tenant,id,N:1,RESTRICT,字段级外键
workflow.generic_request,workflow_instance_id,workflow.wf_instance,id,N:1,RESTRICT,字段级外键
workflow.generic_request,created_by,org.employee,id,N:1,RESTRICT,字段级外键
workflow.generic_request,updated_by,org.employee,id,N:1,RESTRICT,字段级外键
document.file_object,tenant_id,core.tenant,id,N:1,RESTRICT,字段级外键
document.file_object,created_by,org.employee,id,N:1,RESTRICT,字段级外键
document.file_object,updated_by,org.employee,id,N:1,RESTRICT,字段级外键
document.attachment_link,tenant_id,core.tenant,id,N:1,RESTRICT,字段级外键
document.attachment_link,created_by,org.employee,id,N:1,RESTRICT,字段级外键
document.attachment_link,updated_by,org.employee,id,N:1,RESTRICT,字段级外键
document.attachment_link,file_id,document.file_object,id,N:1,RESTRICT,字段级外键
document.signature_envelope,tenant_id,core.tenant,id,N:1,RESTRICT,字段级外键
document.signature_envelope,workflow_instance_id,workflow.wf_instance,id,N:1,RESTRICT,字段级外键
document.signature_envelope,created_by,org.employee,id,N:1,RESTRICT,字段级外键
document.signature_envelope,updated_by,org.employee,id,N:1,RESTRICT,字段级外键
document.signature_envelope,completed_file_id,document.file_object,id,N:1,RESTRICT,字段级外键
document.signature_party,tenant_id,core.tenant,id,N:1,RESTRICT,字段级外键
document.signature_party,created_by,org.employee,id,N:1,RESTRICT,字段级外键
document.signature_party,updated_by,org.employee,id,N:1,RESTRICT,字段级外键
document.signature_party,envelope_id,document.signature_envelope,id,N:1,RESTRICT,字段级外键
notification.template,tenant_id,core.tenant,id,N:1,RESTRICT,字段级外键
notification.template,created_by,org.employee,id,N:1,RESTRICT,字段级外键
notification.template,updated_by,org.employee,id,N:1,RESTRICT,字段级外键
notification.message,tenant_id,core.tenant,id,N:1,RESTRICT,字段级外键
notification.message,created_by,org.employee,id,N:1,RESTRICT,字段级外键
notification.message,updated_by,org.employee,id,N:1,RESTRICT,字段级外键
notification.message,template_id,notification.template,id,N:1,RESTRICT,字段级外键
integration.endpoint,tenant_id,core.tenant,id,N:1,RESTRICT,字段级外键
integration.endpoint,created_by,org.employee,id,N:1,RESTRICT,字段级外键
integration.endpoint,updated_by,org.employee,id,N:1,RESTRICT,字段级外键
integration.request_log,tenant_id,core.tenant,id,N:1,RESTRICT,字段级外键
integration.request_log,created_by,org.employee,id,N:1,RESTRICT,字段级外键
integration.request_log,updated_by,org.employee,id,N:1,RESTRICT,字段级外键
integration.request_log,endpoint_id,integration.endpoint,id,N:1,RESTRICT,字段级外键
integration.retry_task,tenant_id,core.tenant,id,N:1,RESTRICT,字段级外键
integration.retry_task,created_by,org.employee,id,N:1,RESTRICT,字段级外键
integration.retry_task,updated_by,org.employee,id,N:1,RESTRICT,字段级外键
integration.retry_task,endpoint_id,integration.endpoint,id,N:1,RESTRICT,字段级外键
integration.dead_letter,tenant_id,core.tenant,id,N:1,RESTRICT,字段级外键
integration.dead_letter,created_by,org.employee,id,N:1,RESTRICT,字段级外键
integration.dead_letter,updated_by,org.employee,id,N:1,RESTRICT,字段级外键
integration.data_import_job,tenant_id,core.tenant,id,N:1,RESTRICT,字段级外键
integration.data_import_job,workflow_instance_id,workflow.wf_instance,id,N:1,RESTRICT,字段级外键
integration.data_import_job,created_by,org.employee,id,N:1,RESTRICT,字段级外键
integration.data_import_job,updated_by,org.employee,id,N:1,RESTRICT,字段级外键
integration.data_import_job,source_file_id,document.file_object,id,N:1,RESTRICT,字段级外键
integration.data_import_job,result_file_id,document.file_object,id,N:1,RESTRICT,字段级外键
audit.data_export_request,tenant_id,core.tenant,id,N:1,RESTRICT,字段级外键
audit.data_export_request,workflow_instance_id,workflow.wf_instance,id,N:1,RESTRICT,字段级外键
audit.data_export_request,created_by,org.employee,id,N:1,RESTRICT,字段级外键
audit.data_export_request,updated_by,org.employee,id,N:1,RESTRICT,字段级外键
audit.data_export_request,file_id,document.file_object,id,N:1,RESTRICT,字段级外键
audit.data_quality_issue,tenant_id,core.tenant,id,N:1,RESTRICT,字段级外键
audit.data_quality_issue,workflow_instance_id,workflow.wf_instance,id,N:1,RESTRICT,字段级外键
audit.data_quality_issue,created_by,org.employee,id,N:1,RESTRICT,字段级外键
audit.data_quality_issue,updated_by,org.employee,id,N:1,RESTRICT,字段级外键
audit.audit_policy,tenant_id,core.tenant,id,N:1,RESTRICT,字段级外键
audit.audit_policy,created_by,org.employee,id,N:1,RESTRICT,字段级外键
audit.audit_policy,updated_by,org.employee,id,N:1,RESTRICT,字段级外键
iam.login_session,tenant_id,core.tenant,id,N:1,RESTRICT,字段级外键
iam.login_session,workflow_instance_id,workflow.wf_instance,id,N:1,RESTRICT,字段级外键
iam.login_session,created_by,org.employee,id,N:1,RESTRICT,字段级外键
iam.login_session,updated_by,org.employee,id,N:1,RESTRICT,字段级外键
iam.login_session,owner_center_id,org.organization,id,N:1,RESTRICT,字段级外键
iam.login_session,owner_department_id,org.organization,id,N:1,RESTRICT,字段级外键
iam.login_session,owner_employee_id,org.employee,id,N:1,RESTRICT,字段级外键
iam.login_session_item,tenant_id,core.tenant,id,N:1,RESTRICT,字段级外键
iam.login_session_item,created_by,org.employee,id,N:1,RESTRICT,字段级外键
iam.login_session_item,updated_by,org.employee,id,N:1,RESTRICT,字段级外键
iam.permission_request,tenant_id,core.tenant,id,N:1,RESTRICT,字段级外键
iam.permission_request,workflow_instance_id,workflow.wf_instance,id,N:1,RESTRICT,字段级外键
iam.permission_request,created_by,org.employee,id,N:1,RESTRICT,字段级外键
iam.permission_request,updated_by,org.employee,id,N:1,RESTRICT,字段级外键
iam.permission_request,owner_center_id,org.organization,id,N:1,RESTRICT,字段级外键
iam.permission_request,owner_department_id,org.organization,id,N:1,RESTRICT,字段级外键
iam.permission_request,owner_employee_id,org.employee,id,N:1,RESTRICT,字段级外键
iam.permission_request_item,tenant_id,core.tenant,id,N:1,RESTRICT,字段级外键
iam.permission_request_item,created_by,org.employee,id,N:1,RESTRICT,字段级外键
iam.permission_request_item,updated_by,org.employee,id,N:1,RESTRICT,字段级外键
hr.employee_profile_change,tenant_id,core.tenant,id,N:1,RESTRICT,字段级外键
hr.employee_profile_change,workflow_instance_id,workflow.wf_instance,id,N:1,RESTRICT,字段级外键
hr.employee_profile_change,created_by,org.employee,id,N:1,RESTRICT,字段级外键
hr.employee_profile_change,updated_by,org.employee,id,N:1,RESTRICT,字段级外键
hr.employee_profile_change,owner_center_id,org.organization,id,N:1,RESTRICT,字段级外键
hr.employee_profile_change,owner_department_id,org.organization,id,N:1,RESTRICT,字段级外键
hr.employee_profile_change,owner_employee_id,org.employee,id,N:1,RESTRICT,字段级外键
hr.employee_profile_change_item,tenant_id,core.tenant,id,N:1,RESTRICT,字段级外键
hr.employee_profile_change_item,created_by,org.employee,id,N:1,RESTRICT,字段级外键
hr.employee_profile_change_item,updated_by,org.employee,id,N:1,RESTRICT,字段级外键
collaboration.notice,tenant_id,core.tenant,id,N:1,RESTRICT,字段级外键
collaboration.notice,workflow_instance_id,workflow.wf_instance,id,N:1,RESTRICT,字段级外键
collaboration.notice,created_by,org.employee,id,N:1,RESTRICT,字段级外键
collaboration.notice,updated_by,org.employee,id,N:1,RESTRICT,字段级外键
collaboration.notice,owner_center_id,org.organization,id,N:1,RESTRICT,字段级外键
collaboration.notice,owner_department_id,org.organization,id,N:1,RESTRICT,字段级外键
collaboration.notice,owner_employee_id,org.employee,id,N:1,RESTRICT,字段级外键
collaboration.notice_item,tenant_id,core.tenant,id,N:1,RESTRICT,字段级外键
collaboration.notice_item,created_by,org.employee,id,N:1,RESTRICT,字段级外键
collaboration.notice_item,updated_by,org.employee,id,N:1,RESTRICT,字段级外键
collaboration.meeting,tenant_id,core.tenant,id,N:1,RESTRICT,字段级外键
collaboration.meeting,workflow_instance_id,workflow.wf_instance,id,N:1,RESTRICT,字段级外键
collaboration.meeting,created_by,org.employee,id,N:1,RESTRICT,字段级外键
collaboration.meeting,updated_by,org.employee,id,N:1,RESTRICT,字段级外键
collaboration.meeting,owner_center_id,org.organization,id,N:1,RESTRICT,字段级外键
collaboration.meeting,owner_department_id,org.organization,id,N:1,RESTRICT,字段级外键
collaboration.meeting,owner_employee_id,org.employee,id,N:1,RESTRICT,字段级外键
collaboration.meeting_item,tenant_id,core.tenant,id,N:1,RESTRICT,字段级外键
collaboration.meeting_item,created_by,org.employee,id,N:1,RESTRICT,字段级外键
collaboration.meeting_item,updated_by,org.employee,id,N:1,RESTRICT,字段级外键
attendance.shift_change_request,tenant_id,core.tenant,id,N:1,RESTRICT,字段级外键
attendance.shift_change_request,workflow_instance_id,workflow.wf_instance,id,N:1,RESTRICT,字段级外键
attendance.shift_change_request,created_by,org.employee,id,N:1,RESTRICT,字段级外键
attendance.shift_change_request,updated_by,org.employee,id,N:1,RESTRICT,字段级外键
attendance.shift_change_request,owner_center_id,org.organization,id,N:1,RESTRICT,字段级外键
attendance.shift_change_request,owner_department_id,org.organization,id,N:1,RESTRICT,字段级外键
attendance.shift_change_request,owner_employee_id,org.employee,id,N:1,RESTRICT,字段级外键
attendance.shift_change_request_item,tenant_id,core.tenant,id,N:1,RESTRICT,字段级外键
attendance.shift_change_request_item,created_by,org.employee,id,N:1,RESTRICT,字段级外键
attendance.shift_change_request_item,updated_by,org.employee,id,N:1,RESTRICT,字段级外键
attendance.leave_request,tenant_id,core.tenant,id,N:1,RESTRICT,字段级外键
attendance.leave_request,workflow_instance_id,workflow.wf_instance,id,N:1,RESTRICT,字段级外键
attendance.leave_request,created_by,org.employee,id,N:1,RESTRICT,字段级外键
attendance.leave_request,updated_by,org.employee,id,N:1,RESTRICT,字段级外键
attendance.leave_request,owner_center_id,org.organization,id,N:1,RESTRICT,字段级外键
attendance.leave_request,owner_department_id,org.organization,id,N:1,RESTRICT,字段级外键
attendance.leave_request,owner_employee_id,org.employee,id,N:1,RESTRICT,字段级外键
attendance.leave_request_item,tenant_id,core.tenant,id,N:1,RESTRICT,字段级外键
attendance.leave_request_item,created_by,org.employee,id,N:1,RESTRICT,字段级外键
attendance.leave_request_item,updated_by,org.employee,id,N:1,RESTRICT,字段级外键
attendance.overtime_request,tenant_id,core.tenant,id,N:1,RESTRICT,字段级外键
attendance.overtime_request,workflow_instance_id,workflow.wf_instance,id,N:1,RESTRICT,字段级外键
attendance.overtime_request,created_by,org.employee,id,N:1,RESTRICT,字段级外键
attendance.overtime_request,updated_by,org.employee,id,N:1,RESTRICT,字段级外键
attendance.overtime_request,owner_center_id,org.organization,id,N:1,RESTRICT,字段级外键
attendance.overtime_request,owner_department_id,org.organization,id,N:1,RESTRICT,字段级外键
attendance.overtime_request,owner_employee_id,org.employee,id,N:1,RESTRICT,字段级外键
attendance.overtime_request_item,tenant_id,core.tenant,id,N:1,RESTRICT,字段级外键
attendance.overtime_request_item,created_by,org.employee,id,N:1,RESTRICT,字段级外键
attendance.overtime_request_item,updated_by,org.employee,id,N:1,RESTRICT,字段级外键
learning.learning_assignment,tenant_id,core.tenant,id,N:1,RESTRICT,字段级外键
learning.learning_assignment,workflow_instance_id,workflow.wf_instance,id,N:1,RESTRICT,字段级外键
learning.learning_assignment,created_by,org.employee,id,N:1,RESTRICT,字段级外键
learning.learning_assignment,updated_by,org.employee,id,N:1,RESTRICT,字段级外键
learning.learning_assignment,owner_center_id,org.organization,id,N:1,RESTRICT,字段级外键
learning.learning_assignment,owner_department_id,org.organization,id,N:1,RESTRICT,字段级外键
learning.learning_assignment,owner_employee_id,org.employee,id,N:1,RESTRICT,字段级外键
performance.performance_cycle,tenant_id,core.tenant,id,N:1,RESTRICT,字段级外键
performance.performance_cycle,workflow_instance_id,workflow.wf_instance,id,N:1,RESTRICT,字段级外键
performance.performance_cycle,created_by,org.employee,id,N:1,RESTRICT,字段级外键
performance.performance_cycle,updated_by,org.employee,id,N:1,RESTRICT,字段级外键
performance.performance_cycle,owner_center_id,org.organization,id,N:1,RESTRICT,字段级外键
performance.performance_cycle,owner_department_id,org.organization,id,N:1,RESTRICT,字段级外键
performance.performance_cycle,owner_employee_id,org.employee,id,N:1,RESTRICT,字段级外键
hr.promotion_request,tenant_id,core.tenant,id,N:1,RESTRICT,字段级外键
hr.promotion_request,workflow_instance_id,workflow.wf_instance,id,N:1,RESTRICT,字段级外键
hr.promotion_request,created_by,org.employee,id,N:1,RESTRICT,字段级外键
hr.promotion_request,updated_by,org.employee,id,N:1,RESTRICT,字段级外键
hr.promotion_request,owner_center_id,org.organization,id,N:1,RESTRICT,字段级外键
hr.promotion_request,owner_department_id,org.organization,id,N:1,RESTRICT,字段级外键
hr.promotion_request,owner_employee_id,org.employee,id,N:1,RESTRICT,字段级外键
hr.promotion_request_item,tenant_id,core.tenant,id,N:1,RESTRICT,字段级外键
hr.promotion_request_item,created_by,org.employee,id,N:1,RESTRICT,字段级外键
hr.promotion_request_item,updated_by,org.employee,id,N:1,RESTRICT,字段级外键
reward.reward_case,tenant_id,core.tenant,id,N:1,RESTRICT,字段级外键
reward.reward_case,workflow_instance_id,workflow.wf_instance,id,N:1,RESTRICT,字段级外键
reward.reward_case,created_by,org.employee,id,N:1,RESTRICT,字段级外键
reward.reward_case,updated_by,org.employee,id,N:1,RESTRICT,字段级外键
reward.reward_case,owner_center_id,org.organization,id,N:1,RESTRICT,字段级外键
reward.reward_case,owner_department_id,org.organization,id,N:1,RESTRICT,字段级外键
reward.reward_case,owner_employee_id,org.employee,id,N:1,RESTRICT,字段级外键
reward.discipline_case,tenant_id,core.tenant,id,N:1,RESTRICT,字段级外键
reward.discipline_case,workflow_instance_id,workflow.wf_instance,id,N:1,RESTRICT,字段级外键
reward.discipline_case,created_by,org.employee,id,N:1,RESTRICT,字段级外键
reward.discipline_case,updated_by,org.employee,id,N:1,RESTRICT,字段级外键
reward.discipline_case,owner_center_id,org.organization,id,N:1,RESTRICT,字段级外键
reward.discipline_case,owner_department_id,org.organization,id,N:1,RESTRICT,字段级外键
reward.discipline_case,owner_employee_id,org.employee,id,N:1,RESTRICT,字段级外键
reward.point_transaction,tenant_id,core.tenant,id,N:1,RESTRICT,字段级外键
reward.point_transaction,workflow_instance_id,workflow.wf_instance,id,N:1,RESTRICT,字段级外键
reward.point_transaction,created_by,org.employee,id,N:1,RESTRICT,字段级外键
reward.point_transaction,updated_by,org.employee,id,N:1,RESTRICT,字段级外键
reward.point_transaction,owner_center_id,org.organization,id,N:1,RESTRICT,字段级外键
reward.point_transaction,owner_department_id,org.organization,id,N:1,RESTRICT,字段级外键
reward.point_transaction,owner_employee_id,org.employee,id,N:1,RESTRICT,字段级外键
reward.point_transaction_item,tenant_id,core.tenant,id,N:1,RESTRICT,字段级外键
reward.point_transaction_item,created_by,org.employee,id,N:1,RESTRICT,字段级外键
reward.point_transaction_item,updated_by,org.employee,id,N:1,RESTRICT,字段级外键
welfare.care_case,tenant_id,core.tenant,id,N:1,RESTRICT,字段级外键
welfare.care_case,workflow_instance_id,workflow.wf_instance,id,N:1,RESTRICT,字段级外键
welfare.care_case,created_by,org.employee,id,N:1,RESTRICT,字段级外键
welfare.care_case,updated_by,org.employee,id,N:1,RESTRICT,字段级外键
welfare.care_case,owner_center_id,org.organization,id,N:1,RESTRICT,字段级外键
welfare.care_case,owner_department_id,org.organization,id,N:1,RESTRICT,字段级外键
welfare.care_case,owner_employee_id,org.employee,id,N:1,RESTRICT,字段级外键
integration.data_import_job_item,tenant_id,core.tenant,id,N:1,RESTRICT,字段级外键
integration.data_import_job_item,created_by,org.employee,id,N:1,RESTRICT,字段级外键
integration.data_import_job_item,updated_by,org.employee,id,N:1,RESTRICT,字段级外键
audit.data_export_request_item,tenant_id,core.tenant,id,N:1,RESTRICT,字段级外键
audit.data_export_request_item,created_by,org.employee,id,N:1,RESTRICT,字段级外键
audit.data_export_request_item,updated_by,org.employee,id,N:1,RESTRICT,字段级外键
audit.data_quality_issue_item,tenant_id,core.tenant,id,N:1,RESTRICT,字段级外键
audit.data_quality_issue_item,created_by,org.employee,id,N:1,RESTRICT,字段级外键
audit.data_quality_issue_item,updated_by,org.employee,id,N:1,RESTRICT,字段级外键
collaboration.executive_directive,tenant_id,core.tenant,id,N:1,RESTRICT,字段级外键
collaboration.executive_directive,workflow_instance_id,workflow.wf_instance,id,N:1,RESTRICT,字段级外键
collaboration.executive_directive,created_by,org.employee,id,N:1,RESTRICT,字段级外键
collaboration.executive_directive,updated_by,org.employee,id,N:1,RESTRICT,字段级外键
collaboration.executive_directive,owner_center_id,org.organization,id,N:1,RESTRICT,字段级外键
collaboration.executive_directive,owner_department_id,org.organization,id,N:1,RESTRICT,字段级外键
collaboration.executive_directive,owner_employee_id,org.employee,id,N:1,RESTRICT,字段级外键
collaboration.executive_directive_item,tenant_id,core.tenant,id,N:1,RESTRICT,字段级外键
collaboration.executive_directive_item,created_by,org.employee,id,N:1,RESTRICT,字段级外键
collaboration.executive_directive_item,updated_by,org.employee,id,N:1,RESTRICT,字段级外键
collaboration.major_matter,tenant_id,core.tenant,id,N:1,RESTRICT,字段级外键
collaboration.major_matter,workflow_instance_id,workflow.wf_instance,id,N:1,RESTRICT,字段级外键
collaboration.major_matter,created_by,org.employee,id,N:1,RESTRICT,字段级外键
collaboration.major_matter,updated_by,org.employee,id,N:1,RESTRICT,字段级外键
collaboration.major_matter,owner_center_id,org.organization,id,N:1,RESTRICT,字段级外键
collaboration.major_matter,owner_department_id,org.organization,id,N:1,RESTRICT,字段级外键
collaboration.major_matter,owner_employee_id,org.employee,id,N:1,RESTRICT,字段级外键
finance.budget_request,tenant_id,core.tenant,id,N:1,RESTRICT,字段级外键
finance.budget_request,workflow_instance_id,workflow.wf_instance,id,N:1,RESTRICT,字段级外键
finance.budget_request,created_by,org.employee,id,N:1,RESTRICT,字段级外键
finance.budget_request,updated_by,org.employee,id,N:1,RESTRICT,字段级外键
finance.budget_request,owner_center_id,org.organization,id,N:1,RESTRICT,字段级外键
finance.budget_request,owner_department_id,org.organization,id,N:1,RESTRICT,字段级外键
finance.budget_request,owner_employee_id,org.employee,id,N:1,RESTRICT,字段级外键
finance.budget_request_item,tenant_id,core.tenant,id,N:1,RESTRICT,字段级外键
finance.budget_request_item,created_by,org.employee,id,N:1,RESTRICT,字段级外键
finance.budget_request_item,updated_by,org.employee,id,N:1,RESTRICT,字段级外键
finance.expense_claim,tenant_id,core.tenant,id,N:1,RESTRICT,字段级外键
finance.expense_claim,workflow_instance_id,workflow.wf_instance,id,N:1,RESTRICT,字段级外键
finance.expense_claim,created_by,org.employee,id,N:1,RESTRICT,字段级外键
finance.expense_claim,updated_by,org.employee,id,N:1,RESTRICT,字段级外键
finance.expense_claim,owner_center_id,org.organization,id,N:1,RESTRICT,字段级外键
finance.expense_claim,owner_department_id,org.organization,id,N:1,RESTRICT,字段级外键
finance.expense_claim,owner_employee_id,org.employee,id,N:1,RESTRICT,字段级外键
finance.expense_claim_item,tenant_id,core.tenant,id,N:1,RESTRICT,字段级外键
finance.expense_claim_item,created_by,org.employee,id,N:1,RESTRICT,字段级外键
finance.expense_claim_item,updated_by,org.employee,id,N:1,RESTRICT,字段级外键
finance.loan_request,tenant_id,core.tenant,id,N:1,RESTRICT,字段级外键
finance.loan_request,workflow_instance_id,workflow.wf_instance,id,N:1,RESTRICT,字段级外键
finance.loan_request,created_by,org.employee,id,N:1,RESTRICT,字段级外键
finance.loan_request,updated_by,org.employee,id,N:1,RESTRICT,字段级外键
finance.loan_request,owner_center_id,org.organization,id,N:1,RESTRICT,字段级外键
finance.loan_request,owner_department_id,org.organization,id,N:1,RESTRICT,字段级外键
finance.loan_request,owner_employee_id,org.employee,id,N:1,RESTRICT,字段级外键
finance.loan_request_item,tenant_id,core.tenant,id,N:1,RESTRICT,字段级外键
finance.loan_request_item,created_by,org.employee,id,N:1,RESTRICT,字段级外键
finance.loan_request_item,updated_by,org.employee,id,N:1,RESTRICT,字段级外键
finance.reconciliation_task,tenant_id,core.tenant,id,N:1,RESTRICT,字段级外键
finance.reconciliation_task,workflow_instance_id,workflow.wf_instance,id,N:1,RESTRICT,字段级外键
finance.reconciliation_task,created_by,org.employee,id,N:1,RESTRICT,字段级外键
finance.reconciliation_task,updated_by,org.employee,id,N:1,RESTRICT,字段级外键
finance.reconciliation_task,owner_center_id,org.organization,id,N:1,RESTRICT,字段级外键
finance.reconciliation_task,owner_department_id,org.organization,id,N:1,RESTRICT,字段级外键
finance.reconciliation_task,owner_employee_id,org.employee,id,N:1,RESTRICT,字段级外键
finance.reconciliation_task_item,tenant_id,core.tenant,id,N:1,RESTRICT,字段级外键
finance.reconciliation_task_item,created_by,org.employee,id,N:1,RESTRICT,字段级外键
finance.reconciliation_task_item,updated_by,org.employee,id,N:1,RESTRICT,字段级外键
hr.employee_onboarding,tenant_id,core.tenant,id,N:1,RESTRICT,字段级外键
hr.employee_onboarding,workflow_instance_id,workflow.wf_instance,id,N:1,RESTRICT,字段级外键
hr.employee_onboarding,created_by,org.employee,id,N:1,RESTRICT,字段级外键
hr.employee_onboarding,updated_by,org.employee,id,N:1,RESTRICT,字段级外键
hr.employee_onboarding,owner_center_id,org.organization,id,N:1,RESTRICT,字段级外键
hr.employee_onboarding,owner_department_id,org.organization,id,N:1,RESTRICT,字段级外键
hr.employee_onboarding,owner_employee_id,org.employee,id,N:1,RESTRICT,字段级外键
hr.employee_onboarding_item,tenant_id,core.tenant,id,N:1,RESTRICT,字段级外键
hr.employee_onboarding_item,created_by,org.employee,id,N:1,RESTRICT,字段级外键
hr.employee_onboarding_item,updated_by,org.employee,id,N:1,RESTRICT,字段级外键
hr.employee_transfer,tenant_id,core.tenant,id,N:1,RESTRICT,字段级外键
hr.employee_transfer,workflow_instance_id,workflow.wf_instance,id,N:1,RESTRICT,字段级外键
hr.employee_transfer,created_by,org.employee,id,N:1,RESTRICT,字段级外键
hr.employee_transfer,updated_by,org.employee,id,N:1,RESTRICT,字段级外键
hr.employee_transfer,owner_center_id,org.organization,id,N:1,RESTRICT,字段级外键
hr.employee_transfer,owner_department_id,org.organization,id,N:1,RESTRICT,字段级外键
hr.employee_transfer,owner_employee_id,org.employee,id,N:1,RESTRICT,字段级外键
hr.employee_transfer_item,tenant_id,core.tenant,id,N:1,RESTRICT,字段级外键
hr.employee_transfer_item,created_by,org.employee,id,N:1,RESTRICT,字段级外键
hr.employee_transfer_item,updated_by,org.employee,id,N:1,RESTRICT,字段级外键
hr.employee_offboarding,tenant_id,core.tenant,id,N:1,RESTRICT,字段级外键
hr.employee_offboarding,workflow_instance_id,workflow.wf_instance,id,N:1,RESTRICT,字段级外键
hr.employee_offboarding,created_by,org.employee,id,N:1,RESTRICT,字段级外键
hr.employee_offboarding,updated_by,org.employee,id,N:1,RESTRICT,字段级外键
hr.employee_offboarding,owner_center_id,org.organization,id,N:1,RESTRICT,字段级外键
hr.employee_offboarding,owner_department_id,org.organization,id,N:1,RESTRICT,字段级外键
hr.employee_offboarding,owner_employee_id,org.employee,id,N:1,RESTRICT,字段级外键
hr.employee_offboarding_item,tenant_id,core.tenant,id,N:1,RESTRICT,字段级外键
hr.employee_offboarding_item,created_by,org.employee,id,N:1,RESTRICT,字段级外键
hr.employee_offboarding_item,updated_by,org.employee,id,N:1,RESTRICT,字段级外键
archive.archive_package,tenant_id,core.tenant,id,N:1,RESTRICT,字段级外键
archive.archive_package,workflow_instance_id,workflow.wf_instance,id,N:1,RESTRICT,字段级外键
archive.archive_package,created_by,org.employee,id,N:1,RESTRICT,字段级外键
archive.archive_package,updated_by,org.employee,id,N:1,RESTRICT,字段级外键
archive.archive_package,owner_center_id,org.organization,id,N:1,RESTRICT,字段级外键
archive.archive_package,owner_department_id,org.organization,id,N:1,RESTRICT,字段级外键
archive.archive_package,owner_employee_id,org.employee,id,N:1,RESTRICT,字段级外键
archive.archive_package_item,tenant_id,core.tenant,id,N:1,RESTRICT,字段级外键
archive.archive_package_item,created_by,org.employee,id,N:1,RESTRICT,字段级外键
archive.archive_package_item,updated_by,org.employee,id,N:1,RESTRICT,字段级外键
archive.borrow_request,tenant_id,core.tenant,id,N:1,RESTRICT,字段级外键
archive.borrow_request,workflow_instance_id,workflow.wf_instance,id,N:1,RESTRICT,字段级外键
archive.borrow_request,created_by,org.employee,id,N:1,RESTRICT,字段级外键
archive.borrow_request,updated_by,org.employee,id,N:1,RESTRICT,字段级外键
archive.borrow_request,owner_center_id,org.organization,id,N:1,RESTRICT,字段级外键
archive.borrow_request,owner_department_id,org.organization,id,N:1,RESTRICT,字段级外键
archive.borrow_request,owner_employee_id,org.employee,id,N:1,RESTRICT,字段级外键
archive.borrow_request_item,tenant_id,core.tenant,id,N:1,RESTRICT,字段级外键
archive.borrow_request_item,created_by,org.employee,id,N:1,RESTRICT,字段级外键
archive.borrow_request_item,updated_by,org.employee,id,N:1,RESTRICT,字段级外键
archive.disposal_appraisal,tenant_id,core.tenant,id,N:1,RESTRICT,字段级外键
archive.disposal_appraisal,workflow_instance_id,workflow.wf_instance,id,N:1,RESTRICT,字段级外键
archive.disposal_appraisal,created_by,org.employee,id,N:1,RESTRICT,字段级外键
archive.disposal_appraisal,updated_by,org.employee,id,N:1,RESTRICT,字段级外键
archive.disposal_appraisal,owner_center_id,org.organization,id,N:1,RESTRICT,字段级外键
archive.disposal_appraisal,owner_department_id,org.organization,id,N:1,RESTRICT,字段级外键
archive.disposal_appraisal,owner_employee_id,org.employee,id,N:1,RESTRICT,字段级外键
archive.disposal_appraisal_item,tenant_id,core.tenant,id,N:1,RESTRICT,字段级外键
archive.disposal_appraisal_item,created_by,org.employee,id,N:1,RESTRICT,字段级外键
archive.disposal_appraisal_item,updated_by,org.employee,id,N:1,RESTRICT,字段级外键
procurement.purchase_request,tenant_id,core.tenant,id,N:1,RESTRICT,字段级外键
procurement.purchase_request,workflow_instance_id,workflow.wf_instance,id,N:1,RESTRICT,字段级外键
procurement.purchase_request,created_by,org.employee,id,N:1,RESTRICT,字段级外键
procurement.purchase_request,updated_by,org.employee,id,N:1,RESTRICT,字段级外键
procurement.purchase_request,owner_center_id,org.organization,id,N:1,RESTRICT,字段级外键
procurement.purchase_request,owner_department_id,org.organization,id,N:1,RESTRICT,字段级外键
procurement.purchase_request,owner_employee_id,org.employee,id,N:1,RESTRICT,字段级外键
procurement.purchase_request_item,tenant_id,core.tenant,id,N:1,RESTRICT,字段级外键
procurement.purchase_request_item,created_by,org.employee,id,N:1,RESTRICT,字段级外键
procurement.purchase_request_item,updated_by,org.employee,id,N:1,RESTRICT,字段级外键
procurement.emergency_purchase,tenant_id,core.tenant,id,N:1,RESTRICT,字段级外键
procurement.emergency_purchase,workflow_instance_id,workflow.wf_instance,id,N:1,RESTRICT,字段级外键
procurement.emergency_purchase,created_by,org.employee,id,N:1,RESTRICT,字段级外键
procurement.emergency_purchase,updated_by,org.employee,id,N:1,RESTRICT,字段级外键
procurement.emergency_purchase,owner_center_id,org.organization,id,N:1,RESTRICT,字段级外键
procurement.emergency_purchase,owner_department_id,org.organization,id,N:1,RESTRICT,字段级外键
procurement.emergency_purchase,owner_employee_id,org.employee,id,N:1,RESTRICT,字段级外键
procurement.emergency_purchase_item,tenant_id,core.tenant,id,N:1,RESTRICT,字段级外键
procurement.emergency_purchase_item,created_by,org.employee,id,N:1,RESTRICT,字段级外键
procurement.emergency_purchase_item,updated_by,org.employee,id,N:1,RESTRICT,字段级外键
procurement.purchase_return,tenant_id,core.tenant,id,N:1,RESTRICT,字段级外键
procurement.purchase_return,workflow_instance_id,workflow.wf_instance,id,N:1,RESTRICT,字段级外键
procurement.purchase_return,created_by,org.employee,id,N:1,RESTRICT,字段级外键
procurement.purchase_return,updated_by,org.employee,id,N:1,RESTRICT,字段级外键
procurement.purchase_return,owner_center_id,org.organization,id,N:1,RESTRICT,字段级外键
procurement.purchase_return,owner_department_id,org.organization,id,N:1,RESTRICT,字段级外键
procurement.purchase_return,owner_employee_id,org.employee,id,N:1,RESTRICT,字段级外键
procurement.purchase_return_item,tenant_id,core.tenant,id,N:1,RESTRICT,字段级外键
procurement.purchase_return_item,created_by,org.employee,id,N:1,RESTRICT,字段级外键
procurement.purchase_return_item,updated_by,org.employee,id,N:1,RESTRICT,字段级外键
ticketing.ticket_order,tenant_id,core.tenant,id,N:1,RESTRICT,字段级外键
ticketing.ticket_order,workflow_instance_id,workflow.wf_instance,id,N:1,RESTRICT,字段级外键
ticketing.ticket_order,created_by,org.employee,id,N:1,RESTRICT,字段级外键
ticketing.ticket_order,updated_by,org.employee,id,N:1,RESTRICT,字段级外键
ticketing.ticket_order,owner_center_id,org.organization,id,N:1,RESTRICT,字段级外键
ticketing.ticket_order,owner_department_id,org.organization,id,N:1,RESTRICT,字段级外键
ticketing.ticket_order,owner_employee_id,org.employee,id,N:1,RESTRICT,字段级外键
ticketing.ticket_order_item,tenant_id,core.tenant,id,N:1,RESTRICT,字段级外键
ticketing.ticket_order_item,created_by,org.employee,id,N:1,RESTRICT,字段级外键
ticketing.ticket_order_item,updated_by,org.employee,id,N:1,RESTRICT,字段级外键
ticketing.ticket_refund_change,tenant_id,core.tenant,id,N:1,RESTRICT,字段级外键
ticketing.ticket_refund_change,workflow_instance_id,workflow.wf_instance,id,N:1,RESTRICT,字段级外键
ticketing.ticket_refund_change,created_by,org.employee,id,N:1,RESTRICT,字段级外键
ticketing.ticket_refund_change,updated_by,org.employee,id,N:1,RESTRICT,字段级外键
ticketing.ticket_refund_change,owner_center_id,org.organization,id,N:1,RESTRICT,字段级外键
ticketing.ticket_refund_change,owner_department_id,org.organization,id,N:1,RESTRICT,字段级外键
ticketing.ticket_refund_change,owner_employee_id,org.employee,id,N:1,RESTRICT,字段级外键
ticketing.ticket_refund_change_item,tenant_id,core.tenant,id,N:1,RESTRICT,字段级外键
ticketing.ticket_refund_change_item,created_by,org.employee,id,N:1,RESTRICT,字段级外键
ticketing.ticket_refund_change_item,updated_by,org.employee,id,N:1,RESTRICT,字段级外键
ticketing.offline_check_event,tenant_id,core.tenant,id,N:1,RESTRICT,字段级外键
ticketing.offline_check_event,workflow_instance_id,workflow.wf_instance,id,N:1,RESTRICT,字段级外键
ticketing.offline_check_event,created_by,org.employee,id,N:1,RESTRICT,字段级外键
ticketing.offline_check_event,updated_by,org.employee,id,N:1,RESTRICT,字段级外键
ticketing.offline_check_event,owner_center_id,org.organization,id,N:1,RESTRICT,字段级外键
ticketing.offline_check_event,owner_department_id,org.organization,id,N:1,RESTRICT,字段级外键
ticketing.offline_check_event,owner_employee_id,org.employee,id,N:1,RESTRICT,字段级外键
ticketing.offline_check_event_item,tenant_id,core.tenant,id,N:1,RESTRICT,字段级外键
ticketing.offline_check_event_item,created_by,org.employee,id,N:1,RESTRICT,字段级外键
ticketing.offline_check_event_item,updated_by,org.employee,id,N:1,RESTRICT,字段级外键
crm.opportunity,tenant_id,core.tenant,id,N:1,RESTRICT,字段级外键
crm.opportunity,workflow_instance_id,workflow.wf_instance,id,N:1,RESTRICT,字段级外键
crm.opportunity,created_by,org.employee,id,N:1,RESTRICT,字段级外键
crm.opportunity,updated_by,org.employee,id,N:1,RESTRICT,字段级外键
crm.opportunity,owner_center_id,org.organization,id,N:1,RESTRICT,字段级外键
crm.opportunity,owner_department_id,org.organization,id,N:1,RESTRICT,字段级外键
crm.opportunity,owner_employee_id,org.employee,id,N:1,RESTRICT,字段级外键
crm.opportunity_item,tenant_id,core.tenant,id,N:1,RESTRICT,字段级外键
crm.opportunity_item,created_by,org.employee,id,N:1,RESTRICT,字段级外键
crm.opportunity_item,updated_by,org.employee,id,N:1,RESTRICT,字段级外键
marketing.campaign,tenant_id,core.tenant,id,N:1,RESTRICT,字段级外键
marketing.campaign,workflow_instance_id,workflow.wf_instance,id,N:1,RESTRICT,字段级外键
marketing.campaign,created_by,org.employee,id,N:1,RESTRICT,字段级外键
marketing.campaign,updated_by,org.employee,id,N:1,RESTRICT,字段级外键
marketing.campaign,owner_center_id,org.organization,id,N:1,RESTRICT,字段级外键
marketing.campaign,owner_department_id,org.organization,id,N:1,RESTRICT,字段级外键
marketing.campaign,owner_employee_id,org.employee,id,N:1,RESTRICT,字段级外键
marketing.campaign_item,tenant_id,core.tenant,id,N:1,RESTRICT,字段级外键
marketing.campaign_item,created_by,org.employee,id,N:1,RESTRICT,字段级外键
marketing.campaign_item,updated_by,org.employee,id,N:1,RESTRICT,字段级外键
crm.channel_partner,tenant_id,core.tenant,id,N:1,RESTRICT,字段级外键
crm.channel_partner,workflow_instance_id,workflow.wf_instance,id,N:1,RESTRICT,字段级外键
crm.channel_partner,created_by,org.employee,id,N:1,RESTRICT,字段级外键
crm.channel_partner,updated_by,org.employee,id,N:1,RESTRICT,字段级外键
crm.channel_partner,owner_center_id,org.organization,id,N:1,RESTRICT,字段级外键
crm.channel_partner,owner_department_id,org.organization,id,N:1,RESTRICT,字段级外键
crm.channel_partner,owner_employee_id,org.employee,id,N:1,RESTRICT,字段级外键
crm.channel_partner_item,tenant_id,core.tenant,id,N:1,RESTRICT,字段级外键
crm.channel_partner_item,created_by,org.employee,id,N:1,RESTRICT,字段级外键
crm.channel_partner_item,updated_by,org.employee,id,N:1,RESTRICT,字段级外键
education.course_product,tenant_id,core.tenant,id,N:1,RESTRICT,字段级外键
education.course_product,workflow_instance_id,workflow.wf_instance,id,N:1,RESTRICT,字段级外键
education.course_product,created_by,org.employee,id,N:1,RESTRICT,字段级外键
education.course_product,updated_by,org.employee,id,N:1,RESTRICT,字段级外键
education.course_product,owner_center_id,org.organization,id,N:1,RESTRICT,字段级外键
education.course_product,owner_department_id,org.organization,id,N:1,RESTRICT,字段级外键
education.course_product,owner_employee_id,org.employee,id,N:1,RESTRICT,字段级外键
education.study_tour_delivery,tenant_id,core.tenant,id,N:1,RESTRICT,字段级外键
education.study_tour_delivery,workflow_instance_id,workflow.wf_instance,id,N:1,RESTRICT,字段级外键
education.study_tour_delivery,created_by,org.employee,id,N:1,RESTRICT,字段级外键
education.study_tour_delivery,updated_by,org.employee,id,N:1,RESTRICT,字段级外键
education.study_tour_delivery,owner_center_id,org.organization,id,N:1,RESTRICT,字段级外键
education.study_tour_delivery,owner_department_id,org.organization,id,N:1,RESTRICT,字段级外键
education.study_tour_delivery,owner_employee_id,org.employee,id,N:1,RESTRICT,字段级外键
education.teacher_schedule,tenant_id,core.tenant,id,N:1,RESTRICT,字段级外键
education.teacher_schedule,workflow_instance_id,workflow.wf_instance,id,N:1,RESTRICT,字段级外键
education.teacher_schedule,created_by,org.employee,id,N:1,RESTRICT,字段级外键
education.teacher_schedule,updated_by,org.employee,id,N:1,RESTRICT,字段级外键
education.teacher_schedule,owner_center_id,org.organization,id,N:1,RESTRICT,字段级外键
education.teacher_schedule,owner_department_id,org.organization,id,N:1,RESTRICT,字段级外键
education.teacher_schedule,owner_employee_id,org.employee,id,N:1,RESTRICT,字段级外键
education.teacher_schedule_item,tenant_id,core.tenant,id,N:1,RESTRICT,字段级外键
education.teacher_schedule_item,created_by,org.employee,id,N:1,RESTRICT,字段级外键
education.teacher_schedule_item,updated_by,org.employee,id,N:1,RESTRICT,字段级外键
administration.official_document,tenant_id,core.tenant,id,N:1,RESTRICT,字段级外键
administration.official_document,workflow_instance_id,workflow.wf_instance,id,N:1,RESTRICT,字段级外键
administration.official_document,created_by,org.employee,id,N:1,RESTRICT,字段级外键
administration.official_document,updated_by,org.employee,id,N:1,RESTRICT,字段级外键
administration.official_document,owner_center_id,org.organization,id,N:1,RESTRICT,字段级外键
administration.official_document,owner_department_id,org.organization,id,N:1,RESTRICT,字段级外键
administration.official_document,owner_employee_id,org.employee,id,N:1,RESTRICT,字段级外键
administration.official_document_item,tenant_id,core.tenant,id,N:1,RESTRICT,字段级外键
administration.official_document_item,created_by,org.employee,id,N:1,RESTRICT,字段级外键
administration.official_document_item,updated_by,org.employee,id,N:1,RESTRICT,字段级外键
administration.large_event,tenant_id,core.tenant,id,N:1,RESTRICT,字段级外键
administration.large_event,workflow_instance_id,workflow.wf_instance,id,N:1,RESTRICT,字段级外键
administration.large_event,created_by,org.employee,id,N:1,RESTRICT,字段级外键
administration.large_event,updated_by,org.employee,id,N:1,RESTRICT,字段级外键
administration.large_event,owner_center_id,org.organization,id,N:1,RESTRICT,字段级外键
administration.large_event,owner_department_id,org.organization,id,N:1,RESTRICT,字段级外键
administration.large_event,owner_employee_id,org.employee,id,N:1,RESTRICT,字段级外键
administration.large_event_item,tenant_id,core.tenant,id,N:1,RESTRICT,字段级外键
administration.large_event_item,created_by,org.employee,id,N:1,RESTRICT,字段级外键
administration.large_event_item,updated_by,org.employee,id,N:1,RESTRICT,字段级外键
asset.stock_in,tenant_id,core.tenant,id,N:1,RESTRICT,字段级外键
asset.stock_in,workflow_instance_id,workflow.wf_instance,id,N:1,RESTRICT,字段级外键
asset.stock_in,created_by,org.employee,id,N:1,RESTRICT,字段级外键
asset.stock_in,updated_by,org.employee,id,N:1,RESTRICT,字段级外键
asset.stock_in,owner_center_id,org.organization,id,N:1,RESTRICT,字段级外键
asset.stock_in,owner_department_id,org.organization,id,N:1,RESTRICT,字段级外键
asset.stock_in,owner_employee_id,org.employee,id,N:1,RESTRICT,字段级外键
asset.asset_use_transaction,tenant_id,core.tenant,id,N:1,RESTRICT,字段级外键
asset.asset_use_transaction,workflow_instance_id,workflow.wf_instance,id,N:1,RESTRICT,字段级外键
asset.asset_use_transaction,created_by,org.employee,id,N:1,RESTRICT,字段级外键
asset.asset_use_transaction,updated_by,org.employee,id,N:1,RESTRICT,字段级外键
asset.asset_use_transaction,owner_center_id,org.organization,id,N:1,RESTRICT,字段级外键
asset.asset_use_transaction,owner_department_id,org.organization,id,N:1,RESTRICT,字段级外键
asset.asset_use_transaction,owner_employee_id,org.employee,id,N:1,RESTRICT,字段级外键
asset.stocktake,tenant_id,core.tenant,id,N:1,RESTRICT,字段级外键
asset.stocktake,workflow_instance_id,workflow.wf_instance,id,N:1,RESTRICT,字段级外键
asset.stocktake,created_by,org.employee,id,N:1,RESTRICT,字段级外键
asset.stocktake,updated_by,org.employee,id,N:1,RESTRICT,字段级外键
asset.stocktake,owner_center_id,org.organization,id,N:1,RESTRICT,字段级外键
asset.stocktake,owner_department_id,org.organization,id,N:1,RESTRICT,字段级外键
asset.stocktake,owner_employee_id,org.employee,id,N:1,RESTRICT,字段级外键
asset.stocktake_item,tenant_id,core.tenant,id,N:1,RESTRICT,字段级外键
asset.stocktake_item,created_by,org.employee,id,N:1,RESTRICT,字段级外键
asset.stocktake_item,updated_by,org.employee,id,N:1,RESTRICT,字段级外键
asset.asset_disposal,tenant_id,core.tenant,id,N:1,RESTRICT,字段级外键
asset.asset_disposal,workflow_instance_id,workflow.wf_instance,id,N:1,RESTRICT,字段级外键
asset.asset_disposal,created_by,org.employee,id,N:1,RESTRICT,字段级外键
asset.asset_disposal,updated_by,org.employee,id,N:1,RESTRICT,字段级外键
asset.asset_disposal,owner_center_id,org.organization,id,N:1,RESTRICT,字段级外键
asset.asset_disposal,owner_department_id,org.organization,id,N:1,RESTRICT,字段级外键
asset.asset_disposal,owner_employee_id,org.employee,id,N:1,RESTRICT,字段级外键
fleet.vehicle_dispatch,tenant_id,core.tenant,id,N:1,RESTRICT,字段级外键
fleet.vehicle_dispatch,workflow_instance_id,workflow.wf_instance,id,N:1,RESTRICT,字段级外键
fleet.vehicle_dispatch,created_by,org.employee,id,N:1,RESTRICT,字段级外键
fleet.vehicle_dispatch,updated_by,org.employee,id,N:1,RESTRICT,字段级外键
fleet.vehicle_dispatch,owner_center_id,org.organization,id,N:1,RESTRICT,字段级外键
fleet.vehicle_dispatch,owner_department_id,org.organization,id,N:1,RESTRICT,字段级外键
fleet.vehicle_dispatch,owner_employee_id,org.employee,id,N:1,RESTRICT,字段级外键
fleet.vehicle_incident,tenant_id,core.tenant,id,N:1,RESTRICT,字段级外键
fleet.vehicle_incident,workflow_instance_id,workflow.wf_instance,id,N:1,RESTRICT,字段级外键
fleet.vehicle_incident,created_by,org.employee,id,N:1,RESTRICT,字段级外键
fleet.vehicle_incident,updated_by,org.employee,id,N:1,RESTRICT,字段级外键
fleet.vehicle_incident,owner_center_id,org.organization,id,N:1,RESTRICT,字段级外键
fleet.vehicle_incident,owner_department_id,org.organization,id,N:1,RESTRICT,字段级外键
fleet.vehicle_incident,owner_employee_id,org.employee,id,N:1,RESTRICT,字段级外键
dormitory.stay_record,tenant_id,core.tenant,id,N:1,RESTRICT,字段级外键
dormitory.stay_record,workflow_instance_id,workflow.wf_instance,id,N:1,RESTRICT,字段级外键
dormitory.stay_record,created_by,org.employee,id,N:1,RESTRICT,字段级外键
dormitory.stay_record,updated_by,org.employee,id,N:1,RESTRICT,字段级外键
dormitory.stay_record,owner_center_id,org.organization,id,N:1,RESTRICT,字段级外键
dormitory.stay_record,owner_department_id,org.organization,id,N:1,RESTRICT,字段级外键
dormitory.stay_record,owner_employee_id,org.employee,id,N:1,RESTRICT,字段级外键
maintenance.repair_order,tenant_id,core.tenant,id,N:1,RESTRICT,字段级外键
maintenance.repair_order,workflow_instance_id,workflow.wf_instance,id,N:1,RESTRICT,字段级外键
maintenance.repair_order,created_by,org.employee,id,N:1,RESTRICT,字段级外键
maintenance.repair_order,updated_by,org.employee,id,N:1,RESTRICT,字段级外键
maintenance.repair_order,owner_center_id,org.organization,id,N:1,RESTRICT,字段级外键
maintenance.repair_order,owner_department_id,org.organization,id,N:1,RESTRICT,字段级外键
maintenance.repair_order,owner_employee_id,org.employee,id,N:1,RESTRICT,字段级外键
maintenance.repair_order_item,tenant_id,core.tenant,id,N:1,RESTRICT,字段级外键
maintenance.repair_order_item,created_by,org.employee,id,N:1,RESTRICT,字段级外键
maintenance.repair_order_item,updated_by,org.employee,id,N:1,RESTRICT,字段级外键
catering.group_meal_order,tenant_id,core.tenant,id,N:1,RESTRICT,字段级外键
catering.group_meal_order,workflow_instance_id,workflow.wf_instance,id,N:1,RESTRICT,字段级外键
catering.group_meal_order,created_by,org.employee,id,N:1,RESTRICT,字段级外键
catering.group_meal_order,updated_by,org.employee,id,N:1,RESTRICT,字段级外键
catering.group_meal_order,owner_center_id,org.organization,id,N:1,RESTRICT,字段级外键
catering.group_meal_order,owner_department_id,org.organization,id,N:1,RESTRICT,字段级外键
catering.group_meal_order,owner_employee_id,org.employee,id,N:1,RESTRICT,字段级外键
catering.group_meal_order_item,tenant_id,core.tenant,id,N:1,RESTRICT,字段级外键
catering.group_meal_order_item,created_by,org.employee,id,N:1,RESTRICT,字段级外键
catering.group_meal_order_item,updated_by,org.employee,id,N:1,RESTRICT,字段级外键
catering.ingredient_acceptance,tenant_id,core.tenant,id,N:1,RESTRICT,字段级外键
catering.ingredient_acceptance,workflow_instance_id,workflow.wf_instance,id,N:1,RESTRICT,字段级外键
catering.ingredient_acceptance,created_by,org.employee,id,N:1,RESTRICT,字段级外键
catering.ingredient_acceptance,updated_by,org.employee,id,N:1,RESTRICT,字段级外键
catering.ingredient_acceptance,owner_center_id,org.organization,id,N:1,RESTRICT,字段级外键
catering.ingredient_acceptance,owner_department_id,org.organization,id,N:1,RESTRICT,字段级外键
catering.ingredient_acceptance,owner_employee_id,org.employee,id,N:1,RESTRICT,字段级外键
catering.ingredient_acceptance_item,tenant_id,core.tenant,id,N:1,RESTRICT,字段级外键
catering.ingredient_acceptance_item,created_by,org.employee,id,N:1,RESTRICT,字段级外键
catering.ingredient_acceptance_item,updated_by,org.employee,id,N:1,RESTRICT,字段级外键
catering.food_safety_incident,tenant_id,core.tenant,id,N:1,RESTRICT,字段级外键
catering.food_safety_incident,workflow_instance_id,workflow.wf_instance,id,N:1,RESTRICT,字段级外键
catering.food_safety_incident,created_by,org.employee,id,N:1,RESTRICT,字段级外键
catering.food_safety_incident,updated_by,org.employee,id,N:1,RESTRICT,字段级外键
catering.food_safety_incident,owner_center_id,org.organization,id,N:1,RESTRICT,字段级外键
catering.food_safety_incident,owner_department_id,org.organization,id,N:1,RESTRICT,字段级外键
catering.food_safety_incident,owner_employee_id,org.employee,id,N:1,RESTRICT,字段级外键
catering.food_safety_incident_item,tenant_id,core.tenant,id,N:1,RESTRICT,字段级外键
catering.food_safety_incident_item,created_by,org.employee,id,N:1,RESTRICT,字段级外键
catering.food_safety_incident_item,updated_by,org.employee,id,N:1,RESTRICT,字段级外键
catering.meal_card_settlement,tenant_id,core.tenant,id,N:1,RESTRICT,字段级外键
catering.meal_card_settlement,workflow_instance_id,workflow.wf_instance,id,N:1,RESTRICT,字段级外键
catering.meal_card_settlement,created_by,org.employee,id,N:1,RESTRICT,字段级外键
catering.meal_card_settlement,updated_by,org.employee,id,N:1,RESTRICT,字段级外键
catering.meal_card_settlement,owner_center_id,org.organization,id,N:1,RESTRICT,字段级外键
catering.meal_card_settlement,owner_department_id,org.organization,id,N:1,RESTRICT,字段级外键
catering.meal_card_settlement,owner_employee_id,org.employee,id,N:1,RESTRICT,字段级外键
catering.meal_card_settlement_item,tenant_id,core.tenant,id,N:1,RESTRICT,字段级外键
catering.meal_card_settlement_item,created_by,org.employee,id,N:1,RESTRICT,字段级外键
catering.meal_card_settlement_item,updated_by,org.employee,id,N:1,RESTRICT,字段级外键
security.patrol_task,tenant_id,core.tenant,id,N:1,RESTRICT,字段级外键
security.patrol_task,workflow_instance_id,workflow.wf_instance,id,N:1,RESTRICT,字段级外键
security.patrol_task,created_by,org.employee,id,N:1,RESTRICT,字段级外键
security.patrol_task,updated_by,org.employee,id,N:1,RESTRICT,字段级外键
security.patrol_task,owner_center_id,org.organization,id,N:1,RESTRICT,字段级外键
security.patrol_task,owner_department_id,org.organization,id,N:1,RESTRICT,字段级外键
security.patrol_task,owner_employee_id,org.employee,id,N:1,RESTRICT,字段级外键
security.crowd_alert,tenant_id,core.tenant,id,N:1,RESTRICT,字段级外键
security.crowd_alert,workflow_instance_id,workflow.wf_instance,id,N:1,RESTRICT,字段级外键
security.crowd_alert,created_by,org.employee,id,N:1,RESTRICT,字段级外键
security.crowd_alert,updated_by,org.employee,id,N:1,RESTRICT,字段级外键
security.crowd_alert,owner_center_id,org.organization,id,N:1,RESTRICT,字段级外键
security.crowd_alert,owner_department_id,org.organization,id,N:1,RESTRICT,字段级外键
security.crowd_alert,owner_employee_id,org.employee,id,N:1,RESTRICT,字段级外键
security.security_incident,tenant_id,core.tenant,id,N:1,RESTRICT,字段级外键
security.security_incident,workflow_instance_id,workflow.wf_instance,id,N:1,RESTRICT,字段级外键
security.security_incident,created_by,org.employee,id,N:1,RESTRICT,字段级外键
security.security_incident,updated_by,org.employee,id,N:1,RESTRICT,字段级外键
security.security_incident,owner_center_id,org.organization,id,N:1,RESTRICT,字段级外键
security.security_incident,owner_department_id,org.organization,id,N:1,RESTRICT,字段级外键
security.security_incident,owner_employee_id,org.employee,id,N:1,RESTRICT,字段级外键
security.event_security_plan,tenant_id,core.tenant,id,N:1,RESTRICT,字段级外键
security.event_security_plan,workflow_instance_id,workflow.wf_instance,id,N:1,RESTRICT,字段级外键
security.event_security_plan,created_by,org.employee,id,N:1,RESTRICT,字段级外键
security.event_security_plan,updated_by,org.employee,id,N:1,RESTRICT,字段级外键
security.event_security_plan,owner_center_id,org.organization,id,N:1,RESTRICT,字段级外键
security.event_security_plan,owner_department_id,org.organization,id,N:1,RESTRICT,字段级外键
security.event_security_plan,owner_employee_id,org.employee,id,N:1,RESTRICT,字段级外键
cleaning.cleaning_task,tenant_id,core.tenant,id,N:1,RESTRICT,字段级外键
cleaning.cleaning_task,workflow_instance_id,workflow.wf_instance,id,N:1,RESTRICT,字段级外键
cleaning.cleaning_task,created_by,org.employee,id,N:1,RESTRICT,字段级外键
cleaning.cleaning_task,updated_by,org.employee,id,N:1,RESTRICT,字段级外键
cleaning.cleaning_task,owner_center_id,org.organization,id,N:1,RESTRICT,字段级外键
cleaning.cleaning_task,owner_department_id,org.organization,id,N:1,RESTRICT,字段级外键
cleaning.cleaning_task,owner_employee_id,org.employee,id,N:1,RESTRICT,字段级外键
cleaning.cleaning_task_item,tenant_id,core.tenant,id,N:1,RESTRICT,字段级外键
cleaning.cleaning_task_item,created_by,org.employee,id,N:1,RESTRICT,字段级外键
cleaning.cleaning_task_item,updated_by,org.employee,id,N:1,RESTRICT,字段级外键
cleaning.pollution_incident,tenant_id,core.tenant,id,N:1,RESTRICT,字段级外键
cleaning.pollution_incident,workflow_instance_id,workflow.wf_instance,id,N:1,RESTRICT,字段级外键
cleaning.pollution_incident,created_by,org.employee,id,N:1,RESTRICT,字段级外键
cleaning.pollution_incident,updated_by,org.employee,id,N:1,RESTRICT,字段级外键
cleaning.pollution_incident,owner_center_id,org.organization,id,N:1,RESTRICT,字段级外键
cleaning.pollution_incident,owner_department_id,org.organization,id,N:1,RESTRICT,字段级外键
cleaning.pollution_incident,owner_employee_id,org.employee,id,N:1,RESTRICT,字段级外键
cleaning.pollution_incident_item,tenant_id,core.tenant,id,N:1,RESTRICT,字段级外键
cleaning.pollution_incident_item,created_by,org.employee,id,N:1,RESTRICT,字段级外键
cleaning.pollution_incident_item,updated_by,org.employee,id,N:1,RESTRICT,字段级外键
cleaning.event_support,tenant_id,core.tenant,id,N:1,RESTRICT,字段级外键
cleaning.event_support,workflow_instance_id,workflow.wf_instance,id,N:1,RESTRICT,字段级外键
cleaning.event_support,created_by,org.employee,id,N:1,RESTRICT,字段级外键
cleaning.event_support,updated_by,org.employee,id,N:1,RESTRICT,字段级外键
cleaning.event_support,owner_center_id,org.organization,id,N:1,RESTRICT,字段级外键
cleaning.event_support,owner_department_id,org.organization,id,N:1,RESTRICT,字段级外键
cleaning.event_support,owner_employee_id,org.employee,id,N:1,RESTRICT,字段级外键
cleaning.event_support_item,tenant_id,core.tenant,id,N:1,RESTRICT,字段级外键
cleaning.event_support_item,created_by,org.employee,id,N:1,RESTRICT,字段级外键
cleaning.event_support_item,updated_by,org.employee,id,N:1,RESTRICT,字段级外键
merchant.merchant_admission,tenant_id,core.tenant,id,N:1,RESTRICT,字段级外键
merchant.merchant_admission,workflow_instance_id,workflow.wf_instance,id,N:1,RESTRICT,字段级外键
merchant.merchant_admission,created_by,org.employee,id,N:1,RESTRICT,字段级外键
merchant.merchant_admission,updated_by,org.employee,id,N:1,RESTRICT,字段级外键
merchant.merchant_admission,owner_center_id,org.organization,id,N:1,RESTRICT,字段级外键
merchant.merchant_admission,owner_department_id,org.organization,id,N:1,RESTRICT,字段级外键
merchant.merchant_admission,owner_employee_id,org.employee,id,N:1,RESTRICT,字段级外键
merchant.merchant_admission_item,tenant_id,core.tenant,id,N:1,RESTRICT,字段级外键
merchant.merchant_admission_item,created_by,org.employee,id,N:1,RESTRICT,字段级外键
merchant.merchant_admission_item,updated_by,org.employee,id,N:1,RESTRICT,字段级外键
merchant.merchant_inspection,tenant_id,core.tenant,id,N:1,RESTRICT,字段级外键
merchant.merchant_inspection,workflow_instance_id,workflow.wf_instance,id,N:1,RESTRICT,字段级外键
merchant.merchant_inspection,created_by,org.employee,id,N:1,RESTRICT,字段级外键
merchant.merchant_inspection,updated_by,org.employee,id,N:1,RESTRICT,字段级外键
merchant.merchant_inspection,owner_center_id,org.organization,id,N:1,RESTRICT,字段级外键
merchant.merchant_inspection,owner_department_id,org.organization,id,N:1,RESTRICT,字段级外键
merchant.merchant_inspection,owner_employee_id,org.employee,id,N:1,RESTRICT,字段级外键
merchant.merchant_inspection_item,tenant_id,core.tenant,id,N:1,RESTRICT,字段级外键
merchant.merchant_inspection_item,created_by,org.employee,id,N:1,RESTRICT,字段级外键
merchant.merchant_inspection_item,updated_by,org.employee,id,N:1,RESTRICT,字段级外键
merchant.merchant_exit,tenant_id,core.tenant,id,N:1,RESTRICT,字段级外键
merchant.merchant_exit,workflow_instance_id,workflow.wf_instance,id,N:1,RESTRICT,字段级外键
merchant.merchant_exit,created_by,org.employee,id,N:1,RESTRICT,字段级外键
merchant.merchant_exit,updated_by,org.employee,id,N:1,RESTRICT,字段级外键
merchant.merchant_exit,owner_center_id,org.organization,id,N:1,RESTRICT,字段级外键
merchant.merchant_exit,owner_department_id,org.organization,id,N:1,RESTRICT,字段级外键
merchant.merchant_exit,owner_employee_id,org.employee,id,N:1,RESTRICT,字段级外键
merchant.merchant_exit_item,tenant_id,core.tenant,id,N:1,RESTRICT,字段级外键
merchant.merchant_exit_item,created_by,org.employee,id,N:1,RESTRICT,字段级外键
merchant.merchant_exit_item,updated_by,org.employee,id,N:1,RESTRICT,字段级外键
entertainment.program,tenant_id,core.tenant,id,N:1,RESTRICT,字段级外键
entertainment.program,workflow_instance_id,workflow.wf_instance,id,N:1,RESTRICT,字段级外键
entertainment.program,created_by,org.employee,id,N:1,RESTRICT,字段级外键
entertainment.program,updated_by,org.employee,id,N:1,RESTRICT,字段级外键
entertainment.program,owner_center_id,org.organization,id,N:1,RESTRICT,字段级外键
entertainment.program,owner_department_id,org.organization,id,N:1,RESTRICT,字段级外键
entertainment.program,owner_employee_id,org.employee,id,N:1,RESTRICT,字段级外键
entertainment.show_session,tenant_id,core.tenant,id,N:1,RESTRICT,字段级外键
entertainment.show_session,workflow_instance_id,workflow.wf_instance,id,N:1,RESTRICT,字段级外键
entertainment.show_session,created_by,org.employee,id,N:1,RESTRICT,字段级外键
entertainment.show_session,updated_by,org.employee,id,N:1,RESTRICT,字段级外键
entertainment.show_session,owner_center_id,org.organization,id,N:1,RESTRICT,字段级外键
entertainment.show_session,owner_department_id,org.organization,id,N:1,RESTRICT,字段级外键
entertainment.show_session,owner_employee_id,org.employee,id,N:1,RESTRICT,字段级外键
entertainment.show_session_item,tenant_id,core.tenant,id,N:1,RESTRICT,字段级外键
entertainment.show_session_item,created_by,org.employee,id,N:1,RESTRICT,字段级外键
entertainment.show_session_item,updated_by,org.employee,id,N:1,RESTRICT,字段级外键
entertainment.staff_shortage,tenant_id,core.tenant,id,N:1,RESTRICT,字段级外键
entertainment.staff_shortage,workflow_instance_id,workflow.wf_instance,id,N:1,RESTRICT,字段级外键
entertainment.staff_shortage,created_by,org.employee,id,N:1,RESTRICT,字段级外键
entertainment.staff_shortage,updated_by,org.employee,id,N:1,RESTRICT,字段级外键
entertainment.staff_shortage,owner_center_id,org.organization,id,N:1,RESTRICT,字段级外键
entertainment.staff_shortage,owner_department_id,org.organization,id,N:1,RESTRICT,字段级外键
entertainment.staff_shortage,owner_employee_id,org.employee,id,N:1,RESTRICT,字段级外键
entertainment.staff_shortage_item,tenant_id,core.tenant,id,N:1,RESTRICT,字段级外键
entertainment.staff_shortage_item,created_by,org.employee,id,N:1,RESTRICT,字段级外键
entertainment.staff_shortage_item,updated_by,org.employee,id,N:1,RESTRICT,字段级外键
entertainment.suspension_decision,tenant_id,core.tenant,id,N:1,RESTRICT,字段级外键
entertainment.suspension_decision,workflow_instance_id,workflow.wf_instance,id,N:1,RESTRICT,字段级外键
entertainment.suspension_decision,created_by,org.employee,id,N:1,RESTRICT,字段级外键
entertainment.suspension_decision,updated_by,org.employee,id,N:1,RESTRICT,字段级外键
entertainment.suspension_decision,owner_center_id,org.organization,id,N:1,RESTRICT,字段级外键
entertainment.suspension_decision,owner_department_id,org.organization,id,N:1,RESTRICT,字段级外键
entertainment.suspension_decision,owner_employee_id,org.employee,id,N:1,RESTRICT,字段级外键
entertainment.suspension_decision_item,tenant_id,core.tenant,id,N:1,RESTRICT,字段级外键
entertainment.suspension_decision_item,created_by,org.employee,id,N:1,RESTRICT,字段级外键
entertainment.suspension_decision_item,updated_by,org.employee,id,N:1,RESTRICT,字段级外键
costume.session_preparation,tenant_id,core.tenant,id,N:1,RESTRICT,字段级外键
costume.session_preparation,workflow_instance_id,workflow.wf_instance,id,N:1,RESTRICT,字段级外键
costume.session_preparation,created_by,org.employee,id,N:1,RESTRICT,字段级外键
costume.session_preparation,updated_by,org.employee,id,N:1,RESTRICT,字段级外键
costume.session_preparation,owner_center_id,org.organization,id,N:1,RESTRICT,字段级外键
costume.session_preparation,owner_department_id,org.organization,id,N:1,RESTRICT,字段级外键
costume.session_preparation,owner_employee_id,org.employee,id,N:1,RESTRICT,字段级外键
costume.damage_report,tenant_id,core.tenant,id,N:1,RESTRICT,字段级外键
costume.damage_report,workflow_instance_id,workflow.wf_instance,id,N:1,RESTRICT,字段级外键
costume.damage_report,created_by,org.employee,id,N:1,RESTRICT,字段级外键
costume.damage_report,updated_by,org.employee,id,N:1,RESTRICT,字段级外键
costume.damage_report,owner_center_id,org.organization,id,N:1,RESTRICT,字段级外键
costume.damage_report,owner_department_id,org.organization,id,N:1,RESTRICT,字段级外键
costume.damage_report,owner_employee_id,org.employee,id,N:1,RESTRICT,字段级外键
costume.inventory_check,tenant_id,core.tenant,id,N:1,RESTRICT,字段级外键
costume.inventory_check,workflow_instance_id,workflow.wf_instance,id,N:1,RESTRICT,字段级外键
costume.inventory_check,created_by,org.employee,id,N:1,RESTRICT,字段级外键
costume.inventory_check,updated_by,org.employee,id,N:1,RESTRICT,字段级外键
costume.inventory_check,owner_center_id,org.organization,id,N:1,RESTRICT,字段级外键
costume.inventory_check,owner_department_id,org.organization,id,N:1,RESTRICT,字段级外键
costume.inventory_check,owner_employee_id,org.employee,id,N:1,RESTRICT,字段级外键
drone.flight_task,tenant_id,core.tenant,id,N:1,RESTRICT,字段级外键
drone.flight_task,workflow_instance_id,workflow.wf_instance,id,N:1,RESTRICT,字段级外键
drone.flight_task,created_by,org.employee,id,N:1,RESTRICT,字段级外键
drone.flight_task,updated_by,org.employee,id,N:1,RESTRICT,字段级外键
drone.flight_task,owner_center_id,org.organization,id,N:1,RESTRICT,字段级外键
drone.flight_task,owner_department_id,org.organization,id,N:1,RESTRICT,字段级外键
drone.flight_task,owner_employee_id,org.employee,id,N:1,RESTRICT,字段级外键
drone.flight_task_item,tenant_id,core.tenant,id,N:1,RESTRICT,字段级外键
drone.flight_task_item,created_by,org.employee,id,N:1,RESTRICT,字段级外键
drone.flight_task_item,updated_by,org.employee,id,N:1,RESTRICT,字段级外键
drone.flight_cancellation,tenant_id,core.tenant,id,N:1,RESTRICT,字段级外键
drone.flight_cancellation,workflow_instance_id,workflow.wf_instance,id,N:1,RESTRICT,字段级外键
drone.flight_cancellation,created_by,org.employee,id,N:1,RESTRICT,字段级外键
drone.flight_cancellation,updated_by,org.employee,id,N:1,RESTRICT,字段级外键
drone.flight_cancellation,owner_center_id,org.organization,id,N:1,RESTRICT,字段级外键
drone.flight_cancellation,owner_department_id,org.organization,id,N:1,RESTRICT,字段级外键
drone.flight_cancellation,owner_employee_id,org.employee,id,N:1,RESTRICT,字段级外键
drone.flight_cancellation_item,tenant_id,core.tenant,id,N:1,RESTRICT,字段级外键
drone.flight_cancellation_item,created_by,org.employee,id,N:1,RESTRICT,字段级外键
drone.flight_cancellation_item,updated_by,org.employee,id,N:1,RESTRICT,字段级外键
drone.flight_incident,tenant_id,core.tenant,id,N:1,RESTRICT,字段级外键
drone.flight_incident,workflow_instance_id,workflow.wf_instance,id,N:1,RESTRICT,字段级外键
drone.flight_incident,created_by,org.employee,id,N:1,RESTRICT,字段级外键
drone.flight_incident,updated_by,org.employee,id,N:1,RESTRICT,字段级外键
drone.flight_incident,owner_center_id,org.organization,id,N:1,RESTRICT,字段级外键
drone.flight_incident,owner_department_id,org.organization,id,N:1,RESTRICT,字段级外键
drone.flight_incident,owner_employee_id,org.employee,id,N:1,RESTRICT,字段级外键
drone.flight_incident_item,tenant_id,core.tenant,id,N:1,RESTRICT,字段级外键
drone.flight_incident_item,created_by,org.employee,id,N:1,RESTRICT,字段级外键
drone.flight_incident_item,updated_by,org.employee,id,N:1,RESTRICT,字段级外键
entertainment.tech_support_task,tenant_id,core.tenant,id,N:1,RESTRICT,字段级外键
entertainment.tech_support_task,workflow_instance_id,workflow.wf_instance,id,N:1,RESTRICT,字段级外键
entertainment.tech_support_task,created_by,org.employee,id,N:1,RESTRICT,字段级外键
entertainment.tech_support_task,updated_by,org.employee,id,N:1,RESTRICT,字段级外键
entertainment.tech_support_task,owner_center_id,org.organization,id,N:1,RESTRICT,字段级外键
entertainment.tech_support_task,owner_department_id,org.organization,id,N:1,RESTRICT,字段级外键
entertainment.tech_support_task,owner_employee_id,org.employee,id,N:1,RESTRICT,字段级外键
entertainment.equipment_fault,tenant_id,core.tenant,id,N:1,RESTRICT,字段级外键
entertainment.equipment_fault,workflow_instance_id,workflow.wf_instance,id,N:1,RESTRICT,字段级外键
entertainment.equipment_fault,created_by,org.employee,id,N:1,RESTRICT,字段级外键
entertainment.equipment_fault,updated_by,org.employee,id,N:1,RESTRICT,字段级外键
entertainment.equipment_fault,owner_center_id,org.organization,id,N:1,RESTRICT,字段级外键
entertainment.equipment_fault,owner_department_id,org.organization,id,N:1,RESTRICT,字段级外键
entertainment.equipment_fault,owner_employee_id,org.employee,id,N:1,RESTRICT,字段级外键
entertainment.equipment_fault_item,tenant_id,core.tenant,id,N:1,RESTRICT,字段级外键
entertainment.equipment_fault_item,created_by,org.employee,id,N:1,RESTRICT,字段级外键
entertainment.equipment_fault_item,updated_by,org.employee,id,N:1,RESTRICT,字段级外键
entertainment.suspension_advice,tenant_id,core.tenant,id,N:1,RESTRICT,字段级外键
entertainment.suspension_advice,workflow_instance_id,workflow.wf_instance,id,N:1,RESTRICT,字段级外键
entertainment.suspension_advice,created_by,org.employee,id,N:1,RESTRICT,字段级外键
entertainment.suspension_advice,updated_by,org.employee,id,N:1,RESTRICT,字段级外键
entertainment.suspension_advice,owner_center_id,org.organization,id,N:1,RESTRICT,字段级外键
entertainment.suspension_advice,owner_department_id,org.organization,id,N:1,RESTRICT,字段级外键
entertainment.suspension_advice,owner_employee_id,org.employee,id,N:1,RESTRICT,字段级外键
itops.network_incident,tenant_id,core.tenant,id,N:1,RESTRICT,字段级外键
itops.network_incident,workflow_instance_id,workflow.wf_instance,id,N:1,RESTRICT,字段级外键
itops.network_incident,created_by,org.employee,id,N:1,RESTRICT,字段级外键
itops.network_incident,updated_by,org.employee,id,N:1,RESTRICT,字段级外键
itops.network_incident,owner_center_id,org.organization,id,N:1,RESTRICT,字段级外键
itops.network_incident,owner_department_id,org.organization,id,N:1,RESTRICT,字段级外键
itops.network_incident,owner_employee_id,org.employee,id,N:1,RESTRICT,字段级外键
itops.network_incident_item,tenant_id,core.tenant,id,N:1,RESTRICT,字段级外键
itops.network_incident_item,created_by,org.employee,id,N:1,RESTRICT,字段级外键
itops.network_incident_item,updated_by,org.employee,id,N:1,RESTRICT,字段级外键
itops.network_change,tenant_id,core.tenant,id,N:1,RESTRICT,字段级外键
itops.network_change,workflow_instance_id,workflow.wf_instance,id,N:1,RESTRICT,字段级外键
itops.network_change,created_by,org.employee,id,N:1,RESTRICT,字段级外键
itops.network_change,updated_by,org.employee,id,N:1,RESTRICT,字段级外键
itops.network_change,owner_center_id,org.organization,id,N:1,RESTRICT,字段级外键
itops.network_change,owner_department_id,org.organization,id,N:1,RESTRICT,字段级外键
itops.network_change,owner_employee_id,org.employee,id,N:1,RESTRICT,字段级外键
itops.network_change_item,tenant_id,core.tenant,id,N:1,RESTRICT,字段级外键
itops.network_change_item,created_by,org.employee,id,N:1,RESTRICT,字段级外键
itops.network_change_item,updated_by,org.employee,id,N:1,RESTRICT,字段级外键
itops.event_support,tenant_id,core.tenant,id,N:1,RESTRICT,字段级外键
itops.event_support,workflow_instance_id,workflow.wf_instance,id,N:1,RESTRICT,字段级外键
itops.event_support,created_by,org.employee,id,N:1,RESTRICT,字段级外键
itops.event_support,updated_by,org.employee,id,N:1,RESTRICT,字段级外键
itops.event_support,owner_center_id,org.organization,id,N:1,RESTRICT,字段级外键
itops.event_support,owner_department_id,org.organization,id,N:1,RESTRICT,字段级外键
itops.event_support,owner_employee_id,org.employee,id,N:1,RESTRICT,字段级外键
itops.event_support_item,tenant_id,core.tenant,id,N:1,RESTRICT,字段级外键
itops.event_support_item,created_by,org.employee,id,N:1,RESTRICT,字段级外键
itops.event_support_item,updated_by,org.employee,id,N:1,RESTRICT,字段级外键
itops.service_request,tenant_id,core.tenant,id,N:1,RESTRICT,字段级外键
itops.service_request,workflow_instance_id,workflow.wf_instance,id,N:1,RESTRICT,字段级外键
itops.service_request,created_by,org.employee,id,N:1,RESTRICT,字段级外键
itops.service_request,updated_by,org.employee,id,N:1,RESTRICT,字段级外键
itops.service_request,owner_center_id,org.organization,id,N:1,RESTRICT,字段级外键
itops.service_request,owner_department_id,org.organization,id,N:1,RESTRICT,字段级外键
itops.service_request,owner_employee_id,org.employee,id,N:1,RESTRICT,字段级外键
itops.service_request_item,tenant_id,core.tenant,id,N:1,RESTRICT,字段级外键
itops.service_request_item,created_by,org.employee,id,N:1,RESTRICT,字段级外键
itops.service_request_item,updated_by,org.employee,id,N:1,RESTRICT,字段级外键
devops.release,tenant_id,core.tenant,id,N:1,RESTRICT,字段级外键
devops.release,workflow_instance_id,workflow.wf_instance,id,N:1,RESTRICT,字段级外键
devops.release,created_by,org.employee,id,N:1,RESTRICT,字段级外键
devops.release,updated_by,org.employee,id,N:1,RESTRICT,字段级外键
devops.release,owner_center_id,org.organization,id,N:1,RESTRICT,字段级外键
devops.release,owner_department_id,org.organization,id,N:1,RESTRICT,字段级外键
devops.release,owner_employee_id,org.employee,id,N:1,RESTRICT,字段级外键
devops.release_item,tenant_id,core.tenant,id,N:1,RESTRICT,字段级外键
devops.release_item,created_by,org.employee,id,N:1,RESTRICT,字段级外键
devops.release_item,updated_by,org.employee,id,N:1,RESTRICT,字段级外键
iam.account_execution,tenant_id,core.tenant,id,N:1,RESTRICT,字段级外键
iam.account_execution,workflow_instance_id,workflow.wf_instance,id,N:1,RESTRICT,字段级外键
iam.account_execution,created_by,org.employee,id,N:1,RESTRICT,字段级外键
iam.account_execution,updated_by,org.employee,id,N:1,RESTRICT,字段级外键
iam.account_execution,owner_center_id,org.organization,id,N:1,RESTRICT,字段级外键
iam.account_execution,owner_department_id,org.organization,id,N:1,RESTRICT,字段级外键
iam.account_execution,owner_employee_id,org.employee,id,N:1,RESTRICT,字段级外键
iam.account_execution_item,tenant_id,core.tenant,id,N:1,RESTRICT,字段级外键
iam.account_execution_item,created_by,org.employee,id,N:1,RESTRICT,字段级外键
iam.account_execution_item,updated_by,org.employee,id,N:1,RESTRICT,字段级外键
itops.recovery_drill,tenant_id,core.tenant,id,N:1,RESTRICT,字段级外键
itops.recovery_drill,workflow_instance_id,workflow.wf_instance,id,N:1,RESTRICT,字段级外键
itops.recovery_drill,created_by,org.employee,id,N:1,RESTRICT,字段级外键
itops.recovery_drill,updated_by,org.employee,id,N:1,RESTRICT,字段级外键
itops.recovery_drill,owner_center_id,org.organization,id,N:1,RESTRICT,字段级外键
itops.recovery_drill,owner_department_id,org.organization,id,N:1,RESTRICT,字段级外键
itops.recovery_drill,owner_employee_id,org.employee,id,N:1,RESTRICT,字段级外键
itops.recovery_drill_item,tenant_id,core.tenant,id,N:1,RESTRICT,字段级外键
itops.recovery_drill_item,created_by,org.employee,id,N:1,RESTRICT,字段级外键
itops.recovery_drill_item,updated_by,org.employee,id,N:1,RESTRICT,字段级外键
devops.requirement,tenant_id,core.tenant,id,N:1,RESTRICT,字段级外键
devops.requirement,workflow_instance_id,workflow.wf_instance,id,N:1,RESTRICT,字段级外键
devops.requirement,created_by,org.employee,id,N:1,RESTRICT,字段级外键
devops.requirement,updated_by,org.employee,id,N:1,RESTRICT,字段级外键
devops.requirement,owner_center_id,org.organization,id,N:1,RESTRICT,字段级外键
devops.requirement,owner_department_id,org.organization,id,N:1,RESTRICT,字段级外键
devops.requirement,owner_employee_id,org.employee,id,N:1,RESTRICT,字段级外键
devops.requirement_item,tenant_id,core.tenant,id,N:1,RESTRICT,字段级外键
devops.requirement_item,created_by,org.employee,id,N:1,RESTRICT,字段级外键
devops.requirement_item,updated_by,org.employee,id,N:1,RESTRICT,字段级外键
devops.defect,tenant_id,core.tenant,id,N:1,RESTRICT,字段级外键
devops.defect,workflow_instance_id,workflow.wf_instance,id,N:1,RESTRICT,字段级外键
devops.defect,created_by,org.employee,id,N:1,RESTRICT,字段级外键
devops.defect,updated_by,org.employee,id,N:1,RESTRICT,字段级外键
devops.defect,owner_center_id,org.organization,id,N:1,RESTRICT,字段级外键
devops.defect,owner_department_id,org.organization,id,N:1,RESTRICT,字段级外键
devops.defect,owner_employee_id,org.employee,id,N:1,RESTRICT,字段级外键
devops.defect_item,tenant_id,core.tenant,id,N:1,RESTRICT,字段级外键
devops.defect_item,created_by,org.employee,id,N:1,RESTRICT,字段级外键
devops.defect_item,updated_by,org.employee,id,N:1,RESTRICT,字段级外键
content.material_request,tenant_id,core.tenant,id,N:1,RESTRICT,字段级外键
content.material_request,workflow_instance_id,workflow.wf_instance,id,N:1,RESTRICT,字段级外键
content.material_request,created_by,org.employee,id,N:1,RESTRICT,字段级外键
content.material_request,updated_by,org.employee,id,N:1,RESTRICT,字段级外键
content.material_request,owner_center_id,org.organization,id,N:1,RESTRICT,字段级外键
content.material_request,owner_department_id,org.organization,id,N:1,RESTRICT,字段级外键
content.material_request,owner_employee_id,org.employee,id,N:1,RESTRICT,字段级外键
content.material_request_item,tenant_id,core.tenant,id,N:1,RESTRICT,字段级外键
content.material_request_item,created_by,org.employee,id,N:1,RESTRICT,字段级外键
content.material_request_item,updated_by,org.employee,id,N:1,RESTRICT,字段级外键
content.shooting_task,tenant_id,core.tenant,id,N:1,RESTRICT,字段级外键
content.shooting_task,workflow_instance_id,workflow.wf_instance,id,N:1,RESTRICT,字段级外键
content.shooting_task,created_by,org.employee,id,N:1,RESTRICT,字段级外键
content.shooting_task,updated_by,org.employee,id,N:1,RESTRICT,字段级外键
content.shooting_task,owner_center_id,org.organization,id,N:1,RESTRICT,字段级外键
content.shooting_task,owner_department_id,org.organization,id,N:1,RESTRICT,字段级外键
content.shooting_task,owner_employee_id,org.employee,id,N:1,RESTRICT,字段级外键
content.shooting_task_item,tenant_id,core.tenant,id,N:1,RESTRICT,字段级外键
content.shooting_task_item,created_by,org.employee,id,N:1,RESTRICT,字段级外键
content.shooting_task_item,updated_by,org.employee,id,N:1,RESTRICT,字段级外键
content.change_request,tenant_id,core.tenant,id,N:1,RESTRICT,字段级外键
content.change_request,workflow_instance_id,workflow.wf_instance,id,N:1,RESTRICT,字段级外键
content.change_request,created_by,org.employee,id,N:1,RESTRICT,字段级外键
content.change_request,updated_by,org.employee,id,N:1,RESTRICT,字段级外键
content.change_request,owner_center_id,org.organization,id,N:1,RESTRICT,字段级外键
content.change_request,owner_department_id,org.organization,id,N:1,RESTRICT,字段级外键
content.change_request,owner_employee_id,org.employee,id,N:1,RESTRICT,字段级外键
content.change_request_item,tenant_id,core.tenant,id,N:1,RESTRICT,字段级外键
content.change_request_item,created_by,org.employee,id,N:1,RESTRICT,字段级外键
content.change_request_item,updated_by,org.employee,id,N:1,RESTRICT,字段级外键
planning.project,tenant_id,core.tenant,id,N:1,RESTRICT,字段级外键
planning.project,workflow_instance_id,workflow.wf_instance,id,N:1,RESTRICT,字段级外键
planning.project,created_by,org.employee,id,N:1,RESTRICT,字段级外键
planning.project,updated_by,org.employee,id,N:1,RESTRICT,字段级外键
planning.project,owner_center_id,org.organization,id,N:1,RESTRICT,字段级外键
planning.project,owner_department_id,org.organization,id,N:1,RESTRICT,字段级外键
planning.project,owner_employee_id,org.employee,id,N:1,RESTRICT,字段级外键
planning.project_item,tenant_id,core.tenant,id,N:1,RESTRICT,字段级外键
planning.project_item,created_by,org.employee,id,N:1,RESTRICT,字段级外键
planning.project_item,updated_by,org.employee,id,N:1,RESTRICT,字段级外键
planning.change_request,tenant_id,core.tenant,id,N:1,RESTRICT,字段级外键
planning.change_request,workflow_instance_id,workflow.wf_instance,id,N:1,RESTRICT,字段级外键
planning.change_request,created_by,org.employee,id,N:1,RESTRICT,字段级外键
planning.change_request,updated_by,org.employee,id,N:1,RESTRICT,字段级外键
planning.change_request,owner_center_id,org.organization,id,N:1,RESTRICT,字段级外键
planning.change_request,owner_department_id,org.organization,id,N:1,RESTRICT,字段级外键
planning.change_request,owner_employee_id,org.employee,id,N:1,RESTRICT,字段级外键
planning.change_request_item,tenant_id,core.tenant,id,N:1,RESTRICT,字段级外键
planning.change_request_item,created_by,org.employee,id,N:1,RESTRICT,字段级外键
planning.change_request_item,updated_by,org.employee,id,N:1,RESTRICT,字段级外键
planning.event_handover,tenant_id,core.tenant,id,N:1,RESTRICT,字段级外键
planning.event_handover,workflow_instance_id,workflow.wf_instance,id,N:1,RESTRICT,字段级外键
planning.event_handover,created_by,org.employee,id,N:1,RESTRICT,字段级外键
planning.event_handover,updated_by,org.employee,id,N:1,RESTRICT,字段级外键
planning.event_handover,owner_center_id,org.organization,id,N:1,RESTRICT,字段级外键
planning.event_handover,owner_department_id,org.organization,id,N:1,RESTRICT,字段级外键
planning.event_handover,owner_employee_id,org.employee,id,N:1,RESTRICT,字段级外键
planning.event_handover_item,tenant_id,core.tenant,id,N:1,RESTRICT,字段级外键
planning.event_handover_item,created_by,org.employee,id,N:1,RESTRICT,字段级外键
planning.event_handover_item,updated_by,org.employee,id,N:1,RESTRICT,字段级外键
ecommerce.product_listing,tenant_id,core.tenant,id,N:1,RESTRICT,字段级外键
ecommerce.product_listing,workflow_instance_id,workflow.wf_instance,id,N:1,RESTRICT,字段级外键
ecommerce.product_listing,created_by,org.employee,id,N:1,RESTRICT,字段级外键
ecommerce.product_listing,updated_by,org.employee,id,N:1,RESTRICT,字段级外键
ecommerce.product_listing,owner_center_id,org.organization,id,N:1,RESTRICT,字段级外键
ecommerce.product_listing,owner_department_id,org.organization,id,N:1,RESTRICT,字段级外键
ecommerce.product_listing,owner_employee_id,org.employee,id,N:1,RESTRICT,字段级外键
ecommerce.product_listing_item,tenant_id,core.tenant,id,N:1,RESTRICT,字段级外键
ecommerce.product_listing_item,created_by,org.employee,id,N:1,RESTRICT,字段级外键
ecommerce.product_listing_item,updated_by,org.employee,id,N:1,RESTRICT,字段级外键
ecommerce.ota_order,tenant_id,core.tenant,id,N:1,RESTRICT,字段级外键
ecommerce.ota_order,workflow_instance_id,workflow.wf_instance,id,N:1,RESTRICT,字段级外键
ecommerce.ota_order,created_by,org.employee,id,N:1,RESTRICT,字段级外键
ecommerce.ota_order,updated_by,org.employee,id,N:1,RESTRICT,字段级外键
ecommerce.ota_order,owner_center_id,org.organization,id,N:1,RESTRICT,字段级外键
ecommerce.ota_order,owner_department_id,org.organization,id,N:1,RESTRICT,字段级外键
ecommerce.ota_order,owner_employee_id,org.employee,id,N:1,RESTRICT,字段级外键
ecommerce.ota_order_item,tenant_id,core.tenant,id,N:1,RESTRICT,字段级外键
ecommerce.ota_order_item,created_by,org.employee,id,N:1,RESTRICT,字段级外键
ecommerce.ota_order_item,updated_by,org.employee,id,N:1,RESTRICT,字段级外键
ecommerce.refund_order,tenant_id,core.tenant,id,N:1,RESTRICT,字段级外键
ecommerce.refund_order,workflow_instance_id,workflow.wf_instance,id,N:1,RESTRICT,字段级外键
ecommerce.refund_order,created_by,org.employee,id,N:1,RESTRICT,字段级外键
ecommerce.refund_order,updated_by,org.employee,id,N:1,RESTRICT,字段级外键
ecommerce.refund_order,owner_center_id,org.organization,id,N:1,RESTRICT,字段级外键
ecommerce.refund_order,owner_department_id,org.organization,id,N:1,RESTRICT,字段级外键
ecommerce.refund_order,owner_employee_id,org.employee,id,N:1,RESTRICT,字段级外键
ecommerce.refund_order_item,tenant_id,core.tenant,id,N:1,RESTRICT,字段级外键
ecommerce.refund_order_item,created_by,org.employee,id,N:1,RESTRICT,字段级外键
ecommerce.refund_order_item,updated_by,org.employee,id,N:1,RESTRICT,字段级外键
ecommerce.review_complaint,tenant_id,core.tenant,id,N:1,RESTRICT,字段级外键
ecommerce.review_complaint,workflow_instance_id,workflow.wf_instance,id,N:1,RESTRICT,字段级外键
ecommerce.review_complaint,created_by,org.employee,id,N:1,RESTRICT,字段级外键
ecommerce.review_complaint,updated_by,org.employee,id,N:1,RESTRICT,字段级外键
ecommerce.review_complaint,owner_center_id,org.organization,id,N:1,RESTRICT,字段级外键
ecommerce.review_complaint,owner_department_id,org.organization,id,N:1,RESTRICT,字段级外键
ecommerce.review_complaint,owner_employee_id,org.employee,id,N:1,RESTRICT,字段级外键
ecommerce.review_complaint_item,tenant_id,core.tenant,id,N:1,RESTRICT,字段级外键
ecommerce.review_complaint_item,created_by,org.employee,id,N:1,RESTRICT,字段级外键
ecommerce.review_complaint_item,updated_by,org.employee,id,N:1,RESTRICT,字段级外键
media.short_video_release,tenant_id,core.tenant,id,N:1,RESTRICT,字段级外键
media.short_video_release,workflow_instance_id,workflow.wf_instance,id,N:1,RESTRICT,字段级外键
media.short_video_release,created_by,org.employee,id,N:1,RESTRICT,字段级外键
media.short_video_release,updated_by,org.employee,id,N:1,RESTRICT,字段级外键
media.short_video_release,owner_center_id,org.organization,id,N:1,RESTRICT,字段级外键
media.short_video_release,owner_department_id,org.organization,id,N:1,RESTRICT,字段级外键
media.short_video_release,owner_employee_id,org.employee,id,N:1,RESTRICT,字段级外键
media.short_video_release_item,tenant_id,core.tenant,id,N:1,RESTRICT,字段级外键
media.short_video_release_item,created_by,org.employee,id,N:1,RESTRICT,字段级外键
media.short_video_release_item,updated_by,org.employee,id,N:1,RESTRICT,字段级外键
media.live_session,tenant_id,core.tenant,id,N:1,RESTRICT,字段级外键
media.live_session,workflow_instance_id,workflow.wf_instance,id,N:1,RESTRICT,字段级外键
media.live_session,created_by,org.employee,id,N:1,RESTRICT,字段级外键
media.live_session,updated_by,org.employee,id,N:1,RESTRICT,字段级外键
media.live_session,owner_center_id,org.organization,id,N:1,RESTRICT,字段级外键
media.live_session,owner_department_id,org.organization,id,N:1,RESTRICT,字段级外键
media.live_session,owner_employee_id,org.employee,id,N:1,RESTRICT,字段级外键
media.live_session_item,tenant_id,core.tenant,id,N:1,RESTRICT,字段级外键
media.live_session_item,created_by,org.employee,id,N:1,RESTRICT,字段级外键
media.live_session_item,updated_by,org.employee,id,N:1,RESTRICT,字段级外键
media.ad_campaign,tenant_id,core.tenant,id,N:1,RESTRICT,字段级外键
media.ad_campaign,workflow_instance_id,workflow.wf_instance,id,N:1,RESTRICT,字段级外键
media.ad_campaign,created_by,org.employee,id,N:1,RESTRICT,字段级外键
media.ad_campaign,updated_by,org.employee,id,N:1,RESTRICT,字段级外键
media.ad_campaign,owner_center_id,org.organization,id,N:1,RESTRICT,字段级外键
media.ad_campaign,owner_department_id,org.organization,id,N:1,RESTRICT,字段级外键
media.ad_campaign,owner_employee_id,org.employee,id,N:1,RESTRICT,字段级外键
media.ad_campaign_item,tenant_id,core.tenant,id,N:1,RESTRICT,字段级外键
media.ad_campaign_item,created_by,org.employee,id,N:1,RESTRICT,字段级外键
media.ad_campaign_item,updated_by,org.employee,id,N:1,RESTRICT,字段级外键
media.public_opinion_case,tenant_id,core.tenant,id,N:1,RESTRICT,字段级外键
media.public_opinion_case,workflow_instance_id,workflow.wf_instance,id,N:1,RESTRICT,字段级外键
media.public_opinion_case,created_by,org.employee,id,N:1,RESTRICT,字段级外键
media.public_opinion_case,updated_by,org.employee,id,N:1,RESTRICT,字段级外键
media.public_opinion_case,owner_center_id,org.organization,id,N:1,RESTRICT,字段级外键
media.public_opinion_case,owner_department_id,org.organization,id,N:1,RESTRICT,字段级外键
media.public_opinion_case,owner_employee_id,org.employee,id,N:1,RESTRICT,字段级外键
media.public_opinion_case_item,tenant_id,core.tenant,id,N:1,RESTRICT,字段级外键
media.public_opinion_case_item,created_by,org.employee,id,N:1,RESTRICT,字段级外键
media.public_opinion_case_item,updated_by,org.employee,id,N:1,RESTRICT,字段级外键
brand.authorization,tenant_id,core.tenant,id,N:1,RESTRICT,字段级外键
brand.authorization,workflow_instance_id,workflow.wf_instance,id,N:1,RESTRICT,字段级外键
brand.authorization,created_by,org.employee,id,N:1,RESTRICT,字段级外键
brand.authorization,updated_by,org.employee,id,N:1,RESTRICT,字段级外键
brand.authorization,owner_center_id,org.organization,id,N:1,RESTRICT,字段级外键
brand.authorization,owner_department_id,org.organization,id,N:1,RESTRICT,字段级外键
brand.authorization,owner_employee_id,org.employee,id,N:1,RESTRICT,字段级外键
brand.authorization_item,tenant_id,core.tenant,id,N:1,RESTRICT,字段级外键
brand.authorization_item,created_by,org.employee,id,N:1,RESTRICT,字段级外键
brand.authorization_item,updated_by,org.employee,id,N:1,RESTRICT,字段级外键
brand.material_review,tenant_id,core.tenant,id,N:1,RESTRICT,字段级外键
brand.material_review,workflow_instance_id,workflow.wf_instance,id,N:1,RESTRICT,字段级外键
brand.material_review,created_by,org.employee,id,N:1,RESTRICT,字段级外键
brand.material_review,updated_by,org.employee,id,N:1,RESTRICT,字段级外键
brand.material_review,owner_center_id,org.organization,id,N:1,RESTRICT,字段级外键
brand.material_review,owner_department_id,org.organization,id,N:1,RESTRICT,字段级外键
brand.material_review,owner_employee_id,org.employee,id,N:1,RESTRICT,字段级外键
brand.material_review_item,tenant_id,core.tenant,id,N:1,RESTRICT,字段级外键
brand.material_review_item,created_by,org.employee,id,N:1,RESTRICT,字段级外键
brand.material_review_item,updated_by,org.employee,id,N:1,RESTRICT,字段级外键
brand.infringement_case,tenant_id,core.tenant,id,N:1,RESTRICT,字段级外键
brand.infringement_case,workflow_instance_id,workflow.wf_instance,id,N:1,RESTRICT,字段级外键
brand.infringement_case,created_by,org.employee,id,N:1,RESTRICT,字段级外键
brand.infringement_case,updated_by,org.employee,id,N:1,RESTRICT,字段级外键
brand.infringement_case,owner_center_id,org.organization,id,N:1,RESTRICT,字段级外键
brand.infringement_case,owner_department_id,org.organization,id,N:1,RESTRICT,字段级外键
brand.infringement_case,owner_employee_id,org.employee,id,N:1,RESTRICT,字段级外键
brand.infringement_case_item,tenant_id,core.tenant,id,N:1,RESTRICT,字段级外键
brand.infringement_case_item,created_by,org.employee,id,N:1,RESTRICT,字段级外键
brand.infringement_case_item,updated_by,org.employee,id,N:1,RESTRICT,字段级外键
reception.reception_order,tenant_id,core.tenant,id,N:1,RESTRICT,字段级外键
reception.reception_order,workflow_instance_id,workflow.wf_instance,id,N:1,RESTRICT,字段级外键
reception.reception_order,created_by,org.employee,id,N:1,RESTRICT,字段级外键
reception.reception_order,updated_by,org.employee,id,N:1,RESTRICT,字段级外键
reception.reception_order,owner_center_id,org.organization,id,N:1,RESTRICT,字段级外键
reception.reception_order,owner_department_id,org.organization,id,N:1,RESTRICT,字段级外键
reception.reception_order,owner_employee_id,org.employee,id,N:1,RESTRICT,字段级外键
reception.reception_order_item,tenant_id,core.tenant,id,N:1,RESTRICT,字段级外键
reception.reception_order_item,created_by,org.employee,id,N:1,RESTRICT,字段级外键
reception.reception_order_item,updated_by,org.employee,id,N:1,RESTRICT,字段级外键
reception.change_request,tenant_id,core.tenant,id,N:1,RESTRICT,字段级外键
reception.change_request,workflow_instance_id,workflow.wf_instance,id,N:1,RESTRICT,字段级外键
reception.change_request,created_by,org.employee,id,N:1,RESTRICT,字段级外键
reception.change_request,updated_by,org.employee,id,N:1,RESTRICT,字段级外键
reception.change_request,owner_center_id,org.organization,id,N:1,RESTRICT,字段级外键
reception.change_request,owner_department_id,org.organization,id,N:1,RESTRICT,字段级外键
reception.change_request,owner_employee_id,org.employee,id,N:1,RESTRICT,字段级外键
reception.change_request_item,tenant_id,core.tenant,id,N:1,RESTRICT,字段级外键
reception.change_request_item,created_by,org.employee,id,N:1,RESTRICT,字段级外键
reception.change_request_item,updated_by,org.employee,id,N:1,RESTRICT,字段级外键
reception.guide_execution,tenant_id,core.tenant,id,N:1,RESTRICT,字段级外键
reception.guide_execution,workflow_instance_id,workflow.wf_instance,id,N:1,RESTRICT,字段级外键
reception.guide_execution,created_by,org.employee,id,N:1,RESTRICT,字段级外键
reception.guide_execution,updated_by,org.employee,id,N:1,RESTRICT,字段级外键
reception.guide_execution,owner_center_id,org.organization,id,N:1,RESTRICT,字段级外键
reception.guide_execution,owner_department_id,org.organization,id,N:1,RESTRICT,字段级外键
reception.guide_execution,owner_employee_id,org.employee,id,N:1,RESTRICT,字段级外键
reception.guide_execution_item,tenant_id,core.tenant,id,N:1,RESTRICT,字段级外键
reception.guide_execution_item,created_by,org.employee,id,N:1,RESTRICT,字段级外键
reception.guide_execution_item,updated_by,org.employee,id,N:1,RESTRICT,字段级外键
reception.complaint,tenant_id,core.tenant,id,N:1,RESTRICT,字段级外键
reception.complaint,workflow_instance_id,workflow.wf_instance,id,N:1,RESTRICT,字段级外键
reception.complaint,created_by,org.employee,id,N:1,RESTRICT,字段级外键
reception.complaint,updated_by,org.employee,id,N:1,RESTRICT,字段级外键
reception.complaint,owner_center_id,org.organization,id,N:1,RESTRICT,字段级外键
reception.complaint,owner_department_id,org.organization,id,N:1,RESTRICT,字段级外键
reception.complaint,owner_employee_id,org.employee,id,N:1,RESTRICT,字段级外键
sales.lead,tenant_id,core.tenant,id,N:1,RESTRICT,字段级外键
sales.lead,workflow_instance_id,workflow.wf_instance,id,N:1,RESTRICT,字段级外键
sales.lead,created_by,org.employee,id,N:1,RESTRICT,字段级外键
sales.lead,updated_by,org.employee,id,N:1,RESTRICT,字段级外键
sales.lead,owner_center_id,org.organization,id,N:1,RESTRICT,字段级外键
sales.lead,owner_department_id,org.organization,id,N:1,RESTRICT,字段级外键
sales.lead,owner_employee_id,org.employee,id,N:1,RESTRICT,字段级外键
sales.lead_item,tenant_id,core.tenant,id,N:1,RESTRICT,字段级外键
sales.lead_item,created_by,org.employee,id,N:1,RESTRICT,字段级外键
sales.lead_item,updated_by,org.employee,id,N:1,RESTRICT,字段级外键
sales.deal,tenant_id,core.tenant,id,N:1,RESTRICT,字段级外键
sales.deal,workflow_instance_id,workflow.wf_instance,id,N:1,RESTRICT,字段级外键
sales.deal,created_by,org.employee,id,N:1,RESTRICT,字段级外键
sales.deal,updated_by,org.employee,id,N:1,RESTRICT,字段级外键
sales.deal,owner_center_id,org.organization,id,N:1,RESTRICT,字段级外键
sales.deal,owner_department_id,org.organization,id,N:1,RESTRICT,字段级外键
sales.deal,owner_employee_id,org.employee,id,N:1,RESTRICT,字段级外键
sales.deal_item,tenant_id,core.tenant,id,N:1,RESTRICT,字段级外键
sales.deal_item,created_by,org.employee,id,N:1,RESTRICT,字段级外键
sales.deal_item,updated_by,org.employee,id,N:1,RESTRICT,字段级外键
sales.secondary_sale,tenant_id,core.tenant,id,N:1,RESTRICT,字段级外键
sales.secondary_sale,workflow_instance_id,workflow.wf_instance,id,N:1,RESTRICT,字段级外键
sales.secondary_sale,created_by,org.employee,id,N:1,RESTRICT,字段级外键
sales.secondary_sale,updated_by,org.employee,id,N:1,RESTRICT,字段级外键
sales.secondary_sale,owner_center_id,org.organization,id,N:1,RESTRICT,字段级外键
sales.secondary_sale,owner_department_id,org.organization,id,N:1,RESTRICT,字段级外键
sales.secondary_sale,owner_employee_id,org.employee,id,N:1,RESTRICT,字段级外键
sales.secondary_sale_item,tenant_id,core.tenant,id,N:1,RESTRICT,字段级外键
sales.secondary_sale_item,created_by,org.employee,id,N:1,RESTRICT,字段级外键
sales.secondary_sale_item,updated_by,org.employee,id,N:1,RESTRICT,字段级外键
sales.customer_handover,tenant_id,core.tenant,id,N:1,RESTRICT,字段级外键
sales.customer_handover,workflow_instance_id,workflow.wf_instance,id,N:1,RESTRICT,字段级外键
sales.customer_handover,created_by,org.employee,id,N:1,RESTRICT,字段级外键
sales.customer_handover,updated_by,org.employee,id,N:1,RESTRICT,字段级外键
sales.customer_handover,owner_center_id,org.organization,id,N:1,RESTRICT,字段级外键
sales.customer_handover,owner_department_id,org.organization,id,N:1,RESTRICT,字段级外键
sales.customer_handover,owner_employee_id,org.employee,id,N:1,RESTRICT,字段级外键
sales.customer_handover_item,tenant_id,core.tenant,id,N:1,RESTRICT,字段级外键
sales.customer_handover_item,created_by,org.employee,id,N:1,RESTRICT,字段级外键
sales.customer_handover_item,updated_by,org.employee,id,N:1,RESTRICT,字段级外键
workflow.wf_orchestration_instance_item,tenant_id,core.tenant,id,N:1,RESTRICT,字段级外键
workflow.wf_orchestration_instance_item,created_by,org.employee,id,N:1,RESTRICT,字段级外键
workflow.wf_orchestration_instance_item,updated_by,org.employee,id,N:1,RESTRICT,字段级外键
