process_code,process_name,endpoint,state_code,state_name,enter_condition,allowed_action,next_state,sla,timeout_policy,rollback_rule,audit_point
P001,统一登录与多岗位身份切换,员工端,S01,访问统一入口,流程触发/发起,提交/确认/处理/退回/转交（按权限）,身份认证/MFA,按流程配置；默认1个工作日,超时提醒→主管催办→高风险升级,仅退回到可编辑前置节点；关键财务/签署节点不得物理回退,操作者、身份、时间、前后值、原因、附件哈希、设备/IP
P001,统一登录与多岗位身份切换,员工端,S02,身份认证/MFA,访问统一入口,提交/确认/处理/退回/转交（按权限）,解析自然人与当前员工关系,按流程配置；默认1个工作日,超时提醒→主管催办→高风险升级,仅退回到可编辑前置节点；关键财务/签署节点不得物理回退,操作者、身份、时间、前后值、原因、附件哈希、设备/IP
P001,统一登录与多岗位身份切换,员工端,S03,解析自然人与当前员工关系,身份认证/MFA,提交/确认/处理/退回/转交（按权限）,选择或自动解析当前任职身份,按流程配置；默认1个工作日,超时提醒→主管催办→高风险升级,仅退回到可编辑前置节点；关键财务/签署节点不得物理回退,操作者、身份、时间、前后值、原因、附件哈希、设备/IP
P001,统一登录与多岗位身份切换,员工端,S04,选择或自动解析当前任职身份,解析自然人与当前员工关系,提交/确认/处理/退回/转交（按权限）,加载模块、动作、数据和字段权限,按流程配置；默认1个工作日,超时提醒→主管催办→高风险升级,仅退回到可编辑前置节点；关键财务/签署节点不得物理回退,操作者、身份、时间、前后值、原因、附件哈希、设备/IP
P001,统一登录与多岗位身份切换,员工端,S05,加载模块、动作、数据和字段权限,选择或自动解析当前任职身份,提交/确认/处理/退回/转交（按权限）,进入角色化工作台,按流程配置；默认1个工作日,超时提醒→主管催办→高风险升级,仅退回到可编辑前置节点；关键财务/签署节点不得物理回退,操作者、身份、时间、前后值、原因、附件哈希、设备/IP
P001,统一登录与多岗位身份切换,员工端,S06,进入角色化工作台,加载模块、动作、数据和字段权限,提交/确认/处理/退回/转交（按权限）,会话持续校验,按流程配置；默认1个工作日,超时提醒→主管催办→高风险升级,仅退回到可编辑前置节点；关键财务/签署节点不得物理回退,操作者、身份、时间、前后值、原因、附件哈希、设备/IP
P001,统一登录与多岗位身份切换,员工端,S07,会话持续校验,进入角色化工作台,提交/确认/处理/退回/转交（按权限）,退出与审计,按流程配置；默认1个工作日,超时提醒→主管催办→高风险升级,仅退回到可编辑前置节点；关键财务/签署节点不得物理回退,操作者、身份、时间、前后值、原因、附件哈希、设备/IP
P001,统一登录与多岗位身份切换,员工端,S08,退出与审计,会话持续校验,提交/确认/处理/退回/转交（按权限）,已关闭,按流程配置；默认1个工作日,超时提醒→主管催办→高风险升级,仅退回到可编辑前置节点；关键财务/签署节点不得物理回退,操作者、身份、时间、前后值、原因、附件哈希、设备/IP
P002,权限申请、复核与回收,员工端,S01,岗位模板授权,流程触发/发起,提交/确认/处理/退回/转交（按权限）,个人/项目补充授权申请,按流程配置；默认1个工作日,超时提醒→主管催办→高风险升级,仅退回到可编辑前置节点；关键财务/签署节点不得物理回退,操作者、身份、时间、前后值、原因、附件哈希、设备/IP
P002,权限申请、复核与回收,员工端,S02,个人/项目补充授权申请,岗位模板授权,提交/确认/处理/退回/转交（按权限）,业务负责人确认,按流程配置；默认1个工作日,超时提醒→主管催办→高风险升级,仅退回到可编辑前置节点；关键财务/签署节点不得物理回退,操作者、身份、时间、前后值、原因、附件哈希、设备/IP
P002,权限申请、复核与回收,员工端,S03,业务负责人确认,个人/项目补充授权申请,提交/确认/处理/退回/转交（按权限）,数据责任人复核,1个工作日；高风险按制度,超时提醒→主管催办→高风险升级,仅退回到可编辑前置节点；关键财务/签署节点不得物理回退,操作者、身份、时间、前后值、原因、附件哈希、设备/IP
P002,权限申请、复核与回收,员工端,S04,数据责任人复核,业务负责人确认,提交/确认/处理/退回/转交（按权限）,高风险权限审批,1个工作日；高风险按制度,超时提醒→主管催办→高风险升级,仅退回到可编辑前置节点；关键财务/签署节点不得物理回退,操作者、身份、时间、前后值、原因、附件哈希、设备/IP
P002,权限申请、复核与回收,员工端,S05,高风险权限审批,数据责任人复核,提交/确认/处理/退回/转交（按权限）,权限生效,立即响应；L3/L4 30分钟内升级,超时提醒→主管催办→高风险升级,仅退回到可编辑前置节点；关键财务/签署节点不得物理回退,操作者、身份、时间、前后值、原因、附件哈希、设备/IP
P002,权限申请、复核与回收,员工端,S06,权限生效,高风险权限审批,提交/确认/处理/退回/转交（按权限）,定期复核,按流程配置；默认1个工作日,超时提醒→主管催办→高风险升级,仅退回到可编辑前置节点；关键财务/签署节点不得物理回退,操作者、身份、时间、前后值、原因、附件哈希、设备/IP
P002,权限申请、复核与回收,员工端,S07,定期复核,权限生效,提交/确认/处理/退回/转交（按权限）,到期/调岗/离职回收,1个工作日；高风险按制度,超时提醒→主管催办→高风险升级,仅退回到可编辑前置节点；关键财务/签署节点不得物理回退,操作者、身份、时间、前后值、原因、附件哈希、设备/IP
P002,权限申请、复核与回收,员工端,S08,到期/调岗/离职回收,定期复核,提交/确认/处理/退回/转交（按权限）,已关闭,按流程配置；默认1个工作日,超时提醒→主管催办→高风险升级,仅退回到可编辑前置节点；关键财务/签署节点不得物理回退,操作者、身份、时间、前后值、原因、附件哈希、设备/IP
P003,个人资料变更,员工端,S01,员工查看本人资料,流程触发/发起,提交/确认/处理/退回/转交（按权限）,选择可自助变更字段,按流程配置；默认1个工作日,超时提醒→主管催办→高风险升级,仅退回到可编辑前置节点；关键财务/签署节点不得物理回退,操作者、身份、时间、前后值、原因、附件哈希、设备/IP
P003,个人资料变更,员工端,S02,选择可自助变更字段,员工查看本人资料,提交/确认/处理/退回/转交（按权限）,提交新值与证明,按流程配置；默认1个工作日,超时提醒→主管催办→高风险升级,仅退回到可编辑前置节点；关键财务/签署节点不得物理回退,操作者、身份、时间、前后值、原因、附件哈希、设备/IP
P003,个人资料变更,员工端,S03,提交新值与证明,选择可自助变更字段,提交/确认/处理/退回/转交（按权限）,字段敏感级别校验,按流程配置；默认1个工作日,超时提醒→主管催办→高风险升级,仅退回到可编辑前置节点；关键财务/签署节点不得物理回退,操作者、身份、时间、前后值、原因、附件哈希、设备/IP
P003,个人资料变更,员工端,S04,字段敏感级别校验,提交新值与证明,提交/确认/处理/退回/转交（按权限）,人事/财务/归口岗核验,按流程配置；默认1个工作日,超时提醒→主管催办→高风险升级,仅退回到可编辑前置节点；关键财务/签署节点不得物理回退,操作者、身份、时间、前后值、原因、附件哈希、设备/IP
P003,个人资料变更,员工端,S05,人事/财务/归口岗核验,字段敏感级别校验,提交/确认/处理/退回/转交（按权限）,权威主档更新,按流程配置；默认1个工作日,超时提醒→主管催办→高风险升级,仅退回到可编辑前置节点；关键财务/签署节点不得物理回退,操作者、身份、时间、前后值、原因、附件哈希、设备/IP
P003,个人资料变更,员工端,S06,权威主档更新,人事/财务/归口岗核验,提交/确认/处理/退回/转交（按权限）,关联模块投影同步,按流程配置；默认1个工作日,超时提醒→主管催办→高风险升级,仅退回到可编辑前置节点；关键财务/签署节点不得物理回退,操作者、身份、时间、前后值、原因、附件哈希、设备/IP
P003,个人资料变更,员工端,S07,关联模块投影同步,权威主档更新,提交/确认/处理/退回/转交（按权限）,通知与审计,按流程配置；默认1个工作日,超时提醒→主管催办→高风险升级,仅退回到可编辑前置节点；关键财务/签署节点不得物理回退,操作者、身份、时间、前后值、原因、附件哈希、设备/IP
P003,个人资料变更,员工端,S08,通知与审计,关联模块投影同步,提交/确认/处理/退回/转交（按权限）,已关闭,按流程配置；默认1个工作日,超时提醒→主管催办→高风险升级,仅退回到可编辑前置节点；关键财务/签署节点不得物理回退,操作者、身份、时间、前后值、原因、附件哈希、设备/IP
P004,通用申请与审批,员工端,S01,选择业务事项,流程触发/发起,提交/确认/处理/退回/转交（按权限）,填写申请与附件,按流程配置；默认1个工作日,超时提醒→主管催办→高风险升级,仅退回到可编辑前置节点；关键财务/签署节点不得物理回退,操作者、身份、时间、前后值、原因、附件哈希、设备/IP
P004,通用申请与审批,员工端,S02,填写申请与附件,选择业务事项,提交/确认/处理/退回/转交（按权限）,前置规则校验,按流程配置；默认1个工作日,超时提醒→主管催办→高风险升级,仅退回到可编辑前置节点；关键财务/签署节点不得物理回退,操作者、身份、时间、前后值、原因、附件哈希、设备/IP
P004,通用申请与审批,员工端,S03,前置规则校验,填写申请与附件,提交/确认/处理/退回/转交（按权限）,提交审批,按流程配置；默认1个工作日,超时提醒→主管催办→高风险升级,仅退回到可编辑前置节点；关键财务/签署节点不得物理回退,操作者、身份、时间、前后值、原因、附件哈希、设备/IP
P004,通用申请与审批,员工端,S04,提交审批,前置规则校验,提交/确认/处理/退回/转交（按权限）,动态审批与会签,1个工作日；高风险按制度,超时提醒→主管催办→高风险升级,仅退回到可编辑前置节点；关键财务/签署节点不得物理回退,操作者、身份、时间、前后值、原因、附件哈希、设备/IP
P004,通用申请与审批,员工端,S05,动态审批与会签,提交审批,提交/确认/处理/退回/转交（按权限）,批准后生成执行任务,1个工作日；高风险按制度,超时提醒→主管催办→高风险升级,仅退回到可编辑前置节点；关键财务/签署节点不得物理回退,操作者、身份、时间、前后值、原因、附件哈希、设备/IP
P004,通用申请与审批,员工端,S06,批准后生成执行任务,动态审批与会签,提交/确认/处理/退回/转交（按权限）,执行人提交结果,按计划时点/班次完成,超时提醒→主管催办→高风险升级,仅退回到可编辑前置节点；关键财务/签署节点不得物理回退,操作者、身份、时间、前后值、原因、附件哈希、设备/IP
P004,通用申请与审批,员工端,S07,执行人提交结果,批准后生成执行任务,提交/确认/处理/退回/转交（按权限）,独立验收,按计划时点/班次完成,超时提醒→主管催办→高风险升级,仅退回到可编辑前置节点；关键财务/签署节点不得物理回退,操作者、身份、时间、前后值、原因、附件哈希、设备/IP
P004,通用申请与审批,员工端,S08,独立验收,执行人提交结果,提交/确认/处理/退回/转交（按权限）,异常补偿,1个工作日；高风险按制度,超时提醒→主管催办→高风险升级,仅退回到可编辑前置节点；关键财务/签署节点不得物理回退,操作者、身份、时间、前后值、原因、附件哈希、设备/IP
P004,通用申请与审批,员工端,S09,异常补偿,独立验收,提交/确认/处理/退回/转交（按权限）,归档,立即响应；L3/L4 30分钟内升级,超时提醒→主管催办→高风险升级,仅退回到可编辑前置节点；关键财务/签署节点不得物理回退,操作者、身份、时间、前后值、原因、附件哈希、设备/IP
P004,通用申请与审批,员工端,S10,归档,异常补偿,提交/确认/处理/退回/转交（按权限）,已关闭,事项关闭后2个工作日,超时提醒→主管催办→高风险升级,仅退回到可编辑前置节点；关键财务/签署节点不得物理回退,操作者、身份、时间、前后值、原因、附件哈希、设备/IP
P005,制度、通知与执行回执,员工端,S01,制度/通知版本发布,流程触发/发起,提交/确认/处理/退回/转交（按权限）,按组织岗位确定范围,按流程配置；默认1个工作日,超时提醒→主管催办→高风险升级,仅退回到可编辑前置节点；关键财务/签署节点不得物理回退,操作者、身份、时间、前后值、原因、附件哈希、设备/IP
P005,制度、通知与执行回执,员工端,S02,按组织岗位确定范围,制度/通知版本发布,提交/确认/处理/退回/转交（按权限）,消息送达,按流程配置；默认1个工作日,超时提醒→主管催办→高风险升级,仅退回到可编辑前置节点；关键财务/签署节点不得物理回退,操作者、身份、时间、前后值、原因、附件哈希、设备/IP
P005,制度、通知与执行回执,员工端,S03,消息送达,按组织岗位确定范围,提交/确认/处理/退回/转交（按权限）,员工阅读,按流程配置；默认1个工作日,超时提醒→主管催办→高风险升级,仅退回到可编辑前置节点；关键财务/签署节点不得物理回退,操作者、身份、时间、前后值、原因、附件哈希、设备/IP
P005,制度、通知与执行回执,员工端,S04,员工阅读,消息送达,提交/确认/处理/退回/转交（按权限）,确认/阅签,按流程配置；默认1个工作日,超时提醒→主管催办→高风险升级,仅退回到可编辑前置节点；关键财务/签署节点不得物理回退,操作者、身份、时间、前后值、原因、附件哈希、设备/IP
P005,制度、通知与执行回执,员工端,S05,确认/阅签,员工阅读,提交/确认/处理/退回/转交（按权限）,考试或理解验证,1个工作日；高风险按制度,超时提醒→主管催办→高风险升级,仅退回到可编辑前置节点；关键财务/签署节点不得物理回退,操作者、身份、时间、前后值、原因、附件哈希、设备/IP
P005,制度、通知与执行回执,员工端,S06,考试或理解验证,确认/阅签,提交/确认/处理/退回/转交（按权限）,执行任务,按流程配置；默认1个工作日,超时提醒→主管催办→高风险升级,仅退回到可编辑前置节点；关键财务/签署节点不得物理回退,操作者、身份、时间、前后值、原因、附件哈希、设备/IP
P005,制度、通知与执行回执,员工端,S07,执行任务,考试或理解验证,提交/确认/处理/退回/转交（按权限）,责任人验收,按计划时点/班次完成,超时提醒→主管催办→高风险升级,仅退回到可编辑前置节点；关键财务/签署节点不得物理回退,操作者、身份、时间、前后值、原因、附件哈希、设备/IP
P005,制度、通知与执行回执,员工端,S08,责任人验收,执行任务,提交/确认/处理/退回/转交（按权限）,未完成催办升级,1个工作日；高风险按制度,超时提醒→主管催办→高风险升级,仅退回到可编辑前置节点；关键财务/签署节点不得物理回退,操作者、身份、时间、前后值、原因、附件哈希、设备/IP
P005,制度、通知与执行回执,员工端,S09,未完成催办升级,责任人验收,提交/确认/处理/退回/转交（按权限）,档案移交,按流程配置；默认1个工作日,超时提醒→主管催办→高风险升级,仅退回到可编辑前置节点；关键财务/签署节点不得物理回退,操作者、身份、时间、前后值、原因、附件哈希、设备/IP
P005,制度、通知与执行回执,员工端,S10,档案移交,未完成催办升级,提交/确认/处理/退回/转交（按权限）,已关闭,按流程配置；默认1个工作日,超时提醒→主管催办→高风险升级,仅退回到可编辑前置节点；关键财务/签署节点不得物理回退,操作者、身份、时间、前后值、原因、附件哈希、设备/IP
P006,会议与行动项,员工端,S01,议题征集,流程触发/发起,提交/确认/处理/退回/转交（按权限）,材料完整性检查,按流程配置；默认1个工作日,超时提醒→主管催办→高风险升级,仅退回到可编辑前置节点；关键财务/签署节点不得物理回退,操作者、身份、时间、前后值、原因、附件哈希、设备/IP
P006,会议与行动项,员工端,S02,材料完整性检查,议题征集,提交/确认/处理/退回/转交（按权限）,会议发布,按流程配置；默认1个工作日,超时提醒→主管催办→高风险升级,仅退回到可编辑前置节点；关键财务/签署节点不得物理回退,操作者、身份、时间、前后值、原因、附件哈希、设备/IP
P006,会议与行动项,员工端,S03,会议发布,材料完整性检查,提交/确认/处理/退回/转交（按权限）,签到与请假,按流程配置；默认1个工作日,超时提醒→主管催办→高风险升级,仅退回到可编辑前置节点；关键财务/签署节点不得物理回退,操作者、身份、时间、前后值、原因、附件哈希、设备/IP
P006,会议与行动项,员工端,S04,签到与请假,会议发布,提交/确认/处理/退回/转交（按权限）,会议召开,按流程配置；默认1个工作日,超时提醒→主管催办→高风险升级,仅退回到可编辑前置节点；关键财务/签署节点不得物理回退,操作者、身份、时间、前后值、原因、附件哈希、设备/IP
P006,会议与行动项,员工端,S05,会议召开,签到与请假,提交/确认/处理/退回/转交（按权限）,主持人确认纪要,按流程配置；默认1个工作日,超时提醒→主管催办→高风险升级,仅退回到可编辑前置节点；关键财务/签署节点不得物理回退,操作者、身份、时间、前后值、原因、附件哈希、设备/IP
P006,会议与行动项,员工端,S06,主持人确认纪要,会议召开,提交/确认/处理/退回/转交（按权限）,行动项生成,1个工作日；高风险按制度,超时提醒→主管催办→高风险升级,仅退回到可编辑前置节点；关键财务/签署节点不得物理回退,操作者、身份、时间、前后值、原因、附件哈希、设备/IP
P006,会议与行动项,员工端,S07,行动项生成,主持人确认纪要,提交/确认/处理/退回/转交（按权限）,责任人执行,按流程配置；默认1个工作日,超时提醒→主管催办→高风险升级,仅退回到可编辑前置节点；关键财务/签署节点不得物理回退,操作者、身份、时间、前后值、原因、附件哈希、设备/IP
P006,会议与行动项,员工端,S08,责任人执行,行动项生成,提交/确认/处理/退回/转交（按权限）,验收与返工,按计划时点/班次完成,超时提醒→主管催办→高风险升级,仅退回到可编辑前置节点；关键财务/签署节点不得物理回退,操作者、身份、时间、前后值、原因、附件哈希、设备/IP
P006,会议与行动项,员工端,S09,验收与返工,责任人执行,提交/确认/处理/退回/转交（按权限）,逾期升级,1个工作日；高风险按制度,超时提醒→主管催办→高风险升级,仅退回到可编辑前置节点；关键财务/签署节点不得物理回退,操作者、身份、时间、前后值、原因、附件哈希、设备/IP
P006,会议与行动项,员工端,S10,逾期升级,验收与返工,提交/确认/处理/退回/转交（按权限）,归档复盘,按流程配置；默认1个工作日,超时提醒→主管催办→高风险升级,仅退回到可编辑前置节点；关键财务/签署节点不得物理回退,操作者、身份、时间、前后值、原因、附件哈希、设备/IP
P006,会议与行动项,员工端,S11,归档复盘,逾期升级,提交/确认/处理/退回/转交（按权限）,已关闭,事项关闭后2个工作日,超时提醒→主管催办→高风险升级,仅退回到可编辑前置节点；关键财务/签署节点不得物理回退,操作者、身份、时间、前后值、原因、附件哈希、设备/IP
P007,排班与班次调整,员工端,S01,业务量与活动需求输入,流程触发/发起,提交/确认/处理/退回/转交（按权限）,班次模板匹配,按流程配置；默认1个工作日,超时提醒→主管催办→高风险升级,仅退回到可编辑前置节点；关键财务/签署节点不得物理回退,操作者、身份、时间、前后值、原因、附件哈希、设备/IP
P007,排班与班次调整,员工端,S02,班次模板匹配,业务量与活动需求输入,提交/确认/处理/退回/转交（按权限）,资格与连续工时校验,按流程配置；默认1个工作日,超时提醒→主管催办→高风险升级,仅退回到可编辑前置节点；关键财务/签署节点不得物理回退,操作者、身份、时间、前后值、原因、附件哈希、设备/IP
P007,排班与班次调整,员工端,S03,资格与连续工时校验,班次模板匹配,提交/确认/处理/退回/转交（按权限）,主管发布排班,按流程配置；默认1个工作日,超时提醒→主管催办→高风险升级,仅退回到可编辑前置节点；关键财务/签署节点不得物理回退,操作者、身份、时间、前后值、原因、附件哈希、设备/IP
P007,排班与班次调整,员工端,S04,主管发布排班,资格与连续工时校验,提交/确认/处理/退回/转交（按权限）,员工确认,按流程配置；默认1个工作日,超时提醒→主管催办→高风险升级,仅退回到可编辑前置节点；关键财务/签署节点不得物理回退,操作者、身份、时间、前后值、原因、附件哈希、设备/IP
P007,排班与班次调整,员工端,S05,员工确认,主管发布排班,提交/确认/处理/退回/转交（按权限）,换班/替班申请,1个工作日；高风险按制度,超时提醒→主管催办→高风险升级,仅退回到可编辑前置节点；关键财务/签署节点不得物理回退,操作者、身份、时间、前后值、原因、附件哈希、设备/IP
P007,排班与班次调整,员工端,S06,换班/替班申请,员工确认,提交/确认/处理/退回/转交（按权限）,变更审批,按流程配置；默认1个工作日,超时提醒→主管催办→高风险升级,仅退回到可编辑前置节点；关键财务/签署节点不得物理回退,操作者、身份、时间、前后值、原因、附件哈希、设备/IP
P007,排班与班次调整,员工端,S07,变更审批,换班/替班申请,提交/确认/处理/退回/转交（按权限）,考勤与餐饮/班车联动,1个工作日；高风险按制度,超时提醒→主管催办→高风险升级,仅退回到可编辑前置节点；关键财务/签署节点不得物理回退,操作者、身份、时间、前后值、原因、附件哈希、设备/IP
P007,排班与班次调整,员工端,S08,考勤与餐饮/班车联动,变更审批,提交/确认/处理/退回/转交（按权限）,日结,按流程配置；默认1个工作日,超时提醒→主管催办→高风险升级,仅退回到可编辑前置节点；关键财务/签署节点不得物理回退,操作者、身份、时间、前后值、原因、附件哈希、设备/IP
P007,排班与班次调整,员工端,S09,日结,考勤与餐饮/班车联动,提交/确认/处理/退回/转交（按权限）,已关闭,按流程配置；默认1个工作日,超时提醒→主管催办→高风险升级,仅退回到可编辑前置节点；关键财务/签署节点不得物理回退,操作者、身份、时间、前后值、原因、附件哈希、设备/IP
P008,请假与考勤,员工端,S01,请假申请,流程触发/发起,提交/确认/处理/退回/转交（按权限）,假期额度预占,按流程配置；默认1个工作日,超时提醒→主管催办→高风险升级,仅退回到可编辑前置节点；关键财务/签署节点不得物理回退,操作者、身份、时间、前后值、原因、附件哈希、设备/IP
P008,请假与考勤,员工端,S02,假期额度预占,请假申请,提交/确认/处理/退回/转交（按权限）,工作交接与代理,按流程配置；默认1个工作日,超时提醒→主管催办→高风险升级,仅退回到可编辑前置节点；关键财务/签署节点不得物理回退,操作者、身份、时间、前后值、原因、附件哈希、设备/IP
P008,请假与考勤,员工端,S03,工作交接与代理,假期额度预占,提交/确认/处理/退回/转交（按权限）,审批,按流程配置；默认1个工作日,超时提醒→主管催办→高风险升级,仅退回到可编辑前置节点；关键财务/签署节点不得物理回退,操作者、身份、时间、前后值、原因、附件哈希、设备/IP
P008,请假与考勤,员工端,S04,审批,工作交接与代理,提交/确认/处理/退回/转交（按权限）,预占转扣减/驳回释放,1个工作日；高风险按制度,超时提醒→主管催办→高风险升级,仅退回到可编辑前置节点；关键财务/签署节点不得物理回退,操作者、身份、时间、前后值、原因、附件哈希、设备/IP
P008,请假与考勤,员工端,S05,预占转扣减/驳回释放,审批,提交/确认/处理/退回/转交（按权限）,排班与考勤标记,按流程配置；默认1个工作日,超时提醒→主管催办→高风险升级,仅退回到可编辑前置节点；关键财务/签署节点不得物理回退,操作者、身份、时间、前后值、原因、附件哈希、设备/IP
P008,请假与考勤,员工端,S06,排班与考勤标记,预占转扣减/驳回释放,提交/确认/处理/退回/转交（按权限）,实际休假,按流程配置；默认1个工作日,超时提醒→主管催办→高风险升级,仅退回到可编辑前置节点；关键财务/签署节点不得物理回退,操作者、身份、时间、前后值、原因、附件哈希、设备/IP
P008,请假与考勤,员工端,S07,实际休假,排班与考勤标记,提交/确认/处理/退回/转交（按权限）,销假/提前返岗/变更,按流程配置；默认1个工作日,超时提醒→主管催办→高风险升级,仅退回到可编辑前置节点；关键财务/签署节点不得物理回退,操作者、身份、时间、前后值、原因、附件哈希、设备/IP
P008,请假与考勤,员工端,S08,销假/提前返岗/变更,实际休假,提交/确认/处理/退回/转交（按权限）,差额账本调整,按流程配置；默认1个工作日,超时提醒→主管催办→高风险升级,仅退回到可编辑前置节点；关键财务/签署节点不得物理回退,操作者、身份、时间、前后值、原因、附件哈希、设备/IP
P008,请假与考勤,员工端,S09,差额账本调整,销假/提前返岗/变更,提交/确认/处理/退回/转交（按权限）,考勤日结与归档,按流程配置；默认1个工作日,超时提醒→主管催办→高风险升级,仅退回到可编辑前置节点；关键财务/签署节点不得物理回退,操作者、身份、时间、前后值、原因、附件哈希、设备/IP
P008,请假与考勤,员工端,S10,考勤日结与归档,差额账本调整,提交/确认/处理/退回/转交（按权限）,已关闭,事项关闭后2个工作日,超时提醒→主管催办→高风险升级,仅退回到可编辑前置节点；关键财务/签署节点不得物理回退,操作者、身份、时间、前后值、原因、附件哈希、设备/IP
P009,加班与调休,员工端,S01,事前申请/紧急事实登记,流程触发/发起,提交/确认/处理/退回/转交（按权限）,必要性与任务校验,按流程配置；默认1个工作日,超时提醒→主管催办→高风险升级,仅退回到可编辑前置节点；关键财务/签署节点不得物理回退,操作者、身份、时间、前后值、原因、附件哈希、设备/IP
P009,加班与调休,员工端,S02,必要性与任务校验,事前申请/紧急事实登记,提交/确认/处理/退回/转交（按权限）,主管审批,按流程配置；默认1个工作日,超时提醒→主管催办→高风险升级,仅退回到可编辑前置节点；关键财务/签署节点不得物理回退,操作者、身份、时间、前后值、原因、附件哈希、设备/IP
P009,加班与调休,员工端,S03,主管审批,必要性与任务校验,提交/确认/处理/退回/转交（按权限）,实际考勤与劳动事实,1个工作日；高风险按制度,超时提醒→主管催办→高风险升级,仅退回到可编辑前置节点；关键财务/签署节点不得物理回退,操作者、身份、时间、前后值、原因、附件哈希、设备/IP
P009,加班与调休,员工端,S04,实际考勤与劳动事实,主管审批,提交/确认/处理/退回/转交（按权限）,成果验收,按流程配置；默认1个工作日,超时提醒→主管催办→高风险升级,仅退回到可编辑前置节点；关键财务/签署节点不得物理回退,操作者、身份、时间、前后值、原因、附件哈希、设备/IP
P009,加班与调休,员工端,S05,成果验收,实际考勤与劳动事实,提交/确认/处理/退回/转交（按权限）,人事复核,1个工作日；高风险按制度,超时提醒→主管催办→高风险升级,仅退回到可编辑前置节点；关键财务/签署节点不得物理回退,操作者、身份、时间、前后值、原因、附件哈希、设备/IP
P009,加班与调休,员工端,S06,人事复核,成果验收,提交/确认/处理/退回/转交（按权限）,法定工资/调休方案,1个工作日；高风险按制度,超时提醒→主管催办→高风险升级,仅退回到可编辑前置节点；关键财务/签署节点不得物理回退,操作者、身份、时间、前后值、原因、附件哈希、设备/IP
P009,加班与调休,员工端,S07,法定工资/调休方案,人事复核,提交/确认/处理/退回/转交（按权限）,薪酬回执,按流程配置；默认1个工作日,超时提醒→主管催办→高风险升级,仅退回到可编辑前置节点；关键财务/签署节点不得物理回退,操作者、身份、时间、前后值、原因、附件哈希、设备/IP
P009,加班与调休,员工端,S08,薪酬回执,法定工资/调休方案,提交/确认/处理/退回/转交（按权限）,归档,按流程配置；默认1个工作日,超时提醒→主管催办→高风险升级,仅退回到可编辑前置节点；关键财务/签署节点不得物理回退,操作者、身份、时间、前后值、原因、附件哈希、设备/IP
P009,加班与调休,员工端,S09,归档,薪酬回执,提交/确认/处理/退回/转交（按权限）,已关闭,事项关闭后2个工作日,超时提醒→主管催办→高风险升级,仅退回到可编辑前置节点；关键财务/签署节点不得物理回退,操作者、身份、时间、前后值、原因、附件哈希、设备/IP
P010,员工学习、考试与资格,员工端,S01,课程/制度版本发布,流程触发/发起,提交/确认/处理/退回/转交（按权限）,按岗位风险指派,按流程配置；默认1个工作日,超时提醒→主管催办→高风险升级,仅退回到可编辑前置节点；关键财务/签署节点不得物理回退,操作者、身份、时间、前后值、原因、附件哈希、设备/IP
P010,员工学习、考试与资格,员工端,S02,按岗位风险指派,课程/制度版本发布,提交/确认/处理/退回/转交（按权限）,员工学习,立即响应；L3/L4 30分钟内升级,超时提醒→主管催办→高风险升级,仅退回到可编辑前置节点；关键财务/签署节点不得物理回退,操作者、身份、时间、前后值、原因、附件哈希、设备/IP
P010,员工学习、考试与资格,员工端,S03,员工学习,按岗位风险指派,提交/确认/处理/退回/转交（按权限）,1000分制考试,按流程配置；默认1个工作日,超时提醒→主管催办→高风险升级,仅退回到可编辑前置节点；关键财务/签署节点不得物理回退,操作者、身份、时间、前后值、原因、附件哈希、设备/IP
P010,员工学习、考试与资格,员工端,S04,1000分制考试,员工学习,提交/确认/处理/退回/转交（按权限）,线下实操,按流程配置；默认1个工作日,超时提醒→主管催办→高风险升级,仅退回到可编辑前置节点；关键财务/签署节点不得物理回退,操作者、身份、时间、前后值、原因、附件哈希、设备/IP
P010,员工学习、考试与资格,员工端,S05,线下实操,1000分制考试,提交/确认/处理/退回/转交（按权限）,主管/专业人员认证,按流程配置；默认1个工作日,超时提醒→主管催办→高风险升级,仅退回到可编辑前置节点；关键财务/签署节点不得物理回退,操作者、身份、时间、前后值、原因、附件哈希、设备/IP
P010,员工学习、考试与资格,员工端,S06,主管/专业人员认证,线下实操,提交/确认/处理/退回/转交（按权限）,资格生效,按流程配置；默认1个工作日,超时提醒→主管催办→高风险升级,仅退回到可编辑前置节点；关键财务/签署节点不得物理回退,操作者、身份、时间、前后值、原因、附件哈希、设备/IP
P010,员工学习、考试与资格,员工端,S07,资格生效,主管/专业人员认证,提交/确认/处理/退回/转交（按权限）,岗位权限联动,按流程配置；默认1个工作日,超时提醒→主管催办→高风险升级,仅退回到可编辑前置节点；关键财务/签署节点不得物理回退,操作者、身份、时间、前后值、原因、附件哈希、设备/IP
P010,员工学习、考试与资格,员工端,S08,岗位权限联动,资格生效,提交/确认/处理/退回/转交（按权限）,到期复训/复证,按流程配置；默认1个工作日,超时提醒→主管催办→高风险升级,仅退回到可编辑前置节点；关键财务/签署节点不得物理回退,操作者、身份、时间、前后值、原因、附件哈希、设备/IP
P010,员工学习、考试与资格,员工端,S09,到期复训/复证,岗位权限联动,提交/确认/处理/退回/转交（按权限）,归档,按流程配置；默认1个工作日,超时提醒→主管催办→高风险升级,仅退回到可编辑前置节点；关键财务/签署节点不得物理回退,操作者、身份、时间、前后值、原因、附件哈希、设备/IP
P010,员工学习、考试与资格,员工端,S10,归档,到期复训/复证,提交/确认/处理/退回/转交（按权限）,已关闭,事项关闭后2个工作日,超时提醒→主管催办→高风险升级,仅退回到可编辑前置节点；关键财务/签署节点不得物理回退,操作者、身份、时间、前后值、原因、附件哈希、设备/IP
P011,绩效管理,员工端,S01,目标制定,流程触发/发起,提交/确认/处理/退回/转交（按权限）,员工确认,按流程配置；默认1个工作日,超时提醒→主管催办→高风险升级,仅退回到可编辑前置节点；关键财务/签署节点不得物理回退,操作者、身份、时间、前后值、原因、附件哈希、设备/IP
P011,绩效管理,员工端,S02,员工确认,目标制定,提交/确认/处理/退回/转交（按权限）,过程记录与辅导,1个工作日；高风险按制度,超时提醒→主管催办→高风险升级,仅退回到可编辑前置节点；关键财务/签署节点不得物理回退,操作者、身份、时间、前后值、原因、附件哈希、设备/IP
P011,绩效管理,员工端,S03,过程记录与辅导,员工确认,提交/确认/处理/退回/转交（按权限）,权威数据归集,按流程配置；默认1个工作日,超时提醒→主管催办→高风险升级,仅退回到可编辑前置节点；关键财务/签署节点不得物理回退,操作者、身份、时间、前后值、原因、附件哈希、设备/IP
P011,绩效管理,员工端,S04,权威数据归集,过程记录与辅导,提交/确认/处理/退回/转交（按权限）,员工自评/主管评价,按流程配置；默认1个工作日,超时提醒→主管催办→高风险升级,仅退回到可编辑前置节点；关键财务/签署节点不得物理回退,操作者、身份、时间、前后值、原因、附件哈希、设备/IP
P011,绩效管理,员工端,S05,员工自评/主管评价,权威数据归集,提交/确认/处理/退回/转交（按权限）,1000分计算,按流程配置；默认1个工作日,超时提醒→主管催办→高风险升级,仅退回到可编辑前置节点；关键财务/签署节点不得物理回退,操作者、身份、时间、前后值、原因、附件哈希、设备/IP
P011,绩效管理,员工端,S06,1000分计算,员工自评/主管评价,提交/确认/处理/退回/转交（按权限）,校准,按流程配置；默认1个工作日,超时提醒→主管催办→高风险升级,仅退回到可编辑前置节点；关键财务/签署节点不得物理回退,操作者、身份、时间、前后值、原因、附件哈希、设备/IP
P011,绩效管理,员工端,S07,校准,1000分计算,提交/确认/处理/退回/转交（按权限）,结果反馈确认,按流程配置；默认1个工作日,超时提醒→主管催办→高风险升级,仅退回到可编辑前置节点；关键财务/签署节点不得物理回退,操作者、身份、时间、前后值、原因、附件哈希、设备/IP
P011,绩效管理,员工端,S08,结果反馈确认,校准,提交/确认/处理/退回/转交（按权限）,申诉复核,1个工作日；高风险按制度,超时提醒→主管催办→高风险升级,仅退回到可编辑前置节点；关键财务/签署节点不得物理回退,操作者、身份、时间、前后值、原因、附件哈希、设备/IP
P011,绩效管理,员工端,S09,申诉复核,结果反馈确认,提交/确认/处理/退回/转交（按权限）,绩效影响执行,1个工作日；高风险按制度,超时提醒→主管催办→高风险升级,仅退回到可编辑前置节点；关键财务/签署节点不得物理回退,操作者、身份、时间、前后值、原因、附件哈希、设备/IP
P011,绩效管理,员工端,S10,绩效影响执行,申诉复核,提交/确认/处理/退回/转交（按权限）,归档,按计划时点/班次完成,超时提醒→主管催办→高风险升级,仅退回到可编辑前置节点；关键财务/签署节点不得物理回退,操作者、身份、时间、前后值、原因、附件哈希、设备/IP
P011,绩效管理,员工端,S11,归档,绩效影响执行,提交/确认/处理/退回/转交（按权限）,已关闭,事项关闭后2个工作日,超时提醒→主管催办→高风险升级,仅退回到可编辑前置节点；关键财务/签署节点不得物理回退,操作者、身份、时间、前后值、原因、附件哈希、设备/IP
P012,晋升与任职发展,员工端,S01,个人申请/组织提名,流程触发/发起,提交/确认/处理/退回/转交（按权限）,资格与冻结状态审查,按流程配置；默认1个工作日,超时提醒→主管催办→高风险升级,仅退回到可编辑前置节点；关键财务/签署节点不得物理回退,操作者、身份、时间、前后值、原因、附件哈希、设备/IP
P012,晋升与任职发展,员工端,S02,资格与冻结状态审查,个人申请/组织提名,提交/确认/处理/退回/转交（按权限）,1000分综合评估,按流程配置；默认1个工作日,超时提醒→主管催办→高风险升级,仅退回到可编辑前置节点；关键财务/签署节点不得物理回退,操作者、身份、时间、前后值、原因、附件哈希、设备/IP
P012,晋升与任职发展,员工端,S03,1000分综合评估,资格与冻结状态审查,提交/确认/处理/退回/转交（按权限）,岗位空缺与预算核验,按流程配置；默认1个工作日,超时提醒→主管催办→高风险升级,仅退回到可编辑前置节点；关键财务/签署节点不得物理回退,操作者、身份、时间、前后值、原因、附件哈希、设备/IP
P012,晋升与任职发展,员工端,S04,岗位空缺与预算核验,1000分综合评估,提交/确认/处理/退回/转交（按权限）,竞聘/评审,按流程配置；默认1个工作日,超时提醒→主管催办→高风险升级,仅退回到可编辑前置节点；关键财务/签署节点不得物理回退,操作者、身份、时间、前后值、原因、附件哈希、设备/IP
P012,晋升与任职发展,员工端,S05,竞聘/评审,岗位空缺与预算核验,提交/确认/处理/退回/转交（按权限）,审批,1个工作日；高风险按制度,超时提醒→主管催办→高风险升级,仅退回到可编辑前置节点；关键财务/签署节点不得物理回退,操作者、身份、时间、前后值、原因、附件哈希、设备/IP
P012,晋升与任职发展,员工端,S06,审批,竞聘/评审,提交/确认/处理/退回/转交（按权限）,公示/告知,1个工作日；高风险按制度,超时提醒→主管催办→高风险升级,仅退回到可编辑前置节点；关键财务/签署节点不得物理回退,操作者、身份、时间、前后值、原因、附件哈希、设备/IP
P012,晋升与任职发展,员工端,S07,公示/告知,审批,提交/确认/处理/退回/转交（按权限）,任命与薪酬确认,按流程配置；默认1个工作日,超时提醒→主管催办→高风险升级,仅退回到可编辑前置节点；关键财务/签署节点不得物理回退,操作者、身份、时间、前后值、原因、附件哈希、设备/IP
P012,晋升与任职发展,员工端,S08,任命与薪酬确认,公示/告知,提交/确认/处理/退回/转交（按权限）,验证期,1个工作日；高风险按制度,超时提醒→主管催办→高风险升级,仅退回到可编辑前置节点；关键财务/签署节点不得物理回退,操作者、身份、时间、前后值、原因、附件哈希、设备/IP
P012,晋升与任职发展,员工端,S09,验证期,任命与薪酬确认,提交/确认/处理/退回/转交（按权限）,正式生效/回退安排,按流程配置；默认1个工作日,超时提醒→主管催办→高风险升级,仅退回到可编辑前置节点；关键财务/签署节点不得物理回退,操作者、身份、时间、前后值、原因、附件哈希、设备/IP
P012,晋升与任职发展,员工端,S10,正式生效/回退安排,验证期,提交/确认/处理/退回/转交（按权限）,已关闭,按流程配置；默认1个工作日,超时提醒→主管催办→高风险升级,仅退回到可编辑前置节点；关键财务/签署节点不得物理回退,操作者、身份、时间、前后值、原因、附件哈希、设备/IP
P013,奖励,员工端,S01,贡献事实形成,流程触发/发起,提交/确认/处理/退回/转交（按权限）,证据核验,按流程配置；默认1个工作日,超时提醒→主管催办→高风险升级,仅退回到可编辑前置节点；关键财务/签署节点不得物理回退,操作者、身份、时间、前后值、原因、附件哈希、设备/IP
P013,奖励,员工端,S02,证据核验,贡献事实形成,提交/确认/处理/退回/转交（按权限）,奖励级别建议,按流程配置；默认1个工作日,超时提醒→主管催办→高风险升级,仅退回到可编辑前置节点；关键财务/签署节点不得物理回退,操作者、身份、时间、前后值、原因、附件哈希、设备/IP
P013,奖励,员工端,S03,奖励级别建议,证据核验,提交/确认/处理/退回/转交（按权限）,审批,按流程配置；默认1个工作日,超时提醒→主管催办→高风险升级,仅退回到可编辑前置节点；关键财务/签署节点不得物理回退,操作者、身份、时间、前后值、原因、附件哈希、设备/IP
P013,奖励,员工端,S04,审批,奖励级别建议,提交/确认/处理/退回/转交（按权限）,影响项防重复校验,1个工作日；高风险按制度,超时提醒→主管催办→高风险升级,仅退回到可编辑前置节点；关键财务/签署节点不得物理回退,操作者、身份、时间、前后值、原因、附件哈希、设备/IP
P013,奖励,员工端,S05,影响项防重复校验,审批,提交/确认/处理/退回/转交（按权限）,荣誉积分/奖金/发展评审影响执行,按流程配置；默认1个工作日,超时提醒→主管催办→高风险升级,仅退回到可编辑前置节点；关键财务/签署节点不得物理回退,操作者、身份、时间、前后值、原因、附件哈希、设备/IP
P013,奖励,员工端,S06,荣誉积分/奖金/发展评审影响执行,影响项防重复校验,提交/确认/处理/退回/转交（按权限）,员工通知,1个工作日；高风险按制度,超时提醒→主管催办→高风险升级,仅退回到可编辑前置节点；关键财务/签署节点不得物理回退,操作者、身份、时间、前后值、原因、附件哈希、设备/IP
P013,奖励,员工端,S07,员工通知,荣誉积分/奖金/发展评审影响执行,提交/确认/处理/退回/转交（按权限）,财务/人事回执,按流程配置；默认1个工作日,超时提醒→主管催办→高风险升级,仅退回到可编辑前置节点；关键财务/签署节点不得物理回退,操作者、身份、时间、前后值、原因、附件哈希、设备/IP
P013,奖励,员工端,S08,财务/人事回执,员工通知,提交/确认/处理/退回/转交（按权限）,归档,按流程配置；默认1个工作日,超时提醒→主管催办→高风险升级,仅退回到可编辑前置节点；关键财务/签署节点不得物理回退,操作者、身份、时间、前后值、原因、附件哈希、设备/IP
P013,奖励,员工端,S09,归档,财务/人事回执,提交/确认/处理/退回/转交（按权限）,已关闭,事项关闭后2个工作日,超时提醒→主管催办→高风险升级,仅退回到可编辑前置节点；关键财务/签署节点不得物理回退,操作者、身份、时间、前后值、原因、附件哈希、设备/IP
P014,纪律、责任与申诉,员工端,S01,线索登记,流程触发/发起,提交/确认/处理/退回/转交（按权限）,临时止险,按流程配置；默认1个工作日,超时提醒→主管催办→高风险升级,仅退回到可编辑前置节点；关键财务/签署节点不得物理回退,操作者、身份、时间、前后值、原因、附件哈希、设备/IP
P014,纪律、责任与申诉,员工端,S02,临时止险,线索登记,提交/确认/处理/退回/转交（按权限）,初步核实/正式调查,立即响应；L3/L4 30分钟内升级,超时提醒→主管催办→高风险升级,仅退回到可编辑前置节点；关键财务/签署节点不得物理回退,操作者、身份、时间、前后值、原因、附件哈希、设备/IP
P014,纪律、责任与申诉,员工端,S03,初步核实/正式调查,临时止险,提交/确认/处理/退回/转交（按权限）,员工陈述申辩,按流程配置；默认1个工作日,超时提醒→主管催办→高风险升级,仅退回到可编辑前置节点；关键财务/签署节点不得物理回退,操作者、身份、时间、前后值、原因、附件哈希、设备/IP
P014,纪律、责任与申诉,员工端,S04,员工陈述申辩,初步核实/正式调查,提交/确认/处理/退回/转交（按权限）,责任评审,按流程配置；默认1个工作日,超时提醒→主管催办→高风险升级,仅退回到可编辑前置节点；关键财务/签署节点不得物理回退,操作者、身份、时间、前后值、原因、附件哈希、设备/IP
P014,纪律、责任与申诉,员工端,S05,责任评审,员工陈述申辩,提交/确认/处理/退回/转交（按权限）,决定审批,1个工作日；高风险按制度,超时提醒→主管催办→高风险升级,仅退回到可编辑前置节点；关键财务/签署节点不得物理回退,操作者、身份、时间、前后值、原因、附件哈希、设备/IP
P014,纪律、责任与申诉,员工端,S06,决定审批,责任评审,提交/确认/处理/退回/转交（按权限）,送达,1个工作日；高风险按制度,超时提醒→主管催办→高风险升级,仅退回到可编辑前置节点；关键财务/签署节点不得物理回退,操作者、身份、时间、前后值、原因、附件哈希、设备/IP
P014,纪律、责任与申诉,员工端,S07,送达,决定审批,提交/确认/处理/退回/转交（按权限）,影响项执行,按流程配置；默认1个工作日,超时提醒→主管催办→高风险升级,仅退回到可编辑前置节点；关键财务/签署节点不得物理回退,操作者、身份、时间、前后值、原因、附件哈希、设备/IP
P014,纪律、责任与申诉,员工端,S08,影响项执行,送达,提交/确认/处理/退回/转交（按权限）,申诉复核,按计划时点/班次完成,超时提醒→主管催办→高风险升级,仅退回到可编辑前置节点；关键财务/签署节点不得物理回退,操作者、身份、时间、前后值、原因、附件哈希、设备/IP
P014,纪律、责任与申诉,员工端,S09,申诉复核,影响项执行,提交/确认/处理/退回/转交（按权限）,核心案件关闭,1个工作日；高风险按制度,超时提醒→主管催办→高风险升级,仅退回到可编辑前置节点；关键财务/签署节点不得物理回退,操作者、身份、时间、前后值、原因、附件哈希、设备/IP
P014,纪律、责任与申诉,员工端,S10,核心案件关闭,申诉复核,提交/确认/处理/退回/转交（按权限）,独立观察整改,按流程配置；默认1个工作日,超时提醒→主管催办→高风险升级,仅退回到可编辑前置节点；关键财务/签署节点不得物理回退,操作者、身份、时间、前后值、原因、附件哈希、设备/IP
P014,纪律、责任与申诉,员工端,S11,独立观察整改,核心案件关闭,提交/确认/处理/退回/转交（按权限）,补充归档,按流程配置；默认1个工作日,超时提醒→主管催办→高风险升级,仅退回到可编辑前置节点；关键财务/签署节点不得物理回退,操作者、身份、时间、前后值、原因、附件哈希、设备/IP
P014,纪律、责任与申诉,员工端,S12,补充归档,独立观察整改,提交/确认/处理/退回/转交（按权限）,已关闭,事项关闭后2个工作日,超时提醒→主管催办→高风险升级,仅退回到可编辑前置节点；关键财务/签署节点不得物理回退,操作者、身份、时间、前后值、原因、附件哈希、设备/IP
P015,成长积分与荣誉积分,员工端,S01,业务事件产生,流程触发/发起,提交/确认/处理/退回/转交（按权限）,人员与来源校验,按流程配置；默认1个工作日,超时提醒→主管催办→高风险升级,仅退回到可编辑前置节点；关键财务/签署节点不得物理回退,操作者、身份、时间、前后值、原因、附件哈希、设备/IP
P015,成长积分与荣誉积分,员工端,S02,人员与来源校验,业务事件产生,提交/确认/处理/退回/转交（按权限）,例外与防重校验,按流程配置；默认1个工作日,超时提醒→主管催办→高风险升级,仅退回到可编辑前置节点；关键财务/签署节点不得物理回退,操作者、身份、时间、前后值、原因、附件哈希、设备/IP
P015,成长积分与荣誉积分,员工端,S03,例外与防重校验,人员与来源校验,提交/确认/处理/退回/转交（按权限）,规则版本匹配,按流程配置；默认1个工作日,超时提醒→主管催办→高风险升级,仅退回到可编辑前置节点；关键财务/签署节点不得物理回退,操作者、身份、时间、前后值、原因、附件哈希、设备/IP
P015,成长积分与荣誉积分,员工端,S04,规则版本匹配,例外与防重校验,提交/确认/处理/退回/转交（按权限）,计算与封顶,按流程配置；默认1个工作日,超时提醒→主管催办→高风险升级,仅退回到可编辑前置节点；关键财务/签署节点不得物理回退,操作者、身份、时间、前后值、原因、附件哈希、设备/IP
P015,成长积分与荣誉积分,员工端,S05,计算与封顶,规则版本匹配,提交/确认/处理/退回/转交（按权限）,风险分级,按流程配置；默认1个工作日,超时提醒→主管催办→高风险升级,仅退回到可编辑前置节点；关键财务/签署节点不得物理回退,操作者、身份、时间、前后值、原因、附件哈希、设备/IP
P015,成长积分与荣誉积分,员工端,S06,风险分级,计算与封顶,提交/确认/处理/退回/转交（按权限）,自动入账/人工复核,立即响应；L3/L4 30分钟内升级,超时提醒→主管催办→高风险升级,仅退回到可编辑前置节点；关键财务/签署节点不得物理回退,操作者、身份、时间、前后值、原因、附件哈希、设备/IP
P015,成长积分与荣誉积分,员工端,S07,自动入账/人工复核,风险分级,提交/确认/处理/退回/转交（按权限）,员工通知,1个工作日；高风险按制度,超时提醒→主管催办→高风险升级,仅退回到可编辑前置节点；关键财务/签署节点不得物理回退,操作者、身份、时间、前后值、原因、附件哈希、设备/IP
P015,成长积分与荣誉积分,员工端,S08,员工通知,自动入账/人工复核,提交/确认/处理/退回/转交（按权限）,申诉/调整/冲销新增流水,按流程配置；默认1个工作日,超时提醒→主管催办→高风险升级,仅退回到可编辑前置节点；关键财务/签署节点不得物理回退,操作者、身份、时间、前后值、原因、附件哈希、设备/IP
P015,成长积分与荣誉积分,员工端,S09,申诉/调整/冲销新增流水,员工通知,提交/确认/处理/退回/转交（按权限）,有效分与段位重算,按流程配置；默认1个工作日,超时提醒→主管催办→高风险升级,仅退回到可编辑前置节点；关键财务/签署节点不得物理回退,操作者、身份、时间、前后值、原因、附件哈希、设备/IP
P015,成长积分与荣誉积分,员工端,S10,有效分与段位重算,申诉/调整/冲销新增流水,提交/确认/处理/退回/转交（按权限）,已关闭,按流程配置；默认1个工作日,超时提醒→主管催办→高风险升级,仅退回到可编辑前置节点；关键财务/签署节点不得物理回退,操作者、身份、时间、前后值、原因、附件哈希、设备/IP
P016,员工福利与关怀,员工端,S01,系统触发/员工申请/管理发起,流程触发/发起,提交/确认/处理/退回/转交（按权限）,资格校验,按流程配置；默认1个工作日,超时提醒→主管催办→高风险升级,仅退回到可编辑前置节点；关键财务/签署节点不得物理回退,操作者、身份、时间、前后值、原因、附件哈希、设备/IP
P016,员工福利与关怀,员工端,S02,资格校验,系统触发/员工申请/管理发起,提交/确认/处理/退回/转交（按权限）,材料与隐私授权,按流程配置；默认1个工作日,超时提醒→主管催办→高风险升级,仅退回到可编辑前置节点；关键财务/签署节点不得物理回退,操作者、身份、时间、前后值、原因、附件哈希、设备/IP
P016,员工福利与关怀,员工端,S03,材料与隐私授权,资格校验,提交/确认/处理/退回/转交（按权限）,审批,按流程配置；默认1个工作日,超时提醒→主管催办→高风险升级,仅退回到可编辑前置节点；关键财务/签署节点不得物理回退,操作者、身份、时间、前后值、原因、附件哈希、设备/IP
P016,员工福利与关怀,员工端,S04,审批,材料与隐私授权,提交/确认/处理/退回/转交（按权限）,财务付款/实物发放/服务执行,1个工作日；高风险按制度,超时提醒→主管催办→高风险升级,仅退回到可编辑前置节点；关键财务/签署节点不得物理回退,操作者、身份、时间、前后值、原因、附件哈希、设备/IP
P016,员工福利与关怀,员工端,S05,财务付款/实物发放/服务执行,审批,提交/确认/处理/退回/转交（按权限）,员工确认,T+1个工作日或财务日历,超时提醒→主管催办→高风险升级,仅退回到可编辑前置节点；关键财务/签署节点不得物理回退,操作者、身份、时间、前后值、原因、附件哈希、设备/IP
P016,员工福利与关怀,员工端,S06,员工确认,财务付款/实物发放/服务执行,提交/确认/处理/退回/转交（按权限）,对账,1个工作日；高风险按制度,超时提醒→主管催办→高风险升级,仅退回到可编辑前置节点；关键财务/签署节点不得物理回退,操作者、身份、时间、前后值、原因、附件哈希、设备/IP
P016,员工福利与关怀,员工端,S07,对账,员工确认,提交/确认/处理/退回/转交（按权限）,归档,T+1个工作日或财务日历,超时提醒→主管催办→高风险升级,仅退回到可编辑前置节点；关键财务/签署节点不得物理回退,操作者、身份、时间、前后值、原因、附件哈希、设备/IP
P016,员工福利与关怀,员工端,S08,归档,对账,提交/确认/处理/退回/转交（按权限）,已关闭,事项关闭后2个工作日,超时提醒→主管催办→高风险升级,仅退回到可编辑前置节点；关键财务/签署节点不得物理回退,操作者、身份、时间、前后值、原因、附件哈希、设备/IP
P017,电子签署,员工端,S01,模板与数据准备,流程触发/发起,提交/确认/处理/退回/转交（按权限）,文档生成,按流程配置；默认1个工作日,超时提醒→主管催办→高风险升级,仅退回到可编辑前置节点；关键财务/签署节点不得物理回退,操作者、身份、时间、前后值、原因、附件哈希、设备/IP
P017,电子签署,员工端,S02,文档生成,模板与数据准备,提交/确认/处理/退回/转交（按权限）,内部审核,按流程配置；默认1个工作日,超时提醒→主管催办→高风险升级,仅退回到可编辑前置节点；关键财务/签署节点不得物理回退,操作者、身份、时间、前后值、原因、附件哈希、设备/IP
P017,电子签署,员工端,S03,内部审核,文档生成,提交/确认/处理/退回/转交（按权限）,发起签署,1个工作日；高风险按制度,超时提醒→主管催办→高风险升级,仅退回到可编辑前置节点；关键财务/签署节点不得物理回退,操作者、身份、时间、前后值、原因、附件哈希、设备/IP
P017,电子签署,员工端,S04,发起签署,内部审核,提交/确认/处理/退回/转交（按权限）,身份认证,按流程配置；默认1个工作日,超时提醒→主管催办→高风险升级,仅退回到可编辑前置节点；关键财务/签署节点不得物理回退,操作者、身份、时间、前后值、原因、附件哈希、设备/IP
P017,电子签署,员工端,S05,身份认证,发起签署,提交/确认/处理/退回/转交（按权限）,签署,按流程配置；默认1个工作日,超时提醒→主管催办→高风险升级,仅退回到可编辑前置节点；关键财务/签署节点不得物理回退,操作者、身份、时间、前后值、原因、附件哈希、设备/IP
P017,电子签署,员工端,S06,签署,身份认证,提交/确认/处理/退回/转交（按权限）,回调验签,按流程配置；默认1个工作日,超时提醒→主管催办→高风险升级,仅退回到可编辑前置节点；关键财务/签署节点不得物理回退,操作者、身份、时间、前后值、原因、附件哈希、设备/IP
P017,电子签署,员工端,S07,回调验签,签署,提交/确认/处理/退回/转交（按权限）,文件与证书归档,按流程配置；默认1个工作日,超时提醒→主管催办→高风险升级,仅退回到可编辑前置节点；关键财务/签署节点不得物理回退,操作者、身份、时间、前后值、原因、附件哈希、设备/IP
P017,电子签署,员工端,S08,文件与证书归档,回调验签,提交/确认/处理/退回/转交（按权限）,业务状态更新,事项关闭后2个工作日,超时提醒→主管催办→高风险升级,仅退回到可编辑前置节点；关键财务/签署节点不得物理回退,操作者、身份、时间、前后值、原因、附件哈希、设备/IP
P017,电子签署,员工端,S09,业务状态更新,文件与证书归档,提交/确认/处理/退回/转交（按权限）,已关闭,按流程配置；默认1个工作日,超时提醒→主管催办→高风险升级,仅退回到可编辑前置节点；关键财务/签署节点不得物理回退,操作者、身份、时间、前后值、原因、附件哈希、设备/IP
P018,数据导入,员工端,S01,下载模板,流程触发/发起,提交/确认/处理/退回/转交（按权限）,上传文件,按流程配置；默认1个工作日,超时提醒→主管催办→高风险升级,仅退回到可编辑前置节点；关键财务/签署节点不得物理回退,操作者、身份、时间、前后值、原因、附件哈希、设备/IP
P018,数据导入,员工端,S02,上传文件,下载模板,提交/确认/处理/退回/转交（按权限）,格式校验,按流程配置；默认1个工作日,超时提醒→主管催办→高风险升级,仅退回到可编辑前置节点；关键财务/签署节点不得物理回退,操作者、身份、时间、前后值、原因、附件哈希、设备/IP
P018,数据导入,员工端,S03,格式校验,上传文件,提交/确认/处理/退回/转交（按权限）,业务校验,按流程配置；默认1个工作日,超时提醒→主管催办→高风险升级,仅退回到可编辑前置节点；关键财务/签署节点不得物理回退,操作者、身份、时间、前后值、原因、附件哈希、设备/IP
P018,数据导入,员工端,S04,业务校验,格式校验,提交/确认/处理/退回/转交（按权限）,权限与范围校验,按流程配置；默认1个工作日,超时提醒→主管催办→高风险升级,仅退回到可编辑前置节点；关键财务/签署节点不得物理回退,操作者、身份、时间、前后值、原因、附件哈希、设备/IP
P018,数据导入,员工端,S05,权限与范围校验,业务校验,提交/确认/处理/退回/转交（按权限）,差异预览,按流程配置；默认1个工作日,超时提醒→主管催办→高风险升级,仅退回到可编辑前置节点；关键财务/签署节点不得物理回退,操作者、身份、时间、前后值、原因、附件哈希、设备/IP
P018,数据导入,员工端,S06,差异预览,权限与范围校验,提交/确认/处理/退回/转交（按权限）,用户确认,按流程配置；默认1个工作日,超时提醒→主管催办→高风险升级,仅退回到可编辑前置节点；关键财务/签署节点不得物理回退,操作者、身份、时间、前后值、原因、附件哈希、设备/IP
P018,数据导入,员工端,S07,用户确认,差异预览,提交/确认/处理/退回/转交（按权限）,异步执行,1个工作日；高风险按制度,超时提醒→主管催办→高风险升级,仅退回到可编辑前置节点；关键财务/签署节点不得物理回退,操作者、身份、时间、前后值、原因、附件哈希、设备/IP
P018,数据导入,员工端,S08,异步执行,用户确认,提交/确认/处理/退回/转交（按权限）,结果报告,按计划时点/班次完成,超时提醒→主管催办→高风险升级,仅退回到可编辑前置节点；关键财务/签署节点不得物理回退,操作者、身份、时间、前后值、原因、附件哈希、设备/IP
P018,数据导入,员工端,S09,结果报告,异步执行,提交/确认/处理/退回/转交（按权限）,错误行下载,事项关闭后2个工作日,超时提醒→主管催办→高风险升级,仅退回到可编辑前置节点；关键财务/签署节点不得物理回退,操作者、身份、时间、前后值、原因、附件哈希、设备/IP
P018,数据导入,员工端,S10,错误行下载,结果报告,提交/确认/处理/退回/转交（按权限）,审计,按流程配置；默认1个工作日,超时提醒→主管催办→高风险升级,仅退回到可编辑前置节点；关键财务/签署节点不得物理回退,操作者、身份、时间、前后值、原因、附件哈希、设备/IP
P018,数据导入,员工端,S11,审计,错误行下载,提交/确认/处理/退回/转交（按权限）,已关闭,按流程配置；默认1个工作日,超时提醒→主管催办→高风险升级,仅退回到可编辑前置节点；关键财务/签署节点不得物理回退,操作者、身份、时间、前后值、原因、附件哈希、设备/IP
P019,敏感导出与文件下载,员工端,S01,发起导出/下载,流程触发/发起,提交/确认/处理/退回/转交（按权限）,数据范围校验,按流程配置；默认1个工作日,超时提醒→主管催办→高风险升级,仅退回到可编辑前置节点；关键财务/签署节点不得物理回退,操作者、身份、时间、前后值、原因、附件哈希、设备/IP
P019,敏感导出与文件下载,员工端,S02,数据范围校验,发起导出/下载,提交/确认/处理/退回/转交（按权限）,字段与敏感级别校验,按流程配置；默认1个工作日,超时提醒→主管催办→高风险升级,仅退回到可编辑前置节点；关键财务/签署节点不得物理回退,操作者、身份、时间、前后值、原因、附件哈希、设备/IP
P019,敏感导出与文件下载,员工端,S03,字段与敏感级别校验,数据范围校验,提交/确认/处理/退回/转交（按权限）,用途和审批校验,按流程配置；默认1个工作日,超时提醒→主管催办→高风险升级,仅退回到可编辑前置节点；关键财务/签署节点不得物理回退,操作者、身份、时间、前后值、原因、附件哈希、设备/IP
P019,敏感导出与文件下载,员工端,S04,用途和审批校验,字段与敏感级别校验,提交/确认/处理/退回/转交（按权限）,异步生成,1个工作日；高风险按制度,超时提醒→主管催办→高风险升级,仅退回到可编辑前置节点；关键财务/签署节点不得物理回退,操作者、身份、时间、前后值、原因、附件哈希、设备/IP
P019,敏感导出与文件下载,员工端,S05,异步生成,用途和审批校验,提交/确认/处理/退回/转交（按权限）,水印与短时链接,按流程配置；默认1个工作日,超时提醒→主管催办→高风险升级,仅退回到可编辑前置节点；关键财务/签署节点不得物理回退,操作者、身份、时间、前后值、原因、附件哈希、设备/IP
P019,敏感导出与文件下载,员工端,S06,水印与短时链接,异步生成,提交/确认/处理/退回/转交（按权限）,二次认证,按流程配置；默认1个工作日,超时提醒→主管催办→高风险升级,仅退回到可编辑前置节点；关键财务/签署节点不得物理回退,操作者、身份、时间、前后值、原因、附件哈希、设备/IP
P019,敏感导出与文件下载,员工端,S07,二次认证,水印与短时链接,提交/确认/处理/退回/转交（按权限）,下载留痕,按流程配置；默认1个工作日,超时提醒→主管催办→高风险升级,仅退回到可编辑前置节点；关键财务/签署节点不得物理回退,操作者、身份、时间、前后值、原因、附件哈希、设备/IP
P019,敏感导出与文件下载,员工端,S08,下载留痕,二次认证,提交/确认/处理/退回/转交（按权限）,到期销毁,按流程配置；默认1个工作日,超时提醒→主管催办→高风险升级,仅退回到可编辑前置节点；关键财务/签署节点不得物理回退,操作者、身份、时间、前后值、原因、附件哈希、设备/IP
P019,敏感导出与文件下载,员工端,S09,到期销毁,下载留痕,提交/确认/处理/退回/转交（按权限）,已关闭,按流程配置；默认1个工作日,超时提醒→主管催办→高风险升级,仅退回到可编辑前置节点；关键财务/签署节点不得物理回退,操作者、身份、时间、前后值、原因、附件哈希、设备/IP
P020,数据质量与修复,员工端,S01,规则扫描发现问题,流程触发/发起,提交/确认/处理/退回/转交（按权限）,生成数据修复工单,按流程配置；默认1个工作日,超时提醒→主管催办→高风险升级,仅退回到可编辑前置节点；关键财务/签署节点不得物理回退,操作者、身份、时间、前后值、原因、附件哈希、设备/IP
P020,数据质量与修复,员工端,S02,生成数据修复工单,规则扫描发现问题,提交/确认/处理/退回/转交（按权限）,责任域确认权威来源,按流程配置；默认1个工作日,超时提醒→主管催办→高风险升级,仅退回到可编辑前置节点；关键财务/签署节点不得物理回退,操作者、身份、时间、前后值、原因、附件哈希、设备/IP
P020,数据质量与修复,员工端,S03,责任域确认权威来源,生成数据修复工单,提交/确认/处理/退回/转交（按权限）,影响分析,1个工作日；高风险按制度,超时提醒→主管催办→高风险升级,仅退回到可编辑前置节点；关键财务/签署节点不得物理回退,操作者、身份、时间、前后值、原因、附件哈希、设备/IP
P020,数据质量与修复,员工端,S04,影响分析,责任域确认权威来源,提交/确认/处理/退回/转交（按权限）,修复方案审批,按流程配置；默认1个工作日,超时提醒→主管催办→高风险升级,仅退回到可编辑前置节点；关键财务/签署节点不得物理回退,操作者、身份、时间、前后值、原因、附件哈希、设备/IP
P020,数据质量与修复,员工端,S05,修复方案审批,影响分析,提交/确认/处理/退回/转交（按权限）,双人复核执行,1个工作日；高风险按制度,超时提醒→主管催办→高风险升级,仅退回到可编辑前置节点；关键财务/签署节点不得物理回退,操作者、身份、时间、前后值、原因、附件哈希、设备/IP
P020,数据质量与修复,员工端,S06,双人复核执行,修复方案审批,提交/确认/处理/退回/转交（按权限）,下游补偿与重算,1个工作日；高风险按制度,超时提醒→主管催办→高风险升级,仅退回到可编辑前置节点；关键财务/签署节点不得物理回退,操作者、身份、时间、前后值、原因、附件哈希、设备/IP
P020,数据质量与修复,员工端,S07,下游补偿与重算,双人复核执行,提交/确认/处理/退回/转交（按权限）,前后值核验,按流程配置；默认1个工作日,超时提醒→主管催办→高风险升级,仅退回到可编辑前置节点；关键财务/签署节点不得物理回退,操作者、身份、时间、前后值、原因、附件哈希、设备/IP
P020,数据质量与修复,员工端,S08,前后值核验,下游补偿与重算,提交/确认/处理/退回/转交（按权限）,补充归档与审计,按流程配置；默认1个工作日,超时提醒→主管催办→高风险升级,仅退回到可编辑前置节点；关键财务/签署节点不得物理回退,操作者、身份、时间、前后值、原因、附件哈希、设备/IP
P020,数据质量与修复,员工端,S09,补充归档与审计,前后值核验,提交/确认/处理/退回/转交（按权限）,已关闭,事项关闭后2个工作日,超时提醒→主管催办→高风险升级,仅退回到可编辑前置节点；关键财务/签署节点不得物理回退,操作者、身份、时间、前后值、原因、附件哈希、设备/IP
P021,经营会议闭环,员工端,S01,议题申报,流程触发/发起,提交/确认/处理/退回/转交（按权限）,材料校验,按流程配置；默认1个工作日,超时提醒→主管催办→高风险升级,仅退回到可编辑前置节点；关键财务/签署节点不得物理回退,操作者、身份、时间、前后值、原因、附件哈希、设备/IP
P021,经营会议闭环,员工端,S02,材料校验,议题申报,提交/确认/处理/退回/转交（按权限）,总裁办初审,按流程配置；默认1个工作日,超时提醒→主管催办→高风险升级,仅退回到可编辑前置节点；关键财务/签署节点不得物理回退,操作者、身份、时间、前后值、原因、附件哈希、设备/IP
P021,经营会议闭环,员工端,S03,总裁办初审,材料校验,提交/确认/处理/退回/转交（按权限）,会议发布,按流程配置；默认1个工作日,超时提醒→主管催办→高风险升级,仅退回到可编辑前置节点；关键财务/签署节点不得物理回退,操作者、身份、时间、前后值、原因、附件哈希、设备/IP
P021,经营会议闭环,员工端,S04,会议发布,总裁办初审,提交/确认/处理/退回/转交（按权限）,会议召开,按流程配置；默认1个工作日,超时提醒→主管催办→高风险升级,仅退回到可编辑前置节点；关键财务/签署节点不得物理回退,操作者、身份、时间、前后值、原因、附件哈希、设备/IP
P021,经营会议闭环,员工端,S05,会议召开,会议发布,提交/确认/处理/退回/转交（按权限）,主持人确认纪要,按流程配置；默认1个工作日,超时提醒→主管催办→高风险升级,仅退回到可编辑前置节点；关键财务/签署节点不得物理回退,操作者、身份、时间、前后值、原因、附件哈希、设备/IP
P021,经营会议闭环,员工端,S06,主持人确认纪要,会议召开,提交/确认/处理/退回/转交（按权限）,行动项自动生成,1个工作日；高风险按制度,超时提醒→主管催办→高风险升级,仅退回到可编辑前置节点；关键财务/签署节点不得物理回退,操作者、身份、时间、前后值、原因、附件哈希、设备/IP
P021,经营会议闭环,员工端,S07,行动项自动生成,主持人确认纪要,提交/确认/处理/退回/转交（按权限）,责任中心执行,按流程配置；默认1个工作日,超时提醒→主管催办→高风险升级,仅退回到可编辑前置节点；关键财务/签署节点不得物理回退,操作者、身份、时间、前后值、原因、附件哈希、设备/IP
P021,经营会议闭环,员工端,S08,责任中心执行,行动项自动生成,提交/确认/处理/退回/转交（按权限）,总裁办验收,按计划时点/班次完成,超时提醒→主管催办→高风险升级,仅退回到可编辑前置节点；关键财务/签署节点不得物理回退,操作者、身份、时间、前后值、原因、附件哈希、设备/IP
P021,经营会议闭环,员工端,S09,总裁办验收,责任中心执行,提交/确认/处理/退回/转交（按权限）,归档,1个工作日；高风险按制度,超时提醒→主管催办→高风险升级,仅退回到可编辑前置节点；关键财务/签署节点不得物理回退,操作者、身份、时间、前后值、原因、附件哈希、设备/IP
P021,经营会议闭环,员工端,S10,归档,总裁办验收,提交/确认/处理/退回/转交（按权限）,已关闭,事项关闭后2个工作日,超时提醒→主管催办→高风险升级,仅退回到可编辑前置节点；关键财务/签署节点不得物理回退,操作者、身份、时间、前后值、原因、附件哈希、设备/IP
P022,总裁指令闭环,员工端,S01,指令登记,流程触发/发起,提交/确认/处理/退回/转交（按权限）,权限与密级确认,按流程配置；默认1个工作日,超时提醒→主管催办→高风险升级,仅退回到可编辑前置节点；关键财务/签署节点不得物理回退,操作者、身份、时间、前后值、原因、附件哈希、设备/IP
P022,总裁指令闭环,员工端,S02,权限与密级确认,指令登记,提交/确认/处理/退回/转交（按权限）,责任中心签收,1个工作日；高风险按制度,超时提醒→主管催办→高风险升级,仅退回到可编辑前置节点；关键财务/签署节点不得物理回退,操作者、身份、时间、前后值、原因、附件哈希、设备/IP
P022,总裁指令闭环,员工端,S03,责任中心签收,权限与密级确认,提交/确认/处理/退回/转交（按权限）,任务分解,按流程配置；默认1个工作日,超时提醒→主管催办→高风险升级,仅退回到可编辑前置节点；关键财务/签署节点不得物理回退,操作者、身份、时间、前后值、原因、附件哈希、设备/IP
P022,总裁指令闭环,员工端,S04,任务分解,责任中心签收,提交/确认/处理/退回/转交（按权限）,执行反馈,按流程配置；默认1个工作日,超时提醒→主管催办→高风险升级,仅退回到可编辑前置节点；关键财务/签署节点不得物理回退,操作者、身份、时间、前后值、原因、附件哈希、设备/IP
P022,总裁指令闭环,员工端,S05,执行反馈,任务分解,提交/确认/处理/退回/转交（按权限）,异常升级,按计划时点/班次完成,超时提醒→主管催办→高风险升级,仅退回到可编辑前置节点；关键财务/签署节点不得物理回退,操作者、身份、时间、前后值、原因、附件哈希、设备/IP
P022,总裁指令闭环,员工端,S06,异常升级,执行反馈,提交/确认/处理/退回/转交（按权限）,结果验收,立即响应；L3/L4 30分钟内升级,超时提醒→主管催办→高风险升级,仅退回到可编辑前置节点；关键财务/签署节点不得物理回退,操作者、身份、时间、前后值、原因、附件哈希、设备/IP
P022,总裁指令闭环,员工端,S07,结果验收,异常升级,提交/确认/处理/退回/转交（按权限）,复盘归档,1个工作日；高风险按制度,超时提醒→主管催办→高风险升级,仅退回到可编辑前置节点；关键财务/签署节点不得物理回退,操作者、身份、时间、前后值、原因、附件哈希、设备/IP
P022,总裁指令闭环,员工端,S08,复盘归档,结果验收,提交/确认/处理/退回/转交（按权限）,已关闭,事项关闭后2个工作日,超时提醒→主管催办→高风险升级,仅退回到可编辑前置节点；关键财务/签署节点不得物理回退,操作者、身份、时间、前后值、原因、附件哈希、设备/IP
P023,重大事项升级,员工端,S01,风险发现,流程触发/发起,提交/确认/处理/退回/转交（按权限）,分级判断,立即响应；L3/L4 30分钟内升级,超时提醒→主管催办→高风险升级,仅退回到可编辑前置节点；关键财务/签署节点不得物理回退,操作者、身份、时间、前后值、原因、附件哈希、设备/IP
P023,重大事项升级,员工端,S02,分级判断,风险发现,提交/确认/处理/退回/转交（按权限）,先行止险,按流程配置；默认1个工作日,超时提醒→主管催办→高风险升级,仅退回到可编辑前置节点；关键财务/签署节点不得物理回退,操作者、身份、时间、前后值、原因、附件哈希、设备/IP
P023,重大事项升级,员工端,S03,先行止险,分级判断,提交/确认/处理/退回/转交（按权限）,通知有权人员,立即响应；L3/L4 30分钟内升级,超时提醒→主管催办→高风险升级,仅退回到可编辑前置节点；关键财务/签署节点不得物理回退,操作者、身份、时间、前后值、原因、附件哈希、设备/IP
P023,重大事项升级,员工端,S04,通知有权人员,先行止险,提交/确认/处理/退回/转交（按权限）,建立专题,按流程配置；默认1个工作日,超时提醒→主管催办→高风险升级,仅退回到可编辑前置节点；关键财务/签署节点不得物理回退,操作者、身份、时间、前后值、原因、附件哈希、设备/IP
P023,重大事项升级,员工端,S05,建立专题,通知有权人员,提交/确认/处理/退回/转交（按权限）,持续报告,按流程配置；默认1个工作日,超时提醒→主管催办→高风险升级,仅退回到可编辑前置节点；关键财务/签署节点不得物理回退,操作者、身份、时间、前后值、原因、附件哈希、设备/IP
P023,重大事项升级,员工端,S06,持续报告,建立专题,提交/确认/处理/退回/转交（按权限）,决定执行,事项关闭后2个工作日,超时提醒→主管催办→高风险升级,仅退回到可编辑前置节点；关键财务/签署节点不得物理回退,操作者、身份、时间、前后值、原因、附件哈希、设备/IP
P023,重大事项升级,员工端,S07,决定执行,持续报告,提交/确认/处理/退回/转交（按权限）,关闭或转案件,按计划时点/班次完成,超时提醒→主管催办→高风险升级,仅退回到可编辑前置节点；关键财务/签署节点不得物理回退,操作者、身份、时间、前后值、原因、附件哈希、设备/IP
P023,重大事项升级,员工端,S08,关闭或转案件,决定执行,提交/确认/处理/退回/转交（按权限）,已关闭,按流程配置；默认1个工作日,超时提醒→主管催办→高风险升级,仅退回到可编辑前置节点；关键财务/签署节点不得物理回退,操作者、身份、时间、前后值、原因、附件哈希、设备/IP
P024,预算闭环,员工端,S01,预算申报,流程触发/发起,提交/确认/处理/退回/转交（按权限）,汇总校验,按流程配置；默认1个工作日,超时提醒→主管催办→高风险升级,仅退回到可编辑前置节点；关键财务/签署节点不得物理回退,操作者、身份、时间、前后值、原因、附件哈希、设备/IP
P024,预算闭环,员工端,S02,汇总校验,预算申报,提交/确认/处理/退回/转交（按权限）,中心确认,按流程配置；默认1个工作日,超时提醒→主管催办→高风险升级,仅退回到可编辑前置节点；关键财务/签署节点不得物理回退,操作者、身份、时间、前后值、原因、附件哈希、设备/IP
P024,预算闭环,员工端,S03,中心确认,汇总校验,提交/确认/处理/退回/转交（按权限）,财务复核,1个工作日；高风险按制度,超时提醒→主管催办→高风险升级,仅退回到可编辑前置节点；关键财务/签署节点不得物理回退,操作者、身份、时间、前后值、原因、附件哈希、设备/IP
P024,预算闭环,员工端,S04,财务复核,中心确认,提交/确认/处理/退回/转交（按权限）,有权审批,1个工作日；高风险按制度,超时提醒→主管催办→高风险升级,仅退回到可编辑前置节点；关键财务/签署节点不得物理回退,操作者、身份、时间、前后值、原因、附件哈希、设备/IP
P024,预算闭环,员工端,S05,有权审批,财务复核,提交/确认/处理/退回/转交（按权限）,预算发布,1个工作日；高风险按制度,超时提醒→主管催办→高风险升级,仅退回到可编辑前置节点；关键财务/签署节点不得物理回退,操作者、身份、时间、前后值、原因、附件哈希、设备/IP
P024,预算闭环,员工端,S06,预算发布,有权审批,提交/确认/处理/退回/转交（按权限）,占用与释放,按流程配置；默认1个工作日,超时提醒→主管催办→高风险升级,仅退回到可编辑前置节点；关键财务/签署节点不得物理回退,操作者、身份、时间、前后值、原因、附件哈希、设备/IP
P024,预算闭环,员工端,S07,占用与释放,预算发布,提交/确认/处理/退回/转交（按权限）,调整,按流程配置；默认1个工作日,超时提醒→主管催办→高风险升级,仅退回到可编辑前置节点；关键财务/签署节点不得物理回退,操作者、身份、时间、前后值、原因、附件哈希、设备/IP
P024,预算闭环,员工端,S08,调整,占用与释放,提交/确认/处理/退回/转交（按权限）,执行分析,按流程配置；默认1个工作日,超时提醒→主管催办→高风险升级,仅退回到可编辑前置节点；关键财务/签署节点不得物理回退,操作者、身份、时间、前后值、原因、附件哈希、设备/IP
P024,预算闭环,员工端,S09,执行分析,调整,提交/确认/处理/退回/转交（按权限）,年度关闭,按计划时点/班次完成,超时提醒→主管催办→高风险升级,仅退回到可编辑前置节点；关键财务/签署节点不得物理回退,操作者、身份、时间、前后值、原因、附件哈希、设备/IP
P024,预算闭环,员工端,S10,年度关闭,执行分析,提交/确认/处理/退回/转交（按权限）,已关闭,按流程配置；默认1个工作日,超时提醒→主管催办→高风险升级,仅退回到可编辑前置节点；关键财务/签署节点不得物理回退,操作者、身份、时间、前后值、原因、附件哈希、设备/IP
P025,报销闭环,员工端,S01,事前申请关联,流程触发/发起,提交/确认/处理/退回/转交（按权限）,报销填报,按流程配置；默认1个工作日,超时提醒→主管催办→高风险升级,仅退回到可编辑前置节点；关键财务/签署节点不得物理回退,操作者、身份、时间、前后值、原因、附件哈希、设备/IP
P025,报销闭环,员工端,S02,报销填报,事前申请关联,提交/确认/处理/退回/转交（按权限）,票据验真与防重,按流程配置；默认1个工作日,超时提醒→主管催办→高风险升级,仅退回到可编辑前置节点；关键财务/签署节点不得物理回退,操作者、身份、时间、前后值、原因、附件哈希、设备/IP
P025,报销闭环,员工端,S03,票据验真与防重,报销填报,提交/确认/处理/退回/转交（按权限）,业务真实性审批,按流程配置；默认1个工作日,超时提醒→主管催办→高风险升级,仅退回到可编辑前置节点；关键财务/签署节点不得物理回退,操作者、身份、时间、前后值、原因、附件哈希、设备/IP
P025,报销闭环,员工端,S04,业务真实性审批,票据验真与防重,提交/确认/处理/退回/转交（按权限）,预算校验,1个工作日；高风险按制度,超时提醒→主管催办→高风险升级,仅退回到可编辑前置节点；关键财务/签署节点不得物理回退,操作者、身份、时间、前后值、原因、附件哈希、设备/IP
P025,报销闭环,员工端,S05,预算校验,业务真实性审批,提交/确认/处理/退回/转交（按权限）,财务复核,按流程配置；默认1个工作日,超时提醒→主管催办→高风险升级,仅退回到可编辑前置节点；关键财务/签署节点不得物理回退,操作者、身份、时间、前后值、原因、附件哈希、设备/IP
P025,报销闭环,员工端,S06,财务复核,预算校验,提交/确认/处理/退回/转交（按权限）,付款,1个工作日；高风险按制度,超时提醒→主管催办→高风险升级,仅退回到可编辑前置节点；关键财务/签署节点不得物理回退,操作者、身份、时间、前后值、原因、附件哈希、设备/IP
P025,报销闭环,员工端,S07,付款,财务复核,提交/确认/处理/退回/转交（按权限）,回执,T+1个工作日或财务日历,超时提醒→主管催办→高风险升级,仅退回到可编辑前置节点；关键财务/签署节点不得物理回退,操作者、身份、时间、前后值、原因、附件哈希、设备/IP
P025,报销闭环,员工端,S08,回执,付款,提交/确认/处理/退回/转交（按权限）,对账归档,按流程配置；默认1个工作日,超时提醒→主管催办→高风险升级,仅退回到可编辑前置节点；关键财务/签署节点不得物理回退,操作者、身份、时间、前后值、原因、附件哈希、设备/IP
P025,报销闭环,员工端,S09,对账归档,回执,提交/确认/处理/退回/转交（按权限）,已关闭,T+1个工作日或财务日历,超时提醒→主管催办→高风险升级,仅退回到可编辑前置节点；关键财务/签署节点不得物理回退,操作者、身份、时间、前后值、原因、附件哈希、设备/IP
P026,借款核销,员工端,S01,借款申请,流程触发/发起,提交/确认/处理/退回/转交（按权限）,预算与必要性审批,按流程配置；默认1个工作日,超时提醒→主管催办→高风险升级,仅退回到可编辑前置节点；关键财务/签署节点不得物理回退,操作者、身份、时间、前后值、原因、附件哈希、设备/IP
P026,借款核销,员工端,S02,预算与必要性审批,借款申请,提交/确认/处理/退回/转交（按权限）,付款,1个工作日；高风险按制度,超时提醒→主管催办→高风险升级,仅退回到可编辑前置节点；关键财务/签署节点不得物理回退,操作者、身份、时间、前后值、原因、附件哈希、设备/IP
P026,借款核销,员工端,S03,付款,预算与必要性审批,提交/确认/处理/退回/转交（按权限）,费用发生,T+1个工作日或财务日历,超时提醒→主管催办→高风险升级,仅退回到可编辑前置节点；关键财务/签署节点不得物理回退,操作者、身份、时间、前后值、原因、附件哈希、设备/IP
P026,借款核销,员工端,S04,费用发生,付款,提交/确认/处理/退回/转交（按权限）,报销抵扣,按流程配置；默认1个工作日,超时提醒→主管催办→高风险升级,仅退回到可编辑前置节点；关键财务/签署节点不得物理回退,操作者、身份、时间、前后值、原因、附件哈希、设备/IP
P026,借款核销,员工端,S05,报销抵扣,费用发生,提交/确认/处理/退回/转交（按权限）,余额归还,按流程配置；默认1个工作日,超时提醒→主管催办→高风险升级,仅退回到可编辑前置节点；关键财务/签署节点不得物理回退,操作者、身份、时间、前后值、原因、附件哈希、设备/IP
P026,借款核销,员工端,S06,余额归还,报销抵扣,提交/确认/处理/退回/转交（按权限）,财务确认,按流程配置；默认1个工作日,超时提醒→主管催办→高风险升级,仅退回到可编辑前置节点；关键财务/签署节点不得物理回退,操作者、身份、时间、前后值、原因、附件哈希、设备/IP
P026,借款核销,员工端,S07,财务确认,余额归还,提交/确认/处理/退回/转交（按权限）,关闭,1个工作日；高风险按制度,超时提醒→主管催办→高风险升级,仅退回到可编辑前置节点；关键财务/签署节点不得物理回退,操作者、身份、时间、前后值、原因、附件哈希、设备/IP
P026,借款核销,员工端,S08,关闭,财务确认,提交/确认/处理/退回/转交（按权限）,已关闭,按流程配置；默认1个工作日,超时提醒→主管催办→高风险升级,仅退回到可编辑前置节点；关键财务/签署节点不得物理回退,操作者、身份、时间、前后值、原因、附件哈希、设备/IP
P027,跨系统对账,员工端,S01,生成对账批次,流程触发/发起,提交/确认/处理/退回/转交（按权限）,拉取双方数据,T+1个工作日或财务日历,超时提醒→主管催办→高风险升级,仅退回到可编辑前置节点；关键财务/签署节点不得物理回退,操作者、身份、时间、前后值、原因、附件哈希、设备/IP
P027,跨系统对账,员工端,S02,拉取双方数据,生成对账批次,提交/确认/处理/退回/转交（按权限）,自动匹配,按流程配置；默认1个工作日,超时提醒→主管催办→高风险升级,仅退回到可编辑前置节点；关键财务/签署节点不得物理回退,操作者、身份、时间、前后值、原因、附件哈希、设备/IP
P027,跨系统对账,员工端,S03,自动匹配,拉取双方数据,提交/确认/处理/退回/转交（按权限）,差异分类,按流程配置；默认1个工作日,超时提醒→主管催办→高风险升级,仅退回到可编辑前置节点；关键财务/签署节点不得物理回退,操作者、身份、时间、前后值、原因、附件哈希、设备/IP
P027,跨系统对账,员工端,S04,差异分类,自动匹配,提交/确认/处理/退回/转交（按权限）,责任人处理,按流程配置；默认1个工作日,超时提醒→主管催办→高风险升级,仅退回到可编辑前置节点；关键财务/签署节点不得物理回退,操作者、身份、时间、前后值、原因、附件哈希、设备/IP
P027,跨系统对账,员工端,S05,责任人处理,差异分类,提交/确认/处理/退回/转交（按权限）,复核,按流程配置；默认1个工作日,超时提醒→主管催办→高风险升级,仅退回到可编辑前置节点；关键财务/签署节点不得物理回退,操作者、身份、时间、前后值、原因、附件哈希、设备/IP
P027,跨系统对账,员工端,S06,复核,责任人处理,提交/确认/处理/退回/转交（按权限）,调整或冲销,1个工作日；高风险按制度,超时提醒→主管催办→高风险升级,仅退回到可编辑前置节点；关键财务/签署节点不得物理回退,操作者、身份、时间、前后值、原因、附件哈希、设备/IP
P027,跨系统对账,员工端,S07,调整或冲销,复核,提交/确认/处理/退回/转交（按权限）,对账关闭,按流程配置；默认1个工作日,超时提醒→主管催办→高风险升级,仅退回到可编辑前置节点；关键财务/签署节点不得物理回退,操作者、身份、时间、前后值、原因、附件哈希、设备/IP
P027,跨系统对账,员工端,S08,对账关闭,调整或冲销,提交/确认/处理/退回/转交（按权限）,已关闭,T+1个工作日或财务日历,超时提醒→主管催办→高风险升级,仅退回到可编辑前置节点；关键财务/签署节点不得物理回退,操作者、身份、时间、前后值、原因、附件哈希、设备/IP
P028,录用入职闭环,员工端,S01,用人需求,流程触发/发起,提交/确认/处理/退回/转交（按权限）,编制预算审批,按流程配置；默认1个工作日,超时提醒→主管催办→高风险升级,仅退回到可编辑前置节点；关键财务/签署节点不得物理回退,操作者、身份、时间、前后值、原因、附件哈希、设备/IP
P028,录用入职闭环,员工端,S02,编制预算审批,用人需求,提交/确认/处理/退回/转交（按权限）,招聘,1个工作日；高风险按制度,超时提醒→主管催办→高风险升级,仅退回到可编辑前置节点；关键财务/签署节点不得物理回退,操作者、身份、时间、前后值、原因、附件哈希、设备/IP
P028,录用入职闭环,员工端,S03,招聘,编制预算审批,提交/确认/处理/退回/转交（按权限）,面试1000分评价,按流程配置；默认1个工作日,超时提醒→主管催办→高风险升级,仅退回到可编辑前置节点；关键财务/签署节点不得物理回退,操作者、身份、时间、前后值、原因、附件哈希、设备/IP
P028,录用入职闭环,员工端,S04,面试1000分评价,招聘,提交/确认/处理/退回/转交（按权限）,录用审批,按流程配置；默认1个工作日,超时提醒→主管催办→高风险升级,仅退回到可编辑前置节点；关键财务/签署节点不得物理回退,操作者、身份、时间、前后值、原因、附件哈希、设备/IP
P028,录用入职闭环,员工端,S05,录用审批,面试1000分评价,提交/确认/处理/退回/转交（按权限）,候选人接受,1个工作日；高风险按制度,超时提醒→主管催办→高风险升级,仅退回到可编辑前置节点；关键财务/签署节点不得物理回退,操作者、身份、时间、前后值、原因、附件哈希、设备/IP
P028,录用入职闭环,员工端,S06,候选人接受,录用审批,提交/确认/处理/退回/转交（按权限）,编制锁定,按流程配置；默认1个工作日,超时提醒→主管催办→高风险升级,仅退回到可编辑前置节点；关键财务/签署节点不得物理回退,操作者、身份、时间、前后值、原因、附件哈希、设备/IP
P028,录用入职闭环,员工端,S07,编制锁定,候选人接受,提交/确认/处理/退回/转交（按权限）,员工预档,按流程配置；默认1个工作日,超时提醒→主管催办→高风险升级,仅退回到可编辑前置节点；关键财务/签署节点不得物理回退,操作者、身份、时间、前后值、原因、附件哈希、设备/IP
P028,录用入职闭环,员工端,S08,员工预档,编制锁定,提交/确认/处理/退回/转交（按权限）,到岗确认,按流程配置；默认1个工作日,超时提醒→主管催办→高风险升级,仅退回到可编辑前置节点；关键财务/签署节点不得物理回退,操作者、身份、时间、前后值、原因、附件哈希、设备/IP
P028,录用入职闭环,员工端,S09,到岗确认,员工预档,提交/确认/处理/退回/转交（按权限）,合同与权限任务,1个工作日；高风险按制度,超时提醒→主管催办→高风险升级,仅退回到可编辑前置节点；关键财务/签署节点不得物理回退,操作者、身份、时间、前后值、原因、附件哈希、设备/IP
P028,录用入职闭环,员工端,S10,合同与权限任务,到岗确认,提交/确认/处理/退回/转交（按权限）,入职完成,按流程配置；默认1个工作日,超时提醒→主管催办→高风险升级,仅退回到可编辑前置节点；关键财务/签署节点不得物理回退,操作者、身份、时间、前后值、原因、附件哈希、设备/IP
P028,录用入职闭环,员工端,S11,入职完成,合同与权限任务,提交/确认/处理/退回/转交（按权限）,已关闭,按流程配置；默认1个工作日,超时提醒→主管催办→高风险升级,仅退回到可编辑前置节点；关键财务/签署节点不得物理回退,操作者、身份、时间、前后值、原因、附件哈希、设备/IP
P029,调岗闭环,员工端,S01,申请,流程触发/发起,提交/确认/处理/退回/转交（按权限）,编制与资格校验,按流程配置；默认1个工作日,超时提醒→主管催办→高风险升级,仅退回到可编辑前置节点；关键财务/签署节点不得物理回退,操作者、身份、时间、前后值、原因、附件哈希、设备/IP
P029,调岗闭环,员工端,S02,编制与资格校验,申请,提交/确认/处理/退回/转交（按权限）,薪酬合同影响分析,按流程配置；默认1个工作日,超时提醒→主管催办→高风险升级,仅退回到可编辑前置节点；关键财务/签署节点不得物理回退,操作者、身份、时间、前后值、原因、附件哈希、设备/IP
P029,调岗闭环,员工端,S03,薪酬合同影响分析,编制与资格校验,提交/确认/处理/退回/转交（按权限）,审批,按流程配置；默认1个工作日,超时提醒→主管催办→高风险升级,仅退回到可编辑前置节点；关键财务/签署节点不得物理回退,操作者、身份、时间、前后值、原因、附件哈希、设备/IP
P029,调岗闭环,员工端,S04,审批,薪酬合同影响分析,提交/确认/处理/退回/转交（按权限）,交接,1个工作日；高风险按制度,超时提醒→主管催办→高风险升级,仅退回到可编辑前置节点；关键财务/签署节点不得物理回退,操作者、身份、时间、前后值、原因、附件哈希、设备/IP
P029,调岗闭环,员工端,S05,交接,审批,提交/确认/处理/退回/转交（按权限）,生效,按流程配置；默认1个工作日,超时提醒→主管催办→高风险升级,仅退回到可编辑前置节点；关键财务/签署节点不得物理回退,操作者、身份、时间、前后值、原因、附件哈希、设备/IP
P029,调岗闭环,员工端,S06,生效,交接,提交/确认/处理/退回/转交（按权限）,权限考勤学习绩效切换,按流程配置；默认1个工作日,超时提醒→主管催办→高风险升级,仅退回到可编辑前置节点；关键财务/签署节点不得物理回退,操作者、身份、时间、前后值、原因、附件哈希、设备/IP
P029,调岗闭环,员工端,S07,权限考勤学习绩效切换,生效,提交/确认/处理/退回/转交（按权限）,补偿,按流程配置；默认1个工作日,超时提醒→主管催办→高风险升级,仅退回到可编辑前置节点；关键财务/签署节点不得物理回退,操作者、身份、时间、前后值、原因、附件哈希、设备/IP
P029,调岗闭环,员工端,S08,补偿,权限考勤学习绩效切换,提交/确认/处理/退回/转交（按权限）,归档,按流程配置；默认1个工作日,超时提醒→主管催办→高风险升级,仅退回到可编辑前置节点；关键财务/签署节点不得物理回退,操作者、身份、时间、前后值、原因、附件哈希、设备/IP
P029,调岗闭环,员工端,S09,归档,补偿,提交/确认/处理/退回/转交（按权限）,已关闭,事项关闭后2个工作日,超时提醒→主管催办→高风险升级,仅退回到可编辑前置节点；关键财务/签署节点不得物理回退,操作者、身份、时间、前后值、原因、附件哈希、设备/IP
P030,离职闭环,员工端,S01,申请或公司发起,流程触发/发起,提交/确认/处理/退回/转交（按权限）,审批,按流程配置；默认1个工作日,超时提醒→主管催办→高风险升级,仅退回到可编辑前置节点；关键财务/签署节点不得物理回退,操作者、身份、时间、前后值、原因、附件哈希、设备/IP
P030,离职闭环,员工端,S02,审批,申请或公司发起,提交/确认/处理/退回/转交（按权限）,交接计划,1个工作日；高风险按制度,超时提醒→主管催办→高风险升级,仅退回到可编辑前置节点；关键财务/签署节点不得物理回退,操作者、身份、时间、前后值、原因、附件哈希、设备/IP
P030,离职闭环,员工端,S03,交接计划,审批,提交/确认/处理/退回/转交（按权限）,业务与资产移交,按流程配置；默认1个工作日,超时提醒→主管催办→高风险升级,仅退回到可编辑前置节点；关键财务/签署节点不得物理回退,操作者、身份、时间、前后值、原因、附件哈希、设备/IP
P030,离职闭环,员工端,S04,业务与资产移交,交接计划,提交/确认/处理/退回/转交（按权限）,权限回收,按流程配置；默认1个工作日,超时提醒→主管催办→高风险升级,仅退回到可编辑前置节点；关键财务/签署节点不得物理回退,操作者、身份、时间、前后值、原因、附件哈希、设备/IP
P030,离职闭环,员工端,S05,权限回收,业务与资产移交,提交/确认/处理/退回/转交（按权限）,有效离职时点确认,按流程配置；默认1个工作日,超时提醒→主管催办→高风险升级,仅退回到可编辑前置节点；关键财务/签署节点不得物理回退,操作者、身份、时间、前后值、原因、附件哈希、设备/IP
P030,离职闭环,员工端,S06,有效离职时点确认,权限回收,提交/确认/处理/退回/转交（按权限）,财务结算或转独立义务,1个工作日；高风险按制度,超时提醒→主管催办→高风险升级,仅退回到可编辑前置节点；关键财务/签署节点不得物理回退,操作者、身份、时间、前后值、原因、附件哈希、设备/IP
P030,离职闭环,员工端,S07,财务结算或转独立义务,有效离职时点确认,提交/确认/处理/退回/转交（按权限）,证明,T+1个工作日或财务日历,超时提醒→主管催办→高风险升级,仅退回到可编辑前置节点；关键财务/签署节点不得物理回退,操作者、身份、时间、前后值、原因、附件哈希、设备/IP
P030,离职闭环,员工端,S08,证明,财务结算或转独立义务,提交/确认/处理/退回/转交（按权限）,归档,按流程配置；默认1个工作日,超时提醒→主管催办→高风险升级,仅退回到可编辑前置节点；关键财务/签署节点不得物理回退,操作者、身份、时间、前后值、原因、附件哈希、设备/IP
P030,离职闭环,员工端,S09,归档,证明,提交/确认/处理/退回/转交（按权限）,已关闭,事项关闭后2个工作日,超时提醒→主管催办→高风险升级,仅退回到可编辑前置节点；关键财务/签署节点不得物理回退,操作者、身份、时间、前后值、原因、附件哈希、设备/IP
P031,归档接收,员工端,S01,业务模块生成归档包,流程触发/发起,提交/确认/处理/退回/转交（按权限）,提交移交,事项关闭后2个工作日,超时提醒→主管催办→高风险升级,仅退回到可编辑前置节点；关键财务/签署节点不得物理回退,操作者、身份、时间、前后值、原因、附件哈希、设备/IP
P031,归档接收,员工端,S02,提交移交,业务模块生成归档包,提交/确认/处理/退回/转交（按权限）,格式与完整性校验,按流程配置；默认1个工作日,超时提醒→主管催办→高风险升级,仅退回到可编辑前置节点；关键财务/签署节点不得物理回退,操作者、身份、时间、前后值、原因、附件哈希、设备/IP
P031,归档接收,员工端,S03,格式与完整性校验,提交移交,提交/确认/处理/退回/转交（按权限）,缺件退回,按流程配置；默认1个工作日,超时提醒→主管催办→高风险升级,仅退回到可编辑前置节点；关键财务/签署节点不得物理回退,操作者、身份、时间、前后值、原因、附件哈希、设备/IP
P031,归档接收,员工端,S04,缺件退回,格式与完整性校验,提交/确认/处理/退回/转交（按权限）,档案编号,按流程配置；默认1个工作日,超时提醒→主管催办→高风险升级,仅退回到可编辑前置节点；关键财务/签署节点不得物理回退,操作者、身份、时间、前后值、原因、附件哈希、设备/IP
P031,归档接收,员工端,S05,档案编号,缺件退回,提交/确认/处理/退回/转交（按权限）,实体或电子入库,按流程配置；默认1个工作日,超时提醒→主管催办→高风险升级,仅退回到可编辑前置节点；关键财务/签署节点不得物理回退,操作者、身份、时间、前后值、原因、附件哈希、设备/IP
P031,归档接收,员工端,S06,实体或电子入库,档案编号,提交/确认/处理/退回/转交（按权限）,接收回执,按流程配置；默认1个工作日,超时提醒→主管催办→高风险升级,仅退回到可编辑前置节点；关键财务/签署节点不得物理回退,操作者、身份、时间、前后值、原因、附件哈希、设备/IP
P031,归档接收,员工端,S07,接收回执,实体或电子入库,提交/确认/处理/退回/转交（按权限）,冻结,按流程配置；默认1个工作日,超时提醒→主管催办→高风险升级,仅退回到可编辑前置节点；关键财务/签署节点不得物理回退,操作者、身份、时间、前后值、原因、附件哈希、设备/IP
P031,归档接收,员工端,S08,冻结,接收回执,提交/确认/处理/退回/转交（按权限）,已关闭,按流程配置；默认1个工作日,超时提醒→主管催办→高风险升级,仅退回到可编辑前置节点；关键财务/签署节点不得物理回退,操作者、身份、时间、前后值、原因、附件哈希、设备/IP
P032,借阅归还,员工端,S01,申请,流程触发/发起,提交/确认/处理/退回/转交（按权限）,范围与用途审批,按流程配置；默认1个工作日,超时提醒→主管催办→高风险升级,仅退回到可编辑前置节点；关键财务/签署节点不得物理回退,操作者、身份、时间、前后值、原因、附件哈希、设备/IP
P032,借阅归还,员工端,S02,范围与用途审批,申请,提交/确认/处理/退回/转交（按权限）,档案出库或授权,1个工作日；高风险按制度,超时提醒→主管催办→高风险升级,仅退回到可编辑前置节点；关键财务/签署节点不得物理回退,操作者、身份、时间、前后值、原因、附件哈希、设备/IP
P032,借阅归还,员工端,S03,档案出库或授权,范围与用途审批,提交/确认/处理/退回/转交（按权限）,使用留痕,按流程配置；默认1个工作日,超时提醒→主管催办→高风险升级,仅退回到可编辑前置节点；关键财务/签署节点不得物理回退,操作者、身份、时间、前后值、原因、附件哈希、设备/IP
P032,借阅归还,员工端,S04,使用留痕,档案出库或授权,提交/确认/处理/退回/转交（按权限）,到期提醒,按流程配置；默认1个工作日,超时提醒→主管催办→高风险升级,仅退回到可编辑前置节点；关键财务/签署节点不得物理回退,操作者、身份、时间、前后值、原因、附件哈希、设备/IP
P032,借阅归还,员工端,S05,到期提醒,使用留痕,提交/确认/处理/退回/转交（按权限）,归还验收,按流程配置；默认1个工作日,超时提醒→主管催办→高风险升级,仅退回到可编辑前置节点；关键财务/签署节点不得物理回退,操作者、身份、时间、前后值、原因、附件哈希、设备/IP
P032,借阅归还,员工端,S06,归还验收,到期提醒,提交/确认/处理/退回/转交（按权限）,状态恢复,1个工作日；高风险按制度,超时提醒→主管催办→高风险升级,仅退回到可编辑前置节点；关键财务/签署节点不得物理回退,操作者、身份、时间、前后值、原因、附件哈希、设备/IP
P032,借阅归还,员工端,S07,状态恢复,归还验收,提交/确认/处理/退回/转交（按权限）,归档,按流程配置；默认1个工作日,超时提醒→主管催办→高风险升级,仅退回到可编辑前置节点；关键财务/签署节点不得物理回退,操作者、身份、时间、前后值、原因、附件哈希、设备/IP
P032,借阅归还,员工端,S08,归档,状态恢复,提交/确认/处理/退回/转交（按权限）,已关闭,事项关闭后2个工作日,超时提醒→主管催办→高风险升级,仅退回到可编辑前置节点；关键财务/签署节点不得物理回退,操作者、身份、时间、前后值、原因、附件哈希、设备/IP
P033,销毁鉴定,员工端,S01,到期扫描,流程触发/发起,提交/确认/处理/退回/转交（按权限）,鉴定清单,按流程配置；默认1个工作日,超时提醒→主管催办→高风险升级,仅退回到可编辑前置节点；关键财务/签署节点不得物理回退,操作者、身份、时间、前后值、原因、附件哈希、设备/IP
P033,销毁鉴定,员工端,S02,鉴定清单,到期扫描,提交/确认/处理/退回/转交（按权限）,业务与法务会签,按流程配置；默认1个工作日,超时提醒→主管催办→高风险升级,仅退回到可编辑前置节点；关键财务/签署节点不得物理回退,操作者、身份、时间、前后值、原因、附件哈希、设备/IP
P033,销毁鉴定,员工端,S03,业务与法务会签,鉴定清单,提交/确认/处理/退回/转交（按权限）,有权审批,按流程配置；默认1个工作日,超时提醒→主管催办→高风险升级,仅退回到可编辑前置节点；关键财务/签署节点不得物理回退,操作者、身份、时间、前后值、原因、附件哈希、设备/IP
P033,销毁鉴定,员工端,S04,有权审批,业务与法务会签,提交/确认/处理/退回/转交（按权限）,销毁执行,1个工作日；高风险按制度,超时提醒→主管催办→高风险升级,仅退回到可编辑前置节点；关键财务/签署节点不得物理回退,操作者、身份、时间、前后值、原因、附件哈希、设备/IP
P033,销毁鉴定,员工端,S05,销毁执行,有权审批,提交/确认/处理/退回/转交（按权限）,双人见证,按计划时点/班次完成,超时提醒→主管催办→高风险升级,仅退回到可编辑前置节点；关键财务/签署节点不得物理回退,操作者、身份、时间、前后值、原因、附件哈希、设备/IP
P033,销毁鉴定,员工端,S06,双人见证,销毁执行,提交/确认/处理/退回/转交（按权限）,证明归档,按流程配置；默认1个工作日,超时提醒→主管催办→高风险升级,仅退回到可编辑前置节点；关键财务/签署节点不得物理回退,操作者、身份、时间、前后值、原因、附件哈希、设备/IP
P033,销毁鉴定,员工端,S07,证明归档,双人见证,提交/确认/处理/退回/转交（按权限）,已关闭,事项关闭后2个工作日,超时提醒→主管催办→高风险升级,仅退回到可编辑前置节点；关键财务/签署节点不得物理回退,操作者、身份、时间、前后值、原因、附件哈希、设备/IP
P034,标准采购,员工端,S01,需求申请,流程触发/发起,提交/确认/处理/退回/转交（按权限）,库存核查,按流程配置；默认1个工作日,超时提醒→主管催办→高风险升级,仅退回到可编辑前置节点；关键财务/签署节点不得物理回退,操作者、身份、时间、前后值、原因、附件哈希、设备/IP
P034,标准采购,员工端,S02,库存核查,需求申请,提交/确认/处理/退回/转交（按权限）,预算校验,按流程配置；默认1个工作日,超时提醒→主管催办→高风险升级,仅退回到可编辑前置节点；关键财务/签署节点不得物理回退,操作者、身份、时间、前后值、原因、附件哈希、设备/IP
P034,标准采购,员工端,S03,预算校验,库存核查,提交/确认/处理/退回/转交（按权限）,采购审批,按流程配置；默认1个工作日,超时提醒→主管催办→高风险升级,仅退回到可编辑前置节点；关键财务/签署节点不得物理回退,操作者、身份、时间、前后值、原因、附件哈希、设备/IP
P034,标准采购,员工端,S04,采购审批,预算校验,提交/确认/处理/退回/转交（按权限）,询比价,1个工作日；高风险按制度,超时提醒→主管催办→高风险升级,仅退回到可编辑前置节点；关键财务/签署节点不得物理回退,操作者、身份、时间、前后值、原因、附件哈希、设备/IP
P034,标准采购,员工端,S05,询比价,采购审批,提交/确认/处理/退回/转交（按权限）,定标,按流程配置；默认1个工作日,超时提醒→主管催办→高风险升级,仅退回到可编辑前置节点；关键财务/签署节点不得物理回退,操作者、身份、时间、前后值、原因、附件哈希、设备/IP
P034,标准采购,员工端,S06,定标,询比价,提交/确认/处理/退回/转交（按权限）,订单,按流程配置；默认1个工作日,超时提醒→主管催办→高风险升级,仅退回到可编辑前置节点；关键财务/签署节点不得物理回退,操作者、身份、时间、前后值、原因、附件哈希、设备/IP
P034,标准采购,员工端,S07,订单,定标,提交/确认/处理/退回/转交（按权限）,到货,按流程配置；默认1个工作日,超时提醒→主管催办→高风险升级,仅退回到可编辑前置节点；关键财务/签署节点不得物理回退,操作者、身份、时间、前后值、原因、附件哈希、设备/IP
P034,标准采购,员工端,S08,到货,订单,提交/确认/处理/退回/转交（按权限）,专业验收,按流程配置；默认1个工作日,超时提醒→主管催办→高风险升级,仅退回到可编辑前置节点；关键财务/签署节点不得物理回退,操作者、身份、时间、前后值、原因、附件哈希、设备/IP
P034,标准采购,员工端,S09,专业验收,到货,提交/确认/处理/退回/转交（按权限）,入库,1个工作日；高风险按制度,超时提醒→主管催办→高风险升级,仅退回到可编辑前置节点；关键财务/签署节点不得物理回退,操作者、身份、时间、前后值、原因、附件哈希、设备/IP
P034,标准采购,员工端,S10,入库,专业验收,提交/确认/处理/退回/转交（按权限）,对账,按流程配置；默认1个工作日,超时提醒→主管催办→高风险升级,仅退回到可编辑前置节点；关键财务/签署节点不得物理回退,操作者、身份、时间、前后值、原因、附件哈希、设备/IP
P034,标准采购,员工端,S11,对账,入库,提交/确认/处理/退回/转交（按权限）,归档,T+1个工作日或财务日历,超时提醒→主管催办→高风险升级,仅退回到可编辑前置节点；关键财务/签署节点不得物理回退,操作者、身份、时间、前后值、原因、附件哈希、设备/IP
P034,标准采购,员工端,S12,归档,对账,提交/确认/处理/退回/转交（按权限）,已关闭,事项关闭后2个工作日,超时提醒→主管催办→高风险升级,仅退回到可编辑前置节点；关键财务/签署节点不得物理回退,操作者、身份、时间、前后值、原因、附件哈希、设备/IP
P035,紧急采购,员工端,S01,紧急原因登记,流程触发/发起,提交/确认/处理/退回/转交（按权限）,授权审批,按流程配置；默认1个工作日,超时提醒→主管催办→高风险升级,仅退回到可编辑前置节点；关键财务/签署节点不得物理回退,操作者、身份、时间、前后值、原因、附件哈希、设备/IP
P035,紧急采购,员工端,S02,授权审批,紧急原因登记,提交/确认/处理/退回/转交（按权限）,限额采购,1个工作日；高风险按制度,超时提醒→主管催办→高风险升级,仅退回到可编辑前置节点；关键财务/签署节点不得物理回退,操作者、身份、时间、前后值、原因、附件哈希、设备/IP
P035,紧急采购,员工端,S03,限额采购,授权审批,提交/确认/处理/退回/转交（按权限）,到货验收,按流程配置；默认1个工作日,超时提醒→主管催办→高风险升级,仅退回到可编辑前置节点；关键财务/签署节点不得物理回退,操作者、身份、时间、前后值、原因、附件哈希、设备/IP
P035,紧急采购,员工端,S04,到货验收,限额采购,提交/确认/处理/退回/转交（按权限）,事后补充材料,1个工作日；高风险按制度,超时提醒→主管催办→高风险升级,仅退回到可编辑前置节点；关键财务/签署节点不得物理回退,操作者、身份、时间、前后值、原因、附件哈希、设备/IP
P035,紧急采购,员工端,S05,事后补充材料,到货验收,提交/确认/处理/退回/转交（按权限）,财务复核,按流程配置；默认1个工作日,超时提醒→主管催办→高风险升级,仅退回到可编辑前置节点；关键财务/签署节点不得物理回退,操作者、身份、时间、前后值、原因、附件哈希、设备/IP
P035,紧急采购,员工端,S06,财务复核,事后补充材料,提交/确认/处理/退回/转交（按权限）,专项审计,1个工作日；高风险按制度,超时提醒→主管催办→高风险升级,仅退回到可编辑前置节点；关键财务/签署节点不得物理回退,操作者、身份、时间、前后值、原因、附件哈希、设备/IP
P035,紧急采购,员工端,S07,专项审计,财务复核,提交/确认/处理/退回/转交（按权限）,已关闭,按流程配置；默认1个工作日,超时提醒→主管催办→高风险升级,仅退回到可编辑前置节点；关键财务/签署节点不得物理回退,操作者、身份、时间、前后值、原因、附件哈希、设备/IP
P036,退换货,员工端,S01,验收不合格,流程触发/发起,提交/确认/处理/退回/转交（按权限）,隔离,1个工作日；高风险按制度,超时提醒→主管催办→高风险升级,仅退回到可编辑前置节点；关键财务/签署节点不得物理回退,操作者、身份、时间、前后值、原因、附件哈希、设备/IP
P036,退换货,员工端,S02,隔离,验收不合格,提交/确认/处理/退回/转交（按权限）,责任确认,按流程配置；默认1个工作日,超时提醒→主管催办→高风险升级,仅退回到可编辑前置节点；关键财务/签署节点不得物理回退,操作者、身份、时间、前后值、原因、附件哈希、设备/IP
P036,退换货,员工端,S03,责任确认,隔离,提交/确认/处理/退回/转交（按权限）,退换货审批,1个工作日；高风险按制度,超时提醒→主管催办→高风险升级,仅退回到可编辑前置节点；关键财务/签署节点不得物理回退,操作者、身份、时间、前后值、原因、附件哈希、设备/IP
P036,退换货,员工端,S04,退换货审批,责任确认,提交/确认/处理/退回/转交（按权限）,供应商处理,1个工作日；高风险按制度,超时提醒→主管催办→高风险升级,仅退回到可编辑前置节点；关键财务/签署节点不得物理回退,操作者、身份、时间、前后值、原因、附件哈希、设备/IP
P036,退换货,员工端,S05,供应商处理,退换货审批,提交/确认/处理/退回/转交（按权限）,重新验收或退款,按流程配置；默认1个工作日,超时提醒→主管催办→高风险升级,仅退回到可编辑前置节点；关键财务/签署节点不得物理回退,操作者、身份、时间、前后值、原因、附件哈希、设备/IP
P036,退换货,员工端,S06,重新验收或退款,供应商处理,提交/确认/处理/退回/转交（按权限）,库存财务回写,1个工作日；高风险按制度,超时提醒→主管催办→高风险升级,仅退回到可编辑前置节点；关键财务/签署节点不得物理回退,操作者、身份、时间、前后值、原因、附件哈希、设备/IP
P036,退换货,员工端,S07,库存财务回写,重新验收或退款,提交/确认/处理/退回/转交（按权限）,已关闭,按流程配置；默认1个工作日,超时提醒→主管催办→高风险升级,仅退回到可编辑前置节点；关键财务/签署节点不得物理回退,操作者、身份、时间、前后值、原因、附件哈希、设备/IP
P037,售检票闭环,员工端,S01,创建订单,流程触发/发起,提交/确认/处理/退回/转交（按权限）,价格规则校验,按流程配置；默认1个工作日,超时提醒→主管催办→高风险升级,仅退回到可编辑前置节点；关键财务/签署节点不得物理回退,操作者、身份、时间、前后值、原因、附件哈希、设备/IP
P037,售检票闭环,员工端,S02,价格规则校验,创建订单,提交/确认/处理/退回/转交（按权限）,支付,按流程配置；默认1个工作日,超时提醒→主管催办→高风险升级,仅退回到可编辑前置节点；关键财务/签署节点不得物理回退,操作者、身份、时间、前后值、原因、附件哈希、设备/IP
P037,售检票闭环,员工端,S03,支付,价格规则校验,提交/确认/处理/退回/转交（按权限）,出票,T+1个工作日或财务日历,超时提醒→主管催办→高风险升级,仅退回到可编辑前置节点；关键财务/签署节点不得物理回退,操作者、身份、时间、前后值、原因、附件哈希、设备/IP
P037,售检票闭环,员工端,S04,出票,支付,提交/确认/处理/退回/转交（按权限）,入园核验,按流程配置；默认1个工作日,超时提醒→主管催办→高风险升级,仅退回到可编辑前置节点；关键财务/签署节点不得物理回退,操作者、身份、时间、前后值、原因、附件哈希、设备/IP
P037,售检票闭环,员工端,S05,入园核验,出票,提交/确认/处理/退回/转交（按权限）,核销,按流程配置；默认1个工作日,超时提醒→主管催办→高风险升级,仅退回到可编辑前置节点；关键财务/签署节点不得物理回退,操作者、身份、时间、前后值、原因、附件哈希、设备/IP
P037,售检票闭环,员工端,S06,核销,入园核验,提交/确认/处理/退回/转交（按权限）,异常处理,按流程配置；默认1个工作日,超时提醒→主管催办→高风险升级,仅退回到可编辑前置节点；关键财务/签署节点不得物理回退,操作者、身份、时间、前后值、原因、附件哈希、设备/IP
P037,售检票闭环,员工端,S07,异常处理,核销,提交/确认/处理/退回/转交（按权限）,日结对账,立即响应；L3/L4 30分钟内升级,超时提醒→主管催办→高风险升级,仅退回到可编辑前置节点；关键财务/签署节点不得物理回退,操作者、身份、时间、前后值、原因、附件哈希、设备/IP
P037,售检票闭环,员工端,S08,日结对账,异常处理,提交/确认/处理/退回/转交（按权限）,已关闭,T+1个工作日或财务日历,超时提醒→主管催办→高风险升级,仅退回到可编辑前置节点；关键财务/签署节点不得物理回退,操作者、身份、时间、前后值、原因、附件哈希、设备/IP
P038,退款改签,员工端,S01,申请,流程触发/发起,提交/确认/处理/退回/转交（按权限）,规则校验,按流程配置；默认1个工作日,超时提醒→主管催办→高风险升级,仅退回到可编辑前置节点；关键财务/签署节点不得物理回退,操作者、身份、时间、前后值、原因、附件哈希、设备/IP
P038,退款改签,员工端,S02,规则校验,申请,提交/确认/处理/退回/转交（按权限）,审批或自动判断,按流程配置；默认1个工作日,超时提醒→主管催办→高风险升级,仅退回到可编辑前置节点；关键财务/签署节点不得物理回退,操作者、身份、时间、前后值、原因、附件哈希、设备/IP
P038,退款改签,员工端,S03,审批或自动判断,规则校验,提交/确认/处理/退回/转交（按权限）,票码冻结,1个工作日；高风险按制度,超时提醒→主管催办→高风险升级,仅退回到可编辑前置节点；关键财务/签署节点不得物理回退,操作者、身份、时间、前后值、原因、附件哈希、设备/IP
P038,退款改签,员工端,S04,票码冻结,审批或自动判断,提交/确认/处理/退回/转交（按权限）,退款/改签执行,按流程配置；默认1个工作日,超时提醒→主管催办→高风险升级,仅退回到可编辑前置节点；关键财务/签署节点不得物理回退,操作者、身份、时间、前后值、原因、附件哈希、设备/IP
P038,退款改签,员工端,S05,退款/改签执行,票码冻结,提交/确认/处理/退回/转交（按权限）,支付回执,T+1个工作日或财务日历,超时提醒→主管催办→高风险升级,仅退回到可编辑前置节点；关键财务/签署节点不得物理回退,操作者、身份、时间、前后值、原因、附件哈希、设备/IP
P038,退款改签,员工端,S06,支付回执,退款/改签执行,提交/确认/处理/退回/转交（按权限）,票务与财务冲销,T+1个工作日或财务日历,超时提醒→主管催办→高风险升级,仅退回到可编辑前置节点；关键财务/签署节点不得物理回退,操作者、身份、时间、前后值、原因、附件哈希、设备/IP
P038,退款改签,员工端,S07,票务与财务冲销,支付回执,提交/确认/处理/退回/转交（按权限）,已关闭,按流程配置；默认1个工作日,超时提醒→主管催办→高风险升级,仅退回到可编辑前置节点；关键财务/签署节点不得物理回退,操作者、身份、时间、前后值、原因、附件哈希、设备/IP
P039,离线检票,员工端,S01,设备离线,流程触发/发起,提交/确认/处理/退回/转交（按权限）,本地白名单核验,按流程配置；默认1个工作日,超时提醒→主管催办→高风险升级,仅退回到可编辑前置节点；关键财务/签署节点不得物理回退,操作者、身份、时间、前后值、原因、附件哈希、设备/IP
P039,离线检票,员工端,S02,本地白名单核验,设备离线,提交/确认/处理/退回/转交（按权限）,离线记录,按流程配置；默认1个工作日,超时提醒→主管催办→高风险升级,仅退回到可编辑前置节点；关键财务/签署节点不得物理回退,操作者、身份、时间、前后值、原因、附件哈希、设备/IP
P039,离线检票,员工端,S03,离线记录,本地白名单核验,提交/确认/处理/退回/转交（按权限）,网络恢复,按流程配置；默认1个工作日,超时提醒→主管催办→高风险升级,仅退回到可编辑前置节点；关键财务/签署节点不得物理回退,操作者、身份、时间、前后值、原因、附件哈希、设备/IP
P039,离线检票,员工端,S04,网络恢复,离线记录,提交/确认/处理/退回/转交（按权限）,批量回传,按流程配置；默认1个工作日,超时提醒→主管催办→高风险升级,仅退回到可编辑前置节点；关键财务/签署节点不得物理回退,操作者、身份、时间、前后值、原因、附件哈希、设备/IP
P039,离线检票,员工端,S05,批量回传,网络恢复,提交/确认/处理/退回/转交（按权限）,防重合并,按流程配置；默认1个工作日,超时提醒→主管催办→高风险升级,仅退回到可编辑前置节点；关键财务/签署节点不得物理回退,操作者、身份、时间、前后值、原因、附件哈希、设备/IP
P039,离线检票,员工端,S06,防重合并,批量回传,提交/确认/处理/退回/转交（按权限）,差异处理,按流程配置；默认1个工作日,超时提醒→主管催办→高风险升级,仅退回到可编辑前置节点；关键财务/签署节点不得物理回退,操作者、身份、时间、前后值、原因、附件哈希、设备/IP
P039,离线检票,员工端,S07,差异处理,防重合并,提交/确认/处理/退回/转交（按权限）,已关闭,按流程配置；默认1个工作日,超时提醒→主管催办→高风险升级,仅退回到可编辑前置节点；关键财务/签署节点不得物理回退,操作者、身份、时间、前后值、原因、附件哈希、设备/IP
P040,商机推进,员工端,S01,线索录入,流程触发/发起,提交/确认/处理/退回/转交（按权限）,查重与归属,按流程配置；默认1个工作日,超时提醒→主管催办→高风险升级,仅退回到可编辑前置节点；关键财务/签署节点不得物理回退,操作者、身份、时间、前后值、原因、附件哈希、设备/IP
P040,商机推进,员工端,S02,查重与归属,线索录入,提交/确认/处理/退回/转交（按权限）,初步评估,按流程配置；默认1个工作日,超时提醒→主管催办→高风险升级,仅退回到可编辑前置节点；关键财务/签署节点不得物理回退,操作者、身份、时间、前后值、原因、附件哈希、设备/IP
P040,商机推进,员工端,S03,初步评估,查重与归属,提交/确认/处理/退回/转交（按权限）,客户沟通,按流程配置；默认1个工作日,超时提醒→主管催办→高风险升级,仅退回到可编辑前置节点；关键财务/签署节点不得物理回退,操作者、身份、时间、前后值、原因、附件哈希、设备/IP
P040,商机推进,员工端,S04,客户沟通,初步评估,提交/确认/处理/退回/转交（按权限）,方案与报价,按流程配置；默认1个工作日,超时提醒→主管催办→高风险升级,仅退回到可编辑前置节点；关键财务/签署节点不得物理回退,操作者、身份、时间、前后值、原因、附件哈希、设备/IP
P040,商机推进,员工端,S05,方案与报价,客户沟通,提交/确认/处理/退回/转交（按权限）,商务审批,按流程配置；默认1个工作日,超时提醒→主管催办→高风险升级,仅退回到可编辑前置节点；关键财务/签署节点不得物理回退,操作者、身份、时间、前后值、原因、附件哈希、设备/IP
P040,商机推进,员工端,S06,商务审批,方案与报价,提交/确认/处理/退回/转交（按权限）,合同协同,1个工作日；高风险按制度,超时提醒→主管催办→高风险升级,仅退回到可编辑前置节点；关键财务/签署节点不得物理回退,操作者、身份、时间、前后值、原因、附件哈希、设备/IP
P040,商机推进,员工端,S07,合同协同,商务审批,提交/确认/处理/退回/转交（按权限）,交付移交,按流程配置；默认1个工作日,超时提醒→主管催办→高风险升级,仅退回到可编辑前置节点；关键财务/签署节点不得物理回退,操作者、身份、时间、前后值、原因、附件哈希、设备/IP
P040,商机推进,员工端,S08,交付移交,合同协同,提交/确认/处理/退回/转交（按权限）,回款跟踪,按流程配置；默认1个工作日,超时提醒→主管催办→高风险升级,仅退回到可编辑前置节点；关键财务/签署节点不得物理回退,操作者、身份、时间、前后值、原因、附件哈希、设备/IP
P040,商机推进,员工端,S09,回款跟踪,交付移交,提交/确认/处理/退回/转交（按权限）,复盘,按流程配置；默认1个工作日,超时提醒→主管催办→高风险升级,仅退回到可编辑前置节点；关键财务/签署节点不得物理回退,操作者、身份、时间、前后值、原因、附件哈希、设备/IP
P040,商机推进,员工端,S10,复盘,回款跟踪,提交/确认/处理/退回/转交（按权限）,已关闭,事项关闭后2个工作日,超时提醒→主管催办→高风险升级,仅退回到可编辑前置节点；关键财务/签署节点不得物理回退,操作者、身份、时间、前后值、原因、附件哈希、设备/IP
P041,市场活动,员工端,S01,活动立项,流程触发/发起,提交/确认/处理/退回/转交（按权限）,目标与预算,按流程配置；默认1个工作日,超时提醒→主管催办→高风险升级,仅退回到可编辑前置节点；关键财务/签署节点不得物理回退,操作者、身份、时间、前后值、原因、附件哈希、设备/IP
P041,市场活动,员工端,S02,目标与预算,活动立项,提交/确认/处理/退回/转交（按权限）,企划协同,按流程配置；默认1个工作日,超时提醒→主管催办→高风险升级,仅退回到可编辑前置节点；关键财务/签署节点不得物理回退,操作者、身份、时间、前后值、原因、附件哈希、设备/IP
P041,市场活动,员工端,S03,企划协同,目标与预算,提交/确认/处理/退回/转交（按权限）,新媒体发布,按流程配置；默认1个工作日,超时提醒→主管催办→高风险升级,仅退回到可编辑前置节点；关键财务/签署节点不得物理回退,操作者、身份、时间、前后值、原因、附件哈希、设备/IP
P041,市场活动,员工端,S04,新媒体发布,企划协同,提交/确认/处理/退回/转交（按权限）,行政资源,按流程配置；默认1个工作日,超时提醒→主管催办→高风险升级,仅退回到可编辑前置节点；关键财务/签署节点不得物理回退,操作者、身份、时间、前后值、原因、附件哈希、设备/IP
P041,市场活动,员工端,S05,行政资源,新媒体发布,提交/确认/处理/退回/转交（按权限）,现场执行,按流程配置；默认1个工作日,超时提醒→主管催办→高风险升级,仅退回到可编辑前置节点；关键财务/签署节点不得物理回退,操作者、身份、时间、前后值、原因、附件哈希、设备/IP
P041,市场活动,员工端,S06,现场执行,行政资源,提交/确认/处理/退回/转交（按权限）,线索回收,按计划时点/班次完成,超时提醒→主管催办→高风险升级,仅退回到可编辑前置节点；关键财务/签署节点不得物理回退,操作者、身份、时间、前后值、原因、附件哈希、设备/IP
P041,市场活动,员工端,S07,线索回收,现场执行,提交/确认/处理/退回/转交（按权限）,费用对账,按流程配置；默认1个工作日,超时提醒→主管催办→高风险升级,仅退回到可编辑前置节点；关键财务/签署节点不得物理回退,操作者、身份、时间、前后值、原因、附件哈希、设备/IP
P041,市场活动,员工端,S08,费用对账,线索回收,提交/确认/处理/退回/转交（按权限）,效果复盘,T+1个工作日或财务日历,超时提醒→主管催办→高风险升级,仅退回到可编辑前置节点；关键财务/签署节点不得物理回退,操作者、身份、时间、前后值、原因、附件哈希、设备/IP
P041,市场活动,员工端,S09,效果复盘,费用对账,提交/确认/处理/退回/转交（按权限）,已关闭,事项关闭后2个工作日,超时提醒→主管催办→高风险升级,仅退回到可编辑前置节点；关键财务/签署节点不得物理回退,操作者、身份、时间、前后值、原因、附件哈希、设备/IP
P042,渠道准入,员工端,S01,渠道申请,流程触发/发起,提交/确认/处理/退回/转交（按权限）,资质核验,按流程配置；默认1个工作日,超时提醒→主管催办→高风险升级,仅退回到可编辑前置节点；关键财务/签署节点不得物理回退,操作者、身份、时间、前后值、原因、附件哈希、设备/IP
P042,渠道准入,员工端,S02,资质核验,渠道申请,提交/确认/处理/退回/转交（按权限）,风险评估,按流程配置；默认1个工作日,超时提醒→主管催办→高风险升级,仅退回到可编辑前置节点；关键财务/签署节点不得物理回退,操作者、身份、时间、前后值、原因、附件哈希、设备/IP
P042,渠道准入,员工端,S03,风险评估,资质核验,提交/确认/处理/退回/转交（按权限）,合作审批,立即响应；L3/L4 30分钟内升级,超时提醒→主管催办→高风险升级,仅退回到可编辑前置节点；关键财务/签署节点不得物理回退,操作者、身份、时间、前后值、原因、附件哈希、设备/IP
P042,渠道准入,员工端,S04,合作审批,风险评估,提交/确认/处理/退回/转交（按权限）,合同签署,1个工作日；高风险按制度,超时提醒→主管催办→高风险升级,仅退回到可编辑前置节点；关键财务/签署节点不得物理回退,操作者、身份、时间、前后值、原因、附件哈希、设备/IP
P042,渠道准入,员工端,S05,合同签署,合作审批,提交/确认/处理/退回/转交（按权限）,账号与价格权限,按流程配置；默认1个工作日,超时提醒→主管催办→高风险升级,仅退回到可编辑前置节点；关键财务/签署节点不得物理回退,操作者、身份、时间、前后值、原因、附件哈希、设备/IP
P042,渠道准入,员工端,S06,账号与价格权限,合同签署,提交/确认/处理/退回/转交（按权限）,观察期,按流程配置；默认1个工作日,超时提醒→主管催办→高风险升级,仅退回到可编辑前置节点；关键财务/签署节点不得物理回退,操作者、身份、时间、前后值、原因、附件哈希、设备/IP
P042,渠道准入,员工端,S07,观察期,账号与价格权限,提交/确认/处理/退回/转交（按权限）,正式评级,按流程配置；默认1个工作日,超时提醒→主管催办→高风险升级,仅退回到可编辑前置节点；关键财务/签署节点不得物理回退,操作者、身份、时间、前后值、原因、附件哈希、设备/IP
P042,渠道准入,员工端,S08,正式评级,观察期,提交/确认/处理/退回/转交（按权限）,已关闭,按流程配置；默认1个工作日,超时提醒→主管催办→高风险升级,仅退回到可编辑前置节点；关键财务/签署节点不得物理回退,操作者、身份、时间、前后值、原因、附件哈希、设备/IP
P043,课程产品上线,员工端,S01,需求调研,流程触发/发起,提交/确认/处理/退回/转交（按权限）,课程设计,按流程配置；默认1个工作日,超时提醒→主管催办→高风险升级,仅退回到可编辑前置节点；关键财务/签署节点不得物理回退,操作者、身份、时间、前后值、原因、附件哈希、设备/IP
P043,课程产品上线,员工端,S02,课程设计,需求调研,提交/确认/处理/退回/转交（按权限）,内容与安全评审,按流程配置；默认1个工作日,超时提醒→主管催办→高风险升级,仅退回到可编辑前置节点；关键财务/签署节点不得物理回退,操作者、身份、时间、前后值、原因、附件哈希、设备/IP
P043,课程产品上线,员工端,S03,内容与安全评审,课程设计,提交/确认/处理/退回/转交（按权限）,成本定价,1个工作日；高风险按制度,超时提醒→主管催办→高风险升级,仅退回到可编辑前置节点；关键财务/签署节点不得物理回退,操作者、身份、时间、前后值、原因、附件哈希、设备/IP
P043,课程产品上线,员工端,S04,成本定价,内容与安全评审,提交/确认/处理/退回/转交（按权限）,试讲,按流程配置；默认1个工作日,超时提醒→主管催办→高风险升级,仅退回到可编辑前置节点；关键财务/签署节点不得物理回退,操作者、身份、时间、前后值、原因、附件哈希、设备/IP
P043,课程产品上线,员工端,S05,试讲,成本定价,提交/确认/处理/退回/转交（按权限）,版本批准,按流程配置；默认1个工作日,超时提醒→主管催办→高风险升级,仅退回到可编辑前置节点；关键财务/签署节点不得物理回退,操作者、身份、时间、前后值、原因、附件哈希、设备/IP
P043,课程产品上线,员工端,S06,版本批准,试讲,提交/确认/处理/退回/转交（按权限）,发布,按流程配置；默认1个工作日,超时提醒→主管催办→高风险升级,仅退回到可编辑前置节点；关键财务/签署节点不得物理回退,操作者、身份、时间、前后值、原因、附件哈希、设备/IP
P043,课程产品上线,员工端,S07,发布,版本批准,提交/确认/处理/退回/转交（按权限）,复审,按流程配置；默认1个工作日,超时提醒→主管催办→高风险升级,仅退回到可编辑前置节点；关键财务/签署节点不得物理回退,操作者、身份、时间、前后值、原因、附件哈希、设备/IP
P043,课程产品上线,员工端,S08,复审,发布,提交/确认/处理/退回/转交（按权限）,已关闭,按流程配置；默认1个工作日,超时提醒→主管催办→高风险升级,仅退回到可编辑前置节点；关键财务/签署节点不得物理回退,操作者、身份、时间、前后值、原因、附件哈希、设备/IP
P044,研学团队交付,员工端,S01,订单确认,流程触发/发起,提交/确认/处理/退回/转交（按权限）,团队与需求核验,1个工作日；高风险按制度,超时提醒→主管催办→高风险升级,仅退回到可编辑前置节点；关键财务/签署节点不得物理回退,操作者、身份、时间、前后值、原因、附件哈希、设备/IP
P044,研学团队交付,员工端,S02,团队与需求核验,订单确认,提交/确认/处理/退回/转交（按权限）,排课,按流程配置；默认1个工作日,超时提醒→主管催办→高风险升级,仅退回到可编辑前置节点；关键财务/签署节点不得物理回退,操作者、身份、时间、前后值、原因、附件哈希、设备/IP
P044,研学团队交付,员工端,S03,排课,团队与需求核验,提交/确认/处理/退回/转交（按权限）,资源子单,按流程配置；默认1个工作日,超时提醒→主管催办→高风险升级,仅退回到可编辑前置节点；关键财务/签署节点不得物理回退,操作者、身份、时间、前后值、原因、附件哈希、设备/IP
P044,研学团队交付,员工端,S04,资源子单,排课,提交/确认/处理/退回/转交（按权限）,行前确认,按流程配置；默认1个工作日,超时提醒→主管催办→高风险升级,仅退回到可编辑前置节点；关键财务/签署节点不得物理回退,操作者、身份、时间、前后值、原因、附件哈希、设备/IP
P044,研学团队交付,员工端,S05,行前确认,资源子单,提交/确认/处理/退回/转交（按权限）,签到,1个工作日；高风险按制度,超时提醒→主管催办→高风险升级,仅退回到可编辑前置节点；关键财务/签署节点不得物理回退,操作者、身份、时间、前后值、原因、附件哈希、设备/IP
P044,研学团队交付,员工端,S06,签到,行前确认,提交/确认/处理/退回/转交（按权限）,教学与实操,按流程配置；默认1个工作日,超时提醒→主管催办→高风险升级,仅退回到可编辑前置节点；关键财务/签署节点不得物理回退,操作者、身份、时间、前后值、原因、附件哈希、设备/IP
P044,研学团队交付,员工端,S07,教学与实操,签到,提交/确认/处理/退回/转交（按权限）,异常处理,按流程配置；默认1个工作日,超时提醒→主管催办→高风险升级,仅退回到可编辑前置节点；关键财务/签署节点不得物理回退,操作者、身份、时间、前后值、原因、附件哈希、设备/IP
P044,研学团队交付,员工端,S08,异常处理,教学与实操,提交/确认/处理/退回/转交（按权限）,评价,立即响应；L3/L4 30分钟内升级,超时提醒→主管催办→高风险升级,仅退回到可编辑前置节点；关键财务/签署节点不得物理回退,操作者、身份、时间、前后值、原因、附件哈希、设备/IP
P044,研学团队交付,员工端,S09,评价,异常处理,提交/确认/处理/退回/转交（按权限）,结算归档,按流程配置；默认1个工作日,超时提醒→主管催办→高风险升级,仅退回到可编辑前置节点；关键财务/签署节点不得物理回退,操作者、身份、时间、前后值、原因、附件哈希、设备/IP
P044,研学团队交付,员工端,S10,结算归档,评价,提交/确认/处理/退回/转交（按权限）,已关闭,T+1个工作日或财务日历,超时提醒→主管催办→高风险升级,仅退回到可编辑前置节点；关键财务/签署节点不得物理回退,操作者、身份、时间、前后值、原因、附件哈希、设备/IP
P045,讲师排课,员工端,S01,课程需求,流程触发/发起,提交/确认/处理/退回/转交（按权限）,资格校验,按流程配置；默认1个工作日,超时提醒→主管催办→高风险升级,仅退回到可编辑前置节点；关键财务/签署节点不得物理回退,操作者、身份、时间、前后值、原因、附件哈希、设备/IP
P045,讲师排课,员工端,S02,资格校验,课程需求,提交/确认/处理/退回/转交（按权限）,可用时间,按流程配置；默认1个工作日,超时提醒→主管催办→高风险升级,仅退回到可编辑前置节点；关键财务/签署节点不得物理回退,操作者、身份、时间、前后值、原因、附件哈希、设备/IP
P045,讲师排课,员工端,S03,可用时间,资格校验,提交/确认/处理/退回/转交（按权限）,排课锁定,按流程配置；默认1个工作日,超时提醒→主管催办→高风险升级,仅退回到可编辑前置节点；关键财务/签署节点不得物理回退,操作者、身份、时间、前后值、原因、附件哈希、设备/IP
P045,讲师排课,员工端,S04,排课锁定,可用时间,提交/确认/处理/退回/转交（按权限）,讲师确认,按流程配置；默认1个工作日,超时提醒→主管催办→高风险升级,仅退回到可编辑前置节点；关键财务/签署节点不得物理回退,操作者、身份、时间、前后值、原因、附件哈希、设备/IP
P045,讲师排课,员工端,S05,讲师确认,排课锁定,提交/确认/处理/退回/转交（按权限）,替补预案,1个工作日；高风险按制度,超时提醒→主管催办→高风险升级,仅退回到可编辑前置节点；关键财务/签署节点不得物理回退,操作者、身份、时间、前后值、原因、附件哈希、设备/IP
P045,讲师排课,员工端,S06,替补预案,讲师确认,提交/确认/处理/退回/转交（按权限）,授课记录,按流程配置；默认1个工作日,超时提醒→主管催办→高风险升级,仅退回到可编辑前置节点；关键财务/签署节点不得物理回退,操作者、身份、时间、前后值、原因、附件哈希、设备/IP
P045,讲师排课,员工端,S07,授课记录,替补预案,提交/确认/处理/退回/转交（按权限）,评价回写,按计划时点/班次完成,超时提醒→主管催办→高风险升级,仅退回到可编辑前置节点；关键财务/签署节点不得物理回退,操作者、身份、时间、前后值、原因、附件哈希、设备/IP
P045,讲师排课,员工端,S08,评价回写,授课记录,提交/确认/处理/退回/转交（按权限）,已关闭,按流程配置；默认1个工作日,超时提醒→主管催办→高风险升级,仅退回到可编辑前置节点；关键财务/签署节点不得物理回退,操作者、身份、时间、前后值、原因、附件哈希、设备/IP
P046,通知执行,员工端,S01,起草,流程触发/发起,提交/确认/处理/退回/转交（按权限）,审核,按流程配置；默认1个工作日,超时提醒→主管催办→高风险升级,仅退回到可编辑前置节点；关键财务/签署节点不得物理回退,操作者、身份、时间、前后值、原因、附件哈希、设备/IP
P046,通知执行,员工端,S02,审核,起草,提交/确认/处理/退回/转交（按权限）,发布,1个工作日；高风险按制度,超时提醒→主管催办→高风险升级,仅退回到可编辑前置节点；关键财务/签署节点不得物理回退,操作者、身份、时间、前后值、原因、附件哈希、设备/IP
P046,通知执行,员工端,S03,发布,审核,提交/确认/处理/退回/转交（按权限）,送达,按流程配置；默认1个工作日,超时提醒→主管催办→高风险升级,仅退回到可编辑前置节点；关键财务/签署节点不得物理回退,操作者、身份、时间、前后值、原因、附件哈希、设备/IP
P046,通知执行,员工端,S04,送达,发布,提交/确认/处理/退回/转交（按权限）,阅读/确认,按流程配置；默认1个工作日,超时提醒→主管催办→高风险升级,仅退回到可编辑前置节点；关键财务/签署节点不得物理回退,操作者、身份、时间、前后值、原因、附件哈希、设备/IP
P046,通知执行,员工端,S05,阅读/确认,送达,提交/确认/处理/退回/转交（按权限）,执行反馈,1个工作日；高风险按制度,超时提醒→主管催办→高风险升级,仅退回到可编辑前置节点；关键财务/签署节点不得物理回退,操作者、身份、时间、前后值、原因、附件哈希、设备/IP
P046,通知执行,员工端,S06,执行反馈,阅读/确认,提交/确认/处理/退回/转交（按权限）,责任人验收,按计划时点/班次完成,超时提醒→主管催办→高风险升级,仅退回到可编辑前置节点；关键财务/签署节点不得物理回退,操作者、身份、时间、前后值、原因、附件哈希、设备/IP
P046,通知执行,员工端,S07,责任人验收,执行反馈,提交/确认/处理/退回/转交（按权限）,归档,1个工作日；高风险按制度,超时提醒→主管催办→高风险升级,仅退回到可编辑前置节点；关键财务/签署节点不得物理回退,操作者、身份、时间、前后值、原因、附件哈希、设备/IP
P046,通知执行,员工端,S08,归档,责任人验收,提交/确认/处理/退回/转交（按权限）,已关闭,事项关闭后2个工作日,超时提醒→主管催办→高风险升级,仅退回到可编辑前置节点；关键财务/签署节点不得物理回退,操作者、身份、时间、前后值、原因、附件哈希、设备/IP
P047,正式公文,员工端,S01,起草,流程触发/发起,提交/确认/处理/退回/转交（按权限）,专业审核,按流程配置；默认1个工作日,超时提醒→主管催办→高风险升级,仅退回到可编辑前置节点；关键财务/签署节点不得物理回退,操作者、身份、时间、前后值、原因、附件哈希、设备/IP
P047,正式公文,员工端,S02,专业审核,起草,提交/确认/处理/退回/转交（按权限）,会签,1个工作日；高风险按制度,超时提醒→主管催办→高风险升级,仅退回到可编辑前置节点；关键财务/签署节点不得物理回退,操作者、身份、时间、前后值、原因、附件哈希、设备/IP
P047,正式公文,员工端,S03,会签,专业审核,提交/确认/处理/退回/转交（按权限）,签发,按流程配置；默认1个工作日,超时提醒→主管催办→高风险升级,仅退回到可编辑前置节点；关键财务/签署节点不得物理回退,操作者、身份、时间、前后值、原因、附件哈希、设备/IP
P047,正式公文,员工端,S04,签发,会签,提交/确认/处理/退回/转交（按权限）,编号,按流程配置；默认1个工作日,超时提醒→主管催办→高风险升级,仅退回到可编辑前置节点；关键财务/签署节点不得物理回退,操作者、身份、时间、前后值、原因、附件哈希、设备/IP
P047,正式公文,员工端,S05,编号,签发,提交/确认/处理/退回/转交（按权限）,盖章,按流程配置；默认1个工作日,超时提醒→主管催办→高风险升级,仅退回到可编辑前置节点；关键财务/签署节点不得物理回退,操作者、身份、时间、前后值、原因、附件哈希、设备/IP
P047,正式公文,员工端,S06,盖章,编号,提交/确认/处理/退回/转交（按权限）,分发,按流程配置；默认1个工作日,超时提醒→主管催办→高风险升级,仅退回到可编辑前置节点；关键财务/签署节点不得物理回退,操作者、身份、时间、前后值、原因、附件哈希、设备/IP
P047,正式公文,员工端,S07,分发,盖章,提交/确认/处理/退回/转交（按权限）,回执,按流程配置；默认1个工作日,超时提醒→主管催办→高风险升级,仅退回到可编辑前置节点；关键财务/签署节点不得物理回退,操作者、身份、时间、前后值、原因、附件哈希、设备/IP
P047,正式公文,员工端,S08,回执,分发,提交/确认/处理/退回/转交（按权限）,移交档案,按流程配置；默认1个工作日,超时提醒→主管催办→高风险升级,仅退回到可编辑前置节点；关键财务/签署节点不得物理回退,操作者、身份、时间、前后值、原因、附件哈希、设备/IP
P047,正式公文,员工端,S09,移交档案,回执,提交/确认/处理/退回/转交（按权限）,已关闭,按流程配置；默认1个工作日,超时提醒→主管催办→高风险升级,仅退回到可编辑前置节点；关键财务/签署节点不得物理回退,操作者、身份、时间、前后值、原因、附件哈希、设备/IP
P048,会议行动,员工端,S01,议题征集,流程触发/发起,提交/确认/处理/退回/转交（按权限）,材料检查,按流程配置；默认1个工作日,超时提醒→主管催办→高风险升级,仅退回到可编辑前置节点；关键财务/签署节点不得物理回退,操作者、身份、时间、前后值、原因、附件哈希、设备/IP
P048,会议行动,员工端,S02,材料检查,议题征集,提交/确认/处理/退回/转交（按权限）,会议发布,按流程配置；默认1个工作日,超时提醒→主管催办→高风险升级,仅退回到可编辑前置节点；关键财务/签署节点不得物理回退,操作者、身份、时间、前后值、原因、附件哈希、设备/IP
P048,会议行动,员工端,S03,会议发布,材料检查,提交/确认/处理/退回/转交（按权限）,签到,按流程配置；默认1个工作日,超时提醒→主管催办→高风险升级,仅退回到可编辑前置节点；关键财务/签署节点不得物理回退,操作者、身份、时间、前后值、原因、附件哈希、设备/IP
P048,会议行动,员工端,S04,签到,会议发布,提交/确认/处理/退回/转交（按权限）,召开,按流程配置；默认1个工作日,超时提醒→主管催办→高风险升级,仅退回到可编辑前置节点；关键财务/签署节点不得物理回退,操作者、身份、时间、前后值、原因、附件哈希、设备/IP
P048,会议行动,员工端,S05,召开,签到,提交/确认/处理/退回/转交（按权限）,纪要确认,按流程配置；默认1个工作日,超时提醒→主管催办→高风险升级,仅退回到可编辑前置节点；关键财务/签署节点不得物理回退,操作者、身份、时间、前后值、原因、附件哈希、设备/IP
P048,会议行动,员工端,S06,纪要确认,召开,提交/确认/处理/退回/转交（按权限）,行动项,1个工作日；高风险按制度,超时提醒→主管催办→高风险升级,仅退回到可编辑前置节点；关键财务/签署节点不得物理回退,操作者、身份、时间、前后值、原因、附件哈希、设备/IP
P048,会议行动,员工端,S07,行动项,纪要确认,提交/确认/处理/退回/转交（按权限）,执行,按流程配置；默认1个工作日,超时提醒→主管催办→高风险升级,仅退回到可编辑前置节点；关键财务/签署节点不得物理回退,操作者、身份、时间、前后值、原因、附件哈希、设备/IP
P048,会议行动,员工端,S08,执行,行动项,提交/确认/处理/退回/转交（按权限）,验收,按计划时点/班次完成,超时提醒→主管催办→高风险升级,仅退回到可编辑前置节点；关键财务/签署节点不得物理回退,操作者、身份、时间、前后值、原因、附件哈希、设备/IP
P048,会议行动,员工端,S09,验收,执行,提交/确认/处理/退回/转交（按权限）,归档,1个工作日；高风险按制度,超时提醒→主管催办→高风险升级,仅退回到可编辑前置节点；关键财务/签署节点不得物理回退,操作者、身份、时间、前后值、原因、附件哈希、设备/IP
P048,会议行动,员工端,S10,归档,验收,提交/确认/处理/退回/转交（按权限）,已关闭,事项关闭后2个工作日,超时提醒→主管催办→高风险升级,仅退回到可编辑前置节点；关键财务/签署节点不得物理回退,操作者、身份、时间、前后值、原因、附件哈希、设备/IP
P049,大型活动,员工端,S01,立项,流程触发/发起,提交/确认/处理/退回/转交（按权限）,项目组织,按流程配置；默认1个工作日,超时提醒→主管催办→高风险升级,仅退回到可编辑前置节点；关键财务/签署节点不得物理回退,操作者、身份、时间、前后值、原因、附件哈希、设备/IP
P049,大型活动,员工端,S02,项目组织,立项,提交/确认/处理/退回/转交（按权限）,唯一任务清单,按流程配置；默认1个工作日,超时提醒→主管催办→高风险升级,仅退回到可编辑前置节点；关键财务/签署节点不得物理回退,操作者、身份、时间、前后值、原因、附件哈希、设备/IP
P049,大型活动,员工端,S03,唯一任务清单,项目组织,提交/确认/处理/退回/转交（按权限）,资源子单,按流程配置；默认1个工作日,超时提醒→主管催办→高风险升级,仅退回到可编辑前置节点；关键财务/签署节点不得物理回退,操作者、身份、时间、前后值、原因、附件哈希、设备/IP
P049,大型活动,员工端,S04,资源子单,唯一任务清单,提交/确认/处理/退回/转交（按权限）,变更控制,按流程配置；默认1个工作日,超时提醒→主管催办→高风险升级,仅退回到可编辑前置节点；关键财务/签署节点不得物理回退,操作者、身份、时间、前后值、原因、附件哈希、设备/IP
P049,大型活动,员工端,S05,变更控制,资源子单,提交/确认/处理/退回/转交（按权限）,现场执行,按流程配置；默认1个工作日,超时提醒→主管催办→高风险升级,仅退回到可编辑前置节点；关键财务/签署节点不得物理回退,操作者、身份、时间、前后值、原因、附件哈希、设备/IP
P049,大型活动,员工端,S06,现场执行,变更控制,提交/确认/处理/退回/转交（按权限）,撤场清点,按计划时点/班次完成,超时提醒→主管催办→高风险升级,仅退回到可编辑前置节点；关键财务/签署节点不得物理回退,操作者、身份、时间、前后值、原因、附件哈希、设备/IP
P049,大型活动,员工端,S07,撤场清点,现场执行,提交/确认/处理/退回/转交（按权限）,复盘整改,按流程配置；默认1个工作日,超时提醒→主管催办→高风险升级,仅退回到可编辑前置节点；关键财务/签署节点不得物理回退,操作者、身份、时间、前后值、原因、附件哈希、设备/IP
P049,大型活动,员工端,S08,复盘整改,撤场清点,提交/确认/处理/退回/转交（按权限）,已关闭,事项关闭后2个工作日,超时提醒→主管催办→高风险升级,仅退回到可编辑前置节点；关键财务/签署节点不得物理回退,操作者、身份、时间、前后值、原因、附件哈希、设备/IP
P050,入库,员工端,S01,到货,流程触发/发起,提交/确认/处理/退回/转交（按权限）,数量外观初验,按流程配置；默认1个工作日,超时提醒→主管催办→高风险升级,仅退回到可编辑前置节点；关键财务/签署节点不得物理回退,操作者、身份、时间、前后值、原因、附件哈希、设备/IP
P050,入库,员工端,S02,数量外观初验,到货,提交/确认/处理/退回/转交（按权限）,专业验收,按流程配置；默认1个工作日,超时提醒→主管催办→高风险升级,仅退回到可编辑前置节点；关键财务/签署节点不得物理回退,操作者、身份、时间、前后值、原因、附件哈希、设备/IP
P050,入库,员工端,S03,专业验收,数量外观初验,提交/确认/处理/退回/转交（按权限）,不合格隔离,1个工作日；高风险按制度,超时提醒→主管催办→高风险升级,仅退回到可编辑前置节点；关键财务/签署节点不得物理回退,操作者、身份、时间、前后值、原因、附件哈希、设备/IP
P050,入库,员工端,S04,不合格隔离,专业验收,提交/确认/处理/退回/转交（按权限）,批次或资产编码,按流程配置；默认1个工作日,超时提醒→主管催办→高风险升级,仅退回到可编辑前置节点；关键财务/签署节点不得物理回退,操作者、身份、时间、前后值、原因、附件哈希、设备/IP
P050,入库,员工端,S05,批次或资产编码,不合格隔离,提交/确认/处理/退回/转交（按权限）,上架,按流程配置；默认1个工作日,超时提醒→主管催办→高风险升级,仅退回到可编辑前置节点；关键财务/签署节点不得物理回退,操作者、身份、时间、前后值、原因、附件哈希、设备/IP
P050,入库,员工端,S06,上架,批次或资产编码,提交/确认/处理/退回/转交（按权限）,库存流水,按流程配置；默认1个工作日,超时提醒→主管催办→高风险升级,仅退回到可编辑前置节点；关键财务/签署节点不得物理回退,操作者、身份、时间、前后值、原因、附件哈希、设备/IP
P050,入库,员工端,S07,库存流水,上架,提交/确认/处理/退回/转交（按权限）,归档,按流程配置；默认1个工作日,超时提醒→主管催办→高风险升级,仅退回到可编辑前置节点；关键财务/签署节点不得物理回退,操作者、身份、时间、前后值、原因、附件哈希、设备/IP
P050,入库,员工端,S08,归档,库存流水,提交/确认/处理/退回/转交（按权限）,已关闭,事项关闭后2个工作日,超时提醒→主管催办→高风险升级,仅退回到可编辑前置节点；关键财务/签署节点不得物理回退,操作者、身份、时间、前后值、原因、附件哈希、设备/IP
P051,领借调还,员工端,S01,申请,流程触发/发起,提交/确认/处理/退回/转交（按权限）,审批,按流程配置；默认1个工作日,超时提醒→主管催办→高风险升级,仅退回到可编辑前置节点；关键财务/签署节点不得物理回退,操作者、身份、时间、前后值、原因、附件哈希、设备/IP
P051,领借调还,员工端,S02,审批,申请,提交/确认/处理/退回/转交（按权限）,可用性锁定,1个工作日；高风险按制度,超时提醒→主管催办→高风险升级,仅退回到可编辑前置节点；关键财务/签署节点不得物理回退,操作者、身份、时间、前后值、原因、附件哈希、设备/IP
P051,领借调还,员工端,S03,可用性锁定,审批,提交/确认/处理/退回/转交（按权限）,出库/交付,按流程配置；默认1个工作日,超时提醒→主管催办→高风险升级,仅退回到可编辑前置节点；关键财务/签署节点不得物理回退,操作者、身份、时间、前后值、原因、附件哈希、设备/IP
P051,领借调还,员工端,S04,出库/交付,可用性锁定,提交/确认/处理/退回/转交（按权限）,责任签收,按流程配置；默认1个工作日,超时提醒→主管催办→高风险升级,仅退回到可编辑前置节点；关键财务/签署节点不得物理回退,操作者、身份、时间、前后值、原因、附件哈希、设备/IP
P051,领借调还,员工端,S05,责任签收,出库/交付,提交/确认/处理/退回/转交（按权限）,使用,按流程配置；默认1个工作日,超时提醒→主管催办→高风险升级,仅退回到可编辑前置节点；关键财务/签署节点不得物理回退,操作者、身份、时间、前后值、原因、附件哈希、设备/IP
P051,领借调还,员工端,S06,使用,责任签收,提交/确认/处理/退回/转交（按权限）,归还或调拨,按流程配置；默认1个工作日,超时提醒→主管催办→高风险升级,仅退回到可编辑前置节点；关键财务/签署节点不得物理回退,操作者、身份、时间、前后值、原因、附件哈希、设备/IP
P051,领借调还,员工端,S07,归还或调拨,使用,提交/确认/处理/退回/转交（按权限）,状态验收,按流程配置；默认1个工作日,超时提醒→主管催办→高风险升级,仅退回到可编辑前置节点；关键财务/签署节点不得物理回退,操作者、身份、时间、前后值、原因、附件哈希、设备/IP
P051,领借调还,员工端,S08,状态验收,归还或调拨,提交/确认/处理/退回/转交（按权限）,已关闭,1个工作日；高风险按制度,超时提醒→主管催办→高风险升级,仅退回到可编辑前置节点；关键财务/签署节点不得物理回退,操作者、身份、时间、前后值、原因、附件哈希、设备/IP
P052,盘点,员工端,S01,计划,流程触发/发起,提交/确认/处理/退回/转交（按权限）,冻结范围,按流程配置；默认1个工作日,超时提醒→主管催办→高风险升级,仅退回到可编辑前置节点；关键财务/签署节点不得物理回退,操作者、身份、时间、前后值、原因、附件哈希、设备/IP
P052,盘点,员工端,S02,冻结范围,计划,提交/确认/处理/退回/转交（按权限）,实盘,按流程配置；默认1个工作日,超时提醒→主管催办→高风险升级,仅退回到可编辑前置节点；关键财务/签署节点不得物理回退,操作者、身份、时间、前后值、原因、附件哈希、设备/IP
P052,盘点,员工端,S03,实盘,冻结范围,提交/确认/处理/退回/转交（按权限）,差异,按流程配置；默认1个工作日,超时提醒→主管催办→高风险升级,仅退回到可编辑前置节点；关键财务/签署节点不得物理回退,操作者、身份、时间、前后值、原因、附件哈希、设备/IP
P052,盘点,员工端,S04,差异,实盘,提交/确认/处理/退回/转交（按权限）,原因调查,按流程配置；默认1个工作日,超时提醒→主管催办→高风险升级,仅退回到可编辑前置节点；关键财务/签署节点不得物理回退,操作者、身份、时间、前后值、原因、附件哈希、设备/IP
P052,盘点,员工端,S05,原因调查,差异,提交/确认/处理/退回/转交（按权限）,审批,按流程配置；默认1个工作日,超时提醒→主管催办→高风险升级,仅退回到可编辑前置节点；关键财务/签署节点不得物理回退,操作者、身份、时间、前后值、原因、附件哈希、设备/IP
P052,盘点,员工端,S06,审批,原因调查,提交/确认/处理/退回/转交（按权限）,调整流水,1个工作日；高风险按制度,超时提醒→主管催办→高风险升级,仅退回到可编辑前置节点；关键财务/签署节点不得物理回退,操作者、身份、时间、前后值、原因、附件哈希、设备/IP
P052,盘点,员工端,S07,调整流水,审批,提交/确认/处理/退回/转交（按权限）,整改,按流程配置；默认1个工作日,超时提醒→主管催办→高风险升级,仅退回到可编辑前置节点；关键财务/签署节点不得物理回退,操作者、身份、时间、前后值、原因、附件哈希、设备/IP
P052,盘点,员工端,S08,整改,调整流水,提交/确认/处理/退回/转交（按权限）,解冻,按流程配置；默认1个工作日,超时提醒→主管催办→高风险升级,仅退回到可编辑前置节点；关键财务/签署节点不得物理回退,操作者、身份、时间、前后值、原因、附件哈希、设备/IP
P052,盘点,员工端,S09,解冻,整改,提交/确认/处理/退回/转交（按权限）,已关闭,按流程配置；默认1个工作日,超时提醒→主管催办→高风险升级,仅退回到可编辑前置节点；关键财务/签署节点不得物理回退,操作者、身份、时间、前后值、原因、附件哈希、设备/IP
P053,报废处置,员工端,S01,申请,流程触发/发起,提交/确认/处理/退回/转交（按权限）,专业鉴定,按流程配置；默认1个工作日,超时提醒→主管催办→高风险升级,仅退回到可编辑前置节点；关键财务/签署节点不得物理回退,操作者、身份、时间、前后值、原因、附件哈希、设备/IP
P053,报废处置,员工端,S02,专业鉴定,申请,提交/确认/处理/退回/转交（按权限）,价值与数据风险评估,按流程配置；默认1个工作日,超时提醒→主管催办→高风险升级,仅退回到可编辑前置节点；关键财务/签署节点不得物理回退,操作者、身份、时间、前后值、原因、附件哈希、设备/IP
P053,报废处置,员工端,S03,价值与数据风险评估,专业鉴定,提交/确认/处理/退回/转交（按权限）,审批,立即响应；L3/L4 30分钟内升级,超时提醒→主管催办→高风险升级,仅退回到可编辑前置节点；关键财务/签署节点不得物理回退,操作者、身份、时间、前后值、原因、附件哈希、设备/IP
P053,报废处置,员工端,S04,审批,价值与数据风险评估,提交/确认/处理/退回/转交（按权限）,数据清除,1个工作日；高风险按制度,超时提醒→主管催办→高风险升级,仅退回到可编辑前置节点；关键财务/签署节点不得物理回退,操作者、身份、时间、前后值、原因、附件哈希、设备/IP
P053,报废处置,员工端,S05,数据清除,审批,提交/确认/处理/退回/转交（按权限）,实物处置,按流程配置；默认1个工作日,超时提醒→主管催办→高风险升级,仅退回到可编辑前置节点；关键财务/签署节点不得物理回退,操作者、身份、时间、前后值、原因、附件哈希、设备/IP
P053,报废处置,员工端,S06,实物处置,数据清除,提交/确认/处理/退回/转交（按权限）,财务台账更新,按流程配置；默认1个工作日,超时提醒→主管催办→高风险升级,仅退回到可编辑前置节点；关键财务/签署节点不得物理回退,操作者、身份、时间、前后值、原因、附件哈希、设备/IP
P053,报废处置,员工端,S07,财务台账更新,实物处置,提交/确认/处理/退回/转交（按权限）,归档,按流程配置；默认1个工作日,超时提醒→主管催办→高风险升级,仅退回到可编辑前置节点；关键财务/签署节点不得物理回退,操作者、身份、时间、前后值、原因、附件哈希、设备/IP
P053,报废处置,员工端,S08,归档,财务台账更新,提交/确认/处理/退回/转交（按权限）,已关闭,事项关闭后2个工作日,超时提醒→主管催办→高风险升级,仅退回到可编辑前置节点；关键财务/签署节点不得物理回退,操作者、身份、时间、前后值、原因、附件哈希、设备/IP
P054,派车,员工端,S01,用车申请,流程触发/发起,提交/确认/处理/退回/转交（按权限）,审批,按流程配置；默认1个工作日,超时提醒→主管催办→高风险升级,仅退回到可编辑前置节点；关键财务/签署节点不得物理回退,操作者、身份、时间、前后值、原因、附件哈希、设备/IP
P054,派车,员工端,S02,审批,用车申请,提交/确认/处理/退回/转交（按权限）,车辆与驾驶员匹配,1个工作日；高风险按制度,超时提醒→主管催办→高风险升级,仅退回到可编辑前置节点；关键财务/签署节点不得物理回退,操作者、身份、时间、前后值、原因、附件哈希、设备/IP
P054,派车,员工端,S03,车辆与驾驶员匹配,审批,提交/确认/处理/退回/转交（按权限）,资源锁定,按流程配置；默认1个工作日,超时提醒→主管催办→高风险升级,仅退回到可编辑前置节点；关键财务/签署节点不得物理回退,操作者、身份、时间、前后值、原因、附件哈希、设备/IP
P054,派车,员工端,S04,资源锁定,车辆与驾驶员匹配,提交/确认/处理/退回/转交（按权限）,出车前检查,按流程配置；默认1个工作日,超时提醒→主管催办→高风险升级,仅退回到可编辑前置节点；关键财务/签署节点不得物理回退,操作者、身份、时间、前后值、原因、附件哈希、设备/IP
P054,派车,员工端,S05,出车前检查,资源锁定,提交/确认/处理/退回/转交（按权限）,行程,按流程配置；默认1个工作日,超时提醒→主管催办→高风险升级,仅退回到可编辑前置节点；关键财务/签署节点不得物理回退,操作者、身份、时间、前后值、原因、附件哈希、设备/IP
P054,派车,员工端,S06,行程,出车前检查,提交/确认/处理/退回/转交（按权限）,归还,按流程配置；默认1个工作日,超时提醒→主管催办→高风险升级,仅退回到可编辑前置节点；关键财务/签署节点不得物理回退,操作者、身份、时间、前后值、原因、附件哈希、设备/IP
P054,派车,员工端,S07,归还,行程,提交/确认/处理/退回/转交（按权限）,费用与异常,按流程配置；默认1个工作日,超时提醒→主管催办→高风险升级,仅退回到可编辑前置节点；关键财务/签署节点不得物理回退,操作者、身份、时间、前后值、原因、附件哈希、设备/IP
P054,派车,员工端,S08,费用与异常,归还,提交/确认/处理/退回/转交（按权限）,释放,立即响应；L3/L4 30分钟内升级,超时提醒→主管催办→高风险升级,仅退回到可编辑前置节点；关键财务/签署节点不得物理回退,操作者、身份、时间、前后值、原因、附件哈希、设备/IP
P054,派车,员工端,S09,释放,费用与异常,提交/确认/处理/退回/转交（按权限）,已关闭,按流程配置；默认1个工作日,超时提醒→主管催办→高风险升级,仅退回到可编辑前置节点；关键财务/签署节点不得物理回退,操作者、身份、时间、前后值、原因、附件哈希、设备/IP
P055,车辆事故,员工端,S01,人员保护,流程触发/发起,提交/确认/处理/退回/转交（按权限）,现场警示,按流程配置；默认1个工作日,超时提醒→主管催办→高风险升级,仅退回到可编辑前置节点；关键财务/签署节点不得物理回退,操作者、身份、时间、前后值、原因、附件哈希、设备/IP
P055,车辆事故,员工端,S02,现场警示,人员保护,提交/确认/处理/退回/转交（按权限）,报警救援,按流程配置；默认1个工作日,超时提醒→主管催办→高风险升级,仅退回到可编辑前置节点；关键财务/签署节点不得物理回退,操作者、身份、时间、前后值、原因、附件哈希、设备/IP
P055,车辆事故,员工端,S03,报警救援,现场警示,提交/确认/处理/退回/转交（按权限）,调度报告,立即响应；L3/L4 30分钟内升级,超时提醒→主管催办→高风险升级,仅退回到可编辑前置节点；关键财务/签署节点不得物理回退,操作者、身份、时间、前后值、原因、附件哈希、设备/IP
P055,车辆事故,员工端,S04,调度报告,报警救援,提交/确认/处理/退回/转交（按权限）,证据保全,事项关闭后2个工作日,超时提醒→主管催办→高风险升级,仅退回到可编辑前置节点；关键财务/签署节点不得物理回退,操作者、身份、时间、前后值、原因、附件哈希、设备/IP
P055,车辆事故,员工端,S05,证据保全,调度报告,提交/确认/处理/退回/转交（按权限）,替代保障,按流程配置；默认1个工作日,超时提醒→主管催办→高风险升级,仅退回到可编辑前置节点；关键财务/签署节点不得物理回退,操作者、身份、时间、前后值、原因、附件哈希、设备/IP
P055,车辆事故,员工端,S06,替代保障,证据保全,提交/确认/处理/退回/转交（按权限）,保险维修,按流程配置；默认1个工作日,超时提醒→主管催办→高风险升级,仅退回到可编辑前置节点；关键财务/签署节点不得物理回退,操作者、身份、时间、前后值、原因、附件哈希、设备/IP
P055,车辆事故,员工端,S07,保险维修,替代保障,提交/确认/处理/退回/转交（按权限）,案件调查,按计划时点/班次完成,超时提醒→主管催办→高风险升级,仅退回到可编辑前置节点；关键财务/签署节点不得物理回退,操作者、身份、时间、前后值、原因、附件哈希、设备/IP
P055,车辆事故,员工端,S08,案件调查,保险维修,提交/确认/处理/退回/转交（按权限）,复车验收,按流程配置；默认1个工作日,超时提醒→主管催办→高风险升级,仅退回到可编辑前置节点；关键财务/签署节点不得物理回退,操作者、身份、时间、前后值、原因、附件哈希、设备/IP
P055,车辆事故,员工端,S09,复车验收,案件调查,提交/确认/处理/退回/转交（按权限）,已关闭,1个工作日；高风险按制度,超时提醒→主管催办→高风险升级,仅退回到可编辑前置节点；关键财务/签署节点不得物理回退,操作者、身份、时间、前后值、原因、附件哈希、设备/IP
P056,宿舍入住退宿,员工端,S01,申请/入职触发,流程触发/发起,提交/确认/处理/退回/转交（按权限）,资格房态校验,按流程配置；默认1个工作日,超时提醒→主管催办→高风险升级,仅退回到可编辑前置节点；关键财务/签署节点不得物理回退,操作者、身份、时间、前后值、原因、附件哈希、设备/IP
P056,宿舍入住退宿,员工端,S02,资格房态校验,申请/入职触发,提交/确认/处理/退回/转交（按权限）,床位锁定,按流程配置；默认1个工作日,超时提醒→主管催办→高风险升级,仅退回到可编辑前置节点；关键财务/签署节点不得物理回退,操作者、身份、时间、前后值、原因、附件哈希、设备/IP
P056,宿舍入住退宿,员工端,S03,床位锁定,资格房态校验,提交/确认/处理/退回/转交（按权限）,签收入住,按流程配置；默认1个工作日,超时提醒→主管催办→高风险升级,仅退回到可编辑前置节点；关键财务/签署节点不得物理回退,操作者、身份、时间、前后值、原因、附件哈希、设备/IP
P056,宿舍入住退宿,员工端,S04,签收入住,床位锁定,提交/确认/处理/退回/转交（按权限）,巡检报修,按流程配置；默认1个工作日,超时提醒→主管催办→高风险升级,仅退回到可编辑前置节点；关键财务/签署节点不得物理回退,操作者、身份、时间、前后值、原因、附件哈希、设备/IP
P056,宿舍入住退宿,员工端,S05,巡检报修,签收入住,提交/确认/处理/退回/转交（按权限）,退宿检查,按计划时点/班次完成,超时提醒→主管催办→高风险升级,仅退回到可编辑前置节点；关键财务/签署节点不得物理回退,操作者、身份、时间、前后值、原因、附件哈希、设备/IP
P056,宿舍入住退宿,员工端,S06,退宿检查,巡检报修,提交/确认/处理/退回/转交（按权限）,钥匙门禁回收,按流程配置；默认1个工作日,超时提醒→主管催办→高风险升级,仅退回到可编辑前置节点；关键财务/签署节点不得物理回退,操作者、身份、时间、前后值、原因、附件哈希、设备/IP
P056,宿舍入住退宿,员工端,S07,钥匙门禁回收,退宿检查,提交/确认/处理/退回/转交（按权限）,释放床位,按流程配置；默认1个工作日,超时提醒→主管催办→高风险升级,仅退回到可编辑前置节点；关键财务/签署节点不得物理回退,操作者、身份、时间、前后值、原因、附件哈希、设备/IP
P056,宿舍入住退宿,员工端,S08,释放床位,钥匙门禁回收,提交/确认/处理/退回/转交（按权限）,已关闭,按流程配置；默认1个工作日,超时提醒→主管催办→高风险升级,仅退回到可编辑前置节点；关键财务/签署节点不得物理回退,操作者、身份、时间、前后值、原因、附件哈希、设备/IP
P057,报修,员工端,S01,报修,流程触发/发起,提交/确认/处理/退回/转交（按权限）,风险分级,按流程配置；默认1个工作日,超时提醒→主管催办→高风险升级,仅退回到可编辑前置节点；关键财务/签署节点不得物理回退,操作者、身份、时间、前后值、原因、附件哈希、设备/IP
P057,报修,员工端,S02,风险分级,报修,提交/确认/处理/退回/转交（按权限）,派工,立即响应；L3/L4 30分钟内升级,超时提醒→主管催办→高风险升级,仅退回到可编辑前置节点；关键财务/签署节点不得物理回退,操作者、身份、时间、前后值、原因、附件哈希、设备/IP
P057,报修,员工端,S03,派工,风险分级,提交/确认/处理/退回/转交（按权限）,到场诊断,按流程配置；默认1个工作日,超时提醒→主管催办→高风险升级,仅退回到可编辑前置节点；关键财务/签署节点不得物理回退,操作者、身份、时间、前后值、原因、附件哈希、设备/IP
P057,报修,员工端,S04,到场诊断,派工,提交/确认/处理/退回/转交（按权限）,维修或转专业单位,按流程配置；默认1个工作日,超时提醒→主管催办→高风险升级,仅退回到可编辑前置节点；关键财务/签署节点不得物理回退,操作者、身份、时间、前后值、原因、附件哈希、设备/IP
P057,报修,员工端,S05,维修或转专业单位,到场诊断,提交/确认/处理/退回/转交（按权限）,申请人确认,按计划时点/班次完成,超时提醒→主管催办→高风险升级,仅退回到可编辑前置节点；关键财务/签署节点不得物理回退,操作者、身份、时间、前后值、原因、附件哈希、设备/IP
P057,报修,员工端,S06,申请人确认,维修或转专业单位,提交/确认/处理/退回/转交（按权限）,验收,1个工作日；高风险按制度,超时提醒→主管催办→高风险升级,仅退回到可编辑前置节点；关键财务/签署节点不得物理回退,操作者、身份、时间、前后值、原因、附件哈希、设备/IP
P057,报修,员工端,S07,验收,申请人确认,提交/确认/处理/退回/转交（按权限）,关闭,1个工作日；高风险按制度,超时提醒→主管催办→高风险升级,仅退回到可编辑前置节点；关键财务/签署节点不得物理回退,操作者、身份、时间、前后值、原因、附件哈希、设备/IP
P057,报修,员工端,S08,关闭,验收,提交/确认/处理/退回/转交（按权限）,已关闭,按流程配置；默认1个工作日,超时提醒→主管催办→高风险升级,仅退回到可编辑前置节点；关键财务/签署节点不得物理回退,操作者、身份、时间、前后值、原因、附件哈希、设备/IP
P058,团餐交付,员工端,S01,申请,流程触发/发起,提交/确认/处理/退回/转交（按权限）,人数餐标过敏校验,按流程配置；默认1个工作日,超时提醒→主管催办→高风险升级,仅退回到可编辑前置节点；关键财务/签署节点不得物理回退,操作者、身份、时间、前后值、原因、附件哈希、设备/IP
P058,团餐交付,员工端,S02,人数餐标过敏校验,申请,提交/确认/处理/退回/转交（按权限）,审批,按流程配置；默认1个工作日,超时提醒→主管催办→高风险升级,仅退回到可编辑前置节点；关键财务/签署节点不得物理回退,操作者、身份、时间、前后值、原因、附件哈希、设备/IP
P058,团餐交付,员工端,S03,审批,人数餐标过敏校验,提交/确认/处理/退回/转交（按权限）,菜单与采购,1个工作日；高风险按制度,超时提醒→主管催办→高风险升级,仅退回到可编辑前置节点；关键财务/签署节点不得物理回退,操作者、身份、时间、前后值、原因、附件哈希、设备/IP
P058,团餐交付,员工端,S04,菜单与采购,审批,提交/确认/处理/退回/转交（按权限）,备餐,按流程配置；默认1个工作日,超时提醒→主管催办→高风险升级,仅退回到可编辑前置节点；关键财务/签署节点不得物理回退,操作者、身份、时间、前后值、原因、附件哈希、设备/IP
P058,团餐交付,员工端,S05,备餐,菜单与采购,提交/确认/处理/退回/转交（按权限）,食材领用,按流程配置；默认1个工作日,超时提醒→主管催办→高风险升级,仅退回到可编辑前置节点；关键财务/签署节点不得物理回退,操作者、身份、时间、前后值、原因、附件哈希、设备/IP
P058,团餐交付,员工端,S06,食材领用,备餐,提交/确认/处理/退回/转交（按权限）,制作与留样,按流程配置；默认1个工作日,超时提醒→主管催办→高风险升级,仅退回到可编辑前置节点；关键财务/签署节点不得物理回退,操作者、身份、时间、前后值、原因、附件哈希、设备/IP
P058,团餐交付,员工端,S07,制作与留样,食材领用,提交/确认/处理/退回/转交（按权限）,出餐签收,按流程配置；默认1个工作日,超时提醒→主管催办→高风险升级,仅退回到可编辑前置节点；关键财务/签署节点不得物理回退,操作者、身份、时间、前后值、原因、附件哈希、设备/IP
P058,团餐交付,员工端,S08,出餐签收,制作与留样,提交/确认/处理/退回/转交（按权限）,结算,按流程配置；默认1个工作日,超时提醒→主管催办→高风险升级,仅退回到可编辑前置节点；关键财务/签署节点不得物理回退,操作者、身份、时间、前后值、原因、附件哈希、设备/IP
P058,团餐交付,员工端,S09,结算,出餐签收,提交/确认/处理/退回/转交（按权限）,回访,T+1个工作日或财务日历,超时提醒→主管催办→高风险升级,仅退回到可编辑前置节点；关键财务/签署节点不得物理回退,操作者、身份、时间、前后值、原因、附件哈希、设备/IP
P058,团餐交付,员工端,S10,回访,结算,提交/确认/处理/退回/转交（按权限）,已关闭,按流程配置；默认1个工作日,超时提醒→主管催办→高风险升级,仅退回到可编辑前置节点；关键财务/签署节点不得物理回退,操作者、身份、时间、前后值、原因、附件哈希、设备/IP
P059,食材验收,员工端,S01,到货,流程触发/发起,提交/确认/处理/退回/转交（按权限）,来源票证,按流程配置；默认1个工作日,超时提醒→主管催办→高风险升级,仅退回到可编辑前置节点；关键财务/签署节点不得物理回退,操作者、身份、时间、前后值、原因、附件哈希、设备/IP
P059,食材验收,员工端,S02,来源票证,到货,提交/确认/处理/退回/转交（按权限）,温度感官数量,按流程配置；默认1个工作日,超时提醒→主管催办→高风险升级,仅退回到可编辑前置节点；关键财务/签署节点不得物理回退,操作者、身份、时间、前后值、原因、附件哈希、设备/IP
P059,食材验收,员工端,S03,温度感官数量,来源票证,提交/确认/处理/退回/转交（按权限）,合格入库/不合格隔离,按流程配置；默认1个工作日,超时提醒→主管催办→高风险升级,仅退回到可编辑前置节点；关键财务/签署节点不得物理回退,操作者、身份、时间、前后值、原因、附件哈希、设备/IP
P059,食材验收,员工端,S04,合格入库/不合格隔离,温度感官数量,提交/确认/处理/退回/转交（按权限）,批次记录,按流程配置；默认1个工作日,超时提醒→主管催办→高风险升级,仅退回到可编辑前置节点；关键财务/签署节点不得物理回退,操作者、身份、时间、前后值、原因、附件哈希、设备/IP
P059,食材验收,员工端,S05,批次记录,合格入库/不合格隔离,提交/确认/处理/退回/转交（按权限）,供应商反馈,按流程配置；默认1个工作日,超时提醒→主管催办→高风险升级,仅退回到可编辑前置节点；关键财务/签署节点不得物理回退,操作者、身份、时间、前后值、原因、附件哈希、设备/IP
P059,食材验收,员工端,S06,供应商反馈,批次记录,提交/确认/处理/退回/转交（按权限）,已关闭,按流程配置；默认1个工作日,超时提醒→主管催办→高风险升级,仅退回到可编辑前置节点；关键财务/签署节点不得物理回退,操作者、身份、时间、前后值、原因、附件哈希、设备/IP
P060,食品安全事件,员工端,S01,停止供应,流程触发/发起,提交/确认/处理/退回/转交（按权限）,隔离批次,按流程配置；默认1个工作日,超时提醒→主管催办→高风险升级,仅退回到可编辑前置节点；关键财务/签署节点不得物理回退,操作者、身份、时间、前后值、原因、附件哈希、设备/IP
P060,食品安全事件,员工端,S02,隔离批次,停止供应,提交/确认/处理/退回/转交（按权限）,保留样品记录,按流程配置；默认1个工作日,超时提醒→主管催办→高风险升级,仅退回到可编辑前置节点；关键财务/签署节点不得物理回退,操作者、身份、时间、前后值、原因、附件哈希、设备/IP
P060,食品安全事件,员工端,S03,保留样品记录,隔离批次,提交/确认/处理/退回/转交（按权限）,报告,按流程配置；默认1个工作日,超时提醒→主管催办→高风险升级,仅退回到可编辑前置节点；关键财务/签署节点不得物理回退,操作者、身份、时间、前后值、原因、附件哈希、设备/IP
P060,食品安全事件,员工端,S04,报告,保留样品记录,提交/确认/处理/退回/转交（按权限）,医疗协助,事项关闭后2个工作日,超时提醒→主管催办→高风险升级,仅退回到可编辑前置节点；关键财务/签署节点不得物理回退,操作者、身份、时间、前后值、原因、附件哈希、设备/IP
P060,食品安全事件,员工端,S05,医疗协助,报告,提交/确认/处理/退回/转交（按权限）,统一案件,按流程配置；默认1个工作日,超时提醒→主管催办→高风险升级,仅退回到可编辑前置节点；关键财务/签署节点不得物理回退,操作者、身份、时间、前后值、原因、附件哈希、设备/IP
P060,食品安全事件,员工端,S06,统一案件,医疗协助,提交/确认/处理/退回/转交（按权限）,追溯调查,按流程配置；默认1个工作日,超时提醒→主管催办→高风险升级,仅退回到可编辑前置节点；关键财务/签署节点不得物理回退,操作者、身份、时间、前后值、原因、附件哈希、设备/IP
P060,食品安全事件,员工端,S07,追溯调查,统一案件,提交/确认/处理/退回/转交（按权限）,整改验证,按流程配置；默认1个工作日,超时提醒→主管催办→高风险升级,仅退回到可编辑前置节点；关键财务/签署节点不得物理回退,操作者、身份、时间、前后值、原因、附件哈希、设备/IP
P060,食品安全事件,员工端,S08,整改验证,追溯调查,提交/确认/处理/退回/转交（按权限）,已关闭,按流程配置；默认1个工作日,超时提醒→主管催办→高风险升级,仅退回到可编辑前置节点；关键财务/签署节点不得物理回退,操作者、身份、时间、前后值、原因、附件哈希、设备/IP
P061,餐卡结算,员工端,S01,账户变更申请,流程触发/发起,提交/确认/处理/退回/转交（按权限）,资格校验,按流程配置；默认1个工作日,超时提醒→主管催办→高风险升级,仅退回到可编辑前置节点；关键财务/签署节点不得物理回退,操作者、身份、时间、前后值、原因、附件哈希、设备/IP
P061,餐卡结算,员工端,S02,资格校验,账户变更申请,提交/确认/处理/退回/转交（按权限）,充值/补贴/冻结,按流程配置；默认1个工作日,超时提醒→主管催办→高风险升级,仅退回到可编辑前置节点；关键财务/签署节点不得物理回退,操作者、身份、时间、前后值、原因、附件哈希、设备/IP
P061,餐卡结算,员工端,S03,充值/补贴/冻结,资格校验,提交/确认/处理/退回/转交（按权限）,交易回执,按流程配置；默认1个工作日,超时提醒→主管催办→高风险升级,仅退回到可编辑前置节点；关键财务/签署节点不得物理回退,操作者、身份、时间、前后值、原因、附件哈希、设备/IP
P061,餐卡结算,员工端,S04,交易回执,充值/补贴/冻结,提交/确认/处理/退回/转交（按权限）,日结对账,按流程配置；默认1个工作日,超时提醒→主管催办→高风险升级,仅退回到可编辑前置节点；关键财务/签署节点不得物理回退,操作者、身份、时间、前后值、原因、附件哈希、设备/IP
P061,餐卡结算,员工端,S05,日结对账,交易回执,提交/确认/处理/退回/转交（按权限）,差异处理,T+1个工作日或财务日历,超时提醒→主管催办→高风险升级,仅退回到可编辑前置节点；关键财务/签署节点不得物理回退,操作者、身份、时间、前后值、原因、附件哈希、设备/IP
P061,餐卡结算,员工端,S06,差异处理,日结对账,提交/确认/处理/退回/转交（按权限）,已关闭,按流程配置；默认1个工作日,超时提醒→主管催办→高风险升级,仅退回到可编辑前置节点；关键财务/签署节点不得物理回退,操作者、身份、时间、前后值、原因、附件哈希、设备/IP
P062,日常巡逻,员工端,S01,发布班次,流程触发/发起,提交/确认/处理/退回/转交（按权限）,领取装备,按流程配置；默认1个工作日,超时提醒→主管催办→高风险升级,仅退回到可编辑前置节点；关键财务/签署节点不得物理回退,操作者、身份、时间、前后值、原因、附件哈希、设备/IP
P062,日常巡逻,员工端,S02,领取装备,发布班次,提交/确认/处理/退回/转交（按权限）,岗位签到,按流程配置；默认1个工作日,超时提醒→主管催办→高风险升级,仅退回到可编辑前置节点；关键财务/签署节点不得物理回退,操作者、身份、时间、前后值、原因、附件哈希、设备/IP
P062,日常巡逻,员工端,S03,岗位签到,领取装备,提交/确认/处理/退回/转交（按权限）,路线巡更,按流程配置；默认1个工作日,超时提醒→主管催办→高风险升级,仅退回到可编辑前置节点；关键财务/签署节点不得物理回退,操作者、身份、时间、前后值、原因、附件哈希、设备/IP
P062,日常巡逻,员工端,S04,路线巡更,岗位签到,提交/确认/处理/退回/转交（按权限）,异常上报,按流程配置；默认1个工作日,超时提醒→主管催办→高风险升级,仅退回到可编辑前置节点；关键财务/签署节点不得物理回退,操作者、身份、时间、前后值、原因、附件哈希、设备/IP
P062,日常巡逻,员工端,S05,异常上报,路线巡更,提交/确认/处理/退回/转交（按权限）,现场措施,立即响应；L3/L4 30分钟内升级,超时提醒→主管催办→高风险升级,仅退回到可编辑前置节点；关键财务/签署节点不得物理回退,操作者、身份、时间、前后值、原因、附件哈希、设备/IP
P062,日常巡逻,员工端,S06,现场措施,异常上报,提交/确认/处理/退回/转交（按权限）,工单/案件,按流程配置；默认1个工作日,超时提醒→主管催办→高风险升级,仅退回到可编辑前置节点；关键财务/签署节点不得物理回退,操作者、身份、时间、前后值、原因、附件哈希、设备/IP
P062,日常巡逻,员工端,S07,工单/案件,现场措施,提交/确认/处理/退回/转交（按权限）,交接,按流程配置；默认1个工作日,超时提醒→主管催办→高风险升级,仅退回到可编辑前置节点；关键财务/签署节点不得物理回退,操作者、身份、时间、前后值、原因、附件哈希、设备/IP
P062,日常巡逻,员工端,S08,交接,工单/案件,提交/确认/处理/退回/转交（按权限）,班次确认,按流程配置；默认1个工作日,超时提醒→主管催办→高风险升级,仅退回到可编辑前置节点；关键财务/签署节点不得物理回退,操作者、身份、时间、前后值、原因、附件哈希、设备/IP
P062,日常巡逻,员工端,S09,班次确认,交接,提交/确认/处理/退回/转交（按权限）,已关闭,1个工作日；高风险按制度,超时提醒→主管催办→高风险升级,仅退回到可编辑前置节点；关键财务/签署节点不得物理回退,操作者、身份、时间、前后值、原因、附件哈希、设备/IP
P063,客流预警,员工端,S01,客流采集,流程触发/发起,提交/确认/处理/退回/转交（按权限）,阈值触发,按流程配置；默认1个工作日,超时提醒→主管催办→高风险升级,仅退回到可编辑前置节点；关键财务/签署节点不得物理回退,操作者、身份、时间、前后值、原因、附件哈希、设备/IP
P063,客流预警,员工端,S02,阈值触发,客流采集,提交/确认/处理/退回/转交（按权限）,区域确认,按流程配置；默认1个工作日,超时提醒→主管催办→高风险升级,仅退回到可编辑前置节点；关键财务/签署节点不得物理回退,操作者、身份、时间、前后值、原因、附件哈希、设备/IP
P063,客流预警,员工端,S03,区域确认,阈值触发,提交/确认/处理/退回/转交（按权限）,疏导方案,1个工作日；高风险按制度,超时提醒→主管催办→高风险升级,仅退回到可编辑前置节点；关键财务/签署节点不得物理回退,操作者、身份、时间、前后值、原因、附件哈希、设备/IP
P063,客流预警,员工端,S04,疏导方案,区域确认,提交/确认/处理/退回/转交（按权限）,跨中心广播,按流程配置；默认1个工作日,超时提醒→主管催办→高风险升级,仅退回到可编辑前置节点；关键财务/签署节点不得物理回退,操作者、身份、时间、前后值、原因、附件哈希、设备/IP
P063,客流预警,员工端,S05,跨中心广播,疏导方案,提交/确认/处理/退回/转交（按权限）,现场执行,按流程配置；默认1个工作日,超时提醒→主管催办→高风险升级,仅退回到可编辑前置节点；关键财务/签署节点不得物理回退,操作者、身份、时间、前后值、原因、附件哈希、设备/IP
P063,客流预警,员工端,S06,现场执行,跨中心广播,提交/确认/处理/退回/转交（按权限）,解除预警,按计划时点/班次完成,超时提醒→主管催办→高风险升级,仅退回到可编辑前置节点；关键财务/签署节点不得物理回退,操作者、身份、时间、前后值、原因、附件哈希、设备/IP
P063,客流预警,员工端,S07,解除预警,现场执行,提交/确认/处理/退回/转交（按权限）,复盘,按流程配置；默认1个工作日,超时提醒→主管催办→高风险升级,仅退回到可编辑前置节点；关键财务/签署节点不得物理回退,操作者、身份、时间、前后值、原因、附件哈希、设备/IP
P063,客流预警,员工端,S08,复盘,解除预警,提交/确认/处理/退回/转交（按权限）,已关闭,事项关闭后2个工作日,超时提醒→主管催办→高风险升级,仅退回到可编辑前置节点；关键财务/签署节点不得物理回退,操作者、身份、时间、前后值、原因、附件哈希、设备/IP
P064,安全事件,员工端,S01,发现,流程触发/发起,提交/确认/处理/退回/转交（按权限）,人员保护,按流程配置；默认1个工作日,超时提醒→主管催办→高风险升级,仅退回到可编辑前置节点；关键财务/签署节点不得物理回退,操作者、身份、时间、前后值、原因、附件哈希、设备/IP
P064,安全事件,员工端,S02,人员保护,发现,提交/确认/处理/退回/转交（按权限）,报警/救援,按流程配置；默认1个工作日,超时提醒→主管催办→高风险升级,仅退回到可编辑前置节点；关键财务/签署节点不得物理回退,操作者、身份、时间、前后值、原因、附件哈希、设备/IP
P064,安全事件,员工端,S03,报警/救援,人员保护,提交/确认/处理/退回/转交（按权限）,现场隔离,立即响应；L3/L4 30分钟内升级,超时提醒→主管催办→高风险升级,仅退回到可编辑前置节点；关键财务/签署节点不得物理回退,操作者、身份、时间、前后值、原因、附件哈希、设备/IP
P064,安全事件,员工端,S04,现场隔离,报警/救援,提交/确认/处理/退回/转交（按权限）,证据保全,按流程配置；默认1个工作日,超时提醒→主管催办→高风险升级,仅退回到可编辑前置节点；关键财务/签署节点不得物理回退,操作者、身份、时间、前后值、原因、附件哈希、设备/IP
P064,安全事件,员工端,S05,证据保全,现场隔离,提交/确认/处理/退回/转交（按权限）,统一案件,按流程配置；默认1个工作日,超时提醒→主管催办→高风险升级,仅退回到可编辑前置节点；关键财务/签署节点不得物理回退,操作者、身份、时间、前后值、原因、附件哈希、设备/IP
P064,安全事件,员工端,S06,统一案件,证据保全,提交/确认/处理/退回/转交（按权限）,调查整改,按流程配置；默认1个工作日,超时提醒→主管催办→高风险升级,仅退回到可编辑前置节点；关键财务/签署节点不得物理回退,操作者、身份、时间、前后值、原因、附件哈希、设备/IP
P064,安全事件,员工端,S07,调查整改,统一案件,提交/确认/处理/退回/转交（按权限）,复查关闭,按流程配置；默认1个工作日,超时提醒→主管催办→高风险升级,仅退回到可编辑前置节点；关键财务/签署节点不得物理回退,操作者、身份、时间、前后值、原因、附件哈希、设备/IP
P064,安全事件,员工端,S08,复查关闭,调查整改,提交/确认/处理/退回/转交（按权限）,已关闭,按流程配置；默认1个工作日,超时提醒→主管催办→高风险升级,仅退回到可编辑前置节点；关键财务/签署节点不得物理回退,操作者、身份、时间、前后值、原因、附件哈希、设备/IP
P065,活动安保,员工端,S01,活动主单,流程触发/发起,提交/确认/处理/退回/转交（按权限）,风险评估,按流程配置；默认1个工作日,超时提醒→主管催办→高风险升级,仅退回到可编辑前置节点；关键财务/签署节点不得物理回退,操作者、身份、时间、前后值、原因、附件哈希、设备/IP
P065,活动安保,员工端,S02,风险评估,活动主单,提交/确认/处理/退回/转交（按权限）,岗位布置,立即响应；L3/L4 30分钟内升级,超时提醒→主管催办→高风险升级,仅退回到可编辑前置节点；关键财务/签署节点不得物理回退,操作者、身份、时间、前后值、原因、附件哈希、设备/IP
P065,活动安保,员工端,S03,岗位布置,风险评估,提交/确认/处理/退回/转交（按权限）,人员确认,按流程配置；默认1个工作日,超时提醒→主管催办→高风险升级,仅退回到可编辑前置节点；关键财务/签署节点不得物理回退,操作者、身份、时间、前后值、原因、附件哈希、设备/IP
P065,活动安保,员工端,S04,人员确认,岗位布置,提交/确认/处理/退回/转交（按权限）,现场指挥,1个工作日；高风险按制度,超时提醒→主管催办→高风险升级,仅退回到可编辑前置节点；关键财务/签署节点不得物理回退,操作者、身份、时间、前后值、原因、附件哈希、设备/IP
P065,活动安保,员工端,S05,现场指挥,人员确认,提交/确认/处理/退回/转交（按权限）,异常处置,按流程配置；默认1个工作日,超时提醒→主管催办→高风险升级,仅退回到可编辑前置节点；关键财务/签署节点不得物理回退,操作者、身份、时间、前后值、原因、附件哈希、设备/IP
P065,活动安保,员工端,S06,异常处置,现场指挥,提交/确认/处理/退回/转交（按权限）,撤场清点,立即响应；L3/L4 30分钟内升级,超时提醒→主管催办→高风险升级,仅退回到可编辑前置节点；关键财务/签署节点不得物理回退,操作者、身份、时间、前后值、原因、附件哈希、设备/IP
P065,活动安保,员工端,S07,撤场清点,异常处置,提交/确认/处理/退回/转交（按权限）,复盘,按流程配置；默认1个工作日,超时提醒→主管催办→高风险升级,仅退回到可编辑前置节点；关键财务/签署节点不得物理回退,操作者、身份、时间、前后值、原因、附件哈希、设备/IP
P065,活动安保,员工端,S08,复盘,撤场清点,提交/确认/处理/退回/转交（按权限）,已关闭,事项关闭后2个工作日,超时提醒→主管催办→高风险升级,仅退回到可编辑前置节点；关键财务/签署节点不得物理回退,操作者、身份、时间、前后值、原因、附件哈希、设备/IP
P066,日常清洁,员工端,S01,计划生成,流程触发/发起,提交/确认/处理/退回/转交（按权限）,班次分派,按流程配置；默认1个工作日,超时提醒→主管催办→高风险升级,仅退回到可编辑前置节点；关键财务/签署节点不得物理回退,操作者、身份、时间、前后值、原因、附件哈希、设备/IP
P066,日常清洁,员工端,S02,班次分派,计划生成,提交/确认/处理/退回/转交（按权限）,任务接收,按流程配置；默认1个工作日,超时提醒→主管催办→高风险升级,仅退回到可编辑前置节点；关键财务/签署节点不得物理回退,操作者、身份、时间、前后值、原因、附件哈希、设备/IP
P066,日常清洁,员工端,S03,任务接收,班次分派,提交/确认/处理/退回/转交（按权限）,作业,按流程配置；默认1个工作日,超时提醒→主管催办→高风险升级,仅退回到可编辑前置节点；关键财务/签署节点不得物理回退,操作者、身份、时间、前后值、原因、附件哈希、设备/IP
P066,日常清洁,员工端,S04,作业,任务接收,提交/确认/处理/退回/转交（按权限）,自检,按计划时点/班次完成,超时提醒→主管催办→高风险升级,仅退回到可编辑前置节点；关键财务/签署节点不得物理回退,操作者、身份、时间、前后值、原因、附件哈希、设备/IP
P066,日常清洁,员工端,S05,自检,作业,提交/确认/处理/退回/转交（按权限）,巡检,按流程配置；默认1个工作日,超时提醒→主管催办→高风险升级,仅退回到可编辑前置节点；关键财务/签署节点不得物理回退,操作者、身份、时间、前后值、原因、附件哈希、设备/IP
P066,日常清洁,员工端,S06,巡检,自检,提交/确认/处理/退回/转交（按权限）,不合格返工,按计划时点/班次完成,超时提醒→主管催办→高风险升级,仅退回到可编辑前置节点；关键财务/签署节点不得物理回退,操作者、身份、时间、前后值、原因、附件哈希、设备/IP
P066,日常清洁,员工端,S07,不合格返工,巡检,提交/确认/处理/退回/转交（按权限）,验收,按流程配置；默认1个工作日,超时提醒→主管催办→高风险升级,仅退回到可编辑前置节点；关键财务/签署节点不得物理回退,操作者、身份、时间、前后值、原因、附件哈希、设备/IP
P066,日常清洁,员工端,S08,验收,不合格返工,提交/确认/处理/退回/转交（按权限）,已关闭,1个工作日；高风险按制度,超时提醒→主管催办→高风险升级,仅退回到可编辑前置节点；关键财务/签署节点不得物理回退,操作者、身份、时间、前后值、原因、附件哈希、设备/IP
P067,污染应急,员工端,S01,发现,流程触发/发起,提交/确认/处理/退回/转交（按权限）,设置警示,按流程配置；默认1个工作日,超时提醒→主管催办→高风险升级,仅退回到可编辑前置节点；关键财务/签署节点不得物理回退,操作者、身份、时间、前后值、原因、附件哈希、设备/IP
P067,污染应急,员工端,S02,设置警示,发现,提交/确认/处理/退回/转交（按权限）,快速清理,按流程配置；默认1个工作日,超时提醒→主管催办→高风险升级,仅退回到可编辑前置节点；关键财务/签署节点不得物理回退,操作者、身份、时间、前后值、原因、附件哈希、设备/IP
P067,污染应急,员工端,S03,快速清理,设置警示,提交/确认/处理/退回/转交（按权限）,必要时协同安保,按流程配置；默认1个工作日,超时提醒→主管催办→高风险升级,仅退回到可编辑前置节点；关键财务/签署节点不得物理回退,操作者、身份、时间、前后值、原因、附件哈希、设备/IP
P067,污染应急,员工端,S04,必要时协同安保,快速清理,提交/确认/处理/退回/转交（按权限）,复查,按流程配置；默认1个工作日,超时提醒→主管催办→高风险升级,仅退回到可编辑前置节点；关键财务/签署节点不得物理回退,操作者、身份、时间、前后值、原因、附件哈希、设备/IP
P067,污染应急,员工端,S05,复查,必要时协同安保,提交/确认/处理/退回/转交（按权限）,原因记录,按流程配置；默认1个工作日,超时提醒→主管催办→高风险升级,仅退回到可编辑前置节点；关键财务/签署节点不得物理回退,操作者、身份、时间、前后值、原因、附件哈希、设备/IP
P067,污染应急,员工端,S06,原因记录,复查,提交/确认/处理/退回/转交（按权限）,关闭,按流程配置；默认1个工作日,超时提醒→主管催办→高风险升级,仅退回到可编辑前置节点；关键财务/签署节点不得物理回退,操作者、身份、时间、前后值、原因、附件哈希、设备/IP
P067,污染应急,员工端,S07,关闭,原因记录,提交/确认/处理/退回/转交（按权限）,已关闭,按流程配置；默认1个工作日,超时提醒→主管催办→高风险升级,仅退回到可编辑前置节点；关键财务/签署节点不得物理回退,操作者、身份、时间、前后值、原因、附件哈希、设备/IP
P068,活动保障,员工端,S01,活动需求,流程触发/发起,提交/确认/处理/退回/转交（按权限）,区域工作量评估,按流程配置；默认1个工作日,超时提醒→主管催办→高风险升级,仅退回到可编辑前置节点；关键财务/签署节点不得物理回退,操作者、身份、时间、前后值、原因、附件哈希、设备/IP
P068,活动保障,员工端,S02,区域工作量评估,活动需求,提交/确认/处理/退回/转交（按权限）,人员耗材计划,按流程配置；默认1个工作日,超时提醒→主管催办→高风险升级,仅退回到可编辑前置节点；关键财务/签署节点不得物理回退,操作者、身份、时间、前后值、原因、附件哈希、设备/IP
P068,活动保障,员工端,S03,人员耗材计划,区域工作量评估,提交/确认/处理/退回/转交（按权限）,现场执行,按流程配置；默认1个工作日,超时提醒→主管催办→高风险升级,仅退回到可编辑前置节点；关键财务/签署节点不得物理回退,操作者、身份、时间、前后值、原因、附件哈希、设备/IP
P068,活动保障,员工端,S04,现场执行,人员耗材计划,提交/确认/处理/退回/转交（按权限）,动态补位,按计划时点/班次完成,超时提醒→主管催办→高风险升级,仅退回到可编辑前置节点；关键财务/签署节点不得物理回退,操作者、身份、时间、前后值、原因、附件哈希、设备/IP
P068,活动保障,员工端,S05,动态补位,现场执行,提交/确认/处理/退回/转交（按权限）,撤场清洁,按流程配置；默认1个工作日,超时提醒→主管催办→高风险升级,仅退回到可编辑前置节点；关键财务/签署节点不得物理回退,操作者、身份、时间、前后值、原因、附件哈希、设备/IP
P068,活动保障,员工端,S06,撤场清洁,动态补位,提交/确认/处理/退回/转交（按权限）,验收复盘,按计划时点/班次完成,超时提醒→主管催办→高风险升级,仅退回到可编辑前置节点；关键财务/签署节点不得物理回退,操作者、身份、时间、前后值、原因、附件哈希、设备/IP
P068,活动保障,员工端,S07,验收复盘,撤场清洁,提交/确认/处理/退回/转交（按权限）,已关闭,1个工作日；高风险按制度,超时提醒→主管催办→高风险升级,仅退回到可编辑前置节点；关键财务/签署节点不得物理回退,操作者、身份、时间、前后值、原因、附件哈希、设备/IP
P069,商户准入,员工端,S01,商户申请,流程触发/发起,提交/确认/处理/退回/转交（按权限）,资质核验,按流程配置；默认1个工作日,超时提醒→主管催办→高风险升级,仅退回到可编辑前置节点；关键财务/签署节点不得物理回退,操作者、身份、时间、前后值、原因、附件哈希、设备/IP
P069,商户准入,员工端,S02,资质核验,商户申请,提交/确认/处理/退回/转交（按权限）,品类与位置评审,按流程配置；默认1个工作日,超时提醒→主管催办→高风险升级,仅退回到可编辑前置节点；关键财务/签署节点不得物理回退,操作者、身份、时间、前后值、原因、附件哈希、设备/IP
P069,商户准入,员工端,S03,品类与位置评审,资质核验,提交/确认/处理/退回/转交（按权限）,合同协同,1个工作日；高风险按制度,超时提醒→主管催办→高风险升级,仅退回到可编辑前置节点；关键财务/签署节点不得物理回退,操作者、身份、时间、前后值、原因、附件哈希、设备/IP
P069,商户准入,员工端,S04,合同协同,品类与位置评审,提交/确认/处理/退回/转交（按权限）,装修/进场,按流程配置；默认1个工作日,超时提醒→主管催办→高风险升级,仅退回到可编辑前置节点；关键财务/签署节点不得物理回退,操作者、身份、时间、前后值、原因、附件哈希、设备/IP
P069,商户准入,员工端,S05,装修/进场,合同协同,提交/确认/处理/退回/转交（按权限）,验收,按流程配置；默认1个工作日,超时提醒→主管催办→高风险升级,仅退回到可编辑前置节点；关键财务/签署节点不得物理回退,操作者、身份、时间、前后值、原因、附件哈希、设备/IP
P069,商户准入,员工端,S06,验收,装修/进场,提交/确认/处理/退回/转交（按权限）,开业,1个工作日；高风险按制度,超时提醒→主管催办→高风险升级,仅退回到可编辑前置节点；关键财务/签署节点不得物理回退,操作者、身份、时间、前后值、原因、附件哈希、设备/IP
P069,商户准入,员工端,S07,开业,验收,提交/确认/处理/退回/转交（按权限）,已关闭,按流程配置；默认1个工作日,超时提醒→主管催办→高风险升级,仅退回到可编辑前置节点；关键财务/签署节点不得物理回退,操作者、身份、时间、前后值、原因、附件哈希、设备/IP
P070,日常巡检,员工端,S01,巡检计划,流程触发/发起,提交/确认/处理/退回/转交（按权限）,现场检查,按计划时点/班次完成,超时提醒→主管催办→高风险升级,仅退回到可编辑前置节点；关键财务/签署节点不得物理回退,操作者、身份、时间、前后值、原因、附件哈希、设备/IP
P070,日常巡检,员工端,S02,现场检查,巡检计划,提交/确认/处理/退回/转交（按权限）,问题记录,按流程配置；默认1个工作日,超时提醒→主管催办→高风险升级,仅退回到可编辑前置节点；关键财务/签署节点不得物理回退,操作者、身份、时间、前后值、原因、附件哈希、设备/IP
P070,日常巡检,员工端,S03,问题记录,现场检查,提交/确认/处理/退回/转交（按权限）,整改通知,按流程配置；默认1个工作日,超时提醒→主管催办→高风险升级,仅退回到可编辑前置节点；关键财务/签署节点不得物理回退,操作者、身份、时间、前后值、原因、附件哈希、设备/IP
P070,日常巡检,员工端,S04,整改通知,问题记录,提交/确认/处理/退回/转交（按权限）,商户反馈,按流程配置；默认1个工作日,超时提醒→主管催办→高风险升级,仅退回到可编辑前置节点；关键财务/签署节点不得物理回退,操作者、身份、时间、前后值、原因、附件哈希、设备/IP
P070,日常巡检,员工端,S05,商户反馈,整改通知,提交/确认/处理/退回/转交（按权限）,复查,按流程配置；默认1个工作日,超时提醒→主管催办→高风险升级,仅退回到可编辑前置节点；关键财务/签署节点不得物理回退,操作者、身份、时间、前后值、原因、附件哈希、设备/IP
P070,日常巡检,员工端,S06,复查,商户反馈,提交/确认/处理/退回/转交（按权限）,关闭或升级案件,按流程配置；默认1个工作日,超时提醒→主管催办→高风险升级,仅退回到可编辑前置节点；关键财务/签署节点不得物理回退,操作者、身份、时间、前后值、原因、附件哈希、设备/IP
P070,日常巡检,员工端,S07,关闭或升级案件,复查,提交/确认/处理/退回/转交（按权限）,已关闭,按流程配置；默认1个工作日,超时提醒→主管催办→高风险升级,仅退回到可编辑前置节点；关键财务/签署节点不得物理回退,操作者、身份、时间、前后值、原因、附件哈希、设备/IP
P071,退场,员工端,S01,退场申请或合同到期,流程触发/发起,提交/确认/处理/退回/转交（按权限）,费用核对,按流程配置；默认1个工作日,超时提醒→主管催办→高风险升级,仅退回到可编辑前置节点；关键财务/签署节点不得物理回退,操作者、身份、时间、前后值、原因、附件哈希、设备/IP
P071,退场,员工端,S02,费用核对,退场申请或合同到期,提交/确认/处理/退回/转交（按权限）,资产和场地检查,按流程配置；默认1个工作日,超时提醒→主管催办→高风险升级,仅退回到可编辑前置节点；关键财务/签署节点不得物理回退,操作者、身份、时间、前后值、原因、附件哈希、设备/IP
P071,退场,员工端,S03,资产和场地检查,费用核对,提交/确认/处理/退回/转交（按权限）,钥匙门禁回收,按流程配置；默认1个工作日,超时提醒→主管催办→高风险升级,仅退回到可编辑前置节点；关键财务/签署节点不得物理回退,操作者、身份、时间、前后值、原因、附件哈希、设备/IP
P071,退场,员工端,S04,钥匙门禁回收,资产和场地检查,提交/确认/处理/退回/转交（按权限）,恢复验收,按流程配置；默认1个工作日,超时提醒→主管催办→高风险升级,仅退回到可编辑前置节点；关键财务/签署节点不得物理回退,操作者、身份、时间、前后值、原因、附件哈希、设备/IP
P071,退场,员工端,S05,恢复验收,钥匙门禁回收,提交/确认/处理/退回/转交（按权限）,合同财务回写,1个工作日；高风险按制度,超时提醒→主管催办→高风险升级,仅退回到可编辑前置节点；关键财务/签署节点不得物理回退,操作者、身份、时间、前后值、原因、附件哈希、设备/IP
P071,退场,员工端,S06,合同财务回写,恢复验收,提交/确认/处理/退回/转交（按权限）,关闭,按流程配置；默认1个工作日,超时提醒→主管催办→高风险升级,仅退回到可编辑前置节点；关键财务/签署节点不得物理回退,操作者、身份、时间、前后值、原因、附件哈希、设备/IP
P071,退场,员工端,S07,关闭,合同财务回写,提交/确认/处理/退回/转交（按权限）,已关闭,按流程配置；默认1个工作日,超时提醒→主管催办→高风险升级,仅退回到可编辑前置节点；关键财务/签署节点不得物理回退,操作者、身份、时间、前后值、原因、附件哈希、设备/IP
P072,节目上线,员工端,S01,节目立项,流程触发/发起,提交/确认/处理/退回/转交（按权限）,创排,按流程配置；默认1个工作日,超时提醒→主管催办→高风险升级,仅退回到可编辑前置节点；关键财务/签署节点不得物理回退,操作者、身份、时间、前后值、原因、附件哈希、设备/IP
P072,节目上线,员工端,S02,创排,节目立项,提交/确认/处理/退回/转交（按权限）,角色设计,按流程配置；默认1个工作日,超时提醒→主管催办→高风险升级,仅退回到可编辑前置节点；关键财务/签署节点不得物理回退,操作者、身份、时间、前后值、原因、附件哈希、设备/IP
P072,节目上线,员工端,S03,角色设计,创排,提交/确认/处理/退回/转交（按权限）,排练,按流程配置；默认1个工作日,超时提醒→主管催办→高风险升级,仅退回到可编辑前置节点；关键财务/签署节点不得物理回退,操作者、身份、时间、前后值、原因、附件哈希、设备/IP
P072,节目上线,员工端,S04,排练,角色设计,提交/确认/处理/退回/转交（按权限）,艺术技术安全评审,按流程配置；默认1个工作日,超时提醒→主管催办→高风险升级,仅退回到可编辑前置节点；关键财务/签署节点不得物理回退,操作者、身份、时间、前后值、原因、附件哈希、设备/IP
P072,节目上线,员工端,S05,艺术技术安全评审,排练,提交/确认/处理/退回/转交（按权限）,试演,1个工作日；高风险按制度,超时提醒→主管催办→高风险升级,仅退回到可编辑前置节点；关键财务/签署节点不得物理回退,操作者、身份、时间、前后值、原因、附件哈希、设备/IP
P072,节目上线,员工端,S06,试演,艺术技术安全评审,提交/确认/处理/退回/转交（按权限）,版本批准,按流程配置；默认1个工作日,超时提醒→主管催办→高风险升级,仅退回到可编辑前置节点；关键财务/签署节点不得物理回退,操作者、身份、时间、前后值、原因、附件哈希、设备/IP
P072,节目上线,员工端,S07,版本批准,试演,提交/确认/处理/退回/转交（按权限）,排期,按流程配置；默认1个工作日,超时提醒→主管催办→高风险升级,仅退回到可编辑前置节点；关键财务/签署节点不得物理回退,操作者、身份、时间、前后值、原因、附件哈希、设备/IP
P072,节目上线,员工端,S08,排期,版本批准,提交/确认/处理/退回/转交（按权限）,已关闭,按流程配置；默认1个工作日,超时提醒→主管催办→高风险升级,仅退回到可编辑前置节点；关键财务/签署节点不得物理回退,操作者、身份、时间、前后值、原因、附件哈希、设备/IP
P073,场次执行,员工端,S01,场次发布,流程触发/发起,提交/确认/处理/退回/转交（按权限）,演员排班,按流程配置；默认1个工作日,超时提醒→主管催办→高风险升级,仅退回到可编辑前置节点；关键财务/签署节点不得物理回退,操作者、身份、时间、前后值、原因、附件哈希、设备/IP
P073,场次执行,员工端,S02,演员排班,场次发布,提交/确认/处理/退回/转交（按权限）,冲突校验,按流程配置；默认1个工作日,超时提醒→主管催办→高风险升级,仅退回到可编辑前置节点；关键财务/签署节点不得物理回退,操作者、身份、时间、前后值、原因、附件哈希、设备/IP
P073,场次执行,员工端,S03,冲突校验,演员排班,提交/确认/处理/退回/转交（按权限）,替补确认,按流程配置；默认1个工作日,超时提醒→主管催办→高风险升级,仅退回到可编辑前置节点；关键财务/签署节点不得物理回退,操作者、身份、时间、前后值、原因、附件哈希、设备/IP
P073,场次执行,员工端,S04,替补确认,冲突校验,提交/确认/处理/退回/转交（按权限）,场前检查,1个工作日；高风险按制度,超时提醒→主管催办→高风险升级,仅退回到可编辑前置节点；关键财务/签署节点不得物理回退,操作者、身份、时间、前后值、原因、附件哈希、设备/IP
P073,场次执行,员工端,S05,场前检查,替补确认,提交/确认/处理/退回/转交（按权限）,演出,按流程配置；默认1个工作日,超时提醒→主管催办→高风险升级,仅退回到可编辑前置节点；关键财务/签署节点不得物理回退,操作者、身份、时间、前后值、原因、附件哈希、设备/IP
P073,场次执行,员工端,S06,演出,场前检查,提交/确认/处理/退回/转交（按权限）,结果确认,按计划时点/班次完成,超时提醒→主管催办→高风险升级,仅退回到可编辑前置节点；关键财务/签署节点不得物理回退,操作者、身份、时间、前后值、原因、附件哈希、设备/IP
P073,场次执行,员工端,S07,结果确认,演出,提交/确认/处理/退回/转交（按权限）,异常复盘,1个工作日；高风险按制度,超时提醒→主管催办→高风险升级,仅退回到可编辑前置节点；关键财务/签署节点不得物理回退,操作者、身份、时间、前后值、原因、附件哈希、设备/IP
P073,场次执行,员工端,S08,异常复盘,结果确认,提交/确认/处理/退回/转交（按权限）,已关闭,立即响应；L3/L4 30分钟内升级,超时提醒→主管催办→高风险升级,仅退回到可编辑前置节点；关键财务/签署节点不得物理回退,操作者、身份、时间、前后值、原因、附件哈希、设备/IP
P074,临时缺员,员工端,S01,缺员报告,流程触发/发起,提交/确认/处理/退回/转交（按权限）,替补资格校验,事项关闭后2个工作日,超时提醒→主管催办→高风险升级,仅退回到可编辑前置节点；关键财务/签署节点不得物理回退,操作者、身份、时间、前后值、原因、附件哈希、设备/IP
P074,临时缺员,员工端,S02,替补资格校验,缺员报告,提交/确认/处理/退回/转交（按权限）,排班变更,按流程配置；默认1个工作日,超时提醒→主管催办→高风险升级,仅退回到可编辑前置节点；关键财务/签署节点不得物理回退,操作者、身份、时间、前后值、原因、附件哈希、设备/IP
P074,临时缺员,员工端,S03,排班变更,替补资格校验,提交/确认/处理/退回/转交（按权限）,相关部门通知,按流程配置；默认1个工作日,超时提醒→主管催办→高风险升级,仅退回到可编辑前置节点；关键财务/签署节点不得物理回退,操作者、身份、时间、前后值、原因、附件哈希、设备/IP
P074,临时缺员,员工端,S04,相关部门通知,排班变更,提交/确认/处理/退回/转交（按权限）,场前确认,按流程配置；默认1个工作日,超时提醒→主管催办→高风险升级,仅退回到可编辑前置节点；关键财务/签署节点不得物理回退,操作者、身份、时间、前后值、原因、附件哈希、设备/IP
P074,临时缺员,员工端,S05,场前确认,相关部门通知,提交/确认/处理/退回/转交（按权限）,结果记录,1个工作日；高风险按制度,超时提醒→主管催办→高风险升级,仅退回到可编辑前置节点；关键财务/签署节点不得物理回退,操作者、身份、时间、前后值、原因、附件哈希、设备/IP
P074,临时缺员,员工端,S06,结果记录,场前确认,提交/确认/处理/退回/转交（按权限）,已关闭,按流程配置；默认1个工作日,超时提醒→主管催办→高风险升级,仅退回到可编辑前置节点；关键财务/签署节点不得物理回退,操作者、身份、时间、前后值、原因、附件哈希、设备/IP
P075,停演,员工端,S01,风险发现,流程触发/发起,提交/确认/处理/退回/转交（按权限）,暂停/取消决定,立即响应；L3/L4 30分钟内升级,超时提醒→主管催办→高风险升级,仅退回到可编辑前置节点；关键财务/签署节点不得物理回退,操作者、身份、时间、前后值、原因、附件哈希、设备/IP
P075,停演,员工端,S02,暂停/取消决定,风险发现,提交/确认/处理/退回/转交（按权限）,游客与运营通知,按流程配置；默认1个工作日,超时提醒→主管催办→高风险升级,仅退回到可编辑前置节点；关键财务/签署节点不得物理回退,操作者、身份、时间、前后值、原因、附件哈希、设备/IP
P075,停演,员工端,S03,游客与运营通知,暂停/取消决定,提交/确认/处理/退回/转交（按权限）,技术和票务协同,按流程配置；默认1个工作日,超时提醒→主管催办→高风险升级,仅退回到可编辑前置节点；关键财务/签署节点不得物理回退,操作者、身份、时间、前后值、原因、附件哈希、设备/IP
P075,停演,员工端,S04,技术和票务协同,游客与运营通知,提交/确认/处理/退回/转交（按权限）,原因调查,按流程配置；默认1个工作日,超时提醒→主管催办→高风险升级,仅退回到可编辑前置节点；关键财务/签署节点不得物理回退,操作者、身份、时间、前后值、原因、附件哈希、设备/IP
P075,停演,员工端,S05,原因调查,技术和票务协同,提交/确认/处理/退回/转交（按权限）,复演条件确认,按流程配置；默认1个工作日,超时提醒→主管催办→高风险升级,仅退回到可编辑前置节点；关键财务/签署节点不得物理回退,操作者、身份、时间、前后值、原因、附件哈希、设备/IP
P075,停演,员工端,S06,复演条件确认,原因调查,提交/确认/处理/退回/转交（按权限）,已关闭,1个工作日；高风险按制度,超时提醒→主管催办→高风险升级,仅退回到可编辑前置节点；关键财务/签署节点不得物理回退,操作者、身份、时间、前后值、原因、附件哈希、设备/IP
P076,场次准备,员工端,S01,读取节目版本,流程触发/发起,提交/确认/处理/退回/转交（按权限）,生成配置清单,按流程配置；默认1个工作日,超时提醒→主管催办→高风险升级,仅退回到可编辑前置节点；关键财务/签署节点不得物理回退,操作者、身份、时间、前后值、原因、附件哈希、设备/IP
P076,场次准备,员工端,S02,生成配置清单,读取节目版本,提交/确认/处理/退回/转交（按权限）,备货,按流程配置；默认1个工作日,超时提醒→主管催办→高风险升级,仅退回到可编辑前置节点；关键财务/签署节点不得物理回退,操作者、身份、时间、前后值、原因、附件哈希、设备/IP
P076,场次准备,员工端,S03,备货,生成配置清单,提交/确认/处理/退回/转交（按权限）,状态检查,按流程配置；默认1个工作日,超时提醒→主管催办→高风险升级,仅退回到可编辑前置节点；关键财务/签署节点不得物理回退,操作者、身份、时间、前后值、原因、附件哈希、设备/IP
P076,场次准备,员工端,S04,状态检查,备货,提交/确认/处理/退回/转交（按权限）,领用签收,按流程配置；默认1个工作日,超时提醒→主管催办→高风险升级,仅退回到可编辑前置节点；关键财务/签署节点不得物理回退,操作者、身份、时间、前后值、原因、附件哈希、设备/IP
P076,场次准备,员工端,S05,领用签收,状态检查,提交/确认/处理/退回/转交（按权限）,场次使用,按流程配置；默认1个工作日,超时提醒→主管催办→高风险升级,仅退回到可编辑前置节点；关键财务/签署节点不得物理回退,操作者、身份、时间、前后值、原因、附件哈希、设备/IP
P076,场次准备,员工端,S06,场次使用,领用签收,提交/确认/处理/退回/转交（按权限）,归还验收,按流程配置；默认1个工作日,超时提醒→主管催办→高风险升级,仅退回到可编辑前置节点；关键财务/签署节点不得物理回退,操作者、身份、时间、前后值、原因、附件哈希、设备/IP
P076,场次准备,员工端,S07,归还验收,场次使用,提交/确认/处理/退回/转交（按权限）,清洁维护,1个工作日；高风险按制度,超时提醒→主管催办→高风险升级,仅退回到可编辑前置节点；关键财务/签署节点不得物理回退,操作者、身份、时间、前后值、原因、附件哈希、设备/IP
P076,场次准备,员工端,S08,清洁维护,归还验收,提交/确认/处理/退回/转交（按权限）,已关闭,按计划时点/班次完成,超时提醒→主管催办→高风险升级,仅退回到可编辑前置节点；关键财务/签署节点不得物理回退,操作者、身份、时间、前后值、原因、附件哈希、设备/IP
P077,损坏报损,员工端,S01,归还发现异常,流程触发/发起,提交/确认/处理/退回/转交（按权限）,隔离,立即响应；L3/L4 30分钟内升级,超时提醒→主管催办→高风险升级,仅退回到可编辑前置节点；关键财务/签署节点不得物理回退,操作者、身份、时间、前后值、原因、附件哈希、设备/IP
P077,损坏报损,员工端,S02,隔离,归还发现异常,提交/确认/处理/退回/转交（按权限）,专业鉴定,按流程配置；默认1个工作日,超时提醒→主管催办→高风险升级,仅退回到可编辑前置节点；关键财务/签署节点不得物理回退,操作者、身份、时间、前后值、原因、附件哈希、设备/IP
P077,损坏报损,员工端,S03,专业鉴定,隔离,提交/确认/处理/退回/转交（按权限）,维修/报损建议,按流程配置；默认1个工作日,超时提醒→主管催办→高风险升级,仅退回到可编辑前置节点；关键财务/签署节点不得物理回退,操作者、身份、时间、前后值、原因、附件哈希、设备/IP
P077,损坏报损,员工端,S04,维修/报损建议,专业鉴定,提交/确认/处理/退回/转交（按权限）,审批,按计划时点/班次完成,超时提醒→主管催办→高风险升级,仅退回到可编辑前置节点；关键财务/签署节点不得物理回退,操作者、身份、时间、前后值、原因、附件哈希、设备/IP
P077,损坏报损,员工端,S05,审批,维修/报损建议,提交/确认/处理/退回/转交（按权限）,维修或资产处置,1个工作日；高风险按制度,超时提醒→主管催办→高风险升级,仅退回到可编辑前置节点；关键财务/签署节点不得物理回退,操作者、身份、时间、前后值、原因、附件哈希、设备/IP
P077,损坏报损,员工端,S06,维修或资产处置,审批,提交/确认/处理/退回/转交（按权限）,状态回写,按计划时点/班次完成,超时提醒→主管催办→高风险升级,仅退回到可编辑前置节点；关键财务/签署节点不得物理回退,操作者、身份、时间、前后值、原因、附件哈希、设备/IP
P077,损坏报损,员工端,S07,状态回写,维修或资产处置,提交/确认/处理/退回/转交（按权限）,已关闭,按流程配置；默认1个工作日,超时提醒→主管催办→高风险升级,仅退回到可编辑前置节点；关键财务/签署节点不得物理回退,操作者、身份、时间、前后值、原因、附件哈希、设备/IP
P078,盘点,员工端,S01,计划,流程触发/发起,提交/确认/处理/退回/转交（按权限）,分区冻结,按流程配置；默认1个工作日,超时提醒→主管催办→高风险升级,仅退回到可编辑前置节点；关键财务/签署节点不得物理回退,操作者、身份、时间、前后值、原因、附件哈希、设备/IP
P078,盘点,员工端,S02,分区冻结,计划,提交/确认/处理/退回/转交（按权限）,实盘,按流程配置；默认1个工作日,超时提醒→主管催办→高风险升级,仅退回到可编辑前置节点；关键财务/签署节点不得物理回退,操作者、身份、时间、前后值、原因、附件哈希、设备/IP
P078,盘点,员工端,S03,实盘,分区冻结,提交/确认/处理/退回/转交（按权限）,差异,按流程配置；默认1个工作日,超时提醒→主管催办→高风险升级,仅退回到可编辑前置节点；关键财务/签署节点不得物理回退,操作者、身份、时间、前后值、原因、附件哈希、设备/IP
P078,盘点,员工端,S04,差异,实盘,提交/确认/处理/退回/转交（按权限）,追溯场次领用,按流程配置；默认1个工作日,超时提醒→主管催办→高风险升级,仅退回到可编辑前置节点；关键财务/签署节点不得物理回退,操作者、身份、时间、前后值、原因、附件哈希、设备/IP
P078,盘点,员工端,S05,追溯场次领用,差异,提交/确认/处理/退回/转交（按权限）,处理,按流程配置；默认1个工作日,超时提醒→主管催办→高风险升级,仅退回到可编辑前置节点；关键财务/签署节点不得物理回退,操作者、身份、时间、前后值、原因、附件哈希、设备/IP
P078,盘点,员工端,S06,处理,追溯场次领用,提交/确认/处理/退回/转交（按权限）,复核,按流程配置；默认1个工作日,超时提醒→主管催办→高风险升级,仅退回到可编辑前置节点；关键财务/签署节点不得物理回退,操作者、身份、时间、前后值、原因、附件哈希、设备/IP
P078,盘点,员工端,S07,复核,处理,提交/确认/处理/退回/转交（按权限）,已关闭,1个工作日；高风险按制度,超时提醒→主管催办→高风险升级,仅退回到可编辑前置节点；关键财务/签署节点不得物理回退,操作者、身份、时间、前后值、原因、附件哈希、设备/IP
P079,飞行任务,员工端,S01,任务申请,流程触发/发起,提交/确认/处理/退回/转交（按权限）,区域与用途审核,按流程配置；默认1个工作日,超时提醒→主管催办→高风险升级,仅退回到可编辑前置节点；关键财务/签署节点不得物理回退,操作者、身份、时间、前后值、原因、附件哈希、设备/IP
P079,飞行任务,员工端,S02,区域与用途审核,任务申请,提交/确认/处理/退回/转交（按权限）,资质设备校验,1个工作日；高风险按制度,超时提醒→主管催办→高风险升级,仅退回到可编辑前置节点；关键财务/签署节点不得物理回退,操作者、身份、时间、前后值、原因、附件哈希、设备/IP
P079,飞行任务,员工端,S03,资质设备校验,区域与用途审核,提交/确认/处理/退回/转交（按权限）,气象与报备,按流程配置；默认1个工作日,超时提醒→主管催办→高风险升级,仅退回到可编辑前置节点；关键财务/签署节点不得物理回退,操作者、身份、时间、前后值、原因、附件哈希、设备/IP
P079,飞行任务,员工端,S04,气象与报备,资质设备校验,提交/确认/处理/退回/转交（按权限）,计划批准,按流程配置；默认1个工作日,超时提醒→主管催办→高风险升级,仅退回到可编辑前置节点；关键财务/签署节点不得物理回退,操作者、身份、时间、前后值、原因、附件哈希、设备/IP
P079,飞行任务,员工端,S05,计划批准,气象与报备,提交/确认/处理/退回/转交（按权限）,场前检查,按流程配置；默认1个工作日,超时提醒→主管催办→高风险升级,仅退回到可编辑前置节点；关键财务/签署节点不得物理回退,操作者、身份、时间、前后值、原因、附件哈希、设备/IP
P079,飞行任务,员工端,S06,场前检查,计划批准,提交/确认/处理/退回/转交（按权限）,飞行,按流程配置；默认1个工作日,超时提醒→主管催办→高风险升级,仅退回到可编辑前置节点；关键财务/签署节点不得物理回退,操作者、身份、时间、前后值、原因、附件哈希、设备/IP
P079,飞行任务,员工端,S07,飞行,场前检查,提交/确认/处理/退回/转交（按权限）,日志回传,按计划时点/班次完成,超时提醒→主管催办→高风险升级,仅退回到可编辑前置节点；关键财务/签署节点不得物理回退,操作者、身份、时间、前后值、原因、附件哈希、设备/IP
P079,飞行任务,员工端,S08,日志回传,飞行,提交/确认/处理/退回/转交（按权限）,验收归档,按流程配置；默认1个工作日,超时提醒→主管催办→高风险升级,仅退回到可编辑前置节点；关键财务/签署节点不得物理回退,操作者、身份、时间、前后值、原因、附件哈希、设备/IP
P079,飞行任务,员工端,S09,验收归档,日志回传,提交/确认/处理/退回/转交（按权限）,已关闭,1个工作日；高风险按制度,超时提醒→主管催办→高风险升级,仅退回到可编辑前置节点；关键财务/签署节点不得物理回退,操作者、身份、时间、前后值、原因、附件哈希、设备/IP
P080,任务取消,员工端,S01,天气或风险触发,流程触发/发起,提交/确认/处理/退回/转交（按权限）,暂停,立即响应；L3/L4 30分钟内升级,超时提醒→主管催办→高风险升级,仅退回到可编辑前置节点；关键财务/签署节点不得物理回退,操作者、身份、时间、前后值、原因、附件哈希、设备/IP
P080,任务取消,员工端,S02,暂停,天气或风险触发,提交/确认/处理/退回/转交（按权限）,相关中心通知,按流程配置；默认1个工作日,超时提醒→主管催办→高风险升级,仅退回到可编辑前置节点；关键财务/签署节点不得物理回退,操作者、身份、时间、前后值、原因、附件哈希、设备/IP
P080,任务取消,员工端,S03,相关中心通知,暂停,提交/确认/处理/退回/转交（按权限）,设备解除锁定,按流程配置；默认1个工作日,超时提醒→主管催办→高风险升级,仅退回到可编辑前置节点；关键财务/签署节点不得物理回退,操作者、身份、时间、前后值、原因、附件哈希、设备/IP
P080,任务取消,员工端,S04,设备解除锁定,相关中心通知,提交/确认/处理/退回/转交（按权限）,票务/运营影响处理,按流程配置；默认1个工作日,超时提醒→主管催办→高风险升级,仅退回到可编辑前置节点；关键财务/签署节点不得物理回退,操作者、身份、时间、前后值、原因、附件哈希、设备/IP
P080,任务取消,员工端,S05,票务/运营影响处理,设备解除锁定,提交/确认/处理/退回/转交（按权限）,原因归档,按流程配置；默认1个工作日,超时提醒→主管催办→高风险升级,仅退回到可编辑前置节点；关键财务/签署节点不得物理回退,操作者、身份、时间、前后值、原因、附件哈希、设备/IP
P080,任务取消,员工端,S06,原因归档,票务/运营影响处理,提交/确认/处理/退回/转交（按权限）,已关闭,事项关闭后2个工作日,超时提醒→主管催办→高风险升级,仅退回到可编辑前置节点；关键财务/签署节点不得物理回退,操作者、身份、时间、前后值、原因、附件哈希、设备/IP
P081,飞行事故,员工端,S01,立即停飞,流程触发/发起,提交/确认/处理/退回/转交（按权限）,人员与现场保护,按流程配置；默认1个工作日,超时提醒→主管催办→高风险升级,仅退回到可编辑前置节点；关键财务/签署节点不得物理回退,操作者、身份、时间、前后值、原因、附件哈希、设备/IP
P081,飞行事故,员工端,S02,人员与现场保护,立即停飞,提交/确认/处理/退回/转交（按权限）,报告,按流程配置；默认1个工作日,超时提醒→主管催办→高风险升级,仅退回到可编辑前置节点；关键财务/签署节点不得物理回退,操作者、身份、时间、前后值、原因、附件哈希、设备/IP
P081,飞行事故,员工端,S03,报告,人员与现场保护,提交/确认/处理/退回/转交（按权限）,设备隔离,事项关闭后2个工作日,超时提醒→主管催办→高风险升级,仅退回到可编辑前置节点；关键财务/签署节点不得物理回退,操作者、身份、时间、前后值、原因、附件哈希、设备/IP
P081,飞行事故,员工端,S04,设备隔离,报告,提交/确认/处理/退回/转交（按权限）,数据保全,按流程配置；默认1个工作日,超时提醒→主管催办→高风险升级,仅退回到可编辑前置节点；关键财务/签署节点不得物理回退,操作者、身份、时间、前后值、原因、附件哈希、设备/IP
P081,飞行事故,员工端,S05,数据保全,设备隔离,提交/确认/处理/退回/转交（按权限）,统一案件,按流程配置；默认1个工作日,超时提醒→主管催办→高风险升级,仅退回到可编辑前置节点；关键财务/签署节点不得物理回退,操作者、身份、时间、前后值、原因、附件哈希、设备/IP
P081,飞行事故,员工端,S06,统一案件,数据保全,提交/确认/处理/退回/转交（按权限）,专业调查,按流程配置；默认1个工作日,超时提醒→主管催办→高风险升级,仅退回到可编辑前置节点；关键财务/签署节点不得物理回退,操作者、身份、时间、前后值、原因、附件哈希、设备/IP
P081,飞行事故,员工端,S07,专业调查,统一案件,提交/确认/处理/退回/转交（按权限）,整改与复飞审批,按流程配置；默认1个工作日,超时提醒→主管催办→高风险升级,仅退回到可编辑前置节点；关键财务/签署节点不得物理回退,操作者、身份、时间、前后值、原因、附件哈希、设备/IP
P081,飞行事故,员工端,S08,整改与复飞审批,专业调查,提交/确认/处理/退回/转交（按权限）,已关闭,1个工作日；高风险按制度,超时提醒→主管催办→高风险升级,仅退回到可编辑前置节点；关键财务/签署节点不得物理回退,操作者、身份、时间、前后值、原因、附件哈希、设备/IP
P082,场次技术保障,员工端,S01,读取节目场次,流程触发/发起,提交/确认/处理/退回/转交（按权限）,生成技术任务,按流程配置；默认1个工作日,超时提醒→主管催办→高风险升级,仅退回到可编辑前置节点；关键财务/签署节点不得物理回退,操作者、身份、时间、前后值、原因、附件哈希、设备/IP
P082,场次技术保障,员工端,S02,生成技术任务,读取节目场次,提交/确认/处理/退回/转交（按权限）,人员排班,按流程配置；默认1个工作日,超时提醒→主管催办→高风险升级,仅退回到可编辑前置节点；关键财务/签署节点不得物理回退,操作者、身份、时间、前后值、原因、附件哈希、设备/IP
P082,场次技术保障,员工端,S03,人员排班,生成技术任务,提交/确认/处理/退回/转交（按权限）,设备配置,按流程配置；默认1个工作日,超时提醒→主管催办→高风险升级,仅退回到可编辑前置节点；关键财务/签署节点不得物理回退,操作者、身份、时间、前后值、原因、附件哈希、设备/IP
P082,场次技术保障,员工端,S04,设备配置,人员排班,提交/确认/处理/退回/转交（按权限）,场前联调,按流程配置；默认1个工作日,超时提醒→主管催办→高风险升级,仅退回到可编辑前置节点；关键财务/签署节点不得物理回退,操作者、身份、时间、前后值、原因、附件哈希、设备/IP
P082,场次技术保障,员工端,S05,场前联调,设备配置,提交/确认/处理/退回/转交（按权限）,场中值守,按流程配置；默认1个工作日,超时提醒→主管催办→高风险升级,仅退回到可编辑前置节点；关键财务/签署节点不得物理回退,操作者、身份、时间、前后值、原因、附件哈希、设备/IP
P082,场次技术保障,员工端,S06,场中值守,场前联调,提交/确认/处理/退回/转交（按权限）,场后检查,按流程配置；默认1个工作日,超时提醒→主管催办→高风险升级,仅退回到可编辑前置节点；关键财务/签署节点不得物理回退,操作者、身份、时间、前后值、原因、附件哈希、设备/IP
P082,场次技术保障,员工端,S07,场后检查,场中值守,提交/确认/处理/退回/转交（按权限）,结果确认,按流程配置；默认1个工作日,超时提醒→主管催办→高风险升级,仅退回到可编辑前置节点；关键财务/签署节点不得物理回退,操作者、身份、时间、前后值、原因、附件哈希、设备/IP
P082,场次技术保障,员工端,S08,结果确认,场后检查,提交/确认/处理/退回/转交（按权限）,已关闭,1个工作日；高风险按制度,超时提醒→主管催办→高风险升级,仅退回到可编辑前置节点；关键财务/签署节点不得物理回退,操作者、身份、时间、前后值、原因、附件哈希、设备/IP
P083,设备故障,员工端,S01,故障发现,流程触发/发起,提交/确认/处理/退回/转交（按权限）,风险分级,立即响应；L3/L4 30分钟内升级,超时提醒→主管催办→高风险升级,仅退回到可编辑前置节点；关键财务/签署节点不得物理回退,操作者、身份、时间、前后值、原因、附件哈希、设备/IP
P083,设备故障,员工端,S02,风险分级,故障发现,提交/确认/处理/退回/转交（按权限）,立即隔离/降级,立即响应；L3/L4 30分钟内升级,超时提醒→主管催办→高风险升级,仅退回到可编辑前置节点；关键财务/签署节点不得物理回退,操作者、身份、时间、前后值、原因、附件哈希、设备/IP
P083,设备故障,员工端,S03,立即隔离/降级,风险分级,提交/确认/处理/退回/转交（按权限）,替代方案,按流程配置；默认1个工作日,超时提醒→主管催办→高风险升级,仅退回到可编辑前置节点；关键财务/签署节点不得物理回退,操作者、身份、时间、前后值、原因、附件哈希、设备/IP
P083,设备故障,员工端,S04,替代方案,立即隔离/降级,提交/确认/处理/退回/转交（按权限）,维修工单,按流程配置；默认1个工作日,超时提醒→主管催办→高风险升级,仅退回到可编辑前置节点；关键财务/签署节点不得物理回退,操作者、身份、时间、前后值、原因、附件哈希、设备/IP
P083,设备故障,员工端,S05,维修工单,替代方案,提交/确认/处理/退回/转交（按权限）,验收,按计划时点/班次完成,超时提醒→主管催办→高风险升级,仅退回到可编辑前置节点；关键财务/签署节点不得物理回退,操作者、身份、时间、前后值、原因、附件哈希、设备/IP
P083,设备故障,员工端,S06,验收,维修工单,提交/确认/处理/退回/转交（按权限）,恢复,1个工作日；高风险按制度,超时提醒→主管催办→高风险升级,仅退回到可编辑前置节点；关键财务/签署节点不得物理回退,操作者、身份、时间、前后值、原因、附件哈希、设备/IP
P083,设备故障,员工端,S07,恢复,验收,提交/确认/处理/退回/转交（按权限）,根因分析,按流程配置；默认1个工作日,超时提醒→主管催办→高风险升级,仅退回到可编辑前置节点；关键财务/签署节点不得物理回退,操作者、身份、时间、前后值、原因、附件哈希、设备/IP
P083,设备故障,员工端,S08,根因分析,恢复,提交/确认/处理/退回/转交（按权限）,已关闭,按流程配置；默认1个工作日,超时提醒→主管催办→高风险升级,仅退回到可编辑前置节点；关键财务/签署节点不得物理回退,操作者、身份、时间、前后值、原因、附件哈希、设备/IP
P084,停演技术建议,员工端,S01,重大故障,流程触发/发起,提交/确认/处理/退回/转交（按权限）,安全评估,立即响应；L3/L4 30分钟内升级,超时提醒→主管催办→高风险升级,仅退回到可编辑前置节点；关键财务/签署节点不得物理回退,操作者、身份、时间、前后值、原因、附件哈希、设备/IP
P084,停演技术建议,员工端,S02,安全评估,重大故障,提交/确认/处理/退回/转交（按权限）,提出停演建议,按流程配置；默认1个工作日,超时提醒→主管催办→高风险升级,仅退回到可编辑前置节点；关键财务/签署节点不得物理回退,操作者、身份、时间、前后值、原因、附件哈希、设备/IP
P084,停演技术建议,员工端,S03,提出停演建议,安全评估,提交/确认/处理/退回/转交（按权限）,有权决定,按流程配置；默认1个工作日,超时提醒→主管催办→高风险升级,仅退回到可编辑前置节点；关键财务/签署节点不得物理回退,操作者、身份、时间、前后值、原因、附件哈希、设备/IP
P084,停演技术建议,员工端,S04,有权决定,提出停演建议,提交/确认/处理/退回/转交（按权限）,通知相关中心,按流程配置；默认1个工作日,超时提醒→主管催办→高风险升级,仅退回到可编辑前置节点；关键财务/签署节点不得物理回退,操作者、身份、时间、前后值、原因、附件哈希、设备/IP
P084,停演技术建议,员工端,S05,通知相关中心,有权决定,提交/确认/处理/退回/转交（按权限）,现场处置,按流程配置；默认1个工作日,超时提醒→主管催办→高风险升级,仅退回到可编辑前置节点；关键财务/签署节点不得物理回退,操作者、身份、时间、前后值、原因、附件哈希、设备/IP
P084,停演技术建议,员工端,S06,现场处置,通知相关中心,提交/确认/处理/退回/转交（按权限）,复演验证,按流程配置；默认1个工作日,超时提醒→主管催办→高风险升级,仅退回到可编辑前置节点；关键财务/签署节点不得物理回退,操作者、身份、时间、前后值、原因、附件哈希、设备/IP
P084,停演技术建议,员工端,S07,复演验证,现场处置,提交/确认/处理/退回/转交（按权限）,已关闭,按流程配置；默认1个工作日,超时提醒→主管催办→高风险升级,仅退回到可编辑前置节点；关键财务/签署节点不得物理回退,操作者、身份、时间、前后值、原因、附件哈希、设备/IP
P085,网络故障,员工端,S01,监控或用户发现,流程触发/发起,提交/确认/处理/退回/转交（按权限）,告警归并,按流程配置；默认1个工作日,超时提醒→主管催办→高风险升级,仅退回到可编辑前置节点；关键财务/签署节点不得物理回退,操作者、身份、时间、前后值、原因、附件哈希、设备/IP
P085,网络故障,员工端,S02,告警归并,监控或用户发现,提交/确认/处理/退回/转交（按权限）,影响范围判断,按流程配置；默认1个工作日,超时提醒→主管催办→高风险升级,仅退回到可编辑前置节点；关键财务/签署节点不得物理回退,操作者、身份、时间、前后值、原因、附件哈希、设备/IP
P085,网络故障,员工端,S03,影响范围判断,告警归并,提交/确认/处理/退回/转交（按权限）,应急恢复,按流程配置；默认1个工作日,超时提醒→主管催办→高风险升级,仅退回到可编辑前置节点；关键财务/签署节点不得物理回退,操作者、身份、时间、前后值、原因、附件哈希、设备/IP
P085,网络故障,员工端,S04,应急恢复,影响范围判断,提交/确认/处理/退回/转交（按权限）,通知业务,按流程配置；默认1个工作日,超时提醒→主管催办→高风险升级,仅退回到可编辑前置节点；关键财务/签署节点不得物理回退,操作者、身份、时间、前后值、原因、附件哈希、设备/IP
P085,网络故障,员工端,S05,通知业务,应急恢复,提交/确认/处理/退回/转交（按权限）,根因修复,按流程配置；默认1个工作日,超时提醒→主管催办→高风险升级,仅退回到可编辑前置节点；关键财务/签署节点不得物理回退,操作者、身份、时间、前后值、原因、附件哈希、设备/IP
P085,网络故障,员工端,S06,根因修复,通知业务,提交/确认/处理/退回/转交（按权限）,验证,按流程配置；默认1个工作日,超时提醒→主管催办→高风险升级,仅退回到可编辑前置节点；关键财务/签署节点不得物理回退,操作者、身份、时间、前后值、原因、附件哈希、设备/IP
P085,网络故障,员工端,S07,验证,根因修复,提交/确认/处理/退回/转交（按权限）,复盘,按流程配置；默认1个工作日,超时提醒→主管催办→高风险升级,仅退回到可编辑前置节点；关键财务/签署节点不得物理回退,操作者、身份、时间、前后值、原因、附件哈希、设备/IP
P085,网络故障,员工端,S08,复盘,验证,提交/确认/处理/退回/转交（按权限）,已关闭,事项关闭后2个工作日,超时提醒→主管催办→高风险升级,仅退回到可编辑前置节点；关键财务/签署节点不得物理回退,操作者、身份、时间、前后值、原因、附件哈希、设备/IP
P086,网络变更,员工端,S01,变更申请,流程触发/发起,提交/确认/处理/退回/转交（按权限）,影响与风险,按流程配置；默认1个工作日,超时提醒→主管催办→高风险升级,仅退回到可编辑前置节点；关键财务/签署节点不得物理回退,操作者、身份、时间、前后值、原因、附件哈希、设备/IP
P086,网络变更,员工端,S02,影响与风险,变更申请,提交/确认/处理/退回/转交（按权限）,技术评审,立即响应；L3/L4 30分钟内升级,超时提醒→主管催办→高风险升级,仅退回到可编辑前置节点；关键财务/签署节点不得物理回退,操作者、身份、时间、前后值、原因、附件哈希、设备/IP
P086,网络变更,员工端,S03,技术评审,影响与风险,提交/确认/处理/退回/转交（按权限）,业务确认,1个工作日；高风险按制度,超时提醒→主管催办→高风险升级,仅退回到可编辑前置节点；关键财务/签署节点不得物理回退,操作者、身份、时间、前后值、原因、附件哈希、设备/IP
P086,网络变更,员工端,S04,业务确认,技术评审,提交/确认/处理/退回/转交（按权限）,变更窗口,1个工作日；高风险按制度,超时提醒→主管催办→高风险升级,仅退回到可编辑前置节点；关键财务/签署节点不得物理回退,操作者、身份、时间、前后值、原因、附件哈希、设备/IP
P086,网络变更,员工端,S05,变更窗口,业务确认,提交/确认/处理/退回/转交（按权限）,执行,按流程配置；默认1个工作日,超时提醒→主管催办→高风险升级,仅退回到可编辑前置节点；关键财务/签署节点不得物理回退,操作者、身份、时间、前后值、原因、附件哈希、设备/IP
P086,网络变更,员工端,S06,执行,变更窗口,提交/确认/处理/退回/转交（按权限）,验证,按计划时点/班次完成,超时提醒→主管催办→高风险升级,仅退回到可编辑前置节点；关键财务/签署节点不得物理回退,操作者、身份、时间、前后值、原因、附件哈希、设备/IP
P086,网络变更,员工端,S07,验证,执行,提交/确认/处理/退回/转交（按权限）,回退或关闭,按流程配置；默认1个工作日,超时提醒→主管催办→高风险升级,仅退回到可编辑前置节点；关键财务/签署节点不得物理回退,操作者、身份、时间、前后值、原因、附件哈希、设备/IP
P086,网络变更,员工端,S08,回退或关闭,验证,提交/确认/处理/退回/转交（按权限）,已关闭,按流程配置；默认1个工作日,超时提醒→主管催办→高风险升级,仅退回到可编辑前置节点；关键财务/签署节点不得物理回退,操作者、身份、时间、前后值、原因、附件哈希、设备/IP
P087,活动保障,员工端,S01,活动需求,流程触发/发起,提交/确认/处理/退回/转交（按权限）,容量与覆盖评估,按流程配置；默认1个工作日,超时提醒→主管催办→高风险升级,仅退回到可编辑前置节点；关键财务/签署节点不得物理回退,操作者、身份、时间、前后值、原因、附件哈希、设备/IP
P087,活动保障,员工端,S02,容量与覆盖评估,活动需求,提交/确认/处理/退回/转交（按权限）,临时设备/链路,按流程配置；默认1个工作日,超时提醒→主管催办→高风险升级,仅退回到可编辑前置节点；关键财务/签署节点不得物理回退,操作者、身份、时间、前后值、原因、附件哈希、设备/IP
P087,活动保障,员工端,S03,临时设备/链路,容量与覆盖评估,提交/确认/处理/退回/转交（按权限）,联调,按流程配置；默认1个工作日,超时提醒→主管催办→高风险升级,仅退回到可编辑前置节点；关键财务/签署节点不得物理回退,操作者、身份、时间、前后值、原因、附件哈希、设备/IP
P087,活动保障,员工端,S04,联调,临时设备/链路,提交/确认/处理/退回/转交（按权限）,现场值守,按流程配置；默认1个工作日,超时提醒→主管催办→高风险升级,仅退回到可编辑前置节点；关键财务/签署节点不得物理回退,操作者、身份、时间、前后值、原因、附件哈希、设备/IP
P087,活动保障,员工端,S05,现场值守,联调,提交/确认/处理/退回/转交（按权限）,撤场,按流程配置；默认1个工作日,超时提醒→主管催办→高风险升级,仅退回到可编辑前置节点；关键财务/签署节点不得物理回退,操作者、身份、时间、前后值、原因、附件哈希、设备/IP
P087,活动保障,员工端,S06,撤场,现场值守,提交/确认/处理/退回/转交（按权限）,数据复盘,按流程配置；默认1个工作日,超时提醒→主管催办→高风险升级,仅退回到可编辑前置节点；关键财务/签署节点不得物理回退,操作者、身份、时间、前后值、原因、附件哈希、设备/IP
P087,活动保障,员工端,S07,数据复盘,撤场,提交/确认/处理/退回/转交（按权限）,已关闭,事项关闭后2个工作日,超时提醒→主管催办→高风险升级,仅退回到可编辑前置节点；关键财务/签署节点不得物理回退,操作者、身份、时间、前后值、原因、附件哈希、设备/IP
P088,IT服务请求,员工端,S01,用户申请,流程触发/发起,提交/确认/处理/退回/转交（按权限）,服务目录匹配,按流程配置；默认1个工作日,超时提醒→主管催办→高风险升级,仅退回到可编辑前置节点；关键财务/签署节点不得物理回退,操作者、身份、时间、前后值、原因、附件哈希、设备/IP
P088,IT服务请求,员工端,S02,服务目录匹配,用户申请,提交/确认/处理/退回/转交（按权限）,自动/人工分派,按流程配置；默认1个工作日,超时提醒→主管催办→高风险升级,仅退回到可编辑前置节点；关键财务/签署节点不得物理回退,操作者、身份、时间、前后值、原因、附件哈希、设备/IP
P088,IT服务请求,员工端,S03,自动/人工分派,服务目录匹配,提交/确认/处理/退回/转交（按权限）,处理,按流程配置；默认1个工作日,超时提醒→主管催办→高风险升级,仅退回到可编辑前置节点；关键财务/签署节点不得物理回退,操作者、身份、时间、前后值、原因、附件哈希、设备/IP
P088,IT服务请求,员工端,S04,处理,自动/人工分派,提交/确认/处理/退回/转交（按权限）,用户确认,按流程配置；默认1个工作日,超时提醒→主管催办→高风险升级,仅退回到可编辑前置节点；关键财务/签署节点不得物理回退,操作者、身份、时间、前后值、原因、附件哈希、设备/IP
P088,IT服务请求,员工端,S05,用户确认,处理,提交/确认/处理/退回/转交（按权限）,验收,1个工作日；高风险按制度,超时提醒→主管催办→高风险升级,仅退回到可编辑前置节点；关键财务/签署节点不得物理回退,操作者、身份、时间、前后值、原因、附件哈希、设备/IP
P088,IT服务请求,员工端,S06,验收,用户确认,提交/确认/处理/退回/转交（按权限）,知识沉淀,1个工作日；高风险按制度,超时提醒→主管催办→高风险升级,仅退回到可编辑前置节点；关键财务/签署节点不得物理回退,操作者、身份、时间、前后值、原因、附件哈希、设备/IP
P088,IT服务请求,员工端,S07,知识沉淀,验收,提交/确认/处理/退回/转交（按权限）,已关闭,按流程配置；默认1个工作日,超时提醒→主管催办→高风险升级,仅退回到可编辑前置节点；关键财务/签署节点不得物理回退,操作者、身份、时间、前后值、原因、附件哈希、设备/IP
P089,生产发布,员工端,S01,发布申请,流程触发/发起,提交/确认/处理/退回/转交（按权限）,测试证据,按流程配置；默认1个工作日,超时提醒→主管催办→高风险升级,仅退回到可编辑前置节点；关键财务/签署节点不得物理回退,操作者、身份、时间、前后值、原因、附件哈希、设备/IP
P089,生产发布,员工端,S02,测试证据,发布申请,提交/确认/处理/退回/转交（按权限）,业务确认,按流程配置；默认1个工作日,超时提醒→主管催办→高风险升级,仅退回到可编辑前置节点；关键财务/签署节点不得物理回退,操作者、身份、时间、前后值、原因、附件哈希、设备/IP
P089,生产发布,员工端,S03,业务确认,测试证据,提交/确认/处理/退回/转交（按权限）,变更评审,1个工作日；高风险按制度,超时提醒→主管催办→高风险升级,仅退回到可编辑前置节点；关键财务/签署节点不得物理回退,操作者、身份、时间、前后值、原因、附件哈希、设备/IP
P089,生产发布,员工端,S04,变更评审,业务确认,提交/确认/处理/退回/转交（按权限）,窗口执行,1个工作日；高风险按制度,超时提醒→主管催办→高风险升级,仅退回到可编辑前置节点；关键财务/签署节点不得物理回退,操作者、身份、时间、前后值、原因、附件哈希、设备/IP
P089,生产发布,员工端,S05,窗口执行,变更评审,提交/确认/处理/退回/转交（按权限）,健康检查,按计划时点/班次完成,超时提醒→主管催办→高风险升级,仅退回到可编辑前置节点；关键财务/签署节点不得物理回退,操作者、身份、时间、前后值、原因、附件哈希、设备/IP
P089,生产发布,员工端,S06,健康检查,窗口执行,提交/确认/处理/退回/转交（按权限）,灰度,按流程配置；默认1个工作日,超时提醒→主管催办→高风险升级,仅退回到可编辑前置节点；关键财务/签署节点不得物理回退,操作者、身份、时间、前后值、原因、附件哈希、设备/IP
P089,生产发布,员工端,S07,灰度,健康检查,提交/确认/处理/退回/转交（按权限）,全量或回退,按流程配置；默认1个工作日,超时提醒→主管催办→高风险升级,仅退回到可编辑前置节点；关键财务/签署节点不得物理回退,操作者、身份、时间、前后值、原因、附件哈希、设备/IP
P089,生产发布,员工端,S08,全量或回退,灰度,提交/确认/处理/退回/转交（按权限）,归档,按流程配置；默认1个工作日,超时提醒→主管催办→高风险升级,仅退回到可编辑前置节点；关键财务/签署节点不得物理回退,操作者、身份、时间、前后值、原因、附件哈希、设备/IP
P089,生产发布,员工端,S09,归档,全量或回退,提交/确认/处理/退回/转交（按权限）,已关闭,事项关闭后2个工作日,超时提醒→主管催办→高风险升级,仅退回到可编辑前置节点；关键财务/签署节点不得物理回退,操作者、身份、时间、前后值、原因、附件哈希、设备/IP
P090,账号执行,员工端,S01,业务授权批准,流程触发/发起,提交/确认/处理/退回/转交（按权限）,执行任务,按流程配置；默认1个工作日,超时提醒→主管催办→高风险升级,仅退回到可编辑前置节点；关键财务/签署节点不得物理回退,操作者、身份、时间、前后值、原因、附件哈希、设备/IP
P090,账号执行,员工端,S02,执行任务,业务授权批准,提交/确认/处理/退回/转交（按权限）,最小权限配置,按计划时点/班次完成,超时提醒→主管催办→高风险升级,仅退回到可编辑前置节点；关键财务/签署节点不得物理回退,操作者、身份、时间、前后值、原因、附件哈希、设备/IP
P090,账号执行,员工端,S03,最小权限配置,执行任务,提交/确认/处理/退回/转交（按权限）,回执,按流程配置；默认1个工作日,超时提醒→主管催办→高风险升级,仅退回到可编辑前置节点；关键财务/签署节点不得物理回退,操作者、身份、时间、前后值、原因、附件哈希、设备/IP
P090,账号执行,员工端,S04,回执,最小权限配置,提交/确认/处理/退回/转交（按权限）,权限复核,按流程配置；默认1个工作日,超时提醒→主管催办→高风险升级,仅退回到可编辑前置节点；关键财务/签署节点不得物理回退,操作者、身份、时间、前后值、原因、附件哈希、设备/IP
P090,账号执行,员工端,S05,权限复核,回执,提交/确认/处理/退回/转交（按权限）,到期/离职回收,1个工作日；高风险按制度,超时提醒→主管催办→高风险升级,仅退回到可编辑前置节点；关键财务/签署节点不得物理回退,操作者、身份、时间、前后值、原因、附件哈希、设备/IP
P090,账号执行,员工端,S06,到期/离职回收,权限复核,提交/确认/处理/退回/转交（按权限）,已关闭,按流程配置；默认1个工作日,超时提醒→主管催办→高风险升级,仅退回到可编辑前置节点；关键财务/签署节点不得物理回退,操作者、身份、时间、前后值、原因、附件哈希、设备/IP
P091,恢复演练,员工端,S01,演练计划,流程触发/发起,提交/确认/处理/退回/转交（按权限）,备份选择,按流程配置；默认1个工作日,超时提醒→主管催办→高风险升级,仅退回到可编辑前置节点；关键财务/签署节点不得物理回退,操作者、身份、时间、前后值、原因、附件哈希、设备/IP
P091,恢复演练,员工端,S02,备份选择,演练计划,提交/确认/处理/退回/转交（按权限）,隔离环境恢复,按流程配置；默认1个工作日,超时提醒→主管催办→高风险升级,仅退回到可编辑前置节点；关键财务/签署节点不得物理回退,操作者、身份、时间、前后值、原因、附件哈希、设备/IP
P091,恢复演练,员工端,S03,隔离环境恢复,备份选择,提交/确认/处理/退回/转交（按权限）,数据一致性验证,按流程配置；默认1个工作日,超时提醒→主管催办→高风险升级,仅退回到可编辑前置节点；关键财务/签署节点不得物理回退,操作者、身份、时间、前后值、原因、附件哈希、设备/IP
P091,恢复演练,员工端,S04,数据一致性验证,隔离环境恢复,提交/确认/处理/退回/转交（按权限）,结果报告,按流程配置；默认1个工作日,超时提醒→主管催办→高风险升级,仅退回到可编辑前置节点；关键财务/签署节点不得物理回退,操作者、身份、时间、前后值、原因、附件哈希、设备/IP
P091,恢复演练,员工端,S05,结果报告,数据一致性验证,提交/确认/处理/退回/转交（按权限）,整改,事项关闭后2个工作日,超时提醒→主管催办→高风险升级,仅退回到可编辑前置节点；关键财务/签署节点不得物理回退,操作者、身份、时间、前后值、原因、附件哈希、设备/IP
P091,恢复演练,员工端,S06,整改,结果报告,提交/确认/处理/退回/转交（按权限）,已关闭,按流程配置；默认1个工作日,超时提醒→主管催办→高风险升级,仅退回到可编辑前置节点；关键财务/签署节点不得物理回退,操作者、身份、时间、前后值、原因、附件哈希、设备/IP
P092,需求开发,员工端,S01,需求基线,流程触发/发起,提交/确认/处理/退回/转交（按权限）,方案评审,按流程配置；默认1个工作日,超时提醒→主管催办→高风险升级,仅退回到可编辑前置节点；关键财务/签署节点不得物理回退,操作者、身份、时间、前后值、原因、附件哈希、设备/IP
P092,需求开发,员工端,S02,方案评审,需求基线,提交/确认/处理/退回/转交（按权限）,任务拆分,1个工作日；高风险按制度,超时提醒→主管催办→高风险升级,仅退回到可编辑前置节点；关键财务/签署节点不得物理回退,操作者、身份、时间、前后值、原因、附件哈希、设备/IP
P092,需求开发,员工端,S03,任务拆分,方案评审,提交/确认/处理/退回/转交（按权限）,失败测试,按流程配置；默认1个工作日,超时提醒→主管催办→高风险升级,仅退回到可编辑前置节点；关键财务/签署节点不得物理回退,操作者、身份、时间、前后值、原因、附件哈希、设备/IP
P092,需求开发,员工端,S04,失败测试,任务拆分,提交/确认/处理/退回/转交（按权限）,最小实现,按流程配置；默认1个工作日,超时提醒→主管催办→高风险升级,仅退回到可编辑前置节点；关键财务/签署节点不得物理回退,操作者、身份、时间、前后值、原因、附件哈希、设备/IP
P092,需求开发,员工端,S05,最小实现,失败测试,提交/确认/处理/退回/转交（按权限）,代码评审,按流程配置；默认1个工作日,超时提醒→主管催办→高风险升级,仅退回到可编辑前置节点；关键财务/签署节点不得物理回退,操作者、身份、时间、前后值、原因、附件哈希、设备/IP
P092,需求开发,员工端,S06,代码评审,最小实现,提交/确认/处理/退回/转交（按权限）,自动化测试,1个工作日；高风险按制度,超时提醒→主管催办→高风险升级,仅退回到可编辑前置节点；关键财务/签署节点不得物理回退,操作者、身份、时间、前后值、原因、附件哈希、设备/IP
P092,需求开发,员工端,S07,自动化测试,代码评审,提交/确认/处理/退回/转交（按权限）,验收,按流程配置；默认1个工作日,超时提醒→主管催办→高风险升级,仅退回到可编辑前置节点；关键财务/签署节点不得物理回退,操作者、身份、时间、前后值、原因、附件哈希、设备/IP
P092,需求开发,员工端,S08,验收,自动化测试,提交/确认/处理/退回/转交（按权限）,发布,1个工作日；高风险按制度,超时提醒→主管催办→高风险升级,仅退回到可编辑前置节点；关键财务/签署节点不得物理回退,操作者、身份、时间、前后值、原因、附件哈希、设备/IP
P092,需求开发,员工端,S09,发布,验收,提交/确认/处理/退回/转交（按权限）,已关闭,按流程配置；默认1个工作日,超时提醒→主管催办→高风险升级,仅退回到可编辑前置节点；关键财务/签署节点不得物理回退,操作者、身份、时间、前后值、原因、附件哈希、设备/IP
P093,缺陷修复,员工端,S01,复现,流程触发/发起,提交/确认/处理/退回/转交（按权限）,严重度,按流程配置；默认1个工作日,超时提醒→主管催办→高风险升级,仅退回到可编辑前置节点；关键财务/签署节点不得物理回退,操作者、身份、时间、前后值、原因、附件哈希、设备/IP
P093,缺陷修复,员工端,S02,严重度,复现,提交/确认/处理/退回/转交（按权限）,根因,按流程配置；默认1个工作日,超时提醒→主管催办→高风险升级,仅退回到可编辑前置节点；关键财务/签署节点不得物理回退,操作者、身份、时间、前后值、原因、附件哈希、设备/IP
P093,缺陷修复,员工端,S03,根因,严重度,提交/确认/处理/退回/转交（按权限）,回归测试先行,按流程配置；默认1个工作日,超时提醒→主管催办→高风险升级,仅退回到可编辑前置节点；关键财务/签署节点不得物理回退,操作者、身份、时间、前后值、原因、附件哈希、设备/IP
P093,缺陷修复,员工端,S04,回归测试先行,根因,提交/确认/处理/退回/转交（按权限）,修复,按流程配置；默认1个工作日,超时提醒→主管催办→高风险升级,仅退回到可编辑前置节点；关键财务/签署节点不得物理回退,操作者、身份、时间、前后值、原因、附件哈希、设备/IP
P093,缺陷修复,员工端,S05,修复,回归测试先行,提交/确认/处理/退回/转交（按权限）,安全与影响审查,按流程配置；默认1个工作日,超时提醒→主管催办→高风险升级,仅退回到可编辑前置节点；关键财务/签署节点不得物理回退,操作者、身份、时间、前后值、原因、附件哈希、设备/IP
P093,缺陷修复,员工端,S06,安全与影响审查,修复,提交/确认/处理/退回/转交（按权限）,发布,按流程配置；默认1个工作日,超时提醒→主管催办→高风险升级,仅退回到可编辑前置节点；关键财务/签署节点不得物理回退,操作者、身份、时间、前后值、原因、附件哈希、设备/IP
P093,缺陷修复,员工端,S07,发布,安全与影响审查,提交/确认/处理/退回/转交（按权限）,监控,按流程配置；默认1个工作日,超时提醒→主管催办→高风险升级,仅退回到可编辑前置节点；关键财务/签署节点不得物理回退,操作者、身份、时间、前后值、原因、附件哈希、设备/IP
P093,缺陷修复,员工端,S08,监控,发布,提交/确认/处理/退回/转交（按权限）,已关闭,按流程配置；默认1个工作日,超时提醒→主管催办→高风险升级,仅退回到可编辑前置节点；关键财务/签署节点不得物理回退,操作者、身份、时间、前后值、原因、附件哈希、设备/IP
P094,版本发布,员工端,S01,冻结范围,流程触发/发起,提交/确认/处理/退回/转交（按权限）,构建,按流程配置；默认1个工作日,超时提醒→主管催办→高风险升级,仅退回到可编辑前置节点；关键财务/签署节点不得物理回退,操作者、身份、时间、前后值、原因、附件哈希、设备/IP
P094,版本发布,员工端,S02,构建,冻结范围,提交/确认/处理/退回/转交（按权限）,测试门禁,按流程配置；默认1个工作日,超时提醒→主管催办→高风险升级,仅退回到可编辑前置节点；关键财务/签署节点不得物理回退,操作者、身份、时间、前后值、原因、附件哈希、设备/IP
P094,版本发布,员工端,S03,测试门禁,构建,提交/确认/处理/退回/转交（按权限）,迁移演练,按流程配置；默认1个工作日,超时提醒→主管催办→高风险升级,仅退回到可编辑前置节点；关键财务/签署节点不得物理回退,操作者、身份、时间、前后值、原因、附件哈希、设备/IP
P094,版本发布,员工端,S04,迁移演练,测试门禁,提交/确认/处理/退回/转交（按权限）,变更审批,按流程配置；默认1个工作日,超时提醒→主管催办→高风险升级,仅退回到可编辑前置节点；关键财务/签署节点不得物理回退,操作者、身份、时间、前后值、原因、附件哈希、设备/IP
P094,版本发布,员工端,S05,变更审批,迁移演练,提交/确认/处理/退回/转交（按权限）,灰度,1个工作日；高风险按制度,超时提醒→主管催办→高风险升级,仅退回到可编辑前置节点；关键财务/签署节点不得物理回退,操作者、身份、时间、前后值、原因、附件哈希、设备/IP
P094,版本发布,员工端,S06,灰度,变更审批,提交/确认/处理/退回/转交（按权限）,监控,按流程配置；默认1个工作日,超时提醒→主管催办→高风险升级,仅退回到可编辑前置节点；关键财务/签署节点不得物理回退,操作者、身份、时间、前后值、原因、附件哈希、设备/IP
P094,版本发布,员工端,S07,监控,灰度,提交/确认/处理/退回/转交（按权限）,全量,按流程配置；默认1个工作日,超时提醒→主管催办→高风险升级,仅退回到可编辑前置节点；关键财务/签署节点不得物理回退,操作者、身份、时间、前后值、原因、附件哈希、设备/IP
P094,版本发布,员工端,S08,全量,监控,提交/确认/处理/退回/转交（按权限）,复盘,按流程配置；默认1个工作日,超时提醒→主管催办→高风险升级,仅退回到可编辑前置节点；关键财务/签署节点不得物理回退,操作者、身份、时间、前后值、原因、附件哈希、设备/IP
P094,版本发布,员工端,S09,复盘,全量,提交/确认/处理/退回/转交（按权限）,已关闭,事项关闭后2个工作日,超时提醒→主管催办→高风险升级,仅退回到可编辑前置节点；关键财务/签署节点不得物理回退,操作者、身份、时间、前后值、原因、附件哈希、设备/IP
P095,宣传物料制作,员工端,S01,需求提交,流程触发/发起,提交/确认/处理/退回/转交（按权限）,完整性检查,按流程配置；默认1个工作日,超时提醒→主管催办→高风险升级,仅退回到可编辑前置节点；关键财务/签署节点不得物理回退,操作者、身份、时间、前后值、原因、附件哈希、设备/IP
P095,宣传物料制作,员工端,S02,完整性检查,需求提交,提交/确认/处理/退回/转交（按权限）,排期,按流程配置；默认1个工作日,超时提醒→主管催办→高风险升级,仅退回到可编辑前置节点；关键财务/签署节点不得物理回退,操作者、身份、时间、前后值、原因、附件哈希、设备/IP
P095,宣传物料制作,员工端,S03,排期,完整性检查,提交/确认/处理/退回/转交（按权限）,创作,按流程配置；默认1个工作日,超时提醒→主管催办→高风险升级,仅退回到可编辑前置节点；关键财务/签署节点不得物理回退,操作者、身份、时间、前后值、原因、附件哈希、设备/IP
P095,宣传物料制作,员工端,S04,创作,排期,提交/确认/处理/退回/转交（按权限）,内部审核,按流程配置；默认1个工作日,超时提醒→主管催办→高风险升级,仅退回到可编辑前置节点；关键财务/签署节点不得物理回退,操作者、身份、时间、前后值、原因、附件哈希、设备/IP
P095,宣传物料制作,员工端,S05,内部审核,创作,提交/确认/处理/退回/转交（按权限）,需求方确认,1个工作日；高风险按制度,超时提醒→主管催办→高风险升级,仅退回到可编辑前置节点；关键财务/签署节点不得物理回退,操作者、身份、时间、前后值、原因、附件哈希、设备/IP
P095,宣传物料制作,员工端,S06,需求方确认,内部审核,提交/确认/处理/退回/转交（按权限）,版权检查,1个工作日；高风险按制度,超时提醒→主管催办→高风险升级,仅退回到可编辑前置节点；关键财务/签署节点不得物理回退,操作者、身份、时间、前后值、原因、附件哈希、设备/IP
P095,宣传物料制作,员工端,S07,版权检查,需求方确认,提交/确认/处理/退回/转交（按权限）,定稿交付,按流程配置；默认1个工作日,超时提醒→主管催办→高风险升级,仅退回到可编辑前置节点；关键财务/签署节点不得物理回退,操作者、身份、时间、前后值、原因、附件哈希、设备/IP
P095,宣传物料制作,员工端,S08,定稿交付,版权检查,提交/确认/处理/退回/转交（按权限）,资产入库,按流程配置；默认1个工作日,超时提醒→主管催办→高风险升级,仅退回到可编辑前置节点；关键财务/签署节点不得物理回退,操作者、身份、时间、前后值、原因、附件哈希、设备/IP
P095,宣传物料制作,员工端,S09,资产入库,定稿交付,提交/确认/处理/退回/转交（按权限）,已关闭,按流程配置；默认1个工作日,超时提醒→主管催办→高风险升级,仅退回到可编辑前置节点；关键财务/签署节点不得物理回退,操作者、身份、时间、前后值、原因、附件哈希、设备/IP
P096,拍摄任务,员工端,S01,拍摄需求,流程触发/发起,提交/确认/处理/退回/转交（按权限）,人员场地授权,按流程配置；默认1个工作日,超时提醒→主管催办→高风险升级,仅退回到可编辑前置节点；关键财务/签署节点不得物理回退,操作者、身份、时间、前后值、原因、附件哈希、设备/IP
P096,拍摄任务,员工端,S02,人员场地授权,拍摄需求,提交/确认/处理/退回/转交（按权限）,脚本与清单,按流程配置；默认1个工作日,超时提醒→主管催办→高风险升级,仅退回到可编辑前置节点；关键财务/签署节点不得物理回退,操作者、身份、时间、前后值、原因、附件哈希、设备/IP
P096,拍摄任务,员工端,S03,脚本与清单,人员场地授权,提交/确认/处理/退回/转交（按权限）,执行,按流程配置；默认1个工作日,超时提醒→主管催办→高风险升级,仅退回到可编辑前置节点；关键财务/签署节点不得物理回退,操作者、身份、时间、前后值、原因、附件哈希、设备/IP
P096,拍摄任务,员工端,S04,执行,脚本与清单,提交/确认/处理/退回/转交（按权限）,素材回收,按计划时点/班次完成,超时提醒→主管催办→高风险升级,仅退回到可编辑前置节点；关键财务/签署节点不得物理回退,操作者、身份、时间、前后值、原因、附件哈希、设备/IP
P096,拍摄任务,员工端,S05,素材回收,执行,提交/确认/处理/退回/转交（按权限）,筛选后期,按流程配置；默认1个工作日,超时提醒→主管催办→高风险升级,仅退回到可编辑前置节点；关键财务/签署节点不得物理回退,操作者、身份、时间、前后值、原因、附件哈希、设备/IP
P096,拍摄任务,员工端,S06,筛选后期,素材回收,提交/确认/处理/退回/转交（按权限）,审核,按流程配置；默认1个工作日,超时提醒→主管催办→高风险升级,仅退回到可编辑前置节点；关键财务/签署节点不得物理回退,操作者、身份、时间、前后值、原因、附件哈希、设备/IP
P096,拍摄任务,员工端,S07,审核,筛选后期,提交/确认/处理/退回/转交（按权限）,归档,1个工作日；高风险按制度,超时提醒→主管催办→高风险升级,仅退回到可编辑前置节点；关键财务/签署节点不得物理回退,操作者、身份、时间、前后值、原因、附件哈希、设备/IP
P096,拍摄任务,员工端,S08,归档,审核,提交/确认/处理/退回/转交（按权限）,已关闭,事项关闭后2个工作日,超时提醒→主管催办→高风险升级,仅退回到可编辑前置节点；关键财务/签署节点不得物理回退,操作者、身份、时间、前后值、原因、附件哈希、设备/IP
P097,返工变更,员工端,S01,变更申请,流程触发/发起,提交/确认/处理/退回/转交（按权限）,影响分析,按流程配置；默认1个工作日,超时提醒→主管催办→高风险升级,仅退回到可编辑前置节点；关键财务/签署节点不得物理回退,操作者、身份、时间、前后值、原因、附件哈希、设备/IP
P097,返工变更,员工端,S02,影响分析,变更申请,提交/确认/处理/退回/转交（按权限）,版本冻结,按流程配置；默认1个工作日,超时提醒→主管催办→高风险升级,仅退回到可编辑前置节点；关键财务/签署节点不得物理回退,操作者、身份、时间、前后值、原因、附件哈希、设备/IP
P097,返工变更,员工端,S03,版本冻结,影响分析,提交/确认/处理/退回/转交（按权限）,返工,按流程配置；默认1个工作日,超时提醒→主管催办→高风险升级,仅退回到可编辑前置节点；关键财务/签署节点不得物理回退,操作者、身份、时间、前后值、原因、附件哈希、设备/IP
P097,返工变更,员工端,S04,返工,版本冻结,提交/确认/处理/退回/转交（按权限）,重新审核,按流程配置；默认1个工作日,超时提醒→主管催办→高风险升级,仅退回到可编辑前置节点；关键财务/签署节点不得物理回退,操作者、身份、时间、前后值、原因、附件哈希、设备/IP
P097,返工变更,员工端,S05,重新审核,返工,提交/确认/处理/退回/转交（按权限）,替换交付,1个工作日；高风险按制度,超时提醒→主管催办→高风险升级,仅退回到可编辑前置节点；关键财务/签署节点不得物理回退,操作者、身份、时间、前后值、原因、附件哈希、设备/IP
P097,返工变更,员工端,S06,替换交付,重新审核,提交/确认/处理/退回/转交（按权限）,旧版停用,按流程配置；默认1个工作日,超时提醒→主管催办→高风险升级,仅退回到可编辑前置节点；关键财务/签署节点不得物理回退,操作者、身份、时间、前后值、原因、附件哈希、设备/IP
P097,返工变更,员工端,S07,旧版停用,替换交付,提交/确认/处理/退回/转交（按权限）,已关闭,按流程配置；默认1个工作日,超时提醒→主管催办→高风险升级,仅退回到可编辑前置节点；关键财务/签署节点不得物理回退,操作者、身份、时间、前后值、原因、附件哈希、设备/IP
P098,策划项目,员工端,S01,需求,流程触发/发起,提交/确认/处理/退回/转交（按权限）,初评,按流程配置；默认1个工作日,超时提醒→主管催办→高风险升级,仅退回到可编辑前置节点；关键财务/签署节点不得物理回退,操作者、身份、时间、前后值、原因、附件哈希、设备/IP
P098,策划项目,员工端,S02,初评,需求,提交/确认/处理/退回/转交（按权限）,立项,按流程配置；默认1个工作日,超时提醒→主管催办→高风险升级,仅退回到可编辑前置节点；关键财务/签署节点不得物理回退,操作者、身份、时间、前后值、原因、附件哈希、设备/IP
P098,策划项目,员工端,S03,立项,初评,提交/确认/处理/退回/转交（按权限）,调研,按流程配置；默认1个工作日,超时提醒→主管催办→高风险升级,仅退回到可编辑前置节点；关键财务/签署节点不得物理回退,操作者、身份、时间、前后值、原因、附件哈希、设备/IP
P098,策划项目,员工端,S04,调研,立项,提交/确认/处理/退回/转交（按权限）,方案,按流程配置；默认1个工作日,超时提醒→主管催办→高风险升级,仅退回到可编辑前置节点；关键财务/签署节点不得物理回退,操作者、身份、时间、前后值、原因、附件哈希、设备/IP
P098,策划项目,员工端,S05,方案,调研,提交/确认/处理/退回/转交（按权限）,评审,按流程配置；默认1个工作日,超时提醒→主管催办→高风险升级,仅退回到可编辑前置节点；关键财务/签署节点不得物理回退,操作者、身份、时间、前后值、原因、附件哈希、设备/IP
P098,策划项目,员工端,S06,评审,方案,提交/确认/处理/退回/转交（按权限）,预算资源确认,1个工作日；高风险按制度,超时提醒→主管催办→高风险升级,仅退回到可编辑前置节点；关键财务/签署节点不得物理回退,操作者、身份、时间、前后值、原因、附件哈希、设备/IP
P098,策划项目,员工端,S07,预算资源确认,评审,提交/确认/处理/退回/转交（按权限）,批准,1个工作日；高风险按制度,超时提醒→主管催办→高风险升级,仅退回到可编辑前置节点；关键财务/签署节点不得物理回退,操作者、身份、时间、前后值、原因、附件哈希、设备/IP
P098,策划项目,员工端,S08,批准,预算资源确认,提交/确认/处理/退回/转交（按权限）,执行移交,按流程配置；默认1个工作日,超时提醒→主管催办→高风险升级,仅退回到可编辑前置节点；关键财务/签署节点不得物理回退,操作者、身份、时间、前后值、原因、附件哈希、设备/IP
P098,策划项目,员工端,S09,执行移交,批准,提交/确认/处理/退回/转交（按权限）,验收复盘,按计划时点/班次完成,超时提醒→主管催办→高风险升级,仅退回到可编辑前置节点；关键财务/签署节点不得物理回退,操作者、身份、时间、前后值、原因、附件哈希、设备/IP
P098,策划项目,员工端,S10,验收复盘,执行移交,提交/确认/处理/退回/转交（按权限）,已关闭,1个工作日；高风险按制度,超时提醒→主管催办→高风险升级,仅退回到可编辑前置节点；关键财务/签署节点不得物理回退,操作者、身份、时间、前后值、原因、附件哈希、设备/IP
P099,方案变更,员工端,S01,变更申请,流程触发/发起,提交/确认/处理/退回/转交（按权限）,原因与影响,按流程配置；默认1个工作日,超时提醒→主管催办→高风险升级,仅退回到可编辑前置节点；关键财务/签署节点不得物理回退,操作者、身份、时间、前后值、原因、附件哈希、设备/IP
P099,方案变更,员工端,S02,原因与影响,变更申请,提交/确认/处理/退回/转交（按权限）,受影响中心会签,按流程配置；默认1个工作日,超时提醒→主管催办→高风险升级,仅退回到可编辑前置节点；关键财务/签署节点不得物理回退,操作者、身份、时间、前后值、原因、附件哈希、设备/IP
P099,方案变更,员工端,S03,受影响中心会签,原因与影响,提交/确认/处理/退回/转交（按权限）,新版本批准,按流程配置；默认1个工作日,超时提醒→主管催办→高风险升级,仅退回到可编辑前置节点；关键财务/签署节点不得物理回退,操作者、身份、时间、前后值、原因、附件哈希、设备/IP
P099,方案变更,员工端,S04,新版本批准,受影响中心会签,提交/确认/处理/退回/转交（按权限）,任务和预算同步,按流程配置；默认1个工作日,超时提醒→主管催办→高风险升级,仅退回到可编辑前置节点；关键财务/签署节点不得物理回退,操作者、身份、时间、前后值、原因、附件哈希、设备/IP
P099,方案变更,员工端,S05,任务和预算同步,新版本批准,提交/确认/处理/退回/转交（按权限）,旧版停用,按流程配置；默认1个工作日,超时提醒→主管催办→高风险升级,仅退回到可编辑前置节点；关键财务/签署节点不得物理回退,操作者、身份、时间、前后值、原因、附件哈希、设备/IP
P099,方案变更,员工端,S06,旧版停用,任务和预算同步,提交/确认/处理/退回/转交（按权限）,已关闭,按流程配置；默认1个工作日,超时提醒→主管催办→高风险升级,仅退回到可编辑前置节点；关键财务/签署节点不得物理回退,操作者、身份、时间、前后值、原因、附件哈希、设备/IP
P100,活动策划移交,员工端,S01,活动目标,流程触发/发起,提交/确认/处理/退回/转交（按权限）,方案和流程,按流程配置；默认1个工作日,超时提醒→主管催办→高风险升级,仅退回到可编辑前置节点；关键财务/签署节点不得物理回退,操作者、身份、时间、前后值、原因、附件哈希、设备/IP
P100,活动策划移交,员工端,S02,方案和流程,活动目标,提交/确认/处理/退回/转交（按权限）,人员资源清单,按流程配置；默认1个工作日,超时提醒→主管催办→高风险升级,仅退回到可编辑前置节点；关键财务/签署节点不得物理回退,操作者、身份、时间、前后值、原因、附件哈希、设备/IP
P100,活动策划移交,员工端,S03,人员资源清单,方案和流程,提交/确认/处理/退回/转交（按权限）,行政活动主单,按流程配置；默认1个工作日,超时提醒→主管催办→高风险升级,仅退回到可编辑前置节点；关键财务/签署节点不得物理回退,操作者、身份、时间、前后值、原因、附件哈希、设备/IP
P100,活动策划移交,员工端,S04,行政活动主单,人员资源清单,提交/确认/处理/退回/转交（按权限）,现场执行,按流程配置；默认1个工作日,超时提醒→主管催办→高风险升级,仅退回到可编辑前置节点；关键财务/签署节点不得物理回退,操作者、身份、时间、前后值、原因、附件哈希、设备/IP
P100,活动策划移交,员工端,S05,现场执行,行政活动主单,提交/确认/处理/退回/转交（按权限）,数据回收,按计划时点/班次完成,超时提醒→主管催办→高风险升级,仅退回到可编辑前置节点；关键财务/签署节点不得物理回退,操作者、身份、时间、前后值、原因、附件哈希、设备/IP
P100,活动策划移交,员工端,S06,数据回收,现场执行,提交/确认/处理/退回/转交（按权限）,效果复盘,按流程配置；默认1个工作日,超时提醒→主管催办→高风险升级,仅退回到可编辑前置节点；关键财务/签署节点不得物理回退,操作者、身份、时间、前后值、原因、附件哈希、设备/IP
P100,活动策划移交,员工端,S07,效果复盘,数据回收,提交/确认/处理/退回/转交（按权限）,已关闭,事项关闭后2个工作日,超时提醒→主管催办→高风险升级,仅退回到可编辑前置节点；关键财务/签署节点不得物理回退,操作者、身份、时间、前后值、原因、附件哈希、设备/IP
P101,产品上架,员工端,S01,产品资料,流程触发/发起,提交/确认/处理/退回/转交（按权限）,内部产品映射,按流程配置；默认1个工作日,超时提醒→主管催办→高风险升级,仅退回到可编辑前置节点；关键财务/签署节点不得物理回退,操作者、身份、时间、前后值、原因、附件哈希、设备/IP
P101,产品上架,员工端,S02,内部产品映射,产品资料,提交/确认/处理/退回/转交（按权限）,价格库存规则,按流程配置；默认1个工作日,超时提醒→主管催办→高风险升级,仅退回到可编辑前置节点；关键财务/签署节点不得物理回退,操作者、身份、时间、前后值、原因、附件哈希、设备/IP
P101,产品上架,员工端,S03,价格库存规则,内部产品映射,提交/确认/处理/退回/转交（按权限）,内容审核,按流程配置；默认1个工作日,超时提醒→主管催办→高风险升级,仅退回到可编辑前置节点；关键财务/签署节点不得物理回退,操作者、身份、时间、前后值、原因、附件哈希、设备/IP
P101,产品上架,员工端,S04,内容审核,价格库存规则,提交/确认/处理/退回/转交（按权限）,平台发布,1个工作日；高风险按制度,超时提醒→主管催办→高风险升级,仅退回到可编辑前置节点；关键财务/签署节点不得物理回退,操作者、身份、时间、前后值、原因、附件哈希、设备/IP
P101,产品上架,员工端,S05,平台发布,内容审核,提交/确认/处理/退回/转交（按权限）,回传校验,按流程配置；默认1个工作日,超时提醒→主管催办→高风险升级,仅退回到可编辑前置节点；关键财务/签署节点不得物理回退,操作者、身份、时间、前后值、原因、附件哈希、设备/IP
P101,产品上架,员工端,S06,回传校验,平台发布,提交/确认/处理/退回/转交（按权限）,监控,按流程配置；默认1个工作日,超时提醒→主管催办→高风险升级,仅退回到可编辑前置节点；关键财务/签署节点不得物理回退,操作者、身份、时间、前后值、原因、附件哈希、设备/IP
P101,产品上架,员工端,S07,监控,回传校验,提交/确认/处理/退回/转交（按权限）,已关闭,按流程配置；默认1个工作日,超时提醒→主管催办→高风险升级,仅退回到可编辑前置节点；关键财务/签署节点不得物理回退,操作者、身份、时间、前后值、原因、附件哈希、设备/IP
P102,OTA订单,员工端,S01,平台订单,流程触发/发起,提交/确认/处理/退回/转交（按权限）,签名与防重,按流程配置；默认1个工作日,超时提醒→主管催办→高风险升级,仅退回到可编辑前置节点；关键财务/签署节点不得物理回退,操作者、身份、时间、前后值、原因、附件哈希、设备/IP
P102,OTA订单,员工端,S02,签名与防重,平台订单,提交/确认/处理/退回/转交（按权限）,价格库存校验,按流程配置；默认1个工作日,超时提醒→主管催办→高风险升级,仅退回到可编辑前置节点；关键财务/签署节点不得物理回退,操作者、身份、时间、前后值、原因、附件哈希、设备/IP
P102,OTA订单,员工端,S03,价格库存校验,签名与防重,提交/确认/处理/退回/转交（按权限）,内部订单创建,按流程配置；默认1个工作日,超时提醒→主管催办→高风险升级,仅退回到可编辑前置节点；关键财务/签署节点不得物理回退,操作者、身份、时间、前后值、原因、附件哈希、设备/IP
P102,OTA订单,员工端,S04,内部订单创建,价格库存校验,提交/确认/处理/退回/转交（按权限）,出票/预约,按流程配置；默认1个工作日,超时提醒→主管催办→高风险升级,仅退回到可编辑前置节点；关键财务/签署节点不得物理回退,操作者、身份、时间、前后值、原因、附件哈希、设备/IP
P102,OTA订单,员工端,S05,出票/预约,内部订单创建,提交/确认/处理/退回/转交（按权限）,核销,按流程配置；默认1个工作日,超时提醒→主管催办→高风险升级,仅退回到可编辑前置节点；关键财务/签署节点不得物理回退,操作者、身份、时间、前后值、原因、附件哈希、设备/IP
P102,OTA订单,员工端,S06,核销,出票/预约,提交/确认/处理/退回/转交（按权限）,结算,按流程配置；默认1个工作日,超时提醒→主管催办→高风险升级,仅退回到可编辑前置节点；关键财务/签署节点不得物理回退,操作者、身份、时间、前后值、原因、附件哈希、设备/IP
P102,OTA订单,员工端,S07,结算,核销,提交/确认/处理/退回/转交（按权限）,已关闭,T+1个工作日或财务日历,超时提醒→主管催办→高风险升级,仅退回到可编辑前置节点；关键财务/签署节点不得物理回退,操作者、身份、时间、前后值、原因、附件哈希、设备/IP
P103,退款,员工端,S01,平台申请,流程触发/发起,提交/确认/处理/退回/转交（按权限）,内部规则校验,按流程配置；默认1个工作日,超时提醒→主管催办→高风险升级,仅退回到可编辑前置节点；关键财务/签署节点不得物理回退,操作者、身份、时间、前后值、原因、附件哈希、设备/IP
P103,退款,员工端,S02,内部规则校验,平台申请,提交/确认/处理/退回/转交（按权限）,票码冻结,按流程配置；默认1个工作日,超时提醒→主管催办→高风险升级,仅退回到可编辑前置节点；关键财务/签署节点不得物理回退,操作者、身份、时间、前后值、原因、附件哈希、设备/IP
P103,退款,员工端,S03,票码冻结,内部规则校验,提交/确认/处理/退回/转交（按权限）,退款执行,按流程配置；默认1个工作日,超时提醒→主管催办→高风险升级,仅退回到可编辑前置节点；关键财务/签署节点不得物理回退,操作者、身份、时间、前后值、原因、附件哈希、设备/IP
P103,退款,员工端,S04,退款执行,票码冻结,提交/确认/处理/退回/转交（按权限）,平台回调,T+1个工作日或财务日历,超时提醒→主管催办→高风险升级,仅退回到可编辑前置节点；关键财务/签署节点不得物理回退,操作者、身份、时间、前后值、原因、附件哈希、设备/IP
P103,退款,员工端,S05,平台回调,退款执行,提交/确认/处理/退回/转交（按权限）,财务冲销,按流程配置；默认1个工作日,超时提醒→主管催办→高风险升级,仅退回到可编辑前置节点；关键财务/签署节点不得物理回退,操作者、身份、时间、前后值、原因、附件哈希、设备/IP
P103,退款,员工端,S06,财务冲销,平台回调,提交/确认/处理/退回/转交（按权限）,状态一致性对账,按流程配置；默认1个工作日,超时提醒→主管催办→高风险升级,仅退回到可编辑前置节点；关键财务/签署节点不得物理回退,操作者、身份、时间、前后值、原因、附件哈希、设备/IP
P103,退款,员工端,S07,状态一致性对账,财务冲销,提交/确认/处理/退回/转交（按权限）,已关闭,T+1个工作日或财务日历,超时提醒→主管催办→高风险升级,仅退回到可编辑前置节点；关键财务/签署节点不得物理回退,操作者、身份、时间、前后值、原因、附件哈希、设备/IP
P104,评价客诉,员工端,S01,评价抓取,流程触发/发起,提交/确认/处理/退回/转交（按权限）,分类,按流程配置；默认1个工作日,超时提醒→主管催办→高风险升级,仅退回到可编辑前置节点；关键财务/签署节点不得物理回退,操作者、身份、时间、前后值、原因、附件哈希、设备/IP
P104,评价客诉,员工端,S02,分类,评价抓取,提交/确认/处理/退回/转交（按权限）,回复审批,按流程配置；默认1个工作日,超时提醒→主管催办→高风险升级,仅退回到可编辑前置节点；关键财务/签署节点不得物理回退,操作者、身份、时间、前后值、原因、附件哈希、设备/IP
P104,评价客诉,员工端,S03,回复审批,分类,提交/确认/处理/退回/转交（按权限）,客服处理,1个工作日；高风险按制度,超时提醒→主管催办→高风险升级,仅退回到可编辑前置节点；关键财务/签署节点不得物理回退,操作者、身份、时间、前后值、原因、附件哈希、设备/IP
P104,评价客诉,员工端,S04,客服处理,回复审批,提交/确认/处理/退回/转交（按权限）,重大投诉转案件,按流程配置；默认1个工作日,超时提醒→主管催办→高风险升级,仅退回到可编辑前置节点；关键财务/签署节点不得物理回退,操作者、身份、时间、前后值、原因、附件哈希、设备/IP
P104,评价客诉,员工端,S05,重大投诉转案件,客服处理,提交/确认/处理/退回/转交（按权限）,回访,立即响应；L3/L4 30分钟内升级,超时提醒→主管催办→高风险升级,仅退回到可编辑前置节点；关键财务/签署节点不得物理回退,操作者、身份、时间、前后值、原因、附件哈希、设备/IP
P104,评价客诉,员工端,S06,回访,重大投诉转案件,提交/确认/处理/退回/转交（按权限）,已关闭,按流程配置；默认1个工作日,超时提醒→主管催办→高风险升级,仅退回到可编辑前置节点；关键财务/签署节点不得物理回退,操作者、身份、时间、前后值、原因、附件哈希、设备/IP
P105,短视频发布,员工端,S01,选题,流程触发/发起,提交/确认/处理/退回/转交（按权限）,脚本,按流程配置；默认1个工作日,超时提醒→主管催办→高风险升级,仅退回到可编辑前置节点；关键财务/签署节点不得物理回退,操作者、身份、时间、前后值、原因、附件哈希、设备/IP
P105,短视频发布,员工端,S02,脚本,选题,提交/确认/处理/退回/转交（按权限）,专业事实审核,按流程配置；默认1个工作日,超时提醒→主管催办→高风险升级,仅退回到可编辑前置节点；关键财务/签署节点不得物理回退,操作者、身份、时间、前后值、原因、附件哈希、设备/IP
P105,短视频发布,员工端,S03,专业事实审核,脚本,提交/确认/处理/退回/转交（按权限）,拍摄,1个工作日；高风险按制度,超时提醒→主管催办→高风险升级,仅退回到可编辑前置节点；关键财务/签署节点不得物理回退,操作者、身份、时间、前后值、原因、附件哈希、设备/IP
P105,短视频发布,员工端,S04,拍摄,专业事实审核,提交/确认/处理/退回/转交（按权限）,剪辑,按流程配置；默认1个工作日,超时提醒→主管催办→高风险升级,仅退回到可编辑前置节点；关键财务/签署节点不得物理回退,操作者、身份、时间、前后值、原因、附件哈希、设备/IP
P105,短视频发布,员工端,S05,剪辑,拍摄,提交/确认/处理/退回/转交（按权限）,版权品牌审核,按流程配置；默认1个工作日,超时提醒→主管催办→高风险升级,仅退回到可编辑前置节点；关键财务/签署节点不得物理回退,操作者、身份、时间、前后值、原因、附件哈希、设备/IP
P105,短视频发布,员工端,S06,版权品牌审核,剪辑,提交/确认/处理/退回/转交（按权限）,发布审批,1个工作日；高风险按制度,超时提醒→主管催办→高风险升级,仅退回到可编辑前置节点；关键财务/签署节点不得物理回退,操作者、身份、时间、前后值、原因、附件哈希、设备/IP
P105,短视频发布,员工端,S07,发布审批,版权品牌审核,提交/确认/处理/退回/转交（按权限）,上线,1个工作日；高风险按制度,超时提醒→主管催办→高风险升级,仅退回到可编辑前置节点；关键财务/签署节点不得物理回退,操作者、身份、时间、前后值、原因、附件哈希、设备/IP
P105,短视频发布,员工端,S08,上线,发布审批,提交/确认/处理/退回/转交（按权限）,数据回收,按流程配置；默认1个工作日,超时提醒→主管催办→高风险升级,仅退回到可编辑前置节点；关键财务/签署节点不得物理回退,操作者、身份、时间、前后值、原因、附件哈希、设备/IP
P105,短视频发布,员工端,S09,数据回收,上线,提交/确认/处理/退回/转交（按权限）,复盘,按流程配置；默认1个工作日,超时提醒→主管催办→高风险升级,仅退回到可编辑前置节点；关键财务/签署节点不得物理回退,操作者、身份、时间、前后值、原因、附件哈希、设备/IP
P105,短视频发布,员工端,S10,复盘,数据回收,提交/确认/处理/退回/转交（按权限）,已关闭,事项关闭后2个工作日,超时提醒→主管催办→高风险升级,仅退回到可编辑前置节点；关键财务/签署节点不得物理回退,操作者、身份、时间、前后值、原因、附件哈希、设备/IP
P106,直播执行,员工端,S01,直播立项,流程触发/发起,提交/确认/处理/退回/转交（按权限）,产品与话术,按流程配置；默认1个工作日,超时提醒→主管催办→高风险升级,仅退回到可编辑前置节点；关键财务/签署节点不得物理回退,操作者、身份、时间、前后值、原因、附件哈希、设备/IP
P106,直播执行,员工端,S02,产品与话术,直播立项,提交/确认/处理/退回/转交（按权限）,主播场控排班,按流程配置；默认1个工作日,超时提醒→主管催办→高风险升级,仅退回到可编辑前置节点；关键财务/签署节点不得物理回退,操作者、身份、时间、前后值、原因、附件哈希、设备/IP
P106,直播执行,员工端,S03,主播场控排班,产品与话术,提交/确认/处理/退回/转交（按权限）,设备联调,按流程配置；默认1个工作日,超时提醒→主管催办→高风险升级,仅退回到可编辑前置节点；关键财务/签署节点不得物理回退,操作者、身份、时间、前后值、原因、附件哈希、设备/IP
P106,直播执行,员工端,S04,设备联调,主播场控排班,提交/确认/处理/退回/转交（按权限）,开播,按流程配置；默认1个工作日,超时提醒→主管催办→高风险升级,仅退回到可编辑前置节点；关键财务/签署节点不得物理回退,操作者、身份、时间、前后值、原因、附件哈希、设备/IP
P106,直播执行,员工端,S05,开播,设备联调,提交/确认/处理/退回/转交（按权限）,异常处置,按流程配置；默认1个工作日,超时提醒→主管催办→高风险升级,仅退回到可编辑前置节点；关键财务/签署节点不得物理回退,操作者、身份、时间、前后值、原因、附件哈希、设备/IP
P106,直播执行,员工端,S06,异常处置,开播,提交/确认/处理/退回/转交（按权限）,订单线索回传,立即响应；L3/L4 30分钟内升级,超时提醒→主管催办→高风险升级,仅退回到可编辑前置节点；关键财务/签署节点不得物理回退,操作者、身份、时间、前后值、原因、附件哈希、设备/IP
P106,直播执行,员工端,S07,订单线索回传,异常处置,提交/确认/处理/退回/转交（按权限）,复盘,按流程配置；默认1个工作日,超时提醒→主管催办→高风险升级,仅退回到可编辑前置节点；关键财务/签署节点不得物理回退,操作者、身份、时间、前后值、原因、附件哈希、设备/IP
P106,直播执行,员工端,S08,复盘,订单线索回传,提交/确认/处理/退回/转交（按权限）,已关闭,事项关闭后2个工作日,超时提醒→主管催办→高风险升级,仅退回到可编辑前置节点；关键财务/签署节点不得物理回退,操作者、身份、时间、前后值、原因、附件哈希、设备/IP
P107,投放,员工端,S01,投放目标,流程触发/发起,提交/确认/处理/退回/转交（按权限）,预算,按流程配置；默认1个工作日,超时提醒→主管催办→高风险升级,仅退回到可编辑前置节点；关键财务/签署节点不得物理回退,操作者、身份、时间、前后值、原因、附件哈希、设备/IP
P107,投放,员工端,S02,预算,投放目标,提交/确认/处理/退回/转交（按权限）,素材,按流程配置；默认1个工作日,超时提醒→主管催办→高风险升级,仅退回到可编辑前置节点；关键财务/签署节点不得物理回退,操作者、身份、时间、前后值、原因、附件哈希、设备/IP
P107,投放,员工端,S03,素材,预算,提交/确认/处理/退回/转交（按权限）,人群,按流程配置；默认1个工作日,超时提醒→主管催办→高风险升级,仅退回到可编辑前置节点；关键财务/签署节点不得物理回退,操作者、身份、时间、前后值、原因、附件哈希、设备/IP
P107,投放,员工端,S04,人群,素材,提交/确认/处理/退回/转交（按权限）,审批,按流程配置；默认1个工作日,超时提醒→主管催办→高风险升级,仅退回到可编辑前置节点；关键财务/签署节点不得物理回退,操作者、身份、时间、前后值、原因、附件哈希、设备/IP
P107,投放,员工端,S05,审批,人群,提交/确认/处理/退回/转交（按权限）,上线,1个工作日；高风险按制度,超时提醒→主管催办→高风险升级,仅退回到可编辑前置节点；关键财务/签署节点不得物理回退,操作者、身份、时间、前后值、原因、附件哈希、设备/IP
P107,投放,员工端,S06,上线,审批,提交/确认/处理/退回/转交（按权限）,监控,按流程配置；默认1个工作日,超时提醒→主管催办→高风险升级,仅退回到可编辑前置节点；关键财务/签署节点不得物理回退,操作者、身份、时间、前后值、原因、附件哈希、设备/IP
P107,投放,员工端,S07,监控,上线,提交/确认/处理/退回/转交（按权限）,调整,按流程配置；默认1个工作日,超时提醒→主管催办→高风险升级,仅退回到可编辑前置节点；关键财务/签署节点不得物理回退,操作者、身份、时间、前后值、原因、附件哈希、设备/IP
P107,投放,员工端,S08,调整,监控,提交/确认/处理/退回/转交（按权限）,关闭,按流程配置；默认1个工作日,超时提醒→主管催办→高风险升级,仅退回到可编辑前置节点；关键财务/签署节点不得物理回退,操作者、身份、时间、前后值、原因、附件哈希、设备/IP
P107,投放,员工端,S09,关闭,调整,提交/确认/处理/退回/转交（按权限）,财务对账,按流程配置；默认1个工作日,超时提醒→主管催办→高风险升级,仅退回到可编辑前置节点；关键财务/签署节点不得物理回退,操作者、身份、时间、前后值、原因、附件哈希、设备/IP
P107,投放,员工端,S10,财务对账,关闭,提交/确认/处理/退回/转交（按权限）,已关闭,T+1个工作日或财务日历,超时提醒→主管催办→高风险升级,仅退回到可编辑前置节点；关键财务/签署节点不得物理回退,操作者、身份、时间、前后值、原因、附件哈希、设备/IP
P108,舆情,员工端,S01,发现,流程触发/发起,提交/确认/处理/退回/转交（按权限）,分级,按流程配置；默认1个工作日,超时提醒→主管催办→高风险升级,仅退回到可编辑前置节点；关键财务/签署节点不得物理回退,操作者、身份、时间、前后值、原因、附件哈希、设备/IP
P108,舆情,员工端,S02,分级,发现,提交/确认/处理/退回/转交（按权限）,暂停自动回复,按流程配置；默认1个工作日,超时提醒→主管催办→高风险升级,仅退回到可编辑前置节点；关键财务/签署节点不得物理回退,操作者、身份、时间、前后值、原因、附件哈希、设备/IP
P108,舆情,员工端,S03,暂停自动回复,分级,提交/确认/处理/退回/转交（按权限）,事实核验,按流程配置；默认1个工作日,超时提醒→主管催办→高风险升级,仅退回到可编辑前置节点；关键财务/签署节点不得物理回退,操作者、身份、时间、前后值、原因、附件哈希、设备/IP
P108,舆情,员工端,S04,事实核验,暂停自动回复,提交/确认/处理/退回/转交（按权限）,统一口径,按流程配置；默认1个工作日,超时提醒→主管催办→高风险升级,仅退回到可编辑前置节点；关键财务/签署节点不得物理回退,操作者、身份、时间、前后值、原因、附件哈希、设备/IP
P108,舆情,员工端,S05,统一口径,事实核验,提交/确认/处理/退回/转交（按权限）,响应,按流程配置；默认1个工作日,超时提醒→主管催办→高风险升级,仅退回到可编辑前置节点；关键财务/签署节点不得物理回退,操作者、身份、时间、前后值、原因、附件哈希、设备/IP
P108,舆情,员工端,S06,响应,统一口径,提交/确认/处理/退回/转交（按权限）,持续监控,按流程配置；默认1个工作日,超时提醒→主管催办→高风险升级,仅退回到可编辑前置节点；关键财务/签署节点不得物理回退,操作者、身份、时间、前后值、原因、附件哈希、设备/IP
P108,舆情,员工端,S07,持续监控,响应,提交/确认/处理/退回/转交（按权限）,案件或复盘,按流程配置；默认1个工作日,超时提醒→主管催办→高风险升级,仅退回到可编辑前置节点；关键财务/签署节点不得物理回退,操作者、身份、时间、前后值、原因、附件哈希、设备/IP
P108,舆情,员工端,S08,案件或复盘,持续监控,提交/确认/处理/退回/转交（按权限）,已关闭,事项关闭后2个工作日,超时提醒→主管催办→高风险升级,仅退回到可编辑前置节点；关键财务/签署节点不得物理回退,操作者、身份、时间、前后值、原因、附件哈希、设备/IP
P109,品牌授权,员工端,S01,申请,流程触发/发起,提交/确认/处理/退回/转交（按权限）,用途主体期限,按流程配置；默认1个工作日,超时提醒→主管催办→高风险升级,仅退回到可编辑前置节点；关键财务/签署节点不得物理回退,操作者、身份、时间、前后值、原因、附件哈希、设备/IP
P109,品牌授权,员工端,S02,用途主体期限,申请,提交/确认/处理/退回/转交（按权限）,材料核验,按流程配置；默认1个工作日,超时提醒→主管催办→高风险升级,仅退回到可编辑前置节点；关键财务/签署节点不得物理回退,操作者、身份、时间、前后值、原因、附件哈希、设备/IP
P109,品牌授权,员工端,S03,材料核验,用途主体期限,提交/确认/处理/退回/转交（按权限）,风险评估,按流程配置；默认1个工作日,超时提醒→主管催办→高风险升级,仅退回到可编辑前置节点；关键财务/签署节点不得物理回退,操作者、身份、时间、前后值、原因、附件哈希、设备/IP
P109,品牌授权,员工端,S04,风险评估,材料核验,提交/确认/处理/退回/转交（按权限）,审批,立即响应；L3/L4 30分钟内升级,超时提醒→主管催办→高风险升级,仅退回到可编辑前置节点；关键财务/签署节点不得物理回退,操作者、身份、时间、前后值、原因、附件哈希、设备/IP
P109,品牌授权,员工端,S05,审批,风险评估,提交/确认/处理/退回/转交（按权限）,授权文件,1个工作日；高风险按制度,超时提醒→主管催办→高风险升级,仅退回到可编辑前置节点；关键财务/签署节点不得物理回退,操作者、身份、时间、前后值、原因、附件哈希、设备/IP
P109,品牌授权,员工端,S06,授权文件,审批,提交/确认/处理/退回/转交（按权限）,到期提醒,按流程配置；默认1个工作日,超时提醒→主管催办→高风险升级,仅退回到可编辑前置节点；关键财务/签署节点不得物理回退,操作者、身份、时间、前后值、原因、附件哈希、设备/IP
P109,品牌授权,员工端,S07,到期提醒,授权文件,提交/确认/处理/退回/转交（按权限）,终止/续期,按流程配置；默认1个工作日,超时提醒→主管催办→高风险升级,仅退回到可编辑前置节点；关键财务/签署节点不得物理回退,操作者、身份、时间、前后值、原因、附件哈希、设备/IP
P109,品牌授权,员工端,S08,终止/续期,到期提醒,提交/确认/处理/退回/转交（按权限）,已关闭,按流程配置；默认1个工作日,超时提醒→主管催办→高风险升级,仅退回到可编辑前置节点；关键财务/签署节点不得物理回退,操作者、身份、时间、前后值、原因、附件哈希、设备/IP
P110,物料审核,员工端,S01,提交物料,流程触发/发起,提交/确认/处理/退回/转交（按权限）,规范自动检查,按流程配置；默认1个工作日,超时提醒→主管催办→高风险升级,仅退回到可编辑前置节点；关键财务/签署节点不得物理回退,操作者、身份、时间、前后值、原因、附件哈希、设备/IP
P110,物料审核,员工端,S02,规范自动检查,提交物料,提交/确认/处理/退回/转交（按权限）,人工审核,按流程配置；默认1个工作日,超时提醒→主管催办→高风险升级,仅退回到可编辑前置节点；关键财务/签署节点不得物理回退,操作者、身份、时间、前后值、原因、附件哈希、设备/IP
P110,物料审核,员工端,S03,人工审核,规范自动检查,提交/确认/处理/退回/转交（按权限）,退回修改,1个工作日；高风险按制度,超时提醒→主管催办→高风险升级,仅退回到可编辑前置节点；关键财务/签署节点不得物理回退,操作者、身份、时间、前后值、原因、附件哈希、设备/IP
P110,物料审核,员工端,S04,退回修改,人工审核,提交/确认/处理/退回/转交（按权限）,批准,按流程配置；默认1个工作日,超时提醒→主管催办→高风险升级,仅退回到可编辑前置节点；关键财务/签署节点不得物理回退,操作者、身份、时间、前后值、原因、附件哈希、设备/IP
P110,物料审核,员工端,S05,批准,退回修改,提交/确认/处理/退回/转交（按权限）,版本固化,按流程配置；默认1个工作日,超时提醒→主管催办→高风险升级,仅退回到可编辑前置节点；关键财务/签署节点不得物理回退,操作者、身份、时间、前后值、原因、附件哈希、设备/IP
P110,物料审核,员工端,S06,版本固化,批准,提交/确认/处理/退回/转交（按权限）,发布移交,按流程配置；默认1个工作日,超时提醒→主管催办→高风险升级,仅退回到可编辑前置节点；关键财务/签署节点不得物理回退,操作者、身份、时间、前后值、原因、附件哈希、设备/IP
P110,物料审核,员工端,S07,发布移交,版本固化,提交/确认/处理/退回/转交（按权限）,已关闭,按流程配置；默认1个工作日,超时提醒→主管催办→高风险升级,仅退回到可编辑前置节点；关键财务/签署节点不得物理回退,操作者、身份、时间、前后值、原因、附件哈希、设备/IP
P111,侵权处理,员工端,S01,线索,流程触发/发起,提交/确认/处理/退回/转交（按权限）,证据保全,按流程配置；默认1个工作日,超时提醒→主管催办→高风险升级,仅退回到可编辑前置节点；关键财务/签署节点不得物理回退,操作者、身份、时间、前后值、原因、附件哈希、设备/IP
P111,侵权处理,员工端,S02,证据保全,线索,提交/确认/处理/退回/转交（按权限）,真实性核验,按流程配置；默认1个工作日,超时提醒→主管催办→高风险升级,仅退回到可编辑前置节点；关键财务/签署节点不得物理回退,操作者、身份、时间、前后值、原因、附件哈希、设备/IP
P111,侵权处理,员工端,S03,真实性核验,证据保全,提交/确认/处理/退回/转交（按权限）,风险分级,按流程配置；默认1个工作日,超时提醒→主管催办→高风险升级,仅退回到可编辑前置节点；关键财务/签署节点不得物理回退,操作者、身份、时间、前后值、原因、附件哈希、设备/IP
P111,侵权处理,员工端,S04,风险分级,真实性核验,提交/确认/处理/退回/转交（按权限）,通知或法务协同,立即响应；L3/L4 30分钟内升级,超时提醒→主管催办→高风险升级,仅退回到可编辑前置节点；关键财务/签署节点不得物理回退,操作者、身份、时间、前后值、原因、附件哈希、设备/IP
P111,侵权处理,员工端,S05,通知或法务协同,风险分级,提交/确认/处理/退回/转交（按权限）,下架整改,按流程配置；默认1个工作日,超时提醒→主管催办→高风险升级,仅退回到可编辑前置节点；关键财务/签署节点不得物理回退,操作者、身份、时间、前后值、原因、附件哈希、设备/IP
P111,侵权处理,员工端,S06,下架整改,通知或法务协同,提交/确认/处理/退回/转交（按权限）,复查,按流程配置；默认1个工作日,超时提醒→主管催办→高风险升级,仅退回到可编辑前置节点；关键财务/签署节点不得物理回退,操作者、身份、时间、前后值、原因、附件哈希、设备/IP
P111,侵权处理,员工端,S07,复查,下架整改,提交/确认/处理/退回/转交（按权限）,关闭,按流程配置；默认1个工作日,超时提醒→主管催办→高风险升级,仅退回到可编辑前置节点；关键财务/签署节点不得物理回退,操作者、身份、时间、前后值、原因、附件哈希、设备/IP
P111,侵权处理,员工端,S08,关闭,复查,提交/确认/处理/退回/转交（按权限）,已关闭,按流程配置；默认1个工作日,超时提醒→主管催办→高风险升级,仅退回到可编辑前置节点；关键财务/签署节点不得物理回退,操作者、身份、时间、前后值、原因、附件哈希、设备/IP
P112,标准接待,员工端,S01,需求,流程触发/发起,提交/确认/处理/退回/转交（按权限）,客情核验,按流程配置；默认1个工作日,超时提醒→主管催办→高风险升级,仅退回到可编辑前置节点；关键财务/签署节点不得物理回退,操作者、身份、时间、前后值、原因、附件哈希、设备/IP
P112,标准接待,员工端,S02,客情核验,需求,提交/确认/处理/退回/转交（按权限）,等级预算审批,按流程配置；默认1个工作日,超时提醒→主管催办→高风险升级,仅退回到可编辑前置节点；关键财务/签署节点不得物理回退,操作者、身份、时间、前后值、原因、附件哈希、设备/IP
P112,标准接待,员工端,S03,等级预算审批,客情核验,提交/确认/处理/退回/转交（按权限）,方案,1个工作日；高风险按制度,超时提醒→主管催办→高风险升级,仅退回到可编辑前置节点；关键财务/签署节点不得物理回退,操作者、身份、时间、前后值、原因、附件哈希、设备/IP
P112,标准接待,员工端,S04,方案,等级预算审批,提交/确认/处理/退回/转交（按权限）,资源子单,按流程配置；默认1个工作日,超时提醒→主管催办→高风险升级,仅退回到可编辑前置节点；关键财务/签署节点不得物理回退,操作者、身份、时间、前后值、原因、附件哈希、设备/IP
P112,标准接待,员工端,S05,资源子单,方案,提交/确认/处理/退回/转交（按权限）,行前确认,按流程配置；默认1个工作日,超时提醒→主管催办→高风险升级,仅退回到可编辑前置节点；关键财务/签署节点不得物理回退,操作者、身份、时间、前后值、原因、附件哈希、设备/IP
P112,标准接待,员工端,S06,行前确认,资源子单,提交/确认/处理/退回/转交（按权限）,接待执行,1个工作日；高风险按制度,超时提醒→主管催办→高风险升级,仅退回到可编辑前置节点；关键财务/签署节点不得物理回退,操作者、身份、时间、前后值、原因、附件哈希、设备/IP
P112,标准接待,员工端,S07,接待执行,行前确认,提交/确认/处理/退回/转交（按权限）,离场,按计划时点/班次完成,超时提醒→主管催办→高风险升级,仅退回到可编辑前置节点；关键财务/签署节点不得物理回退,操作者、身份、时间、前后值、原因、附件哈希、设备/IP
P112,标准接待,员工端,S08,离场,接待执行,提交/确认/处理/退回/转交（按权限）,回访,按流程配置；默认1个工作日,超时提醒→主管催办→高风险升级,仅退回到可编辑前置节点；关键财务/签署节点不得物理回退,操作者、身份、时间、前后值、原因、附件哈希、设备/IP
P112,标准接待,员工端,S09,回访,离场,提交/确认/处理/退回/转交（按权限）,费用与复盘,按流程配置；默认1个工作日,超时提醒→主管催办→高风险升级,仅退回到可编辑前置节点；关键财务/签署节点不得物理回退,操作者、身份、时间、前后值、原因、附件哈希、设备/IP
P112,标准接待,员工端,S10,费用与复盘,回访,提交/确认/处理/退回/转交（按权限）,已关闭,事项关闭后2个工作日,超时提醒→主管催办→高风险升级,仅退回到可编辑前置节点；关键财务/签署节点不得物理回退,操作者、身份、时间、前后值、原因、附件哈希、设备/IP
P113,临时变更,员工端,S01,变更提出,流程触发/发起,提交/确认/处理/退回/转交（按权限）,指定联系人确认,按流程配置；默认1个工作日,超时提醒→主管催办→高风险升级,仅退回到可编辑前置节点；关键财务/签署节点不得物理回退,操作者、身份、时间、前后值、原因、附件哈希、设备/IP
P113,临时变更,员工端,S02,指定联系人确认,变更提出,提交/确认/处理/退回/转交（按权限）,影响分析,1个工作日；高风险按制度,超时提醒→主管催办→高风险升级,仅退回到可编辑前置节点；关键财务/签署节点不得物理回退,操作者、身份、时间、前后值、原因、附件哈希、设备/IP
P113,临时变更,员工端,S03,影响分析,指定联系人确认,提交/确认/处理/退回/转交（按权限）,更新唯一行程,按流程配置；默认1个工作日,超时提醒→主管催办→高风险升级,仅退回到可编辑前置节点；关键财务/签署节点不得物理回退,操作者、身份、时间、前后值、原因、附件哈希、设备/IP
P113,临时变更,员工端,S04,更新唯一行程,影响分析,提交/确认/处理/退回/转交（按权限）,资源子单调整,按流程配置；默认1个工作日,超时提醒→主管催办→高风险升级,仅退回到可编辑前置节点；关键财务/签署节点不得物理回退,操作者、身份、时间、前后值、原因、附件哈希、设备/IP
P113,临时变更,员工端,S05,资源子单调整,更新唯一行程,提交/确认/处理/退回/转交（按权限）,人员通知,按流程配置；默认1个工作日,超时提醒→主管催办→高风险升级,仅退回到可编辑前置节点；关键财务/签署节点不得物理回退,操作者、身份、时间、前后值、原因、附件哈希、设备/IP
P113,临时变更,员工端,S06,人员通知,资源子单调整,提交/确认/处理/退回/转交（按权限）,损耗记录,按流程配置；默认1个工作日,超时提醒→主管催办→高风险升级,仅退回到可编辑前置节点；关键财务/签署节点不得物理回退,操作者、身份、时间、前后值、原因、附件哈希、设备/IP
P113,临时变更,员工端,S07,损耗记录,人员通知,提交/确认/处理/退回/转交（按权限）,已关闭,按流程配置；默认1个工作日,超时提醒→主管催办→高风险升级,仅退回到可编辑前置节点；关键财务/签署节点不得物理回退,操作者、身份、时间、前后值、原因、附件哈希、设备/IP
P114,导游执行,员工端,S01,排班,流程触发/发起,提交/确认/处理/退回/转交（按权限）,路线讲解词版本,按流程配置；默认1个工作日,超时提醒→主管催办→高风险升级,仅退回到可编辑前置节点；关键财务/签署节点不得物理回退,操作者、身份、时间、前后值、原因、附件哈希、设备/IP
P114,导游执行,员工端,S02,路线讲解词版本,排班,提交/确认/处理/退回/转交（按权限）,人数票务天气确认,按流程配置；默认1个工作日,超时提醒→主管催办→高风险升级,仅退回到可编辑前置节点；关键财务/签署节点不得物理回退,操作者、身份、时间、前后值、原因、附件哈希、设备/IP
P114,导游执行,员工端,S03,人数票务天气确认,路线讲解词版本,提交/确认/处理/退回/转交（按权限）,出发,1个工作日；高风险按制度,超时提醒→主管催办→高风险升级,仅退回到可编辑前置节点；关键财务/签署节点不得物理回退,操作者、身份、时间、前后值、原因、附件哈希、设备/IP
P114,导游执行,员工端,S04,出发,人数票务天气确认,提交/确认/处理/退回/转交（按权限）,持续清点,按流程配置；默认1个工作日,超时提醒→主管催办→高风险升级,仅退回到可编辑前置节点；关键财务/签署节点不得物理回退,操作者、身份、时间、前后值、原因、附件哈希、设备/IP
P114,导游执行,员工端,S05,持续清点,出发,提交/确认/处理/退回/转交（按权限）,异常处置,按流程配置；默认1个工作日,超时提醒→主管催办→高风险升级,仅退回到可编辑前置节点；关键财务/签署节点不得物理回退,操作者、身份、时间、前后值、原因、附件哈希、设备/IP
P114,导游执行,员工端,S06,异常处置,持续清点,提交/确认/处理/退回/转交（按权限）,结束反馈,立即响应；L3/L4 30分钟内升级,超时提醒→主管催办→高风险升级,仅退回到可编辑前置节点；关键财务/签署节点不得物理回退,操作者、身份、时间、前后值、原因、附件哈希、设备/IP
P114,导游执行,员工端,S07,结束反馈,异常处置,提交/确认/处理/退回/转交（按权限）,已关闭,按流程配置；默认1个工作日,超时提醒→主管催办→高风险升级,仅退回到可编辑前置节点；关键财务/签署节点不得物理回退,操作者、身份、时间、前后值、原因、附件哈希、设备/IP
P115,接待客诉,员工端,S01,受理,流程触发/发起,提交/确认/处理/退回/转交（按权限）,先行服务补救,按流程配置；默认1个工作日,超时提醒→主管催办→高风险升级,仅退回到可编辑前置节点；关键财务/签署节点不得物理回退,操作者、身份、时间、前后值、原因、附件哈希、设备/IP
P115,接待客诉,员工端,S02,先行服务补救,受理,提交/确认/处理/退回/转交（按权限）,事实记录,按流程配置；默认1个工作日,超时提醒→主管催办→高风险升级,仅退回到可编辑前置节点；关键财务/签署节点不得物理回退,操作者、身份、时间、前后值、原因、附件哈希、设备/IP
P115,接待客诉,员工端,S03,事实记录,先行服务补救,提交/确认/处理/退回/转交（按权限）,统一案件,按流程配置；默认1个工作日,超时提醒→主管催办→高风险升级,仅退回到可编辑前置节点；关键财务/签署节点不得物理回退,操作者、身份、时间、前后值、原因、附件哈希、设备/IP
P115,接待客诉,员工端,S04,统一案件,事实记录,提交/确认/处理/退回/转交（按权限）,调查,按流程配置；默认1个工作日,超时提醒→主管催办→高风险升级,仅退回到可编辑前置节点；关键财务/签署节点不得物理回退,操作者、身份、时间、前后值、原因、附件哈希、设备/IP
P115,接待客诉,员工端,S05,调查,统一案件,提交/确认/处理/退回/转交（按权限）,回访,按流程配置；默认1个工作日,超时提醒→主管催办→高风险升级,仅退回到可编辑前置节点；关键财务/签署节点不得物理回退,操作者、身份、时间、前后值、原因、附件哈希、设备/IP
P115,接待客诉,员工端,S06,回访,调查,提交/确认/处理/退回/转交（按权限）,整改,按流程配置；默认1个工作日,超时提醒→主管催办→高风险升级,仅退回到可编辑前置节点；关键财务/签署节点不得物理回退,操作者、身份、时间、前后值、原因、附件哈希、设备/IP
P115,接待客诉,员工端,S07,整改,回访,提交/确认/处理/退回/转交（按权限）,已关闭,按流程配置；默认1个工作日,超时提醒→主管催办→高风险升级,仅退回到可编辑前置节点；关键财务/签署节点不得物理回退,操作者、身份、时间、前后值、原因、附件哈希、设备/IP
P116,线索转商机,员工端,S01,线索进入,流程触发/发起,提交/确认/处理/退回/转交（按权限）,合法性和查重,按流程配置；默认1个工作日,超时提醒→主管催办→高风险升级,仅退回到可编辑前置节点；关键财务/签署节点不得物理回退,操作者、身份、时间、前后值、原因、附件哈希、设备/IP
P116,线索转商机,员工端,S02,合法性和查重,线索进入,提交/确认/处理/退回/转交（按权限）,分配,按流程配置；默认1个工作日,超时提醒→主管催办→高风险升级,仅退回到可编辑前置节点；关键财务/签署节点不得物理回退,操作者、身份、时间、前后值、原因、附件哈希、设备/IP
P116,线索转商机,员工端,S03,分配,合法性和查重,提交/确认/处理/退回/转交（按权限）,首次联系,按流程配置；默认1个工作日,超时提醒→主管催办→高风险升级,仅退回到可编辑前置节点；关键财务/签署节点不得物理回退,操作者、身份、时间、前后值、原因、附件哈希、设备/IP
P116,线索转商机,员工端,S04,首次联系,分配,提交/确认/处理/退回/转交（按权限）,资格判断,按流程配置；默认1个工作日,超时提醒→主管催办→高风险升级,仅退回到可编辑前置节点；关键财务/签署节点不得物理回退,操作者、身份、时间、前后值、原因、附件哈希、设备/IP
P116,线索转商机,员工端,S05,资格判断,首次联系,提交/确认/处理/退回/转交（按权限）,转商机或关闭,按流程配置；默认1个工作日,超时提醒→主管催办→高风险升级,仅退回到可编辑前置节点；关键财务/签署节点不得物理回退,操作者、身份、时间、前后值、原因、附件哈希、设备/IP
P116,线索转商机,员工端,S06,转商机或关闭,资格判断,提交/确认/处理/退回/转交（按权限）,下一步任务,按流程配置；默认1个工作日,超时提醒→主管催办→高风险升级,仅退回到可编辑前置节点；关键财务/签署节点不得物理回退,操作者、身份、时间、前后值、原因、附件哈希、设备/IP
P116,线索转商机,员工端,S07,下一步任务,转商机或关闭,提交/确认/处理/退回/转交（按权限）,已关闭,按流程配置；默认1个工作日,超时提醒→主管催办→高风险升级,仅退回到可编辑前置节点；关键财务/签署节点不得物理回退,操作者、身份、时间、前后值、原因、附件哈希、设备/IP
P117,销售成交,员工端,S01,需求,流程触发/发起,提交/确认/处理/退回/转交（按权限）,方案,按流程配置；默认1个工作日,超时提醒→主管催办→高风险升级,仅退回到可编辑前置节点；关键财务/签署节点不得物理回退,操作者、身份、时间、前后值、原因、附件哈希、设备/IP
P117,销售成交,员工端,S02,方案,需求,提交/确认/处理/退回/转交（按权限）,报价审批,按流程配置；默认1个工作日,超时提醒→主管催办→高风险升级,仅退回到可编辑前置节点；关键财务/签署节点不得物理回退,操作者、身份、时间、前后值、原因、附件哈希、设备/IP
P117,销售成交,员工端,S03,报价审批,方案,提交/确认/处理/退回/转交（按权限）,商务谈判,1个工作日；高风险按制度,超时提醒→主管催办→高风险升级,仅退回到可编辑前置节点；关键财务/签署节点不得物理回退,操作者、身份、时间、前后值、原因、附件哈希、设备/IP
P117,销售成交,员工端,S04,商务谈判,报价审批,提交/确认/处理/退回/转交（按权限）,合同协同,按流程配置；默认1个工作日,超时提醒→主管催办→高风险升级,仅退回到可编辑前置节点；关键财务/签署节点不得物理回退,操作者、身份、时间、前后值、原因、附件哈希、设备/IP
P117,销售成交,员工端,S05,合同协同,商务谈判,提交/确认/处理/退回/转交（按权限）,订单,按流程配置；默认1个工作日,超时提醒→主管催办→高风险升级,仅退回到可编辑前置节点；关键财务/签署节点不得物理回退,操作者、身份、时间、前后值、原因、附件哈希、设备/IP
P117,销售成交,员工端,S06,订单,合同协同,提交/确认/处理/退回/转交（按权限）,交付移交,按流程配置；默认1个工作日,超时提醒→主管催办→高风险升级,仅退回到可编辑前置节点；关键财务/签署节点不得物理回退,操作者、身份、时间、前后值、原因、附件哈希、设备/IP
P117,销售成交,员工端,S07,交付移交,订单,提交/确认/处理/退回/转交（按权限）,回款,按流程配置；默认1个工作日,超时提醒→主管催办→高风险升级,仅退回到可编辑前置节点；关键财务/签署节点不得物理回退,操作者、身份、时间、前后值、原因、附件哈希、设备/IP
P117,销售成交,员工端,S08,回款,交付移交,提交/确认/处理/退回/转交（按权限）,复购,按流程配置；默认1个工作日,超时提醒→主管催办→高风险升级,仅退回到可编辑前置节点；关键财务/签署节点不得物理回退,操作者、身份、时间、前后值、原因、附件哈希、设备/IP
P117,销售成交,员工端,S09,复购,回款,提交/确认/处理/退回/转交（按权限）,已关闭,按流程配置；默认1个工作日,超时提醒→主管催办→高风险升级,仅退回到可编辑前置节点；关键财务/签署节点不得物理回退,操作者、身份、时间、前后值、原因、附件哈希、设备/IP
P118,二次销售,员工端,S01,服务场景产生线索,流程触发/发起,提交/确认/处理/退回/转交（按权限）,员工工号/二维码归属,按流程配置；默认1个工作日,超时提醒→主管催办→高风险升级,仅退回到可编辑前置节点；关键财务/签署节点不得物理回退,操作者、身份、时间、前后值、原因、附件哈希、设备/IP
P118,二次销售,员工端,S02,员工工号/二维码归属,服务场景产生线索,提交/确认/处理/退回/转交（按权限）,成交,按流程配置；默认1个工作日,超时提醒→主管催办→高风险升级,仅退回到可编辑前置节点；关键财务/签署节点不得物理回退,操作者、身份、时间、前后值、原因、附件哈希、设备/IP
P118,二次销售,员工端,S03,成交,员工工号/二维码归属,提交/确认/处理/退回/转交（按权限）,核销交付,按流程配置；默认1个工作日,超时提醒→主管催办→高风险升级,仅退回到可编辑前置节点；关键财务/签署节点不得物理回退,操作者、身份、时间、前后值、原因、附件哈希、设备/IP
P118,二次销售,员工端,S04,核销交付,成交,提交/确认/处理/退回/转交（按权限）,退款观察,按流程配置；默认1个工作日,超时提醒→主管催办→高风险升级,仅退回到可编辑前置节点；关键财务/签署节点不得物理回退,操作者、身份、时间、前后值、原因、附件哈希、设备/IP
P118,二次销售,员工端,S05,退款观察,核销交付,提交/确认/处理/退回/转交（按权限）,贡献角色确认,T+1个工作日或财务日历,超时提醒→主管催办→高风险升级,仅退回到可编辑前置节点；关键财务/签署节点不得物理回退,操作者、身份、时间、前后值、原因、附件哈希、设备/IP
P118,二次销售,员工端,S06,贡献角色确认,退款观察,提交/确认/处理/退回/转交（按权限）,提成基础,1个工作日；高风险按制度,超时提醒→主管催办→高风险升级,仅退回到可编辑前置节点；关键财务/签署节点不得物理回退,操作者、身份、时间、前后值、原因、附件哈希、设备/IP
P118,二次销售,员工端,S07,提成基础,贡献角色确认,提交/确认/处理/退回/转交（按权限）,已关闭,按流程配置；默认1个工作日,超时提醒→主管催办→高风险升级,仅退回到可编辑前置节点；关键财务/签署节点不得物理回退,操作者、身份、时间、前后值、原因、附件哈希、设备/IP
P119,客户移交,员工端,S01,人员调岗离职,流程触发/发起,提交/确认/处理/退回/转交（按权限）,未结客户清单,按流程配置；默认1个工作日,超时提醒→主管催办→高风险升级,仅退回到可编辑前置节点；关键财务/签署节点不得物理回退,操作者、身份、时间、前后值、原因、附件哈希、设备/IP
P119,客户移交,员工端,S02,未结客户清单,人员调岗离职,提交/确认/处理/退回/转交（按权限）,新责任人,按流程配置；默认1个工作日,超时提醒→主管催办→高风险升级,仅退回到可编辑前置节点；关键财务/签署节点不得物理回退,操作者、身份、时间、前后值、原因、附件哈希、设备/IP
P119,客户移交,员工端,S03,新责任人,未结客户清单,提交/确认/处理/退回/转交（按权限）,客户沟通,按流程配置；默认1个工作日,超时提醒→主管催办→高风险升级,仅退回到可编辑前置节点；关键财务/签署节点不得物理回退,操作者、身份、时间、前后值、原因、附件哈希、设备/IP
P119,客户移交,员工端,S04,客户沟通,新责任人,提交/确认/处理/退回/转交（按权限）,权限转移,按流程配置；默认1个工作日,超时提醒→主管催办→高风险升级,仅退回到可编辑前置节点；关键财务/签署节点不得物理回退,操作者、身份、时间、前后值、原因、附件哈希、设备/IP
P119,客户移交,员工端,S05,权限转移,客户沟通,提交/确认/处理/退回/转交（按权限）,移交验收,按流程配置；默认1个工作日,超时提醒→主管催办→高风险升级,仅退回到可编辑前置节点；关键财务/签署节点不得物理回退,操作者、身份、时间、前后值、原因、附件哈希、设备/IP
P119,客户移交,员工端,S06,移交验收,权限转移,提交/确认/处理/退回/转交（按权限）,已关闭,1个工作日；高风险按制度,超时提醒→主管催办→高风险升级,仅退回到可编辑前置节点；关键财务/签署节点不得物理回退,操作者、身份、时间、前后值、原因、附件哈希、设备/IP
P120,全员生命周期闭环,员工端,S01,用人需求,流程触发/发起,提交/确认/处理/退回/转交（按权限）,招聘录用,按流程配置；默认1个工作日,超时提醒→主管催办→高风险升级,仅退回到可编辑前置节点；关键财务/签署节点不得物理回退,操作者、身份、时间、前后值、原因、附件哈希、设备/IP
P120,全员生命周期闭环,员工端,S02,招聘录用,用人需求,提交/确认/处理/退回/转交（按权限）,入职,按流程配置；默认1个工作日,超时提醒→主管催办→高风险升级,仅退回到可编辑前置节点；关键财务/签署节点不得物理回退,操作者、身份、时间、前后值、原因、附件哈希、设备/IP
P120,全员生命周期闭环,员工端,S03,入职,招聘录用,提交/确认/处理/退回/转交（按权限）,试用转正,按流程配置；默认1个工作日,超时提醒→主管催办→高风险升级,仅退回到可编辑前置节点；关键财务/签署节点不得物理回退,操作者、身份、时间、前后值、原因、附件哈希、设备/IP
P120,全员生命周期闭环,员工端,S04,试用转正,入职,提交/确认/处理/退回/转交（按权限）,在岗学习与绩效,按流程配置；默认1个工作日,超时提醒→主管催办→高风险升级,仅退回到可编辑前置节点；关键财务/签署节点不得物理回退,操作者、身份、时间、前后值、原因、附件哈希、设备/IP
P120,全员生命周期闭环,员工端,S05,在岗学习与绩效,试用转正,提交/确认/处理/退回/转交（按权限）,调岗/兼岗/晋升,按流程配置；默认1个工作日,超时提醒→主管催办→高风险升级,仅退回到可编辑前置节点；关键财务/签署节点不得物理回退,操作者、身份、时间、前后值、原因、附件哈希、设备/IP
P120,全员生命周期闭环,员工端,S06,调岗/兼岗/晋升,在岗学习与绩效,提交/确认/处理/退回/转交（按权限）,奖励纪律与关怀,按流程配置；默认1个工作日,超时提醒→主管催办→高风险升级,仅退回到可编辑前置节点；关键财务/签署节点不得物理回退,操作者、身份、时间、前后值、原因、附件哈希、设备/IP
P120,全员生命周期闭环,员工端,S07,奖励纪律与关怀,调岗/兼岗/晋升,提交/确认/处理/退回/转交（按权限）,离职交接,按流程配置；默认1个工作日,超时提醒→主管催办→高风险升级,仅退回到可编辑前置节点；关键财务/签署节点不得物理回退,操作者、身份、时间、前后值、原因、附件哈希、设备/IP
P120,全员生命周期闭环,员工端,S08,离职交接,奖励纪律与关怀,提交/确认/处理/退回/转交（按权限）,历史归档,按流程配置；默认1个工作日,超时提醒→主管催办→高风险升级,仅退回到可编辑前置节点；关键财务/签署节点不得物理回退,操作者、身份、时间、前后值、原因、附件哈希、设备/IP
P120,全员生命周期闭环,员工端,S09,历史归档,离职交接,提交/确认/处理/退回/转交（按权限）,已关闭,事项关闭后2个工作日,超时提醒→主管催办→高风险升级,仅退回到可编辑前置节点；关键财务/签署节点不得物理回退,操作者、身份、时间、前后值、原因、附件哈希、设备/IP
P121,市场获客到交付回款闭环,员工端,S01,市场/新媒体线索,流程触发/发起,提交/确认/处理/退回/转交（按权限）,客户查重与归属,按流程配置；默认1个工作日,超时提醒→主管催办→高风险升级,仅退回到可编辑前置节点；关键财务/签署节点不得物理回退,操作者、身份、时间、前后值、原因、附件哈希、设备/IP
P121,市场获客到交付回款闭环,员工端,S02,客户查重与归属,市场/新媒体线索,提交/确认/处理/退回/转交（按权限）,商机,按流程配置；默认1个工作日,超时提醒→主管催办→高风险升级,仅退回到可编辑前置节点；关键财务/签署节点不得物理回退,操作者、身份、时间、前后值、原因、附件哈希、设备/IP
P121,市场获客到交付回款闭环,员工端,S03,商机,客户查重与归属,提交/确认/处理/退回/转交（按权限）,方案与报价,按流程配置；默认1个工作日,超时提醒→主管催办→高风险升级,仅退回到可编辑前置节点；关键财务/签署节点不得物理回退,操作者、身份、时间、前后值、原因、附件哈希、设备/IP
P121,市场获客到交付回款闭环,员工端,S04,方案与报价,商机,提交/确认/处理/退回/转交（按权限）,合同/订单,按流程配置；默认1个工作日,超时提醒→主管催办→高风险升级,仅退回到可编辑前置节点；关键财务/签署节点不得物理回退,操作者、身份、时间、前后值、原因、附件哈希、设备/IP
P121,市场获客到交付回款闭环,员工端,S05,合同/订单,方案与报价,提交/确认/处理/退回/转交（按权限）,票务/教育/接待/演艺/餐饮交付,按流程配置；默认1个工作日,超时提醒→主管催办→高风险升级,仅退回到可编辑前置节点；关键财务/签署节点不得物理回退,操作者、身份、时间、前后值、原因、附件哈希、设备/IP
P121,市场获客到交付回款闭环,员工端,S06,票务/教育/接待/演艺/餐饮交付,合同/订单,提交/确认/处理/退回/转交（按权限）,回款,按流程配置；默认1个工作日,超时提醒→主管催办→高风险升级,仅退回到可编辑前置节点；关键财务/签署节点不得物理回退,操作者、身份、时间、前后值、原因、附件哈希、设备/IP
P121,市场获客到交付回款闭环,员工端,S07,回款,票务/教育/接待/演艺/餐饮交付,提交/确认/处理/退回/转交（按权限）,贡献毛利,按流程配置；默认1个工作日,超时提醒→主管催办→高风险升级,仅退回到可编辑前置节点；关键财务/签署节点不得物理回退,操作者、身份、时间、前后值、原因、附件哈希、设备/IP
P121,市场获客到交付回款闭环,员工端,S08,贡献毛利,回款,提交/确认/处理/退回/转交（按权限）,提成,按流程配置；默认1个工作日,超时提醒→主管催办→高风险升级,仅退回到可编辑前置节点；关键财务/签署节点不得物理回退,操作者、身份、时间、前后值、原因、附件哈希、设备/IP
P121,市场获客到交付回款闭环,员工端,S09,提成,贡献毛利,提交/确认/处理/退回/转交（按权限）,复购与客户运营,按流程配置；默认1个工作日,超时提醒→主管催办→高风险升级,仅退回到可编辑前置节点；关键财务/签署节点不得物理回退,操作者、身份、时间、前后值、原因、附件哈希、设备/IP
P121,市场获客到交付回款闭环,员工端,S10,复购与客户运营,提成,提交/确认/处理/退回/转交（按权限）,已关闭,按流程配置；默认1个工作日,超时提醒→主管催办→高风险升级,仅退回到可编辑前置节点；关键财务/签署节点不得物理回退,操作者、身份、时间、前后值、原因、附件哈希、设备/IP
P122,接待资源闭环,员工端,S01,接待主单,流程触发/发起,提交/确认/处理/退回/转交（按权限）,唯一行程,按流程配置；默认1个工作日,超时提醒→主管催办→高风险升级,仅退回到可编辑前置节点；关键财务/签署节点不得物理回退,操作者、身份、时间、前后值、原因、附件哈希、设备/IP
P122,接待资源闭环,员工端,S02,唯一行程,接待主单,提交/确认/处理/退回/转交（按权限）,车辆/票务/餐饮/演艺/教育/物资/安保子单,按流程配置；默认1个工作日,超时提醒→主管催办→高风险升级,仅退回到可编辑前置节点；关键财务/签署节点不得物理回退,操作者、身份、时间、前后值、原因、附件哈希、设备/IP
P122,接待资源闭环,员工端,S03,车辆/票务/餐饮/演艺/教育/物资/安保子单,唯一行程,提交/确认/处理/退回/转交（按权限）,行前确认,按流程配置；默认1个工作日,超时提醒→主管催办→高风险升级,仅退回到可编辑前置节点；关键财务/签署节点不得物理回退,操作者、身份、时间、前后值、原因、附件哈希、设备/IP
P122,接待资源闭环,员工端,S04,行前确认,车辆/票务/餐饮/演艺/教育/物资/安保子单,提交/确认/处理/退回/转交（按权限）,现场执行,1个工作日；高风险按制度,超时提醒→主管催办→高风险升级,仅退回到可编辑前置节点；关键财务/签署节点不得物理回退,操作者、身份、时间、前后值、原因、附件哈希、设备/IP
P122,接待资源闭环,员工端,S05,现场执行,行前确认,提交/确认/处理/退回/转交（按权限）,离场,按计划时点/班次完成,超时提醒→主管催办→高风险升级,仅退回到可编辑前置节点；关键财务/签署节点不得物理回退,操作者、身份、时间、前后值、原因、附件哈希、设备/IP
P122,接待资源闭环,员工端,S06,离场,现场执行,提交/确认/处理/退回/转交（按权限）,回访/投诉,按流程配置；默认1个工作日,超时提醒→主管催办→高风险升级,仅退回到可编辑前置节点；关键财务/签署节点不得物理回退,操作者、身份、时间、前后值、原因、附件哈希、设备/IP
P122,接待资源闭环,员工端,S07,回访/投诉,离场,提交/确认/处理/退回/转交（按权限）,费用与复盘,按流程配置；默认1个工作日,超时提醒→主管催办→高风险升级,仅退回到可编辑前置节点；关键财务/签署节点不得物理回退,操作者、身份、时间、前后值、原因、附件哈希、设备/IP
P122,接待资源闭环,员工端,S08,费用与复盘,回访/投诉,提交/确认/处理/退回/转交（按权限）,已关闭,事项关闭后2个工作日,超时提醒→主管催办→高风险升级,仅退回到可编辑前置节点；关键财务/签署节点不得物理回退,操作者、身份、时间、前后值、原因、附件哈希、设备/IP
P123,演艺场次闭环,员工端,S01,节目版本,流程触发/发起,提交/确认/处理/退回/转交（按权限）,场次,按流程配置；默认1个工作日,超时提醒→主管催办→高风险升级,仅退回到可编辑前置节点；关键财务/签署节点不得物理回退,操作者、身份、时间、前后值、原因、附件哈希、设备/IP
P123,演艺场次闭环,员工端,S02,场次,节目版本,提交/确认/处理/退回/转交（按权限）,演员排班,按流程配置；默认1个工作日,超时提醒→主管催办→高风险升级,仅退回到可编辑前置节点；关键财务/签署节点不得物理回退,操作者、身份、时间、前后值、原因、附件哈希、设备/IP
P123,演艺场次闭环,员工端,S03,演员排班,场次,提交/确认/处理/退回/转交（按权限）,服化道,按流程配置；默认1个工作日,超时提醒→主管催办→高风险升级,仅退回到可编辑前置节点；关键财务/签署节点不得物理回退,操作者、身份、时间、前后值、原因、附件哈希、设备/IP
P123,演艺场次闭环,员工端,S04,服化道,演员排班,提交/确认/处理/退回/转交（按权限）,演艺技术,按流程配置；默认1个工作日,超时提醒→主管催办→高风险升级,仅退回到可编辑前置节点；关键财务/签署节点不得物理回退,操作者、身份、时间、前后值、原因、附件哈希、设备/IP
P123,演艺场次闭环,员工端,S05,演艺技术,服化道,提交/确认/处理/退回/转交（按权限）,无人机,按流程配置；默认1个工作日,超时提醒→主管催办→高风险升级,仅退回到可编辑前置节点；关键财务/签署节点不得物理回退,操作者、身份、时间、前后值、原因、附件哈希、设备/IP
P123,演艺场次闭环,员工端,S06,无人机,演艺技术,提交/确认/处理/退回/转交（按权限）,场前检查,按流程配置；默认1个工作日,超时提醒→主管催办→高风险升级,仅退回到可编辑前置节点；关键财务/签署节点不得物理回退,操作者、身份、时间、前后值、原因、附件哈希、设备/IP
P123,演艺场次闭环,员工端,S07,场前检查,无人机,提交/确认/处理/退回/转交（按权限）,演出,按流程配置；默认1个工作日,超时提醒→主管催办→高风险升级,仅退回到可编辑前置节点；关键财务/签署节点不得物理回退,操作者、身份、时间、前后值、原因、附件哈希、设备/IP
P123,演艺场次闭环,员工端,S08,演出,场前检查,提交/确认/处理/退回/转交（按权限）,结果,按计划时点/班次完成,超时提醒→主管催办→高风险升级,仅退回到可编辑前置节点；关键财务/签署节点不得物理回退,操作者、身份、时间、前后值、原因、附件哈希、设备/IP
P123,演艺场次闭环,员工端,S09,结果,演出,提交/确认/处理/退回/转交（按权限）,故障/伤情/停演,按流程配置；默认1个工作日,超时提醒→主管催办→高风险升级,仅退回到可编辑前置节点；关键财务/签署节点不得物理回退,操作者、身份、时间、前后值、原因、附件哈希、设备/IP
P123,演艺场次闭环,员工端,S10,故障/伤情/停演,结果,提交/确认/处理/退回/转交（按权限）,复盘,立即响应；L3/L4 30分钟内升级,超时提醒→主管催办→高风险升级,仅退回到可编辑前置节点；关键财务/签署节点不得物理回退,操作者、身份、时间、前后值、原因、附件哈希、设备/IP
P123,演艺场次闭环,员工端,S11,复盘,故障/伤情/停演,提交/确认/处理/退回/转交（按权限）,已关闭,事项关闭后2个工作日,超时提醒→主管催办→高风险升级,仅退回到可编辑前置节点；关键财务/签署节点不得物理回退,操作者、身份、时间、前后值、原因、附件哈希、设备/IP
P124,采购资产财务闭环,员工端,S01,需求,流程触发/发起,提交/确认/处理/退回/转交（按权限）,库存核查,按流程配置；默认1个工作日,超时提醒→主管催办→高风险升级,仅退回到可编辑前置节点；关键财务/签署节点不得物理回退,操作者、身份、时间、前后值、原因、附件哈希、设备/IP
P124,采购资产财务闭环,员工端,S02,库存核查,需求,提交/确认/处理/退回/转交（按权限）,采购,按流程配置；默认1个工作日,超时提醒→主管催办→高风险升级,仅退回到可编辑前置节点；关键财务/签署节点不得物理回退,操作者、身份、时间、前后值、原因、附件哈希、设备/IP
P124,采购资产财务闭环,员工端,S03,采购,库存核查,提交/确认/处理/退回/转交（按权限）,到货,按流程配置；默认1个工作日,超时提醒→主管催办→高风险升级,仅退回到可编辑前置节点；关键财务/签署节点不得物理回退,操作者、身份、时间、前后值、原因、附件哈希、设备/IP
P124,采购资产财务闭环,员工端,S04,到货,采购,提交/确认/处理/退回/转交（按权限）,专业验收,按流程配置；默认1个工作日,超时提醒→主管催办→高风险升级,仅退回到可编辑前置节点；关键财务/签署节点不得物理回退,操作者、身份、时间、前后值、原因、附件哈希、设备/IP
P124,采购资产财务闭环,员工端,S05,专业验收,到货,提交/确认/处理/退回/转交（按权限）,入库/资产建卡,1个工作日；高风险按制度,超时提醒→主管催办→高风险升级,仅退回到可编辑前置节点；关键财务/签署节点不得物理回退,操作者、身份、时间、前后值、原因、附件哈希、设备/IP
P124,采购资产财务闭环,员工端,S06,入库/资产建卡,专业验收,提交/确认/处理/退回/转交（按权限）,领借调还,按流程配置；默认1个工作日,超时提醒→主管催办→高风险升级,仅退回到可编辑前置节点；关键财务/签署节点不得物理回退,操作者、身份、时间、前后值、原因、附件哈希、设备/IP
P124,采购资产财务闭环,员工端,S07,领借调还,入库/资产建卡,提交/确认/处理/退回/转交（按权限）,盘点/维修/处置,按流程配置；默认1个工作日,超时提醒→主管催办→高风险升级,仅退回到可编辑前置节点；关键财务/签署节点不得物理回退,操作者、身份、时间、前后值、原因、附件哈希、设备/IP
P124,采购资产财务闭环,员工端,S08,盘点/维修/处置,领借调还,提交/确认/处理/退回/转交（按权限）,发票与付款,按计划时点/班次完成,超时提醒→主管催办→高风险升级,仅退回到可编辑前置节点；关键财务/签署节点不得物理回退,操作者、身份、时间、前后值、原因、附件哈希、设备/IP
P124,采购资产财务闭环,员工端,S09,发票与付款,盘点/维修/处置,提交/确认/处理/退回/转交（按权限）,对账,T+1个工作日或财务日历,超时提醒→主管催办→高风险升级,仅退回到可编辑前置节点；关键财务/签署节点不得物理回退,操作者、身份、时间、前后值、原因、附件哈希、设备/IP
P124,采购资产财务闭环,员工端,S10,对账,发票与付款,提交/确认/处理/退回/转交（按权限）,已关闭,T+1个工作日或财务日历,超时提醒→主管催办→高风险升级,仅退回到可编辑前置节点；关键财务/签署节点不得物理回退,操作者、身份、时间、前后值、原因、附件哈希、设备/IP
P125,内容生产发布闭环,员工端,S01,业务需求,流程触发/发起,提交/确认/处理/退回/转交（按权限）,策划,按流程配置；默认1个工作日,超时提醒→主管催办→高风险升级,仅退回到可编辑前置节点；关键财务/签署节点不得物理回退,操作者、身份、时间、前后值、原因、附件哈希、设备/IP
P125,内容生产发布闭环,员工端,S02,策划,业务需求,提交/确认/处理/退回/转交（按权限）,企宣制作,按流程配置；默认1个工作日,超时提醒→主管催办→高风险升级,仅退回到可编辑前置节点；关键财务/签署节点不得物理回退,操作者、身份、时间、前后值、原因、附件哈希、设备/IP
P125,内容生产发布闭环,员工端,S03,企宣制作,策划,提交/确认/处理/退回/转交（按权限）,品牌审核,按流程配置；默认1个工作日,超时提醒→主管催办→高风险升级,仅退回到可编辑前置节点；关键财务/签署节点不得物理回退,操作者、身份、时间、前后值、原因、附件哈希、设备/IP
P125,内容生产发布闭环,员工端,S04,品牌审核,企宣制作,提交/确认/处理/退回/转交（按权限）,渠道发布,1个工作日；高风险按制度,超时提醒→主管催办→高风险升级,仅退回到可编辑前置节点；关键财务/签署节点不得物理回退,操作者、身份、时间、前后值、原因、附件哈希、设备/IP
P125,内容生产发布闭环,员工端,S05,渠道发布,品牌审核,提交/确认/处理/退回/转交（按权限）,投放/传播,按流程配置；默认1个工作日,超时提醒→主管催办→高风险升级,仅退回到可编辑前置节点；关键财务/签署节点不得物理回退,操作者、身份、时间、前后值、原因、附件哈希、设备/IP
P125,内容生产发布闭环,员工端,S06,投放/传播,渠道发布,提交/确认/处理/退回/转交（按权限）,线索与订单,按流程配置；默认1个工作日,超时提醒→主管催办→高风险升级,仅退回到可编辑前置节点；关键财务/签署节点不得物理回退,操作者、身份、时间、前后值、原因、附件哈希、设备/IP
P125,内容生产发布闭环,员工端,S07,线索与订单,投放/传播,提交/确认/处理/退回/转交（按权限）,数据复盘,按流程配置；默认1个工作日,超时提醒→主管催办→高风险升级,仅退回到可编辑前置节点；关键财务/签署节点不得物理回退,操作者、身份、时间、前后值、原因、附件哈希、设备/IP
P125,内容生产发布闭环,员工端,S08,数据复盘,线索与订单,提交/确认/处理/退回/转交（按权限）,素材归档,事项关闭后2个工作日,超时提醒→主管催办→高风险升级,仅退回到可编辑前置节点；关键财务/签署节点不得物理回退,操作者、身份、时间、前后值、原因、附件哈希、设备/IP
P125,内容生产发布闭环,员工端,S09,素材归档,数据复盘,提交/确认/处理/退回/转交（按权限）,已关闭,事项关闭后2个工作日,超时提醒→主管催办→高风险升级,仅退回到可编辑前置节点；关键财务/签署节点不得物理回退,操作者、身份、时间、前后值、原因、附件哈希、设备/IP
P126,事件与整改闭环,员工端,S01,线索/异常,流程触发/发起,提交/确认/处理/退回/转交（按权限）,风险分级,立即响应；L3/L4 30分钟内升级,超时提醒→主管催办→高风险升级,仅退回到可编辑前置节点；关键财务/签署节点不得物理回退,操作者、身份、时间、前后值、原因、附件哈希、设备/IP
P126,事件与整改闭环,员工端,S02,风险分级,线索/异常,提交/确认/处理/退回/转交（按权限）,先行止险,立即响应；L3/L4 30分钟内升级,超时提醒→主管催办→高风险升级,仅退回到可编辑前置节点；关键财务/签署节点不得物理回退,操作者、身份、时间、前后值、原因、附件哈希、设备/IP
P126,事件与整改闭环,员工端,S03,先行止险,风险分级,提交/确认/处理/退回/转交（按权限）,唯一案件,立即响应；L3/L4 30分钟内升级,超时提醒→主管催办→高风险升级,仅退回到可编辑前置节点；关键财务/签署节点不得物理回退,操作者、身份、时间、前后值、原因、附件哈希、设备/IP
P126,事件与整改闭环,员工端,S04,唯一案件,先行止险,提交/确认/处理/退回/转交（按权限）,调查,按流程配置；默认1个工作日,超时提醒→主管催办→高风险升级,仅退回到可编辑前置节点；关键财务/签署节点不得物理回退,操作者、身份、时间、前后值、原因、附件哈希、设备/IP
P126,事件与整改闭环,员工端,S05,调查,唯一案件,提交/确认/处理/退回/转交（按权限）,责任与决定,按流程配置；默认1个工作日,超时提醒→主管催办→高风险升级,仅退回到可编辑前置节点；关键财务/签署节点不得物理回退,操作者、身份、时间、前后值、原因、附件哈希、设备/IP
P126,事件与整改闭环,员工端,S06,责任与决定,调查,提交/确认/处理/退回/转交（按权限）,影响执行,按流程配置；默认1个工作日,超时提醒→主管催办→高风险升级,仅退回到可编辑前置节点；关键财务/签署节点不得物理回退,操作者、身份、时间、前后值、原因、附件哈希、设备/IP
P126,事件与整改闭环,员工端,S07,影响执行,责任与决定,提交/确认/处理/退回/转交（按权限）,申诉,按计划时点/班次完成,超时提醒→主管催办→高风险升级,仅退回到可编辑前置节点；关键财务/签署节点不得物理回退,操作者、身份、时间、前后值、原因、附件哈希、设备/IP
P126,事件与整改闭环,员工端,S08,申诉,影响执行,提交/确认/处理/退回/转交（按权限）,整改验证,按流程配置；默认1个工作日,超时提醒→主管催办→高风险升级,仅退回到可编辑前置节点；关键财务/签署节点不得物理回退,操作者、身份、时间、前后值、原因、附件哈希、设备/IP
P126,事件与整改闭环,员工端,S09,整改验证,申诉,提交/确认/处理/退回/转交（按权限）,关闭与补充归档,按流程配置；默认1个工作日,超时提醒→主管催办→高风险升级,仅退回到可编辑前置节点；关键财务/签署节点不得物理回退,操作者、身份、时间、前后值、原因、附件哈希、设备/IP
P126,事件与整改闭环,员工端,S10,关闭与补充归档,整改验证,提交/确认/处理/退回/转交（按权限）,已关闭,事项关闭后2个工作日,超时提醒→主管催办→高风险升级,仅退回到可编辑前置节点；关键财务/签署节点不得物理回退,操作者、身份、时间、前后值、原因、附件哈希、设备/IP
P001,统一登录与多岗位身份切换,中心管理端,S01,访问统一入口,流程触发/发起,提交/确认/处理/退回/转交（按权限）,身份认证/MFA,按流程配置；默认1个工作日,超时提醒→主管催办→高风险升级,仅退回到可编辑前置节点；关键财务/签署节点不得物理回退,操作者、身份、时间、前后值、原因、附件哈希、设备/IP
P001,统一登录与多岗位身份切换,中心管理端,S02,身份认证/MFA,访问统一入口,提交/确认/处理/退回/转交（按权限）,解析自然人与当前员工关系,按流程配置；默认1个工作日,超时提醒→主管催办→高风险升级,仅退回到可编辑前置节点；关键财务/签署节点不得物理回退,操作者、身份、时间、前后值、原因、附件哈希、设备/IP
P001,统一登录与多岗位身份切换,中心管理端,S03,解析自然人与当前员工关系,身份认证/MFA,提交/确认/处理/退回/转交（按权限）,选择或自动解析当前任职身份,按流程配置；默认1个工作日,超时提醒→主管催办→高风险升级,仅退回到可编辑前置节点；关键财务/签署节点不得物理回退,操作者、身份、时间、前后值、原因、附件哈希、设备/IP
P001,统一登录与多岗位身份切换,中心管理端,S04,选择或自动解析当前任职身份,解析自然人与当前员工关系,提交/确认/处理/退回/转交（按权限）,加载模块、动作、数据和字段权限,按流程配置；默认1个工作日,超时提醒→主管催办→高风险升级,仅退回到可编辑前置节点；关键财务/签署节点不得物理回退,操作者、身份、时间、前后值、原因、附件哈希、设备/IP
P001,统一登录与多岗位身份切换,中心管理端,S05,加载模块、动作、数据和字段权限,选择或自动解析当前任职身份,提交/确认/处理/退回/转交（按权限）,进入角色化工作台,按流程配置；默认1个工作日,超时提醒→主管催办→高风险升级,仅退回到可编辑前置节点；关键财务/签署节点不得物理回退,操作者、身份、时间、前后值、原因、附件哈希、设备/IP
P001,统一登录与多岗位身份切换,中心管理端,S06,进入角色化工作台,加载模块、动作、数据和字段权限,提交/确认/处理/退回/转交（按权限）,会话持续校验,按流程配置；默认1个工作日,超时提醒→主管催办→高风险升级,仅退回到可编辑前置节点；关键财务/签署节点不得物理回退,操作者、身份、时间、前后值、原因、附件哈希、设备/IP
P001,统一登录与多岗位身份切换,中心管理端,S07,会话持续校验,进入角色化工作台,提交/确认/处理/退回/转交（按权限）,退出与审计,按流程配置；默认1个工作日,超时提醒→主管催办→高风险升级,仅退回到可编辑前置节点；关键财务/签署节点不得物理回退,操作者、身份、时间、前后值、原因、附件哈希、设备/IP
P001,统一登录与多岗位身份切换,中心管理端,S08,退出与审计,会话持续校验,提交/确认/处理/退回/转交（按权限）,已关闭,按流程配置；默认1个工作日,超时提醒→主管催办→高风险升级,仅退回到可编辑前置节点；关键财务/签署节点不得物理回退,操作者、身份、时间、前后值、原因、附件哈希、设备/IP
P002,权限申请、复核与回收,中心管理端,S01,岗位模板授权,流程触发/发起,提交/确认/处理/退回/转交（按权限）,个人/项目补充授权申请,按流程配置；默认1个工作日,超时提醒→主管催办→高风险升级,仅退回到可编辑前置节点；关键财务/签署节点不得物理回退,操作者、身份、时间、前后值、原因、附件哈希、设备/IP
P002,权限申请、复核与回收,中心管理端,S02,个人/项目补充授权申请,岗位模板授权,提交/确认/处理/退回/转交（按权限）,业务负责人确认,按流程配置；默认1个工作日,超时提醒→主管催办→高风险升级,仅退回到可编辑前置节点；关键财务/签署节点不得物理回退,操作者、身份、时间、前后值、原因、附件哈希、设备/IP
P002,权限申请、复核与回收,中心管理端,S03,业务负责人确认,个人/项目补充授权申请,提交/确认/处理/退回/转交（按权限）,数据责任人复核,1个工作日；高风险按制度,超时提醒→主管催办→高风险升级,仅退回到可编辑前置节点；关键财务/签署节点不得物理回退,操作者、身份、时间、前后值、原因、附件哈希、设备/IP
P002,权限申请、复核与回收,中心管理端,S04,数据责任人复核,业务负责人确认,提交/确认/处理/退回/转交（按权限）,高风险权限审批,1个工作日；高风险按制度,超时提醒→主管催办→高风险升级,仅退回到可编辑前置节点；关键财务/签署节点不得物理回退,操作者、身份、时间、前后值、原因、附件哈希、设备/IP
P002,权限申请、复核与回收,中心管理端,S05,高风险权限审批,数据责任人复核,提交/确认/处理/退回/转交（按权限）,权限生效,立即响应；L3/L4 30分钟内升级,超时提醒→主管催办→高风险升级,仅退回到可编辑前置节点；关键财务/签署节点不得物理回退,操作者、身份、时间、前后值、原因、附件哈希、设备/IP
P002,权限申请、复核与回收,中心管理端,S06,权限生效,高风险权限审批,提交/确认/处理/退回/转交（按权限）,定期复核,按流程配置；默认1个工作日,超时提醒→主管催办→高风险升级,仅退回到可编辑前置节点；关键财务/签署节点不得物理回退,操作者、身份、时间、前后值、原因、附件哈希、设备/IP
P002,权限申请、复核与回收,中心管理端,S07,定期复核,权限生效,提交/确认/处理/退回/转交（按权限）,到期/调岗/离职回收,1个工作日；高风险按制度,超时提醒→主管催办→高风险升级,仅退回到可编辑前置节点；关键财务/签署节点不得物理回退,操作者、身份、时间、前后值、原因、附件哈希、设备/IP
P002,权限申请、复核与回收,中心管理端,S08,到期/调岗/离职回收,定期复核,提交/确认/处理/退回/转交（按权限）,已关闭,按流程配置；默认1个工作日,超时提醒→主管催办→高风险升级,仅退回到可编辑前置节点；关键财务/签署节点不得物理回退,操作者、身份、时间、前后值、原因、附件哈希、设备/IP
P003,个人资料变更,中心管理端,S01,员工查看本人资料,流程触发/发起,提交/确认/处理/退回/转交（按权限）,选择可自助变更字段,按流程配置；默认1个工作日,超时提醒→主管催办→高风险升级,仅退回到可编辑前置节点；关键财务/签署节点不得物理回退,操作者、身份、时间、前后值、原因、附件哈希、设备/IP
P003,个人资料变更,中心管理端,S02,选择可自助变更字段,员工查看本人资料,提交/确认/处理/退回/转交（按权限）,提交新值与证明,按流程配置；默认1个工作日,超时提醒→主管催办→高风险升级,仅退回到可编辑前置节点；关键财务/签署节点不得物理回退,操作者、身份、时间、前后值、原因、附件哈希、设备/IP
P003,个人资料变更,中心管理端,S03,提交新值与证明,选择可自助变更字段,提交/确认/处理/退回/转交（按权限）,字段敏感级别校验,按流程配置；默认1个工作日,超时提醒→主管催办→高风险升级,仅退回到可编辑前置节点；关键财务/签署节点不得物理回退,操作者、身份、时间、前后值、原因、附件哈希、设备/IP
P003,个人资料变更,中心管理端,S04,字段敏感级别校验,提交新值与证明,提交/确认/处理/退回/转交（按权限）,人事/财务/归口岗核验,按流程配置；默认1个工作日,超时提醒→主管催办→高风险升级,仅退回到可编辑前置节点；关键财务/签署节点不得物理回退,操作者、身份、时间、前后值、原因、附件哈希、设备/IP
P003,个人资料变更,中心管理端,S05,人事/财务/归口岗核验,字段敏感级别校验,提交/确认/处理/退回/转交（按权限）,权威主档更新,按流程配置；默认1个工作日,超时提醒→主管催办→高风险升级,仅退回到可编辑前置节点；关键财务/签署节点不得物理回退,操作者、身份、时间、前后值、原因、附件哈希、设备/IP
P003,个人资料变更,中心管理端,S06,权威主档更新,人事/财务/归口岗核验,提交/确认/处理/退回/转交（按权限）,关联模块投影同步,按流程配置；默认1个工作日,超时提醒→主管催办→高风险升级,仅退回到可编辑前置节点；关键财务/签署节点不得物理回退,操作者、身份、时间、前后值、原因、附件哈希、设备/IP
P003,个人资料变更,中心管理端,S07,关联模块投影同步,权威主档更新,提交/确认/处理/退回/转交（按权限）,通知与审计,按流程配置；默认1个工作日,超时提醒→主管催办→高风险升级,仅退回到可编辑前置节点；关键财务/签署节点不得物理回退,操作者、身份、时间、前后值、原因、附件哈希、设备/IP
P003,个人资料变更,中心管理端,S08,通知与审计,关联模块投影同步,提交/确认/处理/退回/转交（按权限）,已关闭,按流程配置；默认1个工作日,超时提醒→主管催办→高风险升级,仅退回到可编辑前置节点；关键财务/签署节点不得物理回退,操作者、身份、时间、前后值、原因、附件哈希、设备/IP
P004,通用申请与审批,中心管理端,S01,选择业务事项,流程触发/发起,提交/确认/处理/退回/转交（按权限）,填写申请与附件,按流程配置；默认1个工作日,超时提醒→主管催办→高风险升级,仅退回到可编辑前置节点；关键财务/签署节点不得物理回退,操作者、身份、时间、前后值、原因、附件哈希、设备/IP
P004,通用申请与审批,中心管理端,S02,填写申请与附件,选择业务事项,提交/确认/处理/退回/转交（按权限）,前置规则校验,按流程配置；默认1个工作日,超时提醒→主管催办→高风险升级,仅退回到可编辑前置节点；关键财务/签署节点不得物理回退,操作者、身份、时间、前后值、原因、附件哈希、设备/IP
P004,通用申请与审批,中心管理端,S03,前置规则校验,填写申请与附件,提交/确认/处理/退回/转交（按权限）,提交审批,按流程配置；默认1个工作日,超时提醒→主管催办→高风险升级,仅退回到可编辑前置节点；关键财务/签署节点不得物理回退,操作者、身份、时间、前后值、原因、附件哈希、设备/IP
P004,通用申请与审批,中心管理端,S04,提交审批,前置规则校验,提交/确认/处理/退回/转交（按权限）,动态审批与会签,1个工作日；高风险按制度,超时提醒→主管催办→高风险升级,仅退回到可编辑前置节点；关键财务/签署节点不得物理回退,操作者、身份、时间、前后值、原因、附件哈希、设备/IP
P004,通用申请与审批,中心管理端,S05,动态审批与会签,提交审批,提交/确认/处理/退回/转交（按权限）,批准后生成执行任务,1个工作日；高风险按制度,超时提醒→主管催办→高风险升级,仅退回到可编辑前置节点；关键财务/签署节点不得物理回退,操作者、身份、时间、前后值、原因、附件哈希、设备/IP
P004,通用申请与审批,中心管理端,S06,批准后生成执行任务,动态审批与会签,提交/确认/处理/退回/转交（按权限）,执行人提交结果,按计划时点/班次完成,超时提醒→主管催办→高风险升级,仅退回到可编辑前置节点；关键财务/签署节点不得物理回退,操作者、身份、时间、前后值、原因、附件哈希、设备/IP
P004,通用申请与审批,中心管理端,S07,执行人提交结果,批准后生成执行任务,提交/确认/处理/退回/转交（按权限）,独立验收,按计划时点/班次完成,超时提醒→主管催办→高风险升级,仅退回到可编辑前置节点；关键财务/签署节点不得物理回退,操作者、身份、时间、前后值、原因、附件哈希、设备/IP
P004,通用申请与审批,中心管理端,S08,独立验收,执行人提交结果,提交/确认/处理/退回/转交（按权限）,异常补偿,1个工作日；高风险按制度,超时提醒→主管催办→高风险升级,仅退回到可编辑前置节点；关键财务/签署节点不得物理回退,操作者、身份、时间、前后值、原因、附件哈希、设备/IP
P004,通用申请与审批,中心管理端,S09,异常补偿,独立验收,提交/确认/处理/退回/转交（按权限）,归档,立即响应；L3/L4 30分钟内升级,超时提醒→主管催办→高风险升级,仅退回到可编辑前置节点；关键财务/签署节点不得物理回退,操作者、身份、时间、前后值、原因、附件哈希、设备/IP
P004,通用申请与审批,中心管理端,S10,归档,异常补偿,提交/确认/处理/退回/转交（按权限）,已关闭,事项关闭后2个工作日,超时提醒→主管催办→高风险升级,仅退回到可编辑前置节点；关键财务/签署节点不得物理回退,操作者、身份、时间、前后值、原因、附件哈希、设备/IP
P005,制度、通知与执行回执,中心管理端,S01,制度/通知版本发布,流程触发/发起,提交/确认/处理/退回/转交（按权限）,按组织岗位确定范围,按流程配置；默认1个工作日,超时提醒→主管催办→高风险升级,仅退回到可编辑前置节点；关键财务/签署节点不得物理回退,操作者、身份、时间、前后值、原因、附件哈希、设备/IP
P005,制度、通知与执行回执,中心管理端,S02,按组织岗位确定范围,制度/通知版本发布,提交/确认/处理/退回/转交（按权限）,消息送达,按流程配置；默认1个工作日,超时提醒→主管催办→高风险升级,仅退回到可编辑前置节点；关键财务/签署节点不得物理回退,操作者、身份、时间、前后值、原因、附件哈希、设备/IP
P005,制度、通知与执行回执,中心管理端,S03,消息送达,按组织岗位确定范围,提交/确认/处理/退回/转交（按权限）,员工阅读,按流程配置；默认1个工作日,超时提醒→主管催办→高风险升级,仅退回到可编辑前置节点；关键财务/签署节点不得物理回退,操作者、身份、时间、前后值、原因、附件哈希、设备/IP
P005,制度、通知与执行回执,中心管理端,S04,员工阅读,消息送达,提交/确认/处理/退回/转交（按权限）,确认/阅签,按流程配置；默认1个工作日,超时提醒→主管催办→高风险升级,仅退回到可编辑前置节点；关键财务/签署节点不得物理回退,操作者、身份、时间、前后值、原因、附件哈希、设备/IP
P005,制度、通知与执行回执,中心管理端,S05,确认/阅签,员工阅读,提交/确认/处理/退回/转交（按权限）,考试或理解验证,1个工作日；高风险按制度,超时提醒→主管催办→高风险升级,仅退回到可编辑前置节点；关键财务/签署节点不得物理回退,操作者、身份、时间、前后值、原因、附件哈希、设备/IP
P005,制度、通知与执行回执,中心管理端,S06,考试或理解验证,确认/阅签,提交/确认/处理/退回/转交（按权限）,执行任务,按流程配置；默认1个工作日,超时提醒→主管催办→高风险升级,仅退回到可编辑前置节点；关键财务/签署节点不得物理回退,操作者、身份、时间、前后值、原因、附件哈希、设备/IP
P005,制度、通知与执行回执,中心管理端,S07,执行任务,考试或理解验证,提交/确认/处理/退回/转交（按权限）,责任人验收,按计划时点/班次完成,超时提醒→主管催办→高风险升级,仅退回到可编辑前置节点；关键财务/签署节点不得物理回退,操作者、身份、时间、前后值、原因、附件哈希、设备/IP
P005,制度、通知与执行回执,中心管理端,S08,责任人验收,执行任务,提交/确认/处理/退回/转交（按权限）,未完成催办升级,1个工作日；高风险按制度,超时提醒→主管催办→高风险升级,仅退回到可编辑前置节点；关键财务/签署节点不得物理回退,操作者、身份、时间、前后值、原因、附件哈希、设备/IP
P005,制度、通知与执行回执,中心管理端,S09,未完成催办升级,责任人验收,提交/确认/处理/退回/转交（按权限）,档案移交,按流程配置；默认1个工作日,超时提醒→主管催办→高风险升级,仅退回到可编辑前置节点；关键财务/签署节点不得物理回退,操作者、身份、时间、前后值、原因、附件哈希、设备/IP
P005,制度、通知与执行回执,中心管理端,S10,档案移交,未完成催办升级,提交/确认/处理/退回/转交（按权限）,已关闭,按流程配置；默认1个工作日,超时提醒→主管催办→高风险升级,仅退回到可编辑前置节点；关键财务/签署节点不得物理回退,操作者、身份、时间、前后值、原因、附件哈希、设备/IP
P006,会议与行动项,中心管理端,S01,议题征集,流程触发/发起,提交/确认/处理/退回/转交（按权限）,材料完整性检查,按流程配置；默认1个工作日,超时提醒→主管催办→高风险升级,仅退回到可编辑前置节点；关键财务/签署节点不得物理回退,操作者、身份、时间、前后值、原因、附件哈希、设备/IP
P006,会议与行动项,中心管理端,S02,材料完整性检查,议题征集,提交/确认/处理/退回/转交（按权限）,会议发布,按流程配置；默认1个工作日,超时提醒→主管催办→高风险升级,仅退回到可编辑前置节点；关键财务/签署节点不得物理回退,操作者、身份、时间、前后值、原因、附件哈希、设备/IP
P006,会议与行动项,中心管理端,S03,会议发布,材料完整性检查,提交/确认/处理/退回/转交（按权限）,签到与请假,按流程配置；默认1个工作日,超时提醒→主管催办→高风险升级,仅退回到可编辑前置节点；关键财务/签署节点不得物理回退,操作者、身份、时间、前后值、原因、附件哈希、设备/IP
P006,会议与行动项,中心管理端,S04,签到与请假,会议发布,提交/确认/处理/退回/转交（按权限）,会议召开,按流程配置；默认1个工作日,超时提醒→主管催办→高风险升级,仅退回到可编辑前置节点；关键财务/签署节点不得物理回退,操作者、身份、时间、前后值、原因、附件哈希、设备/IP
P006,会议与行动项,中心管理端,S05,会议召开,签到与请假,提交/确认/处理/退回/转交（按权限）,主持人确认纪要,按流程配置；默认1个工作日,超时提醒→主管催办→高风险升级,仅退回到可编辑前置节点；关键财务/签署节点不得物理回退,操作者、身份、时间、前后值、原因、附件哈希、设备/IP
P006,会议与行动项,中心管理端,S06,主持人确认纪要,会议召开,提交/确认/处理/退回/转交（按权限）,行动项生成,1个工作日；高风险按制度,超时提醒→主管催办→高风险升级,仅退回到可编辑前置节点；关键财务/签署节点不得物理回退,操作者、身份、时间、前后值、原因、附件哈希、设备/IP
P006,会议与行动项,中心管理端,S07,行动项生成,主持人确认纪要,提交/确认/处理/退回/转交（按权限）,责任人执行,按流程配置；默认1个工作日,超时提醒→主管催办→高风险升级,仅退回到可编辑前置节点；关键财务/签署节点不得物理回退,操作者、身份、时间、前后值、原因、附件哈希、设备/IP
P006,会议与行动项,中心管理端,S08,责任人执行,行动项生成,提交/确认/处理/退回/转交（按权限）,验收与返工,按计划时点/班次完成,超时提醒→主管催办→高风险升级,仅退回到可编辑前置节点；关键财务/签署节点不得物理回退,操作者、身份、时间、前后值、原因、附件哈希、设备/IP
P006,会议与行动项,中心管理端,S09,验收与返工,责任人执行,提交/确认/处理/退回/转交（按权限）,逾期升级,1个工作日；高风险按制度,超时提醒→主管催办→高风险升级,仅退回到可编辑前置节点；关键财务/签署节点不得物理回退,操作者、身份、时间、前后值、原因、附件哈希、设备/IP
P006,会议与行动项,中心管理端,S10,逾期升级,验收与返工,提交/确认/处理/退回/转交（按权限）,归档复盘,按流程配置；默认1个工作日,超时提醒→主管催办→高风险升级,仅退回到可编辑前置节点；关键财务/签署节点不得物理回退,操作者、身份、时间、前后值、原因、附件哈希、设备/IP
P006,会议与行动项,中心管理端,S11,归档复盘,逾期升级,提交/确认/处理/退回/转交（按权限）,已关闭,事项关闭后2个工作日,超时提醒→主管催办→高风险升级,仅退回到可编辑前置节点；关键财务/签署节点不得物理回退,操作者、身份、时间、前后值、原因、附件哈希、设备/IP
P007,排班与班次调整,中心管理端,S01,业务量与活动需求输入,流程触发/发起,提交/确认/处理/退回/转交（按权限）,班次模板匹配,按流程配置；默认1个工作日,超时提醒→主管催办→高风险升级,仅退回到可编辑前置节点；关键财务/签署节点不得物理回退,操作者、身份、时间、前后值、原因、附件哈希、设备/IP
P007,排班与班次调整,中心管理端,S02,班次模板匹配,业务量与活动需求输入,提交/确认/处理/退回/转交（按权限）,资格与连续工时校验,按流程配置；默认1个工作日,超时提醒→主管催办→高风险升级,仅退回到可编辑前置节点；关键财务/签署节点不得物理回退,操作者、身份、时间、前后值、原因、附件哈希、设备/IP
P007,排班与班次调整,中心管理端,S03,资格与连续工时校验,班次模板匹配,提交/确认/处理/退回/转交（按权限）,主管发布排班,按流程配置；默认1个工作日,超时提醒→主管催办→高风险升级,仅退回到可编辑前置节点；关键财务/签署节点不得物理回退,操作者、身份、时间、前后值、原因、附件哈希、设备/IP
P007,排班与班次调整,中心管理端,S04,主管发布排班,资格与连续工时校验,提交/确认/处理/退回/转交（按权限）,员工确认,按流程配置；默认1个工作日,超时提醒→主管催办→高风险升级,仅退回到可编辑前置节点；关键财务/签署节点不得物理回退,操作者、身份、时间、前后值、原因、附件哈希、设备/IP
P007,排班与班次调整,中心管理端,S05,员工确认,主管发布排班,提交/确认/处理/退回/转交（按权限）,换班/替班申请,1个工作日；高风险按制度,超时提醒→主管催办→高风险升级,仅退回到可编辑前置节点；关键财务/签署节点不得物理回退,操作者、身份、时间、前后值、原因、附件哈希、设备/IP
P007,排班与班次调整,中心管理端,S06,换班/替班申请,员工确认,提交/确认/处理/退回/转交（按权限）,变更审批,按流程配置；默认1个工作日,超时提醒→主管催办→高风险升级,仅退回到可编辑前置节点；关键财务/签署节点不得物理回退,操作者、身份、时间、前后值、原因、附件哈希、设备/IP
P007,排班与班次调整,中心管理端,S07,变更审批,换班/替班申请,提交/确认/处理/退回/转交（按权限）,考勤与餐饮/班车联动,1个工作日；高风险按制度,超时提醒→主管催办→高风险升级,仅退回到可编辑前置节点；关键财务/签署节点不得物理回退,操作者、身份、时间、前后值、原因、附件哈希、设备/IP
P007,排班与班次调整,中心管理端,S08,考勤与餐饮/班车联动,变更审批,提交/确认/处理/退回/转交（按权限）,日结,按流程配置；默认1个工作日,超时提醒→主管催办→高风险升级,仅退回到可编辑前置节点；关键财务/签署节点不得物理回退,操作者、身份、时间、前后值、原因、附件哈希、设备/IP
P007,排班与班次调整,中心管理端,S09,日结,考勤与餐饮/班车联动,提交/确认/处理/退回/转交（按权限）,已关闭,按流程配置；默认1个工作日,超时提醒→主管催办→高风险升级,仅退回到可编辑前置节点；关键财务/签署节点不得物理回退,操作者、身份、时间、前后值、原因、附件哈希、设备/IP
P008,请假与考勤,中心管理端,S01,请假申请,流程触发/发起,提交/确认/处理/退回/转交（按权限）,假期额度预占,按流程配置；默认1个工作日,超时提醒→主管催办→高风险升级,仅退回到可编辑前置节点；关键财务/签署节点不得物理回退,操作者、身份、时间、前后值、原因、附件哈希、设备/IP
P008,请假与考勤,中心管理端,S02,假期额度预占,请假申请,提交/确认/处理/退回/转交（按权限）,工作交接与代理,按流程配置；默认1个工作日,超时提醒→主管催办→高风险升级,仅退回到可编辑前置节点；关键财务/签署节点不得物理回退,操作者、身份、时间、前后值、原因、附件哈希、设备/IP
P008,请假与考勤,中心管理端,S03,工作交接与代理,假期额度预占,提交/确认/处理/退回/转交（按权限）,审批,按流程配置；默认1个工作日,超时提醒→主管催办→高风险升级,仅退回到可编辑前置节点；关键财务/签署节点不得物理回退,操作者、身份、时间、前后值、原因、附件哈希、设备/IP
P008,请假与考勤,中心管理端,S04,审批,工作交接与代理,提交/确认/处理/退回/转交（按权限）,预占转扣减/驳回释放,1个工作日；高风险按制度,超时提醒→主管催办→高风险升级,仅退回到可编辑前置节点；关键财务/签署节点不得物理回退,操作者、身份、时间、前后值、原因、附件哈希、设备/IP
P008,请假与考勤,中心管理端,S05,预占转扣减/驳回释放,审批,提交/确认/处理/退回/转交（按权限）,排班与考勤标记,按流程配置；默认1个工作日,超时提醒→主管催办→高风险升级,仅退回到可编辑前置节点；关键财务/签署节点不得物理回退,操作者、身份、时间、前后值、原因、附件哈希、设备/IP
P008,请假与考勤,中心管理端,S06,排班与考勤标记,预占转扣减/驳回释放,提交/确认/处理/退回/转交（按权限）,实际休假,按流程配置；默认1个工作日,超时提醒→主管催办→高风险升级,仅退回到可编辑前置节点；关键财务/签署节点不得物理回退,操作者、身份、时间、前后值、原因、附件哈希、设备/IP
P008,请假与考勤,中心管理端,S07,实际休假,排班与考勤标记,提交/确认/处理/退回/转交（按权限）,销假/提前返岗/变更,按流程配置；默认1个工作日,超时提醒→主管催办→高风险升级,仅退回到可编辑前置节点；关键财务/签署节点不得物理回退,操作者、身份、时间、前后值、原因、附件哈希、设备/IP
P008,请假与考勤,中心管理端,S08,销假/提前返岗/变更,实际休假,提交/确认/处理/退回/转交（按权限）,差额账本调整,按流程配置；默认1个工作日,超时提醒→主管催办→高风险升级,仅退回到可编辑前置节点；关键财务/签署节点不得物理回退,操作者、身份、时间、前后值、原因、附件哈希、设备/IP
P008,请假与考勤,中心管理端,S09,差额账本调整,销假/提前返岗/变更,提交/确认/处理/退回/转交（按权限）,考勤日结与归档,按流程配置；默认1个工作日,超时提醒→主管催办→高风险升级,仅退回到可编辑前置节点；关键财务/签署节点不得物理回退,操作者、身份、时间、前后值、原因、附件哈希、设备/IP
P008,请假与考勤,中心管理端,S10,考勤日结与归档,差额账本调整,提交/确认/处理/退回/转交（按权限）,已关闭,事项关闭后2个工作日,超时提醒→主管催办→高风险升级,仅退回到可编辑前置节点；关键财务/签署节点不得物理回退,操作者、身份、时间、前后值、原因、附件哈希、设备/IP
P009,加班与调休,中心管理端,S01,事前申请/紧急事实登记,流程触发/发起,提交/确认/处理/退回/转交（按权限）,必要性与任务校验,按流程配置；默认1个工作日,超时提醒→主管催办→高风险升级,仅退回到可编辑前置节点；关键财务/签署节点不得物理回退,操作者、身份、时间、前后值、原因、附件哈希、设备/IP
P009,加班与调休,中心管理端,S02,必要性与任务校验,事前申请/紧急事实登记,提交/确认/处理/退回/转交（按权限）,主管审批,按流程配置；默认1个工作日,超时提醒→主管催办→高风险升级,仅退回到可编辑前置节点；关键财务/签署节点不得物理回退,操作者、身份、时间、前后值、原因、附件哈希、设备/IP
P009,加班与调休,中心管理端,S03,主管审批,必要性与任务校验,提交/确认/处理/退回/转交（按权限）,实际考勤与劳动事实,1个工作日；高风险按制度,超时提醒→主管催办→高风险升级,仅退回到可编辑前置节点；关键财务/签署节点不得物理回退,操作者、身份、时间、前后值、原因、附件哈希、设备/IP
P009,加班与调休,中心管理端,S04,实际考勤与劳动事实,主管审批,提交/确认/处理/退回/转交（按权限）,成果验收,按流程配置；默认1个工作日,超时提醒→主管催办→高风险升级,仅退回到可编辑前置节点；关键财务/签署节点不得物理回退,操作者、身份、时间、前后值、原因、附件哈希、设备/IP
P009,加班与调休,中心管理端,S05,成果验收,实际考勤与劳动事实,提交/确认/处理/退回/转交（按权限）,人事复核,1个工作日；高风险按制度,超时提醒→主管催办→高风险升级,仅退回到可编辑前置节点；关键财务/签署节点不得物理回退,操作者、身份、时间、前后值、原因、附件哈希、设备/IP
P009,加班与调休,中心管理端,S06,人事复核,成果验收,提交/确认/处理/退回/转交（按权限）,法定工资/调休方案,1个工作日；高风险按制度,超时提醒→主管催办→高风险升级,仅退回到可编辑前置节点；关键财务/签署节点不得物理回退,操作者、身份、时间、前后值、原因、附件哈希、设备/IP
P009,加班与调休,中心管理端,S07,法定工资/调休方案,人事复核,提交/确认/处理/退回/转交（按权限）,薪酬回执,按流程配置；默认1个工作日,超时提醒→主管催办→高风险升级,仅退回到可编辑前置节点；关键财务/签署节点不得物理回退,操作者、身份、时间、前后值、原因、附件哈希、设备/IP
P009,加班与调休,中心管理端,S08,薪酬回执,法定工资/调休方案,提交/确认/处理/退回/转交（按权限）,归档,按流程配置；默认1个工作日,超时提醒→主管催办→高风险升级,仅退回到可编辑前置节点；关键财务/签署节点不得物理回退,操作者、身份、时间、前后值、原因、附件哈希、设备/IP
P009,加班与调休,中心管理端,S09,归档,薪酬回执,提交/确认/处理/退回/转交（按权限）,已关闭,事项关闭后2个工作日,超时提醒→主管催办→高风险升级,仅退回到可编辑前置节点；关键财务/签署节点不得物理回退,操作者、身份、时间、前后值、原因、附件哈希、设备/IP
P010,员工学习、考试与资格,中心管理端,S01,课程/制度版本发布,流程触发/发起,提交/确认/处理/退回/转交（按权限）,按岗位风险指派,按流程配置；默认1个工作日,超时提醒→主管催办→高风险升级,仅退回到可编辑前置节点；关键财务/签署节点不得物理回退,操作者、身份、时间、前后值、原因、附件哈希、设备/IP
P010,员工学习、考试与资格,中心管理端,S02,按岗位风险指派,课程/制度版本发布,提交/确认/处理/退回/转交（按权限）,员工学习,立即响应；L3/L4 30分钟内升级,超时提醒→主管催办→高风险升级,仅退回到可编辑前置节点；关键财务/签署节点不得物理回退,操作者、身份、时间、前后值、原因、附件哈希、设备/IP
P010,员工学习、考试与资格,中心管理端,S03,员工学习,按岗位风险指派,提交/确认/处理/退回/转交（按权限）,1000分制考试,按流程配置；默认1个工作日,超时提醒→主管催办→高风险升级,仅退回到可编辑前置节点；关键财务/签署节点不得物理回退,操作者、身份、时间、前后值、原因、附件哈希、设备/IP
P010,员工学习、考试与资格,中心管理端,S04,1000分制考试,员工学习,提交/确认/处理/退回/转交（按权限）,线下实操,按流程配置；默认1个工作日,超时提醒→主管催办→高风险升级,仅退回到可编辑前置节点；关键财务/签署节点不得物理回退,操作者、身份、时间、前后值、原因、附件哈希、设备/IP
P010,员工学习、考试与资格,中心管理端,S05,线下实操,1000分制考试,提交/确认/处理/退回/转交（按权限）,主管/专业人员认证,按流程配置；默认1个工作日,超时提醒→主管催办→高风险升级,仅退回到可编辑前置节点；关键财务/签署节点不得物理回退,操作者、身份、时间、前后值、原因、附件哈希、设备/IP
P010,员工学习、考试与资格,中心管理端,S06,主管/专业人员认证,线下实操,提交/确认/处理/退回/转交（按权限）,资格生效,按流程配置；默认1个工作日,超时提醒→主管催办→高风险升级,仅退回到可编辑前置节点；关键财务/签署节点不得物理回退,操作者、身份、时间、前后值、原因、附件哈希、设备/IP
P010,员工学习、考试与资格,中心管理端,S07,资格生效,主管/专业人员认证,提交/确认/处理/退回/转交（按权限）,岗位权限联动,按流程配置；默认1个工作日,超时提醒→主管催办→高风险升级,仅退回到可编辑前置节点；关键财务/签署节点不得物理回退,操作者、身份、时间、前后值、原因、附件哈希、设备/IP
P010,员工学习、考试与资格,中心管理端,S08,岗位权限联动,资格生效,提交/确认/处理/退回/转交（按权限）,到期复训/复证,按流程配置；默认1个工作日,超时提醒→主管催办→高风险升级,仅退回到可编辑前置节点；关键财务/签署节点不得物理回退,操作者、身份、时间、前后值、原因、附件哈希、设备/IP
P010,员工学习、考试与资格,中心管理端,S09,到期复训/复证,岗位权限联动,提交/确认/处理/退回/转交（按权限）,归档,按流程配置；默认1个工作日,超时提醒→主管催办→高风险升级,仅退回到可编辑前置节点；关键财务/签署节点不得物理回退,操作者、身份、时间、前后值、原因、附件哈希、设备/IP
P010,员工学习、考试与资格,中心管理端,S10,归档,到期复训/复证,提交/确认/处理/退回/转交（按权限）,已关闭,事项关闭后2个工作日,超时提醒→主管催办→高风险升级,仅退回到可编辑前置节点；关键财务/签署节点不得物理回退,操作者、身份、时间、前后值、原因、附件哈希、设备/IP
P011,绩效管理,中心管理端,S01,目标制定,流程触发/发起,提交/确认/处理/退回/转交（按权限）,员工确认,按流程配置；默认1个工作日,超时提醒→主管催办→高风险升级,仅退回到可编辑前置节点；关键财务/签署节点不得物理回退,操作者、身份、时间、前后值、原因、附件哈希、设备/IP
P011,绩效管理,中心管理端,S02,员工确认,目标制定,提交/确认/处理/退回/转交（按权限）,过程记录与辅导,1个工作日；高风险按制度,超时提醒→主管催办→高风险升级,仅退回到可编辑前置节点；关键财务/签署节点不得物理回退,操作者、身份、时间、前后值、原因、附件哈希、设备/IP
P011,绩效管理,中心管理端,S03,过程记录与辅导,员工确认,提交/确认/处理/退回/转交（按权限）,权威数据归集,按流程配置；默认1个工作日,超时提醒→主管催办→高风险升级,仅退回到可编辑前置节点；关键财务/签署节点不得物理回退,操作者、身份、时间、前后值、原因、附件哈希、设备/IP
P011,绩效管理,中心管理端,S04,权威数据归集,过程记录与辅导,提交/确认/处理/退回/转交（按权限）,员工自评/主管评价,按流程配置；默认1个工作日,超时提醒→主管催办→高风险升级,仅退回到可编辑前置节点；关键财务/签署节点不得物理回退,操作者、身份、时间、前后值、原因、附件哈希、设备/IP
P011,绩效管理,中心管理端,S05,员工自评/主管评价,权威数据归集,提交/确认/处理/退回/转交（按权限）,1000分计算,按流程配置；默认1个工作日,超时提醒→主管催办→高风险升级,仅退回到可编辑前置节点；关键财务/签署节点不得物理回退,操作者、身份、时间、前后值、原因、附件哈希、设备/IP
P011,绩效管理,中心管理端,S06,1000分计算,员工自评/主管评价,提交/确认/处理/退回/转交（按权限）,校准,按流程配置；默认1个工作日,超时提醒→主管催办→高风险升级,仅退回到可编辑前置节点；关键财务/签署节点不得物理回退,操作者、身份、时间、前后值、原因、附件哈希、设备/IP
P011,绩效管理,中心管理端,S07,校准,1000分计算,提交/确认/处理/退回/转交（按权限）,结果反馈确认,按流程配置；默认1个工作日,超时提醒→主管催办→高风险升级,仅退回到可编辑前置节点；关键财务/签署节点不得物理回退,操作者、身份、时间、前后值、原因、附件哈希、设备/IP
P011,绩效管理,中心管理端,S08,结果反馈确认,校准,提交/确认/处理/退回/转交（按权限）,申诉复核,1个工作日；高风险按制度,超时提醒→主管催办→高风险升级,仅退回到可编辑前置节点；关键财务/签署节点不得物理回退,操作者、身份、时间、前后值、原因、附件哈希、设备/IP
P011,绩效管理,中心管理端,S09,申诉复核,结果反馈确认,提交/确认/处理/退回/转交（按权限）,绩效影响执行,1个工作日；高风险按制度,超时提醒→主管催办→高风险升级,仅退回到可编辑前置节点；关键财务/签署节点不得物理回退,操作者、身份、时间、前后值、原因、附件哈希、设备/IP
P011,绩效管理,中心管理端,S10,绩效影响执行,申诉复核,提交/确认/处理/退回/转交（按权限）,归档,按计划时点/班次完成,超时提醒→主管催办→高风险升级,仅退回到可编辑前置节点；关键财务/签署节点不得物理回退,操作者、身份、时间、前后值、原因、附件哈希、设备/IP
P011,绩效管理,中心管理端,S11,归档,绩效影响执行,提交/确认/处理/退回/转交（按权限）,已关闭,事项关闭后2个工作日,超时提醒→主管催办→高风险升级,仅退回到可编辑前置节点；关键财务/签署节点不得物理回退,操作者、身份、时间、前后值、原因、附件哈希、设备/IP
P012,晋升与任职发展,中心管理端,S01,个人申请/组织提名,流程触发/发起,提交/确认/处理/退回/转交（按权限）,资格与冻结状态审查,按流程配置；默认1个工作日,超时提醒→主管催办→高风险升级,仅退回到可编辑前置节点；关键财务/签署节点不得物理回退,操作者、身份、时间、前后值、原因、附件哈希、设备/IP
P012,晋升与任职发展,中心管理端,S02,资格与冻结状态审查,个人申请/组织提名,提交/确认/处理/退回/转交（按权限）,1000分综合评估,按流程配置；默认1个工作日,超时提醒→主管催办→高风险升级,仅退回到可编辑前置节点；关键财务/签署节点不得物理回退,操作者、身份、时间、前后值、原因、附件哈希、设备/IP
P012,晋升与任职发展,中心管理端,S03,1000分综合评估,资格与冻结状态审查,提交/确认/处理/退回/转交（按权限）,岗位空缺与预算核验,按流程配置；默认1个工作日,超时提醒→主管催办→高风险升级,仅退回到可编辑前置节点；关键财务/签署节点不得物理回退,操作者、身份、时间、前后值、原因、附件哈希、设备/IP
P012,晋升与任职发展,中心管理端,S04,岗位空缺与预算核验,1000分综合评估,提交/确认/处理/退回/转交（按权限）,竞聘/评审,按流程配置；默认1个工作日,超时提醒→主管催办→高风险升级,仅退回到可编辑前置节点；关键财务/签署节点不得物理回退,操作者、身份、时间、前后值、原因、附件哈希、设备/IP
P012,晋升与任职发展,中心管理端,S05,竞聘/评审,岗位空缺与预算核验,提交/确认/处理/退回/转交（按权限）,审批,1个工作日；高风险按制度,超时提醒→主管催办→高风险升级,仅退回到可编辑前置节点；关键财务/签署节点不得物理回退,操作者、身份、时间、前后值、原因、附件哈希、设备/IP
P012,晋升与任职发展,中心管理端,S06,审批,竞聘/评审,提交/确认/处理/退回/转交（按权限）,公示/告知,1个工作日；高风险按制度,超时提醒→主管催办→高风险升级,仅退回到可编辑前置节点；关键财务/签署节点不得物理回退,操作者、身份、时间、前后值、原因、附件哈希、设备/IP
P012,晋升与任职发展,中心管理端,S07,公示/告知,审批,提交/确认/处理/退回/转交（按权限）,任命与薪酬确认,按流程配置；默认1个工作日,超时提醒→主管催办→高风险升级,仅退回到可编辑前置节点；关键财务/签署节点不得物理回退,操作者、身份、时间、前后值、原因、附件哈希、设备/IP
P012,晋升与任职发展,中心管理端,S08,任命与薪酬确认,公示/告知,提交/确认/处理/退回/转交（按权限）,验证期,1个工作日；高风险按制度,超时提醒→主管催办→高风险升级,仅退回到可编辑前置节点；关键财务/签署节点不得物理回退,操作者、身份、时间、前后值、原因、附件哈希、设备/IP
P012,晋升与任职发展,中心管理端,S09,验证期,任命与薪酬确认,提交/确认/处理/退回/转交（按权限）,正式生效/回退安排,按流程配置；默认1个工作日,超时提醒→主管催办→高风险升级,仅退回到可编辑前置节点；关键财务/签署节点不得物理回退,操作者、身份、时间、前后值、原因、附件哈希、设备/IP
P012,晋升与任职发展,中心管理端,S10,正式生效/回退安排,验证期,提交/确认/处理/退回/转交（按权限）,已关闭,按流程配置；默认1个工作日,超时提醒→主管催办→高风险升级,仅退回到可编辑前置节点；关键财务/签署节点不得物理回退,操作者、身份、时间、前后值、原因、附件哈希、设备/IP
P013,奖励,中心管理端,S01,贡献事实形成,流程触发/发起,提交/确认/处理/退回/转交（按权限）,证据核验,按流程配置；默认1个工作日,超时提醒→主管催办→高风险升级,仅退回到可编辑前置节点；关键财务/签署节点不得物理回退,操作者、身份、时间、前后值、原因、附件哈希、设备/IP
P013,奖励,中心管理端,S02,证据核验,贡献事实形成,提交/确认/处理/退回/转交（按权限）,奖励级别建议,按流程配置；默认1个工作日,超时提醒→主管催办→高风险升级,仅退回到可编辑前置节点；关键财务/签署节点不得物理回退,操作者、身份、时间、前后值、原因、附件哈希、设备/IP
P013,奖励,中心管理端,S03,奖励级别建议,证据核验,提交/确认/处理/退回/转交（按权限）,审批,按流程配置；默认1个工作日,超时提醒→主管催办→高风险升级,仅退回到可编辑前置节点；关键财务/签署节点不得物理回退,操作者、身份、时间、前后值、原因、附件哈希、设备/IP
P013,奖励,中心管理端,S04,审批,奖励级别建议,提交/确认/处理/退回/转交（按权限）,影响项防重复校验,1个工作日；高风险按制度,超时提醒→主管催办→高风险升级,仅退回到可编辑前置节点；关键财务/签署节点不得物理回退,操作者、身份、时间、前后值、原因、附件哈希、设备/IP
P013,奖励,中心管理端,S05,影响项防重复校验,审批,提交/确认/处理/退回/转交（按权限）,荣誉积分/奖金/发展评审影响执行,按流程配置；默认1个工作日,超时提醒→主管催办→高风险升级,仅退回到可编辑前置节点；关键财务/签署节点不得物理回退,操作者、身份、时间、前后值、原因、附件哈希、设备/IP
P013,奖励,中心管理端,S06,荣誉积分/奖金/发展评审影响执行,影响项防重复校验,提交/确认/处理/退回/转交（按权限）,员工通知,1个工作日；高风险按制度,超时提醒→主管催办→高风险升级,仅退回到可编辑前置节点；关键财务/签署节点不得物理回退,操作者、身份、时间、前后值、原因、附件哈希、设备/IP
P013,奖励,中心管理端,S07,员工通知,荣誉积分/奖金/发展评审影响执行,提交/确认/处理/退回/转交（按权限）,财务/人事回执,按流程配置；默认1个工作日,超时提醒→主管催办→高风险升级,仅退回到可编辑前置节点；关键财务/签署节点不得物理回退,操作者、身份、时间、前后值、原因、附件哈希、设备/IP
P013,奖励,中心管理端,S08,财务/人事回执,员工通知,提交/确认/处理/退回/转交（按权限）,归档,按流程配置；默认1个工作日,超时提醒→主管催办→高风险升级,仅退回到可编辑前置节点；关键财务/签署节点不得物理回退,操作者、身份、时间、前后值、原因、附件哈希、设备/IP
P013,奖励,中心管理端,S09,归档,财务/人事回执,提交/确认/处理/退回/转交（按权限）,已关闭,事项关闭后2个工作日,超时提醒→主管催办→高风险升级,仅退回到可编辑前置节点；关键财务/签署节点不得物理回退,操作者、身份、时间、前后值、原因、附件哈希、设备/IP
P014,纪律、责任与申诉,中心管理端,S01,线索登记,流程触发/发起,提交/确认/处理/退回/转交（按权限）,临时止险,按流程配置；默认1个工作日,超时提醒→主管催办→高风险升级,仅退回到可编辑前置节点；关键财务/签署节点不得物理回退,操作者、身份、时间、前后值、原因、附件哈希、设备/IP
P014,纪律、责任与申诉,中心管理端,S02,临时止险,线索登记,提交/确认/处理/退回/转交（按权限）,初步核实/正式调查,立即响应；L3/L4 30分钟内升级,超时提醒→主管催办→高风险升级,仅退回到可编辑前置节点；关键财务/签署节点不得物理回退,操作者、身份、时间、前后值、原因、附件哈希、设备/IP
P014,纪律、责任与申诉,中心管理端,S03,初步核实/正式调查,临时止险,提交/确认/处理/退回/转交（按权限）,员工陈述申辩,按流程配置；默认1个工作日,超时提醒→主管催办→高风险升级,仅退回到可编辑前置节点；关键财务/签署节点不得物理回退,操作者、身份、时间、前后值、原因、附件哈希、设备/IP
P014,纪律、责任与申诉,中心管理端,S04,员工陈述申辩,初步核实/正式调查,提交/确认/处理/退回/转交（按权限）,责任评审,按流程配置；默认1个工作日,超时提醒→主管催办→高风险升级,仅退回到可编辑前置节点；关键财务/签署节点不得物理回退,操作者、身份、时间、前后值、原因、附件哈希、设备/IP
P014,纪律、责任与申诉,中心管理端,S05,责任评审,员工陈述申辩,提交/确认/处理/退回/转交（按权限）,决定审批,1个工作日；高风险按制度,超时提醒→主管催办→高风险升级,仅退回到可编辑前置节点；关键财务/签署节点不得物理回退,操作者、身份、时间、前后值、原因、附件哈希、设备/IP
P014,纪律、责任与申诉,中心管理端,S06,决定审批,责任评审,提交/确认/处理/退回/转交（按权限）,送达,1个工作日；高风险按制度,超时提醒→主管催办→高风险升级,仅退回到可编辑前置节点；关键财务/签署节点不得物理回退,操作者、身份、时间、前后值、原因、附件哈希、设备/IP
P014,纪律、责任与申诉,中心管理端,S07,送达,决定审批,提交/确认/处理/退回/转交（按权限）,影响项执行,按流程配置；默认1个工作日,超时提醒→主管催办→高风险升级,仅退回到可编辑前置节点；关键财务/签署节点不得物理回退,操作者、身份、时间、前后值、原因、附件哈希、设备/IP
P014,纪律、责任与申诉,中心管理端,S08,影响项执行,送达,提交/确认/处理/退回/转交（按权限）,申诉复核,按计划时点/班次完成,超时提醒→主管催办→高风险升级,仅退回到可编辑前置节点；关键财务/签署节点不得物理回退,操作者、身份、时间、前后值、原因、附件哈希、设备/IP
P014,纪律、责任与申诉,中心管理端,S09,申诉复核,影响项执行,提交/确认/处理/退回/转交（按权限）,核心案件关闭,1个工作日；高风险按制度,超时提醒→主管催办→高风险升级,仅退回到可编辑前置节点；关键财务/签署节点不得物理回退,操作者、身份、时间、前后值、原因、附件哈希、设备/IP
P014,纪律、责任与申诉,中心管理端,S10,核心案件关闭,申诉复核,提交/确认/处理/退回/转交（按权限）,独立观察整改,按流程配置；默认1个工作日,超时提醒→主管催办→高风险升级,仅退回到可编辑前置节点；关键财务/签署节点不得物理回退,操作者、身份、时间、前后值、原因、附件哈希、设备/IP
P014,纪律、责任与申诉,中心管理端,S11,独立观察整改,核心案件关闭,提交/确认/处理/退回/转交（按权限）,补充归档,按流程配置；默认1个工作日,超时提醒→主管催办→高风险升级,仅退回到可编辑前置节点；关键财务/签署节点不得物理回退,操作者、身份、时间、前后值、原因、附件哈希、设备/IP
P014,纪律、责任与申诉,中心管理端,S12,补充归档,独立观察整改,提交/确认/处理/退回/转交（按权限）,已关闭,事项关闭后2个工作日,超时提醒→主管催办→高风险升级,仅退回到可编辑前置节点；关键财务/签署节点不得物理回退,操作者、身份、时间、前后值、原因、附件哈希、设备/IP
P015,成长积分与荣誉积分,中心管理端,S01,业务事件产生,流程触发/发起,提交/确认/处理/退回/转交（按权限）,人员与来源校验,按流程配置；默认1个工作日,超时提醒→主管催办→高风险升级,仅退回到可编辑前置节点；关键财务/签署节点不得物理回退,操作者、身份、时间、前后值、原因、附件哈希、设备/IP
P015,成长积分与荣誉积分,中心管理端,S02,人员与来源校验,业务事件产生,提交/确认/处理/退回/转交（按权限）,例外与防重校验,按流程配置；默认1个工作日,超时提醒→主管催办→高风险升级,仅退回到可编辑前置节点；关键财务/签署节点不得物理回退,操作者、身份、时间、前后值、原因、附件哈希、设备/IP
P015,成长积分与荣誉积分,中心管理端,S03,例外与防重校验,人员与来源校验,提交/确认/处理/退回/转交（按权限）,规则版本匹配,按流程配置；默认1个工作日,超时提醒→主管催办→高风险升级,仅退回到可编辑前置节点；关键财务/签署节点不得物理回退,操作者、身份、时间、前后值、原因、附件哈希、设备/IP
P015,成长积分与荣誉积分,中心管理端,S04,规则版本匹配,例外与防重校验,提交/确认/处理/退回/转交（按权限）,计算与封顶,按流程配置；默认1个工作日,超时提醒→主管催办→高风险升级,仅退回到可编辑前置节点；关键财务/签署节点不得物理回退,操作者、身份、时间、前后值、原因、附件哈希、设备/IP
P015,成长积分与荣誉积分,中心管理端,S05,计算与封顶,规则版本匹配,提交/确认/处理/退回/转交（按权限）,风险分级,按流程配置；默认1个工作日,超时提醒→主管催办→高风险升级,仅退回到可编辑前置节点；关键财务/签署节点不得物理回退,操作者、身份、时间、前后值、原因、附件哈希、设备/IP
P015,成长积分与荣誉积分,中心管理端,S06,风险分级,计算与封顶,提交/确认/处理/退回/转交（按权限）,自动入账/人工复核,立即响应；L3/L4 30分钟内升级,超时提醒→主管催办→高风险升级,仅退回到可编辑前置节点；关键财务/签署节点不得物理回退,操作者、身份、时间、前后值、原因、附件哈希、设备/IP
P015,成长积分与荣誉积分,中心管理端,S07,自动入账/人工复核,风险分级,提交/确认/处理/退回/转交（按权限）,员工通知,1个工作日；高风险按制度,超时提醒→主管催办→高风险升级,仅退回到可编辑前置节点；关键财务/签署节点不得物理回退,操作者、身份、时间、前后值、原因、附件哈希、设备/IP
P015,成长积分与荣誉积分,中心管理端,S08,员工通知,自动入账/人工复核,提交/确认/处理/退回/转交（按权限）,申诉/调整/冲销新增流水,按流程配置；默认1个工作日,超时提醒→主管催办→高风险升级,仅退回到可编辑前置节点；关键财务/签署节点不得物理回退,操作者、身份、时间、前后值、原因、附件哈希、设备/IP
P015,成长积分与荣誉积分,中心管理端,S09,申诉/调整/冲销新增流水,员工通知,提交/确认/处理/退回/转交（按权限）,有效分与段位重算,按流程配置；默认1个工作日,超时提醒→主管催办→高风险升级,仅退回到可编辑前置节点；关键财务/签署节点不得物理回退,操作者、身份、时间、前后值、原因、附件哈希、设备/IP
P015,成长积分与荣誉积分,中心管理端,S10,有效分与段位重算,申诉/调整/冲销新增流水,提交/确认/处理/退回/转交（按权限）,已关闭,按流程配置；默认1个工作日,超时提醒→主管催办→高风险升级,仅退回到可编辑前置节点；关键财务/签署节点不得物理回退,操作者、身份、时间、前后值、原因、附件哈希、设备/IP
P016,员工福利与关怀,中心管理端,S01,系统触发/员工申请/管理发起,流程触发/发起,提交/确认/处理/退回/转交（按权限）,资格校验,按流程配置；默认1个工作日,超时提醒→主管催办→高风险升级,仅退回到可编辑前置节点；关键财务/签署节点不得物理回退,操作者、身份、时间、前后值、原因、附件哈希、设备/IP
P016,员工福利与关怀,中心管理端,S02,资格校验,系统触发/员工申请/管理发起,提交/确认/处理/退回/转交（按权限）,材料与隐私授权,按流程配置；默认1个工作日,超时提醒→主管催办→高风险升级,仅退回到可编辑前置节点；关键财务/签署节点不得物理回退,操作者、身份、时间、前后值、原因、附件哈希、设备/IP
P016,员工福利与关怀,中心管理端,S03,材料与隐私授权,资格校验,提交/确认/处理/退回/转交（按权限）,审批,按流程配置；默认1个工作日,超时提醒→主管催办→高风险升级,仅退回到可编辑前置节点；关键财务/签署节点不得物理回退,操作者、身份、时间、前后值、原因、附件哈希、设备/IP
P016,员工福利与关怀,中心管理端,S04,审批,材料与隐私授权,提交/确认/处理/退回/转交（按权限）,财务付款/实物发放/服务执行,1个工作日；高风险按制度,超时提醒→主管催办→高风险升级,仅退回到可编辑前置节点；关键财务/签署节点不得物理回退,操作者、身份、时间、前后值、原因、附件哈希、设备/IP
P016,员工福利与关怀,中心管理端,S05,财务付款/实物发放/服务执行,审批,提交/确认/处理/退回/转交（按权限）,员工确认,T+1个工作日或财务日历,超时提醒→主管催办→高风险升级,仅退回到可编辑前置节点；关键财务/签署节点不得物理回退,操作者、身份、时间、前后值、原因、附件哈希、设备/IP
P016,员工福利与关怀,中心管理端,S06,员工确认,财务付款/实物发放/服务执行,提交/确认/处理/退回/转交（按权限）,对账,1个工作日；高风险按制度,超时提醒→主管催办→高风险升级,仅退回到可编辑前置节点；关键财务/签署节点不得物理回退,操作者、身份、时间、前后值、原因、附件哈希、设备/IP
P016,员工福利与关怀,中心管理端,S07,对账,员工确认,提交/确认/处理/退回/转交（按权限）,归档,T+1个工作日或财务日历,超时提醒→主管催办→高风险升级,仅退回到可编辑前置节点；关键财务/签署节点不得物理回退,操作者、身份、时间、前后值、原因、附件哈希、设备/IP
P016,员工福利与关怀,中心管理端,S08,归档,对账,提交/确认/处理/退回/转交（按权限）,已关闭,事项关闭后2个工作日,超时提醒→主管催办→高风险升级,仅退回到可编辑前置节点；关键财务/签署节点不得物理回退,操作者、身份、时间、前后值、原因、附件哈希、设备/IP
P017,电子签署,中心管理端,S01,模板与数据准备,流程触发/发起,提交/确认/处理/退回/转交（按权限）,文档生成,按流程配置；默认1个工作日,超时提醒→主管催办→高风险升级,仅退回到可编辑前置节点；关键财务/签署节点不得物理回退,操作者、身份、时间、前后值、原因、附件哈希、设备/IP
P017,电子签署,中心管理端,S02,文档生成,模板与数据准备,提交/确认/处理/退回/转交（按权限）,内部审核,按流程配置；默认1个工作日,超时提醒→主管催办→高风险升级,仅退回到可编辑前置节点；关键财务/签署节点不得物理回退,操作者、身份、时间、前后值、原因、附件哈希、设备/IP
P017,电子签署,中心管理端,S03,内部审核,文档生成,提交/确认/处理/退回/转交（按权限）,发起签署,1个工作日；高风险按制度,超时提醒→主管催办→高风险升级,仅退回到可编辑前置节点；关键财务/签署节点不得物理回退,操作者、身份、时间、前后值、原因、附件哈希、设备/IP
P017,电子签署,中心管理端,S04,发起签署,内部审核,提交/确认/处理/退回/转交（按权限）,身份认证,按流程配置；默认1个工作日,超时提醒→主管催办→高风险升级,仅退回到可编辑前置节点；关键财务/签署节点不得物理回退,操作者、身份、时间、前后值、原因、附件哈希、设备/IP
P017,电子签署,中心管理端,S05,身份认证,发起签署,提交/确认/处理/退回/转交（按权限）,签署,按流程配置；默认1个工作日,超时提醒→主管催办→高风险升级,仅退回到可编辑前置节点；关键财务/签署节点不得物理回退,操作者、身份、时间、前后值、原因、附件哈希、设备/IP
P017,电子签署,中心管理端,S06,签署,身份认证,提交/确认/处理/退回/转交（按权限）,回调验签,按流程配置；默认1个工作日,超时提醒→主管催办→高风险升级,仅退回到可编辑前置节点；关键财务/签署节点不得物理回退,操作者、身份、时间、前后值、原因、附件哈希、设备/IP
P017,电子签署,中心管理端,S07,回调验签,签署,提交/确认/处理/退回/转交（按权限）,文件与证书归档,按流程配置；默认1个工作日,超时提醒→主管催办→高风险升级,仅退回到可编辑前置节点；关键财务/签署节点不得物理回退,操作者、身份、时间、前后值、原因、附件哈希、设备/IP
P017,电子签署,中心管理端,S08,文件与证书归档,回调验签,提交/确认/处理/退回/转交（按权限）,业务状态更新,事项关闭后2个工作日,超时提醒→主管催办→高风险升级,仅退回到可编辑前置节点；关键财务/签署节点不得物理回退,操作者、身份、时间、前后值、原因、附件哈希、设备/IP
P017,电子签署,中心管理端,S09,业务状态更新,文件与证书归档,提交/确认/处理/退回/转交（按权限）,已关闭,按流程配置；默认1个工作日,超时提醒→主管催办→高风险升级,仅退回到可编辑前置节点；关键财务/签署节点不得物理回退,操作者、身份、时间、前后值、原因、附件哈希、设备/IP
P018,数据导入,中心管理端,S01,下载模板,流程触发/发起,提交/确认/处理/退回/转交（按权限）,上传文件,按流程配置；默认1个工作日,超时提醒→主管催办→高风险升级,仅退回到可编辑前置节点；关键财务/签署节点不得物理回退,操作者、身份、时间、前后值、原因、附件哈希、设备/IP
P018,数据导入,中心管理端,S02,上传文件,下载模板,提交/确认/处理/退回/转交（按权限）,格式校验,按流程配置；默认1个工作日,超时提醒→主管催办→高风险升级,仅退回到可编辑前置节点；关键财务/签署节点不得物理回退,操作者、身份、时间、前后值、原因、附件哈希、设备/IP
P018,数据导入,中心管理端,S03,格式校验,上传文件,提交/确认/处理/退回/转交（按权限）,业务校验,按流程配置；默认1个工作日,超时提醒→主管催办→高风险升级,仅退回到可编辑前置节点；关键财务/签署节点不得物理回退,操作者、身份、时间、前后值、原因、附件哈希、设备/IP
P018,数据导入,中心管理端,S04,业务校验,格式校验,提交/确认/处理/退回/转交（按权限）,权限与范围校验,按流程配置；默认1个工作日,超时提醒→主管催办→高风险升级,仅退回到可编辑前置节点；关键财务/签署节点不得物理回退,操作者、身份、时间、前后值、原因、附件哈希、设备/IP
P018,数据导入,中心管理端,S05,权限与范围校验,业务校验,提交/确认/处理/退回/转交（按权限）,差异预览,按流程配置；默认1个工作日,超时提醒→主管催办→高风险升级,仅退回到可编辑前置节点；关键财务/签署节点不得物理回退,操作者、身份、时间、前后值、原因、附件哈希、设备/IP
P018,数据导入,中心管理端,S06,差异预览,权限与范围校验,提交/确认/处理/退回/转交（按权限）,用户确认,按流程配置；默认1个工作日,超时提醒→主管催办→高风险升级,仅退回到可编辑前置节点；关键财务/签署节点不得物理回退,操作者、身份、时间、前后值、原因、附件哈希、设备/IP
P018,数据导入,中心管理端,S07,用户确认,差异预览,提交/确认/处理/退回/转交（按权限）,异步执行,1个工作日；高风险按制度,超时提醒→主管催办→高风险升级,仅退回到可编辑前置节点；关键财务/签署节点不得物理回退,操作者、身份、时间、前后值、原因、附件哈希、设备/IP
P018,数据导入,中心管理端,S08,异步执行,用户确认,提交/确认/处理/退回/转交（按权限）,结果报告,按计划时点/班次完成,超时提醒→主管催办→高风险升级,仅退回到可编辑前置节点；关键财务/签署节点不得物理回退,操作者、身份、时间、前后值、原因、附件哈希、设备/IP
P018,数据导入,中心管理端,S09,结果报告,异步执行,提交/确认/处理/退回/转交（按权限）,错误行下载,事项关闭后2个工作日,超时提醒→主管催办→高风险升级,仅退回到可编辑前置节点；关键财务/签署节点不得物理回退,操作者、身份、时间、前后值、原因、附件哈希、设备/IP
P018,数据导入,中心管理端,S10,错误行下载,结果报告,提交/确认/处理/退回/转交（按权限）,审计,按流程配置；默认1个工作日,超时提醒→主管催办→高风险升级,仅退回到可编辑前置节点；关键财务/签署节点不得物理回退,操作者、身份、时间、前后值、原因、附件哈希、设备/IP
P018,数据导入,中心管理端,S11,审计,错误行下载,提交/确认/处理/退回/转交（按权限）,已关闭,按流程配置；默认1个工作日,超时提醒→主管催办→高风险升级,仅退回到可编辑前置节点；关键财务/签署节点不得物理回退,操作者、身份、时间、前后值、原因、附件哈希、设备/IP
P019,敏感导出与文件下载,中心管理端,S01,发起导出/下载,流程触发/发起,提交/确认/处理/退回/转交（按权限）,数据范围校验,按流程配置；默认1个工作日,超时提醒→主管催办→高风险升级,仅退回到可编辑前置节点；关键财务/签署节点不得物理回退,操作者、身份、时间、前后值、原因、附件哈希、设备/IP
P019,敏感导出与文件下载,中心管理端,S02,数据范围校验,发起导出/下载,提交/确认/处理/退回/转交（按权限）,字段与敏感级别校验,按流程配置；默认1个工作日,超时提醒→主管催办→高风险升级,仅退回到可编辑前置节点；关键财务/签署节点不得物理回退,操作者、身份、时间、前后值、原因、附件哈希、设备/IP
P019,敏感导出与文件下载,中心管理端,S03,字段与敏感级别校验,数据范围校验,提交/确认/处理/退回/转交（按权限）,用途和审批校验,按流程配置；默认1个工作日,超时提醒→主管催办→高风险升级,仅退回到可编辑前置节点；关键财务/签署节点不得物理回退,操作者、身份、时间、前后值、原因、附件哈希、设备/IP
P019,敏感导出与文件下载,中心管理端,S04,用途和审批校验,字段与敏感级别校验,提交/确认/处理/退回/转交（按权限）,异步生成,1个工作日；高风险按制度,超时提醒→主管催办→高风险升级,仅退回到可编辑前置节点；关键财务/签署节点不得物理回退,操作者、身份、时间、前后值、原因、附件哈希、设备/IP
P019,敏感导出与文件下载,中心管理端,S05,异步生成,用途和审批校验,提交/确认/处理/退回/转交（按权限）,水印与短时链接,按流程配置；默认1个工作日,超时提醒→主管催办→高风险升级,仅退回到可编辑前置节点；关键财务/签署节点不得物理回退,操作者、身份、时间、前后值、原因、附件哈希、设备/IP
P019,敏感导出与文件下载,中心管理端,S06,水印与短时链接,异步生成,提交/确认/处理/退回/转交（按权限）,二次认证,按流程配置；默认1个工作日,超时提醒→主管催办→高风险升级,仅退回到可编辑前置节点；关键财务/签署节点不得物理回退,操作者、身份、时间、前后值、原因、附件哈希、设备/IP
P019,敏感导出与文件下载,中心管理端,S07,二次认证,水印与短时链接,提交/确认/处理/退回/转交（按权限）,下载留痕,按流程配置；默认1个工作日,超时提醒→主管催办→高风险升级,仅退回到可编辑前置节点；关键财务/签署节点不得物理回退,操作者、身份、时间、前后值、原因、附件哈希、设备/IP
P019,敏感导出与文件下载,中心管理端,S08,下载留痕,二次认证,提交/确认/处理/退回/转交（按权限）,到期销毁,按流程配置；默认1个工作日,超时提醒→主管催办→高风险升级,仅退回到可编辑前置节点；关键财务/签署节点不得物理回退,操作者、身份、时间、前后值、原因、附件哈希、设备/IP
P019,敏感导出与文件下载,中心管理端,S09,到期销毁,下载留痕,提交/确认/处理/退回/转交（按权限）,已关闭,按流程配置；默认1个工作日,超时提醒→主管催办→高风险升级,仅退回到可编辑前置节点；关键财务/签署节点不得物理回退,操作者、身份、时间、前后值、原因、附件哈希、设备/IP
P020,数据质量与修复,中心管理端,S01,规则扫描发现问题,流程触发/发起,提交/确认/处理/退回/转交（按权限）,生成数据修复工单,按流程配置；默认1个工作日,超时提醒→主管催办→高风险升级,仅退回到可编辑前置节点；关键财务/签署节点不得物理回退,操作者、身份、时间、前后值、原因、附件哈希、设备/IP
P020,数据质量与修复,中心管理端,S02,生成数据修复工单,规则扫描发现问题,提交/确认/处理/退回/转交（按权限）,责任域确认权威来源,按流程配置；默认1个工作日,超时提醒→主管催办→高风险升级,仅退回到可编辑前置节点；关键财务/签署节点不得物理回退,操作者、身份、时间、前后值、原因、附件哈希、设备/IP
P020,数据质量与修复,中心管理端,S03,责任域确认权威来源,生成数据修复工单,提交/确认/处理/退回/转交（按权限）,影响分析,1个工作日；高风险按制度,超时提醒→主管催办→高风险升级,仅退回到可编辑前置节点；关键财务/签署节点不得物理回退,操作者、身份、时间、前后值、原因、附件哈希、设备/IP
P020,数据质量与修复,中心管理端,S04,影响分析,责任域确认权威来源,提交/确认/处理/退回/转交（按权限）,修复方案审批,按流程配置；默认1个工作日,超时提醒→主管催办→高风险升级,仅退回到可编辑前置节点；关键财务/签署节点不得物理回退,操作者、身份、时间、前后值、原因、附件哈希、设备/IP
P020,数据质量与修复,中心管理端,S05,修复方案审批,影响分析,提交/确认/处理/退回/转交（按权限）,双人复核执行,1个工作日；高风险按制度,超时提醒→主管催办→高风险升级,仅退回到可编辑前置节点；关键财务/签署节点不得物理回退,操作者、身份、时间、前后值、原因、附件哈希、设备/IP
P020,数据质量与修复,中心管理端,S06,双人复核执行,修复方案审批,提交/确认/处理/退回/转交（按权限）,下游补偿与重算,1个工作日；高风险按制度,超时提醒→主管催办→高风险升级,仅退回到可编辑前置节点；关键财务/签署节点不得物理回退,操作者、身份、时间、前后值、原因、附件哈希、设备/IP
P020,数据质量与修复,中心管理端,S07,下游补偿与重算,双人复核执行,提交/确认/处理/退回/转交（按权限）,前后值核验,按流程配置；默认1个工作日,超时提醒→主管催办→高风险升级,仅退回到可编辑前置节点；关键财务/签署节点不得物理回退,操作者、身份、时间、前后值、原因、附件哈希、设备/IP
P020,数据质量与修复,中心管理端,S08,前后值核验,下游补偿与重算,提交/确认/处理/退回/转交（按权限）,补充归档与审计,按流程配置；默认1个工作日,超时提醒→主管催办→高风险升级,仅退回到可编辑前置节点；关键财务/签署节点不得物理回退,操作者、身份、时间、前后值、原因、附件哈希、设备/IP
P020,数据质量与修复,中心管理端,S09,补充归档与审计,前后值核验,提交/确认/处理/退回/转交（按权限）,已关闭,事项关闭后2个工作日,超时提醒→主管催办→高风险升级,仅退回到可编辑前置节点；关键财务/签署节点不得物理回退,操作者、身份、时间、前后值、原因、附件哈希、设备/IP
P021,经营会议闭环,中心管理端,S01,议题申报,流程触发/发起,提交/确认/处理/退回/转交（按权限）,材料校验,按流程配置；默认1个工作日,超时提醒→主管催办→高风险升级,仅退回到可编辑前置节点；关键财务/签署节点不得物理回退,操作者、身份、时间、前后值、原因、附件哈希、设备/IP
P021,经营会议闭环,中心管理端,S02,材料校验,议题申报,提交/确认/处理/退回/转交（按权限）,总裁办初审,按流程配置；默认1个工作日,超时提醒→主管催办→高风险升级,仅退回到可编辑前置节点；关键财务/签署节点不得物理回退,操作者、身份、时间、前后值、原因、附件哈希、设备/IP
P021,经营会议闭环,中心管理端,S03,总裁办初审,材料校验,提交/确认/处理/退回/转交（按权限）,会议发布,按流程配置；默认1个工作日,超时提醒→主管催办→高风险升级,仅退回到可编辑前置节点；关键财务/签署节点不得物理回退,操作者、身份、时间、前后值、原因、附件哈希、设备/IP
P021,经营会议闭环,中心管理端,S04,会议发布,总裁办初审,提交/确认/处理/退回/转交（按权限）,会议召开,按流程配置；默认1个工作日,超时提醒→主管催办→高风险升级,仅退回到可编辑前置节点；关键财务/签署节点不得物理回退,操作者、身份、时间、前后值、原因、附件哈希、设备/IP
P021,经营会议闭环,中心管理端,S05,会议召开,会议发布,提交/确认/处理/退回/转交（按权限）,主持人确认纪要,按流程配置；默认1个工作日,超时提醒→主管催办→高风险升级,仅退回到可编辑前置节点；关键财务/签署节点不得物理回退,操作者、身份、时间、前后值、原因、附件哈希、设备/IP
P021,经营会议闭环,中心管理端,S06,主持人确认纪要,会议召开,提交/确认/处理/退回/转交（按权限）,行动项自动生成,1个工作日；高风险按制度,超时提醒→主管催办→高风险升级,仅退回到可编辑前置节点；关键财务/签署节点不得物理回退,操作者、身份、时间、前后值、原因、附件哈希、设备/IP
P021,经营会议闭环,中心管理端,S07,行动项自动生成,主持人确认纪要,提交/确认/处理/退回/转交（按权限）,责任中心执行,按流程配置；默认1个工作日,超时提醒→主管催办→高风险升级,仅退回到可编辑前置节点；关键财务/签署节点不得物理回退,操作者、身份、时间、前后值、原因、附件哈希、设备/IP
P021,经营会议闭环,中心管理端,S08,责任中心执行,行动项自动生成,提交/确认/处理/退回/转交（按权限）,总裁办验收,按计划时点/班次完成,超时提醒→主管催办→高风险升级,仅退回到可编辑前置节点；关键财务/签署节点不得物理回退,操作者、身份、时间、前后值、原因、附件哈希、设备/IP
P021,经营会议闭环,中心管理端,S09,总裁办验收,责任中心执行,提交/确认/处理/退回/转交（按权限）,归档,1个工作日；高风险按制度,超时提醒→主管催办→高风险升级,仅退回到可编辑前置节点；关键财务/签署节点不得物理回退,操作者、身份、时间、前后值、原因、附件哈希、设备/IP
P021,经营会议闭环,中心管理端,S10,归档,总裁办验收,提交/确认/处理/退回/转交（按权限）,已关闭,事项关闭后2个工作日,超时提醒→主管催办→高风险升级,仅退回到可编辑前置节点；关键财务/签署节点不得物理回退,操作者、身份、时间、前后值、原因、附件哈希、设备/IP
P022,总裁指令闭环,中心管理端,S01,指令登记,流程触发/发起,提交/确认/处理/退回/转交（按权限）,权限与密级确认,按流程配置；默认1个工作日,超时提醒→主管催办→高风险升级,仅退回到可编辑前置节点；关键财务/签署节点不得物理回退,操作者、身份、时间、前后值、原因、附件哈希、设备/IP
P022,总裁指令闭环,中心管理端,S02,权限与密级确认,指令登记,提交/确认/处理/退回/转交（按权限）,责任中心签收,1个工作日；高风险按制度,超时提醒→主管催办→高风险升级,仅退回到可编辑前置节点；关键财务/签署节点不得物理回退,操作者、身份、时间、前后值、原因、附件哈希、设备/IP
P022,总裁指令闭环,中心管理端,S03,责任中心签收,权限与密级确认,提交/确认/处理/退回/转交（按权限）,任务分解,按流程配置；默认1个工作日,超时提醒→主管催办→高风险升级,仅退回到可编辑前置节点；关键财务/签署节点不得物理回退,操作者、身份、时间、前后值、原因、附件哈希、设备/IP
P022,总裁指令闭环,中心管理端,S04,任务分解,责任中心签收,提交/确认/处理/退回/转交（按权限）,执行反馈,按流程配置；默认1个工作日,超时提醒→主管催办→高风险升级,仅退回到可编辑前置节点；关键财务/签署节点不得物理回退,操作者、身份、时间、前后值、原因、附件哈希、设备/IP
P022,总裁指令闭环,中心管理端,S05,执行反馈,任务分解,提交/确认/处理/退回/转交（按权限）,异常升级,按计划时点/班次完成,超时提醒→主管催办→高风险升级,仅退回到可编辑前置节点；关键财务/签署节点不得物理回退,操作者、身份、时间、前后值、原因、附件哈希、设备/IP
P022,总裁指令闭环,中心管理端,S06,异常升级,执行反馈,提交/确认/处理/退回/转交（按权限）,结果验收,立即响应；L3/L4 30分钟内升级,超时提醒→主管催办→高风险升级,仅退回到可编辑前置节点；关键财务/签署节点不得物理回退,操作者、身份、时间、前后值、原因、附件哈希、设备/IP
P022,总裁指令闭环,中心管理端,S07,结果验收,异常升级,提交/确认/处理/退回/转交（按权限）,复盘归档,1个工作日；高风险按制度,超时提醒→主管催办→高风险升级,仅退回到可编辑前置节点；关键财务/签署节点不得物理回退,操作者、身份、时间、前后值、原因、附件哈希、设备/IP
P022,总裁指令闭环,中心管理端,S08,复盘归档,结果验收,提交/确认/处理/退回/转交（按权限）,已关闭,事项关闭后2个工作日,超时提醒→主管催办→高风险升级,仅退回到可编辑前置节点；关键财务/签署节点不得物理回退,操作者、身份、时间、前后值、原因、附件哈希、设备/IP
P023,重大事项升级,中心管理端,S01,风险发现,流程触发/发起,提交/确认/处理/退回/转交（按权限）,分级判断,立即响应；L3/L4 30分钟内升级,超时提醒→主管催办→高风险升级,仅退回到可编辑前置节点；关键财务/签署节点不得物理回退,操作者、身份、时间、前后值、原因、附件哈希、设备/IP
P023,重大事项升级,中心管理端,S02,分级判断,风险发现,提交/确认/处理/退回/转交（按权限）,先行止险,按流程配置；默认1个工作日,超时提醒→主管催办→高风险升级,仅退回到可编辑前置节点；关键财务/签署节点不得物理回退,操作者、身份、时间、前后值、原因、附件哈希、设备/IP
P023,重大事项升级,中心管理端,S03,先行止险,分级判断,提交/确认/处理/退回/转交（按权限）,通知有权人员,立即响应；L3/L4 30分钟内升级,超时提醒→主管催办→高风险升级,仅退回到可编辑前置节点；关键财务/签署节点不得物理回退,操作者、身份、时间、前后值、原因、附件哈希、设备/IP
P023,重大事项升级,中心管理端,S04,通知有权人员,先行止险,提交/确认/处理/退回/转交（按权限）,建立专题,按流程配置；默认1个工作日,超时提醒→主管催办→高风险升级,仅退回到可编辑前置节点；关键财务/签署节点不得物理回退,操作者、身份、时间、前后值、原因、附件哈希、设备/IP
P023,重大事项升级,中心管理端,S05,建立专题,通知有权人员,提交/确认/处理/退回/转交（按权限）,持续报告,按流程配置；默认1个工作日,超时提醒→主管催办→高风险升级,仅退回到可编辑前置节点；关键财务/签署节点不得物理回退,操作者、身份、时间、前后值、原因、附件哈希、设备/IP
P023,重大事项升级,中心管理端,S06,持续报告,建立专题,提交/确认/处理/退回/转交（按权限）,决定执行,事项关闭后2个工作日,超时提醒→主管催办→高风险升级,仅退回到可编辑前置节点；关键财务/签署节点不得物理回退,操作者、身份、时间、前后值、原因、附件哈希、设备/IP
P023,重大事项升级,中心管理端,S07,决定执行,持续报告,提交/确认/处理/退回/转交（按权限）,关闭或转案件,按计划时点/班次完成,超时提醒→主管催办→高风险升级,仅退回到可编辑前置节点；关键财务/签署节点不得物理回退,操作者、身份、时间、前后值、原因、附件哈希、设备/IP
P023,重大事项升级,中心管理端,S08,关闭或转案件,决定执行,提交/确认/处理/退回/转交（按权限）,已关闭,按流程配置；默认1个工作日,超时提醒→主管催办→高风险升级,仅退回到可编辑前置节点；关键财务/签署节点不得物理回退,操作者、身份、时间、前后值、原因、附件哈希、设备/IP
P024,预算闭环,中心管理端,S01,预算申报,流程触发/发起,提交/确认/处理/退回/转交（按权限）,汇总校验,按流程配置；默认1个工作日,超时提醒→主管催办→高风险升级,仅退回到可编辑前置节点；关键财务/签署节点不得物理回退,操作者、身份、时间、前后值、原因、附件哈希、设备/IP
P024,预算闭环,中心管理端,S02,汇总校验,预算申报,提交/确认/处理/退回/转交（按权限）,中心确认,按流程配置；默认1个工作日,超时提醒→主管催办→高风险升级,仅退回到可编辑前置节点；关键财务/签署节点不得物理回退,操作者、身份、时间、前后值、原因、附件哈希、设备/IP
P024,预算闭环,中心管理端,S03,中心确认,汇总校验,提交/确认/处理/退回/转交（按权限）,财务复核,1个工作日；高风险按制度,超时提醒→主管催办→高风险升级,仅退回到可编辑前置节点；关键财务/签署节点不得物理回退,操作者、身份、时间、前后值、原因、附件哈希、设备/IP
P024,预算闭环,中心管理端,S04,财务复核,中心确认,提交/确认/处理/退回/转交（按权限）,有权审批,1个工作日；高风险按制度,超时提醒→主管催办→高风险升级,仅退回到可编辑前置节点；关键财务/签署节点不得物理回退,操作者、身份、时间、前后值、原因、附件哈希、设备/IP
P024,预算闭环,中心管理端,S05,有权审批,财务复核,提交/确认/处理/退回/转交（按权限）,预算发布,1个工作日；高风险按制度,超时提醒→主管催办→高风险升级,仅退回到可编辑前置节点；关键财务/签署节点不得物理回退,操作者、身份、时间、前后值、原因、附件哈希、设备/IP
P024,预算闭环,中心管理端,S06,预算发布,有权审批,提交/确认/处理/退回/转交（按权限）,占用与释放,按流程配置；默认1个工作日,超时提醒→主管催办→高风险升级,仅退回到可编辑前置节点；关键财务/签署节点不得物理回退,操作者、身份、时间、前后值、原因、附件哈希、设备/IP
P024,预算闭环,中心管理端,S07,占用与释放,预算发布,提交/确认/处理/退回/转交（按权限）,调整,按流程配置；默认1个工作日,超时提醒→主管催办→高风险升级,仅退回到可编辑前置节点；关键财务/签署节点不得物理回退,操作者、身份、时间、前后值、原因、附件哈希、设备/IP
P024,预算闭环,中心管理端,S08,调整,占用与释放,提交/确认/处理/退回/转交（按权限）,执行分析,按流程配置；默认1个工作日,超时提醒→主管催办→高风险升级,仅退回到可编辑前置节点；关键财务/签署节点不得物理回退,操作者、身份、时间、前后值、原因、附件哈希、设备/IP
P024,预算闭环,中心管理端,S09,执行分析,调整,提交/确认/处理/退回/转交（按权限）,年度关闭,按计划时点/班次完成,超时提醒→主管催办→高风险升级,仅退回到可编辑前置节点；关键财务/签署节点不得物理回退,操作者、身份、时间、前后值、原因、附件哈希、设备/IP
P024,预算闭环,中心管理端,S10,年度关闭,执行分析,提交/确认/处理/退回/转交（按权限）,已关闭,按流程配置；默认1个工作日,超时提醒→主管催办→高风险升级,仅退回到可编辑前置节点；关键财务/签署节点不得物理回退,操作者、身份、时间、前后值、原因、附件哈希、设备/IP
P025,报销闭环,中心管理端,S01,事前申请关联,流程触发/发起,提交/确认/处理/退回/转交（按权限）,报销填报,按流程配置；默认1个工作日,超时提醒→主管催办→高风险升级,仅退回到可编辑前置节点；关键财务/签署节点不得物理回退,操作者、身份、时间、前后值、原因、附件哈希、设备/IP
P025,报销闭环,中心管理端,S02,报销填报,事前申请关联,提交/确认/处理/退回/转交（按权限）,票据验真与防重,按流程配置；默认1个工作日,超时提醒→主管催办→高风险升级,仅退回到可编辑前置节点；关键财务/签署节点不得物理回退,操作者、身份、时间、前后值、原因、附件哈希、设备/IP
P025,报销闭环,中心管理端,S03,票据验真与防重,报销填报,提交/确认/处理/退回/转交（按权限）,业务真实性审批,按流程配置；默认1个工作日,超时提醒→主管催办→高风险升级,仅退回到可编辑前置节点；关键财务/签署节点不得物理回退,操作者、身份、时间、前后值、原因、附件哈希、设备/IP
P025,报销闭环,中心管理端,S04,业务真实性审批,票据验真与防重,提交/确认/处理/退回/转交（按权限）,预算校验,1个工作日；高风险按制度,超时提醒→主管催办→高风险升级,仅退回到可编辑前置节点；关键财务/签署节点不得物理回退,操作者、身份、时间、前后值、原因、附件哈希、设备/IP
P025,报销闭环,中心管理端,S05,预算校验,业务真实性审批,提交/确认/处理/退回/转交（按权限）,财务复核,按流程配置；默认1个工作日,超时提醒→主管催办→高风险升级,仅退回到可编辑前置节点；关键财务/签署节点不得物理回退,操作者、身份、时间、前后值、原因、附件哈希、设备/IP
P025,报销闭环,中心管理端,S06,财务复核,预算校验,提交/确认/处理/退回/转交（按权限）,付款,1个工作日；高风险按制度,超时提醒→主管催办→高风险升级,仅退回到可编辑前置节点；关键财务/签署节点不得物理回退,操作者、身份、时间、前后值、原因、附件哈希、设备/IP
P025,报销闭环,中心管理端,S07,付款,财务复核,提交/确认/处理/退回/转交（按权限）,回执,T+1个工作日或财务日历,超时提醒→主管催办→高风险升级,仅退回到可编辑前置节点；关键财务/签署节点不得物理回退,操作者、身份、时间、前后值、原因、附件哈希、设备/IP
P025,报销闭环,中心管理端,S08,回执,付款,提交/确认/处理/退回/转交（按权限）,对账归档,按流程配置；默认1个工作日,超时提醒→主管催办→高风险升级,仅退回到可编辑前置节点；关键财务/签署节点不得物理回退,操作者、身份、时间、前后值、原因、附件哈希、设备/IP
P025,报销闭环,中心管理端,S09,对账归档,回执,提交/确认/处理/退回/转交（按权限）,已关闭,T+1个工作日或财务日历,超时提醒→主管催办→高风险升级,仅退回到可编辑前置节点；关键财务/签署节点不得物理回退,操作者、身份、时间、前后值、原因、附件哈希、设备/IP
P026,借款核销,中心管理端,S01,借款申请,流程触发/发起,提交/确认/处理/退回/转交（按权限）,预算与必要性审批,按流程配置；默认1个工作日,超时提醒→主管催办→高风险升级,仅退回到可编辑前置节点；关键财务/签署节点不得物理回退,操作者、身份、时间、前后值、原因、附件哈希、设备/IP
P026,借款核销,中心管理端,S02,预算与必要性审批,借款申请,提交/确认/处理/退回/转交（按权限）,付款,1个工作日；高风险按制度,超时提醒→主管催办→高风险升级,仅退回到可编辑前置节点；关键财务/签署节点不得物理回退,操作者、身份、时间、前后值、原因、附件哈希、设备/IP
P026,借款核销,中心管理端,S03,付款,预算与必要性审批,提交/确认/处理/退回/转交（按权限）,费用发生,T+1个工作日或财务日历,超时提醒→主管催办→高风险升级,仅退回到可编辑前置节点；关键财务/签署节点不得物理回退,操作者、身份、时间、前后值、原因、附件哈希、设备/IP
P026,借款核销,中心管理端,S04,费用发生,付款,提交/确认/处理/退回/转交（按权限）,报销抵扣,按流程配置；默认1个工作日,超时提醒→主管催办→高风险升级,仅退回到可编辑前置节点；关键财务/签署节点不得物理回退,操作者、身份、时间、前后值、原因、附件哈希、设备/IP
P026,借款核销,中心管理端,S05,报销抵扣,费用发生,提交/确认/处理/退回/转交（按权限）,余额归还,按流程配置；默认1个工作日,超时提醒→主管催办→高风险升级,仅退回到可编辑前置节点；关键财务/签署节点不得物理回退,操作者、身份、时间、前后值、原因、附件哈希、设备/IP
P026,借款核销,中心管理端,S06,余额归还,报销抵扣,提交/确认/处理/退回/转交（按权限）,财务确认,按流程配置；默认1个工作日,超时提醒→主管催办→高风险升级,仅退回到可编辑前置节点；关键财务/签署节点不得物理回退,操作者、身份、时间、前后值、原因、附件哈希、设备/IP
P026,借款核销,中心管理端,S07,财务确认,余额归还,提交/确认/处理/退回/转交（按权限）,关闭,1个工作日；高风险按制度,超时提醒→主管催办→高风险升级,仅退回到可编辑前置节点；关键财务/签署节点不得物理回退,操作者、身份、时间、前后值、原因、附件哈希、设备/IP
P026,借款核销,中心管理端,S08,关闭,财务确认,提交/确认/处理/退回/转交（按权限）,已关闭,按流程配置；默认1个工作日,超时提醒→主管催办→高风险升级,仅退回到可编辑前置节点；关键财务/签署节点不得物理回退,操作者、身份、时间、前后值、原因、附件哈希、设备/IP
P027,跨系统对账,中心管理端,S01,生成对账批次,流程触发/发起,提交/确认/处理/退回/转交（按权限）,拉取双方数据,T+1个工作日或财务日历,超时提醒→主管催办→高风险升级,仅退回到可编辑前置节点；关键财务/签署节点不得物理回退,操作者、身份、时间、前后值、原因、附件哈希、设备/IP
P027,跨系统对账,中心管理端,S02,拉取双方数据,生成对账批次,提交/确认/处理/退回/转交（按权限）,自动匹配,按流程配置；默认1个工作日,超时提醒→主管催办→高风险升级,仅退回到可编辑前置节点；关键财务/签署节点不得物理回退,操作者、身份、时间、前后值、原因、附件哈希、设备/IP
P027,跨系统对账,中心管理端,S03,自动匹配,拉取双方数据,提交/确认/处理/退回/转交（按权限）,差异分类,按流程配置；默认1个工作日,超时提醒→主管催办→高风险升级,仅退回到可编辑前置节点；关键财务/签署节点不得物理回退,操作者、身份、时间、前后值、原因、附件哈希、设备/IP
P027,跨系统对账,中心管理端,S04,差异分类,自动匹配,提交/确认/处理/退回/转交（按权限）,责任人处理,按流程配置；默认1个工作日,超时提醒→主管催办→高风险升级,仅退回到可编辑前置节点；关键财务/签署节点不得物理回退,操作者、身份、时间、前后值、原因、附件哈希、设备/IP
P027,跨系统对账,中心管理端,S05,责任人处理,差异分类,提交/确认/处理/退回/转交（按权限）,复核,按流程配置；默认1个工作日,超时提醒→主管催办→高风险升级,仅退回到可编辑前置节点；关键财务/签署节点不得物理回退,操作者、身份、时间、前后值、原因、附件哈希、设备/IP
P027,跨系统对账,中心管理端,S06,复核,责任人处理,提交/确认/处理/退回/转交（按权限）,调整或冲销,1个工作日；高风险按制度,超时提醒→主管催办→高风险升级,仅退回到可编辑前置节点；关键财务/签署节点不得物理回退,操作者、身份、时间、前后值、原因、附件哈希、设备/IP
P027,跨系统对账,中心管理端,S07,调整或冲销,复核,提交/确认/处理/退回/转交（按权限）,对账关闭,按流程配置；默认1个工作日,超时提醒→主管催办→高风险升级,仅退回到可编辑前置节点；关键财务/签署节点不得物理回退,操作者、身份、时间、前后值、原因、附件哈希、设备/IP
P027,跨系统对账,中心管理端,S08,对账关闭,调整或冲销,提交/确认/处理/退回/转交（按权限）,已关闭,T+1个工作日或财务日历,超时提醒→主管催办→高风险升级,仅退回到可编辑前置节点；关键财务/签署节点不得物理回退,操作者、身份、时间、前后值、原因、附件哈希、设备/IP
P028,录用入职闭环,中心管理端,S01,用人需求,流程触发/发起,提交/确认/处理/退回/转交（按权限）,编制预算审批,按流程配置；默认1个工作日,超时提醒→主管催办→高风险升级,仅退回到可编辑前置节点；关键财务/签署节点不得物理回退,操作者、身份、时间、前后值、原因、附件哈希、设备/IP
P028,录用入职闭环,中心管理端,S02,编制预算审批,用人需求,提交/确认/处理/退回/转交（按权限）,招聘,1个工作日；高风险按制度,超时提醒→主管催办→高风险升级,仅退回到可编辑前置节点；关键财务/签署节点不得物理回退,操作者、身份、时间、前后值、原因、附件哈希、设备/IP
P028,录用入职闭环,中心管理端,S03,招聘,编制预算审批,提交/确认/处理/退回/转交（按权限）,面试1000分评价,按流程配置；默认1个工作日,超时提醒→主管催办→高风险升级,仅退回到可编辑前置节点；关键财务/签署节点不得物理回退,操作者、身份、时间、前后值、原因、附件哈希、设备/IP
P028,录用入职闭环,中心管理端,S04,面试1000分评价,招聘,提交/确认/处理/退回/转交（按权限）,录用审批,按流程配置；默认1个工作日,超时提醒→主管催办→高风险升级,仅退回到可编辑前置节点；关键财务/签署节点不得物理回退,操作者、身份、时间、前后值、原因、附件哈希、设备/IP
P028,录用入职闭环,中心管理端,S05,录用审批,面试1000分评价,提交/确认/处理/退回/转交（按权限）,候选人接受,1个工作日；高风险按制度,超时提醒→主管催办→高风险升级,仅退回到可编辑前置节点；关键财务/签署节点不得物理回退,操作者、身份、时间、前后值、原因、附件哈希、设备/IP
P028,录用入职闭环,中心管理端,S06,候选人接受,录用审批,提交/确认/处理/退回/转交（按权限）,编制锁定,按流程配置；默认1个工作日,超时提醒→主管催办→高风险升级,仅退回到可编辑前置节点；关键财务/签署节点不得物理回退,操作者、身份、时间、前后值、原因、附件哈希、设备/IP
P028,录用入职闭环,中心管理端,S07,编制锁定,候选人接受,提交/确认/处理/退回/转交（按权限）,员工预档,按流程配置；默认1个工作日,超时提醒→主管催办→高风险升级,仅退回到可编辑前置节点；关键财务/签署节点不得物理回退,操作者、身份、时间、前后值、原因、附件哈希、设备/IP
P028,录用入职闭环,中心管理端,S08,员工预档,编制锁定,提交/确认/处理/退回/转交（按权限）,到岗确认,按流程配置；默认1个工作日,超时提醒→主管催办→高风险升级,仅退回到可编辑前置节点；关键财务/签署节点不得物理回退,操作者、身份、时间、前后值、原因、附件哈希、设备/IP
P028,录用入职闭环,中心管理端,S09,到岗确认,员工预档,提交/确认/处理/退回/转交（按权限）,合同与权限任务,1个工作日；高风险按制度,超时提醒→主管催办→高风险升级,仅退回到可编辑前置节点；关键财务/签署节点不得物理回退,操作者、身份、时间、前后值、原因、附件哈希、设备/IP
P028,录用入职闭环,中心管理端,S10,合同与权限任务,到岗确认,提交/确认/处理/退回/转交（按权限）,入职完成,按流程配置；默认1个工作日,超时提醒→主管催办→高风险升级,仅退回到可编辑前置节点；关键财务/签署节点不得物理回退,操作者、身份、时间、前后值、原因、附件哈希、设备/IP
P028,录用入职闭环,中心管理端,S11,入职完成,合同与权限任务,提交/确认/处理/退回/转交（按权限）,已关闭,按流程配置；默认1个工作日,超时提醒→主管催办→高风险升级,仅退回到可编辑前置节点；关键财务/签署节点不得物理回退,操作者、身份、时间、前后值、原因、附件哈希、设备/IP
P029,调岗闭环,中心管理端,S01,申请,流程触发/发起,提交/确认/处理/退回/转交（按权限）,编制与资格校验,按流程配置；默认1个工作日,超时提醒→主管催办→高风险升级,仅退回到可编辑前置节点；关键财务/签署节点不得物理回退,操作者、身份、时间、前后值、原因、附件哈希、设备/IP
P029,调岗闭环,中心管理端,S02,编制与资格校验,申请,提交/确认/处理/退回/转交（按权限）,薪酬合同影响分析,按流程配置；默认1个工作日,超时提醒→主管催办→高风险升级,仅退回到可编辑前置节点；关键财务/签署节点不得物理回退,操作者、身份、时间、前后值、原因、附件哈希、设备/IP
P029,调岗闭环,中心管理端,S03,薪酬合同影响分析,编制与资格校验,提交/确认/处理/退回/转交（按权限）,审批,按流程配置；默认1个工作日,超时提醒→主管催办→高风险升级,仅退回到可编辑前置节点；关键财务/签署节点不得物理回退,操作者、身份、时间、前后值、原因、附件哈希、设备/IP
P029,调岗闭环,中心管理端,S04,审批,薪酬合同影响分析,提交/确认/处理/退回/转交（按权限）,交接,1个工作日；高风险按制度,超时提醒→主管催办→高风险升级,仅退回到可编辑前置节点；关键财务/签署节点不得物理回退,操作者、身份、时间、前后值、原因、附件哈希、设备/IP
P029,调岗闭环,中心管理端,S05,交接,审批,提交/确认/处理/退回/转交（按权限）,生效,按流程配置；默认1个工作日,超时提醒→主管催办→高风险升级,仅退回到可编辑前置节点；关键财务/签署节点不得物理回退,操作者、身份、时间、前后值、原因、附件哈希、设备/IP
P029,调岗闭环,中心管理端,S06,生效,交接,提交/确认/处理/退回/转交（按权限）,权限考勤学习绩效切换,按流程配置；默认1个工作日,超时提醒→主管催办→高风险升级,仅退回到可编辑前置节点；关键财务/签署节点不得物理回退,操作者、身份、时间、前后值、原因、附件哈希、设备/IP
P029,调岗闭环,中心管理端,S07,权限考勤学习绩效切换,生效,提交/确认/处理/退回/转交（按权限）,补偿,按流程配置；默认1个工作日,超时提醒→主管催办→高风险升级,仅退回到可编辑前置节点；关键财务/签署节点不得物理回退,操作者、身份、时间、前后值、原因、附件哈希、设备/IP
P029,调岗闭环,中心管理端,S08,补偿,权限考勤学习绩效切换,提交/确认/处理/退回/转交（按权限）,归档,按流程配置；默认1个工作日,超时提醒→主管催办→高风险升级,仅退回到可编辑前置节点；关键财务/签署节点不得物理回退,操作者、身份、时间、前后值、原因、附件哈希、设备/IP
P029,调岗闭环,中心管理端,S09,归档,补偿,提交/确认/处理/退回/转交（按权限）,已关闭,事项关闭后2个工作日,超时提醒→主管催办→高风险升级,仅退回到可编辑前置节点；关键财务/签署节点不得物理回退,操作者、身份、时间、前后值、原因、附件哈希、设备/IP
P030,离职闭环,中心管理端,S01,申请或公司发起,流程触发/发起,提交/确认/处理/退回/转交（按权限）,审批,按流程配置；默认1个工作日,超时提醒→主管催办→高风险升级,仅退回到可编辑前置节点；关键财务/签署节点不得物理回退,操作者、身份、时间、前后值、原因、附件哈希、设备/IP
P030,离职闭环,中心管理端,S02,审批,申请或公司发起,提交/确认/处理/退回/转交（按权限）,交接计划,1个工作日；高风险按制度,超时提醒→主管催办→高风险升级,仅退回到可编辑前置节点；关键财务/签署节点不得物理回退,操作者、身份、时间、前后值、原因、附件哈希、设备/IP
P030,离职闭环,中心管理端,S03,交接计划,审批,提交/确认/处理/退回/转交（按权限）,业务与资产移交,按流程配置；默认1个工作日,超时提醒→主管催办→高风险升级,仅退回到可编辑前置节点；关键财务/签署节点不得物理回退,操作者、身份、时间、前后值、原因、附件哈希、设备/IP
P030,离职闭环,中心管理端,S04,业务与资产移交,交接计划,提交/确认/处理/退回/转交（按权限）,权限回收,按流程配置；默认1个工作日,超时提醒→主管催办→高风险升级,仅退回到可编辑前置节点；关键财务/签署节点不得物理回退,操作者、身份、时间、前后值、原因、附件哈希、设备/IP
P030,离职闭环,中心管理端,S05,权限回收,业务与资产移交,提交/确认/处理/退回/转交（按权限）,有效离职时点确认,按流程配置；默认1个工作日,超时提醒→主管催办→高风险升级,仅退回到可编辑前置节点；关键财务/签署节点不得物理回退,操作者、身份、时间、前后值、原因、附件哈希、设备/IP
P030,离职闭环,中心管理端,S06,有效离职时点确认,权限回收,提交/确认/处理/退回/转交（按权限）,财务结算或转独立义务,1个工作日；高风险按制度,超时提醒→主管催办→高风险升级,仅退回到可编辑前置节点；关键财务/签署节点不得物理回退,操作者、身份、时间、前后值、原因、附件哈希、设备/IP
P030,离职闭环,中心管理端,S07,财务结算或转独立义务,有效离职时点确认,提交/确认/处理/退回/转交（按权限）,证明,T+1个工作日或财务日历,超时提醒→主管催办→高风险升级,仅退回到可编辑前置节点；关键财务/签署节点不得物理回退,操作者、身份、时间、前后值、原因、附件哈希、设备/IP
P030,离职闭环,中心管理端,S08,证明,财务结算或转独立义务,提交/确认/处理/退回/转交（按权限）,归档,按流程配置；默认1个工作日,超时提醒→主管催办→高风险升级,仅退回到可编辑前置节点；关键财务/签署节点不得物理回退,操作者、身份、时间、前后值、原因、附件哈希、设备/IP
P030,离职闭环,中心管理端,S09,归档,证明,提交/确认/处理/退回/转交（按权限）,已关闭,事项关闭后2个工作日,超时提醒→主管催办→高风险升级,仅退回到可编辑前置节点；关键财务/签署节点不得物理回退,操作者、身份、时间、前后值、原因、附件哈希、设备/IP
P031,归档接收,中心管理端,S01,业务模块生成归档包,流程触发/发起,提交/确认/处理/退回/转交（按权限）,提交移交,事项关闭后2个工作日,超时提醒→主管催办→高风险升级,仅退回到可编辑前置节点；关键财务/签署节点不得物理回退,操作者、身份、时间、前后值、原因、附件哈希、设备/IP
P031,归档接收,中心管理端,S02,提交移交,业务模块生成归档包,提交/确认/处理/退回/转交（按权限）,格式与完整性校验,按流程配置；默认1个工作日,超时提醒→主管催办→高风险升级,仅退回到可编辑前置节点；关键财务/签署节点不得物理回退,操作者、身份、时间、前后值、原因、附件哈希、设备/IP
P031,归档接收,中心管理端,S03,格式与完整性校验,提交移交,提交/确认/处理/退回/转交（按权限）,缺件退回,按流程配置；默认1个工作日,超时提醒→主管催办→高风险升级,仅退回到可编辑前置节点；关键财务/签署节点不得物理回退,操作者、身份、时间、前后值、原因、附件哈希、设备/IP
P031,归档接收,中心管理端,S04,缺件退回,格式与完整性校验,提交/确认/处理/退回/转交（按权限）,档案编号,按流程配置；默认1个工作日,超时提醒→主管催办→高风险升级,仅退回到可编辑前置节点；关键财务/签署节点不得物理回退,操作者、身份、时间、前后值、原因、附件哈希、设备/IP
P031,归档接收,中心管理端,S05,档案编号,缺件退回,提交/确认/处理/退回/转交（按权限）,实体或电子入库,按流程配置；默认1个工作日,超时提醒→主管催办→高风险升级,仅退回到可编辑前置节点；关键财务/签署节点不得物理回退,操作者、身份、时间、前后值、原因、附件哈希、设备/IP
P031,归档接收,中心管理端,S06,实体或电子入库,档案编号,提交/确认/处理/退回/转交（按权限）,接收回执,按流程配置；默认1个工作日,超时提醒→主管催办→高风险升级,仅退回到可编辑前置节点；关键财务/签署节点不得物理回退,操作者、身份、时间、前后值、原因、附件哈希、设备/IP
P031,归档接收,中心管理端,S07,接收回执,实体或电子入库,提交/确认/处理/退回/转交（按权限）,冻结,按流程配置；默认1个工作日,超时提醒→主管催办→高风险升级,仅退回到可编辑前置节点；关键财务/签署节点不得物理回退,操作者、身份、时间、前后值、原因、附件哈希、设备/IP
P031,归档接收,中心管理端,S08,冻结,接收回执,提交/确认/处理/退回/转交（按权限）,已关闭,按流程配置；默认1个工作日,超时提醒→主管催办→高风险升级,仅退回到可编辑前置节点；关键财务/签署节点不得物理回退,操作者、身份、时间、前后值、原因、附件哈希、设备/IP
P032,借阅归还,中心管理端,S01,申请,流程触发/发起,提交/确认/处理/退回/转交（按权限）,范围与用途审批,按流程配置；默认1个工作日,超时提醒→主管催办→高风险升级,仅退回到可编辑前置节点；关键财务/签署节点不得物理回退,操作者、身份、时间、前后值、原因、附件哈希、设备/IP
P032,借阅归还,中心管理端,S02,范围与用途审批,申请,提交/确认/处理/退回/转交（按权限）,档案出库或授权,1个工作日；高风险按制度,超时提醒→主管催办→高风险升级,仅退回到可编辑前置节点；关键财务/签署节点不得物理回退,操作者、身份、时间、前后值、原因、附件哈希、设备/IP
P032,借阅归还,中心管理端,S03,档案出库或授权,范围与用途审批,提交/确认/处理/退回/转交（按权限）,使用留痕,按流程配置；默认1个工作日,超时提醒→主管催办→高风险升级,仅退回到可编辑前置节点；关键财务/签署节点不得物理回退,操作者、身份、时间、前后值、原因、附件哈希、设备/IP
P032,借阅归还,中心管理端,S04,使用留痕,档案出库或授权,提交/确认/处理/退回/转交（按权限）,到期提醒,按流程配置；默认1个工作日,超时提醒→主管催办→高风险升级,仅退回到可编辑前置节点；关键财务/签署节点不得物理回退,操作者、身份、时间、前后值、原因、附件哈希、设备/IP
P032,借阅归还,中心管理端,S05,到期提醒,使用留痕,提交/确认/处理/退回/转交（按权限）,归还验收,按流程配置；默认1个工作日,超时提醒→主管催办→高风险升级,仅退回到可编辑前置节点；关键财务/签署节点不得物理回退,操作者、身份、时间、前后值、原因、附件哈希、设备/IP
P032,借阅归还,中心管理端,S06,归还验收,到期提醒,提交/确认/处理/退回/转交（按权限）,状态恢复,1个工作日；高风险按制度,超时提醒→主管催办→高风险升级,仅退回到可编辑前置节点；关键财务/签署节点不得物理回退,操作者、身份、时间、前后值、原因、附件哈希、设备/IP
P032,借阅归还,中心管理端,S07,状态恢复,归还验收,提交/确认/处理/退回/转交（按权限）,归档,按流程配置；默认1个工作日,超时提醒→主管催办→高风险升级,仅退回到可编辑前置节点；关键财务/签署节点不得物理回退,操作者、身份、时间、前后值、原因、附件哈希、设备/IP
P032,借阅归还,中心管理端,S08,归档,状态恢复,提交/确认/处理/退回/转交（按权限）,已关闭,事项关闭后2个工作日,超时提醒→主管催办→高风险升级,仅退回到可编辑前置节点；关键财务/签署节点不得物理回退,操作者、身份、时间、前后值、原因、附件哈希、设备/IP
P033,销毁鉴定,中心管理端,S01,到期扫描,流程触发/发起,提交/确认/处理/退回/转交（按权限）,鉴定清单,按流程配置；默认1个工作日,超时提醒→主管催办→高风险升级,仅退回到可编辑前置节点；关键财务/签署节点不得物理回退,操作者、身份、时间、前后值、原因、附件哈希、设备/IP
P033,销毁鉴定,中心管理端,S02,鉴定清单,到期扫描,提交/确认/处理/退回/转交（按权限）,业务与法务会签,按流程配置；默认1个工作日,超时提醒→主管催办→高风险升级,仅退回到可编辑前置节点；关键财务/签署节点不得物理回退,操作者、身份、时间、前后值、原因、附件哈希、设备/IP
P033,销毁鉴定,中心管理端,S03,业务与法务会签,鉴定清单,提交/确认/处理/退回/转交（按权限）,有权审批,按流程配置；默认1个工作日,超时提醒→主管催办→高风险升级,仅退回到可编辑前置节点；关键财务/签署节点不得物理回退,操作者、身份、时间、前后值、原因、附件哈希、设备/IP
P033,销毁鉴定,中心管理端,S04,有权审批,业务与法务会签,提交/确认/处理/退回/转交（按权限）,销毁执行,1个工作日；高风险按制度,超时提醒→主管催办→高风险升级,仅退回到可编辑前置节点；关键财务/签署节点不得物理回退,操作者、身份、时间、前后值、原因、附件哈希、设备/IP
P033,销毁鉴定,中心管理端,S05,销毁执行,有权审批,提交/确认/处理/退回/转交（按权限）,双人见证,按计划时点/班次完成,超时提醒→主管催办→高风险升级,仅退回到可编辑前置节点；关键财务/签署节点不得物理回退,操作者、身份、时间、前后值、原因、附件哈希、设备/IP
P033,销毁鉴定,中心管理端,S06,双人见证,销毁执行,提交/确认/处理/退回/转交（按权限）,证明归档,按流程配置；默认1个工作日,超时提醒→主管催办→高风险升级,仅退回到可编辑前置节点；关键财务/签署节点不得物理回退,操作者、身份、时间、前后值、原因、附件哈希、设备/IP
P033,销毁鉴定,中心管理端,S07,证明归档,双人见证,提交/确认/处理/退回/转交（按权限）,已关闭,事项关闭后2个工作日,超时提醒→主管催办→高风险升级,仅退回到可编辑前置节点；关键财务/签署节点不得物理回退,操作者、身份、时间、前后值、原因、附件哈希、设备/IP
P034,标准采购,中心管理端,S01,需求申请,流程触发/发起,提交/确认/处理/退回/转交（按权限）,库存核查,按流程配置；默认1个工作日,超时提醒→主管催办→高风险升级,仅退回到可编辑前置节点；关键财务/签署节点不得物理回退,操作者、身份、时间、前后值、原因、附件哈希、设备/IP
P034,标准采购,中心管理端,S02,库存核查,需求申请,提交/确认/处理/退回/转交（按权限）,预算校验,按流程配置；默认1个工作日,超时提醒→主管催办→高风险升级,仅退回到可编辑前置节点；关键财务/签署节点不得物理回退,操作者、身份、时间、前后值、原因、附件哈希、设备/IP
P034,标准采购,中心管理端,S03,预算校验,库存核查,提交/确认/处理/退回/转交（按权限）,采购审批,按流程配置；默认1个工作日,超时提醒→主管催办→高风险升级,仅退回到可编辑前置节点；关键财务/签署节点不得物理回退,操作者、身份、时间、前后值、原因、附件哈希、设备/IP
P034,标准采购,中心管理端,S04,采购审批,预算校验,提交/确认/处理/退回/转交（按权限）,询比价,1个工作日；高风险按制度,超时提醒→主管催办→高风险升级,仅退回到可编辑前置节点；关键财务/签署节点不得物理回退,操作者、身份、时间、前后值、原因、附件哈希、设备/IP
P034,标准采购,中心管理端,S05,询比价,采购审批,提交/确认/处理/退回/转交（按权限）,定标,按流程配置；默认1个工作日,超时提醒→主管催办→高风险升级,仅退回到可编辑前置节点；关键财务/签署节点不得物理回退,操作者、身份、时间、前后值、原因、附件哈希、设备/IP
P034,标准采购,中心管理端,S06,定标,询比价,提交/确认/处理/退回/转交（按权限）,订单,按流程配置；默认1个工作日,超时提醒→主管催办→高风险升级,仅退回到可编辑前置节点；关键财务/签署节点不得物理回退,操作者、身份、时间、前后值、原因、附件哈希、设备/IP
P034,标准采购,中心管理端,S07,订单,定标,提交/确认/处理/退回/转交（按权限）,到货,按流程配置；默认1个工作日,超时提醒→主管催办→高风险升级,仅退回到可编辑前置节点；关键财务/签署节点不得物理回退,操作者、身份、时间、前后值、原因、附件哈希、设备/IP
P034,标准采购,中心管理端,S08,到货,订单,提交/确认/处理/退回/转交（按权限）,专业验收,按流程配置；默认1个工作日,超时提醒→主管催办→高风险升级,仅退回到可编辑前置节点；关键财务/签署节点不得物理回退,操作者、身份、时间、前后值、原因、附件哈希、设备/IP
P034,标准采购,中心管理端,S09,专业验收,到货,提交/确认/处理/退回/转交（按权限）,入库,1个工作日；高风险按制度,超时提醒→主管催办→高风险升级,仅退回到可编辑前置节点；关键财务/签署节点不得物理回退,操作者、身份、时间、前后值、原因、附件哈希、设备/IP
P034,标准采购,中心管理端,S10,入库,专业验收,提交/确认/处理/退回/转交（按权限）,对账,按流程配置；默认1个工作日,超时提醒→主管催办→高风险升级,仅退回到可编辑前置节点；关键财务/签署节点不得物理回退,操作者、身份、时间、前后值、原因、附件哈希、设备/IP
P034,标准采购,中心管理端,S11,对账,入库,提交/确认/处理/退回/转交（按权限）,归档,T+1个工作日或财务日历,超时提醒→主管催办→高风险升级,仅退回到可编辑前置节点；关键财务/签署节点不得物理回退,操作者、身份、时间、前后值、原因、附件哈希、设备/IP
P034,标准采购,中心管理端,S12,归档,对账,提交/确认/处理/退回/转交（按权限）,已关闭,事项关闭后2个工作日,超时提醒→主管催办→高风险升级,仅退回到可编辑前置节点；关键财务/签署节点不得物理回退,操作者、身份、时间、前后值、原因、附件哈希、设备/IP
P035,紧急采购,中心管理端,S01,紧急原因登记,流程触发/发起,提交/确认/处理/退回/转交（按权限）,授权审批,按流程配置；默认1个工作日,超时提醒→主管催办→高风险升级,仅退回到可编辑前置节点；关键财务/签署节点不得物理回退,操作者、身份、时间、前后值、原因、附件哈希、设备/IP
P035,紧急采购,中心管理端,S02,授权审批,紧急原因登记,提交/确认/处理/退回/转交（按权限）,限额采购,1个工作日；高风险按制度,超时提醒→主管催办→高风险升级,仅退回到可编辑前置节点；关键财务/签署节点不得物理回退,操作者、身份、时间、前后值、原因、附件哈希、设备/IP
P035,紧急采购,中心管理端,S03,限额采购,授权审批,提交/确认/处理/退回/转交（按权限）,到货验收,按流程配置；默认1个工作日,超时提醒→主管催办→高风险升级,仅退回到可编辑前置节点；关键财务/签署节点不得物理回退,操作者、身份、时间、前后值、原因、附件哈希、设备/IP
P035,紧急采购,中心管理端,S04,到货验收,限额采购,提交/确认/处理/退回/转交（按权限）,事后补充材料,1个工作日；高风险按制度,超时提醒→主管催办→高风险升级,仅退回到可编辑前置节点；关键财务/签署节点不得物理回退,操作者、身份、时间、前后值、原因、附件哈希、设备/IP
P035,紧急采购,中心管理端,S05,事后补充材料,到货验收,提交/确认/处理/退回/转交（按权限）,财务复核,按流程配置；默认1个工作日,超时提醒→主管催办→高风险升级,仅退回到可编辑前置节点；关键财务/签署节点不得物理回退,操作者、身份、时间、前后值、原因、附件哈希、设备/IP
P035,紧急采购,中心管理端,S06,财务复核,事后补充材料,提交/确认/处理/退回/转交（按权限）,专项审计,1个工作日；高风险按制度,超时提醒→主管催办→高风险升级,仅退回到可编辑前置节点；关键财务/签署节点不得物理回退,操作者、身份、时间、前后值、原因、附件哈希、设备/IP
P035,紧急采购,中心管理端,S07,专项审计,财务复核,提交/确认/处理/退回/转交（按权限）,已关闭,按流程配置；默认1个工作日,超时提醒→主管催办→高风险升级,仅退回到可编辑前置节点；关键财务/签署节点不得物理回退,操作者、身份、时间、前后值、原因、附件哈希、设备/IP
P036,退换货,中心管理端,S01,验收不合格,流程触发/发起,提交/确认/处理/退回/转交（按权限）,隔离,1个工作日；高风险按制度,超时提醒→主管催办→高风险升级,仅退回到可编辑前置节点；关键财务/签署节点不得物理回退,操作者、身份、时间、前后值、原因、附件哈希、设备/IP
P036,退换货,中心管理端,S02,隔离,验收不合格,提交/确认/处理/退回/转交（按权限）,责任确认,按流程配置；默认1个工作日,超时提醒→主管催办→高风险升级,仅退回到可编辑前置节点；关键财务/签署节点不得物理回退,操作者、身份、时间、前后值、原因、附件哈希、设备/IP
P036,退换货,中心管理端,S03,责任确认,隔离,提交/确认/处理/退回/转交（按权限）,退换货审批,1个工作日；高风险按制度,超时提醒→主管催办→高风险升级,仅退回到可编辑前置节点；关键财务/签署节点不得物理回退,操作者、身份、时间、前后值、原因、附件哈希、设备/IP
P036,退换货,中心管理端,S04,退换货审批,责任确认,提交/确认/处理/退回/转交（按权限）,供应商处理,1个工作日；高风险按制度,超时提醒→主管催办→高风险升级,仅退回到可编辑前置节点；关键财务/签署节点不得物理回退,操作者、身份、时间、前后值、原因、附件哈希、设备/IP
P036,退换货,中心管理端,S05,供应商处理,退换货审批,提交/确认/处理/退回/转交（按权限）,重新验收或退款,按流程配置；默认1个工作日,超时提醒→主管催办→高风险升级,仅退回到可编辑前置节点；关键财务/签署节点不得物理回退,操作者、身份、时间、前后值、原因、附件哈希、设备/IP
P036,退换货,中心管理端,S06,重新验收或退款,供应商处理,提交/确认/处理/退回/转交（按权限）,库存财务回写,1个工作日；高风险按制度,超时提醒→主管催办→高风险升级,仅退回到可编辑前置节点；关键财务/签署节点不得物理回退,操作者、身份、时间、前后值、原因、附件哈希、设备/IP
P036,退换货,中心管理端,S07,库存财务回写,重新验收或退款,提交/确认/处理/退回/转交（按权限）,已关闭,按流程配置；默认1个工作日,超时提醒→主管催办→高风险升级,仅退回到可编辑前置节点；关键财务/签署节点不得物理回退,操作者、身份、时间、前后值、原因、附件哈希、设备/IP
P037,售检票闭环,中心管理端,S01,创建订单,流程触发/发起,提交/确认/处理/退回/转交（按权限）,价格规则校验,按流程配置；默认1个工作日,超时提醒→主管催办→高风险升级,仅退回到可编辑前置节点；关键财务/签署节点不得物理回退,操作者、身份、时间、前后值、原因、附件哈希、设备/IP
P037,售检票闭环,中心管理端,S02,价格规则校验,创建订单,提交/确认/处理/退回/转交（按权限）,支付,按流程配置；默认1个工作日,超时提醒→主管催办→高风险升级,仅退回到可编辑前置节点；关键财务/签署节点不得物理回退,操作者、身份、时间、前后值、原因、附件哈希、设备/IP
P037,售检票闭环,中心管理端,S03,支付,价格规则校验,提交/确认/处理/退回/转交（按权限）,出票,T+1个工作日或财务日历,超时提醒→主管催办→高风险升级,仅退回到可编辑前置节点；关键财务/签署节点不得物理回退,操作者、身份、时间、前后值、原因、附件哈希、设备/IP
P037,售检票闭环,中心管理端,S04,出票,支付,提交/确认/处理/退回/转交（按权限）,入园核验,按流程配置；默认1个工作日,超时提醒→主管催办→高风险升级,仅退回到可编辑前置节点；关键财务/签署节点不得物理回退,操作者、身份、时间、前后值、原因、附件哈希、设备/IP
P037,售检票闭环,中心管理端,S05,入园核验,出票,提交/确认/处理/退回/转交（按权限）,核销,按流程配置；默认1个工作日,超时提醒→主管催办→高风险升级,仅退回到可编辑前置节点；关键财务/签署节点不得物理回退,操作者、身份、时间、前后值、原因、附件哈希、设备/IP
P037,售检票闭环,中心管理端,S06,核销,入园核验,提交/确认/处理/退回/转交（按权限）,异常处理,按流程配置；默认1个工作日,超时提醒→主管催办→高风险升级,仅退回到可编辑前置节点；关键财务/签署节点不得物理回退,操作者、身份、时间、前后值、原因、附件哈希、设备/IP
P037,售检票闭环,中心管理端,S07,异常处理,核销,提交/确认/处理/退回/转交（按权限）,日结对账,立即响应；L3/L4 30分钟内升级,超时提醒→主管催办→高风险升级,仅退回到可编辑前置节点；关键财务/签署节点不得物理回退,操作者、身份、时间、前后值、原因、附件哈希、设备/IP
P037,售检票闭环,中心管理端,S08,日结对账,异常处理,提交/确认/处理/退回/转交（按权限）,已关闭,T+1个工作日或财务日历,超时提醒→主管催办→高风险升级,仅退回到可编辑前置节点；关键财务/签署节点不得物理回退,操作者、身份、时间、前后值、原因、附件哈希、设备/IP
P038,退款改签,中心管理端,S01,申请,流程触发/发起,提交/确认/处理/退回/转交（按权限）,规则校验,按流程配置；默认1个工作日,超时提醒→主管催办→高风险升级,仅退回到可编辑前置节点；关键财务/签署节点不得物理回退,操作者、身份、时间、前后值、原因、附件哈希、设备/IP
P038,退款改签,中心管理端,S02,规则校验,申请,提交/确认/处理/退回/转交（按权限）,审批或自动判断,按流程配置；默认1个工作日,超时提醒→主管催办→高风险升级,仅退回到可编辑前置节点；关键财务/签署节点不得物理回退,操作者、身份、时间、前后值、原因、附件哈希、设备/IP
P038,退款改签,中心管理端,S03,审批或自动判断,规则校验,提交/确认/处理/退回/转交（按权限）,票码冻结,1个工作日；高风险按制度,超时提醒→主管催办→高风险升级,仅退回到可编辑前置节点；关键财务/签署节点不得物理回退,操作者、身份、时间、前后值、原因、附件哈希、设备/IP
P038,退款改签,中心管理端,S04,票码冻结,审批或自动判断,提交/确认/处理/退回/转交（按权限）,退款/改签执行,按流程配置；默认1个工作日,超时提醒→主管催办→高风险升级,仅退回到可编辑前置节点；关键财务/签署节点不得物理回退,操作者、身份、时间、前后值、原因、附件哈希、设备/IP
P038,退款改签,中心管理端,S05,退款/改签执行,票码冻结,提交/确认/处理/退回/转交（按权限）,支付回执,T+1个工作日或财务日历,超时提醒→主管催办→高风险升级,仅退回到可编辑前置节点；关键财务/签署节点不得物理回退,操作者、身份、时间、前后值、原因、附件哈希、设备/IP
P038,退款改签,中心管理端,S06,支付回执,退款/改签执行,提交/确认/处理/退回/转交（按权限）,票务与财务冲销,T+1个工作日或财务日历,超时提醒→主管催办→高风险升级,仅退回到可编辑前置节点；关键财务/签署节点不得物理回退,操作者、身份、时间、前后值、原因、附件哈希、设备/IP
P038,退款改签,中心管理端,S07,票务与财务冲销,支付回执,提交/确认/处理/退回/转交（按权限）,已关闭,按流程配置；默认1个工作日,超时提醒→主管催办→高风险升级,仅退回到可编辑前置节点；关键财务/签署节点不得物理回退,操作者、身份、时间、前后值、原因、附件哈希、设备/IP
P039,离线检票,中心管理端,S01,设备离线,流程触发/发起,提交/确认/处理/退回/转交（按权限）,本地白名单核验,按流程配置；默认1个工作日,超时提醒→主管催办→高风险升级,仅退回到可编辑前置节点；关键财务/签署节点不得物理回退,操作者、身份、时间、前后值、原因、附件哈希、设备/IP
P039,离线检票,中心管理端,S02,本地白名单核验,设备离线,提交/确认/处理/退回/转交（按权限）,离线记录,按流程配置；默认1个工作日,超时提醒→主管催办→高风险升级,仅退回到可编辑前置节点；关键财务/签署节点不得物理回退,操作者、身份、时间、前后值、原因、附件哈希、设备/IP
P039,离线检票,中心管理端,S03,离线记录,本地白名单核验,提交/确认/处理/退回/转交（按权限）,网络恢复,按流程配置；默认1个工作日,超时提醒→主管催办→高风险升级,仅退回到可编辑前置节点；关键财务/签署节点不得物理回退,操作者、身份、时间、前后值、原因、附件哈希、设备/IP
P039,离线检票,中心管理端,S04,网络恢复,离线记录,提交/确认/处理/退回/转交（按权限）,批量回传,按流程配置；默认1个工作日,超时提醒→主管催办→高风险升级,仅退回到可编辑前置节点；关键财务/签署节点不得物理回退,操作者、身份、时间、前后值、原因、附件哈希、设备/IP
P039,离线检票,中心管理端,S05,批量回传,网络恢复,提交/确认/处理/退回/转交（按权限）,防重合并,按流程配置；默认1个工作日,超时提醒→主管催办→高风险升级,仅退回到可编辑前置节点；关键财务/签署节点不得物理回退,操作者、身份、时间、前后值、原因、附件哈希、设备/IP
P039,离线检票,中心管理端,S06,防重合并,批量回传,提交/确认/处理/退回/转交（按权限）,差异处理,按流程配置；默认1个工作日,超时提醒→主管催办→高风险升级,仅退回到可编辑前置节点；关键财务/签署节点不得物理回退,操作者、身份、时间、前后值、原因、附件哈希、设备/IP
P039,离线检票,中心管理端,S07,差异处理,防重合并,提交/确认/处理/退回/转交（按权限）,已关闭,按流程配置；默认1个工作日,超时提醒→主管催办→高风险升级,仅退回到可编辑前置节点；关键财务/签署节点不得物理回退,操作者、身份、时间、前后值、原因、附件哈希、设备/IP
P040,商机推进,中心管理端,S01,线索录入,流程触发/发起,提交/确认/处理/退回/转交（按权限）,查重与归属,按流程配置；默认1个工作日,超时提醒→主管催办→高风险升级,仅退回到可编辑前置节点；关键财务/签署节点不得物理回退,操作者、身份、时间、前后值、原因、附件哈希、设备/IP
P040,商机推进,中心管理端,S02,查重与归属,线索录入,提交/确认/处理/退回/转交（按权限）,初步评估,按流程配置；默认1个工作日,超时提醒→主管催办→高风险升级,仅退回到可编辑前置节点；关键财务/签署节点不得物理回退,操作者、身份、时间、前后值、原因、附件哈希、设备/IP
P040,商机推进,中心管理端,S03,初步评估,查重与归属,提交/确认/处理/退回/转交（按权限）,客户沟通,按流程配置；默认1个工作日,超时提醒→主管催办→高风险升级,仅退回到可编辑前置节点；关键财务/签署节点不得物理回退,操作者、身份、时间、前后值、原因、附件哈希、设备/IP
P040,商机推进,中心管理端,S04,客户沟通,初步评估,提交/确认/处理/退回/转交（按权限）,方案与报价,按流程配置；默认1个工作日,超时提醒→主管催办→高风险升级,仅退回到可编辑前置节点；关键财务/签署节点不得物理回退,操作者、身份、时间、前后值、原因、附件哈希、设备/IP
P040,商机推进,中心管理端,S05,方案与报价,客户沟通,提交/确认/处理/退回/转交（按权限）,商务审批,按流程配置；默认1个工作日,超时提醒→主管催办→高风险升级,仅退回到可编辑前置节点；关键财务/签署节点不得物理回退,操作者、身份、时间、前后值、原因、附件哈希、设备/IP
P040,商机推进,中心管理端,S06,商务审批,方案与报价,提交/确认/处理/退回/转交（按权限）,合同协同,1个工作日；高风险按制度,超时提醒→主管催办→高风险升级,仅退回到可编辑前置节点；关键财务/签署节点不得物理回退,操作者、身份、时间、前后值、原因、附件哈希、设备/IP
P040,商机推进,中心管理端,S07,合同协同,商务审批,提交/确认/处理/退回/转交（按权限）,交付移交,按流程配置；默认1个工作日,超时提醒→主管催办→高风险升级,仅退回到可编辑前置节点；关键财务/签署节点不得物理回退,操作者、身份、时间、前后值、原因、附件哈希、设备/IP
P040,商机推进,中心管理端,S08,交付移交,合同协同,提交/确认/处理/退回/转交（按权限）,回款跟踪,按流程配置；默认1个工作日,超时提醒→主管催办→高风险升级,仅退回到可编辑前置节点；关键财务/签署节点不得物理回退,操作者、身份、时间、前后值、原因、附件哈希、设备/IP
P040,商机推进,中心管理端,S09,回款跟踪,交付移交,提交/确认/处理/退回/转交（按权限）,复盘,按流程配置；默认1个工作日,超时提醒→主管催办→高风险升级,仅退回到可编辑前置节点；关键财务/签署节点不得物理回退,操作者、身份、时间、前后值、原因、附件哈希、设备/IP
P040,商机推进,中心管理端,S10,复盘,回款跟踪,提交/确认/处理/退回/转交（按权限）,已关闭,事项关闭后2个工作日,超时提醒→主管催办→高风险升级,仅退回到可编辑前置节点；关键财务/签署节点不得物理回退,操作者、身份、时间、前后值、原因、附件哈希、设备/IP
P041,市场活动,中心管理端,S01,活动立项,流程触发/发起,提交/确认/处理/退回/转交（按权限）,目标与预算,按流程配置；默认1个工作日,超时提醒→主管催办→高风险升级,仅退回到可编辑前置节点；关键财务/签署节点不得物理回退,操作者、身份、时间、前后值、原因、附件哈希、设备/IP
P041,市场活动,中心管理端,S02,目标与预算,活动立项,提交/确认/处理/退回/转交（按权限）,企划协同,按流程配置；默认1个工作日,超时提醒→主管催办→高风险升级,仅退回到可编辑前置节点；关键财务/签署节点不得物理回退,操作者、身份、时间、前后值、原因、附件哈希、设备/IP
P041,市场活动,中心管理端,S03,企划协同,目标与预算,提交/确认/处理/退回/转交（按权限）,新媒体发布,按流程配置；默认1个工作日,超时提醒→主管催办→高风险升级,仅退回到可编辑前置节点；关键财务/签署节点不得物理回退,操作者、身份、时间、前后值、原因、附件哈希、设备/IP
P041,市场活动,中心管理端,S04,新媒体发布,企划协同,提交/确认/处理/退回/转交（按权限）,行政资源,按流程配置；默认1个工作日,超时提醒→主管催办→高风险升级,仅退回到可编辑前置节点；关键财务/签署节点不得物理回退,操作者、身份、时间、前后值、原因、附件哈希、设备/IP
P041,市场活动,中心管理端,S05,行政资源,新媒体发布,提交/确认/处理/退回/转交（按权限）,现场执行,按流程配置；默认1个工作日,超时提醒→主管催办→高风险升级,仅退回到可编辑前置节点；关键财务/签署节点不得物理回退,操作者、身份、时间、前后值、原因、附件哈希、设备/IP
P041,市场活动,中心管理端,S06,现场执行,行政资源,提交/确认/处理/退回/转交（按权限）,线索回收,按计划时点/班次完成,超时提醒→主管催办→高风险升级,仅退回到可编辑前置节点；关键财务/签署节点不得物理回退,操作者、身份、时间、前后值、原因、附件哈希、设备/IP
P041,市场活动,中心管理端,S07,线索回收,现场执行,提交/确认/处理/退回/转交（按权限）,费用对账,按流程配置；默认1个工作日,超时提醒→主管催办→高风险升级,仅退回到可编辑前置节点；关键财务/签署节点不得物理回退,操作者、身份、时间、前后值、原因、附件哈希、设备/IP
P041,市场活动,中心管理端,S08,费用对账,线索回收,提交/确认/处理/退回/转交（按权限）,效果复盘,T+1个工作日或财务日历,超时提醒→主管催办→高风险升级,仅退回到可编辑前置节点；关键财务/签署节点不得物理回退,操作者、身份、时间、前后值、原因、附件哈希、设备/IP
P041,市场活动,中心管理端,S09,效果复盘,费用对账,提交/确认/处理/退回/转交（按权限）,已关闭,事项关闭后2个工作日,超时提醒→主管催办→高风险升级,仅退回到可编辑前置节点；关键财务/签署节点不得物理回退,操作者、身份、时间、前后值、原因、附件哈希、设备/IP
P042,渠道准入,中心管理端,S01,渠道申请,流程触发/发起,提交/确认/处理/退回/转交（按权限）,资质核验,按流程配置；默认1个工作日,超时提醒→主管催办→高风险升级,仅退回到可编辑前置节点；关键财务/签署节点不得物理回退,操作者、身份、时间、前后值、原因、附件哈希、设备/IP
P042,渠道准入,中心管理端,S02,资质核验,渠道申请,提交/确认/处理/退回/转交（按权限）,风险评估,按流程配置；默认1个工作日,超时提醒→主管催办→高风险升级,仅退回到可编辑前置节点；关键财务/签署节点不得物理回退,操作者、身份、时间、前后值、原因、附件哈希、设备/IP
P042,渠道准入,中心管理端,S03,风险评估,资质核验,提交/确认/处理/退回/转交（按权限）,合作审批,立即响应；L3/L4 30分钟内升级,超时提醒→主管催办→高风险升级,仅退回到可编辑前置节点；关键财务/签署节点不得物理回退,操作者、身份、时间、前后值、原因、附件哈希、设备/IP
P042,渠道准入,中心管理端,S04,合作审批,风险评估,提交/确认/处理/退回/转交（按权限）,合同签署,1个工作日；高风险按制度,超时提醒→主管催办→高风险升级,仅退回到可编辑前置节点；关键财务/签署节点不得物理回退,操作者、身份、时间、前后值、原因、附件哈希、设备/IP
P042,渠道准入,中心管理端,S05,合同签署,合作审批,提交/确认/处理/退回/转交（按权限）,账号与价格权限,按流程配置；默认1个工作日,超时提醒→主管催办→高风险升级,仅退回到可编辑前置节点；关键财务/签署节点不得物理回退,操作者、身份、时间、前后值、原因、附件哈希、设备/IP
P042,渠道准入,中心管理端,S06,账号与价格权限,合同签署,提交/确认/处理/退回/转交（按权限）,观察期,按流程配置；默认1个工作日,超时提醒→主管催办→高风险升级,仅退回到可编辑前置节点；关键财务/签署节点不得物理回退,操作者、身份、时间、前后值、原因、附件哈希、设备/IP
P042,渠道准入,中心管理端,S07,观察期,账号与价格权限,提交/确认/处理/退回/转交（按权限）,正式评级,按流程配置；默认1个工作日,超时提醒→主管催办→高风险升级,仅退回到可编辑前置节点；关键财务/签署节点不得物理回退,操作者、身份、时间、前后值、原因、附件哈希、设备/IP
P042,渠道准入,中心管理端,S08,正式评级,观察期,提交/确认/处理/退回/转交（按权限）,已关闭,按流程配置；默认1个工作日,超时提醒→主管催办→高风险升级,仅退回到可编辑前置节点；关键财务/签署节点不得物理回退,操作者、身份、时间、前后值、原因、附件哈希、设备/IP
P043,课程产品上线,中心管理端,S01,需求调研,流程触发/发起,提交/确认/处理/退回/转交（按权限）,课程设计,按流程配置；默认1个工作日,超时提醒→主管催办→高风险升级,仅退回到可编辑前置节点；关键财务/签署节点不得物理回退,操作者、身份、时间、前后值、原因、附件哈希、设备/IP
P043,课程产品上线,中心管理端,S02,课程设计,需求调研,提交/确认/处理/退回/转交（按权限）,内容与安全评审,按流程配置；默认1个工作日,超时提醒→主管催办→高风险升级,仅退回到可编辑前置节点；关键财务/签署节点不得物理回退,操作者、身份、时间、前后值、原因、附件哈希、设备/IP
P043,课程产品上线,中心管理端,S03,内容与安全评审,课程设计,提交/确认/处理/退回/转交（按权限）,成本定价,1个工作日；高风险按制度,超时提醒→主管催办→高风险升级,仅退回到可编辑前置节点；关键财务/签署节点不得物理回退,操作者、身份、时间、前后值、原因、附件哈希、设备/IP
P043,课程产品上线,中心管理端,S04,成本定价,内容与安全评审,提交/确认/处理/退回/转交（按权限）,试讲,按流程配置；默认1个工作日,超时提醒→主管催办→高风险升级,仅退回到可编辑前置节点；关键财务/签署节点不得物理回退,操作者、身份、时间、前后值、原因、附件哈希、设备/IP
P043,课程产品上线,中心管理端,S05,试讲,成本定价,提交/确认/处理/退回/转交（按权限）,版本批准,按流程配置；默认1个工作日,超时提醒→主管催办→高风险升级,仅退回到可编辑前置节点；关键财务/签署节点不得物理回退,操作者、身份、时间、前后值、原因、附件哈希、设备/IP
P043,课程产品上线,中心管理端,S06,版本批准,试讲,提交/确认/处理/退回/转交（按权限）,发布,按流程配置；默认1个工作日,超时提醒→主管催办→高风险升级,仅退回到可编辑前置节点；关键财务/签署节点不得物理回退,操作者、身份、时间、前后值、原因、附件哈希、设备/IP
P043,课程产品上线,中心管理端,S07,发布,版本批准,提交/确认/处理/退回/转交（按权限）,复审,按流程配置；默认1个工作日,超时提醒→主管催办→高风险升级,仅退回到可编辑前置节点；关键财务/签署节点不得物理回退,操作者、身份、时间、前后值、原因、附件哈希、设备/IP
P043,课程产品上线,中心管理端,S08,复审,发布,提交/确认/处理/退回/转交（按权限）,已关闭,按流程配置；默认1个工作日,超时提醒→主管催办→高风险升级,仅退回到可编辑前置节点；关键财务/签署节点不得物理回退,操作者、身份、时间、前后值、原因、附件哈希、设备/IP
P044,研学团队交付,中心管理端,S01,订单确认,流程触发/发起,提交/确认/处理/退回/转交（按权限）,团队与需求核验,1个工作日；高风险按制度,超时提醒→主管催办→高风险升级,仅退回到可编辑前置节点；关键财务/签署节点不得物理回退,操作者、身份、时间、前后值、原因、附件哈希、设备/IP
P044,研学团队交付,中心管理端,S02,团队与需求核验,订单确认,提交/确认/处理/退回/转交（按权限）,排课,按流程配置；默认1个工作日,超时提醒→主管催办→高风险升级,仅退回到可编辑前置节点；关键财务/签署节点不得物理回退,操作者、身份、时间、前后值、原因、附件哈希、设备/IP
P044,研学团队交付,中心管理端,S03,排课,团队与需求核验,提交/确认/处理/退回/转交（按权限）,资源子单,按流程配置；默认1个工作日,超时提醒→主管催办→高风险升级,仅退回到可编辑前置节点；关键财务/签署节点不得物理回退,操作者、身份、时间、前后值、原因、附件哈希、设备/IP
P044,研学团队交付,中心管理端,S04,资源子单,排课,提交/确认/处理/退回/转交（按权限）,行前确认,按流程配置；默认1个工作日,超时提醒→主管催办→高风险升级,仅退回到可编辑前置节点；关键财务/签署节点不得物理回退,操作者、身份、时间、前后值、原因、附件哈希、设备/IP
P044,研学团队交付,中心管理端,S05,行前确认,资源子单,提交/确认/处理/退回/转交（按权限）,签到,1个工作日；高风险按制度,超时提醒→主管催办→高风险升级,仅退回到可编辑前置节点；关键财务/签署节点不得物理回退,操作者、身份、时间、前后值、原因、附件哈希、设备/IP
P044,研学团队交付,中心管理端,S06,签到,行前确认,提交/确认/处理/退回/转交（按权限）,教学与实操,按流程配置；默认1个工作日,超时提醒→主管催办→高风险升级,仅退回到可编辑前置节点；关键财务/签署节点不得物理回退,操作者、身份、时间、前后值、原因、附件哈希、设备/IP
P044,研学团队交付,中心管理端,S07,教学与实操,签到,提交/确认/处理/退回/转交（按权限）,异常处理,按流程配置；默认1个工作日,超时提醒→主管催办→高风险升级,仅退回到可编辑前置节点；关键财务/签署节点不得物理回退,操作者、身份、时间、前后值、原因、附件哈希、设备/IP
P044,研学团队交付,中心管理端,S08,异常处理,教学与实操,提交/确认/处理/退回/转交（按权限）,评价,立即响应；L3/L4 30分钟内升级,超时提醒→主管催办→高风险升级,仅退回到可编辑前置节点；关键财务/签署节点不得物理回退,操作者、身份、时间、前后值、原因、附件哈希、设备/IP
P044,研学团队交付,中心管理端,S09,评价,异常处理,提交/确认/处理/退回/转交（按权限）,结算归档,按流程配置；默认1个工作日,超时提醒→主管催办→高风险升级,仅退回到可编辑前置节点；关键财务/签署节点不得物理回退,操作者、身份、时间、前后值、原因、附件哈希、设备/IP
P044,研学团队交付,中心管理端,S10,结算归档,评价,提交/确认/处理/退回/转交（按权限）,已关闭,T+1个工作日或财务日历,超时提醒→主管催办→高风险升级,仅退回到可编辑前置节点；关键财务/签署节点不得物理回退,操作者、身份、时间、前后值、原因、附件哈希、设备/IP
P045,讲师排课,中心管理端,S01,课程需求,流程触发/发起,提交/确认/处理/退回/转交（按权限）,资格校验,按流程配置；默认1个工作日,超时提醒→主管催办→高风险升级,仅退回到可编辑前置节点；关键财务/签署节点不得物理回退,操作者、身份、时间、前后值、原因、附件哈希、设备/IP
P045,讲师排课,中心管理端,S02,资格校验,课程需求,提交/确认/处理/退回/转交（按权限）,可用时间,按流程配置；默认1个工作日,超时提醒→主管催办→高风险升级,仅退回到可编辑前置节点；关键财务/签署节点不得物理回退,操作者、身份、时间、前后值、原因、附件哈希、设备/IP
P045,讲师排课,中心管理端,S03,可用时间,资格校验,提交/确认/处理/退回/转交（按权限）,排课锁定,按流程配置；默认1个工作日,超时提醒→主管催办→高风险升级,仅退回到可编辑前置节点；关键财务/签署节点不得物理回退,操作者、身份、时间、前后值、原因、附件哈希、设备/IP
P045,讲师排课,中心管理端,S04,排课锁定,可用时间,提交/确认/处理/退回/转交（按权限）,讲师确认,按流程配置；默认1个工作日,超时提醒→主管催办→高风险升级,仅退回到可编辑前置节点；关键财务/签署节点不得物理回退,操作者、身份、时间、前后值、原因、附件哈希、设备/IP
P045,讲师排课,中心管理端,S05,讲师确认,排课锁定,提交/确认/处理/退回/转交（按权限）,替补预案,1个工作日；高风险按制度,超时提醒→主管催办→高风险升级,仅退回到可编辑前置节点；关键财务/签署节点不得物理回退,操作者、身份、时间、前后值、原因、附件哈希、设备/IP
P045,讲师排课,中心管理端,S06,替补预案,讲师确认,提交/确认/处理/退回/转交（按权限）,授课记录,按流程配置；默认1个工作日,超时提醒→主管催办→高风险升级,仅退回到可编辑前置节点；关键财务/签署节点不得物理回退,操作者、身份、时间、前后值、原因、附件哈希、设备/IP
P045,讲师排课,中心管理端,S07,授课记录,替补预案,提交/确认/处理/退回/转交（按权限）,评价回写,按计划时点/班次完成,超时提醒→主管催办→高风险升级,仅退回到可编辑前置节点；关键财务/签署节点不得物理回退,操作者、身份、时间、前后值、原因、附件哈希、设备/IP
P045,讲师排课,中心管理端,S08,评价回写,授课记录,提交/确认/处理/退回/转交（按权限）,已关闭,按流程配置；默认1个工作日,超时提醒→主管催办→高风险升级,仅退回到可编辑前置节点；关键财务/签署节点不得物理回退,操作者、身份、时间、前后值、原因、附件哈希、设备/IP
P046,通知执行,中心管理端,S01,起草,流程触发/发起,提交/确认/处理/退回/转交（按权限）,审核,按流程配置；默认1个工作日,超时提醒→主管催办→高风险升级,仅退回到可编辑前置节点；关键财务/签署节点不得物理回退,操作者、身份、时间、前后值、原因、附件哈希、设备/IP
P046,通知执行,中心管理端,S02,审核,起草,提交/确认/处理/退回/转交（按权限）,发布,1个工作日；高风险按制度,超时提醒→主管催办→高风险升级,仅退回到可编辑前置节点；关键财务/签署节点不得物理回退,操作者、身份、时间、前后值、原因、附件哈希、设备/IP
P046,通知执行,中心管理端,S03,发布,审核,提交/确认/处理/退回/转交（按权限）,送达,按流程配置；默认1个工作日,超时提醒→主管催办→高风险升级,仅退回到可编辑前置节点；关键财务/签署节点不得物理回退,操作者、身份、时间、前后值、原因、附件哈希、设备/IP
P046,通知执行,中心管理端,S04,送达,发布,提交/确认/处理/退回/转交（按权限）,阅读/确认,按流程配置；默认1个工作日,超时提醒→主管催办→高风险升级,仅退回到可编辑前置节点；关键财务/签署节点不得物理回退,操作者、身份、时间、前后值、原因、附件哈希、设备/IP
P046,通知执行,中心管理端,S05,阅读/确认,送达,提交/确认/处理/退回/转交（按权限）,执行反馈,1个工作日；高风险按制度,超时提醒→主管催办→高风险升级,仅退回到可编辑前置节点；关键财务/签署节点不得物理回退,操作者、身份、时间、前后值、原因、附件哈希、设备/IP
P046,通知执行,中心管理端,S06,执行反馈,阅读/确认,提交/确认/处理/退回/转交（按权限）,责任人验收,按计划时点/班次完成,超时提醒→主管催办→高风险升级,仅退回到可编辑前置节点；关键财务/签署节点不得物理回退,操作者、身份、时间、前后值、原因、附件哈希、设备/IP
P046,通知执行,中心管理端,S07,责任人验收,执行反馈,提交/确认/处理/退回/转交（按权限）,归档,1个工作日；高风险按制度,超时提醒→主管催办→高风险升级,仅退回到可编辑前置节点；关键财务/签署节点不得物理回退,操作者、身份、时间、前后值、原因、附件哈希、设备/IP
P046,通知执行,中心管理端,S08,归档,责任人验收,提交/确认/处理/退回/转交（按权限）,已关闭,事项关闭后2个工作日,超时提醒→主管催办→高风险升级,仅退回到可编辑前置节点；关键财务/签署节点不得物理回退,操作者、身份、时间、前后值、原因、附件哈希、设备/IP
P047,正式公文,中心管理端,S01,起草,流程触发/发起,提交/确认/处理/退回/转交（按权限）,专业审核,按流程配置；默认1个工作日,超时提醒→主管催办→高风险升级,仅退回到可编辑前置节点；关键财务/签署节点不得物理回退,操作者、身份、时间、前后值、原因、附件哈希、设备/IP
P047,正式公文,中心管理端,S02,专业审核,起草,提交/确认/处理/退回/转交（按权限）,会签,1个工作日；高风险按制度,超时提醒→主管催办→高风险升级,仅退回到可编辑前置节点；关键财务/签署节点不得物理回退,操作者、身份、时间、前后值、原因、附件哈希、设备/IP
P047,正式公文,中心管理端,S03,会签,专业审核,提交/确认/处理/退回/转交（按权限）,签发,按流程配置；默认1个工作日,超时提醒→主管催办→高风险升级,仅退回到可编辑前置节点；关键财务/签署节点不得物理回退,操作者、身份、时间、前后值、原因、附件哈希、设备/IP
P047,正式公文,中心管理端,S04,签发,会签,提交/确认/处理/退回/转交（按权限）,编号,按流程配置；默认1个工作日,超时提醒→主管催办→高风险升级,仅退回到可编辑前置节点；关键财务/签署节点不得物理回退,操作者、身份、时间、前后值、原因、附件哈希、设备/IP
P047,正式公文,中心管理端,S05,编号,签发,提交/确认/处理/退回/转交（按权限）,盖章,按流程配置；默认1个工作日,超时提醒→主管催办→高风险升级,仅退回到可编辑前置节点；关键财务/签署节点不得物理回退,操作者、身份、时间、前后值、原因、附件哈希、设备/IP
P047,正式公文,中心管理端,S06,盖章,编号,提交/确认/处理/退回/转交（按权限）,分发,按流程配置；默认1个工作日,超时提醒→主管催办→高风险升级,仅退回到可编辑前置节点；关键财务/签署节点不得物理回退,操作者、身份、时间、前后值、原因、附件哈希、设备/IP
P047,正式公文,中心管理端,S07,分发,盖章,提交/确认/处理/退回/转交（按权限）,回执,按流程配置；默认1个工作日,超时提醒→主管催办→高风险升级,仅退回到可编辑前置节点；关键财务/签署节点不得物理回退,操作者、身份、时间、前后值、原因、附件哈希、设备/IP
P047,正式公文,中心管理端,S08,回执,分发,提交/确认/处理/退回/转交（按权限）,移交档案,按流程配置；默认1个工作日,超时提醒→主管催办→高风险升级,仅退回到可编辑前置节点；关键财务/签署节点不得物理回退,操作者、身份、时间、前后值、原因、附件哈希、设备/IP
P047,正式公文,中心管理端,S09,移交档案,回执,提交/确认/处理/退回/转交（按权限）,已关闭,按流程配置；默认1个工作日,超时提醒→主管催办→高风险升级,仅退回到可编辑前置节点；关键财务/签署节点不得物理回退,操作者、身份、时间、前后值、原因、附件哈希、设备/IP
P048,会议行动,中心管理端,S01,议题征集,流程触发/发起,提交/确认/处理/退回/转交（按权限）,材料检查,按流程配置；默认1个工作日,超时提醒→主管催办→高风险升级,仅退回到可编辑前置节点；关键财务/签署节点不得物理回退,操作者、身份、时间、前后值、原因、附件哈希、设备/IP
P048,会议行动,中心管理端,S02,材料检查,议题征集,提交/确认/处理/退回/转交（按权限）,会议发布,按流程配置；默认1个工作日,超时提醒→主管催办→高风险升级,仅退回到可编辑前置节点；关键财务/签署节点不得物理回退,操作者、身份、时间、前后值、原因、附件哈希、设备/IP
P048,会议行动,中心管理端,S03,会议发布,材料检查,提交/确认/处理/退回/转交（按权限）,签到,按流程配置；默认1个工作日,超时提醒→主管催办→高风险升级,仅退回到可编辑前置节点；关键财务/签署节点不得物理回退,操作者、身份、时间、前后值、原因、附件哈希、设备/IP
P048,会议行动,中心管理端,S04,签到,会议发布,提交/确认/处理/退回/转交（按权限）,召开,按流程配置；默认1个工作日,超时提醒→主管催办→高风险升级,仅退回到可编辑前置节点；关键财务/签署节点不得物理回退,操作者、身份、时间、前后值、原因、附件哈希、设备/IP
P048,会议行动,中心管理端,S05,召开,签到,提交/确认/处理/退回/转交（按权限）,纪要确认,按流程配置；默认1个工作日,超时提醒→主管催办→高风险升级,仅退回到可编辑前置节点；关键财务/签署节点不得物理回退,操作者、身份、时间、前后值、原因、附件哈希、设备/IP
P048,会议行动,中心管理端,S06,纪要确认,召开,提交/确认/处理/退回/转交（按权限）,行动项,1个工作日；高风险按制度,超时提醒→主管催办→高风险升级,仅退回到可编辑前置节点；关键财务/签署节点不得物理回退,操作者、身份、时间、前后值、原因、附件哈希、设备/IP
P048,会议行动,中心管理端,S07,行动项,纪要确认,提交/确认/处理/退回/转交（按权限）,执行,按流程配置；默认1个工作日,超时提醒→主管催办→高风险升级,仅退回到可编辑前置节点；关键财务/签署节点不得物理回退,操作者、身份、时间、前后值、原因、附件哈希、设备/IP
P048,会议行动,中心管理端,S08,执行,行动项,提交/确认/处理/退回/转交（按权限）,验收,按计划时点/班次完成,超时提醒→主管催办→高风险升级,仅退回到可编辑前置节点；关键财务/签署节点不得物理回退,操作者、身份、时间、前后值、原因、附件哈希、设备/IP
P048,会议行动,中心管理端,S09,验收,执行,提交/确认/处理/退回/转交（按权限）,归档,1个工作日；高风险按制度,超时提醒→主管催办→高风险升级,仅退回到可编辑前置节点；关键财务/签署节点不得物理回退,操作者、身份、时间、前后值、原因、附件哈希、设备/IP
P048,会议行动,中心管理端,S10,归档,验收,提交/确认/处理/退回/转交（按权限）,已关闭,事项关闭后2个工作日,超时提醒→主管催办→高风险升级,仅退回到可编辑前置节点；关键财务/签署节点不得物理回退,操作者、身份、时间、前后值、原因、附件哈希、设备/IP
P049,大型活动,中心管理端,S01,立项,流程触发/发起,提交/确认/处理/退回/转交（按权限）,项目组织,按流程配置；默认1个工作日,超时提醒→主管催办→高风险升级,仅退回到可编辑前置节点；关键财务/签署节点不得物理回退,操作者、身份、时间、前后值、原因、附件哈希、设备/IP
P049,大型活动,中心管理端,S02,项目组织,立项,提交/确认/处理/退回/转交（按权限）,唯一任务清单,按流程配置；默认1个工作日,超时提醒→主管催办→高风险升级,仅退回到可编辑前置节点；关键财务/签署节点不得物理回退,操作者、身份、时间、前后值、原因、附件哈希、设备/IP
P049,大型活动,中心管理端,S03,唯一任务清单,项目组织,提交/确认/处理/退回/转交（按权限）,资源子单,按流程配置；默认1个工作日,超时提醒→主管催办→高风险升级,仅退回到可编辑前置节点；关键财务/签署节点不得物理回退,操作者、身份、时间、前后值、原因、附件哈希、设备/IP
P049,大型活动,中心管理端,S04,资源子单,唯一任务清单,提交/确认/处理/退回/转交（按权限）,变更控制,按流程配置；默认1个工作日,超时提醒→主管催办→高风险升级,仅退回到可编辑前置节点；关键财务/签署节点不得物理回退,操作者、身份、时间、前后值、原因、附件哈希、设备/IP
P049,大型活动,中心管理端,S05,变更控制,资源子单,提交/确认/处理/退回/转交（按权限）,现场执行,按流程配置；默认1个工作日,超时提醒→主管催办→高风险升级,仅退回到可编辑前置节点；关键财务/签署节点不得物理回退,操作者、身份、时间、前后值、原因、附件哈希、设备/IP
P049,大型活动,中心管理端,S06,现场执行,变更控制,提交/确认/处理/退回/转交（按权限）,撤场清点,按计划时点/班次完成,超时提醒→主管催办→高风险升级,仅退回到可编辑前置节点；关键财务/签署节点不得物理回退,操作者、身份、时间、前后值、原因、附件哈希、设备/IP
P049,大型活动,中心管理端,S07,撤场清点,现场执行,提交/确认/处理/退回/转交（按权限）,复盘整改,按流程配置；默认1个工作日,超时提醒→主管催办→高风险升级,仅退回到可编辑前置节点；关键财务/签署节点不得物理回退,操作者、身份、时间、前后值、原因、附件哈希、设备/IP
P049,大型活动,中心管理端,S08,复盘整改,撤场清点,提交/确认/处理/退回/转交（按权限）,已关闭,事项关闭后2个工作日,超时提醒→主管催办→高风险升级,仅退回到可编辑前置节点；关键财务/签署节点不得物理回退,操作者、身份、时间、前后值、原因、附件哈希、设备/IP
P050,入库,中心管理端,S01,到货,流程触发/发起,提交/确认/处理/退回/转交（按权限）,数量外观初验,按流程配置；默认1个工作日,超时提醒→主管催办→高风险升级,仅退回到可编辑前置节点；关键财务/签署节点不得物理回退,操作者、身份、时间、前后值、原因、附件哈希、设备/IP
P050,入库,中心管理端,S02,数量外观初验,到货,提交/确认/处理/退回/转交（按权限）,专业验收,按流程配置；默认1个工作日,超时提醒→主管催办→高风险升级,仅退回到可编辑前置节点；关键财务/签署节点不得物理回退,操作者、身份、时间、前后值、原因、附件哈希、设备/IP
P050,入库,中心管理端,S03,专业验收,数量外观初验,提交/确认/处理/退回/转交（按权限）,不合格隔离,1个工作日；高风险按制度,超时提醒→主管催办→高风险升级,仅退回到可编辑前置节点；关键财务/签署节点不得物理回退,操作者、身份、时间、前后值、原因、附件哈希、设备/IP
P050,入库,中心管理端,S04,不合格隔离,专业验收,提交/确认/处理/退回/转交（按权限）,批次或资产编码,按流程配置；默认1个工作日,超时提醒→主管催办→高风险升级,仅退回到可编辑前置节点；关键财务/签署节点不得物理回退,操作者、身份、时间、前后值、原因、附件哈希、设备/IP
P050,入库,中心管理端,S05,批次或资产编码,不合格隔离,提交/确认/处理/退回/转交（按权限）,上架,按流程配置；默认1个工作日,超时提醒→主管催办→高风险升级,仅退回到可编辑前置节点；关键财务/签署节点不得物理回退,操作者、身份、时间、前后值、原因、附件哈希、设备/IP
P050,入库,中心管理端,S06,上架,批次或资产编码,提交/确认/处理/退回/转交（按权限）,库存流水,按流程配置；默认1个工作日,超时提醒→主管催办→高风险升级,仅退回到可编辑前置节点；关键财务/签署节点不得物理回退,操作者、身份、时间、前后值、原因、附件哈希、设备/IP
P050,入库,中心管理端,S07,库存流水,上架,提交/确认/处理/退回/转交（按权限）,归档,按流程配置；默认1个工作日,超时提醒→主管催办→高风险升级,仅退回到可编辑前置节点；关键财务/签署节点不得物理回退,操作者、身份、时间、前后值、原因、附件哈希、设备/IP
P050,入库,中心管理端,S08,归档,库存流水,提交/确认/处理/退回/转交（按权限）,已关闭,事项关闭后2个工作日,超时提醒→主管催办→高风险升级,仅退回到可编辑前置节点；关键财务/签署节点不得物理回退,操作者、身份、时间、前后值、原因、附件哈希、设备/IP
P051,领借调还,中心管理端,S01,申请,流程触发/发起,提交/确认/处理/退回/转交（按权限）,审批,按流程配置；默认1个工作日,超时提醒→主管催办→高风险升级,仅退回到可编辑前置节点；关键财务/签署节点不得物理回退,操作者、身份、时间、前后值、原因、附件哈希、设备/IP
P051,领借调还,中心管理端,S02,审批,申请,提交/确认/处理/退回/转交（按权限）,可用性锁定,1个工作日；高风险按制度,超时提醒→主管催办→高风险升级,仅退回到可编辑前置节点；关键财务/签署节点不得物理回退,操作者、身份、时间、前后值、原因、附件哈希、设备/IP
P051,领借调还,中心管理端,S03,可用性锁定,审批,提交/确认/处理/退回/转交（按权限）,出库/交付,按流程配置；默认1个工作日,超时提醒→主管催办→高风险升级,仅退回到可编辑前置节点；关键财务/签署节点不得物理回退,操作者、身份、时间、前后值、原因、附件哈希、设备/IP
P051,领借调还,中心管理端,S04,出库/交付,可用性锁定,提交/确认/处理/退回/转交（按权限）,责任签收,按流程配置；默认1个工作日,超时提醒→主管催办→高风险升级,仅退回到可编辑前置节点；关键财务/签署节点不得物理回退,操作者、身份、时间、前后值、原因、附件哈希、设备/IP
P051,领借调还,中心管理端,S05,责任签收,出库/交付,提交/确认/处理/退回/转交（按权限）,使用,按流程配置；默认1个工作日,超时提醒→主管催办→高风险升级,仅退回到可编辑前置节点；关键财务/签署节点不得物理回退,操作者、身份、时间、前后值、原因、附件哈希、设备/IP
P051,领借调还,中心管理端,S06,使用,责任签收,提交/确认/处理/退回/转交（按权限）,归还或调拨,按流程配置；默认1个工作日,超时提醒→主管催办→高风险升级,仅退回到可编辑前置节点；关键财务/签署节点不得物理回退,操作者、身份、时间、前后值、原因、附件哈希、设备/IP
P051,领借调还,中心管理端,S07,归还或调拨,使用,提交/确认/处理/退回/转交（按权限）,状态验收,按流程配置；默认1个工作日,超时提醒→主管催办→高风险升级,仅退回到可编辑前置节点；关键财务/签署节点不得物理回退,操作者、身份、时间、前后值、原因、附件哈希、设备/IP
P051,领借调还,中心管理端,S08,状态验收,归还或调拨,提交/确认/处理/退回/转交（按权限）,已关闭,1个工作日；高风险按制度,超时提醒→主管催办→高风险升级,仅退回到可编辑前置节点；关键财务/签署节点不得物理回退,操作者、身份、时间、前后值、原因、附件哈希、设备/IP
P052,盘点,中心管理端,S01,计划,流程触发/发起,提交/确认/处理/退回/转交（按权限）,冻结范围,按流程配置；默认1个工作日,超时提醒→主管催办→高风险升级,仅退回到可编辑前置节点；关键财务/签署节点不得物理回退,操作者、身份、时间、前后值、原因、附件哈希、设备/IP
P052,盘点,中心管理端,S02,冻结范围,计划,提交/确认/处理/退回/转交（按权限）,实盘,按流程配置；默认1个工作日,超时提醒→主管催办→高风险升级,仅退回到可编辑前置节点；关键财务/签署节点不得物理回退,操作者、身份、时间、前后值、原因、附件哈希、设备/IP
P052,盘点,中心管理端,S03,实盘,冻结范围,提交/确认/处理/退回/转交（按权限）,差异,按流程配置；默认1个工作日,超时提醒→主管催办→高风险升级,仅退回到可编辑前置节点；关键财务/签署节点不得物理回退,操作者、身份、时间、前后值、原因、附件哈希、设备/IP
P052,盘点,中心管理端,S04,差异,实盘,提交/确认/处理/退回/转交（按权限）,原因调查,按流程配置；默认1个工作日,超时提醒→主管催办→高风险升级,仅退回到可编辑前置节点；关键财务/签署节点不得物理回退,操作者、身份、时间、前后值、原因、附件哈希、设备/IP
P052,盘点,中心管理端,S05,原因调查,差异,提交/确认/处理/退回/转交（按权限）,审批,按流程配置；默认1个工作日,超时提醒→主管催办→高风险升级,仅退回到可编辑前置节点；关键财务/签署节点不得物理回退,操作者、身份、时间、前后值、原因、附件哈希、设备/IP
P052,盘点,中心管理端,S06,审批,原因调查,提交/确认/处理/退回/转交（按权限）,调整流水,1个工作日；高风险按制度,超时提醒→主管催办→高风险升级,仅退回到可编辑前置节点；关键财务/签署节点不得物理回退,操作者、身份、时间、前后值、原因、附件哈希、设备/IP
P052,盘点,中心管理端,S07,调整流水,审批,提交/确认/处理/退回/转交（按权限）,整改,按流程配置；默认1个工作日,超时提醒→主管催办→高风险升级,仅退回到可编辑前置节点；关键财务/签署节点不得物理回退,操作者、身份、时间、前后值、原因、附件哈希、设备/IP
P052,盘点,中心管理端,S08,整改,调整流水,提交/确认/处理/退回/转交（按权限）,解冻,按流程配置；默认1个工作日,超时提醒→主管催办→高风险升级,仅退回到可编辑前置节点；关键财务/签署节点不得物理回退,操作者、身份、时间、前后值、原因、附件哈希、设备/IP
P052,盘点,中心管理端,S09,解冻,整改,提交/确认/处理/退回/转交（按权限）,已关闭,按流程配置；默认1个工作日,超时提醒→主管催办→高风险升级,仅退回到可编辑前置节点；关键财务/签署节点不得物理回退,操作者、身份、时间、前后值、原因、附件哈希、设备/IP
P053,报废处置,中心管理端,S01,申请,流程触发/发起,提交/确认/处理/退回/转交（按权限）,专业鉴定,按流程配置；默认1个工作日,超时提醒→主管催办→高风险升级,仅退回到可编辑前置节点；关键财务/签署节点不得物理回退,操作者、身份、时间、前后值、原因、附件哈希、设备/IP
P053,报废处置,中心管理端,S02,专业鉴定,申请,提交/确认/处理/退回/转交（按权限）,价值与数据风险评估,按流程配置；默认1个工作日,超时提醒→主管催办→高风险升级,仅退回到可编辑前置节点；关键财务/签署节点不得物理回退,操作者、身份、时间、前后值、原因、附件哈希、设备/IP
P053,报废处置,中心管理端,S03,价值与数据风险评估,专业鉴定,提交/确认/处理/退回/转交（按权限）,审批,立即响应；L3/L4 30分钟内升级,超时提醒→主管催办→高风险升级,仅退回到可编辑前置节点；关键财务/签署节点不得物理回退,操作者、身份、时间、前后值、原因、附件哈希、设备/IP
P053,报废处置,中心管理端,S04,审批,价值与数据风险评估,提交/确认/处理/退回/转交（按权限）,数据清除,1个工作日；高风险按制度,超时提醒→主管催办→高风险升级,仅退回到可编辑前置节点；关键财务/签署节点不得物理回退,操作者、身份、时间、前后值、原因、附件哈希、设备/IP
P053,报废处置,中心管理端,S05,数据清除,审批,提交/确认/处理/退回/转交（按权限）,实物处置,按流程配置；默认1个工作日,超时提醒→主管催办→高风险升级,仅退回到可编辑前置节点；关键财务/签署节点不得物理回退,操作者、身份、时间、前后值、原因、附件哈希、设备/IP
P053,报废处置,中心管理端,S06,实物处置,数据清除,提交/确认/处理/退回/转交（按权限）,财务台账更新,按流程配置；默认1个工作日,超时提醒→主管催办→高风险升级,仅退回到可编辑前置节点；关键财务/签署节点不得物理回退,操作者、身份、时间、前后值、原因、附件哈希、设备/IP
P053,报废处置,中心管理端,S07,财务台账更新,实物处置,提交/确认/处理/退回/转交（按权限）,归档,按流程配置；默认1个工作日,超时提醒→主管催办→高风险升级,仅退回到可编辑前置节点；关键财务/签署节点不得物理回退,操作者、身份、时间、前后值、原因、附件哈希、设备/IP
P053,报废处置,中心管理端,S08,归档,财务台账更新,提交/确认/处理/退回/转交（按权限）,已关闭,事项关闭后2个工作日,超时提醒→主管催办→高风险升级,仅退回到可编辑前置节点；关键财务/签署节点不得物理回退,操作者、身份、时间、前后值、原因、附件哈希、设备/IP
P054,派车,中心管理端,S01,用车申请,流程触发/发起,提交/确认/处理/退回/转交（按权限）,审批,按流程配置；默认1个工作日,超时提醒→主管催办→高风险升级,仅退回到可编辑前置节点；关键财务/签署节点不得物理回退,操作者、身份、时间、前后值、原因、附件哈希、设备/IP
P054,派车,中心管理端,S02,审批,用车申请,提交/确认/处理/退回/转交（按权限）,车辆与驾驶员匹配,1个工作日；高风险按制度,超时提醒→主管催办→高风险升级,仅退回到可编辑前置节点；关键财务/签署节点不得物理回退,操作者、身份、时间、前后值、原因、附件哈希、设备/IP
P054,派车,中心管理端,S03,车辆与驾驶员匹配,审批,提交/确认/处理/退回/转交（按权限）,资源锁定,按流程配置；默认1个工作日,超时提醒→主管催办→高风险升级,仅退回到可编辑前置节点；关键财务/签署节点不得物理回退,操作者、身份、时间、前后值、原因、附件哈希、设备/IP
P054,派车,中心管理端,S04,资源锁定,车辆与驾驶员匹配,提交/确认/处理/退回/转交（按权限）,出车前检查,按流程配置；默认1个工作日,超时提醒→主管催办→高风险升级,仅退回到可编辑前置节点；关键财务/签署节点不得物理回退,操作者、身份、时间、前后值、原因、附件哈希、设备/IP
P054,派车,中心管理端,S05,出车前检查,资源锁定,提交/确认/处理/退回/转交（按权限）,行程,按流程配置；默认1个工作日,超时提醒→主管催办→高风险升级,仅退回到可编辑前置节点；关键财务/签署节点不得物理回退,操作者、身份、时间、前后值、原因、附件哈希、设备/IP
P054,派车,中心管理端,S06,行程,出车前检查,提交/确认/处理/退回/转交（按权限）,归还,按流程配置；默认1个工作日,超时提醒→主管催办→高风险升级,仅退回到可编辑前置节点；关键财务/签署节点不得物理回退,操作者、身份、时间、前后值、原因、附件哈希、设备/IP
P054,派车,中心管理端,S07,归还,行程,提交/确认/处理/退回/转交（按权限）,费用与异常,按流程配置；默认1个工作日,超时提醒→主管催办→高风险升级,仅退回到可编辑前置节点；关键财务/签署节点不得物理回退,操作者、身份、时间、前后值、原因、附件哈希、设备/IP
P054,派车,中心管理端,S08,费用与异常,归还,提交/确认/处理/退回/转交（按权限）,释放,立即响应；L3/L4 30分钟内升级,超时提醒→主管催办→高风险升级,仅退回到可编辑前置节点；关键财务/签署节点不得物理回退,操作者、身份、时间、前后值、原因、附件哈希、设备/IP
P054,派车,中心管理端,S09,释放,费用与异常,提交/确认/处理/退回/转交（按权限）,已关闭,按流程配置；默认1个工作日,超时提醒→主管催办→高风险升级,仅退回到可编辑前置节点；关键财务/签署节点不得物理回退,操作者、身份、时间、前后值、原因、附件哈希、设备/IP
P055,车辆事故,中心管理端,S01,人员保护,流程触发/发起,提交/确认/处理/退回/转交（按权限）,现场警示,按流程配置；默认1个工作日,超时提醒→主管催办→高风险升级,仅退回到可编辑前置节点；关键财务/签署节点不得物理回退,操作者、身份、时间、前后值、原因、附件哈希、设备/IP
P055,车辆事故,中心管理端,S02,现场警示,人员保护,提交/确认/处理/退回/转交（按权限）,报警救援,按流程配置；默认1个工作日,超时提醒→主管催办→高风险升级,仅退回到可编辑前置节点；关键财务/签署节点不得物理回退,操作者、身份、时间、前后值、原因、附件哈希、设备/IP
P055,车辆事故,中心管理端,S03,报警救援,现场警示,提交/确认/处理/退回/转交（按权限）,调度报告,立即响应；L3/L4 30分钟内升级,超时提醒→主管催办→高风险升级,仅退回到可编辑前置节点；关键财务/签署节点不得物理回退,操作者、身份、时间、前后值、原因、附件哈希、设备/IP
P055,车辆事故,中心管理端,S04,调度报告,报警救援,提交/确认/处理/退回/转交（按权限）,证据保全,事项关闭后2个工作日,超时提醒→主管催办→高风险升级,仅退回到可编辑前置节点；关键财务/签署节点不得物理回退,操作者、身份、时间、前后值、原因、附件哈希、设备/IP
P055,车辆事故,中心管理端,S05,证据保全,调度报告,提交/确认/处理/退回/转交（按权限）,替代保障,按流程配置；默认1个工作日,超时提醒→主管催办→高风险升级,仅退回到可编辑前置节点；关键财务/签署节点不得物理回退,操作者、身份、时间、前后值、原因、附件哈希、设备/IP
P055,车辆事故,中心管理端,S06,替代保障,证据保全,提交/确认/处理/退回/转交（按权限）,保险维修,按流程配置；默认1个工作日,超时提醒→主管催办→高风险升级,仅退回到可编辑前置节点；关键财务/签署节点不得物理回退,操作者、身份、时间、前后值、原因、附件哈希、设备/IP
P055,车辆事故,中心管理端,S07,保险维修,替代保障,提交/确认/处理/退回/转交（按权限）,案件调查,按计划时点/班次完成,超时提醒→主管催办→高风险升级,仅退回到可编辑前置节点；关键财务/签署节点不得物理回退,操作者、身份、时间、前后值、原因、附件哈希、设备/IP
P055,车辆事故,中心管理端,S08,案件调查,保险维修,提交/确认/处理/退回/转交（按权限）,复车验收,按流程配置；默认1个工作日,超时提醒→主管催办→高风险升级,仅退回到可编辑前置节点；关键财务/签署节点不得物理回退,操作者、身份、时间、前后值、原因、附件哈希、设备/IP
P055,车辆事故,中心管理端,S09,复车验收,案件调查,提交/确认/处理/退回/转交（按权限）,已关闭,1个工作日；高风险按制度,超时提醒→主管催办→高风险升级,仅退回到可编辑前置节点；关键财务/签署节点不得物理回退,操作者、身份、时间、前后值、原因、附件哈希、设备/IP
P056,宿舍入住退宿,中心管理端,S01,申请/入职触发,流程触发/发起,提交/确认/处理/退回/转交（按权限）,资格房态校验,按流程配置；默认1个工作日,超时提醒→主管催办→高风险升级,仅退回到可编辑前置节点；关键财务/签署节点不得物理回退,操作者、身份、时间、前后值、原因、附件哈希、设备/IP
P056,宿舍入住退宿,中心管理端,S02,资格房态校验,申请/入职触发,提交/确认/处理/退回/转交（按权限）,床位锁定,按流程配置；默认1个工作日,超时提醒→主管催办→高风险升级,仅退回到可编辑前置节点；关键财务/签署节点不得物理回退,操作者、身份、时间、前后值、原因、附件哈希、设备/IP
P056,宿舍入住退宿,中心管理端,S03,床位锁定,资格房态校验,提交/确认/处理/退回/转交（按权限）,签收入住,按流程配置；默认1个工作日,超时提醒→主管催办→高风险升级,仅退回到可编辑前置节点；关键财务/签署节点不得物理回退,操作者、身份、时间、前后值、原因、附件哈希、设备/IP
P056,宿舍入住退宿,中心管理端,S04,签收入住,床位锁定,提交/确认/处理/退回/转交（按权限）,巡检报修,按流程配置；默认1个工作日,超时提醒→主管催办→高风险升级,仅退回到可编辑前置节点；关键财务/签署节点不得物理回退,操作者、身份、时间、前后值、原因、附件哈希、设备/IP
P056,宿舍入住退宿,中心管理端,S05,巡检报修,签收入住,提交/确认/处理/退回/转交（按权限）,退宿检查,按计划时点/班次完成,超时提醒→主管催办→高风险升级,仅退回到可编辑前置节点；关键财务/签署节点不得物理回退,操作者、身份、时间、前后值、原因、附件哈希、设备/IP
P056,宿舍入住退宿,中心管理端,S06,退宿检查,巡检报修,提交/确认/处理/退回/转交（按权限）,钥匙门禁回收,按流程配置；默认1个工作日,超时提醒→主管催办→高风险升级,仅退回到可编辑前置节点；关键财务/签署节点不得物理回退,操作者、身份、时间、前后值、原因、附件哈希、设备/IP
P056,宿舍入住退宿,中心管理端,S07,钥匙门禁回收,退宿检查,提交/确认/处理/退回/转交（按权限）,释放床位,按流程配置；默认1个工作日,超时提醒→主管催办→高风险升级,仅退回到可编辑前置节点；关键财务/签署节点不得物理回退,操作者、身份、时间、前后值、原因、附件哈希、设备/IP
P056,宿舍入住退宿,中心管理端,S08,释放床位,钥匙门禁回收,提交/确认/处理/退回/转交（按权限）,已关闭,按流程配置；默认1个工作日,超时提醒→主管催办→高风险升级,仅退回到可编辑前置节点；关键财务/签署节点不得物理回退,操作者、身份、时间、前后值、原因、附件哈希、设备/IP
P057,报修,中心管理端,S01,报修,流程触发/发起,提交/确认/处理/退回/转交（按权限）,风险分级,按流程配置；默认1个工作日,超时提醒→主管催办→高风险升级,仅退回到可编辑前置节点；关键财务/签署节点不得物理回退,操作者、身份、时间、前后值、原因、附件哈希、设备/IP
P057,报修,中心管理端,S02,风险分级,报修,提交/确认/处理/退回/转交（按权限）,派工,立即响应；L3/L4 30分钟内升级,超时提醒→主管催办→高风险升级,仅退回到可编辑前置节点；关键财务/签署节点不得物理回退,操作者、身份、时间、前后值、原因、附件哈希、设备/IP
P057,报修,中心管理端,S03,派工,风险分级,提交/确认/处理/退回/转交（按权限）,到场诊断,按流程配置；默认1个工作日,超时提醒→主管催办→高风险升级,仅退回到可编辑前置节点；关键财务/签署节点不得物理回退,操作者、身份、时间、前后值、原因、附件哈希、设备/IP
P057,报修,中心管理端,S04,到场诊断,派工,提交/确认/处理/退回/转交（按权限）,维修或转专业单位,按流程配置；默认1个工作日,超时提醒→主管催办→高风险升级,仅退回到可编辑前置节点；关键财务/签署节点不得物理回退,操作者、身份、时间、前后值、原因、附件哈希、设备/IP
P057,报修,中心管理端,S05,维修或转专业单位,到场诊断,提交/确认/处理/退回/转交（按权限）,申请人确认,按计划时点/班次完成,超时提醒→主管催办→高风险升级,仅退回到可编辑前置节点；关键财务/签署节点不得物理回退,操作者、身份、时间、前后值、原因、附件哈希、设备/IP
P057,报修,中心管理端,S06,申请人确认,维修或转专业单位,提交/确认/处理/退回/转交（按权限）,验收,1个工作日；高风险按制度,超时提醒→主管催办→高风险升级,仅退回到可编辑前置节点；关键财务/签署节点不得物理回退,操作者、身份、时间、前后值、原因、附件哈希、设备/IP
P057,报修,中心管理端,S07,验收,申请人确认,提交/确认/处理/退回/转交（按权限）,关闭,1个工作日；高风险按制度,超时提醒→主管催办→高风险升级,仅退回到可编辑前置节点；关键财务/签署节点不得物理回退,操作者、身份、时间、前后值、原因、附件哈希、设备/IP
P057,报修,中心管理端,S08,关闭,验收,提交/确认/处理/退回/转交（按权限）,已关闭,按流程配置；默认1个工作日,超时提醒→主管催办→高风险升级,仅退回到可编辑前置节点；关键财务/签署节点不得物理回退,操作者、身份、时间、前后值、原因、附件哈希、设备/IP
P058,团餐交付,中心管理端,S01,申请,流程触发/发起,提交/确认/处理/退回/转交（按权限）,人数餐标过敏校验,按流程配置；默认1个工作日,超时提醒→主管催办→高风险升级,仅退回到可编辑前置节点；关键财务/签署节点不得物理回退,操作者、身份、时间、前后值、原因、附件哈希、设备/IP
P058,团餐交付,中心管理端,S02,人数餐标过敏校验,申请,提交/确认/处理/退回/转交（按权限）,审批,按流程配置；默认1个工作日,超时提醒→主管催办→高风险升级,仅退回到可编辑前置节点；关键财务/签署节点不得物理回退,操作者、身份、时间、前后值、原因、附件哈希、设备/IP
P058,团餐交付,中心管理端,S03,审批,人数餐标过敏校验,提交/确认/处理/退回/转交（按权限）,菜单与采购,1个工作日；高风险按制度,超时提醒→主管催办→高风险升级,仅退回到可编辑前置节点；关键财务/签署节点不得物理回退,操作者、身份、时间、前后值、原因、附件哈希、设备/IP
P058,团餐交付,中心管理端,S04,菜单与采购,审批,提交/确认/处理/退回/转交（按权限）,备餐,按流程配置；默认1个工作日,超时提醒→主管催办→高风险升级,仅退回到可编辑前置节点；关键财务/签署节点不得物理回退,操作者、身份、时间、前后值、原因、附件哈希、设备/IP
P058,团餐交付,中心管理端,S05,备餐,菜单与采购,提交/确认/处理/退回/转交（按权限）,食材领用,按流程配置；默认1个工作日,超时提醒→主管催办→高风险升级,仅退回到可编辑前置节点；关键财务/签署节点不得物理回退,操作者、身份、时间、前后值、原因、附件哈希、设备/IP
P058,团餐交付,中心管理端,S06,食材领用,备餐,提交/确认/处理/退回/转交（按权限）,制作与留样,按流程配置；默认1个工作日,超时提醒→主管催办→高风险升级,仅退回到可编辑前置节点；关键财务/签署节点不得物理回退,操作者、身份、时间、前后值、原因、附件哈希、设备/IP
P058,团餐交付,中心管理端,S07,制作与留样,食材领用,提交/确认/处理/退回/转交（按权限）,出餐签收,按流程配置；默认1个工作日,超时提醒→主管催办→高风险升级,仅退回到可编辑前置节点；关键财务/签署节点不得物理回退,操作者、身份、时间、前后值、原因、附件哈希、设备/IP
P058,团餐交付,中心管理端,S08,出餐签收,制作与留样,提交/确认/处理/退回/转交（按权限）,结算,按流程配置；默认1个工作日,超时提醒→主管催办→高风险升级,仅退回到可编辑前置节点；关键财务/签署节点不得物理回退,操作者、身份、时间、前后值、原因、附件哈希、设备/IP
P058,团餐交付,中心管理端,S09,结算,出餐签收,提交/确认/处理/退回/转交（按权限）,回访,T+1个工作日或财务日历,超时提醒→主管催办→高风险升级,仅退回到可编辑前置节点；关键财务/签署节点不得物理回退,操作者、身份、时间、前后值、原因、附件哈希、设备/IP
P058,团餐交付,中心管理端,S10,回访,结算,提交/确认/处理/退回/转交（按权限）,已关闭,按流程配置；默认1个工作日,超时提醒→主管催办→高风险升级,仅退回到可编辑前置节点；关键财务/签署节点不得物理回退,操作者、身份、时间、前后值、原因、附件哈希、设备/IP
P059,食材验收,中心管理端,S01,到货,流程触发/发起,提交/确认/处理/退回/转交（按权限）,来源票证,按流程配置；默认1个工作日,超时提醒→主管催办→高风险升级,仅退回到可编辑前置节点；关键财务/签署节点不得物理回退,操作者、身份、时间、前后值、原因、附件哈希、设备/IP
P059,食材验收,中心管理端,S02,来源票证,到货,提交/确认/处理/退回/转交（按权限）,温度感官数量,按流程配置；默认1个工作日,超时提醒→主管催办→高风险升级,仅退回到可编辑前置节点；关键财务/签署节点不得物理回退,操作者、身份、时间、前后值、原因、附件哈希、设备/IP
P059,食材验收,中心管理端,S03,温度感官数量,来源票证,提交/确认/处理/退回/转交（按权限）,合格入库/不合格隔离,按流程配置；默认1个工作日,超时提醒→主管催办→高风险升级,仅退回到可编辑前置节点；关键财务/签署节点不得物理回退,操作者、身份、时间、前后值、原因、附件哈希、设备/IP
P059,食材验收,中心管理端,S04,合格入库/不合格隔离,温度感官数量,提交/确认/处理/退回/转交（按权限）,批次记录,按流程配置；默认1个工作日,超时提醒→主管催办→高风险升级,仅退回到可编辑前置节点；关键财务/签署节点不得物理回退,操作者、身份、时间、前后值、原因、附件哈希、设备/IP
P059,食材验收,中心管理端,S05,批次记录,合格入库/不合格隔离,提交/确认/处理/退回/转交（按权限）,供应商反馈,按流程配置；默认1个工作日,超时提醒→主管催办→高风险升级,仅退回到可编辑前置节点；关键财务/签署节点不得物理回退,操作者、身份、时间、前后值、原因、附件哈希、设备/IP
P059,食材验收,中心管理端,S06,供应商反馈,批次记录,提交/确认/处理/退回/转交（按权限）,已关闭,按流程配置；默认1个工作日,超时提醒→主管催办→高风险升级,仅退回到可编辑前置节点；关键财务/签署节点不得物理回退,操作者、身份、时间、前后值、原因、附件哈希、设备/IP
P060,食品安全事件,中心管理端,S01,停止供应,流程触发/发起,提交/确认/处理/退回/转交（按权限）,隔离批次,按流程配置；默认1个工作日,超时提醒→主管催办→高风险升级,仅退回到可编辑前置节点；关键财务/签署节点不得物理回退,操作者、身份、时间、前后值、原因、附件哈希、设备/IP
P060,食品安全事件,中心管理端,S02,隔离批次,停止供应,提交/确认/处理/退回/转交（按权限）,保留样品记录,按流程配置；默认1个工作日,超时提醒→主管催办→高风险升级,仅退回到可编辑前置节点；关键财务/签署节点不得物理回退,操作者、身份、时间、前后值、原因、附件哈希、设备/IP
P060,食品安全事件,中心管理端,S03,保留样品记录,隔离批次,提交/确认/处理/退回/转交（按权限）,报告,按流程配置；默认1个工作日,超时提醒→主管催办→高风险升级,仅退回到可编辑前置节点；关键财务/签署节点不得物理回退,操作者、身份、时间、前后值、原因、附件哈希、设备/IP
P060,食品安全事件,中心管理端,S04,报告,保留样品记录,提交/确认/处理/退回/转交（按权限）,医疗协助,事项关闭后2个工作日,超时提醒→主管催办→高风险升级,仅退回到可编辑前置节点；关键财务/签署节点不得物理回退,操作者、身份、时间、前后值、原因、附件哈希、设备/IP
P060,食品安全事件,中心管理端,S05,医疗协助,报告,提交/确认/处理/退回/转交（按权限）,统一案件,按流程配置；默认1个工作日,超时提醒→主管催办→高风险升级,仅退回到可编辑前置节点；关键财务/签署节点不得物理回退,操作者、身份、时间、前后值、原因、附件哈希、设备/IP
P060,食品安全事件,中心管理端,S06,统一案件,医疗协助,提交/确认/处理/退回/转交（按权限）,追溯调查,按流程配置；默认1个工作日,超时提醒→主管催办→高风险升级,仅退回到可编辑前置节点；关键财务/签署节点不得物理回退,操作者、身份、时间、前后值、原因、附件哈希、设备/IP
P060,食品安全事件,中心管理端,S07,追溯调查,统一案件,提交/确认/处理/退回/转交（按权限）,整改验证,按流程配置；默认1个工作日,超时提醒→主管催办→高风险升级,仅退回到可编辑前置节点；关键财务/签署节点不得物理回退,操作者、身份、时间、前后值、原因、附件哈希、设备/IP
P060,食品安全事件,中心管理端,S08,整改验证,追溯调查,提交/确认/处理/退回/转交（按权限）,已关闭,按流程配置；默认1个工作日,超时提醒→主管催办→高风险升级,仅退回到可编辑前置节点；关键财务/签署节点不得物理回退,操作者、身份、时间、前后值、原因、附件哈希、设备/IP
P061,餐卡结算,中心管理端,S01,账户变更申请,流程触发/发起,提交/确认/处理/退回/转交（按权限）,资格校验,按流程配置；默认1个工作日,超时提醒→主管催办→高风险升级,仅退回到可编辑前置节点；关键财务/签署节点不得物理回退,操作者、身份、时间、前后值、原因、附件哈希、设备/IP
P061,餐卡结算,中心管理端,S02,资格校验,账户变更申请,提交/确认/处理/退回/转交（按权限）,充值/补贴/冻结,按流程配置；默认1个工作日,超时提醒→主管催办→高风险升级,仅退回到可编辑前置节点；关键财务/签署节点不得物理回退,操作者、身份、时间、前后值、原因、附件哈希、设备/IP
P061,餐卡结算,中心管理端,S03,充值/补贴/冻结,资格校验,提交/确认/处理/退回/转交（按权限）,交易回执,按流程配置；默认1个工作日,超时提醒→主管催办→高风险升级,仅退回到可编辑前置节点；关键财务/签署节点不得物理回退,操作者、身份、时间、前后值、原因、附件哈希、设备/IP
P061,餐卡结算,中心管理端,S04,交易回执,充值/补贴/冻结,提交/确认/处理/退回/转交（按权限）,日结对账,按流程配置；默认1个工作日,超时提醒→主管催办→高风险升级,仅退回到可编辑前置节点；关键财务/签署节点不得物理回退,操作者、身份、时间、前后值、原因、附件哈希、设备/IP
P061,餐卡结算,中心管理端,S05,日结对账,交易回执,提交/确认/处理/退回/转交（按权限）,差异处理,T+1个工作日或财务日历,超时提醒→主管催办→高风险升级,仅退回到可编辑前置节点；关键财务/签署节点不得物理回退,操作者、身份、时间、前后值、原因、附件哈希、设备/IP
P061,餐卡结算,中心管理端,S06,差异处理,日结对账,提交/确认/处理/退回/转交（按权限）,已关闭,按流程配置；默认1个工作日,超时提醒→主管催办→高风险升级,仅退回到可编辑前置节点；关键财务/签署节点不得物理回退,操作者、身份、时间、前后值、原因、附件哈希、设备/IP
P062,日常巡逻,中心管理端,S01,发布班次,流程触发/发起,提交/确认/处理/退回/转交（按权限）,领取装备,按流程配置；默认1个工作日,超时提醒→主管催办→高风险升级,仅退回到可编辑前置节点；关键财务/签署节点不得物理回退,操作者、身份、时间、前后值、原因、附件哈希、设备/IP
P062,日常巡逻,中心管理端,S02,领取装备,发布班次,提交/确认/处理/退回/转交（按权限）,岗位签到,按流程配置；默认1个工作日,超时提醒→主管催办→高风险升级,仅退回到可编辑前置节点；关键财务/签署节点不得物理回退,操作者、身份、时间、前后值、原因、附件哈希、设备/IP
P062,日常巡逻,中心管理端,S03,岗位签到,领取装备,提交/确认/处理/退回/转交（按权限）,路线巡更,按流程配置；默认1个工作日,超时提醒→主管催办→高风险升级,仅退回到可编辑前置节点；关键财务/签署节点不得物理回退,操作者、身份、时间、前后值、原因、附件哈希、设备/IP
P062,日常巡逻,中心管理端,S04,路线巡更,岗位签到,提交/确认/处理/退回/转交（按权限）,异常上报,按流程配置；默认1个工作日,超时提醒→主管催办→高风险升级,仅退回到可编辑前置节点；关键财务/签署节点不得物理回退,操作者、身份、时间、前后值、原因、附件哈希、设备/IP
P062,日常巡逻,中心管理端,S05,异常上报,路线巡更,提交/确认/处理/退回/转交（按权限）,现场措施,立即响应；L3/L4 30分钟内升级,超时提醒→主管催办→高风险升级,仅退回到可编辑前置节点；关键财务/签署节点不得物理回退,操作者、身份、时间、前后值、原因、附件哈希、设备/IP
P062,日常巡逻,中心管理端,S06,现场措施,异常上报,提交/确认/处理/退回/转交（按权限）,工单/案件,按流程配置；默认1个工作日,超时提醒→主管催办→高风险升级,仅退回到可编辑前置节点；关键财务/签署节点不得物理回退,操作者、身份、时间、前后值、原因、附件哈希、设备/IP
P062,日常巡逻,中心管理端,S07,工单/案件,现场措施,提交/确认/处理/退回/转交（按权限）,交接,按流程配置；默认1个工作日,超时提醒→主管催办→高风险升级,仅退回到可编辑前置节点；关键财务/签署节点不得物理回退,操作者、身份、时间、前后值、原因、附件哈希、设备/IP
P062,日常巡逻,中心管理端,S08,交接,工单/案件,提交/确认/处理/退回/转交（按权限）,班次确认,按流程配置；默认1个工作日,超时提醒→主管催办→高风险升级,仅退回到可编辑前置节点；关键财务/签署节点不得物理回退,操作者、身份、时间、前后值、原因、附件哈希、设备/IP
P062,日常巡逻,中心管理端,S09,班次确认,交接,提交/确认/处理/退回/转交（按权限）,已关闭,1个工作日；高风险按制度,超时提醒→主管催办→高风险升级,仅退回到可编辑前置节点；关键财务/签署节点不得物理回退,操作者、身份、时间、前后值、原因、附件哈希、设备/IP
P063,客流预警,中心管理端,S01,客流采集,流程触发/发起,提交/确认/处理/退回/转交（按权限）,阈值触发,按流程配置；默认1个工作日,超时提醒→主管催办→高风险升级,仅退回到可编辑前置节点；关键财务/签署节点不得物理回退,操作者、身份、时间、前后值、原因、附件哈希、设备/IP
P063,客流预警,中心管理端,S02,阈值触发,客流采集,提交/确认/处理/退回/转交（按权限）,区域确认,按流程配置；默认1个工作日,超时提醒→主管催办→高风险升级,仅退回到可编辑前置节点；关键财务/签署节点不得物理回退,操作者、身份、时间、前后值、原因、附件哈希、设备/IP
P063,客流预警,中心管理端,S03,区域确认,阈值触发,提交/确认/处理/退回/转交（按权限）,疏导方案,1个工作日；高风险按制度,超时提醒→主管催办→高风险升级,仅退回到可编辑前置节点；关键财务/签署节点不得物理回退,操作者、身份、时间、前后值、原因、附件哈希、设备/IP
P063,客流预警,中心管理端,S04,疏导方案,区域确认,提交/确认/处理/退回/转交（按权限）,跨中心广播,按流程配置；默认1个工作日,超时提醒→主管催办→高风险升级,仅退回到可编辑前置节点；关键财务/签署节点不得物理回退,操作者、身份、时间、前后值、原因、附件哈希、设备/IP
P063,客流预警,中心管理端,S05,跨中心广播,疏导方案,提交/确认/处理/退回/转交（按权限）,现场执行,按流程配置；默认1个工作日,超时提醒→主管催办→高风险升级,仅退回到可编辑前置节点；关键财务/签署节点不得物理回退,操作者、身份、时间、前后值、原因、附件哈希、设备/IP
P063,客流预警,中心管理端,S06,现场执行,跨中心广播,提交/确认/处理/退回/转交（按权限）,解除预警,按计划时点/班次完成,超时提醒→主管催办→高风险升级,仅退回到可编辑前置节点；关键财务/签署节点不得物理回退,操作者、身份、时间、前后值、原因、附件哈希、设备/IP
P063,客流预警,中心管理端,S07,解除预警,现场执行,提交/确认/处理/退回/转交（按权限）,复盘,按流程配置；默认1个工作日,超时提醒→主管催办→高风险升级,仅退回到可编辑前置节点；关键财务/签署节点不得物理回退,操作者、身份、时间、前后值、原因、附件哈希、设备/IP
P063,客流预警,中心管理端,S08,复盘,解除预警,提交/确认/处理/退回/转交（按权限）,已关闭,事项关闭后2个工作日,超时提醒→主管催办→高风险升级,仅退回到可编辑前置节点；关键财务/签署节点不得物理回退,操作者、身份、时间、前后值、原因、附件哈希、设备/IP
P064,安全事件,中心管理端,S01,发现,流程触发/发起,提交/确认/处理/退回/转交（按权限）,人员保护,按流程配置；默认1个工作日,超时提醒→主管催办→高风险升级,仅退回到可编辑前置节点；关键财务/签署节点不得物理回退,操作者、身份、时间、前后值、原因、附件哈希、设备/IP
P064,安全事件,中心管理端,S02,人员保护,发现,提交/确认/处理/退回/转交（按权限）,报警/救援,按流程配置；默认1个工作日,超时提醒→主管催办→高风险升级,仅退回到可编辑前置节点；关键财务/签署节点不得物理回退,操作者、身份、时间、前后值、原因、附件哈希、设备/IP
P064,安全事件,中心管理端,S03,报警/救援,人员保护,提交/确认/处理/退回/转交（按权限）,现场隔离,立即响应；L3/L4 30分钟内升级,超时提醒→主管催办→高风险升级,仅退回到可编辑前置节点；关键财务/签署节点不得物理回退,操作者、身份、时间、前后值、原因、附件哈希、设备/IP
P064,安全事件,中心管理端,S04,现场隔离,报警/救援,提交/确认/处理/退回/转交（按权限）,证据保全,按流程配置；默认1个工作日,超时提醒→主管催办→高风险升级,仅退回到可编辑前置节点；关键财务/签署节点不得物理回退,操作者、身份、时间、前后值、原因、附件哈希、设备/IP
P064,安全事件,中心管理端,S05,证据保全,现场隔离,提交/确认/处理/退回/转交（按权限）,统一案件,按流程配置；默认1个工作日,超时提醒→主管催办→高风险升级,仅退回到可编辑前置节点；关键财务/签署节点不得物理回退,操作者、身份、时间、前后值、原因、附件哈希、设备/IP
P064,安全事件,中心管理端,S06,统一案件,证据保全,提交/确认/处理/退回/转交（按权限）,调查整改,按流程配置；默认1个工作日,超时提醒→主管催办→高风险升级,仅退回到可编辑前置节点；关键财务/签署节点不得物理回退,操作者、身份、时间、前后值、原因、附件哈希、设备/IP
P064,安全事件,中心管理端,S07,调查整改,统一案件,提交/确认/处理/退回/转交（按权限）,复查关闭,按流程配置；默认1个工作日,超时提醒→主管催办→高风险升级,仅退回到可编辑前置节点；关键财务/签署节点不得物理回退,操作者、身份、时间、前后值、原因、附件哈希、设备/IP
P064,安全事件,中心管理端,S08,复查关闭,调查整改,提交/确认/处理/退回/转交（按权限）,已关闭,按流程配置；默认1个工作日,超时提醒→主管催办→高风险升级,仅退回到可编辑前置节点；关键财务/签署节点不得物理回退,操作者、身份、时间、前后值、原因、附件哈希、设备/IP
P065,活动安保,中心管理端,S01,活动主单,流程触发/发起,提交/确认/处理/退回/转交（按权限）,风险评估,按流程配置；默认1个工作日,超时提醒→主管催办→高风险升级,仅退回到可编辑前置节点；关键财务/签署节点不得物理回退,操作者、身份、时间、前后值、原因、附件哈希、设备/IP
P065,活动安保,中心管理端,S02,风险评估,活动主单,提交/确认/处理/退回/转交（按权限）,岗位布置,立即响应；L3/L4 30分钟内升级,超时提醒→主管催办→高风险升级,仅退回到可编辑前置节点；关键财务/签署节点不得物理回退,操作者、身份、时间、前后值、原因、附件哈希、设备/IP
P065,活动安保,中心管理端,S03,岗位布置,风险评估,提交/确认/处理/退回/转交（按权限）,人员确认,按流程配置；默认1个工作日,超时提醒→主管催办→高风险升级,仅退回到可编辑前置节点；关键财务/签署节点不得物理回退,操作者、身份、时间、前后值、原因、附件哈希、设备/IP
P065,活动安保,中心管理端,S04,人员确认,岗位布置,提交/确认/处理/退回/转交（按权限）,现场指挥,1个工作日；高风险按制度,超时提醒→主管催办→高风险升级,仅退回到可编辑前置节点；关键财务/签署节点不得物理回退,操作者、身份、时间、前后值、原因、附件哈希、设备/IP
P065,活动安保,中心管理端,S05,现场指挥,人员确认,提交/确认/处理/退回/转交（按权限）,异常处置,按流程配置；默认1个工作日,超时提醒→主管催办→高风险升级,仅退回到可编辑前置节点；关键财务/签署节点不得物理回退,操作者、身份、时间、前后值、原因、附件哈希、设备/IP
P065,活动安保,中心管理端,S06,异常处置,现场指挥,提交/确认/处理/退回/转交（按权限）,撤场清点,立即响应；L3/L4 30分钟内升级,超时提醒→主管催办→高风险升级,仅退回到可编辑前置节点；关键财务/签署节点不得物理回退,操作者、身份、时间、前后值、原因、附件哈希、设备/IP
P065,活动安保,中心管理端,S07,撤场清点,异常处置,提交/确认/处理/退回/转交（按权限）,复盘,按流程配置；默认1个工作日,超时提醒→主管催办→高风险升级,仅退回到可编辑前置节点；关键财务/签署节点不得物理回退,操作者、身份、时间、前后值、原因、附件哈希、设备/IP
P065,活动安保,中心管理端,S08,复盘,撤场清点,提交/确认/处理/退回/转交（按权限）,已关闭,事项关闭后2个工作日,超时提醒→主管催办→高风险升级,仅退回到可编辑前置节点；关键财务/签署节点不得物理回退,操作者、身份、时间、前后值、原因、附件哈希、设备/IP
P066,日常清洁,中心管理端,S01,计划生成,流程触发/发起,提交/确认/处理/退回/转交（按权限）,班次分派,按流程配置；默认1个工作日,超时提醒→主管催办→高风险升级,仅退回到可编辑前置节点；关键财务/签署节点不得物理回退,操作者、身份、时间、前后值、原因、附件哈希、设备/IP
P066,日常清洁,中心管理端,S02,班次分派,计划生成,提交/确认/处理/退回/转交（按权限）,任务接收,按流程配置；默认1个工作日,超时提醒→主管催办→高风险升级,仅退回到可编辑前置节点；关键财务/签署节点不得物理回退,操作者、身份、时间、前后值、原因、附件哈希、设备/IP
P066,日常清洁,中心管理端,S03,任务接收,班次分派,提交/确认/处理/退回/转交（按权限）,作业,按流程配置；默认1个工作日,超时提醒→主管催办→高风险升级,仅退回到可编辑前置节点；关键财务/签署节点不得物理回退,操作者、身份、时间、前后值、原因、附件哈希、设备/IP
P066,日常清洁,中心管理端,S04,作业,任务接收,提交/确认/处理/退回/转交（按权限）,自检,按计划时点/班次完成,超时提醒→主管催办→高风险升级,仅退回到可编辑前置节点；关键财务/签署节点不得物理回退,操作者、身份、时间、前后值、原因、附件哈希、设备/IP
P066,日常清洁,中心管理端,S05,自检,作业,提交/确认/处理/退回/转交（按权限）,巡检,按流程配置；默认1个工作日,超时提醒→主管催办→高风险升级,仅退回到可编辑前置节点；关键财务/签署节点不得物理回退,操作者、身份、时间、前后值、原因、附件哈希、设备/IP
P066,日常清洁,中心管理端,S06,巡检,自检,提交/确认/处理/退回/转交（按权限）,不合格返工,按计划时点/班次完成,超时提醒→主管催办→高风险升级,仅退回到可编辑前置节点；关键财务/签署节点不得物理回退,操作者、身份、时间、前后值、原因、附件哈希、设备/IP
P066,日常清洁,中心管理端,S07,不合格返工,巡检,提交/确认/处理/退回/转交（按权限）,验收,按流程配置；默认1个工作日,超时提醒→主管催办→高风险升级,仅退回到可编辑前置节点；关键财务/签署节点不得物理回退,操作者、身份、时间、前后值、原因、附件哈希、设备/IP
P066,日常清洁,中心管理端,S08,验收,不合格返工,提交/确认/处理/退回/转交（按权限）,已关闭,1个工作日；高风险按制度,超时提醒→主管催办→高风险升级,仅退回到可编辑前置节点；关键财务/签署节点不得物理回退,操作者、身份、时间、前后值、原因、附件哈希、设备/IP
P067,污染应急,中心管理端,S01,发现,流程触发/发起,提交/确认/处理/退回/转交（按权限）,设置警示,按流程配置；默认1个工作日,超时提醒→主管催办→高风险升级,仅退回到可编辑前置节点；关键财务/签署节点不得物理回退,操作者、身份、时间、前后值、原因、附件哈希、设备/IP
P067,污染应急,中心管理端,S02,设置警示,发现,提交/确认/处理/退回/转交（按权限）,快速清理,按流程配置；默认1个工作日,超时提醒→主管催办→高风险升级,仅退回到可编辑前置节点；关键财务/签署节点不得物理回退,操作者、身份、时间、前后值、原因、附件哈希、设备/IP
P067,污染应急,中心管理端,S03,快速清理,设置警示,提交/确认/处理/退回/转交（按权限）,必要时协同安保,按流程配置；默认1个工作日,超时提醒→主管催办→高风险升级,仅退回到可编辑前置节点；关键财务/签署节点不得物理回退,操作者、身份、时间、前后值、原因、附件哈希、设备/IP
P067,污染应急,中心管理端,S04,必要时协同安保,快速清理,提交/确认/处理/退回/转交（按权限）,复查,按流程配置；默认1个工作日,超时提醒→主管催办→高风险升级,仅退回到可编辑前置节点；关键财务/签署节点不得物理回退,操作者、身份、时间、前后值、原因、附件哈希、设备/IP
P067,污染应急,中心管理端,S05,复查,必要时协同安保,提交/确认/处理/退回/转交（按权限）,原因记录,按流程配置；默认1个工作日,超时提醒→主管催办→高风险升级,仅退回到可编辑前置节点；关键财务/签署节点不得物理回退,操作者、身份、时间、前后值、原因、附件哈希、设备/IP
P067,污染应急,中心管理端,S06,原因记录,复查,提交/确认/处理/退回/转交（按权限）,关闭,按流程配置；默认1个工作日,超时提醒→主管催办→高风险升级,仅退回到可编辑前置节点；关键财务/签署节点不得物理回退,操作者、身份、时间、前后值、原因、附件哈希、设备/IP
P067,污染应急,中心管理端,S07,关闭,原因记录,提交/确认/处理/退回/转交（按权限）,已关闭,按流程配置；默认1个工作日,超时提醒→主管催办→高风险升级,仅退回到可编辑前置节点；关键财务/签署节点不得物理回退,操作者、身份、时间、前后值、原因、附件哈希、设备/IP
P068,活动保障,中心管理端,S01,活动需求,流程触发/发起,提交/确认/处理/退回/转交（按权限）,区域工作量评估,按流程配置；默认1个工作日,超时提醒→主管催办→高风险升级,仅退回到可编辑前置节点；关键财务/签署节点不得物理回退,操作者、身份、时间、前后值、原因、附件哈希、设备/IP
P068,活动保障,中心管理端,S02,区域工作量评估,活动需求,提交/确认/处理/退回/转交（按权限）,人员耗材计划,按流程配置；默认1个工作日,超时提醒→主管催办→高风险升级,仅退回到可编辑前置节点；关键财务/签署节点不得物理回退,操作者、身份、时间、前后值、原因、附件哈希、设备/IP
P068,活动保障,中心管理端,S03,人员耗材计划,区域工作量评估,提交/确认/处理/退回/转交（按权限）,现场执行,按流程配置；默认1个工作日,超时提醒→主管催办→高风险升级,仅退回到可编辑前置节点；关键财务/签署节点不得物理回退,操作者、身份、时间、前后值、原因、附件哈希、设备/IP
P068,活动保障,中心管理端,S04,现场执行,人员耗材计划,提交/确认/处理/退回/转交（按权限）,动态补位,按计划时点/班次完成,超时提醒→主管催办→高风险升级,仅退回到可编辑前置节点；关键财务/签署节点不得物理回退,操作者、身份、时间、前后值、原因、附件哈希、设备/IP
P068,活动保障,中心管理端,S05,动态补位,现场执行,提交/确认/处理/退回/转交（按权限）,撤场清洁,按流程配置；默认1个工作日,超时提醒→主管催办→高风险升级,仅退回到可编辑前置节点；关键财务/签署节点不得物理回退,操作者、身份、时间、前后值、原因、附件哈希、设备/IP
P068,活动保障,中心管理端,S06,撤场清洁,动态补位,提交/确认/处理/退回/转交（按权限）,验收复盘,按计划时点/班次完成,超时提醒→主管催办→高风险升级,仅退回到可编辑前置节点；关键财务/签署节点不得物理回退,操作者、身份、时间、前后值、原因、附件哈希、设备/IP
P068,活动保障,中心管理端,S07,验收复盘,撤场清洁,提交/确认/处理/退回/转交（按权限）,已关闭,1个工作日；高风险按制度,超时提醒→主管催办→高风险升级,仅退回到可编辑前置节点；关键财务/签署节点不得物理回退,操作者、身份、时间、前后值、原因、附件哈希、设备/IP
P069,商户准入,中心管理端,S01,商户申请,流程触发/发起,提交/确认/处理/退回/转交（按权限）,资质核验,按流程配置；默认1个工作日,超时提醒→主管催办→高风险升级,仅退回到可编辑前置节点；关键财务/签署节点不得物理回退,操作者、身份、时间、前后值、原因、附件哈希、设备/IP
P069,商户准入,中心管理端,S02,资质核验,商户申请,提交/确认/处理/退回/转交（按权限）,品类与位置评审,按流程配置；默认1个工作日,超时提醒→主管催办→高风险升级,仅退回到可编辑前置节点；关键财务/签署节点不得物理回退,操作者、身份、时间、前后值、原因、附件哈希、设备/IP
P069,商户准入,中心管理端,S03,品类与位置评审,资质核验,提交/确认/处理/退回/转交（按权限）,合同协同,1个工作日；高风险按制度,超时提醒→主管催办→高风险升级,仅退回到可编辑前置节点；关键财务/签署节点不得物理回退,操作者、身份、时间、前后值、原因、附件哈希、设备/IP
P069,商户准入,中心管理端,S04,合同协同,品类与位置评审,提交/确认/处理/退回/转交（按权限）,装修/进场,按流程配置；默认1个工作日,超时提醒→主管催办→高风险升级,仅退回到可编辑前置节点；关键财务/签署节点不得物理回退,操作者、身份、时间、前后值、原因、附件哈希、设备/IP
P069,商户准入,中心管理端,S05,装修/进场,合同协同,提交/确认/处理/退回/转交（按权限）,验收,按流程配置；默认1个工作日,超时提醒→主管催办→高风险升级,仅退回到可编辑前置节点；关键财务/签署节点不得物理回退,操作者、身份、时间、前后值、原因、附件哈希、设备/IP
P069,商户准入,中心管理端,S06,验收,装修/进场,提交/确认/处理/退回/转交（按权限）,开业,1个工作日；高风险按制度,超时提醒→主管催办→高风险升级,仅退回到可编辑前置节点；关键财务/签署节点不得物理回退,操作者、身份、时间、前后值、原因、附件哈希、设备/IP
P069,商户准入,中心管理端,S07,开业,验收,提交/确认/处理/退回/转交（按权限）,已关闭,按流程配置；默认1个工作日,超时提醒→主管催办→高风险升级,仅退回到可编辑前置节点；关键财务/签署节点不得物理回退,操作者、身份、时间、前后值、原因、附件哈希、设备/IP
P070,日常巡检,中心管理端,S01,巡检计划,流程触发/发起,提交/确认/处理/退回/转交（按权限）,现场检查,按计划时点/班次完成,超时提醒→主管催办→高风险升级,仅退回到可编辑前置节点；关键财务/签署节点不得物理回退,操作者、身份、时间、前后值、原因、附件哈希、设备/IP
P070,日常巡检,中心管理端,S02,现场检查,巡检计划,提交/确认/处理/退回/转交（按权限）,问题记录,按流程配置；默认1个工作日,超时提醒→主管催办→高风险升级,仅退回到可编辑前置节点；关键财务/签署节点不得物理回退,操作者、身份、时间、前后值、原因、附件哈希、设备/IP
P070,日常巡检,中心管理端,S03,问题记录,现场检查,提交/确认/处理/退回/转交（按权限）,整改通知,按流程配置；默认1个工作日,超时提醒→主管催办→高风险升级,仅退回到可编辑前置节点；关键财务/签署节点不得物理回退,操作者、身份、时间、前后值、原因、附件哈希、设备/IP
P070,日常巡检,中心管理端,S04,整改通知,问题记录,提交/确认/处理/退回/转交（按权限）,商户反馈,按流程配置；默认1个工作日,超时提醒→主管催办→高风险升级,仅退回到可编辑前置节点；关键财务/签署节点不得物理回退,操作者、身份、时间、前后值、原因、附件哈希、设备/IP
P070,日常巡检,中心管理端,S05,商户反馈,整改通知,提交/确认/处理/退回/转交（按权限）,复查,按流程配置；默认1个工作日,超时提醒→主管催办→高风险升级,仅退回到可编辑前置节点；关键财务/签署节点不得物理回退,操作者、身份、时间、前后值、原因、附件哈希、设备/IP
P070,日常巡检,中心管理端,S06,复查,商户反馈,提交/确认/处理/退回/转交（按权限）,关闭或升级案件,按流程配置；默认1个工作日,超时提醒→主管催办→高风险升级,仅退回到可编辑前置节点；关键财务/签署节点不得物理回退,操作者、身份、时间、前后值、原因、附件哈希、设备/IP
P070,日常巡检,中心管理端,S07,关闭或升级案件,复查,提交/确认/处理/退回/转交（按权限）,已关闭,按流程配置；默认1个工作日,超时提醒→主管催办→高风险升级,仅退回到可编辑前置节点；关键财务/签署节点不得物理回退,操作者、身份、时间、前后值、原因、附件哈希、设备/IP
P071,退场,中心管理端,S01,退场申请或合同到期,流程触发/发起,提交/确认/处理/退回/转交（按权限）,费用核对,按流程配置；默认1个工作日,超时提醒→主管催办→高风险升级,仅退回到可编辑前置节点；关键财务/签署节点不得物理回退,操作者、身份、时间、前后值、原因、附件哈希、设备/IP
P071,退场,中心管理端,S02,费用核对,退场申请或合同到期,提交/确认/处理/退回/转交（按权限）,资产和场地检查,按流程配置；默认1个工作日,超时提醒→主管催办→高风险升级,仅退回到可编辑前置节点；关键财务/签署节点不得物理回退,操作者、身份、时间、前后值、原因、附件哈希、设备/IP
P071,退场,中心管理端,S03,资产和场地检查,费用核对,提交/确认/处理/退回/转交（按权限）,钥匙门禁回收,按流程配置；默认1个工作日,超时提醒→主管催办→高风险升级,仅退回到可编辑前置节点；关键财务/签署节点不得物理回退,操作者、身份、时间、前后值、原因、附件哈希、设备/IP
P071,退场,中心管理端,S04,钥匙门禁回收,资产和场地检查,提交/确认/处理/退回/转交（按权限）,恢复验收,按流程配置；默认1个工作日,超时提醒→主管催办→高风险升级,仅退回到可编辑前置节点；关键财务/签署节点不得物理回退,操作者、身份、时间、前后值、原因、附件哈希、设备/IP
P071,退场,中心管理端,S05,恢复验收,钥匙门禁回收,提交/确认/处理/退回/转交（按权限）,合同财务回写,1个工作日；高风险按制度,超时提醒→主管催办→高风险升级,仅退回到可编辑前置节点；关键财务/签署节点不得物理回退,操作者、身份、时间、前后值、原因、附件哈希、设备/IP
P071,退场,中心管理端,S06,合同财务回写,恢复验收,提交/确认/处理/退回/转交（按权限）,关闭,按流程配置；默认1个工作日,超时提醒→主管催办→高风险升级,仅退回到可编辑前置节点；关键财务/签署节点不得物理回退,操作者、身份、时间、前后值、原因、附件哈希、设备/IP
P071,退场,中心管理端,S07,关闭,合同财务回写,提交/确认/处理/退回/转交（按权限）,已关闭,按流程配置；默认1个工作日,超时提醒→主管催办→高风险升级,仅退回到可编辑前置节点；关键财务/签署节点不得物理回退,操作者、身份、时间、前后值、原因、附件哈希、设备/IP
P072,节目上线,中心管理端,S01,节目立项,流程触发/发起,提交/确认/处理/退回/转交（按权限）,创排,按流程配置；默认1个工作日,超时提醒→主管催办→高风险升级,仅退回到可编辑前置节点；关键财务/签署节点不得物理回退,操作者、身份、时间、前后值、原因、附件哈希、设备/IP
P072,节目上线,中心管理端,S02,创排,节目立项,提交/确认/处理/退回/转交（按权限）,角色设计,按流程配置；默认1个工作日,超时提醒→主管催办→高风险升级,仅退回到可编辑前置节点；关键财务/签署节点不得物理回退,操作者、身份、时间、前后值、原因、附件哈希、设备/IP
P072,节目上线,中心管理端,S03,角色设计,创排,提交/确认/处理/退回/转交（按权限）,排练,按流程配置；默认1个工作日,超时提醒→主管催办→高风险升级,仅退回到可编辑前置节点；关键财务/签署节点不得物理回退,操作者、身份、时间、前后值、原因、附件哈希、设备/IP
P072,节目上线,中心管理端,S04,排练,角色设计,提交/确认/处理/退回/转交（按权限）,艺术技术安全评审,按流程配置；默认1个工作日,超时提醒→主管催办→高风险升级,仅退回到可编辑前置节点；关键财务/签署节点不得物理回退,操作者、身份、时间、前后值、原因、附件哈希、设备/IP
P072,节目上线,中心管理端,S05,艺术技术安全评审,排练,提交/确认/处理/退回/转交（按权限）,试演,1个工作日；高风险按制度,超时提醒→主管催办→高风险升级,仅退回到可编辑前置节点；关键财务/签署节点不得物理回退,操作者、身份、时间、前后值、原因、附件哈希、设备/IP
P072,节目上线,中心管理端,S06,试演,艺术技术安全评审,提交/确认/处理/退回/转交（按权限）,版本批准,按流程配置；默认1个工作日,超时提醒→主管催办→高风险升级,仅退回到可编辑前置节点；关键财务/签署节点不得物理回退,操作者、身份、时间、前后值、原因、附件哈希、设备/IP
P072,节目上线,中心管理端,S07,版本批准,试演,提交/确认/处理/退回/转交（按权限）,排期,按流程配置；默认1个工作日,超时提醒→主管催办→高风险升级,仅退回到可编辑前置节点；关键财务/签署节点不得物理回退,操作者、身份、时间、前后值、原因、附件哈希、设备/IP
P072,节目上线,中心管理端,S08,排期,版本批准,提交/确认/处理/退回/转交（按权限）,已关闭,按流程配置；默认1个工作日,超时提醒→主管催办→高风险升级,仅退回到可编辑前置节点；关键财务/签署节点不得物理回退,操作者、身份、时间、前后值、原因、附件哈希、设备/IP
P073,场次执行,中心管理端,S01,场次发布,流程触发/发起,提交/确认/处理/退回/转交（按权限）,演员排班,按流程配置；默认1个工作日,超时提醒→主管催办→高风险升级,仅退回到可编辑前置节点；关键财务/签署节点不得物理回退,操作者、身份、时间、前后值、原因、附件哈希、设备/IP
P073,场次执行,中心管理端,S02,演员排班,场次发布,提交/确认/处理/退回/转交（按权限）,冲突校验,按流程配置；默认1个工作日,超时提醒→主管催办→高风险升级,仅退回到可编辑前置节点；关键财务/签署节点不得物理回退,操作者、身份、时间、前后值、原因、附件哈希、设备/IP
P073,场次执行,中心管理端,S03,冲突校验,演员排班,提交/确认/处理/退回/转交（按权限）,替补确认,按流程配置；默认1个工作日,超时提醒→主管催办→高风险升级,仅退回到可编辑前置节点；关键财务/签署节点不得物理回退,操作者、身份、时间、前后值、原因、附件哈希、设备/IP
P073,场次执行,中心管理端,S04,替补确认,冲突校验,提交/确认/处理/退回/转交（按权限）,场前检查,1个工作日；高风险按制度,超时提醒→主管催办→高风险升级,仅退回到可编辑前置节点；关键财务/签署节点不得物理回退,操作者、身份、时间、前后值、原因、附件哈希、设备/IP
P073,场次执行,中心管理端,S05,场前检查,替补确认,提交/确认/处理/退回/转交（按权限）,演出,按流程配置；默认1个工作日,超时提醒→主管催办→高风险升级,仅退回到可编辑前置节点；关键财务/签署节点不得物理回退,操作者、身份、时间、前后值、原因、附件哈希、设备/IP
P073,场次执行,中心管理端,S06,演出,场前检查,提交/确认/处理/退回/转交（按权限）,结果确认,按计划时点/班次完成,超时提醒→主管催办→高风险升级,仅退回到可编辑前置节点；关键财务/签署节点不得物理回退,操作者、身份、时间、前后值、原因、附件哈希、设备/IP
P073,场次执行,中心管理端,S07,结果确认,演出,提交/确认/处理/退回/转交（按权限）,异常复盘,1个工作日；高风险按制度,超时提醒→主管催办→高风险升级,仅退回到可编辑前置节点；关键财务/签署节点不得物理回退,操作者、身份、时间、前后值、原因、附件哈希、设备/IP
P073,场次执行,中心管理端,S08,异常复盘,结果确认,提交/确认/处理/退回/转交（按权限）,已关闭,立即响应；L3/L4 30分钟内升级,超时提醒→主管催办→高风险升级,仅退回到可编辑前置节点；关键财务/签署节点不得物理回退,操作者、身份、时间、前后值、原因、附件哈希、设备/IP
P074,临时缺员,中心管理端,S01,缺员报告,流程触发/发起,提交/确认/处理/退回/转交（按权限）,替补资格校验,事项关闭后2个工作日,超时提醒→主管催办→高风险升级,仅退回到可编辑前置节点；关键财务/签署节点不得物理回退,操作者、身份、时间、前后值、原因、附件哈希、设备/IP
P074,临时缺员,中心管理端,S02,替补资格校验,缺员报告,提交/确认/处理/退回/转交（按权限）,排班变更,按流程配置；默认1个工作日,超时提醒→主管催办→高风险升级,仅退回到可编辑前置节点；关键财务/签署节点不得物理回退,操作者、身份、时间、前后值、原因、附件哈希、设备/IP
P074,临时缺员,中心管理端,S03,排班变更,替补资格校验,提交/确认/处理/退回/转交（按权限）,相关部门通知,按流程配置；默认1个工作日,超时提醒→主管催办→高风险升级,仅退回到可编辑前置节点；关键财务/签署节点不得物理回退,操作者、身份、时间、前后值、原因、附件哈希、设备/IP
P074,临时缺员,中心管理端,S04,相关部门通知,排班变更,提交/确认/处理/退回/转交（按权限）,场前确认,按流程配置；默认1个工作日,超时提醒→主管催办→高风险升级,仅退回到可编辑前置节点；关键财务/签署节点不得物理回退,操作者、身份、时间、前后值、原因、附件哈希、设备/IP
P074,临时缺员,中心管理端,S05,场前确认,相关部门通知,提交/确认/处理/退回/转交（按权限）,结果记录,1个工作日；高风险按制度,超时提醒→主管催办→高风险升级,仅退回到可编辑前置节点；关键财务/签署节点不得物理回退,操作者、身份、时间、前后值、原因、附件哈希、设备/IP
P074,临时缺员,中心管理端,S06,结果记录,场前确认,提交/确认/处理/退回/转交（按权限）,已关闭,按流程配置；默认1个工作日,超时提醒→主管催办→高风险升级,仅退回到可编辑前置节点；关键财务/签署节点不得物理回退,操作者、身份、时间、前后值、原因、附件哈希、设备/IP
P075,停演,中心管理端,S01,风险发现,流程触发/发起,提交/确认/处理/退回/转交（按权限）,暂停/取消决定,立即响应；L3/L4 30分钟内升级,超时提醒→主管催办→高风险升级,仅退回到可编辑前置节点；关键财务/签署节点不得物理回退,操作者、身份、时间、前后值、原因、附件哈希、设备/IP
P075,停演,中心管理端,S02,暂停/取消决定,风险发现,提交/确认/处理/退回/转交（按权限）,游客与运营通知,按流程配置；默认1个工作日,超时提醒→主管催办→高风险升级,仅退回到可编辑前置节点；关键财务/签署节点不得物理回退,操作者、身份、时间、前后值、原因、附件哈希、设备/IP
P075,停演,中心管理端,S03,游客与运营通知,暂停/取消决定,提交/确认/处理/退回/转交（按权限）,技术和票务协同,按流程配置；默认1个工作日,超时提醒→主管催办→高风险升级,仅退回到可编辑前置节点；关键财务/签署节点不得物理回退,操作者、身份、时间、前后值、原因、附件哈希、设备/IP
P075,停演,中心管理端,S04,技术和票务协同,游客与运营通知,提交/确认/处理/退回/转交（按权限）,原因调查,按流程配置；默认1个工作日,超时提醒→主管催办→高风险升级,仅退回到可编辑前置节点；关键财务/签署节点不得物理回退,操作者、身份、时间、前后值、原因、附件哈希、设备/IP
P075,停演,中心管理端,S05,原因调查,技术和票务协同,提交/确认/处理/退回/转交（按权限）,复演条件确认,按流程配置；默认1个工作日,超时提醒→主管催办→高风险升级,仅退回到可编辑前置节点；关键财务/签署节点不得物理回退,操作者、身份、时间、前后值、原因、附件哈希、设备/IP
P075,停演,中心管理端,S06,复演条件确认,原因调查,提交/确认/处理/退回/转交（按权限）,已关闭,1个工作日；高风险按制度,超时提醒→主管催办→高风险升级,仅退回到可编辑前置节点；关键财务/签署节点不得物理回退,操作者、身份、时间、前后值、原因、附件哈希、设备/IP
P076,场次准备,中心管理端,S01,读取节目版本,流程触发/发起,提交/确认/处理/退回/转交（按权限）,生成配置清单,按流程配置；默认1个工作日,超时提醒→主管催办→高风险升级,仅退回到可编辑前置节点；关键财务/签署节点不得物理回退,操作者、身份、时间、前后值、原因、附件哈希、设备/IP
P076,场次准备,中心管理端,S02,生成配置清单,读取节目版本,提交/确认/处理/退回/转交（按权限）,备货,按流程配置；默认1个工作日,超时提醒→主管催办→高风险升级,仅退回到可编辑前置节点；关键财务/签署节点不得物理回退,操作者、身份、时间、前后值、原因、附件哈希、设备/IP
P076,场次准备,中心管理端,S03,备货,生成配置清单,提交/确认/处理/退回/转交（按权限）,状态检查,按流程配置；默认1个工作日,超时提醒→主管催办→高风险升级,仅退回到可编辑前置节点；关键财务/签署节点不得物理回退,操作者、身份、时间、前后值、原因、附件哈希、设备/IP
P076,场次准备,中心管理端,S04,状态检查,备货,提交/确认/处理/退回/转交（按权限）,领用签收,按流程配置；默认1个工作日,超时提醒→主管催办→高风险升级,仅退回到可编辑前置节点；关键财务/签署节点不得物理回退,操作者、身份、时间、前后值、原因、附件哈希、设备/IP
P076,场次准备,中心管理端,S05,领用签收,状态检查,提交/确认/处理/退回/转交（按权限）,场次使用,按流程配置；默认1个工作日,超时提醒→主管催办→高风险升级,仅退回到可编辑前置节点；关键财务/签署节点不得物理回退,操作者、身份、时间、前后值、原因、附件哈希、设备/IP
P076,场次准备,中心管理端,S06,场次使用,领用签收,提交/确认/处理/退回/转交（按权限）,归还验收,按流程配置；默认1个工作日,超时提醒→主管催办→高风险升级,仅退回到可编辑前置节点；关键财务/签署节点不得物理回退,操作者、身份、时间、前后值、原因、附件哈希、设备/IP
P076,场次准备,中心管理端,S07,归还验收,场次使用,提交/确认/处理/退回/转交（按权限）,清洁维护,1个工作日；高风险按制度,超时提醒→主管催办→高风险升级,仅退回到可编辑前置节点；关键财务/签署节点不得物理回退,操作者、身份、时间、前后值、原因、附件哈希、设备/IP
P076,场次准备,中心管理端,S08,清洁维护,归还验收,提交/确认/处理/退回/转交（按权限）,已关闭,按计划时点/班次完成,超时提醒→主管催办→高风险升级,仅退回到可编辑前置节点；关键财务/签署节点不得物理回退,操作者、身份、时间、前后值、原因、附件哈希、设备/IP
P077,损坏报损,中心管理端,S01,归还发现异常,流程触发/发起,提交/确认/处理/退回/转交（按权限）,隔离,立即响应；L3/L4 30分钟内升级,超时提醒→主管催办→高风险升级,仅退回到可编辑前置节点；关键财务/签署节点不得物理回退,操作者、身份、时间、前后值、原因、附件哈希、设备/IP
P077,损坏报损,中心管理端,S02,隔离,归还发现异常,提交/确认/处理/退回/转交（按权限）,专业鉴定,按流程配置；默认1个工作日,超时提醒→主管催办→高风险升级,仅退回到可编辑前置节点；关键财务/签署节点不得物理回退,操作者、身份、时间、前后值、原因、附件哈希、设备/IP
P077,损坏报损,中心管理端,S03,专业鉴定,隔离,提交/确认/处理/退回/转交（按权限）,维修/报损建议,按流程配置；默认1个工作日,超时提醒→主管催办→高风险升级,仅退回到可编辑前置节点；关键财务/签署节点不得物理回退,操作者、身份、时间、前后值、原因、附件哈希、设备/IP
P077,损坏报损,中心管理端,S04,维修/报损建议,专业鉴定,提交/确认/处理/退回/转交（按权限）,审批,按计划时点/班次完成,超时提醒→主管催办→高风险升级,仅退回到可编辑前置节点；关键财务/签署节点不得物理回退,操作者、身份、时间、前后值、原因、附件哈希、设备/IP
P077,损坏报损,中心管理端,S05,审批,维修/报损建议,提交/确认/处理/退回/转交（按权限）,维修或资产处置,1个工作日；高风险按制度,超时提醒→主管催办→高风险升级,仅退回到可编辑前置节点；关键财务/签署节点不得物理回退,操作者、身份、时间、前后值、原因、附件哈希、设备/IP
P077,损坏报损,中心管理端,S06,维修或资产处置,审批,提交/确认/处理/退回/转交（按权限）,状态回写,按计划时点/班次完成,超时提醒→主管催办→高风险升级,仅退回到可编辑前置节点；关键财务/签署节点不得物理回退,操作者、身份、时间、前后值、原因、附件哈希、设备/IP
P077,损坏报损,中心管理端,S07,状态回写,维修或资产处置,提交/确认/处理/退回/转交（按权限）,已关闭,按流程配置；默认1个工作日,超时提醒→主管催办→高风险升级,仅退回到可编辑前置节点；关键财务/签署节点不得物理回退,操作者、身份、时间、前后值、原因、附件哈希、设备/IP
P078,盘点,中心管理端,S01,计划,流程触发/发起,提交/确认/处理/退回/转交（按权限）,分区冻结,按流程配置；默认1个工作日,超时提醒→主管催办→高风险升级,仅退回到可编辑前置节点；关键财务/签署节点不得物理回退,操作者、身份、时间、前后值、原因、附件哈希、设备/IP
P078,盘点,中心管理端,S02,分区冻结,计划,提交/确认/处理/退回/转交（按权限）,实盘,按流程配置；默认1个工作日,超时提醒→主管催办→高风险升级,仅退回到可编辑前置节点；关键财务/签署节点不得物理回退,操作者、身份、时间、前后值、原因、附件哈希、设备/IP
P078,盘点,中心管理端,S03,实盘,分区冻结,提交/确认/处理/退回/转交（按权限）,差异,按流程配置；默认1个工作日,超时提醒→主管催办→高风险升级,仅退回到可编辑前置节点；关键财务/签署节点不得物理回退,操作者、身份、时间、前后值、原因、附件哈希、设备/IP
P078,盘点,中心管理端,S04,差异,实盘,提交/确认/处理/退回/转交（按权限）,追溯场次领用,按流程配置；默认1个工作日,超时提醒→主管催办→高风险升级,仅退回到可编辑前置节点；关键财务/签署节点不得物理回退,操作者、身份、时间、前后值、原因、附件哈希、设备/IP
P078,盘点,中心管理端,S05,追溯场次领用,差异,提交/确认/处理/退回/转交（按权限）,处理,按流程配置；默认1个工作日,超时提醒→主管催办→高风险升级,仅退回到可编辑前置节点；关键财务/签署节点不得物理回退,操作者、身份、时间、前后值、原因、附件哈希、设备/IP
P078,盘点,中心管理端,S06,处理,追溯场次领用,提交/确认/处理/退回/转交（按权限）,复核,按流程配置；默认1个工作日,超时提醒→主管催办→高风险升级,仅退回到可编辑前置节点；关键财务/签署节点不得物理回退,操作者、身份、时间、前后值、原因、附件哈希、设备/IP
P078,盘点,中心管理端,S07,复核,处理,提交/确认/处理/退回/转交（按权限）,已关闭,1个工作日；高风险按制度,超时提醒→主管催办→高风险升级,仅退回到可编辑前置节点；关键财务/签署节点不得物理回退,操作者、身份、时间、前后值、原因、附件哈希、设备/IP
P079,飞行任务,中心管理端,S01,任务申请,流程触发/发起,提交/确认/处理/退回/转交（按权限）,区域与用途审核,按流程配置；默认1个工作日,超时提醒→主管催办→高风险升级,仅退回到可编辑前置节点；关键财务/签署节点不得物理回退,操作者、身份、时间、前后值、原因、附件哈希、设备/IP
P079,飞行任务,中心管理端,S02,区域与用途审核,任务申请,提交/确认/处理/退回/转交（按权限）,资质设备校验,1个工作日；高风险按制度,超时提醒→主管催办→高风险升级,仅退回到可编辑前置节点；关键财务/签署节点不得物理回退,操作者、身份、时间、前后值、原因、附件哈希、设备/IP
P079,飞行任务,中心管理端,S03,资质设备校验,区域与用途审核,提交/确认/处理/退回/转交（按权限）,气象与报备,按流程配置；默认1个工作日,超时提醒→主管催办→高风险升级,仅退回到可编辑前置节点；关键财务/签署节点不得物理回退,操作者、身份、时间、前后值、原因、附件哈希、设备/IP
P079,飞行任务,中心管理端,S04,气象与报备,资质设备校验,提交/确认/处理/退回/转交（按权限）,计划批准,按流程配置；默认1个工作日,超时提醒→主管催办→高风险升级,仅退回到可编辑前置节点；关键财务/签署节点不得物理回退,操作者、身份、时间、前后值、原因、附件哈希、设备/IP
P079,飞行任务,中心管理端,S05,计划批准,气象与报备,提交/确认/处理/退回/转交（按权限）,场前检查,按流程配置；默认1个工作日,超时提醒→主管催办→高风险升级,仅退回到可编辑前置节点；关键财务/签署节点不得物理回退,操作者、身份、时间、前后值、原因、附件哈希、设备/IP
P079,飞行任务,中心管理端,S06,场前检查,计划批准,提交/确认/处理/退回/转交（按权限）,飞行,按流程配置；默认1个工作日,超时提醒→主管催办→高风险升级,仅退回到可编辑前置节点；关键财务/签署节点不得物理回退,操作者、身份、时间、前后值、原因、附件哈希、设备/IP
P079,飞行任务,中心管理端,S07,飞行,场前检查,提交/确认/处理/退回/转交（按权限）,日志回传,按计划时点/班次完成,超时提醒→主管催办→高风险升级,仅退回到可编辑前置节点；关键财务/签署节点不得物理回退,操作者、身份、时间、前后值、原因、附件哈希、设备/IP
P079,飞行任务,中心管理端,S08,日志回传,飞行,提交/确认/处理/退回/转交（按权限）,验收归档,按流程配置；默认1个工作日,超时提醒→主管催办→高风险升级,仅退回到可编辑前置节点；关键财务/签署节点不得物理回退,操作者、身份、时间、前后值、原因、附件哈希、设备/IP
P079,飞行任务,中心管理端,S09,验收归档,日志回传,提交/确认/处理/退回/转交（按权限）,已关闭,1个工作日；高风险按制度,超时提醒→主管催办→高风险升级,仅退回到可编辑前置节点；关键财务/签署节点不得物理回退,操作者、身份、时间、前后值、原因、附件哈希、设备/IP
P080,任务取消,中心管理端,S01,天气或风险触发,流程触发/发起,提交/确认/处理/退回/转交（按权限）,暂停,立即响应；L3/L4 30分钟内升级,超时提醒→主管催办→高风险升级,仅退回到可编辑前置节点；关键财务/签署节点不得物理回退,操作者、身份、时间、前后值、原因、附件哈希、设备/IP
P080,任务取消,中心管理端,S02,暂停,天气或风险触发,提交/确认/处理/退回/转交（按权限）,相关中心通知,按流程配置；默认1个工作日,超时提醒→主管催办→高风险升级,仅退回到可编辑前置节点；关键财务/签署节点不得物理回退,操作者、身份、时间、前后值、原因、附件哈希、设备/IP
P080,任务取消,中心管理端,S03,相关中心通知,暂停,提交/确认/处理/退回/转交（按权限）,设备解除锁定,按流程配置；默认1个工作日,超时提醒→主管催办→高风险升级,仅退回到可编辑前置节点；关键财务/签署节点不得物理回退,操作者、身份、时间、前后值、原因、附件哈希、设备/IP
P080,任务取消,中心管理端,S04,设备解除锁定,相关中心通知,提交/确认/处理/退回/转交（按权限）,票务/运营影响处理,按流程配置；默认1个工作日,超时提醒→主管催办→高风险升级,仅退回到可编辑前置节点；关键财务/签署节点不得物理回退,操作者、身份、时间、前后值、原因、附件哈希、设备/IP
P080,任务取消,中心管理端,S05,票务/运营影响处理,设备解除锁定,提交/确认/处理/退回/转交（按权限）,原因归档,按流程配置；默认1个工作日,超时提醒→主管催办→高风险升级,仅退回到可编辑前置节点；关键财务/签署节点不得物理回退,操作者、身份、时间、前后值、原因、附件哈希、设备/IP
P080,任务取消,中心管理端,S06,原因归档,票务/运营影响处理,提交/确认/处理/退回/转交（按权限）,已关闭,事项关闭后2个工作日,超时提醒→主管催办→高风险升级,仅退回到可编辑前置节点；关键财务/签署节点不得物理回退,操作者、身份、时间、前后值、原因、附件哈希、设备/IP
P081,飞行事故,中心管理端,S01,立即停飞,流程触发/发起,提交/确认/处理/退回/转交（按权限）,人员与现场保护,按流程配置；默认1个工作日,超时提醒→主管催办→高风险升级,仅退回到可编辑前置节点；关键财务/签署节点不得物理回退,操作者、身份、时间、前后值、原因、附件哈希、设备/IP
P081,飞行事故,中心管理端,S02,人员与现场保护,立即停飞,提交/确认/处理/退回/转交（按权限）,报告,按流程配置；默认1个工作日,超时提醒→主管催办→高风险升级,仅退回到可编辑前置节点；关键财务/签署节点不得物理回退,操作者、身份、时间、前后值、原因、附件哈希、设备/IP
P081,飞行事故,中心管理端,S03,报告,人员与现场保护,提交/确认/处理/退回/转交（按权限）,设备隔离,事项关闭后2个工作日,超时提醒→主管催办→高风险升级,仅退回到可编辑前置节点；关键财务/签署节点不得物理回退,操作者、身份、时间、前后值、原因、附件哈希、设备/IP
P081,飞行事故,中心管理端,S04,设备隔离,报告,提交/确认/处理/退回/转交（按权限）,数据保全,按流程配置；默认1个工作日,超时提醒→主管催办→高风险升级,仅退回到可编辑前置节点；关键财务/签署节点不得物理回退,操作者、身份、时间、前后值、原因、附件哈希、设备/IP
P081,飞行事故,中心管理端,S05,数据保全,设备隔离,提交/确认/处理/退回/转交（按权限）,统一案件,按流程配置；默认1个工作日,超时提醒→主管催办→高风险升级,仅退回到可编辑前置节点；关键财务/签署节点不得物理回退,操作者、身份、时间、前后值、原因、附件哈希、设备/IP
P081,飞行事故,中心管理端,S06,统一案件,数据保全,提交/确认/处理/退回/转交（按权限）,专业调查,按流程配置；默认1个工作日,超时提醒→主管催办→高风险升级,仅退回到可编辑前置节点；关键财务/签署节点不得物理回退,操作者、身份、时间、前后值、原因、附件哈希、设备/IP
P081,飞行事故,中心管理端,S07,专业调查,统一案件,提交/确认/处理/退回/转交（按权限）,整改与复飞审批,按流程配置；默认1个工作日,超时提醒→主管催办→高风险升级,仅退回到可编辑前置节点；关键财务/签署节点不得物理回退,操作者、身份、时间、前后值、原因、附件哈希、设备/IP
P081,飞行事故,中心管理端,S08,整改与复飞审批,专业调查,提交/确认/处理/退回/转交（按权限）,已关闭,1个工作日；高风险按制度,超时提醒→主管催办→高风险升级,仅退回到可编辑前置节点；关键财务/签署节点不得物理回退,操作者、身份、时间、前后值、原因、附件哈希、设备/IP
P082,场次技术保障,中心管理端,S01,读取节目场次,流程触发/发起,提交/确认/处理/退回/转交（按权限）,生成技术任务,按流程配置；默认1个工作日,超时提醒→主管催办→高风险升级,仅退回到可编辑前置节点；关键财务/签署节点不得物理回退,操作者、身份、时间、前后值、原因、附件哈希、设备/IP
P082,场次技术保障,中心管理端,S02,生成技术任务,读取节目场次,提交/确认/处理/退回/转交（按权限）,人员排班,按流程配置；默认1个工作日,超时提醒→主管催办→高风险升级,仅退回到可编辑前置节点；关键财务/签署节点不得物理回退,操作者、身份、时间、前后值、原因、附件哈希、设备/IP
P082,场次技术保障,中心管理端,S03,人员排班,生成技术任务,提交/确认/处理/退回/转交（按权限）,设备配置,按流程配置；默认1个工作日,超时提醒→主管催办→高风险升级,仅退回到可编辑前置节点；关键财务/签署节点不得物理回退,操作者、身份、时间、前后值、原因、附件哈希、设备/IP
P082,场次技术保障,中心管理端,S04,设备配置,人员排班,提交/确认/处理/退回/转交（按权限）,场前联调,按流程配置；默认1个工作日,超时提醒→主管催办→高风险升级,仅退回到可编辑前置节点；关键财务/签署节点不得物理回退,操作者、身份、时间、前后值、原因、附件哈希、设备/IP
P082,场次技术保障,中心管理端,S05,场前联调,设备配置,提交/确认/处理/退回/转交（按权限）,场中值守,按流程配置；默认1个工作日,超时提醒→主管催办→高风险升级,仅退回到可编辑前置节点；关键财务/签署节点不得物理回退,操作者、身份、时间、前后值、原因、附件哈希、设备/IP
P082,场次技术保障,中心管理端,S06,场中值守,场前联调,提交/确认/处理/退回/转交（按权限）,场后检查,按流程配置；默认1个工作日,超时提醒→主管催办→高风险升级,仅退回到可编辑前置节点；关键财务/签署节点不得物理回退,操作者、身份、时间、前后值、原因、附件哈希、设备/IP
P082,场次技术保障,中心管理端,S07,场后检查,场中值守,提交/确认/处理/退回/转交（按权限）,结果确认,按流程配置；默认1个工作日,超时提醒→主管催办→高风险升级,仅退回到可编辑前置节点；关键财务/签署节点不得物理回退,操作者、身份、时间、前后值、原因、附件哈希、设备/IP
P082,场次技术保障,中心管理端,S08,结果确认,场后检查,提交/确认/处理/退回/转交（按权限）,已关闭,1个工作日；高风险按制度,超时提醒→主管催办→高风险升级,仅退回到可编辑前置节点；关键财务/签署节点不得物理回退,操作者、身份、时间、前后值、原因、附件哈希、设备/IP
P083,设备故障,中心管理端,S01,故障发现,流程触发/发起,提交/确认/处理/退回/转交（按权限）,风险分级,立即响应；L3/L4 30分钟内升级,超时提醒→主管催办→高风险升级,仅退回到可编辑前置节点；关键财务/签署节点不得物理回退,操作者、身份、时间、前后值、原因、附件哈希、设备/IP
P083,设备故障,中心管理端,S02,风险分级,故障发现,提交/确认/处理/退回/转交（按权限）,立即隔离/降级,立即响应；L3/L4 30分钟内升级,超时提醒→主管催办→高风险升级,仅退回到可编辑前置节点；关键财务/签署节点不得物理回退,操作者、身份、时间、前后值、原因、附件哈希、设备/IP
P083,设备故障,中心管理端,S03,立即隔离/降级,风险分级,提交/确认/处理/退回/转交（按权限）,替代方案,按流程配置；默认1个工作日,超时提醒→主管催办→高风险升级,仅退回到可编辑前置节点；关键财务/签署节点不得物理回退,操作者、身份、时间、前后值、原因、附件哈希、设备/IP
P083,设备故障,中心管理端,S04,替代方案,立即隔离/降级,提交/确认/处理/退回/转交（按权限）,维修工单,按流程配置；默认1个工作日,超时提醒→主管催办→高风险升级,仅退回到可编辑前置节点；关键财务/签署节点不得物理回退,操作者、身份、时间、前后值、原因、附件哈希、设备/IP
P083,设备故障,中心管理端,S05,维修工单,替代方案,提交/确认/处理/退回/转交（按权限）,验收,按计划时点/班次完成,超时提醒→主管催办→高风险升级,仅退回到可编辑前置节点；关键财务/签署节点不得物理回退,操作者、身份、时间、前后值、原因、附件哈希、设备/IP
P083,设备故障,中心管理端,S06,验收,维修工单,提交/确认/处理/退回/转交（按权限）,恢复,1个工作日；高风险按制度,超时提醒→主管催办→高风险升级,仅退回到可编辑前置节点；关键财务/签署节点不得物理回退,操作者、身份、时间、前后值、原因、附件哈希、设备/IP
P083,设备故障,中心管理端,S07,恢复,验收,提交/确认/处理/退回/转交（按权限）,根因分析,按流程配置；默认1个工作日,超时提醒→主管催办→高风险升级,仅退回到可编辑前置节点；关键财务/签署节点不得物理回退,操作者、身份、时间、前后值、原因、附件哈希、设备/IP
P083,设备故障,中心管理端,S08,根因分析,恢复,提交/确认/处理/退回/转交（按权限）,已关闭,按流程配置；默认1个工作日,超时提醒→主管催办→高风险升级,仅退回到可编辑前置节点；关键财务/签署节点不得物理回退,操作者、身份、时间、前后值、原因、附件哈希、设备/IP
P084,停演技术建议,中心管理端,S01,重大故障,流程触发/发起,提交/确认/处理/退回/转交（按权限）,安全评估,立即响应；L3/L4 30分钟内升级,超时提醒→主管催办→高风险升级,仅退回到可编辑前置节点；关键财务/签署节点不得物理回退,操作者、身份、时间、前后值、原因、附件哈希、设备/IP
P084,停演技术建议,中心管理端,S02,安全评估,重大故障,提交/确认/处理/退回/转交（按权限）,提出停演建议,按流程配置；默认1个工作日,超时提醒→主管催办→高风险升级,仅退回到可编辑前置节点；关键财务/签署节点不得物理回退,操作者、身份、时间、前后值、原因、附件哈希、设备/IP
P084,停演技术建议,中心管理端,S03,提出停演建议,安全评估,提交/确认/处理/退回/转交（按权限）,有权决定,按流程配置；默认1个工作日,超时提醒→主管催办→高风险升级,仅退回到可编辑前置节点；关键财务/签署节点不得物理回退,操作者、身份、时间、前后值、原因、附件哈希、设备/IP
P084,停演技术建议,中心管理端,S04,有权决定,提出停演建议,提交/确认/处理/退回/转交（按权限）,通知相关中心,按流程配置；默认1个工作日,超时提醒→主管催办→高风险升级,仅退回到可编辑前置节点；关键财务/签署节点不得物理回退,操作者、身份、时间、前后值、原因、附件哈希、设备/IP
P084,停演技术建议,中心管理端,S05,通知相关中心,有权决定,提交/确认/处理/退回/转交（按权限）,现场处置,按流程配置；默认1个工作日,超时提醒→主管催办→高风险升级,仅退回到可编辑前置节点；关键财务/签署节点不得物理回退,操作者、身份、时间、前后值、原因、附件哈希、设备/IP
P084,停演技术建议,中心管理端,S06,现场处置,通知相关中心,提交/确认/处理/退回/转交（按权限）,复演验证,按流程配置；默认1个工作日,超时提醒→主管催办→高风险升级,仅退回到可编辑前置节点；关键财务/签署节点不得物理回退,操作者、身份、时间、前后值、原因、附件哈希、设备/IP
P084,停演技术建议,中心管理端,S07,复演验证,现场处置,提交/确认/处理/退回/转交（按权限）,已关闭,按流程配置；默认1个工作日,超时提醒→主管催办→高风险升级,仅退回到可编辑前置节点；关键财务/签署节点不得物理回退,操作者、身份、时间、前后值、原因、附件哈希、设备/IP
P085,网络故障,中心管理端,S01,监控或用户发现,流程触发/发起,提交/确认/处理/退回/转交（按权限）,告警归并,按流程配置；默认1个工作日,超时提醒→主管催办→高风险升级,仅退回到可编辑前置节点；关键财务/签署节点不得物理回退,操作者、身份、时间、前后值、原因、附件哈希、设备/IP
P085,网络故障,中心管理端,S02,告警归并,监控或用户发现,提交/确认/处理/退回/转交（按权限）,影响范围判断,按流程配置；默认1个工作日,超时提醒→主管催办→高风险升级,仅退回到可编辑前置节点；关键财务/签署节点不得物理回退,操作者、身份、时间、前后值、原因、附件哈希、设备/IP
P085,网络故障,中心管理端,S03,影响范围判断,告警归并,提交/确认/处理/退回/转交（按权限）,应急恢复,按流程配置；默认1个工作日,超时提醒→主管催办→高风险升级,仅退回到可编辑前置节点；关键财务/签署节点不得物理回退,操作者、身份、时间、前后值、原因、附件哈希、设备/IP
P085,网络故障,中心管理端,S04,应急恢复,影响范围判断,提交/确认/处理/退回/转交（按权限）,通知业务,按流程配置；默认1个工作日,超时提醒→主管催办→高风险升级,仅退回到可编辑前置节点；关键财务/签署节点不得物理回退,操作者、身份、时间、前后值、原因、附件哈希、设备/IP
P085,网络故障,中心管理端,S05,通知业务,应急恢复,提交/确认/处理/退回/转交（按权限）,根因修复,按流程配置；默认1个工作日,超时提醒→主管催办→高风险升级,仅退回到可编辑前置节点；关键财务/签署节点不得物理回退,操作者、身份、时间、前后值、原因、附件哈希、设备/IP
P085,网络故障,中心管理端,S06,根因修复,通知业务,提交/确认/处理/退回/转交（按权限）,验证,按流程配置；默认1个工作日,超时提醒→主管催办→高风险升级,仅退回到可编辑前置节点；关键财务/签署节点不得物理回退,操作者、身份、时间、前后值、原因、附件哈希、设备/IP
P085,网络故障,中心管理端,S07,验证,根因修复,提交/确认/处理/退回/转交（按权限）,复盘,按流程配置；默认1个工作日,超时提醒→主管催办→高风险升级,仅退回到可编辑前置节点；关键财务/签署节点不得物理回退,操作者、身份、时间、前后值、原因、附件哈希、设备/IP
P085,网络故障,中心管理端,S08,复盘,验证,提交/确认/处理/退回/转交（按权限）,已关闭,事项关闭后2个工作日,超时提醒→主管催办→高风险升级,仅退回到可编辑前置节点；关键财务/签署节点不得物理回退,操作者、身份、时间、前后值、原因、附件哈希、设备/IP
P086,网络变更,中心管理端,S01,变更申请,流程触发/发起,提交/确认/处理/退回/转交（按权限）,影响与风险,按流程配置；默认1个工作日,超时提醒→主管催办→高风险升级,仅退回到可编辑前置节点；关键财务/签署节点不得物理回退,操作者、身份、时间、前后值、原因、附件哈希、设备/IP
P086,网络变更,中心管理端,S02,影响与风险,变更申请,提交/确认/处理/退回/转交（按权限）,技术评审,立即响应；L3/L4 30分钟内升级,超时提醒→主管催办→高风险升级,仅退回到可编辑前置节点；关键财务/签署节点不得物理回退,操作者、身份、时间、前后值、原因、附件哈希、设备/IP
P086,网络变更,中心管理端,S03,技术评审,影响与风险,提交/确认/处理/退回/转交（按权限）,业务确认,1个工作日；高风险按制度,超时提醒→主管催办→高风险升级,仅退回到可编辑前置节点；关键财务/签署节点不得物理回退,操作者、身份、时间、前后值、原因、附件哈希、设备/IP
P086,网络变更,中心管理端,S04,业务确认,技术评审,提交/确认/处理/退回/转交（按权限）,变更窗口,1个工作日；高风险按制度,超时提醒→主管催办→高风险升级,仅退回到可编辑前置节点；关键财务/签署节点不得物理回退,操作者、身份、时间、前后值、原因、附件哈希、设备/IP
P086,网络变更,中心管理端,S05,变更窗口,业务确认,提交/确认/处理/退回/转交（按权限）,执行,按流程配置；默认1个工作日,超时提醒→主管催办→高风险升级,仅退回到可编辑前置节点；关键财务/签署节点不得物理回退,操作者、身份、时间、前后值、原因、附件哈希、设备/IP
P086,网络变更,中心管理端,S06,执行,变更窗口,提交/确认/处理/退回/转交（按权限）,验证,按计划时点/班次完成,超时提醒→主管催办→高风险升级,仅退回到可编辑前置节点；关键财务/签署节点不得物理回退,操作者、身份、时间、前后值、原因、附件哈希、设备/IP
P086,网络变更,中心管理端,S07,验证,执行,提交/确认/处理/退回/转交（按权限）,回退或关闭,按流程配置；默认1个工作日,超时提醒→主管催办→高风险升级,仅退回到可编辑前置节点；关键财务/签署节点不得物理回退,操作者、身份、时间、前后值、原因、附件哈希、设备/IP
P086,网络变更,中心管理端,S08,回退或关闭,验证,提交/确认/处理/退回/转交（按权限）,已关闭,按流程配置；默认1个工作日,超时提醒→主管催办→高风险升级,仅退回到可编辑前置节点；关键财务/签署节点不得物理回退,操作者、身份、时间、前后值、原因、附件哈希、设备/IP
P087,活动保障,中心管理端,S01,活动需求,流程触发/发起,提交/确认/处理/退回/转交（按权限）,容量与覆盖评估,按流程配置；默认1个工作日,超时提醒→主管催办→高风险升级,仅退回到可编辑前置节点；关键财务/签署节点不得物理回退,操作者、身份、时间、前后值、原因、附件哈希、设备/IP
P087,活动保障,中心管理端,S02,容量与覆盖评估,活动需求,提交/确认/处理/退回/转交（按权限）,临时设备/链路,按流程配置；默认1个工作日,超时提醒→主管催办→高风险升级,仅退回到可编辑前置节点；关键财务/签署节点不得物理回退,操作者、身份、时间、前后值、原因、附件哈希、设备/IP
P087,活动保障,中心管理端,S03,临时设备/链路,容量与覆盖评估,提交/确认/处理/退回/转交（按权限）,联调,按流程配置；默认1个工作日,超时提醒→主管催办→高风险升级,仅退回到可编辑前置节点；关键财务/签署节点不得物理回退,操作者、身份、时间、前后值、原因、附件哈希、设备/IP
P087,活动保障,中心管理端,S04,联调,临时设备/链路,提交/确认/处理/退回/转交（按权限）,现场值守,按流程配置；默认1个工作日,超时提醒→主管催办→高风险升级,仅退回到可编辑前置节点；关键财务/签署节点不得物理回退,操作者、身份、时间、前后值、原因、附件哈希、设备/IP
P087,活动保障,中心管理端,S05,现场值守,联调,提交/确认/处理/退回/转交（按权限）,撤场,按流程配置；默认1个工作日,超时提醒→主管催办→高风险升级,仅退回到可编辑前置节点；关键财务/签署节点不得物理回退,操作者、身份、时间、前后值、原因、附件哈希、设备/IP
P087,活动保障,中心管理端,S06,撤场,现场值守,提交/确认/处理/退回/转交（按权限）,数据复盘,按流程配置；默认1个工作日,超时提醒→主管催办→高风险升级,仅退回到可编辑前置节点；关键财务/签署节点不得物理回退,操作者、身份、时间、前后值、原因、附件哈希、设备/IP
P087,活动保障,中心管理端,S07,数据复盘,撤场,提交/确认/处理/退回/转交（按权限）,已关闭,事项关闭后2个工作日,超时提醒→主管催办→高风险升级,仅退回到可编辑前置节点；关键财务/签署节点不得物理回退,操作者、身份、时间、前后值、原因、附件哈希、设备/IP
P088,IT服务请求,中心管理端,S01,用户申请,流程触发/发起,提交/确认/处理/退回/转交（按权限）,服务目录匹配,按流程配置；默认1个工作日,超时提醒→主管催办→高风险升级,仅退回到可编辑前置节点；关键财务/签署节点不得物理回退,操作者、身份、时间、前后值、原因、附件哈希、设备/IP
P088,IT服务请求,中心管理端,S02,服务目录匹配,用户申请,提交/确认/处理/退回/转交（按权限）,自动/人工分派,按流程配置；默认1个工作日,超时提醒→主管催办→高风险升级,仅退回到可编辑前置节点；关键财务/签署节点不得物理回退,操作者、身份、时间、前后值、原因、附件哈希、设备/IP
P088,IT服务请求,中心管理端,S03,自动/人工分派,服务目录匹配,提交/确认/处理/退回/转交（按权限）,处理,按流程配置；默认1个工作日,超时提醒→主管催办→高风险升级,仅退回到可编辑前置节点；关键财务/签署节点不得物理回退,操作者、身份、时间、前后值、原因、附件哈希、设备/IP
P088,IT服务请求,中心管理端,S04,处理,自动/人工分派,提交/确认/处理/退回/转交（按权限）,用户确认,按流程配置；默认1个工作日,超时提醒→主管催办→高风险升级,仅退回到可编辑前置节点；关键财务/签署节点不得物理回退,操作者、身份、时间、前后值、原因、附件哈希、设备/IP
P088,IT服务请求,中心管理端,S05,用户确认,处理,提交/确认/处理/退回/转交（按权限）,验收,1个工作日；高风险按制度,超时提醒→主管催办→高风险升级,仅退回到可编辑前置节点；关键财务/签署节点不得物理回退,操作者、身份、时间、前后值、原因、附件哈希、设备/IP
P088,IT服务请求,中心管理端,S06,验收,用户确认,提交/确认/处理/退回/转交（按权限）,知识沉淀,1个工作日；高风险按制度,超时提醒→主管催办→高风险升级,仅退回到可编辑前置节点；关键财务/签署节点不得物理回退,操作者、身份、时间、前后值、原因、附件哈希、设备/IP
P088,IT服务请求,中心管理端,S07,知识沉淀,验收,提交/确认/处理/退回/转交（按权限）,已关闭,按流程配置；默认1个工作日,超时提醒→主管催办→高风险升级,仅退回到可编辑前置节点；关键财务/签署节点不得物理回退,操作者、身份、时间、前后值、原因、附件哈希、设备/IP
P089,生产发布,中心管理端,S01,发布申请,流程触发/发起,提交/确认/处理/退回/转交（按权限）,测试证据,按流程配置；默认1个工作日,超时提醒→主管催办→高风险升级,仅退回到可编辑前置节点；关键财务/签署节点不得物理回退,操作者、身份、时间、前后值、原因、附件哈希、设备/IP
P089,生产发布,中心管理端,S02,测试证据,发布申请,提交/确认/处理/退回/转交（按权限）,业务确认,按流程配置；默认1个工作日,超时提醒→主管催办→高风险升级,仅退回到可编辑前置节点；关键财务/签署节点不得物理回退,操作者、身份、时间、前后值、原因、附件哈希、设备/IP
P089,生产发布,中心管理端,S03,业务确认,测试证据,提交/确认/处理/退回/转交（按权限）,变更评审,1个工作日；高风险按制度,超时提醒→主管催办→高风险升级,仅退回到可编辑前置节点；关键财务/签署节点不得物理回退,操作者、身份、时间、前后值、原因、附件哈希、设备/IP
P089,生产发布,中心管理端,S04,变更评审,业务确认,提交/确认/处理/退回/转交（按权限）,窗口执行,1个工作日；高风险按制度,超时提醒→主管催办→高风险升级,仅退回到可编辑前置节点；关键财务/签署节点不得物理回退,操作者、身份、时间、前后值、原因、附件哈希、设备/IP
P089,生产发布,中心管理端,S05,窗口执行,变更评审,提交/确认/处理/退回/转交（按权限）,健康检查,按计划时点/班次完成,超时提醒→主管催办→高风险升级,仅退回到可编辑前置节点；关键财务/签署节点不得物理回退,操作者、身份、时间、前后值、原因、附件哈希、设备/IP
P089,生产发布,中心管理端,S06,健康检查,窗口执行,提交/确认/处理/退回/转交（按权限）,灰度,按流程配置；默认1个工作日,超时提醒→主管催办→高风险升级,仅退回到可编辑前置节点；关键财务/签署节点不得物理回退,操作者、身份、时间、前后值、原因、附件哈希、设备/IP
P089,生产发布,中心管理端,S07,灰度,健康检查,提交/确认/处理/退回/转交（按权限）,全量或回退,按流程配置；默认1个工作日,超时提醒→主管催办→高风险升级,仅退回到可编辑前置节点；关键财务/签署节点不得物理回退,操作者、身份、时间、前后值、原因、附件哈希、设备/IP
P089,生产发布,中心管理端,S08,全量或回退,灰度,提交/确认/处理/退回/转交（按权限）,归档,按流程配置；默认1个工作日,超时提醒→主管催办→高风险升级,仅退回到可编辑前置节点；关键财务/签署节点不得物理回退,操作者、身份、时间、前后值、原因、附件哈希、设备/IP
P089,生产发布,中心管理端,S09,归档,全量或回退,提交/确认/处理/退回/转交（按权限）,已关闭,事项关闭后2个工作日,超时提醒→主管催办→高风险升级,仅退回到可编辑前置节点；关键财务/签署节点不得物理回退,操作者、身份、时间、前后值、原因、附件哈希、设备/IP
P090,账号执行,中心管理端,S01,业务授权批准,流程触发/发起,提交/确认/处理/退回/转交（按权限）,执行任务,按流程配置；默认1个工作日,超时提醒→主管催办→高风险升级,仅退回到可编辑前置节点；关键财务/签署节点不得物理回退,操作者、身份、时间、前后值、原因、附件哈希、设备/IP
P090,账号执行,中心管理端,S02,执行任务,业务授权批准,提交/确认/处理/退回/转交（按权限）,最小权限配置,按计划时点/班次完成,超时提醒→主管催办→高风险升级,仅退回到可编辑前置节点；关键财务/签署节点不得物理回退,操作者、身份、时间、前后值、原因、附件哈希、设备/IP
P090,账号执行,中心管理端,S03,最小权限配置,执行任务,提交/确认/处理/退回/转交（按权限）,回执,按流程配置；默认1个工作日,超时提醒→主管催办→高风险升级,仅退回到可编辑前置节点；关键财务/签署节点不得物理回退,操作者、身份、时间、前后值、原因、附件哈希、设备/IP
P090,账号执行,中心管理端,S04,回执,最小权限配置,提交/确认/处理/退回/转交（按权限）,权限复核,按流程配置；默认1个工作日,超时提醒→主管催办→高风险升级,仅退回到可编辑前置节点；关键财务/签署节点不得物理回退,操作者、身份、时间、前后值、原因、附件哈希、设备/IP
P090,账号执行,中心管理端,S05,权限复核,回执,提交/确认/处理/退回/转交（按权限）,到期/离职回收,1个工作日；高风险按制度,超时提醒→主管催办→高风险升级,仅退回到可编辑前置节点；关键财务/签署节点不得物理回退,操作者、身份、时间、前后值、原因、附件哈希、设备/IP
P090,账号执行,中心管理端,S06,到期/离职回收,权限复核,提交/确认/处理/退回/转交（按权限）,已关闭,按流程配置；默认1个工作日,超时提醒→主管催办→高风险升级,仅退回到可编辑前置节点；关键财务/签署节点不得物理回退,操作者、身份、时间、前后值、原因、附件哈希、设备/IP
P091,恢复演练,中心管理端,S01,演练计划,流程触发/发起,提交/确认/处理/退回/转交（按权限）,备份选择,按流程配置；默认1个工作日,超时提醒→主管催办→高风险升级,仅退回到可编辑前置节点；关键财务/签署节点不得物理回退,操作者、身份、时间、前后值、原因、附件哈希、设备/IP
P091,恢复演练,中心管理端,S02,备份选择,演练计划,提交/确认/处理/退回/转交（按权限）,隔离环境恢复,按流程配置；默认1个工作日,超时提醒→主管催办→高风险升级,仅退回到可编辑前置节点；关键财务/签署节点不得物理回退,操作者、身份、时间、前后值、原因、附件哈希、设备/IP
P091,恢复演练,中心管理端,S03,隔离环境恢复,备份选择,提交/确认/处理/退回/转交（按权限）,数据一致性验证,按流程配置；默认1个工作日,超时提醒→主管催办→高风险升级,仅退回到可编辑前置节点；关键财务/签署节点不得物理回退,操作者、身份、时间、前后值、原因、附件哈希、设备/IP
P091,恢复演练,中心管理端,S04,数据一致性验证,隔离环境恢复,提交/确认/处理/退回/转交（按权限）,结果报告,按流程配置；默认1个工作日,超时提醒→主管催办→高风险升级,仅退回到可编辑前置节点；关键财务/签署节点不得物理回退,操作者、身份、时间、前后值、原因、附件哈希、设备/IP
P091,恢复演练,中心管理端,S05,结果报告,数据一致性验证,提交/确认/处理/退回/转交（按权限）,整改,事项关闭后2个工作日,超时提醒→主管催办→高风险升级,仅退回到可编辑前置节点；关键财务/签署节点不得物理回退,操作者、身份、时间、前后值、原因、附件哈希、设备/IP
P091,恢复演练,中心管理端,S06,整改,结果报告,提交/确认/处理/退回/转交（按权限）,已关闭,按流程配置；默认1个工作日,超时提醒→主管催办→高风险升级,仅退回到可编辑前置节点；关键财务/签署节点不得物理回退,操作者、身份、时间、前后值、原因、附件哈希、设备/IP
P092,需求开发,中心管理端,S01,需求基线,流程触发/发起,提交/确认/处理/退回/转交（按权限）,方案评审,按流程配置；默认1个工作日,超时提醒→主管催办→高风险升级,仅退回到可编辑前置节点；关键财务/签署节点不得物理回退,操作者、身份、时间、前后值、原因、附件哈希、设备/IP
P092,需求开发,中心管理端,S02,方案评审,需求基线,提交/确认/处理/退回/转交（按权限）,任务拆分,1个工作日；高风险按制度,超时提醒→主管催办→高风险升级,仅退回到可编辑前置节点；关键财务/签署节点不得物理回退,操作者、身份、时间、前后值、原因、附件哈希、设备/IP
P092,需求开发,中心管理端,S03,任务拆分,方案评审,提交/确认/处理/退回/转交（按权限）,失败测试,按流程配置；默认1个工作日,超时提醒→主管催办→高风险升级,仅退回到可编辑前置节点；关键财务/签署节点不得物理回退,操作者、身份、时间、前后值、原因、附件哈希、设备/IP
P092,需求开发,中心管理端,S04,失败测试,任务拆分,提交/确认/处理/退回/转交（按权限）,最小实现,按流程配置；默认1个工作日,超时提醒→主管催办→高风险升级,仅退回到可编辑前置节点；关键财务/签署节点不得物理回退,操作者、身份、时间、前后值、原因、附件哈希、设备/IP
P092,需求开发,中心管理端,S05,最小实现,失败测试,提交/确认/处理/退回/转交（按权限）,代码评审,按流程配置；默认1个工作日,超时提醒→主管催办→高风险升级,仅退回到可编辑前置节点；关键财务/签署节点不得物理回退,操作者、身份、时间、前后值、原因、附件哈希、设备/IP
P092,需求开发,中心管理端,S06,代码评审,最小实现,提交/确认/处理/退回/转交（按权限）,自动化测试,1个工作日；高风险按制度,超时提醒→主管催办→高风险升级,仅退回到可编辑前置节点；关键财务/签署节点不得物理回退,操作者、身份、时间、前后值、原因、附件哈希、设备/IP
P092,需求开发,中心管理端,S07,自动化测试,代码评审,提交/确认/处理/退回/转交（按权限）,验收,按流程配置；默认1个工作日,超时提醒→主管催办→高风险升级,仅退回到可编辑前置节点；关键财务/签署节点不得物理回退,操作者、身份、时间、前后值、原因、附件哈希、设备/IP
P092,需求开发,中心管理端,S08,验收,自动化测试,提交/确认/处理/退回/转交（按权限）,发布,1个工作日；高风险按制度,超时提醒→主管催办→高风险升级,仅退回到可编辑前置节点；关键财务/签署节点不得物理回退,操作者、身份、时间、前后值、原因、附件哈希、设备/IP
P092,需求开发,中心管理端,S09,发布,验收,提交/确认/处理/退回/转交（按权限）,已关闭,按流程配置；默认1个工作日,超时提醒→主管催办→高风险升级,仅退回到可编辑前置节点；关键财务/签署节点不得物理回退,操作者、身份、时间、前后值、原因、附件哈希、设备/IP
P093,缺陷修复,中心管理端,S01,复现,流程触发/发起,提交/确认/处理/退回/转交（按权限）,严重度,按流程配置；默认1个工作日,超时提醒→主管催办→高风险升级,仅退回到可编辑前置节点；关键财务/签署节点不得物理回退,操作者、身份、时间、前后值、原因、附件哈希、设备/IP
P093,缺陷修复,中心管理端,S02,严重度,复现,提交/确认/处理/退回/转交（按权限）,根因,按流程配置；默认1个工作日,超时提醒→主管催办→高风险升级,仅退回到可编辑前置节点；关键财务/签署节点不得物理回退,操作者、身份、时间、前后值、原因、附件哈希、设备/IP
P093,缺陷修复,中心管理端,S03,根因,严重度,提交/确认/处理/退回/转交（按权限）,回归测试先行,按流程配置；默认1个工作日,超时提醒→主管催办→高风险升级,仅退回到可编辑前置节点；关键财务/签署节点不得物理回退,操作者、身份、时间、前后值、原因、附件哈希、设备/IP
P093,缺陷修复,中心管理端,S04,回归测试先行,根因,提交/确认/处理/退回/转交（按权限）,修复,按流程配置；默认1个工作日,超时提醒→主管催办→高风险升级,仅退回到可编辑前置节点；关键财务/签署节点不得物理回退,操作者、身份、时间、前后值、原因、附件哈希、设备/IP
P093,缺陷修复,中心管理端,S05,修复,回归测试先行,提交/确认/处理/退回/转交（按权限）,安全与影响审查,按流程配置；默认1个工作日,超时提醒→主管催办→高风险升级,仅退回到可编辑前置节点；关键财务/签署节点不得物理回退,操作者、身份、时间、前后值、原因、附件哈希、设备/IP
P093,缺陷修复,中心管理端,S06,安全与影响审查,修复,提交/确认/处理/退回/转交（按权限）,发布,按流程配置；默认1个工作日,超时提醒→主管催办→高风险升级,仅退回到可编辑前置节点；关键财务/签署节点不得物理回退,操作者、身份、时间、前后值、原因、附件哈希、设备/IP
P093,缺陷修复,中心管理端,S07,发布,安全与影响审查,提交/确认/处理/退回/转交（按权限）,监控,按流程配置；默认1个工作日,超时提醒→主管催办→高风险升级,仅退回到可编辑前置节点；关键财务/签署节点不得物理回退,操作者、身份、时间、前后值、原因、附件哈希、设备/IP
P093,缺陷修复,中心管理端,S08,监控,发布,提交/确认/处理/退回/转交（按权限）,已关闭,按流程配置；默认1个工作日,超时提醒→主管催办→高风险升级,仅退回到可编辑前置节点；关键财务/签署节点不得物理回退,操作者、身份、时间、前后值、原因、附件哈希、设备/IP
P094,版本发布,中心管理端,S01,冻结范围,流程触发/发起,提交/确认/处理/退回/转交（按权限）,构建,按流程配置；默认1个工作日,超时提醒→主管催办→高风险升级,仅退回到可编辑前置节点；关键财务/签署节点不得物理回退,操作者、身份、时间、前后值、原因、附件哈希、设备/IP
P094,版本发布,中心管理端,S02,构建,冻结范围,提交/确认/处理/退回/转交（按权限）,测试门禁,按流程配置；默认1个工作日,超时提醒→主管催办→高风险升级,仅退回到可编辑前置节点；关键财务/签署节点不得物理回退,操作者、身份、时间、前后值、原因、附件哈希、设备/IP
P094,版本发布,中心管理端,S03,测试门禁,构建,提交/确认/处理/退回/转交（按权限）,迁移演练,按流程配置；默认1个工作日,超时提醒→主管催办→高风险升级,仅退回到可编辑前置节点；关键财务/签署节点不得物理回退,操作者、身份、时间、前后值、原因、附件哈希、设备/IP
P094,版本发布,中心管理端,S04,迁移演练,测试门禁,提交/确认/处理/退回/转交（按权限）,变更审批,按流程配置；默认1个工作日,超时提醒→主管催办→高风险升级,仅退回到可编辑前置节点；关键财务/签署节点不得物理回退,操作者、身份、时间、前后值、原因、附件哈希、设备/IP
P094,版本发布,中心管理端,S05,变更审批,迁移演练,提交/确认/处理/退回/转交（按权限）,灰度,1个工作日；高风险按制度,超时提醒→主管催办→高风险升级,仅退回到可编辑前置节点；关键财务/签署节点不得物理回退,操作者、身份、时间、前后值、原因、附件哈希、设备/IP
P094,版本发布,中心管理端,S06,灰度,变更审批,提交/确认/处理/退回/转交（按权限）,监控,按流程配置；默认1个工作日,超时提醒→主管催办→高风险升级,仅退回到可编辑前置节点；关键财务/签署节点不得物理回退,操作者、身份、时间、前后值、原因、附件哈希、设备/IP
P094,版本发布,中心管理端,S07,监控,灰度,提交/确认/处理/退回/转交（按权限）,全量,按流程配置；默认1个工作日,超时提醒→主管催办→高风险升级,仅退回到可编辑前置节点；关键财务/签署节点不得物理回退,操作者、身份、时间、前后值、原因、附件哈希、设备/IP
P094,版本发布,中心管理端,S08,全量,监控,提交/确认/处理/退回/转交（按权限）,复盘,按流程配置；默认1个工作日,超时提醒→主管催办→高风险升级,仅退回到可编辑前置节点；关键财务/签署节点不得物理回退,操作者、身份、时间、前后值、原因、附件哈希、设备/IP
P094,版本发布,中心管理端,S09,复盘,全量,提交/确认/处理/退回/转交（按权限）,已关闭,事项关闭后2个工作日,超时提醒→主管催办→高风险升级,仅退回到可编辑前置节点；关键财务/签署节点不得物理回退,操作者、身份、时间、前后值、原因、附件哈希、设备/IP
P095,宣传物料制作,中心管理端,S01,需求提交,流程触发/发起,提交/确认/处理/退回/转交（按权限）,完整性检查,按流程配置；默认1个工作日,超时提醒→主管催办→高风险升级,仅退回到可编辑前置节点；关键财务/签署节点不得物理回退,操作者、身份、时间、前后值、原因、附件哈希、设备/IP
P095,宣传物料制作,中心管理端,S02,完整性检查,需求提交,提交/确认/处理/退回/转交（按权限）,排期,按流程配置；默认1个工作日,超时提醒→主管催办→高风险升级,仅退回到可编辑前置节点；关键财务/签署节点不得物理回退,操作者、身份、时间、前后值、原因、附件哈希、设备/IP
P095,宣传物料制作,中心管理端,S03,排期,完整性检查,提交/确认/处理/退回/转交（按权限）,创作,按流程配置；默认1个工作日,超时提醒→主管催办→高风险升级,仅退回到可编辑前置节点；关键财务/签署节点不得物理回退,操作者、身份、时间、前后值、原因、附件哈希、设备/IP
P095,宣传物料制作,中心管理端,S04,创作,排期,提交/确认/处理/退回/转交（按权限）,内部审核,按流程配置；默认1个工作日,超时提醒→主管催办→高风险升级,仅退回到可编辑前置节点；关键财务/签署节点不得物理回退,操作者、身份、时间、前后值、原因、附件哈希、设备/IP
P095,宣传物料制作,中心管理端,S05,内部审核,创作,提交/确认/处理/退回/转交（按权限）,需求方确认,1个工作日；高风险按制度,超时提醒→主管催办→高风险升级,仅退回到可编辑前置节点；关键财务/签署节点不得物理回退,操作者、身份、时间、前后值、原因、附件哈希、设备/IP
P095,宣传物料制作,中心管理端,S06,需求方确认,内部审核,提交/确认/处理/退回/转交（按权限）,版权检查,1个工作日；高风险按制度,超时提醒→主管催办→高风险升级,仅退回到可编辑前置节点；关键财务/签署节点不得物理回退,操作者、身份、时间、前后值、原因、附件哈希、设备/IP
P095,宣传物料制作,中心管理端,S07,版权检查,需求方确认,提交/确认/处理/退回/转交（按权限）,定稿交付,按流程配置；默认1个工作日,超时提醒→主管催办→高风险升级,仅退回到可编辑前置节点；关键财务/签署节点不得物理回退,操作者、身份、时间、前后值、原因、附件哈希、设备/IP
P095,宣传物料制作,中心管理端,S08,定稿交付,版权检查,提交/确认/处理/退回/转交（按权限）,资产入库,按流程配置；默认1个工作日,超时提醒→主管催办→高风险升级,仅退回到可编辑前置节点；关键财务/签署节点不得物理回退,操作者、身份、时间、前后值、原因、附件哈希、设备/IP
P095,宣传物料制作,中心管理端,S09,资产入库,定稿交付,提交/确认/处理/退回/转交（按权限）,已关闭,按流程配置；默认1个工作日,超时提醒→主管催办→高风险升级,仅退回到可编辑前置节点；关键财务/签署节点不得物理回退,操作者、身份、时间、前后值、原因、附件哈希、设备/IP
P096,拍摄任务,中心管理端,S01,拍摄需求,流程触发/发起,提交/确认/处理/退回/转交（按权限）,人员场地授权,按流程配置；默认1个工作日,超时提醒→主管催办→高风险升级,仅退回到可编辑前置节点；关键财务/签署节点不得物理回退,操作者、身份、时间、前后值、原因、附件哈希、设备/IP
P096,拍摄任务,中心管理端,S02,人员场地授权,拍摄需求,提交/确认/处理/退回/转交（按权限）,脚本与清单,按流程配置；默认1个工作日,超时提醒→主管催办→高风险升级,仅退回到可编辑前置节点；关键财务/签署节点不得物理回退,操作者、身份、时间、前后值、原因、附件哈希、设备/IP
P096,拍摄任务,中心管理端,S03,脚本与清单,人员场地授权,提交/确认/处理/退回/转交（按权限）,执行,按流程配置；默认1个工作日,超时提醒→主管催办→高风险升级,仅退回到可编辑前置节点；关键财务/签署节点不得物理回退,操作者、身份、时间、前后值、原因、附件哈希、设备/IP
P096,拍摄任务,中心管理端,S04,执行,脚本与清单,提交/确认/处理/退回/转交（按权限）,素材回收,按计划时点/班次完成,超时提醒→主管催办→高风险升级,仅退回到可编辑前置节点；关键财务/签署节点不得物理回退,操作者、身份、时间、前后值、原因、附件哈希、设备/IP
P096,拍摄任务,中心管理端,S05,素材回收,执行,提交/确认/处理/退回/转交（按权限）,筛选后期,按流程配置；默认1个工作日,超时提醒→主管催办→高风险升级,仅退回到可编辑前置节点；关键财务/签署节点不得物理回退,操作者、身份、时间、前后值、原因、附件哈希、设备/IP
P096,拍摄任务,中心管理端,S06,筛选后期,素材回收,提交/确认/处理/退回/转交（按权限）,审核,按流程配置；默认1个工作日,超时提醒→主管催办→高风险升级,仅退回到可编辑前置节点；关键财务/签署节点不得物理回退,操作者、身份、时间、前后值、原因、附件哈希、设备/IP
P096,拍摄任务,中心管理端,S07,审核,筛选后期,提交/确认/处理/退回/转交（按权限）,归档,1个工作日；高风险按制度,超时提醒→主管催办→高风险升级,仅退回到可编辑前置节点；关键财务/签署节点不得物理回退,操作者、身份、时间、前后值、原因、附件哈希、设备/IP
P096,拍摄任务,中心管理端,S08,归档,审核,提交/确认/处理/退回/转交（按权限）,已关闭,事项关闭后2个工作日,超时提醒→主管催办→高风险升级,仅退回到可编辑前置节点；关键财务/签署节点不得物理回退,操作者、身份、时间、前后值、原因、附件哈希、设备/IP
P097,返工变更,中心管理端,S01,变更申请,流程触发/发起,提交/确认/处理/退回/转交（按权限）,影响分析,按流程配置；默认1个工作日,超时提醒→主管催办→高风险升级,仅退回到可编辑前置节点；关键财务/签署节点不得物理回退,操作者、身份、时间、前后值、原因、附件哈希、设备/IP
P097,返工变更,中心管理端,S02,影响分析,变更申请,提交/确认/处理/退回/转交（按权限）,版本冻结,按流程配置；默认1个工作日,超时提醒→主管催办→高风险升级,仅退回到可编辑前置节点；关键财务/签署节点不得物理回退,操作者、身份、时间、前后值、原因、附件哈希、设备/IP
P097,返工变更,中心管理端,S03,版本冻结,影响分析,提交/确认/处理/退回/转交（按权限）,返工,按流程配置；默认1个工作日,超时提醒→主管催办→高风险升级,仅退回到可编辑前置节点；关键财务/签署节点不得物理回退,操作者、身份、时间、前后值、原因、附件哈希、设备/IP
P097,返工变更,中心管理端,S04,返工,版本冻结,提交/确认/处理/退回/转交（按权限）,重新审核,按流程配置；默认1个工作日,超时提醒→主管催办→高风险升级,仅退回到可编辑前置节点；关键财务/签署节点不得物理回退,操作者、身份、时间、前后值、原因、附件哈希、设备/IP
P097,返工变更,中心管理端,S05,重新审核,返工,提交/确认/处理/退回/转交（按权限）,替换交付,1个工作日；高风险按制度,超时提醒→主管催办→高风险升级,仅退回到可编辑前置节点；关键财务/签署节点不得物理回退,操作者、身份、时间、前后值、原因、附件哈希、设备/IP
P097,返工变更,中心管理端,S06,替换交付,重新审核,提交/确认/处理/退回/转交（按权限）,旧版停用,按流程配置；默认1个工作日,超时提醒→主管催办→高风险升级,仅退回到可编辑前置节点；关键财务/签署节点不得物理回退,操作者、身份、时间、前后值、原因、附件哈希、设备/IP
P097,返工变更,中心管理端,S07,旧版停用,替换交付,提交/确认/处理/退回/转交（按权限）,已关闭,按流程配置；默认1个工作日,超时提醒→主管催办→高风险升级,仅退回到可编辑前置节点；关键财务/签署节点不得物理回退,操作者、身份、时间、前后值、原因、附件哈希、设备/IP
P098,策划项目,中心管理端,S01,需求,流程触发/发起,提交/确认/处理/退回/转交（按权限）,初评,按流程配置；默认1个工作日,超时提醒→主管催办→高风险升级,仅退回到可编辑前置节点；关键财务/签署节点不得物理回退,操作者、身份、时间、前后值、原因、附件哈希、设备/IP
P098,策划项目,中心管理端,S02,初评,需求,提交/确认/处理/退回/转交（按权限）,立项,按流程配置；默认1个工作日,超时提醒→主管催办→高风险升级,仅退回到可编辑前置节点；关键财务/签署节点不得物理回退,操作者、身份、时间、前后值、原因、附件哈希、设备/IP
P098,策划项目,中心管理端,S03,立项,初评,提交/确认/处理/退回/转交（按权限）,调研,按流程配置；默认1个工作日,超时提醒→主管催办→高风险升级,仅退回到可编辑前置节点；关键财务/签署节点不得物理回退,操作者、身份、时间、前后值、原因、附件哈希、设备/IP
P098,策划项目,中心管理端,S04,调研,立项,提交/确认/处理/退回/转交（按权限）,方案,按流程配置；默认1个工作日,超时提醒→主管催办→高风险升级,仅退回到可编辑前置节点；关键财务/签署节点不得物理回退,操作者、身份、时间、前后值、原因、附件哈希、设备/IP
P098,策划项目,中心管理端,S05,方案,调研,提交/确认/处理/退回/转交（按权限）,评审,按流程配置；默认1个工作日,超时提醒→主管催办→高风险升级,仅退回到可编辑前置节点；关键财务/签署节点不得物理回退,操作者、身份、时间、前后值、原因、附件哈希、设备/IP
P098,策划项目,中心管理端,S06,评审,方案,提交/确认/处理/退回/转交（按权限）,预算资源确认,1个工作日；高风险按制度,超时提醒→主管催办→高风险升级,仅退回到可编辑前置节点；关键财务/签署节点不得物理回退,操作者、身份、时间、前后值、原因、附件哈希、设备/IP
P098,策划项目,中心管理端,S07,预算资源确认,评审,提交/确认/处理/退回/转交（按权限）,批准,1个工作日；高风险按制度,超时提醒→主管催办→高风险升级,仅退回到可编辑前置节点；关键财务/签署节点不得物理回退,操作者、身份、时间、前后值、原因、附件哈希、设备/IP
P098,策划项目,中心管理端,S08,批准,预算资源确认,提交/确认/处理/退回/转交（按权限）,执行移交,按流程配置；默认1个工作日,超时提醒→主管催办→高风险升级,仅退回到可编辑前置节点；关键财务/签署节点不得物理回退,操作者、身份、时间、前后值、原因、附件哈希、设备/IP
P098,策划项目,中心管理端,S09,执行移交,批准,提交/确认/处理/退回/转交（按权限）,验收复盘,按计划时点/班次完成,超时提醒→主管催办→高风险升级,仅退回到可编辑前置节点；关键财务/签署节点不得物理回退,操作者、身份、时间、前后值、原因、附件哈希、设备/IP
P098,策划项目,中心管理端,S10,验收复盘,执行移交,提交/确认/处理/退回/转交（按权限）,已关闭,1个工作日；高风险按制度,超时提醒→主管催办→高风险升级,仅退回到可编辑前置节点；关键财务/签署节点不得物理回退,操作者、身份、时间、前后值、原因、附件哈希、设备/IP
P099,方案变更,中心管理端,S01,变更申请,流程触发/发起,提交/确认/处理/退回/转交（按权限）,原因与影响,按流程配置；默认1个工作日,超时提醒→主管催办→高风险升级,仅退回到可编辑前置节点；关键财务/签署节点不得物理回退,操作者、身份、时间、前后值、原因、附件哈希、设备/IP
P099,方案变更,中心管理端,S02,原因与影响,变更申请,提交/确认/处理/退回/转交（按权限）,受影响中心会签,按流程配置；默认1个工作日,超时提醒→主管催办→高风险升级,仅退回到可编辑前置节点；关键财务/签署节点不得物理回退,操作者、身份、时间、前后值、原因、附件哈希、设备/IP
P099,方案变更,中心管理端,S03,受影响中心会签,原因与影响,提交/确认/处理/退回/转交（按权限）,新版本批准,按流程配置；默认1个工作日,超时提醒→主管催办→高风险升级,仅退回到可编辑前置节点；关键财务/签署节点不得物理回退,操作者、身份、时间、前后值、原因、附件哈希、设备/IP
P099,方案变更,中心管理端,S04,新版本批准,受影响中心会签,提交/确认/处理/退回/转交（按权限）,任务和预算同步,按流程配置；默认1个工作日,超时提醒→主管催办→高风险升级,仅退回到可编辑前置节点；关键财务/签署节点不得物理回退,操作者、身份、时间、前后值、原因、附件哈希、设备/IP
P099,方案变更,中心管理端,S05,任务和预算同步,新版本批准,提交/确认/处理/退回/转交（按权限）,旧版停用,按流程配置；默认1个工作日,超时提醒→主管催办→高风险升级,仅退回到可编辑前置节点；关键财务/签署节点不得物理回退,操作者、身份、时间、前后值、原因、附件哈希、设备/IP
P099,方案变更,中心管理端,S06,旧版停用,任务和预算同步,提交/确认/处理/退回/转交（按权限）,已关闭,按流程配置；默认1个工作日,超时提醒→主管催办→高风险升级,仅退回到可编辑前置节点；关键财务/签署节点不得物理回退,操作者、身份、时间、前后值、原因、附件哈希、设备/IP
P100,活动策划移交,中心管理端,S01,活动目标,流程触发/发起,提交/确认/处理/退回/转交（按权限）,方案和流程,按流程配置；默认1个工作日,超时提醒→主管催办→高风险升级,仅退回到可编辑前置节点；关键财务/签署节点不得物理回退,操作者、身份、时间、前后值、原因、附件哈希、设备/IP
P100,活动策划移交,中心管理端,S02,方案和流程,活动目标,提交/确认/处理/退回/转交（按权限）,人员资源清单,按流程配置；默认1个工作日,超时提醒→主管催办→高风险升级,仅退回到可编辑前置节点；关键财务/签署节点不得物理回退,操作者、身份、时间、前后值、原因、附件哈希、设备/IP
P100,活动策划移交,中心管理端,S03,人员资源清单,方案和流程,提交/确认/处理/退回/转交（按权限）,行政活动主单,按流程配置；默认1个工作日,超时提醒→主管催办→高风险升级,仅退回到可编辑前置节点；关键财务/签署节点不得物理回退,操作者、身份、时间、前后值、原因、附件哈希、设备/IP
P100,活动策划移交,中心管理端,S04,行政活动主单,人员资源清单,提交/确认/处理/退回/转交（按权限）,现场执行,按流程配置；默认1个工作日,超时提醒→主管催办→高风险升级,仅退回到可编辑前置节点；关键财务/签署节点不得物理回退,操作者、身份、时间、前后值、原因、附件哈希、设备/IP
P100,活动策划移交,中心管理端,S05,现场执行,行政活动主单,提交/确认/处理/退回/转交（按权限）,数据回收,按计划时点/班次完成,超时提醒→主管催办→高风险升级,仅退回到可编辑前置节点；关键财务/签署节点不得物理回退,操作者、身份、时间、前后值、原因、附件哈希、设备/IP
P100,活动策划移交,中心管理端,S06,数据回收,现场执行,提交/确认/处理/退回/转交（按权限）,效果复盘,按流程配置；默认1个工作日,超时提醒→主管催办→高风险升级,仅退回到可编辑前置节点；关键财务/签署节点不得物理回退,操作者、身份、时间、前后值、原因、附件哈希、设备/IP
P100,活动策划移交,中心管理端,S07,效果复盘,数据回收,提交/确认/处理/退回/转交（按权限）,已关闭,事项关闭后2个工作日,超时提醒→主管催办→高风险升级,仅退回到可编辑前置节点；关键财务/签署节点不得物理回退,操作者、身份、时间、前后值、原因、附件哈希、设备/IP
P101,产品上架,中心管理端,S01,产品资料,流程触发/发起,提交/确认/处理/退回/转交（按权限）,内部产品映射,按流程配置；默认1个工作日,超时提醒→主管催办→高风险升级,仅退回到可编辑前置节点；关键财务/签署节点不得物理回退,操作者、身份、时间、前后值、原因、附件哈希、设备/IP
P101,产品上架,中心管理端,S02,内部产品映射,产品资料,提交/确认/处理/退回/转交（按权限）,价格库存规则,按流程配置；默认1个工作日,超时提醒→主管催办→高风险升级,仅退回到可编辑前置节点；关键财务/签署节点不得物理回退,操作者、身份、时间、前后值、原因、附件哈希、设备/IP
P101,产品上架,中心管理端,S03,价格库存规则,内部产品映射,提交/确认/处理/退回/转交（按权限）,内容审核,按流程配置；默认1个工作日,超时提醒→主管催办→高风险升级,仅退回到可编辑前置节点；关键财务/签署节点不得物理回退,操作者、身份、时间、前后值、原因、附件哈希、设备/IP
P101,产品上架,中心管理端,S04,内容审核,价格库存规则,提交/确认/处理/退回/转交（按权限）,平台发布,1个工作日；高风险按制度,超时提醒→主管催办→高风险升级,仅退回到可编辑前置节点；关键财务/签署节点不得物理回退,操作者、身份、时间、前后值、原因、附件哈希、设备/IP
P101,产品上架,中心管理端,S05,平台发布,内容审核,提交/确认/处理/退回/转交（按权限）,回传校验,按流程配置；默认1个工作日,超时提醒→主管催办→高风险升级,仅退回到可编辑前置节点；关键财务/签署节点不得物理回退,操作者、身份、时间、前后值、原因、附件哈希、设备/IP
P101,产品上架,中心管理端,S06,回传校验,平台发布,提交/确认/处理/退回/转交（按权限）,监控,按流程配置；默认1个工作日,超时提醒→主管催办→高风险升级,仅退回到可编辑前置节点；关键财务/签署节点不得物理回退,操作者、身份、时间、前后值、原因、附件哈希、设备/IP
P101,产品上架,中心管理端,S07,监控,回传校验,提交/确认/处理/退回/转交（按权限）,已关闭,按流程配置；默认1个工作日,超时提醒→主管催办→高风险升级,仅退回到可编辑前置节点；关键财务/签署节点不得物理回退,操作者、身份、时间、前后值、原因、附件哈希、设备/IP
P102,OTA订单,中心管理端,S01,平台订单,流程触发/发起,提交/确认/处理/退回/转交（按权限）,签名与防重,按流程配置；默认1个工作日,超时提醒→主管催办→高风险升级,仅退回到可编辑前置节点；关键财务/签署节点不得物理回退,操作者、身份、时间、前后值、原因、附件哈希、设备/IP
P102,OTA订单,中心管理端,S02,签名与防重,平台订单,提交/确认/处理/退回/转交（按权限）,价格库存校验,按流程配置；默认1个工作日,超时提醒→主管催办→高风险升级,仅退回到可编辑前置节点；关键财务/签署节点不得物理回退,操作者、身份、时间、前后值、原因、附件哈希、设备/IP
P102,OTA订单,中心管理端,S03,价格库存校验,签名与防重,提交/确认/处理/退回/转交（按权限）,内部订单创建,按流程配置；默认1个工作日,超时提醒→主管催办→高风险升级,仅退回到可编辑前置节点；关键财务/签署节点不得物理回退,操作者、身份、时间、前后值、原因、附件哈希、设备/IP
P102,OTA订单,中心管理端,S04,内部订单创建,价格库存校验,提交/确认/处理/退回/转交（按权限）,出票/预约,按流程配置；默认1个工作日,超时提醒→主管催办→高风险升级,仅退回到可编辑前置节点；关键财务/签署节点不得物理回退,操作者、身份、时间、前后值、原因、附件哈希、设备/IP
P102,OTA订单,中心管理端,S05,出票/预约,内部订单创建,提交/确认/处理/退回/转交（按权限）,核销,按流程配置；默认1个工作日,超时提醒→主管催办→高风险升级,仅退回到可编辑前置节点；关键财务/签署节点不得物理回退,操作者、身份、时间、前后值、原因、附件哈希、设备/IP
P102,OTA订单,中心管理端,S06,核销,出票/预约,提交/确认/处理/退回/转交（按权限）,结算,按流程配置；默认1个工作日,超时提醒→主管催办→高风险升级,仅退回到可编辑前置节点；关键财务/签署节点不得物理回退,操作者、身份、时间、前后值、原因、附件哈希、设备/IP
P102,OTA订单,中心管理端,S07,结算,核销,提交/确认/处理/退回/转交（按权限）,已关闭,T+1个工作日或财务日历,超时提醒→主管催办→高风险升级,仅退回到可编辑前置节点；关键财务/签署节点不得物理回退,操作者、身份、时间、前后值、原因、附件哈希、设备/IP
P103,退款,中心管理端,S01,平台申请,流程触发/发起,提交/确认/处理/退回/转交（按权限）,内部规则校验,按流程配置；默认1个工作日,超时提醒→主管催办→高风险升级,仅退回到可编辑前置节点；关键财务/签署节点不得物理回退,操作者、身份、时间、前后值、原因、附件哈希、设备/IP
P103,退款,中心管理端,S02,内部规则校验,平台申请,提交/确认/处理/退回/转交（按权限）,票码冻结,按流程配置；默认1个工作日,超时提醒→主管催办→高风险升级,仅退回到可编辑前置节点；关键财务/签署节点不得物理回退,操作者、身份、时间、前后值、原因、附件哈希、设备/IP
P103,退款,中心管理端,S03,票码冻结,内部规则校验,提交/确认/处理/退回/转交（按权限）,退款执行,按流程配置；默认1个工作日,超时提醒→主管催办→高风险升级,仅退回到可编辑前置节点；关键财务/签署节点不得物理回退,操作者、身份、时间、前后值、原因、附件哈希、设备/IP
P103,退款,中心管理端,S04,退款执行,票码冻结,提交/确认/处理/退回/转交（按权限）,平台回调,T+1个工作日或财务日历,超时提醒→主管催办→高风险升级,仅退回到可编辑前置节点；关键财务/签署节点不得物理回退,操作者、身份、时间、前后值、原因、附件哈希、设备/IP
P103,退款,中心管理端,S05,平台回调,退款执行,提交/确认/处理/退回/转交（按权限）,财务冲销,按流程配置；默认1个工作日,超时提醒→主管催办→高风险升级,仅退回到可编辑前置节点；关键财务/签署节点不得物理回退,操作者、身份、时间、前后值、原因、附件哈希、设备/IP
P103,退款,中心管理端,S06,财务冲销,平台回调,提交/确认/处理/退回/转交（按权限）,状态一致性对账,按流程配置；默认1个工作日,超时提醒→主管催办→高风险升级,仅退回到可编辑前置节点；关键财务/签署节点不得物理回退,操作者、身份、时间、前后值、原因、附件哈希、设备/IP
P103,退款,中心管理端,S07,状态一致性对账,财务冲销,提交/确认/处理/退回/转交（按权限）,已关闭,T+1个工作日或财务日历,超时提醒→主管催办→高风险升级,仅退回到可编辑前置节点；关键财务/签署节点不得物理回退,操作者、身份、时间、前后值、原因、附件哈希、设备/IP
P104,评价客诉,中心管理端,S01,评价抓取,流程触发/发起,提交/确认/处理/退回/转交（按权限）,分类,按流程配置；默认1个工作日,超时提醒→主管催办→高风险升级,仅退回到可编辑前置节点；关键财务/签署节点不得物理回退,操作者、身份、时间、前后值、原因、附件哈希、设备/IP
P104,评价客诉,中心管理端,S02,分类,评价抓取,提交/确认/处理/退回/转交（按权限）,回复审批,按流程配置；默认1个工作日,超时提醒→主管催办→高风险升级,仅退回到可编辑前置节点；关键财务/签署节点不得物理回退,操作者、身份、时间、前后值、原因、附件哈希、设备/IP
P104,评价客诉,中心管理端,S03,回复审批,分类,提交/确认/处理/退回/转交（按权限）,客服处理,1个工作日；高风险按制度,超时提醒→主管催办→高风险升级,仅退回到可编辑前置节点；关键财务/签署节点不得物理回退,操作者、身份、时间、前后值、原因、附件哈希、设备/IP
P104,评价客诉,中心管理端,S04,客服处理,回复审批,提交/确认/处理/退回/转交（按权限）,重大投诉转案件,按流程配置；默认1个工作日,超时提醒→主管催办→高风险升级,仅退回到可编辑前置节点；关键财务/签署节点不得物理回退,操作者、身份、时间、前后值、原因、附件哈希、设备/IP
P104,评价客诉,中心管理端,S05,重大投诉转案件,客服处理,提交/确认/处理/退回/转交（按权限）,回访,立即响应；L3/L4 30分钟内升级,超时提醒→主管催办→高风险升级,仅退回到可编辑前置节点；关键财务/签署节点不得物理回退,操作者、身份、时间、前后值、原因、附件哈希、设备/IP
P104,评价客诉,中心管理端,S06,回访,重大投诉转案件,提交/确认/处理/退回/转交（按权限）,已关闭,按流程配置；默认1个工作日,超时提醒→主管催办→高风险升级,仅退回到可编辑前置节点；关键财务/签署节点不得物理回退,操作者、身份、时间、前后值、原因、附件哈希、设备/IP
P105,短视频发布,中心管理端,S01,选题,流程触发/发起,提交/确认/处理/退回/转交（按权限）,脚本,按流程配置；默认1个工作日,超时提醒→主管催办→高风险升级,仅退回到可编辑前置节点；关键财务/签署节点不得物理回退,操作者、身份、时间、前后值、原因、附件哈希、设备/IP
P105,短视频发布,中心管理端,S02,脚本,选题,提交/确认/处理/退回/转交（按权限）,专业事实审核,按流程配置；默认1个工作日,超时提醒→主管催办→高风险升级,仅退回到可编辑前置节点；关键财务/签署节点不得物理回退,操作者、身份、时间、前后值、原因、附件哈希、设备/IP
P105,短视频发布,中心管理端,S03,专业事实审核,脚本,提交/确认/处理/退回/转交（按权限）,拍摄,1个工作日；高风险按制度,超时提醒→主管催办→高风险升级,仅退回到可编辑前置节点；关键财务/签署节点不得物理回退,操作者、身份、时间、前后值、原因、附件哈希、设备/IP
P105,短视频发布,中心管理端,S04,拍摄,专业事实审核,提交/确认/处理/退回/转交（按权限）,剪辑,按流程配置；默认1个工作日,超时提醒→主管催办→高风险升级,仅退回到可编辑前置节点；关键财务/签署节点不得物理回退,操作者、身份、时间、前后值、原因、附件哈希、设备/IP
P105,短视频发布,中心管理端,S05,剪辑,拍摄,提交/确认/处理/退回/转交（按权限）,版权品牌审核,按流程配置；默认1个工作日,超时提醒→主管催办→高风险升级,仅退回到可编辑前置节点；关键财务/签署节点不得物理回退,操作者、身份、时间、前后值、原因、附件哈希、设备/IP
P105,短视频发布,中心管理端,S06,版权品牌审核,剪辑,提交/确认/处理/退回/转交（按权限）,发布审批,1个工作日；高风险按制度,超时提醒→主管催办→高风险升级,仅退回到可编辑前置节点；关键财务/签署节点不得物理回退,操作者、身份、时间、前后值、原因、附件哈希、设备/IP
P105,短视频发布,中心管理端,S07,发布审批,版权品牌审核,提交/确认/处理/退回/转交（按权限）,上线,1个工作日；高风险按制度,超时提醒→主管催办→高风险升级,仅退回到可编辑前置节点；关键财务/签署节点不得物理回退,操作者、身份、时间、前后值、原因、附件哈希、设备/IP
P105,短视频发布,中心管理端,S08,上线,发布审批,提交/确认/处理/退回/转交（按权限）,数据回收,按流程配置；默认1个工作日,超时提醒→主管催办→高风险升级,仅退回到可编辑前置节点；关键财务/签署节点不得物理回退,操作者、身份、时间、前后值、原因、附件哈希、设备/IP
P105,短视频发布,中心管理端,S09,数据回收,上线,提交/确认/处理/退回/转交（按权限）,复盘,按流程配置；默认1个工作日,超时提醒→主管催办→高风险升级,仅退回到可编辑前置节点；关键财务/签署节点不得物理回退,操作者、身份、时间、前后值、原因、附件哈希、设备/IP
P105,短视频发布,中心管理端,S10,复盘,数据回收,提交/确认/处理/退回/转交（按权限）,已关闭,事项关闭后2个工作日,超时提醒→主管催办→高风险升级,仅退回到可编辑前置节点；关键财务/签署节点不得物理回退,操作者、身份、时间、前后值、原因、附件哈希、设备/IP
P106,直播执行,中心管理端,S01,直播立项,流程触发/发起,提交/确认/处理/退回/转交（按权限）,产品与话术,按流程配置；默认1个工作日,超时提醒→主管催办→高风险升级,仅退回到可编辑前置节点；关键财务/签署节点不得物理回退,操作者、身份、时间、前后值、原因、附件哈希、设备/IP
P106,直播执行,中心管理端,S02,产品与话术,直播立项,提交/确认/处理/退回/转交（按权限）,主播场控排班,按流程配置；默认1个工作日,超时提醒→主管催办→高风险升级,仅退回到可编辑前置节点；关键财务/签署节点不得物理回退,操作者、身份、时间、前后值、原因、附件哈希、设备/IP
P106,直播执行,中心管理端,S03,主播场控排班,产品与话术,提交/确认/处理/退回/转交（按权限）,设备联调,按流程配置；默认1个工作日,超时提醒→主管催办→高风险升级,仅退回到可编辑前置节点；关键财务/签署节点不得物理回退,操作者、身份、时间、前后值、原因、附件哈希、设备/IP
P106,直播执行,中心管理端,S04,设备联调,主播场控排班,提交/确认/处理/退回/转交（按权限）,开播,按流程配置；默认1个工作日,超时提醒→主管催办→高风险升级,仅退回到可编辑前置节点；关键财务/签署节点不得物理回退,操作者、身份、时间、前后值、原因、附件哈希、设备/IP
P106,直播执行,中心管理端,S05,开播,设备联调,提交/确认/处理/退回/转交（按权限）,异常处置,按流程配置；默认1个工作日,超时提醒→主管催办→高风险升级,仅退回到可编辑前置节点；关键财务/签署节点不得物理回退,操作者、身份、时间、前后值、原因、附件哈希、设备/IP
P106,直播执行,中心管理端,S06,异常处置,开播,提交/确认/处理/退回/转交（按权限）,订单线索回传,立即响应；L3/L4 30分钟内升级,超时提醒→主管催办→高风险升级,仅退回到可编辑前置节点；关键财务/签署节点不得物理回退,操作者、身份、时间、前后值、原因、附件哈希、设备/IP
P106,直播执行,中心管理端,S07,订单线索回传,异常处置,提交/确认/处理/退回/转交（按权限）,复盘,按流程配置；默认1个工作日,超时提醒→主管催办→高风险升级,仅退回到可编辑前置节点；关键财务/签署节点不得物理回退,操作者、身份、时间、前后值、原因、附件哈希、设备/IP
P106,直播执行,中心管理端,S08,复盘,订单线索回传,提交/确认/处理/退回/转交（按权限）,已关闭,事项关闭后2个工作日,超时提醒→主管催办→高风险升级,仅退回到可编辑前置节点；关键财务/签署节点不得物理回退,操作者、身份、时间、前后值、原因、附件哈希、设备/IP
P107,投放,中心管理端,S01,投放目标,流程触发/发起,提交/确认/处理/退回/转交（按权限）,预算,按流程配置；默认1个工作日,超时提醒→主管催办→高风险升级,仅退回到可编辑前置节点；关键财务/签署节点不得物理回退,操作者、身份、时间、前后值、原因、附件哈希、设备/IP
P107,投放,中心管理端,S02,预算,投放目标,提交/确认/处理/退回/转交（按权限）,素材,按流程配置；默认1个工作日,超时提醒→主管催办→高风险升级,仅退回到可编辑前置节点；关键财务/签署节点不得物理回退,操作者、身份、时间、前后值、原因、附件哈希、设备/IP
P107,投放,中心管理端,S03,素材,预算,提交/确认/处理/退回/转交（按权限）,人群,按流程配置；默认1个工作日,超时提醒→主管催办→高风险升级,仅退回到可编辑前置节点；关键财务/签署节点不得物理回退,操作者、身份、时间、前后值、原因、附件哈希、设备/IP
P107,投放,中心管理端,S04,人群,素材,提交/确认/处理/退回/转交（按权限）,审批,按流程配置；默认1个工作日,超时提醒→主管催办→高风险升级,仅退回到可编辑前置节点；关键财务/签署节点不得物理回退,操作者、身份、时间、前后值、原因、附件哈希、设备/IP
P107,投放,中心管理端,S05,审批,人群,提交/确认/处理/退回/转交（按权限）,上线,1个工作日；高风险按制度,超时提醒→主管催办→高风险升级,仅退回到可编辑前置节点；关键财务/签署节点不得物理回退,操作者、身份、时间、前后值、原因、附件哈希、设备/IP
P107,投放,中心管理端,S06,上线,审批,提交/确认/处理/退回/转交（按权限）,监控,按流程配置；默认1个工作日,超时提醒→主管催办→高风险升级,仅退回到可编辑前置节点；关键财务/签署节点不得物理回退,操作者、身份、时间、前后值、原因、附件哈希、设备/IP
P107,投放,中心管理端,S07,监控,上线,提交/确认/处理/退回/转交（按权限）,调整,按流程配置；默认1个工作日,超时提醒→主管催办→高风险升级,仅退回到可编辑前置节点；关键财务/签署节点不得物理回退,操作者、身份、时间、前后值、原因、附件哈希、设备/IP
P107,投放,中心管理端,S08,调整,监控,提交/确认/处理/退回/转交（按权限）,关闭,按流程配置；默认1个工作日,超时提醒→主管催办→高风险升级,仅退回到可编辑前置节点；关键财务/签署节点不得物理回退,操作者、身份、时间、前后值、原因、附件哈希、设备/IP
P107,投放,中心管理端,S09,关闭,调整,提交/确认/处理/退回/转交（按权限）,财务对账,按流程配置；默认1个工作日,超时提醒→主管催办→高风险升级,仅退回到可编辑前置节点；关键财务/签署节点不得物理回退,操作者、身份、时间、前后值、原因、附件哈希、设备/IP
P107,投放,中心管理端,S10,财务对账,关闭,提交/确认/处理/退回/转交（按权限）,已关闭,T+1个工作日或财务日历,超时提醒→主管催办→高风险升级,仅退回到可编辑前置节点；关键财务/签署节点不得物理回退,操作者、身份、时间、前后值、原因、附件哈希、设备/IP
P108,舆情,中心管理端,S01,发现,流程触发/发起,提交/确认/处理/退回/转交（按权限）,分级,按流程配置；默认1个工作日,超时提醒→主管催办→高风险升级,仅退回到可编辑前置节点；关键财务/签署节点不得物理回退,操作者、身份、时间、前后值、原因、附件哈希、设备/IP
P108,舆情,中心管理端,S02,分级,发现,提交/确认/处理/退回/转交（按权限）,暂停自动回复,按流程配置；默认1个工作日,超时提醒→主管催办→高风险升级,仅退回到可编辑前置节点；关键财务/签署节点不得物理回退,操作者、身份、时间、前后值、原因、附件哈希、设备/IP
P108,舆情,中心管理端,S03,暂停自动回复,分级,提交/确认/处理/退回/转交（按权限）,事实核验,按流程配置；默认1个工作日,超时提醒→主管催办→高风险升级,仅退回到可编辑前置节点；关键财务/签署节点不得物理回退,操作者、身份、时间、前后值、原因、附件哈希、设备/IP
P108,舆情,中心管理端,S04,事实核验,暂停自动回复,提交/确认/处理/退回/转交（按权限）,统一口径,按流程配置；默认1个工作日,超时提醒→主管催办→高风险升级,仅退回到可编辑前置节点；关键财务/签署节点不得物理回退,操作者、身份、时间、前后值、原因、附件哈希、设备/IP
P108,舆情,中心管理端,S05,统一口径,事实核验,提交/确认/处理/退回/转交（按权限）,响应,按流程配置；默认1个工作日,超时提醒→主管催办→高风险升级,仅退回到可编辑前置节点；关键财务/签署节点不得物理回退,操作者、身份、时间、前后值、原因、附件哈希、设备/IP
P108,舆情,中心管理端,S06,响应,统一口径,提交/确认/处理/退回/转交（按权限）,持续监控,按流程配置；默认1个工作日,超时提醒→主管催办→高风险升级,仅退回到可编辑前置节点；关键财务/签署节点不得物理回退,操作者、身份、时间、前后值、原因、附件哈希、设备/IP
P108,舆情,中心管理端,S07,持续监控,响应,提交/确认/处理/退回/转交（按权限）,案件或复盘,按流程配置；默认1个工作日,超时提醒→主管催办→高风险升级,仅退回到可编辑前置节点；关键财务/签署节点不得物理回退,操作者、身份、时间、前后值、原因、附件哈希、设备/IP
P108,舆情,中心管理端,S08,案件或复盘,持续监控,提交/确认/处理/退回/转交（按权限）,已关闭,事项关闭后2个工作日,超时提醒→主管催办→高风险升级,仅退回到可编辑前置节点；关键财务/签署节点不得物理回退,操作者、身份、时间、前后值、原因、附件哈希、设备/IP
P109,品牌授权,中心管理端,S01,申请,流程触发/发起,提交/确认/处理/退回/转交（按权限）,用途主体期限,按流程配置；默认1个工作日,超时提醒→主管催办→高风险升级,仅退回到可编辑前置节点；关键财务/签署节点不得物理回退,操作者、身份、时间、前后值、原因、附件哈希、设备/IP
P109,品牌授权,中心管理端,S02,用途主体期限,申请,提交/确认/处理/退回/转交（按权限）,材料核验,按流程配置；默认1个工作日,超时提醒→主管催办→高风险升级,仅退回到可编辑前置节点；关键财务/签署节点不得物理回退,操作者、身份、时间、前后值、原因、附件哈希、设备/IP
P109,品牌授权,中心管理端,S03,材料核验,用途主体期限,提交/确认/处理/退回/转交（按权限）,风险评估,按流程配置；默认1个工作日,超时提醒→主管催办→高风险升级,仅退回到可编辑前置节点；关键财务/签署节点不得物理回退,操作者、身份、时间、前后值、原因、附件哈希、设备/IP
P109,品牌授权,中心管理端,S04,风险评估,材料核验,提交/确认/处理/退回/转交（按权限）,审批,立即响应；L3/L4 30分钟内升级,超时提醒→主管催办→高风险升级,仅退回到可编辑前置节点；关键财务/签署节点不得物理回退,操作者、身份、时间、前后值、原因、附件哈希、设备/IP
P109,品牌授权,中心管理端,S05,审批,风险评估,提交/确认/处理/退回/转交（按权限）,授权文件,1个工作日；高风险按制度,超时提醒→主管催办→高风险升级,仅退回到可编辑前置节点；关键财务/签署节点不得物理回退,操作者、身份、时间、前后值、原因、附件哈希、设备/IP
P109,品牌授权,中心管理端,S06,授权文件,审批,提交/确认/处理/退回/转交（按权限）,到期提醒,按流程配置；默认1个工作日,超时提醒→主管催办→高风险升级,仅退回到可编辑前置节点；关键财务/签署节点不得物理回退,操作者、身份、时间、前后值、原因、附件哈希、设备/IP
P109,品牌授权,中心管理端,S07,到期提醒,授权文件,提交/确认/处理/退回/转交（按权限）,终止/续期,按流程配置；默认1个工作日,超时提醒→主管催办→高风险升级,仅退回到可编辑前置节点；关键财务/签署节点不得物理回退,操作者、身份、时间、前后值、原因、附件哈希、设备/IP
P109,品牌授权,中心管理端,S08,终止/续期,到期提醒,提交/确认/处理/退回/转交（按权限）,已关闭,按流程配置；默认1个工作日,超时提醒→主管催办→高风险升级,仅退回到可编辑前置节点；关键财务/签署节点不得物理回退,操作者、身份、时间、前后值、原因、附件哈希、设备/IP
P110,物料审核,中心管理端,S01,提交物料,流程触发/发起,提交/确认/处理/退回/转交（按权限）,规范自动检查,按流程配置；默认1个工作日,超时提醒→主管催办→高风险升级,仅退回到可编辑前置节点；关键财务/签署节点不得物理回退,操作者、身份、时间、前后值、原因、附件哈希、设备/IP
P110,物料审核,中心管理端,S02,规范自动检查,提交物料,提交/确认/处理/退回/转交（按权限）,人工审核,按流程配置；默认1个工作日,超时提醒→主管催办→高风险升级,仅退回到可编辑前置节点；关键财务/签署节点不得物理回退,操作者、身份、时间、前后值、原因、附件哈希、设备/IP
P110,物料审核,中心管理端,S03,人工审核,规范自动检查,提交/确认/处理/退回/转交（按权限）,退回修改,1个工作日；高风险按制度,超时提醒→主管催办→高风险升级,仅退回到可编辑前置节点；关键财务/签署节点不得物理回退,操作者、身份、时间、前后值、原因、附件哈希、设备/IP
P110,物料审核,中心管理端,S04,退回修改,人工审核,提交/确认/处理/退回/转交（按权限）,批准,按流程配置；默认1个工作日,超时提醒→主管催办→高风险升级,仅退回到可编辑前置节点；关键财务/签署节点不得物理回退,操作者、身份、时间、前后值、原因、附件哈希、设备/IP
P110,物料审核,中心管理端,S05,批准,退回修改,提交/确认/处理/退回/转交（按权限）,版本固化,按流程配置；默认1个工作日,超时提醒→主管催办→高风险升级,仅退回到可编辑前置节点；关键财务/签署节点不得物理回退,操作者、身份、时间、前后值、原因、附件哈希、设备/IP
P110,物料审核,中心管理端,S06,版本固化,批准,提交/确认/处理/退回/转交（按权限）,发布移交,按流程配置；默认1个工作日,超时提醒→主管催办→高风险升级,仅退回到可编辑前置节点；关键财务/签署节点不得物理回退,操作者、身份、时间、前后值、原因、附件哈希、设备/IP
P110,物料审核,中心管理端,S07,发布移交,版本固化,提交/确认/处理/退回/转交（按权限）,已关闭,按流程配置；默认1个工作日,超时提醒→主管催办→高风险升级,仅退回到可编辑前置节点；关键财务/签署节点不得物理回退,操作者、身份、时间、前后值、原因、附件哈希、设备/IP
P111,侵权处理,中心管理端,S01,线索,流程触发/发起,提交/确认/处理/退回/转交（按权限）,证据保全,按流程配置；默认1个工作日,超时提醒→主管催办→高风险升级,仅退回到可编辑前置节点；关键财务/签署节点不得物理回退,操作者、身份、时间、前后值、原因、附件哈希、设备/IP
P111,侵权处理,中心管理端,S02,证据保全,线索,提交/确认/处理/退回/转交（按权限）,真实性核验,按流程配置；默认1个工作日,超时提醒→主管催办→高风险升级,仅退回到可编辑前置节点；关键财务/签署节点不得物理回退,操作者、身份、时间、前后值、原因、附件哈希、设备/IP
P111,侵权处理,中心管理端,S03,真实性核验,证据保全,提交/确认/处理/退回/转交（按权限）,风险分级,按流程配置；默认1个工作日,超时提醒→主管催办→高风险升级,仅退回到可编辑前置节点；关键财务/签署节点不得物理回退,操作者、身份、时间、前后值、原因、附件哈希、设备/IP
P111,侵权处理,中心管理端,S04,风险分级,真实性核验,提交/确认/处理/退回/转交（按权限）,通知或法务协同,立即响应；L3/L4 30分钟内升级,超时提醒→主管催办→高风险升级,仅退回到可编辑前置节点；关键财务/签署节点不得物理回退,操作者、身份、时间、前后值、原因、附件哈希、设备/IP
P111,侵权处理,中心管理端,S05,通知或法务协同,风险分级,提交/确认/处理/退回/转交（按权限）,下架整改,按流程配置；默认1个工作日,超时提醒→主管催办→高风险升级,仅退回到可编辑前置节点；关键财务/签署节点不得物理回退,操作者、身份、时间、前后值、原因、附件哈希、设备/IP
P111,侵权处理,中心管理端,S06,下架整改,通知或法务协同,提交/确认/处理/退回/转交（按权限）,复查,按流程配置；默认1个工作日,超时提醒→主管催办→高风险升级,仅退回到可编辑前置节点；关键财务/签署节点不得物理回退,操作者、身份、时间、前后值、原因、附件哈希、设备/IP
P111,侵权处理,中心管理端,S07,复查,下架整改,提交/确认/处理/退回/转交（按权限）,关闭,按流程配置；默认1个工作日,超时提醒→主管催办→高风险升级,仅退回到可编辑前置节点；关键财务/签署节点不得物理回退,操作者、身份、时间、前后值、原因、附件哈希、设备/IP
P111,侵权处理,中心管理端,S08,关闭,复查,提交/确认/处理/退回/转交（按权限）,已关闭,按流程配置；默认1个工作日,超时提醒→主管催办→高风险升级,仅退回到可编辑前置节点；关键财务/签署节点不得物理回退,操作者、身份、时间、前后值、原因、附件哈希、设备/IP
P112,标准接待,中心管理端,S01,需求,流程触发/发起,提交/确认/处理/退回/转交（按权限）,客情核验,按流程配置；默认1个工作日,超时提醒→主管催办→高风险升级,仅退回到可编辑前置节点；关键财务/签署节点不得物理回退,操作者、身份、时间、前后值、原因、附件哈希、设备/IP
P112,标准接待,中心管理端,S02,客情核验,需求,提交/确认/处理/退回/转交（按权限）,等级预算审批,按流程配置；默认1个工作日,超时提醒→主管催办→高风险升级,仅退回到可编辑前置节点；关键财务/签署节点不得物理回退,操作者、身份、时间、前后值、原因、附件哈希、设备/IP
P112,标准接待,中心管理端,S03,等级预算审批,客情核验,提交/确认/处理/退回/转交（按权限）,方案,1个工作日；高风险按制度,超时提醒→主管催办→高风险升级,仅退回到可编辑前置节点；关键财务/签署节点不得物理回退,操作者、身份、时间、前后值、原因、附件哈希、设备/IP
P112,标准接待,中心管理端,S04,方案,等级预算审批,提交/确认/处理/退回/转交（按权限）,资源子单,按流程配置；默认1个工作日,超时提醒→主管催办→高风险升级,仅退回到可编辑前置节点；关键财务/签署节点不得物理回退,操作者、身份、时间、前后值、原因、附件哈希、设备/IP
P112,标准接待,中心管理端,S05,资源子单,方案,提交/确认/处理/退回/转交（按权限）,行前确认,按流程配置；默认1个工作日,超时提醒→主管催办→高风险升级,仅退回到可编辑前置节点；关键财务/签署节点不得物理回退,操作者、身份、时间、前后值、原因、附件哈希、设备/IP
P112,标准接待,中心管理端,S06,行前确认,资源子单,提交/确认/处理/退回/转交（按权限）,接待执行,1个工作日；高风险按制度,超时提醒→主管催办→高风险升级,仅退回到可编辑前置节点；关键财务/签署节点不得物理回退,操作者、身份、时间、前后值、原因、附件哈希、设备/IP
P112,标准接待,中心管理端,S07,接待执行,行前确认,提交/确认/处理/退回/转交（按权限）,离场,按计划时点/班次完成,超时提醒→主管催办→高风险升级,仅退回到可编辑前置节点；关键财务/签署节点不得物理回退,操作者、身份、时间、前后值、原因、附件哈希、设备/IP
P112,标准接待,中心管理端,S08,离场,接待执行,提交/确认/处理/退回/转交（按权限）,回访,按流程配置；默认1个工作日,超时提醒→主管催办→高风险升级,仅退回到可编辑前置节点；关键财务/签署节点不得物理回退,操作者、身份、时间、前后值、原因、附件哈希、设备/IP
P112,标准接待,中心管理端,S09,回访,离场,提交/确认/处理/退回/转交（按权限）,费用与复盘,按流程配置；默认1个工作日,超时提醒→主管催办→高风险升级,仅退回到可编辑前置节点；关键财务/签署节点不得物理回退,操作者、身份、时间、前后值、原因、附件哈希、设备/IP
P112,标准接待,中心管理端,S10,费用与复盘,回访,提交/确认/处理/退回/转交（按权限）,已关闭,事项关闭后2个工作日,超时提醒→主管催办→高风险升级,仅退回到可编辑前置节点；关键财务/签署节点不得物理回退,操作者、身份、时间、前后值、原因、附件哈希、设备/IP
P113,临时变更,中心管理端,S01,变更提出,流程触发/发起,提交/确认/处理/退回/转交（按权限）,指定联系人确认,按流程配置；默认1个工作日,超时提醒→主管催办→高风险升级,仅退回到可编辑前置节点；关键财务/签署节点不得物理回退,操作者、身份、时间、前后值、原因、附件哈希、设备/IP
P113,临时变更,中心管理端,S02,指定联系人确认,变更提出,提交/确认/处理/退回/转交（按权限）,影响分析,1个工作日；高风险按制度,超时提醒→主管催办→高风险升级,仅退回到可编辑前置节点；关键财务/签署节点不得物理回退,操作者、身份、时间、前后值、原因、附件哈希、设备/IP
P113,临时变更,中心管理端,S03,影响分析,指定联系人确认,提交/确认/处理/退回/转交（按权限）,更新唯一行程,按流程配置；默认1个工作日,超时提醒→主管催办→高风险升级,仅退回到可编辑前置节点；关键财务/签署节点不得物理回退,操作者、身份、时间、前后值、原因、附件哈希、设备/IP
P113,临时变更,中心管理端,S04,更新唯一行程,影响分析,提交/确认/处理/退回/转交（按权限）,资源子单调整,按流程配置；默认1个工作日,超时提醒→主管催办→高风险升级,仅退回到可编辑前置节点；关键财务/签署节点不得物理回退,操作者、身份、时间、前后值、原因、附件哈希、设备/IP
P113,临时变更,中心管理端,S05,资源子单调整,更新唯一行程,提交/确认/处理/退回/转交（按权限）,人员通知,按流程配置；默认1个工作日,超时提醒→主管催办→高风险升级,仅退回到可编辑前置节点；关键财务/签署节点不得物理回退,操作者、身份、时间、前后值、原因、附件哈希、设备/IP
P113,临时变更,中心管理端,S06,人员通知,资源子单调整,提交/确认/处理/退回/转交（按权限）,损耗记录,按流程配置；默认1个工作日,超时提醒→主管催办→高风险升级,仅退回到可编辑前置节点；关键财务/签署节点不得物理回退,操作者、身份、时间、前后值、原因、附件哈希、设备/IP
P113,临时变更,中心管理端,S07,损耗记录,人员通知,提交/确认/处理/退回/转交（按权限）,已关闭,按流程配置；默认1个工作日,超时提醒→主管催办→高风险升级,仅退回到可编辑前置节点；关键财务/签署节点不得物理回退,操作者、身份、时间、前后值、原因、附件哈希、设备/IP
P114,导游执行,中心管理端,S01,排班,流程触发/发起,提交/确认/处理/退回/转交（按权限）,路线讲解词版本,按流程配置；默认1个工作日,超时提醒→主管催办→高风险升级,仅退回到可编辑前置节点；关键财务/签署节点不得物理回退,操作者、身份、时间、前后值、原因、附件哈希、设备/IP
P114,导游执行,中心管理端,S02,路线讲解词版本,排班,提交/确认/处理/退回/转交（按权限）,人数票务天气确认,按流程配置；默认1个工作日,超时提醒→主管催办→高风险升级,仅退回到可编辑前置节点；关键财务/签署节点不得物理回退,操作者、身份、时间、前后值、原因、附件哈希、设备/IP
P114,导游执行,中心管理端,S03,人数票务天气确认,路线讲解词版本,提交/确认/处理/退回/转交（按权限）,出发,1个工作日；高风险按制度,超时提醒→主管催办→高风险升级,仅退回到可编辑前置节点；关键财务/签署节点不得物理回退,操作者、身份、时间、前后值、原因、附件哈希、设备/IP
P114,导游执行,中心管理端,S04,出发,人数票务天气确认,提交/确认/处理/退回/转交（按权限）,持续清点,按流程配置；默认1个工作日,超时提醒→主管催办→高风险升级,仅退回到可编辑前置节点；关键财务/签署节点不得物理回退,操作者、身份、时间、前后值、原因、附件哈希、设备/IP
P114,导游执行,中心管理端,S05,持续清点,出发,提交/确认/处理/退回/转交（按权限）,异常处置,按流程配置；默认1个工作日,超时提醒→主管催办→高风险升级,仅退回到可编辑前置节点；关键财务/签署节点不得物理回退,操作者、身份、时间、前后值、原因、附件哈希、设备/IP
P114,导游执行,中心管理端,S06,异常处置,持续清点,提交/确认/处理/退回/转交（按权限）,结束反馈,立即响应；L3/L4 30分钟内升级,超时提醒→主管催办→高风险升级,仅退回到可编辑前置节点；关键财务/签署节点不得物理回退,操作者、身份、时间、前后值、原因、附件哈希、设备/IP
P114,导游执行,中心管理端,S07,结束反馈,异常处置,提交/确认/处理/退回/转交（按权限）,已关闭,按流程配置；默认1个工作日,超时提醒→主管催办→高风险升级,仅退回到可编辑前置节点；关键财务/签署节点不得物理回退,操作者、身份、时间、前后值、原因、附件哈希、设备/IP
P115,接待客诉,中心管理端,S01,受理,流程触发/发起,提交/确认/处理/退回/转交（按权限）,先行服务补救,按流程配置；默认1个工作日,超时提醒→主管催办→高风险升级,仅退回到可编辑前置节点；关键财务/签署节点不得物理回退,操作者、身份、时间、前后值、原因、附件哈希、设备/IP
P115,接待客诉,中心管理端,S02,先行服务补救,受理,提交/确认/处理/退回/转交（按权限）,事实记录,按流程配置；默认1个工作日,超时提醒→主管催办→高风险升级,仅退回到可编辑前置节点；关键财务/签署节点不得物理回退,操作者、身份、时间、前后值、原因、附件哈希、设备/IP
P115,接待客诉,中心管理端,S03,事实记录,先行服务补救,提交/确认/处理/退回/转交（按权限）,统一案件,按流程配置；默认1个工作日,超时提醒→主管催办→高风险升级,仅退回到可编辑前置节点；关键财务/签署节点不得物理回退,操作者、身份、时间、前后值、原因、附件哈希、设备/IP
P115,接待客诉,中心管理端,S04,统一案件,事实记录,提交/确认/处理/退回/转交（按权限）,调查,按流程配置；默认1个工作日,超时提醒→主管催办→高风险升级,仅退回到可编辑前置节点；关键财务/签署节点不得物理回退,操作者、身份、时间、前后值、原因、附件哈希、设备/IP
P115,接待客诉,中心管理端,S05,调查,统一案件,提交/确认/处理/退回/转交（按权限）,回访,按流程配置；默认1个工作日,超时提醒→主管催办→高风险升级,仅退回到可编辑前置节点；关键财务/签署节点不得物理回退,操作者、身份、时间、前后值、原因、附件哈希、设备/IP
P115,接待客诉,中心管理端,S06,回访,调查,提交/确认/处理/退回/转交（按权限）,整改,按流程配置；默认1个工作日,超时提醒→主管催办→高风险升级,仅退回到可编辑前置节点；关键财务/签署节点不得物理回退,操作者、身份、时间、前后值、原因、附件哈希、设备/IP
P115,接待客诉,中心管理端,S07,整改,回访,提交/确认/处理/退回/转交（按权限）,已关闭,按流程配置；默认1个工作日,超时提醒→主管催办→高风险升级,仅退回到可编辑前置节点；关键财务/签署节点不得物理回退,操作者、身份、时间、前后值、原因、附件哈希、设备/IP
P116,线索转商机,中心管理端,S01,线索进入,流程触发/发起,提交/确认/处理/退回/转交（按权限）,合法性和查重,按流程配置；默认1个工作日,超时提醒→主管催办→高风险升级,仅退回到可编辑前置节点；关键财务/签署节点不得物理回退,操作者、身份、时间、前后值、原因、附件哈希、设备/IP
P116,线索转商机,中心管理端,S02,合法性和查重,线索进入,提交/确认/处理/退回/转交（按权限）,分配,按流程配置；默认1个工作日,超时提醒→主管催办→高风险升级,仅退回到可编辑前置节点；关键财务/签署节点不得物理回退,操作者、身份、时间、前后值、原因、附件哈希、设备/IP
P116,线索转商机,中心管理端,S03,分配,合法性和查重,提交/确认/处理/退回/转交（按权限）,首次联系,按流程配置；默认1个工作日,超时提醒→主管催办→高风险升级,仅退回到可编辑前置节点；关键财务/签署节点不得物理回退,操作者、身份、时间、前后值、原因、附件哈希、设备/IP
P116,线索转商机,中心管理端,S04,首次联系,分配,提交/确认/处理/退回/转交（按权限）,资格判断,按流程配置；默认1个工作日,超时提醒→主管催办→高风险升级,仅退回到可编辑前置节点；关键财务/签署节点不得物理回退,操作者、身份、时间、前后值、原因、附件哈希、设备/IP
P116,线索转商机,中心管理端,S05,资格判断,首次联系,提交/确认/处理/退回/转交（按权限）,转商机或关闭,按流程配置；默认1个工作日,超时提醒→主管催办→高风险升级,仅退回到可编辑前置节点；关键财务/签署节点不得物理回退,操作者、身份、时间、前后值、原因、附件哈希、设备/IP
P116,线索转商机,中心管理端,S06,转商机或关闭,资格判断,提交/确认/处理/退回/转交（按权限）,下一步任务,按流程配置；默认1个工作日,超时提醒→主管催办→高风险升级,仅退回到可编辑前置节点；关键财务/签署节点不得物理回退,操作者、身份、时间、前后值、原因、附件哈希、设备/IP
P116,线索转商机,中心管理端,S07,下一步任务,转商机或关闭,提交/确认/处理/退回/转交（按权限）,已关闭,按流程配置；默认1个工作日,超时提醒→主管催办→高风险升级,仅退回到可编辑前置节点；关键财务/签署节点不得物理回退,操作者、身份、时间、前后值、原因、附件哈希、设备/IP
P117,销售成交,中心管理端,S01,需求,流程触发/发起,提交/确认/处理/退回/转交（按权限）,方案,按流程配置；默认1个工作日,超时提醒→主管催办→高风险升级,仅退回到可编辑前置节点；关键财务/签署节点不得物理回退,操作者、身份、时间、前后值、原因、附件哈希、设备/IP
P117,销售成交,中心管理端,S02,方案,需求,提交/确认/处理/退回/转交（按权限）,报价审批,按流程配置；默认1个工作日,超时提醒→主管催办→高风险升级,仅退回到可编辑前置节点；关键财务/签署节点不得物理回退,操作者、身份、时间、前后值、原因、附件哈希、设备/IP
P117,销售成交,中心管理端,S03,报价审批,方案,提交/确认/处理/退回/转交（按权限）,商务谈判,1个工作日；高风险按制度,超时提醒→主管催办→高风险升级,仅退回到可编辑前置节点；关键财务/签署节点不得物理回退,操作者、身份、时间、前后值、原因、附件哈希、设备/IP
P117,销售成交,中心管理端,S04,商务谈判,报价审批,提交/确认/处理/退回/转交（按权限）,合同协同,按流程配置；默认1个工作日,超时提醒→主管催办→高风险升级,仅退回到可编辑前置节点；关键财务/签署节点不得物理回退,操作者、身份、时间、前后值、原因、附件哈希、设备/IP
P117,销售成交,中心管理端,S05,合同协同,商务谈判,提交/确认/处理/退回/转交（按权限）,订单,按流程配置；默认1个工作日,超时提醒→主管催办→高风险升级,仅退回到可编辑前置节点；关键财务/签署节点不得物理回退,操作者、身份、时间、前后值、原因、附件哈希、设备/IP
P117,销售成交,中心管理端,S06,订单,合同协同,提交/确认/处理/退回/转交（按权限）,交付移交,按流程配置；默认1个工作日,超时提醒→主管催办→高风险升级,仅退回到可编辑前置节点；关键财务/签署节点不得物理回退,操作者、身份、时间、前后值、原因、附件哈希、设备/IP
P117,销售成交,中心管理端,S07,交付移交,订单,提交/确认/处理/退回/转交（按权限）,回款,按流程配置；默认1个工作日,超时提醒→主管催办→高风险升级,仅退回到可编辑前置节点；关键财务/签署节点不得物理回退,操作者、身份、时间、前后值、原因、附件哈希、设备/IP
P117,销售成交,中心管理端,S08,回款,交付移交,提交/确认/处理/退回/转交（按权限）,复购,按流程配置；默认1个工作日,超时提醒→主管催办→高风险升级,仅退回到可编辑前置节点；关键财务/签署节点不得物理回退,操作者、身份、时间、前后值、原因、附件哈希、设备/IP
P117,销售成交,中心管理端,S09,复购,回款,提交/确认/处理/退回/转交（按权限）,已关闭,按流程配置；默认1个工作日,超时提醒→主管催办→高风险升级,仅退回到可编辑前置节点；关键财务/签署节点不得物理回退,操作者、身份、时间、前后值、原因、附件哈希、设备/IP
P118,二次销售,中心管理端,S01,服务场景产生线索,流程触发/发起,提交/确认/处理/退回/转交（按权限）,员工工号/二维码归属,按流程配置；默认1个工作日,超时提醒→主管催办→高风险升级,仅退回到可编辑前置节点；关键财务/签署节点不得物理回退,操作者、身份、时间、前后值、原因、附件哈希、设备/IP
P118,二次销售,中心管理端,S02,员工工号/二维码归属,服务场景产生线索,提交/确认/处理/退回/转交（按权限）,成交,按流程配置；默认1个工作日,超时提醒→主管催办→高风险升级,仅退回到可编辑前置节点；关键财务/签署节点不得物理回退,操作者、身份、时间、前后值、原因、附件哈希、设备/IP
P118,二次销售,中心管理端,S03,成交,员工工号/二维码归属,提交/确认/处理/退回/转交（按权限）,核销交付,按流程配置；默认1个工作日,超时提醒→主管催办→高风险升级,仅退回到可编辑前置节点；关键财务/签署节点不得物理回退,操作者、身份、时间、前后值、原因、附件哈希、设备/IP
P118,二次销售,中心管理端,S04,核销交付,成交,提交/确认/处理/退回/转交（按权限）,退款观察,按流程配置；默认1个工作日,超时提醒→主管催办→高风险升级,仅退回到可编辑前置节点；关键财务/签署节点不得物理回退,操作者、身份、时间、前后值、原因、附件哈希、设备/IP
P118,二次销售,中心管理端,S05,退款观察,核销交付,提交/确认/处理/退回/转交（按权限）,贡献角色确认,T+1个工作日或财务日历,超时提醒→主管催办→高风险升级,仅退回到可编辑前置节点；关键财务/签署节点不得物理回退,操作者、身份、时间、前后值、原因、附件哈希、设备/IP
P118,二次销售,中心管理端,S06,贡献角色确认,退款观察,提交/确认/处理/退回/转交（按权限）,提成基础,1个工作日；高风险按制度,超时提醒→主管催办→高风险升级,仅退回到可编辑前置节点；关键财务/签署节点不得物理回退,操作者、身份、时间、前后值、原因、附件哈希、设备/IP
P118,二次销售,中心管理端,S07,提成基础,贡献角色确认,提交/确认/处理/退回/转交（按权限）,已关闭,按流程配置；默认1个工作日,超时提醒→主管催办→高风险升级,仅退回到可编辑前置节点；关键财务/签署节点不得物理回退,操作者、身份、时间、前后值、原因、附件哈希、设备/IP
P119,客户移交,中心管理端,S01,人员调岗离职,流程触发/发起,提交/确认/处理/退回/转交（按权限）,未结客户清单,按流程配置；默认1个工作日,超时提醒→主管催办→高风险升级,仅退回到可编辑前置节点；关键财务/签署节点不得物理回退,操作者、身份、时间、前后值、原因、附件哈希、设备/IP
P119,客户移交,中心管理端,S02,未结客户清单,人员调岗离职,提交/确认/处理/退回/转交（按权限）,新责任人,按流程配置；默认1个工作日,超时提醒→主管催办→高风险升级,仅退回到可编辑前置节点；关键财务/签署节点不得物理回退,操作者、身份、时间、前后值、原因、附件哈希、设备/IP
P119,客户移交,中心管理端,S03,新责任人,未结客户清单,提交/确认/处理/退回/转交（按权限）,客户沟通,按流程配置；默认1个工作日,超时提醒→主管催办→高风险升级,仅退回到可编辑前置节点；关键财务/签署节点不得物理回退,操作者、身份、时间、前后值、原因、附件哈希、设备/IP
P119,客户移交,中心管理端,S04,客户沟通,新责任人,提交/确认/处理/退回/转交（按权限）,权限转移,按流程配置；默认1个工作日,超时提醒→主管催办→高风险升级,仅退回到可编辑前置节点；关键财务/签署节点不得物理回退,操作者、身份、时间、前后值、原因、附件哈希、设备/IP
P119,客户移交,中心管理端,S05,权限转移,客户沟通,提交/确认/处理/退回/转交（按权限）,移交验收,按流程配置；默认1个工作日,超时提醒→主管催办→高风险升级,仅退回到可编辑前置节点；关键财务/签署节点不得物理回退,操作者、身份、时间、前后值、原因、附件哈希、设备/IP
P119,客户移交,中心管理端,S06,移交验收,权限转移,提交/确认/处理/退回/转交（按权限）,已关闭,1个工作日；高风险按制度,超时提醒→主管催办→高风险升级,仅退回到可编辑前置节点；关键财务/签署节点不得物理回退,操作者、身份、时间、前后值、原因、附件哈希、设备/IP
P120,全员生命周期闭环,中心管理端,S01,用人需求,流程触发/发起,提交/确认/处理/退回/转交（按权限）,招聘录用,按流程配置；默认1个工作日,超时提醒→主管催办→高风险升级,仅退回到可编辑前置节点；关键财务/签署节点不得物理回退,操作者、身份、时间、前后值、原因、附件哈希、设备/IP
P120,全员生命周期闭环,中心管理端,S02,招聘录用,用人需求,提交/确认/处理/退回/转交（按权限）,入职,按流程配置；默认1个工作日,超时提醒→主管催办→高风险升级,仅退回到可编辑前置节点；关键财务/签署节点不得物理回退,操作者、身份、时间、前后值、原因、附件哈希、设备/IP
P120,全员生命周期闭环,中心管理端,S03,入职,招聘录用,提交/确认/处理/退回/转交（按权限）,试用转正,按流程配置；默认1个工作日,超时提醒→主管催办→高风险升级,仅退回到可编辑前置节点；关键财务/签署节点不得物理回退,操作者、身份、时间、前后值、原因、附件哈希、设备/IP
P120,全员生命周期闭环,中心管理端,S04,试用转正,入职,提交/确认/处理/退回/转交（按权限）,在岗学习与绩效,按流程配置；默认1个工作日,超时提醒→主管催办→高风险升级,仅退回到可编辑前置节点；关键财务/签署节点不得物理回退,操作者、身份、时间、前后值、原因、附件哈希、设备/IP
P120,全员生命周期闭环,中心管理端,S05,在岗学习与绩效,试用转正,提交/确认/处理/退回/转交（按权限）,调岗/兼岗/晋升,按流程配置；默认1个工作日,超时提醒→主管催办→高风险升级,仅退回到可编辑前置节点；关键财务/签署节点不得物理回退,操作者、身份、时间、前后值、原因、附件哈希、设备/IP
P120,全员生命周期闭环,中心管理端,S06,调岗/兼岗/晋升,在岗学习与绩效,提交/确认/处理/退回/转交（按权限）,奖励纪律与关怀,按流程配置；默认1个工作日,超时提醒→主管催办→高风险升级,仅退回到可编辑前置节点；关键财务/签署节点不得物理回退,操作者、身份、时间、前后值、原因、附件哈希、设备/IP
P120,全员生命周期闭环,中心管理端,S07,奖励纪律与关怀,调岗/兼岗/晋升,提交/确认/处理/退回/转交（按权限）,离职交接,按流程配置；默认1个工作日,超时提醒→主管催办→高风险升级,仅退回到可编辑前置节点；关键财务/签署节点不得物理回退,操作者、身份、时间、前后值、原因、附件哈希、设备/IP
P120,全员生命周期闭环,中心管理端,S08,离职交接,奖励纪律与关怀,提交/确认/处理/退回/转交（按权限）,历史归档,按流程配置；默认1个工作日,超时提醒→主管催办→高风险升级,仅退回到可编辑前置节点；关键财务/签署节点不得物理回退,操作者、身份、时间、前后值、原因、附件哈希、设备/IP
P120,全员生命周期闭环,中心管理端,S09,历史归档,离职交接,提交/确认/处理/退回/转交（按权限）,已关闭,事项关闭后2个工作日,超时提醒→主管催办→高风险升级,仅退回到可编辑前置节点；关键财务/签署节点不得物理回退,操作者、身份、时间、前后值、原因、附件哈希、设备/IP
P121,市场获客到交付回款闭环,中心管理端,S01,市场/新媒体线索,流程触发/发起,提交/确认/处理/退回/转交（按权限）,客户查重与归属,按流程配置；默认1个工作日,超时提醒→主管催办→高风险升级,仅退回到可编辑前置节点；关键财务/签署节点不得物理回退,操作者、身份、时间、前后值、原因、附件哈希、设备/IP
P121,市场获客到交付回款闭环,中心管理端,S02,客户查重与归属,市场/新媒体线索,提交/确认/处理/退回/转交（按权限）,商机,按流程配置；默认1个工作日,超时提醒→主管催办→高风险升级,仅退回到可编辑前置节点；关键财务/签署节点不得物理回退,操作者、身份、时间、前后值、原因、附件哈希、设备/IP
P121,市场获客到交付回款闭环,中心管理端,S03,商机,客户查重与归属,提交/确认/处理/退回/转交（按权限）,方案与报价,按流程配置；默认1个工作日,超时提醒→主管催办→高风险升级,仅退回到可编辑前置节点；关键财务/签署节点不得物理回退,操作者、身份、时间、前后值、原因、附件哈希、设备/IP
P121,市场获客到交付回款闭环,中心管理端,S04,方案与报价,商机,提交/确认/处理/退回/转交（按权限）,合同/订单,按流程配置；默认1个工作日,超时提醒→主管催办→高风险升级,仅退回到可编辑前置节点；关键财务/签署节点不得物理回退,操作者、身份、时间、前后值、原因、附件哈希、设备/IP
P121,市场获客到交付回款闭环,中心管理端,S05,合同/订单,方案与报价,提交/确认/处理/退回/转交（按权限）,票务/教育/接待/演艺/餐饮交付,按流程配置；默认1个工作日,超时提醒→主管催办→高风险升级,仅退回到可编辑前置节点；关键财务/签署节点不得物理回退,操作者、身份、时间、前后值、原因、附件哈希、设备/IP
P121,市场获客到交付回款闭环,中心管理端,S06,票务/教育/接待/演艺/餐饮交付,合同/订单,提交/确认/处理/退回/转交（按权限）,回款,按流程配置；默认1个工作日,超时提醒→主管催办→高风险升级,仅退回到可编辑前置节点；关键财务/签署节点不得物理回退,操作者、身份、时间、前后值、原因、附件哈希、设备/IP
P121,市场获客到交付回款闭环,中心管理端,S07,回款,票务/教育/接待/演艺/餐饮交付,提交/确认/处理/退回/转交（按权限）,贡献毛利,按流程配置；默认1个工作日,超时提醒→主管催办→高风险升级,仅退回到可编辑前置节点；关键财务/签署节点不得物理回退,操作者、身份、时间、前后值、原因、附件哈希、设备/IP
P121,市场获客到交付回款闭环,中心管理端,S08,贡献毛利,回款,提交/确认/处理/退回/转交（按权限）,提成,按流程配置；默认1个工作日,超时提醒→主管催办→高风险升级,仅退回到可编辑前置节点；关键财务/签署节点不得物理回退,操作者、身份、时间、前后值、原因、附件哈希、设备/IP
P121,市场获客到交付回款闭环,中心管理端,S09,提成,贡献毛利,提交/确认/处理/退回/转交（按权限）,复购与客户运营,按流程配置；默认1个工作日,超时提醒→主管催办→高风险升级,仅退回到可编辑前置节点；关键财务/签署节点不得物理回退,操作者、身份、时间、前后值、原因、附件哈希、设备/IP
P121,市场获客到交付回款闭环,中心管理端,S10,复购与客户运营,提成,提交/确认/处理/退回/转交（按权限）,已关闭,按流程配置；默认1个工作日,超时提醒→主管催办→高风险升级,仅退回到可编辑前置节点；关键财务/签署节点不得物理回退,操作者、身份、时间、前后值、原因、附件哈希、设备/IP
P122,接待资源闭环,中心管理端,S01,接待主单,流程触发/发起,提交/确认/处理/退回/转交（按权限）,唯一行程,按流程配置；默认1个工作日,超时提醒→主管催办→高风险升级,仅退回到可编辑前置节点；关键财务/签署节点不得物理回退,操作者、身份、时间、前后值、原因、附件哈希、设备/IP
P122,接待资源闭环,中心管理端,S02,唯一行程,接待主单,提交/确认/处理/退回/转交（按权限）,车辆/票务/餐饮/演艺/教育/物资/安保子单,按流程配置；默认1个工作日,超时提醒→主管催办→高风险升级,仅退回到可编辑前置节点；关键财务/签署节点不得物理回退,操作者、身份、时间、前后值、原因、附件哈希、设备/IP
P122,接待资源闭环,中心管理端,S03,车辆/票务/餐饮/演艺/教育/物资/安保子单,唯一行程,提交/确认/处理/退回/转交（按权限）,行前确认,按流程配置；默认1个工作日,超时提醒→主管催办→高风险升级,仅退回到可编辑前置节点；关键财务/签署节点不得物理回退,操作者、身份、时间、前后值、原因、附件哈希、设备/IP
P122,接待资源闭环,中心管理端,S04,行前确认,车辆/票务/餐饮/演艺/教育/物资/安保子单,提交/确认/处理/退回/转交（按权限）,现场执行,1个工作日；高风险按制度,超时提醒→主管催办→高风险升级,仅退回到可编辑前置节点；关键财务/签署节点不得物理回退,操作者、身份、时间、前后值、原因、附件哈希、设备/IP
P122,接待资源闭环,中心管理端,S05,现场执行,行前确认,提交/确认/处理/退回/转交（按权限）,离场,按计划时点/班次完成,超时提醒→主管催办→高风险升级,仅退回到可编辑前置节点；关键财务/签署节点不得物理回退,操作者、身份、时间、前后值、原因、附件哈希、设备/IP
P122,接待资源闭环,中心管理端,S06,离场,现场执行,提交/确认/处理/退回/转交（按权限）,回访/投诉,按流程配置；默认1个工作日,超时提醒→主管催办→高风险升级,仅退回到可编辑前置节点；关键财务/签署节点不得物理回退,操作者、身份、时间、前后值、原因、附件哈希、设备/IP
P122,接待资源闭环,中心管理端,S07,回访/投诉,离场,提交/确认/处理/退回/转交（按权限）,费用与复盘,按流程配置；默认1个工作日,超时提醒→主管催办→高风险升级,仅退回到可编辑前置节点；关键财务/签署节点不得物理回退,操作者、身份、时间、前后值、原因、附件哈希、设备/IP
P122,接待资源闭环,中心管理端,S08,费用与复盘,回访/投诉,提交/确认/处理/退回/转交（按权限）,已关闭,事项关闭后2个工作日,超时提醒→主管催办→高风险升级,仅退回到可编辑前置节点；关键财务/签署节点不得物理回退,操作者、身份、时间、前后值、原因、附件哈希、设备/IP
P123,演艺场次闭环,中心管理端,S01,节目版本,流程触发/发起,提交/确认/处理/退回/转交（按权限）,场次,按流程配置；默认1个工作日,超时提醒→主管催办→高风险升级,仅退回到可编辑前置节点；关键财务/签署节点不得物理回退,操作者、身份、时间、前后值、原因、附件哈希、设备/IP
P123,演艺场次闭环,中心管理端,S02,场次,节目版本,提交/确认/处理/退回/转交（按权限）,演员排班,按流程配置；默认1个工作日,超时提醒→主管催办→高风险升级,仅退回到可编辑前置节点；关键财务/签署节点不得物理回退,操作者、身份、时间、前后值、原因、附件哈希、设备/IP
P123,演艺场次闭环,中心管理端,S03,演员排班,场次,提交/确认/处理/退回/转交（按权限）,服化道,按流程配置；默认1个工作日,超时提醒→主管催办→高风险升级,仅退回到可编辑前置节点；关键财务/签署节点不得物理回退,操作者、身份、时间、前后值、原因、附件哈希、设备/IP
P123,演艺场次闭环,中心管理端,S04,服化道,演员排班,提交/确认/处理/退回/转交（按权限）,演艺技术,按流程配置；默认1个工作日,超时提醒→主管催办→高风险升级,仅退回到可编辑前置节点；关键财务/签署节点不得物理回退,操作者、身份、时间、前后值、原因、附件哈希、设备/IP
P123,演艺场次闭环,中心管理端,S05,演艺技术,服化道,提交/确认/处理/退回/转交（按权限）,无人机,按流程配置；默认1个工作日,超时提醒→主管催办→高风险升级,仅退回到可编辑前置节点；关键财务/签署节点不得物理回退,操作者、身份、时间、前后值、原因、附件哈希、设备/IP
P123,演艺场次闭环,中心管理端,S06,无人机,演艺技术,提交/确认/处理/退回/转交（按权限）,场前检查,按流程配置；默认1个工作日,超时提醒→主管催办→高风险升级,仅退回到可编辑前置节点；关键财务/签署节点不得物理回退,操作者、身份、时间、前后值、原因、附件哈希、设备/IP
P123,演艺场次闭环,中心管理端,S07,场前检查,无人机,提交/确认/处理/退回/转交（按权限）,演出,按流程配置；默认1个工作日,超时提醒→主管催办→高风险升级,仅退回到可编辑前置节点；关键财务/签署节点不得物理回退,操作者、身份、时间、前后值、原因、附件哈希、设备/IP
P123,演艺场次闭环,中心管理端,S08,演出,场前检查,提交/确认/处理/退回/转交（按权限）,结果,按计划时点/班次完成,超时提醒→主管催办→高风险升级,仅退回到可编辑前置节点；关键财务/签署节点不得物理回退,操作者、身份、时间、前后值、原因、附件哈希、设备/IP
P123,演艺场次闭环,中心管理端,S09,结果,演出,提交/确认/处理/退回/转交（按权限）,故障/伤情/停演,按流程配置；默认1个工作日,超时提醒→主管催办→高风险升级,仅退回到可编辑前置节点；关键财务/签署节点不得物理回退,操作者、身份、时间、前后值、原因、附件哈希、设备/IP
P123,演艺场次闭环,中心管理端,S10,故障/伤情/停演,结果,提交/确认/处理/退回/转交（按权限）,复盘,立即响应；L3/L4 30分钟内升级,超时提醒→主管催办→高风险升级,仅退回到可编辑前置节点；关键财务/签署节点不得物理回退,操作者、身份、时间、前后值、原因、附件哈希、设备/IP
P123,演艺场次闭环,中心管理端,S11,复盘,故障/伤情/停演,提交/确认/处理/退回/转交（按权限）,已关闭,事项关闭后2个工作日,超时提醒→主管催办→高风险升级,仅退回到可编辑前置节点；关键财务/签署节点不得物理回退,操作者、身份、时间、前后值、原因、附件哈希、设备/IP
P124,采购资产财务闭环,中心管理端,S01,需求,流程触发/发起,提交/确认/处理/退回/转交（按权限）,库存核查,按流程配置；默认1个工作日,超时提醒→主管催办→高风险升级,仅退回到可编辑前置节点；关键财务/签署节点不得物理回退,操作者、身份、时间、前后值、原因、附件哈希、设备/IP
P124,采购资产财务闭环,中心管理端,S02,库存核查,需求,提交/确认/处理/退回/转交（按权限）,采购,按流程配置；默认1个工作日,超时提醒→主管催办→高风险升级,仅退回到可编辑前置节点；关键财务/签署节点不得物理回退,操作者、身份、时间、前后值、原因、附件哈希、设备/IP
P124,采购资产财务闭环,中心管理端,S03,采购,库存核查,提交/确认/处理/退回/转交（按权限）,到货,按流程配置；默认1个工作日,超时提醒→主管催办→高风险升级,仅退回到可编辑前置节点；关键财务/签署节点不得物理回退,操作者、身份、时间、前后值、原因、附件哈希、设备/IP
P124,采购资产财务闭环,中心管理端,S04,到货,采购,提交/确认/处理/退回/转交（按权限）,专业验收,按流程配置；默认1个工作日,超时提醒→主管催办→高风险升级,仅退回到可编辑前置节点；关键财务/签署节点不得物理回退,操作者、身份、时间、前后值、原因、附件哈希、设备/IP
P124,采购资产财务闭环,中心管理端,S05,专业验收,到货,提交/确认/处理/退回/转交（按权限）,入库/资产建卡,1个工作日；高风险按制度,超时提醒→主管催办→高风险升级,仅退回到可编辑前置节点；关键财务/签署节点不得物理回退,操作者、身份、时间、前后值、原因、附件哈希、设备/IP
P124,采购资产财务闭环,中心管理端,S06,入库/资产建卡,专业验收,提交/确认/处理/退回/转交（按权限）,领借调还,按流程配置；默认1个工作日,超时提醒→主管催办→高风险升级,仅退回到可编辑前置节点；关键财务/签署节点不得物理回退,操作者、身份、时间、前后值、原因、附件哈希、设备/IP
P124,采购资产财务闭环,中心管理端,S07,领借调还,入库/资产建卡,提交/确认/处理/退回/转交（按权限）,盘点/维修/处置,按流程配置；默认1个工作日,超时提醒→主管催办→高风险升级,仅退回到可编辑前置节点；关键财务/签署节点不得物理回退,操作者、身份、时间、前后值、原因、附件哈希、设备/IP
P124,采购资产财务闭环,中心管理端,S08,盘点/维修/处置,领借调还,提交/确认/处理/退回/转交（按权限）,发票与付款,按计划时点/班次完成,超时提醒→主管催办→高风险升级,仅退回到可编辑前置节点；关键财务/签署节点不得物理回退,操作者、身份、时间、前后值、原因、附件哈希、设备/IP
P124,采购资产财务闭环,中心管理端,S09,发票与付款,盘点/维修/处置,提交/确认/处理/退回/转交（按权限）,对账,T+1个工作日或财务日历,超时提醒→主管催办→高风险升级,仅退回到可编辑前置节点；关键财务/签署节点不得物理回退,操作者、身份、时间、前后值、原因、附件哈希、设备/IP
P124,采购资产财务闭环,中心管理端,S10,对账,发票与付款,提交/确认/处理/退回/转交（按权限）,已关闭,T+1个工作日或财务日历,超时提醒→主管催办→高风险升级,仅退回到可编辑前置节点；关键财务/签署节点不得物理回退,操作者、身份、时间、前后值、原因、附件哈希、设备/IP
P125,内容生产发布闭环,中心管理端,S01,业务需求,流程触发/发起,提交/确认/处理/退回/转交（按权限）,策划,按流程配置；默认1个工作日,超时提醒→主管催办→高风险升级,仅退回到可编辑前置节点；关键财务/签署节点不得物理回退,操作者、身份、时间、前后值、原因、附件哈希、设备/IP
P125,内容生产发布闭环,中心管理端,S02,策划,业务需求,提交/确认/处理/退回/转交（按权限）,企宣制作,按流程配置；默认1个工作日,超时提醒→主管催办→高风险升级,仅退回到可编辑前置节点；关键财务/签署节点不得物理回退,操作者、身份、时间、前后值、原因、附件哈希、设备/IP
P125,内容生产发布闭环,中心管理端,S03,企宣制作,策划,提交/确认/处理/退回/转交（按权限）,品牌审核,按流程配置；默认1个工作日,超时提醒→主管催办→高风险升级,仅退回到可编辑前置节点；关键财务/签署节点不得物理回退,操作者、身份、时间、前后值、原因、附件哈希、设备/IP
P125,内容生产发布闭环,中心管理端,S04,品牌审核,企宣制作,提交/确认/处理/退回/转交（按权限）,渠道发布,1个工作日；高风险按制度,超时提醒→主管催办→高风险升级,仅退回到可编辑前置节点；关键财务/签署节点不得物理回退,操作者、身份、时间、前后值、原因、附件哈希、设备/IP
P125,内容生产发布闭环,中心管理端,S05,渠道发布,品牌审核,提交/确认/处理/退回/转交（按权限）,投放/传播,按流程配置；默认1个工作日,超时提醒→主管催办→高风险升级,仅退回到可编辑前置节点；关键财务/签署节点不得物理回退,操作者、身份、时间、前后值、原因、附件哈希、设备/IP
P125,内容生产发布闭环,中心管理端,S06,投放/传播,渠道发布,提交/确认/处理/退回/转交（按权限）,线索与订单,按流程配置；默认1个工作日,超时提醒→主管催办→高风险升级,仅退回到可编辑前置节点；关键财务/签署节点不得物理回退,操作者、身份、时间、前后值、原因、附件哈希、设备/IP
P125,内容生产发布闭环,中心管理端,S07,线索与订单,投放/传播,提交/确认/处理/退回/转交（按权限）,数据复盘,按流程配置；默认1个工作日,超时提醒→主管催办→高风险升级,仅退回到可编辑前置节点；关键财务/签署节点不得物理回退,操作者、身份、时间、前后值、原因、附件哈希、设备/IP
P125,内容生产发布闭环,中心管理端,S08,数据复盘,线索与订单,提交/确认/处理/退回/转交（按权限）,素材归档,事项关闭后2个工作日,超时提醒→主管催办→高风险升级,仅退回到可编辑前置节点；关键财务/签署节点不得物理回退,操作者、身份、时间、前后值、原因、附件哈希、设备/IP
P125,内容生产发布闭环,中心管理端,S09,素材归档,数据复盘,提交/确认/处理/退回/转交（按权限）,已关闭,事项关闭后2个工作日,超时提醒→主管催办→高风险升级,仅退回到可编辑前置节点；关键财务/签署节点不得物理回退,操作者、身份、时间、前后值、原因、附件哈希、设备/IP
P126,事件与整改闭环,中心管理端,S01,线索/异常,流程触发/发起,提交/确认/处理/退回/转交（按权限）,风险分级,立即响应；L3/L4 30分钟内升级,超时提醒→主管催办→高风险升级,仅退回到可编辑前置节点；关键财务/签署节点不得物理回退,操作者、身份、时间、前后值、原因、附件哈希、设备/IP
P126,事件与整改闭环,中心管理端,S02,风险分级,线索/异常,提交/确认/处理/退回/转交（按权限）,先行止险,立即响应；L3/L4 30分钟内升级,超时提醒→主管催办→高风险升级,仅退回到可编辑前置节点；关键财务/签署节点不得物理回退,操作者、身份、时间、前后值、原因、附件哈希、设备/IP
P126,事件与整改闭环,中心管理端,S03,先行止险,风险分级,提交/确认/处理/退回/转交（按权限）,唯一案件,立即响应；L3/L4 30分钟内升级,超时提醒→主管催办→高风险升级,仅退回到可编辑前置节点；关键财务/签署节点不得物理回退,操作者、身份、时间、前后值、原因、附件哈希、设备/IP
P126,事件与整改闭环,中心管理端,S04,唯一案件,先行止险,提交/确认/处理/退回/转交（按权限）,调查,按流程配置；默认1个工作日,超时提醒→主管催办→高风险升级,仅退回到可编辑前置节点；关键财务/签署节点不得物理回退,操作者、身份、时间、前后值、原因、附件哈希、设备/IP
P126,事件与整改闭环,中心管理端,S05,调查,唯一案件,提交/确认/处理/退回/转交（按权限）,责任与决定,按流程配置；默认1个工作日,超时提醒→主管催办→高风险升级,仅退回到可编辑前置节点；关键财务/签署节点不得物理回退,操作者、身份、时间、前后值、原因、附件哈希、设备/IP
P126,事件与整改闭环,中心管理端,S06,责任与决定,调查,提交/确认/处理/退回/转交（按权限）,影响执行,按流程配置；默认1个工作日,超时提醒→主管催办→高风险升级,仅退回到可编辑前置节点；关键财务/签署节点不得物理回退,操作者、身份、时间、前后值、原因、附件哈希、设备/IP
P126,事件与整改闭环,中心管理端,S07,影响执行,责任与决定,提交/确认/处理/退回/转交（按权限）,申诉,按计划时点/班次完成,超时提醒→主管催办→高风险升级,仅退回到可编辑前置节点；关键财务/签署节点不得物理回退,操作者、身份、时间、前后值、原因、附件哈希、设备/IP
P126,事件与整改闭环,中心管理端,S08,申诉,影响执行,提交/确认/处理/退回/转交（按权限）,整改验证,按流程配置；默认1个工作日,超时提醒→主管催办→高风险升级,仅退回到可编辑前置节点；关键财务/签署节点不得物理回退,操作者、身份、时间、前后值、原因、附件哈希、设备/IP
P126,事件与整改闭环,中心管理端,S09,整改验证,申诉,提交/确认/处理/退回/转交（按权限）,关闭与补充归档,按流程配置；默认1个工作日,超时提醒→主管催办→高风险升级,仅退回到可编辑前置节点；关键财务/签署节点不得物理回退,操作者、身份、时间、前后值、原因、附件哈希、设备/IP
P126,事件与整改闭环,中心管理端,S10,关闭与补充归档,整改验证,提交/确认/处理/退回/转交（按权限）,已关闭,事项关闭后2个工作日,超时提醒→主管催办→高风险升级,仅退回到可编辑前置节点；关键财务/签署节点不得物理回退,操作者、身份、时间、前后值、原因、附件哈希、设备/IP
P001,统一登录与多岗位身份切换,技术后台端,S01,访问统一入口,流程触发/发起,提交/确认/处理/退回/转交（按权限）,身份认证/MFA,按流程配置；默认1个工作日,超时提醒→主管催办→高风险升级,仅退回到可编辑前置节点；关键财务/签署节点不得物理回退,操作者、身份、时间、前后值、原因、附件哈希、设备/IP
P001,统一登录与多岗位身份切换,技术后台端,S02,身份认证/MFA,访问统一入口,提交/确认/处理/退回/转交（按权限）,解析自然人与当前员工关系,按流程配置；默认1个工作日,超时提醒→主管催办→高风险升级,仅退回到可编辑前置节点；关键财务/签署节点不得物理回退,操作者、身份、时间、前后值、原因、附件哈希、设备/IP
P001,统一登录与多岗位身份切换,技术后台端,S03,解析自然人与当前员工关系,身份认证/MFA,提交/确认/处理/退回/转交（按权限）,选择或自动解析当前任职身份,按流程配置；默认1个工作日,超时提醒→主管催办→高风险升级,仅退回到可编辑前置节点；关键财务/签署节点不得物理回退,操作者、身份、时间、前后值、原因、附件哈希、设备/IP
P001,统一登录与多岗位身份切换,技术后台端,S04,选择或自动解析当前任职身份,解析自然人与当前员工关系,提交/确认/处理/退回/转交（按权限）,加载模块、动作、数据和字段权限,按流程配置；默认1个工作日,超时提醒→主管催办→高风险升级,仅退回到可编辑前置节点；关键财务/签署节点不得物理回退,操作者、身份、时间、前后值、原因、附件哈希、设备/IP
P001,统一登录与多岗位身份切换,技术后台端,S05,加载模块、动作、数据和字段权限,选择或自动解析当前任职身份,提交/确认/处理/退回/转交（按权限）,进入角色化工作台,按流程配置；默认1个工作日,超时提醒→主管催办→高风险升级,仅退回到可编辑前置节点；关键财务/签署节点不得物理回退,操作者、身份、时间、前后值、原因、附件哈希、设备/IP
P001,统一登录与多岗位身份切换,技术后台端,S06,进入角色化工作台,加载模块、动作、数据和字段权限,提交/确认/处理/退回/转交（按权限）,会话持续校验,按流程配置；默认1个工作日,超时提醒→主管催办→高风险升级,仅退回到可编辑前置节点；关键财务/签署节点不得物理回退,操作者、身份、时间、前后值、原因、附件哈希、设备/IP
P001,统一登录与多岗位身份切换,技术后台端,S07,会话持续校验,进入角色化工作台,提交/确认/处理/退回/转交（按权限）,退出与审计,按流程配置；默认1个工作日,超时提醒→主管催办→高风险升级,仅退回到可编辑前置节点；关键财务/签署节点不得物理回退,操作者、身份、时间、前后值、原因、附件哈希、设备/IP
P001,统一登录与多岗位身份切换,技术后台端,S08,退出与审计,会话持续校验,提交/确认/处理/退回/转交（按权限）,已关闭,按流程配置；默认1个工作日,超时提醒→主管催办→高风险升级,仅退回到可编辑前置节点；关键财务/签署节点不得物理回退,操作者、身份、时间、前后值、原因、附件哈希、设备/IP
P002,权限申请、复核与回收,技术后台端,S01,岗位模板授权,流程触发/发起,提交/确认/处理/退回/转交（按权限）,个人/项目补充授权申请,按流程配置；默认1个工作日,超时提醒→主管催办→高风险升级,仅退回到可编辑前置节点；关键财务/签署节点不得物理回退,操作者、身份、时间、前后值、原因、附件哈希、设备/IP
P002,权限申请、复核与回收,技术后台端,S02,个人/项目补充授权申请,岗位模板授权,提交/确认/处理/退回/转交（按权限）,业务负责人确认,按流程配置；默认1个工作日,超时提醒→主管催办→高风险升级,仅退回到可编辑前置节点；关键财务/签署节点不得物理回退,操作者、身份、时间、前后值、原因、附件哈希、设备/IP
P002,权限申请、复核与回收,技术后台端,S03,业务负责人确认,个人/项目补充授权申请,提交/确认/处理/退回/转交（按权限）,数据责任人复核,1个工作日；高风险按制度,超时提醒→主管催办→高风险升级,仅退回到可编辑前置节点；关键财务/签署节点不得物理回退,操作者、身份、时间、前后值、原因、附件哈希、设备/IP
P002,权限申请、复核与回收,技术后台端,S04,数据责任人复核,业务负责人确认,提交/确认/处理/退回/转交（按权限）,高风险权限审批,1个工作日；高风险按制度,超时提醒→主管催办→高风险升级,仅退回到可编辑前置节点；关键财务/签署节点不得物理回退,操作者、身份、时间、前后值、原因、附件哈希、设备/IP
P002,权限申请、复核与回收,技术后台端,S05,高风险权限审批,数据责任人复核,提交/确认/处理/退回/转交（按权限）,权限生效,立即响应；L3/L4 30分钟内升级,超时提醒→主管催办→高风险升级,仅退回到可编辑前置节点；关键财务/签署节点不得物理回退,操作者、身份、时间、前后值、原因、附件哈希、设备/IP
P002,权限申请、复核与回收,技术后台端,S06,权限生效,高风险权限审批,提交/确认/处理/退回/转交（按权限）,定期复核,按流程配置；默认1个工作日,超时提醒→主管催办→高风险升级,仅退回到可编辑前置节点；关键财务/签署节点不得物理回退,操作者、身份、时间、前后值、原因、附件哈希、设备/IP
P002,权限申请、复核与回收,技术后台端,S07,定期复核,权限生效,提交/确认/处理/退回/转交（按权限）,到期/调岗/离职回收,1个工作日；高风险按制度,超时提醒→主管催办→高风险升级,仅退回到可编辑前置节点；关键财务/签署节点不得物理回退,操作者、身份、时间、前后值、原因、附件哈希、设备/IP
P002,权限申请、复核与回收,技术后台端,S08,到期/调岗/离职回收,定期复核,提交/确认/处理/退回/转交（按权限）,已关闭,按流程配置；默认1个工作日,超时提醒→主管催办→高风险升级,仅退回到可编辑前置节点；关键财务/签署节点不得物理回退,操作者、身份、时间、前后值、原因、附件哈希、设备/IP
P003,个人资料变更,技术后台端,S01,员工查看本人资料,流程触发/发起,提交/确认/处理/退回/转交（按权限）,选择可自助变更字段,按流程配置；默认1个工作日,超时提醒→主管催办→高风险升级,仅退回到可编辑前置节点；关键财务/签署节点不得物理回退,操作者、身份、时间、前后值、原因、附件哈希、设备/IP
P003,个人资料变更,技术后台端,S02,选择可自助变更字段,员工查看本人资料,提交/确认/处理/退回/转交（按权限）,提交新值与证明,按流程配置；默认1个工作日,超时提醒→主管催办→高风险升级,仅退回到可编辑前置节点；关键财务/签署节点不得物理回退,操作者、身份、时间、前后值、原因、附件哈希、设备/IP
P003,个人资料变更,技术后台端,S03,提交新值与证明,选择可自助变更字段,提交/确认/处理/退回/转交（按权限）,字段敏感级别校验,按流程配置；默认1个工作日,超时提醒→主管催办→高风险升级,仅退回到可编辑前置节点；关键财务/签署节点不得物理回退,操作者、身份、时间、前后值、原因、附件哈希、设备/IP
P003,个人资料变更,技术后台端,S04,字段敏感级别校验,提交新值与证明,提交/确认/处理/退回/转交（按权限）,人事/财务/归口岗核验,按流程配置；默认1个工作日,超时提醒→主管催办→高风险升级,仅退回到可编辑前置节点；关键财务/签署节点不得物理回退,操作者、身份、时间、前后值、原因、附件哈希、设备/IP
P003,个人资料变更,技术后台端,S05,人事/财务/归口岗核验,字段敏感级别校验,提交/确认/处理/退回/转交（按权限）,权威主档更新,按流程配置；默认1个工作日,超时提醒→主管催办→高风险升级,仅退回到可编辑前置节点；关键财务/签署节点不得物理回退,操作者、身份、时间、前后值、原因、附件哈希、设备/IP
P003,个人资料变更,技术后台端,S06,权威主档更新,人事/财务/归口岗核验,提交/确认/处理/退回/转交（按权限）,关联模块投影同步,按流程配置；默认1个工作日,超时提醒→主管催办→高风险升级,仅退回到可编辑前置节点；关键财务/签署节点不得物理回退,操作者、身份、时间、前后值、原因、附件哈希、设备/IP
P003,个人资料变更,技术后台端,S07,关联模块投影同步,权威主档更新,提交/确认/处理/退回/转交（按权限）,通知与审计,按流程配置；默认1个工作日,超时提醒→主管催办→高风险升级,仅退回到可编辑前置节点；关键财务/签署节点不得物理回退,操作者、身份、时间、前后值、原因、附件哈希、设备/IP
P003,个人资料变更,技术后台端,S08,通知与审计,关联模块投影同步,提交/确认/处理/退回/转交（按权限）,已关闭,按流程配置；默认1个工作日,超时提醒→主管催办→高风险升级,仅退回到可编辑前置节点；关键财务/签署节点不得物理回退,操作者、身份、时间、前后值、原因、附件哈希、设备/IP
P004,通用申请与审批,技术后台端,S01,选择业务事项,流程触发/发起,提交/确认/处理/退回/转交（按权限）,填写申请与附件,按流程配置；默认1个工作日,超时提醒→主管催办→高风险升级,仅退回到可编辑前置节点；关键财务/签署节点不得物理回退,操作者、身份、时间、前后值、原因、附件哈希、设备/IP
P004,通用申请与审批,技术后台端,S02,填写申请与附件,选择业务事项,提交/确认/处理/退回/转交（按权限）,前置规则校验,按流程配置；默认1个工作日,超时提醒→主管催办→高风险升级,仅退回到可编辑前置节点；关键财务/签署节点不得物理回退,操作者、身份、时间、前后值、原因、附件哈希、设备/IP
P004,通用申请与审批,技术后台端,S03,前置规则校验,填写申请与附件,提交/确认/处理/退回/转交（按权限）,提交审批,按流程配置；默认1个工作日,超时提醒→主管催办→高风险升级,仅退回到可编辑前置节点；关键财务/签署节点不得物理回退,操作者、身份、时间、前后值、原因、附件哈希、设备/IP
P004,通用申请与审批,技术后台端,S04,提交审批,前置规则校验,提交/确认/处理/退回/转交（按权限）,动态审批与会签,1个工作日；高风险按制度,超时提醒→主管催办→高风险升级,仅退回到可编辑前置节点；关键财务/签署节点不得物理回退,操作者、身份、时间、前后值、原因、附件哈希、设备/IP
P004,通用申请与审批,技术后台端,S05,动态审批与会签,提交审批,提交/确认/处理/退回/转交（按权限）,批准后生成执行任务,1个工作日；高风险按制度,超时提醒→主管催办→高风险升级,仅退回到可编辑前置节点；关键财务/签署节点不得物理回退,操作者、身份、时间、前后值、原因、附件哈希、设备/IP
P004,通用申请与审批,技术后台端,S06,批准后生成执行任务,动态审批与会签,提交/确认/处理/退回/转交（按权限）,执行人提交结果,按计划时点/班次完成,超时提醒→主管催办→高风险升级,仅退回到可编辑前置节点；关键财务/签署节点不得物理回退,操作者、身份、时间、前后值、原因、附件哈希、设备/IP
P004,通用申请与审批,技术后台端,S07,执行人提交结果,批准后生成执行任务,提交/确认/处理/退回/转交（按权限）,独立验收,按计划时点/班次完成,超时提醒→主管催办→高风险升级,仅退回到可编辑前置节点；关键财务/签署节点不得物理回退,操作者、身份、时间、前后值、原因、附件哈希、设备/IP
P004,通用申请与审批,技术后台端,S08,独立验收,执行人提交结果,提交/确认/处理/退回/转交（按权限）,异常补偿,1个工作日；高风险按制度,超时提醒→主管催办→高风险升级,仅退回到可编辑前置节点；关键财务/签署节点不得物理回退,操作者、身份、时间、前后值、原因、附件哈希、设备/IP
P004,通用申请与审批,技术后台端,S09,异常补偿,独立验收,提交/确认/处理/退回/转交（按权限）,归档,立即响应；L3/L4 30分钟内升级,超时提醒→主管催办→高风险升级,仅退回到可编辑前置节点；关键财务/签署节点不得物理回退,操作者、身份、时间、前后值、原因、附件哈希、设备/IP
P004,通用申请与审批,技术后台端,S10,归档,异常补偿,提交/确认/处理/退回/转交（按权限）,已关闭,事项关闭后2个工作日,超时提醒→主管催办→高风险升级,仅退回到可编辑前置节点；关键财务/签署节点不得物理回退,操作者、身份、时间、前后值、原因、附件哈希、设备/IP
P005,制度、通知与执行回执,技术后台端,S01,制度/通知版本发布,流程触发/发起,提交/确认/处理/退回/转交（按权限）,按组织岗位确定范围,按流程配置；默认1个工作日,超时提醒→主管催办→高风险升级,仅退回到可编辑前置节点；关键财务/签署节点不得物理回退,操作者、身份、时间、前后值、原因、附件哈希、设备/IP
P005,制度、通知与执行回执,技术后台端,S02,按组织岗位确定范围,制度/通知版本发布,提交/确认/处理/退回/转交（按权限）,消息送达,按流程配置；默认1个工作日,超时提醒→主管催办→高风险升级,仅退回到可编辑前置节点；关键财务/签署节点不得物理回退,操作者、身份、时间、前后值、原因、附件哈希、设备/IP
P005,制度、通知与执行回执,技术后台端,S03,消息送达,按组织岗位确定范围,提交/确认/处理/退回/转交（按权限）,员工阅读,按流程配置；默认1个工作日,超时提醒→主管催办→高风险升级,仅退回到可编辑前置节点；关键财务/签署节点不得物理回退,操作者、身份、时间、前后值、原因、附件哈希、设备/IP
P005,制度、通知与执行回执,技术后台端,S04,员工阅读,消息送达,提交/确认/处理/退回/转交（按权限）,确认/阅签,按流程配置；默认1个工作日,超时提醒→主管催办→高风险升级,仅退回到可编辑前置节点；关键财务/签署节点不得物理回退,操作者、身份、时间、前后值、原因、附件哈希、设备/IP
P005,制度、通知与执行回执,技术后台端,S05,确认/阅签,员工阅读,提交/确认/处理/退回/转交（按权限）,考试或理解验证,1个工作日；高风险按制度,超时提醒→主管催办→高风险升级,仅退回到可编辑前置节点；关键财务/签署节点不得物理回退,操作者、身份、时间、前后值、原因、附件哈希、设备/IP
P005,制度、通知与执行回执,技术后台端,S06,考试或理解验证,确认/阅签,提交/确认/处理/退回/转交（按权限）,执行任务,按流程配置；默认1个工作日,超时提醒→主管催办→高风险升级,仅退回到可编辑前置节点；关键财务/签署节点不得物理回退,操作者、身份、时间、前后值、原因、附件哈希、设备/IP
P005,制度、通知与执行回执,技术后台端,S07,执行任务,考试或理解验证,提交/确认/处理/退回/转交（按权限）,责任人验收,按计划时点/班次完成,超时提醒→主管催办→高风险升级,仅退回到可编辑前置节点；关键财务/签署节点不得物理回退,操作者、身份、时间、前后值、原因、附件哈希、设备/IP
P005,制度、通知与执行回执,技术后台端,S08,责任人验收,执行任务,提交/确认/处理/退回/转交（按权限）,未完成催办升级,1个工作日；高风险按制度,超时提醒→主管催办→高风险升级,仅退回到可编辑前置节点；关键财务/签署节点不得物理回退,操作者、身份、时间、前后值、原因、附件哈希、设备/IP
P005,制度、通知与执行回执,技术后台端,S09,未完成催办升级,责任人验收,提交/确认/处理/退回/转交（按权限）,档案移交,按流程配置；默认1个工作日,超时提醒→主管催办→高风险升级,仅退回到可编辑前置节点；关键财务/签署节点不得物理回退,操作者、身份、时间、前后值、原因、附件哈希、设备/IP
P005,制度、通知与执行回执,技术后台端,S10,档案移交,未完成催办升级,提交/确认/处理/退回/转交（按权限）,已关闭,按流程配置；默认1个工作日,超时提醒→主管催办→高风险升级,仅退回到可编辑前置节点；关键财务/签署节点不得物理回退,操作者、身份、时间、前后值、原因、附件哈希、设备/IP
P006,会议与行动项,技术后台端,S01,议题征集,流程触发/发起,提交/确认/处理/退回/转交（按权限）,材料完整性检查,按流程配置；默认1个工作日,超时提醒→主管催办→高风险升级,仅退回到可编辑前置节点；关键财务/签署节点不得物理回退,操作者、身份、时间、前后值、原因、附件哈希、设备/IP
P006,会议与行动项,技术后台端,S02,材料完整性检查,议题征集,提交/确认/处理/退回/转交（按权限）,会议发布,按流程配置；默认1个工作日,超时提醒→主管催办→高风险升级,仅退回到可编辑前置节点；关键财务/签署节点不得物理回退,操作者、身份、时间、前后值、原因、附件哈希、设备/IP
P006,会议与行动项,技术后台端,S03,会议发布,材料完整性检查,提交/确认/处理/退回/转交（按权限）,签到与请假,按流程配置；默认1个工作日,超时提醒→主管催办→高风险升级,仅退回到可编辑前置节点；关键财务/签署节点不得物理回退,操作者、身份、时间、前后值、原因、附件哈希、设备/IP
P006,会议与行动项,技术后台端,S04,签到与请假,会议发布,提交/确认/处理/退回/转交（按权限）,会议召开,按流程配置；默认1个工作日,超时提醒→主管催办→高风险升级,仅退回到可编辑前置节点；关键财务/签署节点不得物理回退,操作者、身份、时间、前后值、原因、附件哈希、设备/IP
P006,会议与行动项,技术后台端,S05,会议召开,签到与请假,提交/确认/处理/退回/转交（按权限）,主持人确认纪要,按流程配置；默认1个工作日,超时提醒→主管催办→高风险升级,仅退回到可编辑前置节点；关键财务/签署节点不得物理回退,操作者、身份、时间、前后值、原因、附件哈希、设备/IP
P006,会议与行动项,技术后台端,S06,主持人确认纪要,会议召开,提交/确认/处理/退回/转交（按权限）,行动项生成,1个工作日；高风险按制度,超时提醒→主管催办→高风险升级,仅退回到可编辑前置节点；关键财务/签署节点不得物理回退,操作者、身份、时间、前后值、原因、附件哈希、设备/IP
P006,会议与行动项,技术后台端,S07,行动项生成,主持人确认纪要,提交/确认/处理/退回/转交（按权限）,责任人执行,按流程配置；默认1个工作日,超时提醒→主管催办→高风险升级,仅退回到可编辑前置节点；关键财务/签署节点不得物理回退,操作者、身份、时间、前后值、原因、附件哈希、设备/IP
P006,会议与行动项,技术后台端,S08,责任人执行,行动项生成,提交/确认/处理/退回/转交（按权限）,验收与返工,按计划时点/班次完成,超时提醒→主管催办→高风险升级,仅退回到可编辑前置节点；关键财务/签署节点不得物理回退,操作者、身份、时间、前后值、原因、附件哈希、设备/IP
P006,会议与行动项,技术后台端,S09,验收与返工,责任人执行,提交/确认/处理/退回/转交（按权限）,逾期升级,1个工作日；高风险按制度,超时提醒→主管催办→高风险升级,仅退回到可编辑前置节点；关键财务/签署节点不得物理回退,操作者、身份、时间、前后值、原因、附件哈希、设备/IP
P006,会议与行动项,技术后台端,S10,逾期升级,验收与返工,提交/确认/处理/退回/转交（按权限）,归档复盘,按流程配置；默认1个工作日,超时提醒→主管催办→高风险升级,仅退回到可编辑前置节点；关键财务/签署节点不得物理回退,操作者、身份、时间、前后值、原因、附件哈希、设备/IP
P006,会议与行动项,技术后台端,S11,归档复盘,逾期升级,提交/确认/处理/退回/转交（按权限）,已关闭,事项关闭后2个工作日,超时提醒→主管催办→高风险升级,仅退回到可编辑前置节点；关键财务/签署节点不得物理回退,操作者、身份、时间、前后值、原因、附件哈希、设备/IP
P007,排班与班次调整,技术后台端,S01,业务量与活动需求输入,流程触发/发起,提交/确认/处理/退回/转交（按权限）,班次模板匹配,按流程配置；默认1个工作日,超时提醒→主管催办→高风险升级,仅退回到可编辑前置节点；关键财务/签署节点不得物理回退,操作者、身份、时间、前后值、原因、附件哈希、设备/IP
P007,排班与班次调整,技术后台端,S02,班次模板匹配,业务量与活动需求输入,提交/确认/处理/退回/转交（按权限）,资格与连续工时校验,按流程配置；默认1个工作日,超时提醒→主管催办→高风险升级,仅退回到可编辑前置节点；关键财务/签署节点不得物理回退,操作者、身份、时间、前后值、原因、附件哈希、设备/IP
P007,排班与班次调整,技术后台端,S03,资格与连续工时校验,班次模板匹配,提交/确认/处理/退回/转交（按权限）,主管发布排班,按流程配置；默认1个工作日,超时提醒→主管催办→高风险升级,仅退回到可编辑前置节点；关键财务/签署节点不得物理回退,操作者、身份、时间、前后值、原因、附件哈希、设备/IP
P007,排班与班次调整,技术后台端,S04,主管发布排班,资格与连续工时校验,提交/确认/处理/退回/转交（按权限）,员工确认,按流程配置；默认1个工作日,超时提醒→主管催办→高风险升级,仅退回到可编辑前置节点；关键财务/签署节点不得物理回退,操作者、身份、时间、前后值、原因、附件哈希、设备/IP
P007,排班与班次调整,技术后台端,S05,员工确认,主管发布排班,提交/确认/处理/退回/转交（按权限）,换班/替班申请,1个工作日；高风险按制度,超时提醒→主管催办→高风险升级,仅退回到可编辑前置节点；关键财务/签署节点不得物理回退,操作者、身份、时间、前后值、原因、附件哈希、设备/IP
P007,排班与班次调整,技术后台端,S06,换班/替班申请,员工确认,提交/确认/处理/退回/转交（按权限）,变更审批,按流程配置；默认1个工作日,超时提醒→主管催办→高风险升级,仅退回到可编辑前置节点；关键财务/签署节点不得物理回退,操作者、身份、时间、前后值、原因、附件哈希、设备/IP
P007,排班与班次调整,技术后台端,S07,变更审批,换班/替班申请,提交/确认/处理/退回/转交（按权限）,考勤与餐饮/班车联动,1个工作日；高风险按制度,超时提醒→主管催办→高风险升级,仅退回到可编辑前置节点；关键财务/签署节点不得物理回退,操作者、身份、时间、前后值、原因、附件哈希、设备/IP
P007,排班与班次调整,技术后台端,S08,考勤与餐饮/班车联动,变更审批,提交/确认/处理/退回/转交（按权限）,日结,按流程配置；默认1个工作日,超时提醒→主管催办→高风险升级,仅退回到可编辑前置节点；关键财务/签署节点不得物理回退,操作者、身份、时间、前后值、原因、附件哈希、设备/IP
P007,排班与班次调整,技术后台端,S09,日结,考勤与餐饮/班车联动,提交/确认/处理/退回/转交（按权限）,已关闭,按流程配置；默认1个工作日,超时提醒→主管催办→高风险升级,仅退回到可编辑前置节点；关键财务/签署节点不得物理回退,操作者、身份、时间、前后值、原因、附件哈希、设备/IP
P008,请假与考勤,技术后台端,S01,请假申请,流程触发/发起,提交/确认/处理/退回/转交（按权限）,假期额度预占,按流程配置；默认1个工作日,超时提醒→主管催办→高风险升级,仅退回到可编辑前置节点；关键财务/签署节点不得物理回退,操作者、身份、时间、前后值、原因、附件哈希、设备/IP
P008,请假与考勤,技术后台端,S02,假期额度预占,请假申请,提交/确认/处理/退回/转交（按权限）,工作交接与代理,按流程配置；默认1个工作日,超时提醒→主管催办→高风险升级,仅退回到可编辑前置节点；关键财务/签署节点不得物理回退,操作者、身份、时间、前后值、原因、附件哈希、设备/IP
P008,请假与考勤,技术后台端,S03,工作交接与代理,假期额度预占,提交/确认/处理/退回/转交（按权限）,审批,按流程配置；默认1个工作日,超时提醒→主管催办→高风险升级,仅退回到可编辑前置节点；关键财务/签署节点不得物理回退,操作者、身份、时间、前后值、原因、附件哈希、设备/IP
P008,请假与考勤,技术后台端,S04,审批,工作交接与代理,提交/确认/处理/退回/转交（按权限）,预占转扣减/驳回释放,1个工作日；高风险按制度,超时提醒→主管催办→高风险升级,仅退回到可编辑前置节点；关键财务/签署节点不得物理回退,操作者、身份、时间、前后值、原因、附件哈希、设备/IP
P008,请假与考勤,技术后台端,S05,预占转扣减/驳回释放,审批,提交/确认/处理/退回/转交（按权限）,排班与考勤标记,按流程配置；默认1个工作日,超时提醒→主管催办→高风险升级,仅退回到可编辑前置节点；关键财务/签署节点不得物理回退,操作者、身份、时间、前后值、原因、附件哈希、设备/IP
P008,请假与考勤,技术后台端,S06,排班与考勤标记,预占转扣减/驳回释放,提交/确认/处理/退回/转交（按权限）,实际休假,按流程配置；默认1个工作日,超时提醒→主管催办→高风险升级,仅退回到可编辑前置节点；关键财务/签署节点不得物理回退,操作者、身份、时间、前后值、原因、附件哈希、设备/IP
P008,请假与考勤,技术后台端,S07,实际休假,排班与考勤标记,提交/确认/处理/退回/转交（按权限）,销假/提前返岗/变更,按流程配置；默认1个工作日,超时提醒→主管催办→高风险升级,仅退回到可编辑前置节点；关键财务/签署节点不得物理回退,操作者、身份、时间、前后值、原因、附件哈希、设备/IP
P008,请假与考勤,技术后台端,S08,销假/提前返岗/变更,实际休假,提交/确认/处理/退回/转交（按权限）,差额账本调整,按流程配置；默认1个工作日,超时提醒→主管催办→高风险升级,仅退回到可编辑前置节点；关键财务/签署节点不得物理回退,操作者、身份、时间、前后值、原因、附件哈希、设备/IP
P008,请假与考勤,技术后台端,S09,差额账本调整,销假/提前返岗/变更,提交/确认/处理/退回/转交（按权限）,考勤日结与归档,按流程配置；默认1个工作日,超时提醒→主管催办→高风险升级,仅退回到可编辑前置节点；关键财务/签署节点不得物理回退,操作者、身份、时间、前后值、原因、附件哈希、设备/IP
P008,请假与考勤,技术后台端,S10,考勤日结与归档,差额账本调整,提交/确认/处理/退回/转交（按权限）,已关闭,事项关闭后2个工作日,超时提醒→主管催办→高风险升级,仅退回到可编辑前置节点；关键财务/签署节点不得物理回退,操作者、身份、时间、前后值、原因、附件哈希、设备/IP
P009,加班与调休,技术后台端,S01,事前申请/紧急事实登记,流程触发/发起,提交/确认/处理/退回/转交（按权限）,必要性与任务校验,按流程配置；默认1个工作日,超时提醒→主管催办→高风险升级,仅退回到可编辑前置节点；关键财务/签署节点不得物理回退,操作者、身份、时间、前后值、原因、附件哈希、设备/IP
P009,加班与调休,技术后台端,S02,必要性与任务校验,事前申请/紧急事实登记,提交/确认/处理/退回/转交（按权限）,主管审批,按流程配置；默认1个工作日,超时提醒→主管催办→高风险升级,仅退回到可编辑前置节点；关键财务/签署节点不得物理回退,操作者、身份、时间、前后值、原因、附件哈希、设备/IP
P009,加班与调休,技术后台端,S03,主管审批,必要性与任务校验,提交/确认/处理/退回/转交（按权限）,实际考勤与劳动事实,1个工作日；高风险按制度,超时提醒→主管催办→高风险升级,仅退回到可编辑前置节点；关键财务/签署节点不得物理回退,操作者、身份、时间、前后值、原因、附件哈希、设备/IP
P009,加班与调休,技术后台端,S04,实际考勤与劳动事实,主管审批,提交/确认/处理/退回/转交（按权限）,成果验收,按流程配置；默认1个工作日,超时提醒→主管催办→高风险升级,仅退回到可编辑前置节点；关键财务/签署节点不得物理回退,操作者、身份、时间、前后值、原因、附件哈希、设备/IP
P009,加班与调休,技术后台端,S05,成果验收,实际考勤与劳动事实,提交/确认/处理/退回/转交（按权限）,人事复核,1个工作日；高风险按制度,超时提醒→主管催办→高风险升级,仅退回到可编辑前置节点；关键财务/签署节点不得物理回退,操作者、身份、时间、前后值、原因、附件哈希、设备/IP
P009,加班与调休,技术后台端,S06,人事复核,成果验收,提交/确认/处理/退回/转交（按权限）,法定工资/调休方案,1个工作日；高风险按制度,超时提醒→主管催办→高风险升级,仅退回到可编辑前置节点；关键财务/签署节点不得物理回退,操作者、身份、时间、前后值、原因、附件哈希、设备/IP
P009,加班与调休,技术后台端,S07,法定工资/调休方案,人事复核,提交/确认/处理/退回/转交（按权限）,薪酬回执,按流程配置；默认1个工作日,超时提醒→主管催办→高风险升级,仅退回到可编辑前置节点；关键财务/签署节点不得物理回退,操作者、身份、时间、前后值、原因、附件哈希、设备/IP
P009,加班与调休,技术后台端,S08,薪酬回执,法定工资/调休方案,提交/确认/处理/退回/转交（按权限）,归档,按流程配置；默认1个工作日,超时提醒→主管催办→高风险升级,仅退回到可编辑前置节点；关键财务/签署节点不得物理回退,操作者、身份、时间、前后值、原因、附件哈希、设备/IP
P009,加班与调休,技术后台端,S09,归档,薪酬回执,提交/确认/处理/退回/转交（按权限）,已关闭,事项关闭后2个工作日,超时提醒→主管催办→高风险升级,仅退回到可编辑前置节点；关键财务/签署节点不得物理回退,操作者、身份、时间、前后值、原因、附件哈希、设备/IP
P010,员工学习、考试与资格,技术后台端,S01,课程/制度版本发布,流程触发/发起,提交/确认/处理/退回/转交（按权限）,按岗位风险指派,按流程配置；默认1个工作日,超时提醒→主管催办→高风险升级,仅退回到可编辑前置节点；关键财务/签署节点不得物理回退,操作者、身份、时间、前后值、原因、附件哈希、设备/IP
P010,员工学习、考试与资格,技术后台端,S02,按岗位风险指派,课程/制度版本发布,提交/确认/处理/退回/转交（按权限）,员工学习,立即响应；L3/L4 30分钟内升级,超时提醒→主管催办→高风险升级,仅退回到可编辑前置节点；关键财务/签署节点不得物理回退,操作者、身份、时间、前后值、原因、附件哈希、设备/IP
P010,员工学习、考试与资格,技术后台端,S03,员工学习,按岗位风险指派,提交/确认/处理/退回/转交（按权限）,1000分制考试,按流程配置；默认1个工作日,超时提醒→主管催办→高风险升级,仅退回到可编辑前置节点；关键财务/签署节点不得物理回退,操作者、身份、时间、前后值、原因、附件哈希、设备/IP
P010,员工学习、考试与资格,技术后台端,S04,1000分制考试,员工学习,提交/确认/处理/退回/转交（按权限）,线下实操,按流程配置；默认1个工作日,超时提醒→主管催办→高风险升级,仅退回到可编辑前置节点；关键财务/签署节点不得物理回退,操作者、身份、时间、前后值、原因、附件哈希、设备/IP
P010,员工学习、考试与资格,技术后台端,S05,线下实操,1000分制考试,提交/确认/处理/退回/转交（按权限）,主管/专业人员认证,按流程配置；默认1个工作日,超时提醒→主管催办→高风险升级,仅退回到可编辑前置节点；关键财务/签署节点不得物理回退,操作者、身份、时间、前后值、原因、附件哈希、设备/IP
P010,员工学习、考试与资格,技术后台端,S06,主管/专业人员认证,线下实操,提交/确认/处理/退回/转交（按权限）,资格生效,按流程配置；默认1个工作日,超时提醒→主管催办→高风险升级,仅退回到可编辑前置节点；关键财务/签署节点不得物理回退,操作者、身份、时间、前后值、原因、附件哈希、设备/IP
P010,员工学习、考试与资格,技术后台端,S07,资格生效,主管/专业人员认证,提交/确认/处理/退回/转交（按权限）,岗位权限联动,按流程配置；默认1个工作日,超时提醒→主管催办→高风险升级,仅退回到可编辑前置节点；关键财务/签署节点不得物理回退,操作者、身份、时间、前后值、原因、附件哈希、设备/IP
P010,员工学习、考试与资格,技术后台端,S08,岗位权限联动,资格生效,提交/确认/处理/退回/转交（按权限）,到期复训/复证,按流程配置；默认1个工作日,超时提醒→主管催办→高风险升级,仅退回到可编辑前置节点；关键财务/签署节点不得物理回退,操作者、身份、时间、前后值、原因、附件哈希、设备/IP
P010,员工学习、考试与资格,技术后台端,S09,到期复训/复证,岗位权限联动,提交/确认/处理/退回/转交（按权限）,归档,按流程配置；默认1个工作日,超时提醒→主管催办→高风险升级,仅退回到可编辑前置节点；关键财务/签署节点不得物理回退,操作者、身份、时间、前后值、原因、附件哈希、设备/IP
P010,员工学习、考试与资格,技术后台端,S10,归档,到期复训/复证,提交/确认/处理/退回/转交（按权限）,已关闭,事项关闭后2个工作日,超时提醒→主管催办→高风险升级,仅退回到可编辑前置节点；关键财务/签署节点不得物理回退,操作者、身份、时间、前后值、原因、附件哈希、设备/IP
P011,绩效管理,技术后台端,S01,目标制定,流程触发/发起,提交/确认/处理/退回/转交（按权限）,员工确认,按流程配置；默认1个工作日,超时提醒→主管催办→高风险升级,仅退回到可编辑前置节点；关键财务/签署节点不得物理回退,操作者、身份、时间、前后值、原因、附件哈希、设备/IP
P011,绩效管理,技术后台端,S02,员工确认,目标制定,提交/确认/处理/退回/转交（按权限）,过程记录与辅导,1个工作日；高风险按制度,超时提醒→主管催办→高风险升级,仅退回到可编辑前置节点；关键财务/签署节点不得物理回退,操作者、身份、时间、前后值、原因、附件哈希、设备/IP
P011,绩效管理,技术后台端,S03,过程记录与辅导,员工确认,提交/确认/处理/退回/转交（按权限）,权威数据归集,按流程配置；默认1个工作日,超时提醒→主管催办→高风险升级,仅退回到可编辑前置节点；关键财务/签署节点不得物理回退,操作者、身份、时间、前后值、原因、附件哈希、设备/IP
P011,绩效管理,技术后台端,S04,权威数据归集,过程记录与辅导,提交/确认/处理/退回/转交（按权限）,员工自评/主管评价,按流程配置；默认1个工作日,超时提醒→主管催办→高风险升级,仅退回到可编辑前置节点；关键财务/签署节点不得物理回退,操作者、身份、时间、前后值、原因、附件哈希、设备/IP
P011,绩效管理,技术后台端,S05,员工自评/主管评价,权威数据归集,提交/确认/处理/退回/转交（按权限）,1000分计算,按流程配置；默认1个工作日,超时提醒→主管催办→高风险升级,仅退回到可编辑前置节点；关键财务/签署节点不得物理回退,操作者、身份、时间、前后值、原因、附件哈希、设备/IP
P011,绩效管理,技术后台端,S06,1000分计算,员工自评/主管评价,提交/确认/处理/退回/转交（按权限）,校准,按流程配置；默认1个工作日,超时提醒→主管催办→高风险升级,仅退回到可编辑前置节点；关键财务/签署节点不得物理回退,操作者、身份、时间、前后值、原因、附件哈希、设备/IP
P011,绩效管理,技术后台端,S07,校准,1000分计算,提交/确认/处理/退回/转交（按权限）,结果反馈确认,按流程配置；默认1个工作日,超时提醒→主管催办→高风险升级,仅退回到可编辑前置节点；关键财务/签署节点不得物理回退,操作者、身份、时间、前后值、原因、附件哈希、设备/IP
P011,绩效管理,技术后台端,S08,结果反馈确认,校准,提交/确认/处理/退回/转交（按权限）,申诉复核,1个工作日；高风险按制度,超时提醒→主管催办→高风险升级,仅退回到可编辑前置节点；关键财务/签署节点不得物理回退,操作者、身份、时间、前后值、原因、附件哈希、设备/IP
P011,绩效管理,技术后台端,S09,申诉复核,结果反馈确认,提交/确认/处理/退回/转交（按权限）,绩效影响执行,1个工作日；高风险按制度,超时提醒→主管催办→高风险升级,仅退回到可编辑前置节点；关键财务/签署节点不得物理回退,操作者、身份、时间、前后值、原因、附件哈希、设备/IP
P011,绩效管理,技术后台端,S10,绩效影响执行,申诉复核,提交/确认/处理/退回/转交（按权限）,归档,按计划时点/班次完成,超时提醒→主管催办→高风险升级,仅退回到可编辑前置节点；关键财务/签署节点不得物理回退,操作者、身份、时间、前后值、原因、附件哈希、设备/IP
P011,绩效管理,技术后台端,S11,归档,绩效影响执行,提交/确认/处理/退回/转交（按权限）,已关闭,事项关闭后2个工作日,超时提醒→主管催办→高风险升级,仅退回到可编辑前置节点；关键财务/签署节点不得物理回退,操作者、身份、时间、前后值、原因、附件哈希、设备/IP
P012,晋升与任职发展,技术后台端,S01,个人申请/组织提名,流程触发/发起,提交/确认/处理/退回/转交（按权限）,资格与冻结状态审查,按流程配置；默认1个工作日,超时提醒→主管催办→高风险升级,仅退回到可编辑前置节点；关键财务/签署节点不得物理回退,操作者、身份、时间、前后值、原因、附件哈希、设备/IP
P012,晋升与任职发展,技术后台端,S02,资格与冻结状态审查,个人申请/组织提名,提交/确认/处理/退回/转交（按权限）,1000分综合评估,按流程配置；默认1个工作日,超时提醒→主管催办→高风险升级,仅退回到可编辑前置节点；关键财务/签署节点不得物理回退,操作者、身份、时间、前后值、原因、附件哈希、设备/IP
P012,晋升与任职发展,技术后台端,S03,1000分综合评估,资格与冻结状态审查,提交/确认/处理/退回/转交（按权限）,岗位空缺与预算核验,按流程配置；默认1个工作日,超时提醒→主管催办→高风险升级,仅退回到可编辑前置节点；关键财务/签署节点不得物理回退,操作者、身份、时间、前后值、原因、附件哈希、设备/IP
P012,晋升与任职发展,技术后台端,S04,岗位空缺与预算核验,1000分综合评估,提交/确认/处理/退回/转交（按权限）,竞聘/评审,按流程配置；默认1个工作日,超时提醒→主管催办→高风险升级,仅退回到可编辑前置节点；关键财务/签署节点不得物理回退,操作者、身份、时间、前后值、原因、附件哈希、设备/IP
P012,晋升与任职发展,技术后台端,S05,竞聘/评审,岗位空缺与预算核验,提交/确认/处理/退回/转交（按权限）,审批,1个工作日；高风险按制度,超时提醒→主管催办→高风险升级,仅退回到可编辑前置节点；关键财务/签署节点不得物理回退,操作者、身份、时间、前后值、原因、附件哈希、设备/IP
P012,晋升与任职发展,技术后台端,S06,审批,竞聘/评审,提交/确认/处理/退回/转交（按权限）,公示/告知,1个工作日；高风险按制度,超时提醒→主管催办→高风险升级,仅退回到可编辑前置节点；关键财务/签署节点不得物理回退,操作者、身份、时间、前后值、原因、附件哈希、设备/IP
P012,晋升与任职发展,技术后台端,S07,公示/告知,审批,提交/确认/处理/退回/转交（按权限）,任命与薪酬确认,按流程配置；默认1个工作日,超时提醒→主管催办→高风险升级,仅退回到可编辑前置节点；关键财务/签署节点不得物理回退,操作者、身份、时间、前后值、原因、附件哈希、设备/IP
P012,晋升与任职发展,技术后台端,S08,任命与薪酬确认,公示/告知,提交/确认/处理/退回/转交（按权限）,验证期,1个工作日；高风险按制度,超时提醒→主管催办→高风险升级,仅退回到可编辑前置节点；关键财务/签署节点不得物理回退,操作者、身份、时间、前后值、原因、附件哈希、设备/IP
P012,晋升与任职发展,技术后台端,S09,验证期,任命与薪酬确认,提交/确认/处理/退回/转交（按权限）,正式生效/回退安排,按流程配置；默认1个工作日,超时提醒→主管催办→高风险升级,仅退回到可编辑前置节点；关键财务/签署节点不得物理回退,操作者、身份、时间、前后值、原因、附件哈希、设备/IP
P012,晋升与任职发展,技术后台端,S10,正式生效/回退安排,验证期,提交/确认/处理/退回/转交（按权限）,已关闭,按流程配置；默认1个工作日,超时提醒→主管催办→高风险升级,仅退回到可编辑前置节点；关键财务/签署节点不得物理回退,操作者、身份、时间、前后值、原因、附件哈希、设备/IP
P013,奖励,技术后台端,S01,贡献事实形成,流程触发/发起,提交/确认/处理/退回/转交（按权限）,证据核验,按流程配置；默认1个工作日,超时提醒→主管催办→高风险升级,仅退回到可编辑前置节点；关键财务/签署节点不得物理回退,操作者、身份、时间、前后值、原因、附件哈希、设备/IP
P013,奖励,技术后台端,S02,证据核验,贡献事实形成,提交/确认/处理/退回/转交（按权限）,奖励级别建议,按流程配置；默认1个工作日,超时提醒→主管催办→高风险升级,仅退回到可编辑前置节点；关键财务/签署节点不得物理回退,操作者、身份、时间、前后值、原因、附件哈希、设备/IP
P013,奖励,技术后台端,S03,奖励级别建议,证据核验,提交/确认/处理/退回/转交（按权限）,审批,按流程配置；默认1个工作日,超时提醒→主管催办→高风险升级,仅退回到可编辑前置节点；关键财务/签署节点不得物理回退,操作者、身份、时间、前后值、原因、附件哈希、设备/IP
P013,奖励,技术后台端,S04,审批,奖励级别建议,提交/确认/处理/退回/转交（按权限）,影响项防重复校验,1个工作日；高风险按制度,超时提醒→主管催办→高风险升级,仅退回到可编辑前置节点；关键财务/签署节点不得物理回退,操作者、身份、时间、前后值、原因、附件哈希、设备/IP
P013,奖励,技术后台端,S05,影响项防重复校验,审批,提交/确认/处理/退回/转交（按权限）,荣誉积分/奖金/发展评审影响执行,按流程配置；默认1个工作日,超时提醒→主管催办→高风险升级,仅退回到可编辑前置节点；关键财务/签署节点不得物理回退,操作者、身份、时间、前后值、原因、附件哈希、设备/IP
P013,奖励,技术后台端,S06,荣誉积分/奖金/发展评审影响执行,影响项防重复校验,提交/确认/处理/退回/转交（按权限）,员工通知,1个工作日；高风险按制度,超时提醒→主管催办→高风险升级,仅退回到可编辑前置节点；关键财务/签署节点不得物理回退,操作者、身份、时间、前后值、原因、附件哈希、设备/IP
P013,奖励,技术后台端,S07,员工通知,荣誉积分/奖金/发展评审影响执行,提交/确认/处理/退回/转交（按权限）,财务/人事回执,按流程配置；默认1个工作日,超时提醒→主管催办→高风险升级,仅退回到可编辑前置节点；关键财务/签署节点不得物理回退,操作者、身份、时间、前后值、原因、附件哈希、设备/IP
P013,奖励,技术后台端,S08,财务/人事回执,员工通知,提交/确认/处理/退回/转交（按权限）,归档,按流程配置；默认1个工作日,超时提醒→主管催办→高风险升级,仅退回到可编辑前置节点；关键财务/签署节点不得物理回退,操作者、身份、时间、前后值、原因、附件哈希、设备/IP
P013,奖励,技术后台端,S09,归档,财务/人事回执,提交/确认/处理/退回/转交（按权限）,已关闭,事项关闭后2个工作日,超时提醒→主管催办→高风险升级,仅退回到可编辑前置节点；关键财务/签署节点不得物理回退,操作者、身份、时间、前后值、原因、附件哈希、设备/IP
P014,纪律、责任与申诉,技术后台端,S01,线索登记,流程触发/发起,提交/确认/处理/退回/转交（按权限）,临时止险,按流程配置；默认1个工作日,超时提醒→主管催办→高风险升级,仅退回到可编辑前置节点；关键财务/签署节点不得物理回退,操作者、身份、时间、前后值、原因、附件哈希、设备/IP
P014,纪律、责任与申诉,技术后台端,S02,临时止险,线索登记,提交/确认/处理/退回/转交（按权限）,初步核实/正式调查,立即响应；L3/L4 30分钟内升级,超时提醒→主管催办→高风险升级,仅退回到可编辑前置节点；关键财务/签署节点不得物理回退,操作者、身份、时间、前后值、原因、附件哈希、设备/IP
P014,纪律、责任与申诉,技术后台端,S03,初步核实/正式调查,临时止险,提交/确认/处理/退回/转交（按权限）,员工陈述申辩,按流程配置；默认1个工作日,超时提醒→主管催办→高风险升级,仅退回到可编辑前置节点；关键财务/签署节点不得物理回退,操作者、身份、时间、前后值、原因、附件哈希、设备/IP
P014,纪律、责任与申诉,技术后台端,S04,员工陈述申辩,初步核实/正式调查,提交/确认/处理/退回/转交（按权限）,责任评审,按流程配置；默认1个工作日,超时提醒→主管催办→高风险升级,仅退回到可编辑前置节点；关键财务/签署节点不得物理回退,操作者、身份、时间、前后值、原因、附件哈希、设备/IP
P014,纪律、责任与申诉,技术后台端,S05,责任评审,员工陈述申辩,提交/确认/处理/退回/转交（按权限）,决定审批,1个工作日；高风险按制度,超时提醒→主管催办→高风险升级,仅退回到可编辑前置节点；关键财务/签署节点不得物理回退,操作者、身份、时间、前后值、原因、附件哈希、设备/IP
P014,纪律、责任与申诉,技术后台端,S06,决定审批,责任评审,提交/确认/处理/退回/转交（按权限）,送达,1个工作日；高风险按制度,超时提醒→主管催办→高风险升级,仅退回到可编辑前置节点；关键财务/签署节点不得物理回退,操作者、身份、时间、前后值、原因、附件哈希、设备/IP
P014,纪律、责任与申诉,技术后台端,S07,送达,决定审批,提交/确认/处理/退回/转交（按权限）,影响项执行,按流程配置；默认1个工作日,超时提醒→主管催办→高风险升级,仅退回到可编辑前置节点；关键财务/签署节点不得物理回退,操作者、身份、时间、前后值、原因、附件哈希、设备/IP
P014,纪律、责任与申诉,技术后台端,S08,影响项执行,送达,提交/确认/处理/退回/转交（按权限）,申诉复核,按计划时点/班次完成,超时提醒→主管催办→高风险升级,仅退回到可编辑前置节点；关键财务/签署节点不得物理回退,操作者、身份、时间、前后值、原因、附件哈希、设备/IP
P014,纪律、责任与申诉,技术后台端,S09,申诉复核,影响项执行,提交/确认/处理/退回/转交（按权限）,核心案件关闭,1个工作日；高风险按制度,超时提醒→主管催办→高风险升级,仅退回到可编辑前置节点；关键财务/签署节点不得物理回退,操作者、身份、时间、前后值、原因、附件哈希、设备/IP
P014,纪律、责任与申诉,技术后台端,S10,核心案件关闭,申诉复核,提交/确认/处理/退回/转交（按权限）,独立观察整改,按流程配置；默认1个工作日,超时提醒→主管催办→高风险升级,仅退回到可编辑前置节点；关键财务/签署节点不得物理回退,操作者、身份、时间、前后值、原因、附件哈希、设备/IP
P014,纪律、责任与申诉,技术后台端,S11,独立观察整改,核心案件关闭,提交/确认/处理/退回/转交（按权限）,补充归档,按流程配置；默认1个工作日,超时提醒→主管催办→高风险升级,仅退回到可编辑前置节点；关键财务/签署节点不得物理回退,操作者、身份、时间、前后值、原因、附件哈希、设备/IP
P014,纪律、责任与申诉,技术后台端,S12,补充归档,独立观察整改,提交/确认/处理/退回/转交（按权限）,已关闭,事项关闭后2个工作日,超时提醒→主管催办→高风险升级,仅退回到可编辑前置节点；关键财务/签署节点不得物理回退,操作者、身份、时间、前后值、原因、附件哈希、设备/IP
P015,成长积分与荣誉积分,技术后台端,S01,业务事件产生,流程触发/发起,提交/确认/处理/退回/转交（按权限）,人员与来源校验,按流程配置；默认1个工作日,超时提醒→主管催办→高风险升级,仅退回到可编辑前置节点；关键财务/签署节点不得物理回退,操作者、身份、时间、前后值、原因、附件哈希、设备/IP
P015,成长积分与荣誉积分,技术后台端,S02,人员与来源校验,业务事件产生,提交/确认/处理/退回/转交（按权限）,例外与防重校验,按流程配置；默认1个工作日,超时提醒→主管催办→高风险升级,仅退回到可编辑前置节点；关键财务/签署节点不得物理回退,操作者、身份、时间、前后值、原因、附件哈希、设备/IP
P015,成长积分与荣誉积分,技术后台端,S03,例外与防重校验,人员与来源校验,提交/确认/处理/退回/转交（按权限）,规则版本匹配,按流程配置；默认1个工作日,超时提醒→主管催办→高风险升级,仅退回到可编辑前置节点；关键财务/签署节点不得物理回退,操作者、身份、时间、前后值、原因、附件哈希、设备/IP
P015,成长积分与荣誉积分,技术后台端,S04,规则版本匹配,例外与防重校验,提交/确认/处理/退回/转交（按权限）,计算与封顶,按流程配置；默认1个工作日,超时提醒→主管催办→高风险升级,仅退回到可编辑前置节点；关键财务/签署节点不得物理回退,操作者、身份、时间、前后值、原因、附件哈希、设备/IP
P015,成长积分与荣誉积分,技术后台端,S05,计算与封顶,规则版本匹配,提交/确认/处理/退回/转交（按权限）,风险分级,按流程配置；默认1个工作日,超时提醒→主管催办→高风险升级,仅退回到可编辑前置节点；关键财务/签署节点不得物理回退,操作者、身份、时间、前后值、原因、附件哈希、设备/IP
P015,成长积分与荣誉积分,技术后台端,S06,风险分级,计算与封顶,提交/确认/处理/退回/转交（按权限）,自动入账/人工复核,立即响应；L3/L4 30分钟内升级,超时提醒→主管催办→高风险升级,仅退回到可编辑前置节点；关键财务/签署节点不得物理回退,操作者、身份、时间、前后值、原因、附件哈希、设备/IP
P015,成长积分与荣誉积分,技术后台端,S07,自动入账/人工复核,风险分级,提交/确认/处理/退回/转交（按权限）,员工通知,1个工作日；高风险按制度,超时提醒→主管催办→高风险升级,仅退回到可编辑前置节点；关键财务/签署节点不得物理回退,操作者、身份、时间、前后值、原因、附件哈希、设备/IP
P015,成长积分与荣誉积分,技术后台端,S08,员工通知,自动入账/人工复核,提交/确认/处理/退回/转交（按权限）,申诉/调整/冲销新增流水,按流程配置；默认1个工作日,超时提醒→主管催办→高风险升级,仅退回到可编辑前置节点；关键财务/签署节点不得物理回退,操作者、身份、时间、前后值、原因、附件哈希、设备/IP
P015,成长积分与荣誉积分,技术后台端,S09,申诉/调整/冲销新增流水,员工通知,提交/确认/处理/退回/转交（按权限）,有效分与段位重算,按流程配置；默认1个工作日,超时提醒→主管催办→高风险升级,仅退回到可编辑前置节点；关键财务/签署节点不得物理回退,操作者、身份、时间、前后值、原因、附件哈希、设备/IP
P015,成长积分与荣誉积分,技术后台端,S10,有效分与段位重算,申诉/调整/冲销新增流水,提交/确认/处理/退回/转交（按权限）,已关闭,按流程配置；默认1个工作日,超时提醒→主管催办→高风险升级,仅退回到可编辑前置节点；关键财务/签署节点不得物理回退,操作者、身份、时间、前后值、原因、附件哈希、设备/IP
P016,员工福利与关怀,技术后台端,S01,系统触发/员工申请/管理发起,流程触发/发起,提交/确认/处理/退回/转交（按权限）,资格校验,按流程配置；默认1个工作日,超时提醒→主管催办→高风险升级,仅退回到可编辑前置节点；关键财务/签署节点不得物理回退,操作者、身份、时间、前后值、原因、附件哈希、设备/IP
P016,员工福利与关怀,技术后台端,S02,资格校验,系统触发/员工申请/管理发起,提交/确认/处理/退回/转交（按权限）,材料与隐私授权,按流程配置；默认1个工作日,超时提醒→主管催办→高风险升级,仅退回到可编辑前置节点；关键财务/签署节点不得物理回退,操作者、身份、时间、前后值、原因、附件哈希、设备/IP
P016,员工福利与关怀,技术后台端,S03,材料与隐私授权,资格校验,提交/确认/处理/退回/转交（按权限）,审批,按流程配置；默认1个工作日,超时提醒→主管催办→高风险升级,仅退回到可编辑前置节点；关键财务/签署节点不得物理回退,操作者、身份、时间、前后值、原因、附件哈希、设备/IP
P016,员工福利与关怀,技术后台端,S04,审批,材料与隐私授权,提交/确认/处理/退回/转交（按权限）,财务付款/实物发放/服务执行,1个工作日；高风险按制度,超时提醒→主管催办→高风险升级,仅退回到可编辑前置节点；关键财务/签署节点不得物理回退,操作者、身份、时间、前后值、原因、附件哈希、设备/IP
P016,员工福利与关怀,技术后台端,S05,财务付款/实物发放/服务执行,审批,提交/确认/处理/退回/转交（按权限）,员工确认,T+1个工作日或财务日历,超时提醒→主管催办→高风险升级,仅退回到可编辑前置节点；关键财务/签署节点不得物理回退,操作者、身份、时间、前后值、原因、附件哈希、设备/IP
P016,员工福利与关怀,技术后台端,S06,员工确认,财务付款/实物发放/服务执行,提交/确认/处理/退回/转交（按权限）,对账,1个工作日；高风险按制度,超时提醒→主管催办→高风险升级,仅退回到可编辑前置节点；关键财务/签署节点不得物理回退,操作者、身份、时间、前后值、原因、附件哈希、设备/IP
P016,员工福利与关怀,技术后台端,S07,对账,员工确认,提交/确认/处理/退回/转交（按权限）,归档,T+1个工作日或财务日历,超时提醒→主管催办→高风险升级,仅退回到可编辑前置节点；关键财务/签署节点不得物理回退,操作者、身份、时间、前后值、原因、附件哈希、设备/IP
P016,员工福利与关怀,技术后台端,S08,归档,对账,提交/确认/处理/退回/转交（按权限）,已关闭,事项关闭后2个工作日,超时提醒→主管催办→高风险升级,仅退回到可编辑前置节点；关键财务/签署节点不得物理回退,操作者、身份、时间、前后值、原因、附件哈希、设备/IP
P017,电子签署,技术后台端,S01,模板与数据准备,流程触发/发起,提交/确认/处理/退回/转交（按权限）,文档生成,按流程配置；默认1个工作日,超时提醒→主管催办→高风险升级,仅退回到可编辑前置节点；关键财务/签署节点不得物理回退,操作者、身份、时间、前后值、原因、附件哈希、设备/IP
P017,电子签署,技术后台端,S02,文档生成,模板与数据准备,提交/确认/处理/退回/转交（按权限）,内部审核,按流程配置；默认1个工作日,超时提醒→主管催办→高风险升级,仅退回到可编辑前置节点；关键财务/签署节点不得物理回退,操作者、身份、时间、前后值、原因、附件哈希、设备/IP
P017,电子签署,技术后台端,S03,内部审核,文档生成,提交/确认/处理/退回/转交（按权限）,发起签署,1个工作日；高风险按制度,超时提醒→主管催办→高风险升级,仅退回到可编辑前置节点；关键财务/签署节点不得物理回退,操作者、身份、时间、前后值、原因、附件哈希、设备/IP
P017,电子签署,技术后台端,S04,发起签署,内部审核,提交/确认/处理/退回/转交（按权限）,身份认证,按流程配置；默认1个工作日,超时提醒→主管催办→高风险升级,仅退回到可编辑前置节点；关键财务/签署节点不得物理回退,操作者、身份、时间、前后值、原因、附件哈希、设备/IP
P017,电子签署,技术后台端,S05,身份认证,发起签署,提交/确认/处理/退回/转交（按权限）,签署,按流程配置；默认1个工作日,超时提醒→主管催办→高风险升级,仅退回到可编辑前置节点；关键财务/签署节点不得物理回退,操作者、身份、时间、前后值、原因、附件哈希、设备/IP
P017,电子签署,技术后台端,S06,签署,身份认证,提交/确认/处理/退回/转交（按权限）,回调验签,按流程配置；默认1个工作日,超时提醒→主管催办→高风险升级,仅退回到可编辑前置节点；关键财务/签署节点不得物理回退,操作者、身份、时间、前后值、原因、附件哈希、设备/IP
P017,电子签署,技术后台端,S07,回调验签,签署,提交/确认/处理/退回/转交（按权限）,文件与证书归档,按流程配置；默认1个工作日,超时提醒→主管催办→高风险升级,仅退回到可编辑前置节点；关键财务/签署节点不得物理回退,操作者、身份、时间、前后值、原因、附件哈希、设备/IP
P017,电子签署,技术后台端,S08,文件与证书归档,回调验签,提交/确认/处理/退回/转交（按权限）,业务状态更新,事项关闭后2个工作日,超时提醒→主管催办→高风险升级,仅退回到可编辑前置节点；关键财务/签署节点不得物理回退,操作者、身份、时间、前后值、原因、附件哈希、设备/IP
P017,电子签署,技术后台端,S09,业务状态更新,文件与证书归档,提交/确认/处理/退回/转交（按权限）,已关闭,按流程配置；默认1个工作日,超时提醒→主管催办→高风险升级,仅退回到可编辑前置节点；关键财务/签署节点不得物理回退,操作者、身份、时间、前后值、原因、附件哈希、设备/IP
P018,数据导入,技术后台端,S01,下载模板,流程触发/发起,提交/确认/处理/退回/转交（按权限）,上传文件,按流程配置；默认1个工作日,超时提醒→主管催办→高风险升级,仅退回到可编辑前置节点；关键财务/签署节点不得物理回退,操作者、身份、时间、前后值、原因、附件哈希、设备/IP
P018,数据导入,技术后台端,S02,上传文件,下载模板,提交/确认/处理/退回/转交（按权限）,格式校验,按流程配置；默认1个工作日,超时提醒→主管催办→高风险升级,仅退回到可编辑前置节点；关键财务/签署节点不得物理回退,操作者、身份、时间、前后值、原因、附件哈希、设备/IP
P018,数据导入,技术后台端,S03,格式校验,上传文件,提交/确认/处理/退回/转交（按权限）,业务校验,按流程配置；默认1个工作日,超时提醒→主管催办→高风险升级,仅退回到可编辑前置节点；关键财务/签署节点不得物理回退,操作者、身份、时间、前后值、原因、附件哈希、设备/IP
P018,数据导入,技术后台端,S04,业务校验,格式校验,提交/确认/处理/退回/转交（按权限）,权限与范围校验,按流程配置；默认1个工作日,超时提醒→主管催办→高风险升级,仅退回到可编辑前置节点；关键财务/签署节点不得物理回退,操作者、身份、时间、前后值、原因、附件哈希、设备/IP
P018,数据导入,技术后台端,S05,权限与范围校验,业务校验,提交/确认/处理/退回/转交（按权限）,差异预览,按流程配置；默认1个工作日,超时提醒→主管催办→高风险升级,仅退回到可编辑前置节点；关键财务/签署节点不得物理回退,操作者、身份、时间、前后值、原因、附件哈希、设备/IP
P018,数据导入,技术后台端,S06,差异预览,权限与范围校验,提交/确认/处理/退回/转交（按权限）,用户确认,按流程配置；默认1个工作日,超时提醒→主管催办→高风险升级,仅退回到可编辑前置节点；关键财务/签署节点不得物理回退,操作者、身份、时间、前后值、原因、附件哈希、设备/IP
P018,数据导入,技术后台端,S07,用户确认,差异预览,提交/确认/处理/退回/转交（按权限）,异步执行,1个工作日；高风险按制度,超时提醒→主管催办→高风险升级,仅退回到可编辑前置节点；关键财务/签署节点不得物理回退,操作者、身份、时间、前后值、原因、附件哈希、设备/IP
P018,数据导入,技术后台端,S08,异步执行,用户确认,提交/确认/处理/退回/转交（按权限）,结果报告,按计划时点/班次完成,超时提醒→主管催办→高风险升级,仅退回到可编辑前置节点；关键财务/签署节点不得物理回退,操作者、身份、时间、前后值、原因、附件哈希、设备/IP
P018,数据导入,技术后台端,S09,结果报告,异步执行,提交/确认/处理/退回/转交（按权限）,错误行下载,事项关闭后2个工作日,超时提醒→主管催办→高风险升级,仅退回到可编辑前置节点；关键财务/签署节点不得物理回退,操作者、身份、时间、前后值、原因、附件哈希、设备/IP
P018,数据导入,技术后台端,S10,错误行下载,结果报告,提交/确认/处理/退回/转交（按权限）,审计,按流程配置；默认1个工作日,超时提醒→主管催办→高风险升级,仅退回到可编辑前置节点；关键财务/签署节点不得物理回退,操作者、身份、时间、前后值、原因、附件哈希、设备/IP
P018,数据导入,技术后台端,S11,审计,错误行下载,提交/确认/处理/退回/转交（按权限）,已关闭,按流程配置；默认1个工作日,超时提醒→主管催办→高风险升级,仅退回到可编辑前置节点；关键财务/签署节点不得物理回退,操作者、身份、时间、前后值、原因、附件哈希、设备/IP
P019,敏感导出与文件下载,技术后台端,S01,发起导出/下载,流程触发/发起,提交/确认/处理/退回/转交（按权限）,数据范围校验,按流程配置；默认1个工作日,超时提醒→主管催办→高风险升级,仅退回到可编辑前置节点；关键财务/签署节点不得物理回退,操作者、身份、时间、前后值、原因、附件哈希、设备/IP
P019,敏感导出与文件下载,技术后台端,S02,数据范围校验,发起导出/下载,提交/确认/处理/退回/转交（按权限）,字段与敏感级别校验,按流程配置；默认1个工作日,超时提醒→主管催办→高风险升级,仅退回到可编辑前置节点；关键财务/签署节点不得物理回退,操作者、身份、时间、前后值、原因、附件哈希、设备/IP
P019,敏感导出与文件下载,技术后台端,S03,字段与敏感级别校验,数据范围校验,提交/确认/处理/退回/转交（按权限）,用途和审批校验,按流程配置；默认1个工作日,超时提醒→主管催办→高风险升级,仅退回到可编辑前置节点；关键财务/签署节点不得物理回退,操作者、身份、时间、前后值、原因、附件哈希、设备/IP
P019,敏感导出与文件下载,技术后台端,S04,用途和审批校验,字段与敏感级别校验,提交/确认/处理/退回/转交（按权限）,异步生成,1个工作日；高风险按制度,超时提醒→主管催办→高风险升级,仅退回到可编辑前置节点；关键财务/签署节点不得物理回退,操作者、身份、时间、前后值、原因、附件哈希、设备/IP
P019,敏感导出与文件下载,技术后台端,S05,异步生成,用途和审批校验,提交/确认/处理/退回/转交（按权限）,水印与短时链接,按流程配置；默认1个工作日,超时提醒→主管催办→高风险升级,仅退回到可编辑前置节点；关键财务/签署节点不得物理回退,操作者、身份、时间、前后值、原因、附件哈希、设备/IP
P019,敏感导出与文件下载,技术后台端,S06,水印与短时链接,异步生成,提交/确认/处理/退回/转交（按权限）,二次认证,按流程配置；默认1个工作日,超时提醒→主管催办→高风险升级,仅退回到可编辑前置节点；关键财务/签署节点不得物理回退,操作者、身份、时间、前后值、原因、附件哈希、设备/IP
P019,敏感导出与文件下载,技术后台端,S07,二次认证,水印与短时链接,提交/确认/处理/退回/转交（按权限）,下载留痕,按流程配置；默认1个工作日,超时提醒→主管催办→高风险升级,仅退回到可编辑前置节点；关键财务/签署节点不得物理回退,操作者、身份、时间、前后值、原因、附件哈希、设备/IP
P019,敏感导出与文件下载,技术后台端,S08,下载留痕,二次认证,提交/确认/处理/退回/转交（按权限）,到期销毁,按流程配置；默认1个工作日,超时提醒→主管催办→高风险升级,仅退回到可编辑前置节点；关键财务/签署节点不得物理回退,操作者、身份、时间、前后值、原因、附件哈希、设备/IP
P019,敏感导出与文件下载,技术后台端,S09,到期销毁,下载留痕,提交/确认/处理/退回/转交（按权限）,已关闭,按流程配置；默认1个工作日,超时提醒→主管催办→高风险升级,仅退回到可编辑前置节点；关键财务/签署节点不得物理回退,操作者、身份、时间、前后值、原因、附件哈希、设备/IP
P020,数据质量与修复,技术后台端,S01,规则扫描发现问题,流程触发/发起,提交/确认/处理/退回/转交（按权限）,生成数据修复工单,按流程配置；默认1个工作日,超时提醒→主管催办→高风险升级,仅退回到可编辑前置节点；关键财务/签署节点不得物理回退,操作者、身份、时间、前后值、原因、附件哈希、设备/IP
P020,数据质量与修复,技术后台端,S02,生成数据修复工单,规则扫描发现问题,提交/确认/处理/退回/转交（按权限）,责任域确认权威来源,按流程配置；默认1个工作日,超时提醒→主管催办→高风险升级,仅退回到可编辑前置节点；关键财务/签署节点不得物理回退,操作者、身份、时间、前后值、原因、附件哈希、设备/IP
P020,数据质量与修复,技术后台端,S03,责任域确认权威来源,生成数据修复工单,提交/确认/处理/退回/转交（按权限）,影响分析,1个工作日；高风险按制度,超时提醒→主管催办→高风险升级,仅退回到可编辑前置节点；关键财务/签署节点不得物理回退,操作者、身份、时间、前后值、原因、附件哈希、设备/IP
P020,数据质量与修复,技术后台端,S04,影响分析,责任域确认权威来源,提交/确认/处理/退回/转交（按权限）,修复方案审批,按流程配置；默认1个工作日,超时提醒→主管催办→高风险升级,仅退回到可编辑前置节点；关键财务/签署节点不得物理回退,操作者、身份、时间、前后值、原因、附件哈希、设备/IP
P020,数据质量与修复,技术后台端,S05,修复方案审批,影响分析,提交/确认/处理/退回/转交（按权限）,双人复核执行,1个工作日；高风险按制度,超时提醒→主管催办→高风险升级,仅退回到可编辑前置节点；关键财务/签署节点不得物理回退,操作者、身份、时间、前后值、原因、附件哈希、设备/IP
P020,数据质量与修复,技术后台端,S06,双人复核执行,修复方案审批,提交/确认/处理/退回/转交（按权限）,下游补偿与重算,1个工作日；高风险按制度,超时提醒→主管催办→高风险升级,仅退回到可编辑前置节点；关键财务/签署节点不得物理回退,操作者、身份、时间、前后值、原因、附件哈希、设备/IP
P020,数据质量与修复,技术后台端,S07,下游补偿与重算,双人复核执行,提交/确认/处理/退回/转交（按权限）,前后值核验,按流程配置；默认1个工作日,超时提醒→主管催办→高风险升级,仅退回到可编辑前置节点；关键财务/签署节点不得物理回退,操作者、身份、时间、前后值、原因、附件哈希、设备/IP
P020,数据质量与修复,技术后台端,S08,前后值核验,下游补偿与重算,提交/确认/处理/退回/转交（按权限）,补充归档与审计,按流程配置；默认1个工作日,超时提醒→主管催办→高风险升级,仅退回到可编辑前置节点；关键财务/签署节点不得物理回退,操作者、身份、时间、前后值、原因、附件哈希、设备/IP
P020,数据质量与修复,技术后台端,S09,补充归档与审计,前后值核验,提交/确认/处理/退回/转交（按权限）,已关闭,事项关闭后2个工作日,超时提醒→主管催办→高风险升级,仅退回到可编辑前置节点；关键财务/签署节点不得物理回退,操作者、身份、时间、前后值、原因、附件哈希、设备/IP
P021,经营会议闭环,技术后台端,S01,议题申报,流程触发/发起,提交/确认/处理/退回/转交（按权限）,材料校验,按流程配置；默认1个工作日,超时提醒→主管催办→高风险升级,仅退回到可编辑前置节点；关键财务/签署节点不得物理回退,操作者、身份、时间、前后值、原因、附件哈希、设备/IP
P021,经营会议闭环,技术后台端,S02,材料校验,议题申报,提交/确认/处理/退回/转交（按权限）,总裁办初审,按流程配置；默认1个工作日,超时提醒→主管催办→高风险升级,仅退回到可编辑前置节点；关键财务/签署节点不得物理回退,操作者、身份、时间、前后值、原因、附件哈希、设备/IP
P021,经营会议闭环,技术后台端,S03,总裁办初审,材料校验,提交/确认/处理/退回/转交（按权限）,会议发布,按流程配置；默认1个工作日,超时提醒→主管催办→高风险升级,仅退回到可编辑前置节点；关键财务/签署节点不得物理回退,操作者、身份、时间、前后值、原因、附件哈希、设备/IP
P021,经营会议闭环,技术后台端,S04,会议发布,总裁办初审,提交/确认/处理/退回/转交（按权限）,会议召开,按流程配置；默认1个工作日,超时提醒→主管催办→高风险升级,仅退回到可编辑前置节点；关键财务/签署节点不得物理回退,操作者、身份、时间、前后值、原因、附件哈希、设备/IP
P021,经营会议闭环,技术后台端,S05,会议召开,会议发布,提交/确认/处理/退回/转交（按权限）,主持人确认纪要,按流程配置；默认1个工作日,超时提醒→主管催办→高风险升级,仅退回到可编辑前置节点；关键财务/签署节点不得物理回退,操作者、身份、时间、前后值、原因、附件哈希、设备/IP
P021,经营会议闭环,技术后台端,S06,主持人确认纪要,会议召开,提交/确认/处理/退回/转交（按权限）,行动项自动生成,1个工作日；高风险按制度,超时提醒→主管催办→高风险升级,仅退回到可编辑前置节点；关键财务/签署节点不得物理回退,操作者、身份、时间、前后值、原因、附件哈希、设备/IP
P021,经营会议闭环,技术后台端,S07,行动项自动生成,主持人确认纪要,提交/确认/处理/退回/转交（按权限）,责任中心执行,按流程配置；默认1个工作日,超时提醒→主管催办→高风险升级,仅退回到可编辑前置节点；关键财务/签署节点不得物理回退,操作者、身份、时间、前后值、原因、附件哈希、设备/IP
P021,经营会议闭环,技术后台端,S08,责任中心执行,行动项自动生成,提交/确认/处理/退回/转交（按权限）,总裁办验收,按计划时点/班次完成,超时提醒→主管催办→高风险升级,仅退回到可编辑前置节点；关键财务/签署节点不得物理回退,操作者、身份、时间、前后值、原因、附件哈希、设备/IP
P021,经营会议闭环,技术后台端,S09,总裁办验收,责任中心执行,提交/确认/处理/退回/转交（按权限）,归档,1个工作日；高风险按制度,超时提醒→主管催办→高风险升级,仅退回到可编辑前置节点；关键财务/签署节点不得物理回退,操作者、身份、时间、前后值、原因、附件哈希、设备/IP
P021,经营会议闭环,技术后台端,S10,归档,总裁办验收,提交/确认/处理/退回/转交（按权限）,已关闭,事项关闭后2个工作日,超时提醒→主管催办→高风险升级,仅退回到可编辑前置节点；关键财务/签署节点不得物理回退,操作者、身份、时间、前后值、原因、附件哈希、设备/IP
P022,总裁指令闭环,技术后台端,S01,指令登记,流程触发/发起,提交/确认/处理/退回/转交（按权限）,权限与密级确认,按流程配置；默认1个工作日,超时提醒→主管催办→高风险升级,仅退回到可编辑前置节点；关键财务/签署节点不得物理回退,操作者、身份、时间、前后值、原因、附件哈希、设备/IP
P022,总裁指令闭环,技术后台端,S02,权限与密级确认,指令登记,提交/确认/处理/退回/转交（按权限）,责任中心签收,1个工作日；高风险按制度,超时提醒→主管催办→高风险升级,仅退回到可编辑前置节点；关键财务/签署节点不得物理回退,操作者、身份、时间、前后值、原因、附件哈希、设备/IP
P022,总裁指令闭环,技术后台端,S03,责任中心签收,权限与密级确认,提交/确认/处理/退回/转交（按权限）,任务分解,按流程配置；默认1个工作日,超时提醒→主管催办→高风险升级,仅退回到可编辑前置节点；关键财务/签署节点不得物理回退,操作者、身份、时间、前后值、原因、附件哈希、设备/IP
P022,总裁指令闭环,技术后台端,S04,任务分解,责任中心签收,提交/确认/处理/退回/转交（按权限）,执行反馈,按流程配置；默认1个工作日,超时提醒→主管催办→高风险升级,仅退回到可编辑前置节点；关键财务/签署节点不得物理回退,操作者、身份、时间、前后值、原因、附件哈希、设备/IP
P022,总裁指令闭环,技术后台端,S05,执行反馈,任务分解,提交/确认/处理/退回/转交（按权限）,异常升级,按计划时点/班次完成,超时提醒→主管催办→高风险升级,仅退回到可编辑前置节点；关键财务/签署节点不得物理回退,操作者、身份、时间、前后值、原因、附件哈希、设备/IP
P022,总裁指令闭环,技术后台端,S06,异常升级,执行反馈,提交/确认/处理/退回/转交（按权限）,结果验收,立即响应；L3/L4 30分钟内升级,超时提醒→主管催办→高风险升级,仅退回到可编辑前置节点；关键财务/签署节点不得物理回退,操作者、身份、时间、前后值、原因、附件哈希、设备/IP
P022,总裁指令闭环,技术后台端,S07,结果验收,异常升级,提交/确认/处理/退回/转交（按权限）,复盘归档,1个工作日；高风险按制度,超时提醒→主管催办→高风险升级,仅退回到可编辑前置节点；关键财务/签署节点不得物理回退,操作者、身份、时间、前后值、原因、附件哈希、设备/IP
P022,总裁指令闭环,技术后台端,S08,复盘归档,结果验收,提交/确认/处理/退回/转交（按权限）,已关闭,事项关闭后2个工作日,超时提醒→主管催办→高风险升级,仅退回到可编辑前置节点；关键财务/签署节点不得物理回退,操作者、身份、时间、前后值、原因、附件哈希、设备/IP
P023,重大事项升级,技术后台端,S01,风险发现,流程触发/发起,提交/确认/处理/退回/转交（按权限）,分级判断,立即响应；L3/L4 30分钟内升级,超时提醒→主管催办→高风险升级,仅退回到可编辑前置节点；关键财务/签署节点不得物理回退,操作者、身份、时间、前后值、原因、附件哈希、设备/IP
P023,重大事项升级,技术后台端,S02,分级判断,风险发现,提交/确认/处理/退回/转交（按权限）,先行止险,按流程配置；默认1个工作日,超时提醒→主管催办→高风险升级,仅退回到可编辑前置节点；关键财务/签署节点不得物理回退,操作者、身份、时间、前后值、原因、附件哈希、设备/IP
P023,重大事项升级,技术后台端,S03,先行止险,分级判断,提交/确认/处理/退回/转交（按权限）,通知有权人员,立即响应；L3/L4 30分钟内升级,超时提醒→主管催办→高风险升级,仅退回到可编辑前置节点；关键财务/签署节点不得物理回退,操作者、身份、时间、前后值、原因、附件哈希、设备/IP
P023,重大事项升级,技术后台端,S04,通知有权人员,先行止险,提交/确认/处理/退回/转交（按权限）,建立专题,按流程配置；默认1个工作日,超时提醒→主管催办→高风险升级,仅退回到可编辑前置节点；关键财务/签署节点不得物理回退,操作者、身份、时间、前后值、原因、附件哈希、设备/IP
P023,重大事项升级,技术后台端,S05,建立专题,通知有权人员,提交/确认/处理/退回/转交（按权限）,持续报告,按流程配置；默认1个工作日,超时提醒→主管催办→高风险升级,仅退回到可编辑前置节点；关键财务/签署节点不得物理回退,操作者、身份、时间、前后值、原因、附件哈希、设备/IP
P023,重大事项升级,技术后台端,S06,持续报告,建立专题,提交/确认/处理/退回/转交（按权限）,决定执行,事项关闭后2个工作日,超时提醒→主管催办→高风险升级,仅退回到可编辑前置节点；关键财务/签署节点不得物理回退,操作者、身份、时间、前后值、原因、附件哈希、设备/IP
P023,重大事项升级,技术后台端,S07,决定执行,持续报告,提交/确认/处理/退回/转交（按权限）,关闭或转案件,按计划时点/班次完成,超时提醒→主管催办→高风险升级,仅退回到可编辑前置节点；关键财务/签署节点不得物理回退,操作者、身份、时间、前后值、原因、附件哈希、设备/IP
P023,重大事项升级,技术后台端,S08,关闭或转案件,决定执行,提交/确认/处理/退回/转交（按权限）,已关闭,按流程配置；默认1个工作日,超时提醒→主管催办→高风险升级,仅退回到可编辑前置节点；关键财务/签署节点不得物理回退,操作者、身份、时间、前后值、原因、附件哈希、设备/IP
P024,预算闭环,技术后台端,S01,预算申报,流程触发/发起,提交/确认/处理/退回/转交（按权限）,汇总校验,按流程配置；默认1个工作日,超时提醒→主管催办→高风险升级,仅退回到可编辑前置节点；关键财务/签署节点不得物理回退,操作者、身份、时间、前后值、原因、附件哈希、设备/IP
P024,预算闭环,技术后台端,S02,汇总校验,预算申报,提交/确认/处理/退回/转交（按权限）,中心确认,按流程配置；默认1个工作日,超时提醒→主管催办→高风险升级,仅退回到可编辑前置节点；关键财务/签署节点不得物理回退,操作者、身份、时间、前后值、原因、附件哈希、设备/IP
P024,预算闭环,技术后台端,S03,中心确认,汇总校验,提交/确认/处理/退回/转交（按权限）,财务复核,1个工作日；高风险按制度,超时提醒→主管催办→高风险升级,仅退回到可编辑前置节点；关键财务/签署节点不得物理回退,操作者、身份、时间、前后值、原因、附件哈希、设备/IP
P024,预算闭环,技术后台端,S04,财务复核,中心确认,提交/确认/处理/退回/转交（按权限）,有权审批,1个工作日；高风险按制度,超时提醒→主管催办→高风险升级,仅退回到可编辑前置节点；关键财务/签署节点不得物理回退,操作者、身份、时间、前后值、原因、附件哈希、设备/IP
P024,预算闭环,技术后台端,S05,有权审批,财务复核,提交/确认/处理/退回/转交（按权限）,预算发布,1个工作日；高风险按制度,超时提醒→主管催办→高风险升级,仅退回到可编辑前置节点；关键财务/签署节点不得物理回退,操作者、身份、时间、前后值、原因、附件哈希、设备/IP
P024,预算闭环,技术后台端,S06,预算发布,有权审批,提交/确认/处理/退回/转交（按权限）,占用与释放,按流程配置；默认1个工作日,超时提醒→主管催办→高风险升级,仅退回到可编辑前置节点；关键财务/签署节点不得物理回退,操作者、身份、时间、前后值、原因、附件哈希、设备/IP
P024,预算闭环,技术后台端,S07,占用与释放,预算发布,提交/确认/处理/退回/转交（按权限）,调整,按流程配置；默认1个工作日,超时提醒→主管催办→高风险升级,仅退回到可编辑前置节点；关键财务/签署节点不得物理回退,操作者、身份、时间、前后值、原因、附件哈希、设备/IP
P024,预算闭环,技术后台端,S08,调整,占用与释放,提交/确认/处理/退回/转交（按权限）,执行分析,按流程配置；默认1个工作日,超时提醒→主管催办→高风险升级,仅退回到可编辑前置节点；关键财务/签署节点不得物理回退,操作者、身份、时间、前后值、原因、附件哈希、设备/IP
P024,预算闭环,技术后台端,S09,执行分析,调整,提交/确认/处理/退回/转交（按权限）,年度关闭,按计划时点/班次完成,超时提醒→主管催办→高风险升级,仅退回到可编辑前置节点；关键财务/签署节点不得物理回退,操作者、身份、时间、前后值、原因、附件哈希、设备/IP
P024,预算闭环,技术后台端,S10,年度关闭,执行分析,提交/确认/处理/退回/转交（按权限）,已关闭,按流程配置；默认1个工作日,超时提醒→主管催办→高风险升级,仅退回到可编辑前置节点；关键财务/签署节点不得物理回退,操作者、身份、时间、前后值、原因、附件哈希、设备/IP
P025,报销闭环,技术后台端,S01,事前申请关联,流程触发/发起,提交/确认/处理/退回/转交（按权限）,报销填报,按流程配置；默认1个工作日,超时提醒→主管催办→高风险升级,仅退回到可编辑前置节点；关键财务/签署节点不得物理回退,操作者、身份、时间、前后值、原因、附件哈希、设备/IP
P025,报销闭环,技术后台端,S02,报销填报,事前申请关联,提交/确认/处理/退回/转交（按权限）,票据验真与防重,按流程配置；默认1个工作日,超时提醒→主管催办→高风险升级,仅退回到可编辑前置节点；关键财务/签署节点不得物理回退,操作者、身份、时间、前后值、原因、附件哈希、设备/IP
P025,报销闭环,技术后台端,S03,票据验真与防重,报销填报,提交/确认/处理/退回/转交（按权限）,业务真实性审批,按流程配置；默认1个工作日,超时提醒→主管催办→高风险升级,仅退回到可编辑前置节点；关键财务/签署节点不得物理回退,操作者、身份、时间、前后值、原因、附件哈希、设备/IP
P025,报销闭环,技术后台端,S04,业务真实性审批,票据验真与防重,提交/确认/处理/退回/转交（按权限）,预算校验,1个工作日；高风险按制度,超时提醒→主管催办→高风险升级,仅退回到可编辑前置节点；关键财务/签署节点不得物理回退,操作者、身份、时间、前后值、原因、附件哈希、设备/IP
P025,报销闭环,技术后台端,S05,预算校验,业务真实性审批,提交/确认/处理/退回/转交（按权限）,财务复核,按流程配置；默认1个工作日,超时提醒→主管催办→高风险升级,仅退回到可编辑前置节点；关键财务/签署节点不得物理回退,操作者、身份、时间、前后值、原因、附件哈希、设备/IP
P025,报销闭环,技术后台端,S06,财务复核,预算校验,提交/确认/处理/退回/转交（按权限）,付款,1个工作日；高风险按制度,超时提醒→主管催办→高风险升级,仅退回到可编辑前置节点；关键财务/签署节点不得物理回退,操作者、身份、时间、前后值、原因、附件哈希、设备/IP
P025,报销闭环,技术后台端,S07,付款,财务复核,提交/确认/处理/退回/转交（按权限）,回执,T+1个工作日或财务日历,超时提醒→主管催办→高风险升级,仅退回到可编辑前置节点；关键财务/签署节点不得物理回退,操作者、身份、时间、前后值、原因、附件哈希、设备/IP
P025,报销闭环,技术后台端,S08,回执,付款,提交/确认/处理/退回/转交（按权限）,对账归档,按流程配置；默认1个工作日,超时提醒→主管催办→高风险升级,仅退回到可编辑前置节点；关键财务/签署节点不得物理回退,操作者、身份、时间、前后值、原因、附件哈希、设备/IP
P025,报销闭环,技术后台端,S09,对账归档,回执,提交/确认/处理/退回/转交（按权限）,已关闭,T+1个工作日或财务日历,超时提醒→主管催办→高风险升级,仅退回到可编辑前置节点；关键财务/签署节点不得物理回退,操作者、身份、时间、前后值、原因、附件哈希、设备/IP
P026,借款核销,技术后台端,S01,借款申请,流程触发/发起,提交/确认/处理/退回/转交（按权限）,预算与必要性审批,按流程配置；默认1个工作日,超时提醒→主管催办→高风险升级,仅退回到可编辑前置节点；关键财务/签署节点不得物理回退,操作者、身份、时间、前后值、原因、附件哈希、设备/IP
P026,借款核销,技术后台端,S02,预算与必要性审批,借款申请,提交/确认/处理/退回/转交（按权限）,付款,1个工作日；高风险按制度,超时提醒→主管催办→高风险升级,仅退回到可编辑前置节点；关键财务/签署节点不得物理回退,操作者、身份、时间、前后值、原因、附件哈希、设备/IP
P026,借款核销,技术后台端,S03,付款,预算与必要性审批,提交/确认/处理/退回/转交（按权限）,费用发生,T+1个工作日或财务日历,超时提醒→主管催办→高风险升级,仅退回到可编辑前置节点；关键财务/签署节点不得物理回退,操作者、身份、时间、前后值、原因、附件哈希、设备/IP
P026,借款核销,技术后台端,S04,费用发生,付款,提交/确认/处理/退回/转交（按权限）,报销抵扣,按流程配置；默认1个工作日,超时提醒→主管催办→高风险升级,仅退回到可编辑前置节点；关键财务/签署节点不得物理回退,操作者、身份、时间、前后值、原因、附件哈希、设备/IP
P026,借款核销,技术后台端,S05,报销抵扣,费用发生,提交/确认/处理/退回/转交（按权限）,余额归还,按流程配置；默认1个工作日,超时提醒→主管催办→高风险升级,仅退回到可编辑前置节点；关键财务/签署节点不得物理回退,操作者、身份、时间、前后值、原因、附件哈希、设备/IP
P026,借款核销,技术后台端,S06,余额归还,报销抵扣,提交/确认/处理/退回/转交（按权限）,财务确认,按流程配置；默认1个工作日,超时提醒→主管催办→高风险升级,仅退回到可编辑前置节点；关键财务/签署节点不得物理回退,操作者、身份、时间、前后值、原因、附件哈希、设备/IP
P026,借款核销,技术后台端,S07,财务确认,余额归还,提交/确认/处理/退回/转交（按权限）,关闭,1个工作日；高风险按制度,超时提醒→主管催办→高风险升级,仅退回到可编辑前置节点；关键财务/签署节点不得物理回退,操作者、身份、时间、前后值、原因、附件哈希、设备/IP
P026,借款核销,技术后台端,S08,关闭,财务确认,提交/确认/处理/退回/转交（按权限）,已关闭,按流程配置；默认1个工作日,超时提醒→主管催办→高风险升级,仅退回到可编辑前置节点；关键财务/签署节点不得物理回退,操作者、身份、时间、前后值、原因、附件哈希、设备/IP
P027,跨系统对账,技术后台端,S01,生成对账批次,流程触发/发起,提交/确认/处理/退回/转交（按权限）,拉取双方数据,T+1个工作日或财务日历,超时提醒→主管催办→高风险升级,仅退回到可编辑前置节点；关键财务/签署节点不得物理回退,操作者、身份、时间、前后值、原因、附件哈希、设备/IP
P027,跨系统对账,技术后台端,S02,拉取双方数据,生成对账批次,提交/确认/处理/退回/转交（按权限）,自动匹配,按流程配置；默认1个工作日,超时提醒→主管催办→高风险升级,仅退回到可编辑前置节点；关键财务/签署节点不得物理回退,操作者、身份、时间、前后值、原因、附件哈希、设备/IP
P027,跨系统对账,技术后台端,S03,自动匹配,拉取双方数据,提交/确认/处理/退回/转交（按权限）,差异分类,按流程配置；默认1个工作日,超时提醒→主管催办→高风险升级,仅退回到可编辑前置节点；关键财务/签署节点不得物理回退,操作者、身份、时间、前后值、原因、附件哈希、设备/IP
P027,跨系统对账,技术后台端,S04,差异分类,自动匹配,提交/确认/处理/退回/转交（按权限）,责任人处理,按流程配置；默认1个工作日,超时提醒→主管催办→高风险升级,仅退回到可编辑前置节点；关键财务/签署节点不得物理回退,操作者、身份、时间、前后值、原因、附件哈希、设备/IP
P027,跨系统对账,技术后台端,S05,责任人处理,差异分类,提交/确认/处理/退回/转交（按权限）,复核,按流程配置；默认1个工作日,超时提醒→主管催办→高风险升级,仅退回到可编辑前置节点；关键财务/签署节点不得物理回退,操作者、身份、时间、前后值、原因、附件哈希、设备/IP
P027,跨系统对账,技术后台端,S06,复核,责任人处理,提交/确认/处理/退回/转交（按权限）,调整或冲销,1个工作日；高风险按制度,超时提醒→主管催办→高风险升级,仅退回到可编辑前置节点；关键财务/签署节点不得物理回退,操作者、身份、时间、前后值、原因、附件哈希、设备/IP
P027,跨系统对账,技术后台端,S07,调整或冲销,复核,提交/确认/处理/退回/转交（按权限）,对账关闭,按流程配置；默认1个工作日,超时提醒→主管催办→高风险升级,仅退回到可编辑前置节点；关键财务/签署节点不得物理回退,操作者、身份、时间、前后值、原因、附件哈希、设备/IP
P027,跨系统对账,技术后台端,S08,对账关闭,调整或冲销,提交/确认/处理/退回/转交（按权限）,已关闭,T+1个工作日或财务日历,超时提醒→主管催办→高风险升级,仅退回到可编辑前置节点；关键财务/签署节点不得物理回退,操作者、身份、时间、前后值、原因、附件哈希、设备/IP
P028,录用入职闭环,技术后台端,S01,用人需求,流程触发/发起,提交/确认/处理/退回/转交（按权限）,编制预算审批,按流程配置；默认1个工作日,超时提醒→主管催办→高风险升级,仅退回到可编辑前置节点；关键财务/签署节点不得物理回退,操作者、身份、时间、前后值、原因、附件哈希、设备/IP
P028,录用入职闭环,技术后台端,S02,编制预算审批,用人需求,提交/确认/处理/退回/转交（按权限）,招聘,1个工作日；高风险按制度,超时提醒→主管催办→高风险升级,仅退回到可编辑前置节点；关键财务/签署节点不得物理回退,操作者、身份、时间、前后值、原因、附件哈希、设备/IP
P028,录用入职闭环,技术后台端,S03,招聘,编制预算审批,提交/确认/处理/退回/转交（按权限）,面试1000分评价,按流程配置；默认1个工作日,超时提醒→主管催办→高风险升级,仅退回到可编辑前置节点；关键财务/签署节点不得物理回退,操作者、身份、时间、前后值、原因、附件哈希、设备/IP
P028,录用入职闭环,技术后台端,S04,面试1000分评价,招聘,提交/确认/处理/退回/转交（按权限）,录用审批,按流程配置；默认1个工作日,超时提醒→主管催办→高风险升级,仅退回到可编辑前置节点；关键财务/签署节点不得物理回退,操作者、身份、时间、前后值、原因、附件哈希、设备/IP
P028,录用入职闭环,技术后台端,S05,录用审批,面试1000分评价,提交/确认/处理/退回/转交（按权限）,候选人接受,1个工作日；高风险按制度,超时提醒→主管催办→高风险升级,仅退回到可编辑前置节点；关键财务/签署节点不得物理回退,操作者、身份、时间、前后值、原因、附件哈希、设备/IP
P028,录用入职闭环,技术后台端,S06,候选人接受,录用审批,提交/确认/处理/退回/转交（按权限）,编制锁定,按流程配置；默认1个工作日,超时提醒→主管催办→高风险升级,仅退回到可编辑前置节点；关键财务/签署节点不得物理回退,操作者、身份、时间、前后值、原因、附件哈希、设备/IP
P028,录用入职闭环,技术后台端,S07,编制锁定,候选人接受,提交/确认/处理/退回/转交（按权限）,员工预档,按流程配置；默认1个工作日,超时提醒→主管催办→高风险升级,仅退回到可编辑前置节点；关键财务/签署节点不得物理回退,操作者、身份、时间、前后值、原因、附件哈希、设备/IP
P028,录用入职闭环,技术后台端,S08,员工预档,编制锁定,提交/确认/处理/退回/转交（按权限）,到岗确认,按流程配置；默认1个工作日,超时提醒→主管催办→高风险升级,仅退回到可编辑前置节点；关键财务/签署节点不得物理回退,操作者、身份、时间、前后值、原因、附件哈希、设备/IP
P028,录用入职闭环,技术后台端,S09,到岗确认,员工预档,提交/确认/处理/退回/转交（按权限）,合同与权限任务,1个工作日；高风险按制度,超时提醒→主管催办→高风险升级,仅退回到可编辑前置节点；关键财务/签署节点不得物理回退,操作者、身份、时间、前后值、原因、附件哈希、设备/IP
P028,录用入职闭环,技术后台端,S10,合同与权限任务,到岗确认,提交/确认/处理/退回/转交（按权限）,入职完成,按流程配置；默认1个工作日,超时提醒→主管催办→高风险升级,仅退回到可编辑前置节点；关键财务/签署节点不得物理回退,操作者、身份、时间、前后值、原因、附件哈希、设备/IP
P028,录用入职闭环,技术后台端,S11,入职完成,合同与权限任务,提交/确认/处理/退回/转交（按权限）,已关闭,按流程配置；默认1个工作日,超时提醒→主管催办→高风险升级,仅退回到可编辑前置节点；关键财务/签署节点不得物理回退,操作者、身份、时间、前后值、原因、附件哈希、设备/IP
P029,调岗闭环,技术后台端,S01,申请,流程触发/发起,提交/确认/处理/退回/转交（按权限）,编制与资格校验,按流程配置；默认1个工作日,超时提醒→主管催办→高风险升级,仅退回到可编辑前置节点；关键财务/签署节点不得物理回退,操作者、身份、时间、前后值、原因、附件哈希、设备/IP
P029,调岗闭环,技术后台端,S02,编制与资格校验,申请,提交/确认/处理/退回/转交（按权限）,薪酬合同影响分析,按流程配置；默认1个工作日,超时提醒→主管催办→高风险升级,仅退回到可编辑前置节点；关键财务/签署节点不得物理回退,操作者、身份、时间、前后值、原因、附件哈希、设备/IP
P029,调岗闭环,技术后台端,S03,薪酬合同影响分析,编制与资格校验,提交/确认/处理/退回/转交（按权限）,审批,按流程配置；默认1个工作日,超时提醒→主管催办→高风险升级,仅退回到可编辑前置节点；关键财务/签署节点不得物理回退,操作者、身份、时间、前后值、原因、附件哈希、设备/IP
P029,调岗闭环,技术后台端,S04,审批,薪酬合同影响分析,提交/确认/处理/退回/转交（按权限）,交接,1个工作日；高风险按制度,超时提醒→主管催办→高风险升级,仅退回到可编辑前置节点；关键财务/签署节点不得物理回退,操作者、身份、时间、前后值、原因、附件哈希、设备/IP
P029,调岗闭环,技术后台端,S05,交接,审批,提交/确认/处理/退回/转交（按权限）,生效,按流程配置；默认1个工作日,超时提醒→主管催办→高风险升级,仅退回到可编辑前置节点；关键财务/签署节点不得物理回退,操作者、身份、时间、前后值、原因、附件哈希、设备/IP
P029,调岗闭环,技术后台端,S06,生效,交接,提交/确认/处理/退回/转交（按权限）,权限考勤学习绩效切换,按流程配置；默认1个工作日,超时提醒→主管催办→高风险升级,仅退回到可编辑前置节点；关键财务/签署节点不得物理回退,操作者、身份、时间、前后值、原因、附件哈希、设备/IP
P029,调岗闭环,技术后台端,S07,权限考勤学习绩效切换,生效,提交/确认/处理/退回/转交（按权限）,补偿,按流程配置；默认1个工作日,超时提醒→主管催办→高风险升级,仅退回到可编辑前置节点；关键财务/签署节点不得物理回退,操作者、身份、时间、前后值、原因、附件哈希、设备/IP
P029,调岗闭环,技术后台端,S08,补偿,权限考勤学习绩效切换,提交/确认/处理/退回/转交（按权限）,归档,按流程配置；默认1个工作日,超时提醒→主管催办→高风险升级,仅退回到可编辑前置节点；关键财务/签署节点不得物理回退,操作者、身份、时间、前后值、原因、附件哈希、设备/IP
P029,调岗闭环,技术后台端,S09,归档,补偿,提交/确认/处理/退回/转交（按权限）,已关闭,事项关闭后2个工作日,超时提醒→主管催办→高风险升级,仅退回到可编辑前置节点；关键财务/签署节点不得物理回退,操作者、身份、时间、前后值、原因、附件哈希、设备/IP
P030,离职闭环,技术后台端,S01,申请或公司发起,流程触发/发起,提交/确认/处理/退回/转交（按权限）,审批,按流程配置；默认1个工作日,超时提醒→主管催办→高风险升级,仅退回到可编辑前置节点；关键财务/签署节点不得物理回退,操作者、身份、时间、前后值、原因、附件哈希、设备/IP
P030,离职闭环,技术后台端,S02,审批,申请或公司发起,提交/确认/处理/退回/转交（按权限）,交接计划,1个工作日；高风险按制度,超时提醒→主管催办→高风险升级,仅退回到可编辑前置节点；关键财务/签署节点不得物理回退,操作者、身份、时间、前后值、原因、附件哈希、设备/IP
P030,离职闭环,技术后台端,S03,交接计划,审批,提交/确认/处理/退回/转交（按权限）,业务与资产移交,按流程配置；默认1个工作日,超时提醒→主管催办→高风险升级,仅退回到可编辑前置节点；关键财务/签署节点不得物理回退,操作者、身份、时间、前后值、原因、附件哈希、设备/IP
P030,离职闭环,技术后台端,S04,业务与资产移交,交接计划,提交/确认/处理/退回/转交（按权限）,权限回收,按流程配置；默认1个工作日,超时提醒→主管催办→高风险升级,仅退回到可编辑前置节点；关键财务/签署节点不得物理回退,操作者、身份、时间、前后值、原因、附件哈希、设备/IP
P030,离职闭环,技术后台端,S05,权限回收,业务与资产移交,提交/确认/处理/退回/转交（按权限）,有效离职时点确认,按流程配置；默认1个工作日,超时提醒→主管催办→高风险升级,仅退回到可编辑前置节点；关键财务/签署节点不得物理回退,操作者、身份、时间、前后值、原因、附件哈希、设备/IP
P030,离职闭环,技术后台端,S06,有效离职时点确认,权限回收,提交/确认/处理/退回/转交（按权限）,财务结算或转独立义务,1个工作日；高风险按制度,超时提醒→主管催办→高风险升级,仅退回到可编辑前置节点；关键财务/签署节点不得物理回退,操作者、身份、时间、前后值、原因、附件哈希、设备/IP
P030,离职闭环,技术后台端,S07,财务结算或转独立义务,有效离职时点确认,提交/确认/处理/退回/转交（按权限）,证明,T+1个工作日或财务日历,超时提醒→主管催办→高风险升级,仅退回到可编辑前置节点；关键财务/签署节点不得物理回退,操作者、身份、时间、前后值、原因、附件哈希、设备/IP
P030,离职闭环,技术后台端,S08,证明,财务结算或转独立义务,提交/确认/处理/退回/转交（按权限）,归档,按流程配置；默认1个工作日,超时提醒→主管催办→高风险升级,仅退回到可编辑前置节点；关键财务/签署节点不得物理回退,操作者、身份、时间、前后值、原因、附件哈希、设备/IP
P030,离职闭环,技术后台端,S09,归档,证明,提交/确认/处理/退回/转交（按权限）,已关闭,事项关闭后2个工作日,超时提醒→主管催办→高风险升级,仅退回到可编辑前置节点；关键财务/签署节点不得物理回退,操作者、身份、时间、前后值、原因、附件哈希、设备/IP
P031,归档接收,技术后台端,S01,业务模块生成归档包,流程触发/发起,提交/确认/处理/退回/转交（按权限）,提交移交,事项关闭后2个工作日,超时提醒→主管催办→高风险升级,仅退回到可编辑前置节点；关键财务/签署节点不得物理回退,操作者、身份、时间、前后值、原因、附件哈希、设备/IP
P031,归档接收,技术后台端,S02,提交移交,业务模块生成归档包,提交/确认/处理/退回/转交（按权限）,格式与完整性校验,按流程配置；默认1个工作日,超时提醒→主管催办→高风险升级,仅退回到可编辑前置节点；关键财务/签署节点不得物理回退,操作者、身份、时间、前后值、原因、附件哈希、设备/IP
P031,归档接收,技术后台端,S03,格式与完整性校验,提交移交,提交/确认/处理/退回/转交（按权限）,缺件退回,按流程配置；默认1个工作日,超时提醒→主管催办→高风险升级,仅退回到可编辑前置节点；关键财务/签署节点不得物理回退,操作者、身份、时间、前后值、原因、附件哈希、设备/IP
P031,归档接收,技术后台端,S04,缺件退回,格式与完整性校验,提交/确认/处理/退回/转交（按权限）,档案编号,按流程配置；默认1个工作日,超时提醒→主管催办→高风险升级,仅退回到可编辑前置节点；关键财务/签署节点不得物理回退,操作者、身份、时间、前后值、原因、附件哈希、设备/IP
P031,归档接收,技术后台端,S05,档案编号,缺件退回,提交/确认/处理/退回/转交（按权限）,实体或电子入库,按流程配置；默认1个工作日,超时提醒→主管催办→高风险升级,仅退回到可编辑前置节点；关键财务/签署节点不得物理回退,操作者、身份、时间、前后值、原因、附件哈希、设备/IP
P031,归档接收,技术后台端,S06,实体或电子入库,档案编号,提交/确认/处理/退回/转交（按权限）,接收回执,按流程配置；默认1个工作日,超时提醒→主管催办→高风险升级,仅退回到可编辑前置节点；关键财务/签署节点不得物理回退,操作者、身份、时间、前后值、原因、附件哈希、设备/IP
P031,归档接收,技术后台端,S07,接收回执,实体或电子入库,提交/确认/处理/退回/转交（按权限）,冻结,按流程配置；默认1个工作日,超时提醒→主管催办→高风险升级,仅退回到可编辑前置节点；关键财务/签署节点不得物理回退,操作者、身份、时间、前后值、原因、附件哈希、设备/IP
P031,归档接收,技术后台端,S08,冻结,接收回执,提交/确认/处理/退回/转交（按权限）,已关闭,按流程配置；默认1个工作日,超时提醒→主管催办→高风险升级,仅退回到可编辑前置节点；关键财务/签署节点不得物理回退,操作者、身份、时间、前后值、原因、附件哈希、设备/IP
P032,借阅归还,技术后台端,S01,申请,流程触发/发起,提交/确认/处理/退回/转交（按权限）,范围与用途审批,按流程配置；默认1个工作日,超时提醒→主管催办→高风险升级,仅退回到可编辑前置节点；关键财务/签署节点不得物理回退,操作者、身份、时间、前后值、原因、附件哈希、设备/IP
P032,借阅归还,技术后台端,S02,范围与用途审批,申请,提交/确认/处理/退回/转交（按权限）,档案出库或授权,1个工作日；高风险按制度,超时提醒→主管催办→高风险升级,仅退回到可编辑前置节点；关键财务/签署节点不得物理回退,操作者、身份、时间、前后值、原因、附件哈希、设备/IP
P032,借阅归还,技术后台端,S03,档案出库或授权,范围与用途审批,提交/确认/处理/退回/转交（按权限）,使用留痕,按流程配置；默认1个工作日,超时提醒→主管催办→高风险升级,仅退回到可编辑前置节点；关键财务/签署节点不得物理回退,操作者、身份、时间、前后值、原因、附件哈希、设备/IP
P032,借阅归还,技术后台端,S04,使用留痕,档案出库或授权,提交/确认/处理/退回/转交（按权限）,到期提醒,按流程配置；默认1个工作日,超时提醒→主管催办→高风险升级,仅退回到可编辑前置节点；关键财务/签署节点不得物理回退,操作者、身份、时间、前后值、原因、附件哈希、设备/IP
P032,借阅归还,技术后台端,S05,到期提醒,使用留痕,提交/确认/处理/退回/转交（按权限）,归还验收,按流程配置；默认1个工作日,超时提醒→主管催办→高风险升级,仅退回到可编辑前置节点；关键财务/签署节点不得物理回退,操作者、身份、时间、前后值、原因、附件哈希、设备/IP
P032,借阅归还,技术后台端,S06,归还验收,到期提醒,提交/确认/处理/退回/转交（按权限）,状态恢复,1个工作日；高风险按制度,超时提醒→主管催办→高风险升级,仅退回到可编辑前置节点；关键财务/签署节点不得物理回退,操作者、身份、时间、前后值、原因、附件哈希、设备/IP
P032,借阅归还,技术后台端,S07,状态恢复,归还验收,提交/确认/处理/退回/转交（按权限）,归档,按流程配置；默认1个工作日,超时提醒→主管催办→高风险升级,仅退回到可编辑前置节点；关键财务/签署节点不得物理回退,操作者、身份、时间、前后值、原因、附件哈希、设备/IP
P032,借阅归还,技术后台端,S08,归档,状态恢复,提交/确认/处理/退回/转交（按权限）,已关闭,事项关闭后2个工作日,超时提醒→主管催办→高风险升级,仅退回到可编辑前置节点；关键财务/签署节点不得物理回退,操作者、身份、时间、前后值、原因、附件哈希、设备/IP
P033,销毁鉴定,技术后台端,S01,到期扫描,流程触发/发起,提交/确认/处理/退回/转交（按权限）,鉴定清单,按流程配置；默认1个工作日,超时提醒→主管催办→高风险升级,仅退回到可编辑前置节点；关键财务/签署节点不得物理回退,操作者、身份、时间、前后值、原因、附件哈希、设备/IP
P033,销毁鉴定,技术后台端,S02,鉴定清单,到期扫描,提交/确认/处理/退回/转交（按权限）,业务与法务会签,按流程配置；默认1个工作日,超时提醒→主管催办→高风险升级,仅退回到可编辑前置节点；关键财务/签署节点不得物理回退,操作者、身份、时间、前后值、原因、附件哈希、设备/IP
P033,销毁鉴定,技术后台端,S03,业务与法务会签,鉴定清单,提交/确认/处理/退回/转交（按权限）,有权审批,按流程配置；默认1个工作日,超时提醒→主管催办→高风险升级,仅退回到可编辑前置节点；关键财务/签署节点不得物理回退,操作者、身份、时间、前后值、原因、附件哈希、设备/IP
P033,销毁鉴定,技术后台端,S04,有权审批,业务与法务会签,提交/确认/处理/退回/转交（按权限）,销毁执行,1个工作日；高风险按制度,超时提醒→主管催办→高风险升级,仅退回到可编辑前置节点；关键财务/签署节点不得物理回退,操作者、身份、时间、前后值、原因、附件哈希、设备/IP
P033,销毁鉴定,技术后台端,S05,销毁执行,有权审批,提交/确认/处理/退回/转交（按权限）,双人见证,按计划时点/班次完成,超时提醒→主管催办→高风险升级,仅退回到可编辑前置节点；关键财务/签署节点不得物理回退,操作者、身份、时间、前后值、原因、附件哈希、设备/IP
P033,销毁鉴定,技术后台端,S06,双人见证,销毁执行,提交/确认/处理/退回/转交（按权限）,证明归档,按流程配置；默认1个工作日,超时提醒→主管催办→高风险升级,仅退回到可编辑前置节点；关键财务/签署节点不得物理回退,操作者、身份、时间、前后值、原因、附件哈希、设备/IP
P033,销毁鉴定,技术后台端,S07,证明归档,双人见证,提交/确认/处理/退回/转交（按权限）,已关闭,事项关闭后2个工作日,超时提醒→主管催办→高风险升级,仅退回到可编辑前置节点；关键财务/签署节点不得物理回退,操作者、身份、时间、前后值、原因、附件哈希、设备/IP
P034,标准采购,技术后台端,S01,需求申请,流程触发/发起,提交/确认/处理/退回/转交（按权限）,库存核查,按流程配置；默认1个工作日,超时提醒→主管催办→高风险升级,仅退回到可编辑前置节点；关键财务/签署节点不得物理回退,操作者、身份、时间、前后值、原因、附件哈希、设备/IP
P034,标准采购,技术后台端,S02,库存核查,需求申请,提交/确认/处理/退回/转交（按权限）,预算校验,按流程配置；默认1个工作日,超时提醒→主管催办→高风险升级,仅退回到可编辑前置节点；关键财务/签署节点不得物理回退,操作者、身份、时间、前后值、原因、附件哈希、设备/IP
P034,标准采购,技术后台端,S03,预算校验,库存核查,提交/确认/处理/退回/转交（按权限）,采购审批,按流程配置；默认1个工作日,超时提醒→主管催办→高风险升级,仅退回到可编辑前置节点；关键财务/签署节点不得物理回退,操作者、身份、时间、前后值、原因、附件哈希、设备/IP
P034,标准采购,技术后台端,S04,采购审批,预算校验,提交/确认/处理/退回/转交（按权限）,询比价,1个工作日；高风险按制度,超时提醒→主管催办→高风险升级,仅退回到可编辑前置节点；关键财务/签署节点不得物理回退,操作者、身份、时间、前后值、原因、附件哈希、设备/IP
P034,标准采购,技术后台端,S05,询比价,采购审批,提交/确认/处理/退回/转交（按权限）,定标,按流程配置；默认1个工作日,超时提醒→主管催办→高风险升级,仅退回到可编辑前置节点；关键财务/签署节点不得物理回退,操作者、身份、时间、前后值、原因、附件哈希、设备/IP
P034,标准采购,技术后台端,S06,定标,询比价,提交/确认/处理/退回/转交（按权限）,订单,按流程配置；默认1个工作日,超时提醒→主管催办→高风险升级,仅退回到可编辑前置节点；关键财务/签署节点不得物理回退,操作者、身份、时间、前后值、原因、附件哈希、设备/IP
P034,标准采购,技术后台端,S07,订单,定标,提交/确认/处理/退回/转交（按权限）,到货,按流程配置；默认1个工作日,超时提醒→主管催办→高风险升级,仅退回到可编辑前置节点；关键财务/签署节点不得物理回退,操作者、身份、时间、前后值、原因、附件哈希、设备/IP
P034,标准采购,技术后台端,S08,到货,订单,提交/确认/处理/退回/转交（按权限）,专业验收,按流程配置；默认1个工作日,超时提醒→主管催办→高风险升级,仅退回到可编辑前置节点；关键财务/签署节点不得物理回退,操作者、身份、时间、前后值、原因、附件哈希、设备/IP
P034,标准采购,技术后台端,S09,专业验收,到货,提交/确认/处理/退回/转交（按权限）,入库,1个工作日；高风险按制度,超时提醒→主管催办→高风险升级,仅退回到可编辑前置节点；关键财务/签署节点不得物理回退,操作者、身份、时间、前后值、原因、附件哈希、设备/IP
P034,标准采购,技术后台端,S10,入库,专业验收,提交/确认/处理/退回/转交（按权限）,对账,按流程配置；默认1个工作日,超时提醒→主管催办→高风险升级,仅退回到可编辑前置节点；关键财务/签署节点不得物理回退,操作者、身份、时间、前后值、原因、附件哈希、设备/IP
P034,标准采购,技术后台端,S11,对账,入库,提交/确认/处理/退回/转交（按权限）,归档,T+1个工作日或财务日历,超时提醒→主管催办→高风险升级,仅退回到可编辑前置节点；关键财务/签署节点不得物理回退,操作者、身份、时间、前后值、原因、附件哈希、设备/IP
P034,标准采购,技术后台端,S12,归档,对账,提交/确认/处理/退回/转交（按权限）,已关闭,事项关闭后2个工作日,超时提醒→主管催办→高风险升级,仅退回到可编辑前置节点；关键财务/签署节点不得物理回退,操作者、身份、时间、前后值、原因、附件哈希、设备/IP
P035,紧急采购,技术后台端,S01,紧急原因登记,流程触发/发起,提交/确认/处理/退回/转交（按权限）,授权审批,按流程配置；默认1个工作日,超时提醒→主管催办→高风险升级,仅退回到可编辑前置节点；关键财务/签署节点不得物理回退,操作者、身份、时间、前后值、原因、附件哈希、设备/IP
P035,紧急采购,技术后台端,S02,授权审批,紧急原因登记,提交/确认/处理/退回/转交（按权限）,限额采购,1个工作日；高风险按制度,超时提醒→主管催办→高风险升级,仅退回到可编辑前置节点；关键财务/签署节点不得物理回退,操作者、身份、时间、前后值、原因、附件哈希、设备/IP
P035,紧急采购,技术后台端,S03,限额采购,授权审批,提交/确认/处理/退回/转交（按权限）,到货验收,按流程配置；默认1个工作日,超时提醒→主管催办→高风险升级,仅退回到可编辑前置节点；关键财务/签署节点不得物理回退,操作者、身份、时间、前后值、原因、附件哈希、设备/IP
P035,紧急采购,技术后台端,S04,到货验收,限额采购,提交/确认/处理/退回/转交（按权限）,事后补充材料,1个工作日；高风险按制度,超时提醒→主管催办→高风险升级,仅退回到可编辑前置节点；关键财务/签署节点不得物理回退,操作者、身份、时间、前后值、原因、附件哈希、设备/IP
P035,紧急采购,技术后台端,S05,事后补充材料,到货验收,提交/确认/处理/退回/转交（按权限）,财务复核,按流程配置；默认1个工作日,超时提醒→主管催办→高风险升级,仅退回到可编辑前置节点；关键财务/签署节点不得物理回退,操作者、身份、时间、前后值、原因、附件哈希、设备/IP
P035,紧急采购,技术后台端,S06,财务复核,事后补充材料,提交/确认/处理/退回/转交（按权限）,专项审计,1个工作日；高风险按制度,超时提醒→主管催办→高风险升级,仅退回到可编辑前置节点；关键财务/签署节点不得物理回退,操作者、身份、时间、前后值、原因、附件哈希、设备/IP
P035,紧急采购,技术后台端,S07,专项审计,财务复核,提交/确认/处理/退回/转交（按权限）,已关闭,按流程配置；默认1个工作日,超时提醒→主管催办→高风险升级,仅退回到可编辑前置节点；关键财务/签署节点不得物理回退,操作者、身份、时间、前后值、原因、附件哈希、设备/IP
P036,退换货,技术后台端,S01,验收不合格,流程触发/发起,提交/确认/处理/退回/转交（按权限）,隔离,1个工作日；高风险按制度,超时提醒→主管催办→高风险升级,仅退回到可编辑前置节点；关键财务/签署节点不得物理回退,操作者、身份、时间、前后值、原因、附件哈希、设备/IP
P036,退换货,技术后台端,S02,隔离,验收不合格,提交/确认/处理/退回/转交（按权限）,责任确认,按流程配置；默认1个工作日,超时提醒→主管催办→高风险升级,仅退回到可编辑前置节点；关键财务/签署节点不得物理回退,操作者、身份、时间、前后值、原因、附件哈希、设备/IP
P036,退换货,技术后台端,S03,责任确认,隔离,提交/确认/处理/退回/转交（按权限）,退换货审批,1个工作日；高风险按制度,超时提醒→主管催办→高风险升级,仅退回到可编辑前置节点；关键财务/签署节点不得物理回退,操作者、身份、时间、前后值、原因、附件哈希、设备/IP
P036,退换货,技术后台端,S04,退换货审批,责任确认,提交/确认/处理/退回/转交（按权限）,供应商处理,1个工作日；高风险按制度,超时提醒→主管催办→高风险升级,仅退回到可编辑前置节点；关键财务/签署节点不得物理回退,操作者、身份、时间、前后值、原因、附件哈希、设备/IP
P036,退换货,技术后台端,S05,供应商处理,退换货审批,提交/确认/处理/退回/转交（按权限）,重新验收或退款,按流程配置；默认1个工作日,超时提醒→主管催办→高风险升级,仅退回到可编辑前置节点；关键财务/签署节点不得物理回退,操作者、身份、时间、前后值、原因、附件哈希、设备/IP
P036,退换货,技术后台端,S06,重新验收或退款,供应商处理,提交/确认/处理/退回/转交（按权限）,库存财务回写,1个工作日；高风险按制度,超时提醒→主管催办→高风险升级,仅退回到可编辑前置节点；关键财务/签署节点不得物理回退,操作者、身份、时间、前后值、原因、附件哈希、设备/IP
P036,退换货,技术后台端,S07,库存财务回写,重新验收或退款,提交/确认/处理/退回/转交（按权限）,已关闭,按流程配置；默认1个工作日,超时提醒→主管催办→高风险升级,仅退回到可编辑前置节点；关键财务/签署节点不得物理回退,操作者、身份、时间、前后值、原因、附件哈希、设备/IP
P037,售检票闭环,技术后台端,S01,创建订单,流程触发/发起,提交/确认/处理/退回/转交（按权限）,价格规则校验,按流程配置；默认1个工作日,超时提醒→主管催办→高风险升级,仅退回到可编辑前置节点；关键财务/签署节点不得物理回退,操作者、身份、时间、前后值、原因、附件哈希、设备/IP
P037,售检票闭环,技术后台端,S02,价格规则校验,创建订单,提交/确认/处理/退回/转交（按权限）,支付,按流程配置；默认1个工作日,超时提醒→主管催办→高风险升级,仅退回到可编辑前置节点；关键财务/签署节点不得物理回退,操作者、身份、时间、前后值、原因、附件哈希、设备/IP
P037,售检票闭环,技术后台端,S03,支付,价格规则校验,提交/确认/处理/退回/转交（按权限）,出票,T+1个工作日或财务日历,超时提醒→主管催办→高风险升级,仅退回到可编辑前置节点；关键财务/签署节点不得物理回退,操作者、身份、时间、前后值、原因、附件哈希、设备/IP
P037,售检票闭环,技术后台端,S04,出票,支付,提交/确认/处理/退回/转交（按权限）,入园核验,按流程配置；默认1个工作日,超时提醒→主管催办→高风险升级,仅退回到可编辑前置节点；关键财务/签署节点不得物理回退,操作者、身份、时间、前后值、原因、附件哈希、设备/IP
P037,售检票闭环,技术后台端,S05,入园核验,出票,提交/确认/处理/退回/转交（按权限）,核销,按流程配置；默认1个工作日,超时提醒→主管催办→高风险升级,仅退回到可编辑前置节点；关键财务/签署节点不得物理回退,操作者、身份、时间、前后值、原因、附件哈希、设备/IP
P037,售检票闭环,技术后台端,S06,核销,入园核验,提交/确认/处理/退回/转交（按权限）,异常处理,按流程配置；默认1个工作日,超时提醒→主管催办→高风险升级,仅退回到可编辑前置节点；关键财务/签署节点不得物理回退,操作者、身份、时间、前后值、原因、附件哈希、设备/IP
P037,售检票闭环,技术后台端,S07,异常处理,核销,提交/确认/处理/退回/转交（按权限）,日结对账,立即响应；L3/L4 30分钟内升级,超时提醒→主管催办→高风险升级,仅退回到可编辑前置节点；关键财务/签署节点不得物理回退,操作者、身份、时间、前后值、原因、附件哈希、设备/IP
P037,售检票闭环,技术后台端,S08,日结对账,异常处理,提交/确认/处理/退回/转交（按权限）,已关闭,T+1个工作日或财务日历,超时提醒→主管催办→高风险升级,仅退回到可编辑前置节点；关键财务/签署节点不得物理回退,操作者、身份、时间、前后值、原因、附件哈希、设备/IP
P038,退款改签,技术后台端,S01,申请,流程触发/发起,提交/确认/处理/退回/转交（按权限）,规则校验,按流程配置；默认1个工作日,超时提醒→主管催办→高风险升级,仅退回到可编辑前置节点；关键财务/签署节点不得物理回退,操作者、身份、时间、前后值、原因、附件哈希、设备/IP
P038,退款改签,技术后台端,S02,规则校验,申请,提交/确认/处理/退回/转交（按权限）,审批或自动判断,按流程配置；默认1个工作日,超时提醒→主管催办→高风险升级,仅退回到可编辑前置节点；关键财务/签署节点不得物理回退,操作者、身份、时间、前后值、原因、附件哈希、设备/IP
P038,退款改签,技术后台端,S03,审批或自动判断,规则校验,提交/确认/处理/退回/转交（按权限）,票码冻结,1个工作日；高风险按制度,超时提醒→主管催办→高风险升级,仅退回到可编辑前置节点；关键财务/签署节点不得物理回退,操作者、身份、时间、前后值、原因、附件哈希、设备/IP
P038,退款改签,技术后台端,S04,票码冻结,审批或自动判断,提交/确认/处理/退回/转交（按权限）,退款/改签执行,按流程配置；默认1个工作日,超时提醒→主管催办→高风险升级,仅退回到可编辑前置节点；关键财务/签署节点不得物理回退,操作者、身份、时间、前后值、原因、附件哈希、设备/IP
P038,退款改签,技术后台端,S05,退款/改签执行,票码冻结,提交/确认/处理/退回/转交（按权限）,支付回执,T+1个工作日或财务日历,超时提醒→主管催办→高风险升级,仅退回到可编辑前置节点；关键财务/签署节点不得物理回退,操作者、身份、时间、前后值、原因、附件哈希、设备/IP
P038,退款改签,技术后台端,S06,支付回执,退款/改签执行,提交/确认/处理/退回/转交（按权限）,票务与财务冲销,T+1个工作日或财务日历,超时提醒→主管催办→高风险升级,仅退回到可编辑前置节点；关键财务/签署节点不得物理回退,操作者、身份、时间、前后值、原因、附件哈希、设备/IP
P038,退款改签,技术后台端,S07,票务与财务冲销,支付回执,提交/确认/处理/退回/转交（按权限）,已关闭,按流程配置；默认1个工作日,超时提醒→主管催办→高风险升级,仅退回到可编辑前置节点；关键财务/签署节点不得物理回退,操作者、身份、时间、前后值、原因、附件哈希、设备/IP
P039,离线检票,技术后台端,S01,设备离线,流程触发/发起,提交/确认/处理/退回/转交（按权限）,本地白名单核验,按流程配置；默认1个工作日,超时提醒→主管催办→高风险升级,仅退回到可编辑前置节点；关键财务/签署节点不得物理回退,操作者、身份、时间、前后值、原因、附件哈希、设备/IP
P039,离线检票,技术后台端,S02,本地白名单核验,设备离线,提交/确认/处理/退回/转交（按权限）,离线记录,按流程配置；默认1个工作日,超时提醒→主管催办→高风险升级,仅退回到可编辑前置节点；关键财务/签署节点不得物理回退,操作者、身份、时间、前后值、原因、附件哈希、设备/IP
P039,离线检票,技术后台端,S03,离线记录,本地白名单核验,提交/确认/处理/退回/转交（按权限）,网络恢复,按流程配置；默认1个工作日,超时提醒→主管催办→高风险升级,仅退回到可编辑前置节点；关键财务/签署节点不得物理回退,操作者、身份、时间、前后值、原因、附件哈希、设备/IP
P039,离线检票,技术后台端,S04,网络恢复,离线记录,提交/确认/处理/退回/转交（按权限）,批量回传,按流程配置；默认1个工作日,超时提醒→主管催办→高风险升级,仅退回到可编辑前置节点；关键财务/签署节点不得物理回退,操作者、身份、时间、前后值、原因、附件哈希、设备/IP
P039,离线检票,技术后台端,S05,批量回传,网络恢复,提交/确认/处理/退回/转交（按权限）,防重合并,按流程配置；默认1个工作日,超时提醒→主管催办→高风险升级,仅退回到可编辑前置节点；关键财务/签署节点不得物理回退,操作者、身份、时间、前后值、原因、附件哈希、设备/IP
P039,离线检票,技术后台端,S06,防重合并,批量回传,提交/确认/处理/退回/转交（按权限）,差异处理,按流程配置；默认1个工作日,超时提醒→主管催办→高风险升级,仅退回到可编辑前置节点；关键财务/签署节点不得物理回退,操作者、身份、时间、前后值、原因、附件哈希、设备/IP
P039,离线检票,技术后台端,S07,差异处理,防重合并,提交/确认/处理/退回/转交（按权限）,已关闭,按流程配置；默认1个工作日,超时提醒→主管催办→高风险升级,仅退回到可编辑前置节点；关键财务/签署节点不得物理回退,操作者、身份、时间、前后值、原因、附件哈希、设备/IP
P040,商机推进,技术后台端,S01,线索录入,流程触发/发起,提交/确认/处理/退回/转交（按权限）,查重与归属,按流程配置；默认1个工作日,超时提醒→主管催办→高风险升级,仅退回到可编辑前置节点；关键财务/签署节点不得物理回退,操作者、身份、时间、前后值、原因、附件哈希、设备/IP
P040,商机推进,技术后台端,S02,查重与归属,线索录入,提交/确认/处理/退回/转交（按权限）,初步评估,按流程配置；默认1个工作日,超时提醒→主管催办→高风险升级,仅退回到可编辑前置节点；关键财务/签署节点不得物理回退,操作者、身份、时间、前后值、原因、附件哈希、设备/IP
P040,商机推进,技术后台端,S03,初步评估,查重与归属,提交/确认/处理/退回/转交（按权限）,客户沟通,按流程配置；默认1个工作日,超时提醒→主管催办→高风险升级,仅退回到可编辑前置节点；关键财务/签署节点不得物理回退,操作者、身份、时间、前后值、原因、附件哈希、设备/IP
P040,商机推进,技术后台端,S04,客户沟通,初步评估,提交/确认/处理/退回/转交（按权限）,方案与报价,按流程配置；默认1个工作日,超时提醒→主管催办→高风险升级,仅退回到可编辑前置节点；关键财务/签署节点不得物理回退,操作者、身份、时间、前后值、原因、附件哈希、设备/IP
P040,商机推进,技术后台端,S05,方案与报价,客户沟通,提交/确认/处理/退回/转交（按权限）,商务审批,按流程配置；默认1个工作日,超时提醒→主管催办→高风险升级,仅退回到可编辑前置节点；关键财务/签署节点不得物理回退,操作者、身份、时间、前后值、原因、附件哈希、设备/IP
P040,商机推进,技术后台端,S06,商务审批,方案与报价,提交/确认/处理/退回/转交（按权限）,合同协同,1个工作日；高风险按制度,超时提醒→主管催办→高风险升级,仅退回到可编辑前置节点；关键财务/签署节点不得物理回退,操作者、身份、时间、前后值、原因、附件哈希、设备/IP
P040,商机推进,技术后台端,S07,合同协同,商务审批,提交/确认/处理/退回/转交（按权限）,交付移交,按流程配置；默认1个工作日,超时提醒→主管催办→高风险升级,仅退回到可编辑前置节点；关键财务/签署节点不得物理回退,操作者、身份、时间、前后值、原因、附件哈希、设备/IP
P040,商机推进,技术后台端,S08,交付移交,合同协同,提交/确认/处理/退回/转交（按权限）,回款跟踪,按流程配置；默认1个工作日,超时提醒→主管催办→高风险升级,仅退回到可编辑前置节点；关键财务/签署节点不得物理回退,操作者、身份、时间、前后值、原因、附件哈希、设备/IP
P040,商机推进,技术后台端,S09,回款跟踪,交付移交,提交/确认/处理/退回/转交（按权限）,复盘,按流程配置；默认1个工作日,超时提醒→主管催办→高风险升级,仅退回到可编辑前置节点；关键财务/签署节点不得物理回退,操作者、身份、时间、前后值、原因、附件哈希、设备/IP
P040,商机推进,技术后台端,S10,复盘,回款跟踪,提交/确认/处理/退回/转交（按权限）,已关闭,事项关闭后2个工作日,超时提醒→主管催办→高风险升级,仅退回到可编辑前置节点；关键财务/签署节点不得物理回退,操作者、身份、时间、前后值、原因、附件哈希、设备/IP
P041,市场活动,技术后台端,S01,活动立项,流程触发/发起,提交/确认/处理/退回/转交（按权限）,目标与预算,按流程配置；默认1个工作日,超时提醒→主管催办→高风险升级,仅退回到可编辑前置节点；关键财务/签署节点不得物理回退,操作者、身份、时间、前后值、原因、附件哈希、设备/IP
P041,市场活动,技术后台端,S02,目标与预算,活动立项,提交/确认/处理/退回/转交（按权限）,企划协同,按流程配置；默认1个工作日,超时提醒→主管催办→高风险升级,仅退回到可编辑前置节点；关键财务/签署节点不得物理回退,操作者、身份、时间、前后值、原因、附件哈希、设备/IP
P041,市场活动,技术后台端,S03,企划协同,目标与预算,提交/确认/处理/退回/转交（按权限）,新媒体发布,按流程配置；默认1个工作日,超时提醒→主管催办→高风险升级,仅退回到可编辑前置节点；关键财务/签署节点不得物理回退,操作者、身份、时间、前后值、原因、附件哈希、设备/IP
P041,市场活动,技术后台端,S04,新媒体发布,企划协同,提交/确认/处理/退回/转交（按权限）,行政资源,按流程配置；默认1个工作日,超时提醒→主管催办→高风险升级,仅退回到可编辑前置节点；关键财务/签署节点不得物理回退,操作者、身份、时间、前后值、原因、附件哈希、设备/IP
P041,市场活动,技术后台端,S05,行政资源,新媒体发布,提交/确认/处理/退回/转交（按权限）,现场执行,按流程配置；默认1个工作日,超时提醒→主管催办→高风险升级,仅退回到可编辑前置节点；关键财务/签署节点不得物理回退,操作者、身份、时间、前后值、原因、附件哈希、设备/IP
P041,市场活动,技术后台端,S06,现场执行,行政资源,提交/确认/处理/退回/转交（按权限）,线索回收,按计划时点/班次完成,超时提醒→主管催办→高风险升级,仅退回到可编辑前置节点；关键财务/签署节点不得物理回退,操作者、身份、时间、前后值、原因、附件哈希、设备/IP
P041,市场活动,技术后台端,S07,线索回收,现场执行,提交/确认/处理/退回/转交（按权限）,费用对账,按流程配置；默认1个工作日,超时提醒→主管催办→高风险升级,仅退回到可编辑前置节点；关键财务/签署节点不得物理回退,操作者、身份、时间、前后值、原因、附件哈希、设备/IP
P041,市场活动,技术后台端,S08,费用对账,线索回收,提交/确认/处理/退回/转交（按权限）,效果复盘,T+1个工作日或财务日历,超时提醒→主管催办→高风险升级,仅退回到可编辑前置节点；关键财务/签署节点不得物理回退,操作者、身份、时间、前后值、原因、附件哈希、设备/IP
P041,市场活动,技术后台端,S09,效果复盘,费用对账,提交/确认/处理/退回/转交（按权限）,已关闭,事项关闭后2个工作日,超时提醒→主管催办→高风险升级,仅退回到可编辑前置节点；关键财务/签署节点不得物理回退,操作者、身份、时间、前后值、原因、附件哈希、设备/IP
P042,渠道准入,技术后台端,S01,渠道申请,流程触发/发起,提交/确认/处理/退回/转交（按权限）,资质核验,按流程配置；默认1个工作日,超时提醒→主管催办→高风险升级,仅退回到可编辑前置节点；关键财务/签署节点不得物理回退,操作者、身份、时间、前后值、原因、附件哈希、设备/IP
P042,渠道准入,技术后台端,S02,资质核验,渠道申请,提交/确认/处理/退回/转交（按权限）,风险评估,按流程配置；默认1个工作日,超时提醒→主管催办→高风险升级,仅退回到可编辑前置节点；关键财务/签署节点不得物理回退,操作者、身份、时间、前后值、原因、附件哈希、设备/IP
P042,渠道准入,技术后台端,S03,风险评估,资质核验,提交/确认/处理/退回/转交（按权限）,合作审批,立即响应；L3/L4 30分钟内升级,超时提醒→主管催办→高风险升级,仅退回到可编辑前置节点；关键财务/签署节点不得物理回退,操作者、身份、时间、前后值、原因、附件哈希、设备/IP
P042,渠道准入,技术后台端,S04,合作审批,风险评估,提交/确认/处理/退回/转交（按权限）,合同签署,1个工作日；高风险按制度,超时提醒→主管催办→高风险升级,仅退回到可编辑前置节点；关键财务/签署节点不得物理回退,操作者、身份、时间、前后值、原因、附件哈希、设备/IP
P042,渠道准入,技术后台端,S05,合同签署,合作审批,提交/确认/处理/退回/转交（按权限）,账号与价格权限,按流程配置；默认1个工作日,超时提醒→主管催办→高风险升级,仅退回到可编辑前置节点；关键财务/签署节点不得物理回退,操作者、身份、时间、前后值、原因、附件哈希、设备/IP
P042,渠道准入,技术后台端,S06,账号与价格权限,合同签署,提交/确认/处理/退回/转交（按权限）,观察期,按流程配置；默认1个工作日,超时提醒→主管催办→高风险升级,仅退回到可编辑前置节点；关键财务/签署节点不得物理回退,操作者、身份、时间、前后值、原因、附件哈希、设备/IP
P042,渠道准入,技术后台端,S07,观察期,账号与价格权限,提交/确认/处理/退回/转交（按权限）,正式评级,按流程配置；默认1个工作日,超时提醒→主管催办→高风险升级,仅退回到可编辑前置节点；关键财务/签署节点不得物理回退,操作者、身份、时间、前后值、原因、附件哈希、设备/IP
P042,渠道准入,技术后台端,S08,正式评级,观察期,提交/确认/处理/退回/转交（按权限）,已关闭,按流程配置；默认1个工作日,超时提醒→主管催办→高风险升级,仅退回到可编辑前置节点；关键财务/签署节点不得物理回退,操作者、身份、时间、前后值、原因、附件哈希、设备/IP
P043,课程产品上线,技术后台端,S01,需求调研,流程触发/发起,提交/确认/处理/退回/转交（按权限）,课程设计,按流程配置；默认1个工作日,超时提醒→主管催办→高风险升级,仅退回到可编辑前置节点；关键财务/签署节点不得物理回退,操作者、身份、时间、前后值、原因、附件哈希、设备/IP
P043,课程产品上线,技术后台端,S02,课程设计,需求调研,提交/确认/处理/退回/转交（按权限）,内容与安全评审,按流程配置；默认1个工作日,超时提醒→主管催办→高风险升级,仅退回到可编辑前置节点；关键财务/签署节点不得物理回退,操作者、身份、时间、前后值、原因、附件哈希、设备/IP
P043,课程产品上线,技术后台端,S03,内容与安全评审,课程设计,提交/确认/处理/退回/转交（按权限）,成本定价,1个工作日；高风险按制度,超时提醒→主管催办→高风险升级,仅退回到可编辑前置节点；关键财务/签署节点不得物理回退,操作者、身份、时间、前后值、原因、附件哈希、设备/IP
P043,课程产品上线,技术后台端,S04,成本定价,内容与安全评审,提交/确认/处理/退回/转交（按权限）,试讲,按流程配置；默认1个工作日,超时提醒→主管催办→高风险升级,仅退回到可编辑前置节点；关键财务/签署节点不得物理回退,操作者、身份、时间、前后值、原因、附件哈希、设备/IP
P043,课程产品上线,技术后台端,S05,试讲,成本定价,提交/确认/处理/退回/转交（按权限）,版本批准,按流程配置；默认1个工作日,超时提醒→主管催办→高风险升级,仅退回到可编辑前置节点；关键财务/签署节点不得物理回退,操作者、身份、时间、前后值、原因、附件哈希、设备/IP
P043,课程产品上线,技术后台端,S06,版本批准,试讲,提交/确认/处理/退回/转交（按权限）,发布,按流程配置；默认1个工作日,超时提醒→主管催办→高风险升级,仅退回到可编辑前置节点；关键财务/签署节点不得物理回退,操作者、身份、时间、前后值、原因、附件哈希、设备/IP
P043,课程产品上线,技术后台端,S07,发布,版本批准,提交/确认/处理/退回/转交（按权限）,复审,按流程配置；默认1个工作日,超时提醒→主管催办→高风险升级,仅退回到可编辑前置节点；关键财务/签署节点不得物理回退,操作者、身份、时间、前后值、原因、附件哈希、设备/IP
P043,课程产品上线,技术后台端,S08,复审,发布,提交/确认/处理/退回/转交（按权限）,已关闭,按流程配置；默认1个工作日,超时提醒→主管催办→高风险升级,仅退回到可编辑前置节点；关键财务/签署节点不得物理回退,操作者、身份、时间、前后值、原因、附件哈希、设备/IP
P044,研学团队交付,技术后台端,S01,订单确认,流程触发/发起,提交/确认/处理/退回/转交（按权限）,团队与需求核验,1个工作日；高风险按制度,超时提醒→主管催办→高风险升级,仅退回到可编辑前置节点；关键财务/签署节点不得物理回退,操作者、身份、时间、前后值、原因、附件哈希、设备/IP
P044,研学团队交付,技术后台端,S02,团队与需求核验,订单确认,提交/确认/处理/退回/转交（按权限）,排课,按流程配置；默认1个工作日,超时提醒→主管催办→高风险升级,仅退回到可编辑前置节点；关键财务/签署节点不得物理回退,操作者、身份、时间、前后值、原因、附件哈希、设备/IP
P044,研学团队交付,技术后台端,S03,排课,团队与需求核验,提交/确认/处理/退回/转交（按权限）,资源子单,按流程配置；默认1个工作日,超时提醒→主管催办→高风险升级,仅退回到可编辑前置节点；关键财务/签署节点不得物理回退,操作者、身份、时间、前后值、原因、附件哈希、设备/IP
P044,研学团队交付,技术后台端,S04,资源子单,排课,提交/确认/处理/退回/转交（按权限）,行前确认,按流程配置；默认1个工作日,超时提醒→主管催办→高风险升级,仅退回到可编辑前置节点；关键财务/签署节点不得物理回退,操作者、身份、时间、前后值、原因、附件哈希、设备/IP
P044,研学团队交付,技术后台端,S05,行前确认,资源子单,提交/确认/处理/退回/转交（按权限）,签到,1个工作日；高风险按制度,超时提醒→主管催办→高风险升级,仅退回到可编辑前置节点；关键财务/签署节点不得物理回退,操作者、身份、时间、前后值、原因、附件哈希、设备/IP
P044,研学团队交付,技术后台端,S06,签到,行前确认,提交/确认/处理/退回/转交（按权限）,教学与实操,按流程配置；默认1个工作日,超时提醒→主管催办→高风险升级,仅退回到可编辑前置节点；关键财务/签署节点不得物理回退,操作者、身份、时间、前后值、原因、附件哈希、设备/IP
P044,研学团队交付,技术后台端,S07,教学与实操,签到,提交/确认/处理/退回/转交（按权限）,异常处理,按流程配置；默认1个工作日,超时提醒→主管催办→高风险升级,仅退回到可编辑前置节点；关键财务/签署节点不得物理回退,操作者、身份、时间、前后值、原因、附件哈希、设备/IP
P044,研学团队交付,技术后台端,S08,异常处理,教学与实操,提交/确认/处理/退回/转交（按权限）,评价,立即响应；L3/L4 30分钟内升级,超时提醒→主管催办→高风险升级,仅退回到可编辑前置节点；关键财务/签署节点不得物理回退,操作者、身份、时间、前后值、原因、附件哈希、设备/IP
P044,研学团队交付,技术后台端,S09,评价,异常处理,提交/确认/处理/退回/转交（按权限）,结算归档,按流程配置；默认1个工作日,超时提醒→主管催办→高风险升级,仅退回到可编辑前置节点；关键财务/签署节点不得物理回退,操作者、身份、时间、前后值、原因、附件哈希、设备/IP
P044,研学团队交付,技术后台端,S10,结算归档,评价,提交/确认/处理/退回/转交（按权限）,已关闭,T+1个工作日或财务日历,超时提醒→主管催办→高风险升级,仅退回到可编辑前置节点；关键财务/签署节点不得物理回退,操作者、身份、时间、前后值、原因、附件哈希、设备/IP
P045,讲师排课,技术后台端,S01,课程需求,流程触发/发起,提交/确认/处理/退回/转交（按权限）,资格校验,按流程配置；默认1个工作日,超时提醒→主管催办→高风险升级,仅退回到可编辑前置节点；关键财务/签署节点不得物理回退,操作者、身份、时间、前后值、原因、附件哈希、设备/IP
P045,讲师排课,技术后台端,S02,资格校验,课程需求,提交/确认/处理/退回/转交（按权限）,可用时间,按流程配置；默认1个工作日,超时提醒→主管催办→高风险升级,仅退回到可编辑前置节点；关键财务/签署节点不得物理回退,操作者、身份、时间、前后值、原因、附件哈希、设备/IP
P045,讲师排课,技术后台端,S03,可用时间,资格校验,提交/确认/处理/退回/转交（按权限）,排课锁定,按流程配置；默认1个工作日,超时提醒→主管催办→高风险升级,仅退回到可编辑前置节点；关键财务/签署节点不得物理回退,操作者、身份、时间、前后值、原因、附件哈希、设备/IP
P045,讲师排课,技术后台端,S04,排课锁定,可用时间,提交/确认/处理/退回/转交（按权限）,讲师确认,按流程配置；默认1个工作日,超时提醒→主管催办→高风险升级,仅退回到可编辑前置节点；关键财务/签署节点不得物理回退,操作者、身份、时间、前后值、原因、附件哈希、设备/IP
P045,讲师排课,技术后台端,S05,讲师确认,排课锁定,提交/确认/处理/退回/转交（按权限）,替补预案,1个工作日；高风险按制度,超时提醒→主管催办→高风险升级,仅退回到可编辑前置节点；关键财务/签署节点不得物理回退,操作者、身份、时间、前后值、原因、附件哈希、设备/IP
P045,讲师排课,技术后台端,S06,替补预案,讲师确认,提交/确认/处理/退回/转交（按权限）,授课记录,按流程配置；默认1个工作日,超时提醒→主管催办→高风险升级,仅退回到可编辑前置节点；关键财务/签署节点不得物理回退,操作者、身份、时间、前后值、原因、附件哈希、设备/IP
P045,讲师排课,技术后台端,S07,授课记录,替补预案,提交/确认/处理/退回/转交（按权限）,评价回写,按计划时点/班次完成,超时提醒→主管催办→高风险升级,仅退回到可编辑前置节点；关键财务/签署节点不得物理回退,操作者、身份、时间、前后值、原因、附件哈希、设备/IP
P045,讲师排课,技术后台端,S08,评价回写,授课记录,提交/确认/处理/退回/转交（按权限）,已关闭,按流程配置；默认1个工作日,超时提醒→主管催办→高风险升级,仅退回到可编辑前置节点；关键财务/签署节点不得物理回退,操作者、身份、时间、前后值、原因、附件哈希、设备/IP
P046,通知执行,技术后台端,S01,起草,流程触发/发起,提交/确认/处理/退回/转交（按权限）,审核,按流程配置；默认1个工作日,超时提醒→主管催办→高风险升级,仅退回到可编辑前置节点；关键财务/签署节点不得物理回退,操作者、身份、时间、前后值、原因、附件哈希、设备/IP
P046,通知执行,技术后台端,S02,审核,起草,提交/确认/处理/退回/转交（按权限）,发布,1个工作日；高风险按制度,超时提醒→主管催办→高风险升级,仅退回到可编辑前置节点；关键财务/签署节点不得物理回退,操作者、身份、时间、前后值、原因、附件哈希、设备/IP
P046,通知执行,技术后台端,S03,发布,审核,提交/确认/处理/退回/转交（按权限）,送达,按流程配置；默认1个工作日,超时提醒→主管催办→高风险升级,仅退回到可编辑前置节点；关键财务/签署节点不得物理回退,操作者、身份、时间、前后值、原因、附件哈希、设备/IP
P046,通知执行,技术后台端,S04,送达,发布,提交/确认/处理/退回/转交（按权限）,阅读/确认,按流程配置；默认1个工作日,超时提醒→主管催办→高风险升级,仅退回到可编辑前置节点；关键财务/签署节点不得物理回退,操作者、身份、时间、前后值、原因、附件哈希、设备/IP
P046,通知执行,技术后台端,S05,阅读/确认,送达,提交/确认/处理/退回/转交（按权限）,执行反馈,1个工作日；高风险按制度,超时提醒→主管催办→高风险升级,仅退回到可编辑前置节点；关键财务/签署节点不得物理回退,操作者、身份、时间、前后值、原因、附件哈希、设备/IP
P046,通知执行,技术后台端,S06,执行反馈,阅读/确认,提交/确认/处理/退回/转交（按权限）,责任人验收,按计划时点/班次完成,超时提醒→主管催办→高风险升级,仅退回到可编辑前置节点；关键财务/签署节点不得物理回退,操作者、身份、时间、前后值、原因、附件哈希、设备/IP
P046,通知执行,技术后台端,S07,责任人验收,执行反馈,提交/确认/处理/退回/转交（按权限）,归档,1个工作日；高风险按制度,超时提醒→主管催办→高风险升级,仅退回到可编辑前置节点；关键财务/签署节点不得物理回退,操作者、身份、时间、前后值、原因、附件哈希、设备/IP
P046,通知执行,技术后台端,S08,归档,责任人验收,提交/确认/处理/退回/转交（按权限）,已关闭,事项关闭后2个工作日,超时提醒→主管催办→高风险升级,仅退回到可编辑前置节点；关键财务/签署节点不得物理回退,操作者、身份、时间、前后值、原因、附件哈希、设备/IP
P047,正式公文,技术后台端,S01,起草,流程触发/发起,提交/确认/处理/退回/转交（按权限）,专业审核,按流程配置；默认1个工作日,超时提醒→主管催办→高风险升级,仅退回到可编辑前置节点；关键财务/签署节点不得物理回退,操作者、身份、时间、前后值、原因、附件哈希、设备/IP
P047,正式公文,技术后台端,S02,专业审核,起草,提交/确认/处理/退回/转交（按权限）,会签,1个工作日；高风险按制度,超时提醒→主管催办→高风险升级,仅退回到可编辑前置节点；关键财务/签署节点不得物理回退,操作者、身份、时间、前后值、原因、附件哈希、设备/IP
P047,正式公文,技术后台端,S03,会签,专业审核,提交/确认/处理/退回/转交（按权限）,签发,按流程配置；默认1个工作日,超时提醒→主管催办→高风险升级,仅退回到可编辑前置节点；关键财务/签署节点不得物理回退,操作者、身份、时间、前后值、原因、附件哈希、设备/IP
P047,正式公文,技术后台端,S04,签发,会签,提交/确认/处理/退回/转交（按权限）,编号,按流程配置；默认1个工作日,超时提醒→主管催办→高风险升级,仅退回到可编辑前置节点；关键财务/签署节点不得物理回退,操作者、身份、时间、前后值、原因、附件哈希、设备/IP
P047,正式公文,技术后台端,S05,编号,签发,提交/确认/处理/退回/转交（按权限）,盖章,按流程配置；默认1个工作日,超时提醒→主管催办→高风险升级,仅退回到可编辑前置节点；关键财务/签署节点不得物理回退,操作者、身份、时间、前后值、原因、附件哈希、设备/IP
P047,正式公文,技术后台端,S06,盖章,编号,提交/确认/处理/退回/转交（按权限）,分发,按流程配置；默认1个工作日,超时提醒→主管催办→高风险升级,仅退回到可编辑前置节点；关键财务/签署节点不得物理回退,操作者、身份、时间、前后值、原因、附件哈希、设备/IP
P047,正式公文,技术后台端,S07,分发,盖章,提交/确认/处理/退回/转交（按权限）,回执,按流程配置；默认1个工作日,超时提醒→主管催办→高风险升级,仅退回到可编辑前置节点；关键财务/签署节点不得物理回退,操作者、身份、时间、前后值、原因、附件哈希、设备/IP
P047,正式公文,技术后台端,S08,回执,分发,提交/确认/处理/退回/转交（按权限）,移交档案,按流程配置；默认1个工作日,超时提醒→主管催办→高风险升级,仅退回到可编辑前置节点；关键财务/签署节点不得物理回退,操作者、身份、时间、前后值、原因、附件哈希、设备/IP
P047,正式公文,技术后台端,S09,移交档案,回执,提交/确认/处理/退回/转交（按权限）,已关闭,按流程配置；默认1个工作日,超时提醒→主管催办→高风险升级,仅退回到可编辑前置节点；关键财务/签署节点不得物理回退,操作者、身份、时间、前后值、原因、附件哈希、设备/IP
P048,会议行动,技术后台端,S01,议题征集,流程触发/发起,提交/确认/处理/退回/转交（按权限）,材料检查,按流程配置；默认1个工作日,超时提醒→主管催办→高风险升级,仅退回到可编辑前置节点；关键财务/签署节点不得物理回退,操作者、身份、时间、前后值、原因、附件哈希、设备/IP
P048,会议行动,技术后台端,S02,材料检查,议题征集,提交/确认/处理/退回/转交（按权限）,会议发布,按流程配置；默认1个工作日,超时提醒→主管催办→高风险升级,仅退回到可编辑前置节点；关键财务/签署节点不得物理回退,操作者、身份、时间、前后值、原因、附件哈希、设备/IP
P048,会议行动,技术后台端,S03,会议发布,材料检查,提交/确认/处理/退回/转交（按权限）,签到,按流程配置；默认1个工作日,超时提醒→主管催办→高风险升级,仅退回到可编辑前置节点；关键财务/签署节点不得物理回退,操作者、身份、时间、前后值、原因、附件哈希、设备/IP
P048,会议行动,技术后台端,S04,签到,会议发布,提交/确认/处理/退回/转交（按权限）,召开,按流程配置；默认1个工作日,超时提醒→主管催办→高风险升级,仅退回到可编辑前置节点；关键财务/签署节点不得物理回退,操作者、身份、时间、前后值、原因、附件哈希、设备/IP
P048,会议行动,技术后台端,S05,召开,签到,提交/确认/处理/退回/转交（按权限）,纪要确认,按流程配置；默认1个工作日,超时提醒→主管催办→高风险升级,仅退回到可编辑前置节点；关键财务/签署节点不得物理回退,操作者、身份、时间、前后值、原因、附件哈希、设备/IP
P048,会议行动,技术后台端,S06,纪要确认,召开,提交/确认/处理/退回/转交（按权限）,行动项,1个工作日；高风险按制度,超时提醒→主管催办→高风险升级,仅退回到可编辑前置节点；关键财务/签署节点不得物理回退,操作者、身份、时间、前后值、原因、附件哈希、设备/IP
P048,会议行动,技术后台端,S07,行动项,纪要确认,提交/确认/处理/退回/转交（按权限）,执行,按流程配置；默认1个工作日,超时提醒→主管催办→高风险升级,仅退回到可编辑前置节点；关键财务/签署节点不得物理回退,操作者、身份、时间、前后值、原因、附件哈希、设备/IP
P048,会议行动,技术后台端,S08,执行,行动项,提交/确认/处理/退回/转交（按权限）,验收,按计划时点/班次完成,超时提醒→主管催办→高风险升级,仅退回到可编辑前置节点；关键财务/签署节点不得物理回退,操作者、身份、时间、前后值、原因、附件哈希、设备/IP
P048,会议行动,技术后台端,S09,验收,执行,提交/确认/处理/退回/转交（按权限）,归档,1个工作日；高风险按制度,超时提醒→主管催办→高风险升级,仅退回到可编辑前置节点；关键财务/签署节点不得物理回退,操作者、身份、时间、前后值、原因、附件哈希、设备/IP
P048,会议行动,技术后台端,S10,归档,验收,提交/确认/处理/退回/转交（按权限）,已关闭,事项关闭后2个工作日,超时提醒→主管催办→高风险升级,仅退回到可编辑前置节点；关键财务/签署节点不得物理回退,操作者、身份、时间、前后值、原因、附件哈希、设备/IP
P049,大型活动,技术后台端,S01,立项,流程触发/发起,提交/确认/处理/退回/转交（按权限）,项目组织,按流程配置；默认1个工作日,超时提醒→主管催办→高风险升级,仅退回到可编辑前置节点；关键财务/签署节点不得物理回退,操作者、身份、时间、前后值、原因、附件哈希、设备/IP
P049,大型活动,技术后台端,S02,项目组织,立项,提交/确认/处理/退回/转交（按权限）,唯一任务清单,按流程配置；默认1个工作日,超时提醒→主管催办→高风险升级,仅退回到可编辑前置节点；关键财务/签署节点不得物理回退,操作者、身份、时间、前后值、原因、附件哈希、设备/IP
P049,大型活动,技术后台端,S03,唯一任务清单,项目组织,提交/确认/处理/退回/转交（按权限）,资源子单,按流程配置；默认1个工作日,超时提醒→主管催办→高风险升级,仅退回到可编辑前置节点；关键财务/签署节点不得物理回退,操作者、身份、时间、前后值、原因、附件哈希、设备/IP
P049,大型活动,技术后台端,S04,资源子单,唯一任务清单,提交/确认/处理/退回/转交（按权限）,变更控制,按流程配置；默认1个工作日,超时提醒→主管催办→高风险升级,仅退回到可编辑前置节点；关键财务/签署节点不得物理回退,操作者、身份、时间、前后值、原因、附件哈希、设备/IP
P049,大型活动,技术后台端,S05,变更控制,资源子单,提交/确认/处理/退回/转交（按权限）,现场执行,按流程配置；默认1个工作日,超时提醒→主管催办→高风险升级,仅退回到可编辑前置节点；关键财务/签署节点不得物理回退,操作者、身份、时间、前后值、原因、附件哈希、设备/IP
P049,大型活动,技术后台端,S06,现场执行,变更控制,提交/确认/处理/退回/转交（按权限）,撤场清点,按计划时点/班次完成,超时提醒→主管催办→高风险升级,仅退回到可编辑前置节点；关键财务/签署节点不得物理回退,操作者、身份、时间、前后值、原因、附件哈希、设备/IP
P049,大型活动,技术后台端,S07,撤场清点,现场执行,提交/确认/处理/退回/转交（按权限）,复盘整改,按流程配置；默认1个工作日,超时提醒→主管催办→高风险升级,仅退回到可编辑前置节点；关键财务/签署节点不得物理回退,操作者、身份、时间、前后值、原因、附件哈希、设备/IP
P049,大型活动,技术后台端,S08,复盘整改,撤场清点,提交/确认/处理/退回/转交（按权限）,已关闭,事项关闭后2个工作日,超时提醒→主管催办→高风险升级,仅退回到可编辑前置节点；关键财务/签署节点不得物理回退,操作者、身份、时间、前后值、原因、附件哈希、设备/IP
P050,入库,技术后台端,S01,到货,流程触发/发起,提交/确认/处理/退回/转交（按权限）,数量外观初验,按流程配置；默认1个工作日,超时提醒→主管催办→高风险升级,仅退回到可编辑前置节点；关键财务/签署节点不得物理回退,操作者、身份、时间、前后值、原因、附件哈希、设备/IP
P050,入库,技术后台端,S02,数量外观初验,到货,提交/确认/处理/退回/转交（按权限）,专业验收,按流程配置；默认1个工作日,超时提醒→主管催办→高风险升级,仅退回到可编辑前置节点；关键财务/签署节点不得物理回退,操作者、身份、时间、前后值、原因、附件哈希、设备/IP
P050,入库,技术后台端,S03,专业验收,数量外观初验,提交/确认/处理/退回/转交（按权限）,不合格隔离,1个工作日；高风险按制度,超时提醒→主管催办→高风险升级,仅退回到可编辑前置节点；关键财务/签署节点不得物理回退,操作者、身份、时间、前后值、原因、附件哈希、设备/IP
P050,入库,技术后台端,S04,不合格隔离,专业验收,提交/确认/处理/退回/转交（按权限）,批次或资产编码,按流程配置；默认1个工作日,超时提醒→主管催办→高风险升级,仅退回到可编辑前置节点；关键财务/签署节点不得物理回退,操作者、身份、时间、前后值、原因、附件哈希、设备/IP
P050,入库,技术后台端,S05,批次或资产编码,不合格隔离,提交/确认/处理/退回/转交（按权限）,上架,按流程配置；默认1个工作日,超时提醒→主管催办→高风险升级,仅退回到可编辑前置节点；关键财务/签署节点不得物理回退,操作者、身份、时间、前后值、原因、附件哈希、设备/IP
P050,入库,技术后台端,S06,上架,批次或资产编码,提交/确认/处理/退回/转交（按权限）,库存流水,按流程配置；默认1个工作日,超时提醒→主管催办→高风险升级,仅退回到可编辑前置节点；关键财务/签署节点不得物理回退,操作者、身份、时间、前后值、原因、附件哈希、设备/IP
P050,入库,技术后台端,S07,库存流水,上架,提交/确认/处理/退回/转交（按权限）,归档,按流程配置；默认1个工作日,超时提醒→主管催办→高风险升级,仅退回到可编辑前置节点；关键财务/签署节点不得物理回退,操作者、身份、时间、前后值、原因、附件哈希、设备/IP
P050,入库,技术后台端,S08,归档,库存流水,提交/确认/处理/退回/转交（按权限）,已关闭,事项关闭后2个工作日,超时提醒→主管催办→高风险升级,仅退回到可编辑前置节点；关键财务/签署节点不得物理回退,操作者、身份、时间、前后值、原因、附件哈希、设备/IP
P051,领借调还,技术后台端,S01,申请,流程触发/发起,提交/确认/处理/退回/转交（按权限）,审批,按流程配置；默认1个工作日,超时提醒→主管催办→高风险升级,仅退回到可编辑前置节点；关键财务/签署节点不得物理回退,操作者、身份、时间、前后值、原因、附件哈希、设备/IP
P051,领借调还,技术后台端,S02,审批,申请,提交/确认/处理/退回/转交（按权限）,可用性锁定,1个工作日；高风险按制度,超时提醒→主管催办→高风险升级,仅退回到可编辑前置节点；关键财务/签署节点不得物理回退,操作者、身份、时间、前后值、原因、附件哈希、设备/IP
P051,领借调还,技术后台端,S03,可用性锁定,审批,提交/确认/处理/退回/转交（按权限）,出库/交付,按流程配置；默认1个工作日,超时提醒→主管催办→高风险升级,仅退回到可编辑前置节点；关键财务/签署节点不得物理回退,操作者、身份、时间、前后值、原因、附件哈希、设备/IP
P051,领借调还,技术后台端,S04,出库/交付,可用性锁定,提交/确认/处理/退回/转交（按权限）,责任签收,按流程配置；默认1个工作日,超时提醒→主管催办→高风险升级,仅退回到可编辑前置节点；关键财务/签署节点不得物理回退,操作者、身份、时间、前后值、原因、附件哈希、设备/IP
P051,领借调还,技术后台端,S05,责任签收,出库/交付,提交/确认/处理/退回/转交（按权限）,使用,按流程配置；默认1个工作日,超时提醒→主管催办→高风险升级,仅退回到可编辑前置节点；关键财务/签署节点不得物理回退,操作者、身份、时间、前后值、原因、附件哈希、设备/IP
P051,领借调还,技术后台端,S06,使用,责任签收,提交/确认/处理/退回/转交（按权限）,归还或调拨,按流程配置；默认1个工作日,超时提醒→主管催办→高风险升级,仅退回到可编辑前置节点；关键财务/签署节点不得物理回退,操作者、身份、时间、前后值、原因、附件哈希、设备/IP
P051,领借调还,技术后台端,S07,归还或调拨,使用,提交/确认/处理/退回/转交（按权限）,状态验收,按流程配置；默认1个工作日,超时提醒→主管催办→高风险升级,仅退回到可编辑前置节点；关键财务/签署节点不得物理回退,操作者、身份、时间、前后值、原因、附件哈希、设备/IP
P051,领借调还,技术后台端,S08,状态验收,归还或调拨,提交/确认/处理/退回/转交（按权限）,已关闭,1个工作日；高风险按制度,超时提醒→主管催办→高风险升级,仅退回到可编辑前置节点；关键财务/签署节点不得物理回退,操作者、身份、时间、前后值、原因、附件哈希、设备/IP
P052,盘点,技术后台端,S01,计划,流程触发/发起,提交/确认/处理/退回/转交（按权限）,冻结范围,按流程配置；默认1个工作日,超时提醒→主管催办→高风险升级,仅退回到可编辑前置节点；关键财务/签署节点不得物理回退,操作者、身份、时间、前后值、原因、附件哈希、设备/IP
P052,盘点,技术后台端,S02,冻结范围,计划,提交/确认/处理/退回/转交（按权限）,实盘,按流程配置；默认1个工作日,超时提醒→主管催办→高风险升级,仅退回到可编辑前置节点；关键财务/签署节点不得物理回退,操作者、身份、时间、前后值、原因、附件哈希、设备/IP
P052,盘点,技术后台端,S03,实盘,冻结范围,提交/确认/处理/退回/转交（按权限）,差异,按流程配置；默认1个工作日,超时提醒→主管催办→高风险升级,仅退回到可编辑前置节点；关键财务/签署节点不得物理回退,操作者、身份、时间、前后值、原因、附件哈希、设备/IP
P052,盘点,技术后台端,S04,差异,实盘,提交/确认/处理/退回/转交（按权限）,原因调查,按流程配置；默认1个工作日,超时提醒→主管催办→高风险升级,仅退回到可编辑前置节点；关键财务/签署节点不得物理回退,操作者、身份、时间、前后值、原因、附件哈希、设备/IP
P052,盘点,技术后台端,S05,原因调查,差异,提交/确认/处理/退回/转交（按权限）,审批,按流程配置；默认1个工作日,超时提醒→主管催办→高风险升级,仅退回到可编辑前置节点；关键财务/签署节点不得物理回退,操作者、身份、时间、前后值、原因、附件哈希、设备/IP
P052,盘点,技术后台端,S06,审批,原因调查,提交/确认/处理/退回/转交（按权限）,调整流水,1个工作日；高风险按制度,超时提醒→主管催办→高风险升级,仅退回到可编辑前置节点；关键财务/签署节点不得物理回退,操作者、身份、时间、前后值、原因、附件哈希、设备/IP
P052,盘点,技术后台端,S07,调整流水,审批,提交/确认/处理/退回/转交（按权限）,整改,按流程配置；默认1个工作日,超时提醒→主管催办→高风险升级,仅退回到可编辑前置节点；关键财务/签署节点不得物理回退,操作者、身份、时间、前后值、原因、附件哈希、设备/IP
P052,盘点,技术后台端,S08,整改,调整流水,提交/确认/处理/退回/转交（按权限）,解冻,按流程配置；默认1个工作日,超时提醒→主管催办→高风险升级,仅退回到可编辑前置节点；关键财务/签署节点不得物理回退,操作者、身份、时间、前后值、原因、附件哈希、设备/IP
P052,盘点,技术后台端,S09,解冻,整改,提交/确认/处理/退回/转交（按权限）,已关闭,按流程配置；默认1个工作日,超时提醒→主管催办→高风险升级,仅退回到可编辑前置节点；关键财务/签署节点不得物理回退,操作者、身份、时间、前后值、原因、附件哈希、设备/IP
P053,报废处置,技术后台端,S01,申请,流程触发/发起,提交/确认/处理/退回/转交（按权限）,专业鉴定,按流程配置；默认1个工作日,超时提醒→主管催办→高风险升级,仅退回到可编辑前置节点；关键财务/签署节点不得物理回退,操作者、身份、时间、前后值、原因、附件哈希、设备/IP
P053,报废处置,技术后台端,S02,专业鉴定,申请,提交/确认/处理/退回/转交（按权限）,价值与数据风险评估,按流程配置；默认1个工作日,超时提醒→主管催办→高风险升级,仅退回到可编辑前置节点；关键财务/签署节点不得物理回退,操作者、身份、时间、前后值、原因、附件哈希、设备/IP
P053,报废处置,技术后台端,S03,价值与数据风险评估,专业鉴定,提交/确认/处理/退回/转交（按权限）,审批,立即响应；L3/L4 30分钟内升级,超时提醒→主管催办→高风险升级,仅退回到可编辑前置节点；关键财务/签署节点不得物理回退,操作者、身份、时间、前后值、原因、附件哈希、设备/IP
P053,报废处置,技术后台端,S04,审批,价值与数据风险评估,提交/确认/处理/退回/转交（按权限）,数据清除,1个工作日；高风险按制度,超时提醒→主管催办→高风险升级,仅退回到可编辑前置节点；关键财务/签署节点不得物理回退,操作者、身份、时间、前后值、原因、附件哈希、设备/IP
P053,报废处置,技术后台端,S05,数据清除,审批,提交/确认/处理/退回/转交（按权限）,实物处置,按流程配置；默认1个工作日,超时提醒→主管催办→高风险升级,仅退回到可编辑前置节点；关键财务/签署节点不得物理回退,操作者、身份、时间、前后值、原因、附件哈希、设备/IP
P053,报废处置,技术后台端,S06,实物处置,数据清除,提交/确认/处理/退回/转交（按权限）,财务台账更新,按流程配置；默认1个工作日,超时提醒→主管催办→高风险升级,仅退回到可编辑前置节点；关键财务/签署节点不得物理回退,操作者、身份、时间、前后值、原因、附件哈希、设备/IP
P053,报废处置,技术后台端,S07,财务台账更新,实物处置,提交/确认/处理/退回/转交（按权限）,归档,按流程配置；默认1个工作日,超时提醒→主管催办→高风险升级,仅退回到可编辑前置节点；关键财务/签署节点不得物理回退,操作者、身份、时间、前后值、原因、附件哈希、设备/IP
P053,报废处置,技术后台端,S08,归档,财务台账更新,提交/确认/处理/退回/转交（按权限）,已关闭,事项关闭后2个工作日,超时提醒→主管催办→高风险升级,仅退回到可编辑前置节点；关键财务/签署节点不得物理回退,操作者、身份、时间、前后值、原因、附件哈希、设备/IP
P054,派车,技术后台端,S01,用车申请,流程触发/发起,提交/确认/处理/退回/转交（按权限）,审批,按流程配置；默认1个工作日,超时提醒→主管催办→高风险升级,仅退回到可编辑前置节点；关键财务/签署节点不得物理回退,操作者、身份、时间、前后值、原因、附件哈希、设备/IP
P054,派车,技术后台端,S02,审批,用车申请,提交/确认/处理/退回/转交（按权限）,车辆与驾驶员匹配,1个工作日；高风险按制度,超时提醒→主管催办→高风险升级,仅退回到可编辑前置节点；关键财务/签署节点不得物理回退,操作者、身份、时间、前后值、原因、附件哈希、设备/IP
P054,派车,技术后台端,S03,车辆与驾驶员匹配,审批,提交/确认/处理/退回/转交（按权限）,资源锁定,按流程配置；默认1个工作日,超时提醒→主管催办→高风险升级,仅退回到可编辑前置节点；关键财务/签署节点不得物理回退,操作者、身份、时间、前后值、原因、附件哈希、设备/IP
P054,派车,技术后台端,S04,资源锁定,车辆与驾驶员匹配,提交/确认/处理/退回/转交（按权限）,出车前检查,按流程配置；默认1个工作日,超时提醒→主管催办→高风险升级,仅退回到可编辑前置节点；关键财务/签署节点不得物理回退,操作者、身份、时间、前后值、原因、附件哈希、设备/IP
P054,派车,技术后台端,S05,出车前检查,资源锁定,提交/确认/处理/退回/转交（按权限）,行程,按流程配置；默认1个工作日,超时提醒→主管催办→高风险升级,仅退回到可编辑前置节点；关键财务/签署节点不得物理回退,操作者、身份、时间、前后值、原因、附件哈希、设备/IP
P054,派车,技术后台端,S06,行程,出车前检查,提交/确认/处理/退回/转交（按权限）,归还,按流程配置；默认1个工作日,超时提醒→主管催办→高风险升级,仅退回到可编辑前置节点；关键财务/签署节点不得物理回退,操作者、身份、时间、前后值、原因、附件哈希、设备/IP
P054,派车,技术后台端,S07,归还,行程,提交/确认/处理/退回/转交（按权限）,费用与异常,按流程配置；默认1个工作日,超时提醒→主管催办→高风险升级,仅退回到可编辑前置节点；关键财务/签署节点不得物理回退,操作者、身份、时间、前后值、原因、附件哈希、设备/IP
P054,派车,技术后台端,S08,费用与异常,归还,提交/确认/处理/退回/转交（按权限）,释放,立即响应；L3/L4 30分钟内升级,超时提醒→主管催办→高风险升级,仅退回到可编辑前置节点；关键财务/签署节点不得物理回退,操作者、身份、时间、前后值、原因、附件哈希、设备/IP
P054,派车,技术后台端,S09,释放,费用与异常,提交/确认/处理/退回/转交（按权限）,已关闭,按流程配置；默认1个工作日,超时提醒→主管催办→高风险升级,仅退回到可编辑前置节点；关键财务/签署节点不得物理回退,操作者、身份、时间、前后值、原因、附件哈希、设备/IP
P055,车辆事故,技术后台端,S01,人员保护,流程触发/发起,提交/确认/处理/退回/转交（按权限）,现场警示,按流程配置；默认1个工作日,超时提醒→主管催办→高风险升级,仅退回到可编辑前置节点；关键财务/签署节点不得物理回退,操作者、身份、时间、前后值、原因、附件哈希、设备/IP
P055,车辆事故,技术后台端,S02,现场警示,人员保护,提交/确认/处理/退回/转交（按权限）,报警救援,按流程配置；默认1个工作日,超时提醒→主管催办→高风险升级,仅退回到可编辑前置节点；关键财务/签署节点不得物理回退,操作者、身份、时间、前后值、原因、附件哈希、设备/IP
P055,车辆事故,技术后台端,S03,报警救援,现场警示,提交/确认/处理/退回/转交（按权限）,调度报告,立即响应；L3/L4 30分钟内升级,超时提醒→主管催办→高风险升级,仅退回到可编辑前置节点；关键财务/签署节点不得物理回退,操作者、身份、时间、前后值、原因、附件哈希、设备/IP
P055,车辆事故,技术后台端,S04,调度报告,报警救援,提交/确认/处理/退回/转交（按权限）,证据保全,事项关闭后2个工作日,超时提醒→主管催办→高风险升级,仅退回到可编辑前置节点；关键财务/签署节点不得物理回退,操作者、身份、时间、前后值、原因、附件哈希、设备/IP
P055,车辆事故,技术后台端,S05,证据保全,调度报告,提交/确认/处理/退回/转交（按权限）,替代保障,按流程配置；默认1个工作日,超时提醒→主管催办→高风险升级,仅退回到可编辑前置节点；关键财务/签署节点不得物理回退,操作者、身份、时间、前后值、原因、附件哈希、设备/IP
P055,车辆事故,技术后台端,S06,替代保障,证据保全,提交/确认/处理/退回/转交（按权限）,保险维修,按流程配置；默认1个工作日,超时提醒→主管催办→高风险升级,仅退回到可编辑前置节点；关键财务/签署节点不得物理回退,操作者、身份、时间、前后值、原因、附件哈希、设备/IP
P055,车辆事故,技术后台端,S07,保险维修,替代保障,提交/确认/处理/退回/转交（按权限）,案件调查,按计划时点/班次完成,超时提醒→主管催办→高风险升级,仅退回到可编辑前置节点；关键财务/签署节点不得物理回退,操作者、身份、时间、前后值、原因、附件哈希、设备/IP
P055,车辆事故,技术后台端,S08,案件调查,保险维修,提交/确认/处理/退回/转交（按权限）,复车验收,按流程配置；默认1个工作日,超时提醒→主管催办→高风险升级,仅退回到可编辑前置节点；关键财务/签署节点不得物理回退,操作者、身份、时间、前后值、原因、附件哈希、设备/IP
P055,车辆事故,技术后台端,S09,复车验收,案件调查,提交/确认/处理/退回/转交（按权限）,已关闭,1个工作日；高风险按制度,超时提醒→主管催办→高风险升级,仅退回到可编辑前置节点；关键财务/签署节点不得物理回退,操作者、身份、时间、前后值、原因、附件哈希、设备/IP
P056,宿舍入住退宿,技术后台端,S01,申请/入职触发,流程触发/发起,提交/确认/处理/退回/转交（按权限）,资格房态校验,按流程配置；默认1个工作日,超时提醒→主管催办→高风险升级,仅退回到可编辑前置节点；关键财务/签署节点不得物理回退,操作者、身份、时间、前后值、原因、附件哈希、设备/IP
P056,宿舍入住退宿,技术后台端,S02,资格房态校验,申请/入职触发,提交/确认/处理/退回/转交（按权限）,床位锁定,按流程配置；默认1个工作日,超时提醒→主管催办→高风险升级,仅退回到可编辑前置节点；关键财务/签署节点不得物理回退,操作者、身份、时间、前后值、原因、附件哈希、设备/IP
P056,宿舍入住退宿,技术后台端,S03,床位锁定,资格房态校验,提交/确认/处理/退回/转交（按权限）,签收入住,按流程配置；默认1个工作日,超时提醒→主管催办→高风险升级,仅退回到可编辑前置节点；关键财务/签署节点不得物理回退,操作者、身份、时间、前后值、原因、附件哈希、设备/IP
P056,宿舍入住退宿,技术后台端,S04,签收入住,床位锁定,提交/确认/处理/退回/转交（按权限）,巡检报修,按流程配置；默认1个工作日,超时提醒→主管催办→高风险升级,仅退回到可编辑前置节点；关键财务/签署节点不得物理回退,操作者、身份、时间、前后值、原因、附件哈希、设备/IP
P056,宿舍入住退宿,技术后台端,S05,巡检报修,签收入住,提交/确认/处理/退回/转交（按权限）,退宿检查,按计划时点/班次完成,超时提醒→主管催办→高风险升级,仅退回到可编辑前置节点；关键财务/签署节点不得物理回退,操作者、身份、时间、前后值、原因、附件哈希、设备/IP
P056,宿舍入住退宿,技术后台端,S06,退宿检查,巡检报修,提交/确认/处理/退回/转交（按权限）,钥匙门禁回收,按流程配置；默认1个工作日,超时提醒→主管催办→高风险升级,仅退回到可编辑前置节点；关键财务/签署节点不得物理回退,操作者、身份、时间、前后值、原因、附件哈希、设备/IP
P056,宿舍入住退宿,技术后台端,S07,钥匙门禁回收,退宿检查,提交/确认/处理/退回/转交（按权限）,释放床位,按流程配置；默认1个工作日,超时提醒→主管催办→高风险升级,仅退回到可编辑前置节点；关键财务/签署节点不得物理回退,操作者、身份、时间、前后值、原因、附件哈希、设备/IP
P056,宿舍入住退宿,技术后台端,S08,释放床位,钥匙门禁回收,提交/确认/处理/退回/转交（按权限）,已关闭,按流程配置；默认1个工作日,超时提醒→主管催办→高风险升级,仅退回到可编辑前置节点；关键财务/签署节点不得物理回退,操作者、身份、时间、前后值、原因、附件哈希、设备/IP
P057,报修,技术后台端,S01,报修,流程触发/发起,提交/确认/处理/退回/转交（按权限）,风险分级,按流程配置；默认1个工作日,超时提醒→主管催办→高风险升级,仅退回到可编辑前置节点；关键财务/签署节点不得物理回退,操作者、身份、时间、前后值、原因、附件哈希、设备/IP
P057,报修,技术后台端,S02,风险分级,报修,提交/确认/处理/退回/转交（按权限）,派工,立即响应；L3/L4 30分钟内升级,超时提醒→主管催办→高风险升级,仅退回到可编辑前置节点；关键财务/签署节点不得物理回退,操作者、身份、时间、前后值、原因、附件哈希、设备/IP
P057,报修,技术后台端,S03,派工,风险分级,提交/确认/处理/退回/转交（按权限）,到场诊断,按流程配置；默认1个工作日,超时提醒→主管催办→高风险升级,仅退回到可编辑前置节点；关键财务/签署节点不得物理回退,操作者、身份、时间、前后值、原因、附件哈希、设备/IP
P057,报修,技术后台端,S04,到场诊断,派工,提交/确认/处理/退回/转交（按权限）,维修或转专业单位,按流程配置；默认1个工作日,超时提醒→主管催办→高风险升级,仅退回到可编辑前置节点；关键财务/签署节点不得物理回退,操作者、身份、时间、前后值、原因、附件哈希、设备/IP
P057,报修,技术后台端,S05,维修或转专业单位,到场诊断,提交/确认/处理/退回/转交（按权限）,申请人确认,按计划时点/班次完成,超时提醒→主管催办→高风险升级,仅退回到可编辑前置节点；关键财务/签署节点不得物理回退,操作者、身份、时间、前后值、原因、附件哈希、设备/IP
P057,报修,技术后台端,S06,申请人确认,维修或转专业单位,提交/确认/处理/退回/转交（按权限）,验收,1个工作日；高风险按制度,超时提醒→主管催办→高风险升级,仅退回到可编辑前置节点；关键财务/签署节点不得物理回退,操作者、身份、时间、前后值、原因、附件哈希、设备/IP
P057,报修,技术后台端,S07,验收,申请人确认,提交/确认/处理/退回/转交（按权限）,关闭,1个工作日；高风险按制度,超时提醒→主管催办→高风险升级,仅退回到可编辑前置节点；关键财务/签署节点不得物理回退,操作者、身份、时间、前后值、原因、附件哈希、设备/IP
P057,报修,技术后台端,S08,关闭,验收,提交/确认/处理/退回/转交（按权限）,已关闭,按流程配置；默认1个工作日,超时提醒→主管催办→高风险升级,仅退回到可编辑前置节点；关键财务/签署节点不得物理回退,操作者、身份、时间、前后值、原因、附件哈希、设备/IP
P058,团餐交付,技术后台端,S01,申请,流程触发/发起,提交/确认/处理/退回/转交（按权限）,人数餐标过敏校验,按流程配置；默认1个工作日,超时提醒→主管催办→高风险升级,仅退回到可编辑前置节点；关键财务/签署节点不得物理回退,操作者、身份、时间、前后值、原因、附件哈希、设备/IP
P058,团餐交付,技术后台端,S02,人数餐标过敏校验,申请,提交/确认/处理/退回/转交（按权限）,审批,按流程配置；默认1个工作日,超时提醒→主管催办→高风险升级,仅退回到可编辑前置节点；关键财务/签署节点不得物理回退,操作者、身份、时间、前后值、原因、附件哈希、设备/IP
P058,团餐交付,技术后台端,S03,审批,人数餐标过敏校验,提交/确认/处理/退回/转交（按权限）,菜单与采购,1个工作日；高风险按制度,超时提醒→主管催办→高风险升级,仅退回到可编辑前置节点；关键财务/签署节点不得物理回退,操作者、身份、时间、前后值、原因、附件哈希、设备/IP
P058,团餐交付,技术后台端,S04,菜单与采购,审批,提交/确认/处理/退回/转交（按权限）,备餐,按流程配置；默认1个工作日,超时提醒→主管催办→高风险升级,仅退回到可编辑前置节点；关键财务/签署节点不得物理回退,操作者、身份、时间、前后值、原因、附件哈希、设备/IP
P058,团餐交付,技术后台端,S05,备餐,菜单与采购,提交/确认/处理/退回/转交（按权限）,食材领用,按流程配置；默认1个工作日,超时提醒→主管催办→高风险升级,仅退回到可编辑前置节点；关键财务/签署节点不得物理回退,操作者、身份、时间、前后值、原因、附件哈希、设备/IP
P058,团餐交付,技术后台端,S06,食材领用,备餐,提交/确认/处理/退回/转交（按权限）,制作与留样,按流程配置；默认1个工作日,超时提醒→主管催办→高风险升级,仅退回到可编辑前置节点；关键财务/签署节点不得物理回退,操作者、身份、时间、前后值、原因、附件哈希、设备/IP
P058,团餐交付,技术后台端,S07,制作与留样,食材领用,提交/确认/处理/退回/转交（按权限）,出餐签收,按流程配置；默认1个工作日,超时提醒→主管催办→高风险升级,仅退回到可编辑前置节点；关键财务/签署节点不得物理回退,操作者、身份、时间、前后值、原因、附件哈希、设备/IP
P058,团餐交付,技术后台端,S08,出餐签收,制作与留样,提交/确认/处理/退回/转交（按权限）,结算,按流程配置；默认1个工作日,超时提醒→主管催办→高风险升级,仅退回到可编辑前置节点；关键财务/签署节点不得物理回退,操作者、身份、时间、前后值、原因、附件哈希、设备/IP
P058,团餐交付,技术后台端,S09,结算,出餐签收,提交/确认/处理/退回/转交（按权限）,回访,T+1个工作日或财务日历,超时提醒→主管催办→高风险升级,仅退回到可编辑前置节点；关键财务/签署节点不得物理回退,操作者、身份、时间、前后值、原因、附件哈希、设备/IP
P058,团餐交付,技术后台端,S10,回访,结算,提交/确认/处理/退回/转交（按权限）,已关闭,按流程配置；默认1个工作日,超时提醒→主管催办→高风险升级,仅退回到可编辑前置节点；关键财务/签署节点不得物理回退,操作者、身份、时间、前后值、原因、附件哈希、设备/IP
P059,食材验收,技术后台端,S01,到货,流程触发/发起,提交/确认/处理/退回/转交（按权限）,来源票证,按流程配置；默认1个工作日,超时提醒→主管催办→高风险升级,仅退回到可编辑前置节点；关键财务/签署节点不得物理回退,操作者、身份、时间、前后值、原因、附件哈希、设备/IP
P059,食材验收,技术后台端,S02,来源票证,到货,提交/确认/处理/退回/转交（按权限）,温度感官数量,按流程配置；默认1个工作日,超时提醒→主管催办→高风险升级,仅退回到可编辑前置节点；关键财务/签署节点不得物理回退,操作者、身份、时间、前后值、原因、附件哈希、设备/IP
P059,食材验收,技术后台端,S03,温度感官数量,来源票证,提交/确认/处理/退回/转交（按权限）,合格入库/不合格隔离,按流程配置；默认1个工作日,超时提醒→主管催办→高风险升级,仅退回到可编辑前置节点；关键财务/签署节点不得物理回退,操作者、身份、时间、前后值、原因、附件哈希、设备/IP
P059,食材验收,技术后台端,S04,合格入库/不合格隔离,温度感官数量,提交/确认/处理/退回/转交（按权限）,批次记录,按流程配置；默认1个工作日,超时提醒→主管催办→高风险升级,仅退回到可编辑前置节点；关键财务/签署节点不得物理回退,操作者、身份、时间、前后值、原因、附件哈希、设备/IP
P059,食材验收,技术后台端,S05,批次记录,合格入库/不合格隔离,提交/确认/处理/退回/转交（按权限）,供应商反馈,按流程配置；默认1个工作日,超时提醒→主管催办→高风险升级,仅退回到可编辑前置节点；关键财务/签署节点不得物理回退,操作者、身份、时间、前后值、原因、附件哈希、设备/IP
P059,食材验收,技术后台端,S06,供应商反馈,批次记录,提交/确认/处理/退回/转交（按权限）,已关闭,按流程配置；默认1个工作日,超时提醒→主管催办→高风险升级,仅退回到可编辑前置节点；关键财务/签署节点不得物理回退,操作者、身份、时间、前后值、原因、附件哈希、设备/IP
P060,食品安全事件,技术后台端,S01,停止供应,流程触发/发起,提交/确认/处理/退回/转交（按权限）,隔离批次,按流程配置；默认1个工作日,超时提醒→主管催办→高风险升级,仅退回到可编辑前置节点；关键财务/签署节点不得物理回退,操作者、身份、时间、前后值、原因、附件哈希、设备/IP
P060,食品安全事件,技术后台端,S02,隔离批次,停止供应,提交/确认/处理/退回/转交（按权限）,保留样品记录,按流程配置；默认1个工作日,超时提醒→主管催办→高风险升级,仅退回到可编辑前置节点；关键财务/签署节点不得物理回退,操作者、身份、时间、前后值、原因、附件哈希、设备/IP
P060,食品安全事件,技术后台端,S03,保留样品记录,隔离批次,提交/确认/处理/退回/转交（按权限）,报告,按流程配置；默认1个工作日,超时提醒→主管催办→高风险升级,仅退回到可编辑前置节点；关键财务/签署节点不得物理回退,操作者、身份、时间、前后值、原因、附件哈希、设备/IP
P060,食品安全事件,技术后台端,S04,报告,保留样品记录,提交/确认/处理/退回/转交（按权限）,医疗协助,事项关闭后2个工作日,超时提醒→主管催办→高风险升级,仅退回到可编辑前置节点；关键财务/签署节点不得物理回退,操作者、身份、时间、前后值、原因、附件哈希、设备/IP
P060,食品安全事件,技术后台端,S05,医疗协助,报告,提交/确认/处理/退回/转交（按权限）,统一案件,按流程配置；默认1个工作日,超时提醒→主管催办→高风险升级,仅退回到可编辑前置节点；关键财务/签署节点不得物理回退,操作者、身份、时间、前后值、原因、附件哈希、设备/IP
P060,食品安全事件,技术后台端,S06,统一案件,医疗协助,提交/确认/处理/退回/转交（按权限）,追溯调查,按流程配置；默认1个工作日,超时提醒→主管催办→高风险升级,仅退回到可编辑前置节点；关键财务/签署节点不得物理回退,操作者、身份、时间、前后值、原因、附件哈希、设备/IP
P060,食品安全事件,技术后台端,S07,追溯调查,统一案件,提交/确认/处理/退回/转交（按权限）,整改验证,按流程配置；默认1个工作日,超时提醒→主管催办→高风险升级,仅退回到可编辑前置节点；关键财务/签署节点不得物理回退,操作者、身份、时间、前后值、原因、附件哈希、设备/IP
P060,食品安全事件,技术后台端,S08,整改验证,追溯调查,提交/确认/处理/退回/转交（按权限）,已关闭,按流程配置；默认1个工作日,超时提醒→主管催办→高风险升级,仅退回到可编辑前置节点；关键财务/签署节点不得物理回退,操作者、身份、时间、前后值、原因、附件哈希、设备/IP
P061,餐卡结算,技术后台端,S01,账户变更申请,流程触发/发起,提交/确认/处理/退回/转交（按权限）,资格校验,按流程配置；默认1个工作日,超时提醒→主管催办→高风险升级,仅退回到可编辑前置节点；关键财务/签署节点不得物理回退,操作者、身份、时间、前后值、原因、附件哈希、设备/IP
P061,餐卡结算,技术后台端,S02,资格校验,账户变更申请,提交/确认/处理/退回/转交（按权限）,充值/补贴/冻结,按流程配置；默认1个工作日,超时提醒→主管催办→高风险升级,仅退回到可编辑前置节点；关键财务/签署节点不得物理回退,操作者、身份、时间、前后值、原因、附件哈希、设备/IP
P061,餐卡结算,技术后台端,S03,充值/补贴/冻结,资格校验,提交/确认/处理/退回/转交（按权限）,交易回执,按流程配置；默认1个工作日,超时提醒→主管催办→高风险升级,仅退回到可编辑前置节点；关键财务/签署节点不得物理回退,操作者、身份、时间、前后值、原因、附件哈希、设备/IP
P061,餐卡结算,技术后台端,S04,交易回执,充值/补贴/冻结,提交/确认/处理/退回/转交（按权限）,日结对账,按流程配置；默认1个工作日,超时提醒→主管催办→高风险升级,仅退回到可编辑前置节点；关键财务/签署节点不得物理回退,操作者、身份、时间、前后值、原因、附件哈希、设备/IP
P061,餐卡结算,技术后台端,S05,日结对账,交易回执,提交/确认/处理/退回/转交（按权限）,差异处理,T+1个工作日或财务日历,超时提醒→主管催办→高风险升级,仅退回到可编辑前置节点；关键财务/签署节点不得物理回退,操作者、身份、时间、前后值、原因、附件哈希、设备/IP
P061,餐卡结算,技术后台端,S06,差异处理,日结对账,提交/确认/处理/退回/转交（按权限）,已关闭,按流程配置；默认1个工作日,超时提醒→主管催办→高风险升级,仅退回到可编辑前置节点；关键财务/签署节点不得物理回退,操作者、身份、时间、前后值、原因、附件哈希、设备/IP
P062,日常巡逻,技术后台端,S01,发布班次,流程触发/发起,提交/确认/处理/退回/转交（按权限）,领取装备,按流程配置；默认1个工作日,超时提醒→主管催办→高风险升级,仅退回到可编辑前置节点；关键财务/签署节点不得物理回退,操作者、身份、时间、前后值、原因、附件哈希、设备/IP
P062,日常巡逻,技术后台端,S02,领取装备,发布班次,提交/确认/处理/退回/转交（按权限）,岗位签到,按流程配置；默认1个工作日,超时提醒→主管催办→高风险升级,仅退回到可编辑前置节点；关键财务/签署节点不得物理回退,操作者、身份、时间、前后值、原因、附件哈希、设备/IP
P062,日常巡逻,技术后台端,S03,岗位签到,领取装备,提交/确认/处理/退回/转交（按权限）,路线巡更,按流程配置；默认1个工作日,超时提醒→主管催办→高风险升级,仅退回到可编辑前置节点；关键财务/签署节点不得物理回退,操作者、身份、时间、前后值、原因、附件哈希、设备/IP
P062,日常巡逻,技术后台端,S04,路线巡更,岗位签到,提交/确认/处理/退回/转交（按权限）,异常上报,按流程配置；默认1个工作日,超时提醒→主管催办→高风险升级,仅退回到可编辑前置节点；关键财务/签署节点不得物理回退,操作者、身份、时间、前后值、原因、附件哈希、设备/IP
P062,日常巡逻,技术后台端,S05,异常上报,路线巡更,提交/确认/处理/退回/转交（按权限）,现场措施,立即响应；L3/L4 30分钟内升级,超时提醒→主管催办→高风险升级,仅退回到可编辑前置节点；关键财务/签署节点不得物理回退,操作者、身份、时间、前后值、原因、附件哈希、设备/IP
P062,日常巡逻,技术后台端,S06,现场措施,异常上报,提交/确认/处理/退回/转交（按权限）,工单/案件,按流程配置；默认1个工作日,超时提醒→主管催办→高风险升级,仅退回到可编辑前置节点；关键财务/签署节点不得物理回退,操作者、身份、时间、前后值、原因、附件哈希、设备/IP
P062,日常巡逻,技术后台端,S07,工单/案件,现场措施,提交/确认/处理/退回/转交（按权限）,交接,按流程配置；默认1个工作日,超时提醒→主管催办→高风险升级,仅退回到可编辑前置节点；关键财务/签署节点不得物理回退,操作者、身份、时间、前后值、原因、附件哈希、设备/IP
P062,日常巡逻,技术后台端,S08,交接,工单/案件,提交/确认/处理/退回/转交（按权限）,班次确认,按流程配置；默认1个工作日,超时提醒→主管催办→高风险升级,仅退回到可编辑前置节点；关键财务/签署节点不得物理回退,操作者、身份、时间、前后值、原因、附件哈希、设备/IP
P062,日常巡逻,技术后台端,S09,班次确认,交接,提交/确认/处理/退回/转交（按权限）,已关闭,1个工作日；高风险按制度,超时提醒→主管催办→高风险升级,仅退回到可编辑前置节点；关键财务/签署节点不得物理回退,操作者、身份、时间、前后值、原因、附件哈希、设备/IP
P063,客流预警,技术后台端,S01,客流采集,流程触发/发起,提交/确认/处理/退回/转交（按权限）,阈值触发,按流程配置；默认1个工作日,超时提醒→主管催办→高风险升级,仅退回到可编辑前置节点；关键财务/签署节点不得物理回退,操作者、身份、时间、前后值、原因、附件哈希、设备/IP
P063,客流预警,技术后台端,S02,阈值触发,客流采集,提交/确认/处理/退回/转交（按权限）,区域确认,按流程配置；默认1个工作日,超时提醒→主管催办→高风险升级,仅退回到可编辑前置节点；关键财务/签署节点不得物理回退,操作者、身份、时间、前后值、原因、附件哈希、设备/IP
P063,客流预警,技术后台端,S03,区域确认,阈值触发,提交/确认/处理/退回/转交（按权限）,疏导方案,1个工作日；高风险按制度,超时提醒→主管催办→高风险升级,仅退回到可编辑前置节点；关键财务/签署节点不得物理回退,操作者、身份、时间、前后值、原因、附件哈希、设备/IP
P063,客流预警,技术后台端,S04,疏导方案,区域确认,提交/确认/处理/退回/转交（按权限）,跨中心广播,按流程配置；默认1个工作日,超时提醒→主管催办→高风险升级,仅退回到可编辑前置节点；关键财务/签署节点不得物理回退,操作者、身份、时间、前后值、原因、附件哈希、设备/IP
P063,客流预警,技术后台端,S05,跨中心广播,疏导方案,提交/确认/处理/退回/转交（按权限）,现场执行,按流程配置；默认1个工作日,超时提醒→主管催办→高风险升级,仅退回到可编辑前置节点；关键财务/签署节点不得物理回退,操作者、身份、时间、前后值、原因、附件哈希、设备/IP
P063,客流预警,技术后台端,S06,现场执行,跨中心广播,提交/确认/处理/退回/转交（按权限）,解除预警,按计划时点/班次完成,超时提醒→主管催办→高风险升级,仅退回到可编辑前置节点；关键财务/签署节点不得物理回退,操作者、身份、时间、前后值、原因、附件哈希、设备/IP
P063,客流预警,技术后台端,S07,解除预警,现场执行,提交/确认/处理/退回/转交（按权限）,复盘,按流程配置；默认1个工作日,超时提醒→主管催办→高风险升级,仅退回到可编辑前置节点；关键财务/签署节点不得物理回退,操作者、身份、时间、前后值、原因、附件哈希、设备/IP
P063,客流预警,技术后台端,S08,复盘,解除预警,提交/确认/处理/退回/转交（按权限）,已关闭,事项关闭后2个工作日,超时提醒→主管催办→高风险升级,仅退回到可编辑前置节点；关键财务/签署节点不得物理回退,操作者、身份、时间、前后值、原因、附件哈希、设备/IP
P064,安全事件,技术后台端,S01,发现,流程触发/发起,提交/确认/处理/退回/转交（按权限）,人员保护,按流程配置；默认1个工作日,超时提醒→主管催办→高风险升级,仅退回到可编辑前置节点；关键财务/签署节点不得物理回退,操作者、身份、时间、前后值、原因、附件哈希、设备/IP
P064,安全事件,技术后台端,S02,人员保护,发现,提交/确认/处理/退回/转交（按权限）,报警/救援,按流程配置；默认1个工作日,超时提醒→主管催办→高风险升级,仅退回到可编辑前置节点；关键财务/签署节点不得物理回退,操作者、身份、时间、前后值、原因、附件哈希、设备/IP
P064,安全事件,技术后台端,S03,报警/救援,人员保护,提交/确认/处理/退回/转交（按权限）,现场隔离,立即响应；L3/L4 30分钟内升级,超时提醒→主管催办→高风险升级,仅退回到可编辑前置节点；关键财务/签署节点不得物理回退,操作者、身份、时间、前后值、原因、附件哈希、设备/IP
P064,安全事件,技术后台端,S04,现场隔离,报警/救援,提交/确认/处理/退回/转交（按权限）,证据保全,按流程配置；默认1个工作日,超时提醒→主管催办→高风险升级,仅退回到可编辑前置节点；关键财务/签署节点不得物理回退,操作者、身份、时间、前后值、原因、附件哈希、设备/IP
P064,安全事件,技术后台端,S05,证据保全,现场隔离,提交/确认/处理/退回/转交（按权限）,统一案件,按流程配置；默认1个工作日,超时提醒→主管催办→高风险升级,仅退回到可编辑前置节点；关键财务/签署节点不得物理回退,操作者、身份、时间、前后值、原因、附件哈希、设备/IP
P064,安全事件,技术后台端,S06,统一案件,证据保全,提交/确认/处理/退回/转交（按权限）,调查整改,按流程配置；默认1个工作日,超时提醒→主管催办→高风险升级,仅退回到可编辑前置节点；关键财务/签署节点不得物理回退,操作者、身份、时间、前后值、原因、附件哈希、设备/IP
P064,安全事件,技术后台端,S07,调查整改,统一案件,提交/确认/处理/退回/转交（按权限）,复查关闭,按流程配置；默认1个工作日,超时提醒→主管催办→高风险升级,仅退回到可编辑前置节点；关键财务/签署节点不得物理回退,操作者、身份、时间、前后值、原因、附件哈希、设备/IP
P064,安全事件,技术后台端,S08,复查关闭,调查整改,提交/确认/处理/退回/转交（按权限）,已关闭,按流程配置；默认1个工作日,超时提醒→主管催办→高风险升级,仅退回到可编辑前置节点；关键财务/签署节点不得物理回退,操作者、身份、时间、前后值、原因、附件哈希、设备/IP
P065,活动安保,技术后台端,S01,活动主单,流程触发/发起,提交/确认/处理/退回/转交（按权限）,风险评估,按流程配置；默认1个工作日,超时提醒→主管催办→高风险升级,仅退回到可编辑前置节点；关键财务/签署节点不得物理回退,操作者、身份、时间、前后值、原因、附件哈希、设备/IP
P065,活动安保,技术后台端,S02,风险评估,活动主单,提交/确认/处理/退回/转交（按权限）,岗位布置,立即响应；L3/L4 30分钟内升级,超时提醒→主管催办→高风险升级,仅退回到可编辑前置节点；关键财务/签署节点不得物理回退,操作者、身份、时间、前后值、原因、附件哈希、设备/IP
P065,活动安保,技术后台端,S03,岗位布置,风险评估,提交/确认/处理/退回/转交（按权限）,人员确认,按流程配置；默认1个工作日,超时提醒→主管催办→高风险升级,仅退回到可编辑前置节点；关键财务/签署节点不得物理回退,操作者、身份、时间、前后值、原因、附件哈希、设备/IP
P065,活动安保,技术后台端,S04,人员确认,岗位布置,提交/确认/处理/退回/转交（按权限）,现场指挥,1个工作日；高风险按制度,超时提醒→主管催办→高风险升级,仅退回到可编辑前置节点；关键财务/签署节点不得物理回退,操作者、身份、时间、前后值、原因、附件哈希、设备/IP
P065,活动安保,技术后台端,S05,现场指挥,人员确认,提交/确认/处理/退回/转交（按权限）,异常处置,按流程配置；默认1个工作日,超时提醒→主管催办→高风险升级,仅退回到可编辑前置节点；关键财务/签署节点不得物理回退,操作者、身份、时间、前后值、原因、附件哈希、设备/IP
P065,活动安保,技术后台端,S06,异常处置,现场指挥,提交/确认/处理/退回/转交（按权限）,撤场清点,立即响应；L3/L4 30分钟内升级,超时提醒→主管催办→高风险升级,仅退回到可编辑前置节点；关键财务/签署节点不得物理回退,操作者、身份、时间、前后值、原因、附件哈希、设备/IP
P065,活动安保,技术后台端,S07,撤场清点,异常处置,提交/确认/处理/退回/转交（按权限）,复盘,按流程配置；默认1个工作日,超时提醒→主管催办→高风险升级,仅退回到可编辑前置节点；关键财务/签署节点不得物理回退,操作者、身份、时间、前后值、原因、附件哈希、设备/IP
P065,活动安保,技术后台端,S08,复盘,撤场清点,提交/确认/处理/退回/转交（按权限）,已关闭,事项关闭后2个工作日,超时提醒→主管催办→高风险升级,仅退回到可编辑前置节点；关键财务/签署节点不得物理回退,操作者、身份、时间、前后值、原因、附件哈希、设备/IP
P066,日常清洁,技术后台端,S01,计划生成,流程触发/发起,提交/确认/处理/退回/转交（按权限）,班次分派,按流程配置；默认1个工作日,超时提醒→主管催办→高风险升级,仅退回到可编辑前置节点；关键财务/签署节点不得物理回退,操作者、身份、时间、前后值、原因、附件哈希、设备/IP
P066,日常清洁,技术后台端,S02,班次分派,计划生成,提交/确认/处理/退回/转交（按权限）,任务接收,按流程配置；默认1个工作日,超时提醒→主管催办→高风险升级,仅退回到可编辑前置节点；关键财务/签署节点不得物理回退,操作者、身份、时间、前后值、原因、附件哈希、设备/IP
P066,日常清洁,技术后台端,S03,任务接收,班次分派,提交/确认/处理/退回/转交（按权限）,作业,按流程配置；默认1个工作日,超时提醒→主管催办→高风险升级,仅退回到可编辑前置节点；关键财务/签署节点不得物理回退,操作者、身份、时间、前后值、原因、附件哈希、设备/IP
P066,日常清洁,技术后台端,S04,作业,任务接收,提交/确认/处理/退回/转交（按权限）,自检,按计划时点/班次完成,超时提醒→主管催办→高风险升级,仅退回到可编辑前置节点；关键财务/签署节点不得物理回退,操作者、身份、时间、前后值、原因、附件哈希、设备/IP
P066,日常清洁,技术后台端,S05,自检,作业,提交/确认/处理/退回/转交（按权限）,巡检,按流程配置；默认1个工作日,超时提醒→主管催办→高风险升级,仅退回到可编辑前置节点；关键财务/签署节点不得物理回退,操作者、身份、时间、前后值、原因、附件哈希、设备/IP
P066,日常清洁,技术后台端,S06,巡检,自检,提交/确认/处理/退回/转交（按权限）,不合格返工,按计划时点/班次完成,超时提醒→主管催办→高风险升级,仅退回到可编辑前置节点；关键财务/签署节点不得物理回退,操作者、身份、时间、前后值、原因、附件哈希、设备/IP
P066,日常清洁,技术后台端,S07,不合格返工,巡检,提交/确认/处理/退回/转交（按权限）,验收,按流程配置；默认1个工作日,超时提醒→主管催办→高风险升级,仅退回到可编辑前置节点；关键财务/签署节点不得物理回退,操作者、身份、时间、前后值、原因、附件哈希、设备/IP
P066,日常清洁,技术后台端,S08,验收,不合格返工,提交/确认/处理/退回/转交（按权限）,已关闭,1个工作日；高风险按制度,超时提醒→主管催办→高风险升级,仅退回到可编辑前置节点；关键财务/签署节点不得物理回退,操作者、身份、时间、前后值、原因、附件哈希、设备/IP
P067,污染应急,技术后台端,S01,发现,流程触发/发起,提交/确认/处理/退回/转交（按权限）,设置警示,按流程配置；默认1个工作日,超时提醒→主管催办→高风险升级,仅退回到可编辑前置节点；关键财务/签署节点不得物理回退,操作者、身份、时间、前后值、原因、附件哈希、设备/IP
P067,污染应急,技术后台端,S02,设置警示,发现,提交/确认/处理/退回/转交（按权限）,快速清理,按流程配置；默认1个工作日,超时提醒→主管催办→高风险升级,仅退回到可编辑前置节点；关键财务/签署节点不得物理回退,操作者、身份、时间、前后值、原因、附件哈希、设备/IP
P067,污染应急,技术后台端,S03,快速清理,设置警示,提交/确认/处理/退回/转交（按权限）,必要时协同安保,按流程配置；默认1个工作日,超时提醒→主管催办→高风险升级,仅退回到可编辑前置节点；关键财务/签署节点不得物理回退,操作者、身份、时间、前后值、原因、附件哈希、设备/IP
P067,污染应急,技术后台端,S04,必要时协同安保,快速清理,提交/确认/处理/退回/转交（按权限）,复查,按流程配置；默认1个工作日,超时提醒→主管催办→高风险升级,仅退回到可编辑前置节点；关键财务/签署节点不得物理回退,操作者、身份、时间、前后值、原因、附件哈希、设备/IP
P067,污染应急,技术后台端,S05,复查,必要时协同安保,提交/确认/处理/退回/转交（按权限）,原因记录,按流程配置；默认1个工作日,超时提醒→主管催办→高风险升级,仅退回到可编辑前置节点；关键财务/签署节点不得物理回退,操作者、身份、时间、前后值、原因、附件哈希、设备/IP
P067,污染应急,技术后台端,S06,原因记录,复查,提交/确认/处理/退回/转交（按权限）,关闭,按流程配置；默认1个工作日,超时提醒→主管催办→高风险升级,仅退回到可编辑前置节点；关键财务/签署节点不得物理回退,操作者、身份、时间、前后值、原因、附件哈希、设备/IP
P067,污染应急,技术后台端,S07,关闭,原因记录,提交/确认/处理/退回/转交（按权限）,已关闭,按流程配置；默认1个工作日,超时提醒→主管催办→高风险升级,仅退回到可编辑前置节点；关键财务/签署节点不得物理回退,操作者、身份、时间、前后值、原因、附件哈希、设备/IP
P068,活动保障,技术后台端,S01,活动需求,流程触发/发起,提交/确认/处理/退回/转交（按权限）,区域工作量评估,按流程配置；默认1个工作日,超时提醒→主管催办→高风险升级,仅退回到可编辑前置节点；关键财务/签署节点不得物理回退,操作者、身份、时间、前后值、原因、附件哈希、设备/IP
P068,活动保障,技术后台端,S02,区域工作量评估,活动需求,提交/确认/处理/退回/转交（按权限）,人员耗材计划,按流程配置；默认1个工作日,超时提醒→主管催办→高风险升级,仅退回到可编辑前置节点；关键财务/签署节点不得物理回退,操作者、身份、时间、前后值、原因、附件哈希、设备/IP
P068,活动保障,技术后台端,S03,人员耗材计划,区域工作量评估,提交/确认/处理/退回/转交（按权限）,现场执行,按流程配置；默认1个工作日,超时提醒→主管催办→高风险升级,仅退回到可编辑前置节点；关键财务/签署节点不得物理回退,操作者、身份、时间、前后值、原因、附件哈希、设备/IP
P068,活动保障,技术后台端,S04,现场执行,人员耗材计划,提交/确认/处理/退回/转交（按权限）,动态补位,按计划时点/班次完成,超时提醒→主管催办→高风险升级,仅退回到可编辑前置节点；关键财务/签署节点不得物理回退,操作者、身份、时间、前后值、原因、附件哈希、设备/IP
P068,活动保障,技术后台端,S05,动态补位,现场执行,提交/确认/处理/退回/转交（按权限）,撤场清洁,按流程配置；默认1个工作日,超时提醒→主管催办→高风险升级,仅退回到可编辑前置节点；关键财务/签署节点不得物理回退,操作者、身份、时间、前后值、原因、附件哈希、设备/IP
P068,活动保障,技术后台端,S06,撤场清洁,动态补位,提交/确认/处理/退回/转交（按权限）,验收复盘,按计划时点/班次完成,超时提醒→主管催办→高风险升级,仅退回到可编辑前置节点；关键财务/签署节点不得物理回退,操作者、身份、时间、前后值、原因、附件哈希、设备/IP
P068,活动保障,技术后台端,S07,验收复盘,撤场清洁,提交/确认/处理/退回/转交（按权限）,已关闭,1个工作日；高风险按制度,超时提醒→主管催办→高风险升级,仅退回到可编辑前置节点；关键财务/签署节点不得物理回退,操作者、身份、时间、前后值、原因、附件哈希、设备/IP
P069,商户准入,技术后台端,S01,商户申请,流程触发/发起,提交/确认/处理/退回/转交（按权限）,资质核验,按流程配置；默认1个工作日,超时提醒→主管催办→高风险升级,仅退回到可编辑前置节点；关键财务/签署节点不得物理回退,操作者、身份、时间、前后值、原因、附件哈希、设备/IP
P069,商户准入,技术后台端,S02,资质核验,商户申请,提交/确认/处理/退回/转交（按权限）,品类与位置评审,按流程配置；默认1个工作日,超时提醒→主管催办→高风险升级,仅退回到可编辑前置节点；关键财务/签署节点不得物理回退,操作者、身份、时间、前后值、原因、附件哈希、设备/IP
P069,商户准入,技术后台端,S03,品类与位置评审,资质核验,提交/确认/处理/退回/转交（按权限）,合同协同,1个工作日；高风险按制度,超时提醒→主管催办→高风险升级,仅退回到可编辑前置节点；关键财务/签署节点不得物理回退,操作者、身份、时间、前后值、原因、附件哈希、设备/IP
P069,商户准入,技术后台端,S04,合同协同,品类与位置评审,提交/确认/处理/退回/转交（按权限）,装修/进场,按流程配置；默认1个工作日,超时提醒→主管催办→高风险升级,仅退回到可编辑前置节点；关键财务/签署节点不得物理回退,操作者、身份、时间、前后值、原因、附件哈希、设备/IP
P069,商户准入,技术后台端,S05,装修/进场,合同协同,提交/确认/处理/退回/转交（按权限）,验收,按流程配置；默认1个工作日,超时提醒→主管催办→高风险升级,仅退回到可编辑前置节点；关键财务/签署节点不得物理回退,操作者、身份、时间、前后值、原因、附件哈希、设备/IP
P069,商户准入,技术后台端,S06,验收,装修/进场,提交/确认/处理/退回/转交（按权限）,开业,1个工作日；高风险按制度,超时提醒→主管催办→高风险升级,仅退回到可编辑前置节点；关键财务/签署节点不得物理回退,操作者、身份、时间、前后值、原因、附件哈希、设备/IP
P069,商户准入,技术后台端,S07,开业,验收,提交/确认/处理/退回/转交（按权限）,已关闭,按流程配置；默认1个工作日,超时提醒→主管催办→高风险升级,仅退回到可编辑前置节点；关键财务/签署节点不得物理回退,操作者、身份、时间、前后值、原因、附件哈希、设备/IP
P070,日常巡检,技术后台端,S01,巡检计划,流程触发/发起,提交/确认/处理/退回/转交（按权限）,现场检查,按计划时点/班次完成,超时提醒→主管催办→高风险升级,仅退回到可编辑前置节点；关键财务/签署节点不得物理回退,操作者、身份、时间、前后值、原因、附件哈希、设备/IP
P070,日常巡检,技术后台端,S02,现场检查,巡检计划,提交/确认/处理/退回/转交（按权限）,问题记录,按流程配置；默认1个工作日,超时提醒→主管催办→高风险升级,仅退回到可编辑前置节点；关键财务/签署节点不得物理回退,操作者、身份、时间、前后值、原因、附件哈希、设备/IP
P070,日常巡检,技术后台端,S03,问题记录,现场检查,提交/确认/处理/退回/转交（按权限）,整改通知,按流程配置；默认1个工作日,超时提醒→主管催办→高风险升级,仅退回到可编辑前置节点；关键财务/签署节点不得物理回退,操作者、身份、时间、前后值、原因、附件哈希、设备/IP
P070,日常巡检,技术后台端,S04,整改通知,问题记录,提交/确认/处理/退回/转交（按权限）,商户反馈,按流程配置；默认1个工作日,超时提醒→主管催办→高风险升级,仅退回到可编辑前置节点；关键财务/签署节点不得物理回退,操作者、身份、时间、前后值、原因、附件哈希、设备/IP
P070,日常巡检,技术后台端,S05,商户反馈,整改通知,提交/确认/处理/退回/转交（按权限）,复查,按流程配置；默认1个工作日,超时提醒→主管催办→高风险升级,仅退回到可编辑前置节点；关键财务/签署节点不得物理回退,操作者、身份、时间、前后值、原因、附件哈希、设备/IP
P070,日常巡检,技术后台端,S06,复查,商户反馈,提交/确认/处理/退回/转交（按权限）,关闭或升级案件,按流程配置；默认1个工作日,超时提醒→主管催办→高风险升级,仅退回到可编辑前置节点；关键财务/签署节点不得物理回退,操作者、身份、时间、前后值、原因、附件哈希、设备/IP
P070,日常巡检,技术后台端,S07,关闭或升级案件,复查,提交/确认/处理/退回/转交（按权限）,已关闭,按流程配置；默认1个工作日,超时提醒→主管催办→高风险升级,仅退回到可编辑前置节点；关键财务/签署节点不得物理回退,操作者、身份、时间、前后值、原因、附件哈希、设备/IP
P071,退场,技术后台端,S01,退场申请或合同到期,流程触发/发起,提交/确认/处理/退回/转交（按权限）,费用核对,按流程配置；默认1个工作日,超时提醒→主管催办→高风险升级,仅退回到可编辑前置节点；关键财务/签署节点不得物理回退,操作者、身份、时间、前后值、原因、附件哈希、设备/IP
P071,退场,技术后台端,S02,费用核对,退场申请或合同到期,提交/确认/处理/退回/转交（按权限）,资产和场地检查,按流程配置；默认1个工作日,超时提醒→主管催办→高风险升级,仅退回到可编辑前置节点；关键财务/签署节点不得物理回退,操作者、身份、时间、前后值、原因、附件哈希、设备/IP
P071,退场,技术后台端,S03,资产和场地检查,费用核对,提交/确认/处理/退回/转交（按权限）,钥匙门禁回收,按流程配置；默认1个工作日,超时提醒→主管催办→高风险升级,仅退回到可编辑前置节点；关键财务/签署节点不得物理回退,操作者、身份、时间、前后值、原因、附件哈希、设备/IP
P071,退场,技术后台端,S04,钥匙门禁回收,资产和场地检查,提交/确认/处理/退回/转交（按权限）,恢复验收,按流程配置；默认1个工作日,超时提醒→主管催办→高风险升级,仅退回到可编辑前置节点；关键财务/签署节点不得物理回退,操作者、身份、时间、前后值、原因、附件哈希、设备/IP
P071,退场,技术后台端,S05,恢复验收,钥匙门禁回收,提交/确认/处理/退回/转交（按权限）,合同财务回写,1个工作日；高风险按制度,超时提醒→主管催办→高风险升级,仅退回到可编辑前置节点；关键财务/签署节点不得物理回退,操作者、身份、时间、前后值、原因、附件哈希、设备/IP
P071,退场,技术后台端,S06,合同财务回写,恢复验收,提交/确认/处理/退回/转交（按权限）,关闭,按流程配置；默认1个工作日,超时提醒→主管催办→高风险升级,仅退回到可编辑前置节点；关键财务/签署节点不得物理回退,操作者、身份、时间、前后值、原因、附件哈希、设备/IP
P071,退场,技术后台端,S07,关闭,合同财务回写,提交/确认/处理/退回/转交（按权限）,已关闭,按流程配置；默认1个工作日,超时提醒→主管催办→高风险升级,仅退回到可编辑前置节点；关键财务/签署节点不得物理回退,操作者、身份、时间、前后值、原因、附件哈希、设备/IP
P072,节目上线,技术后台端,S01,节目立项,流程触发/发起,提交/确认/处理/退回/转交（按权限）,创排,按流程配置；默认1个工作日,超时提醒→主管催办→高风险升级,仅退回到可编辑前置节点；关键财务/签署节点不得物理回退,操作者、身份、时间、前后值、原因、附件哈希、设备/IP
P072,节目上线,技术后台端,S02,创排,节目立项,提交/确认/处理/退回/转交（按权限）,角色设计,按流程配置；默认1个工作日,超时提醒→主管催办→高风险升级,仅退回到可编辑前置节点；关键财务/签署节点不得物理回退,操作者、身份、时间、前后值、原因、附件哈希、设备/IP
P072,节目上线,技术后台端,S03,角色设计,创排,提交/确认/处理/退回/转交（按权限）,排练,按流程配置；默认1个工作日,超时提醒→主管催办→高风险升级,仅退回到可编辑前置节点；关键财务/签署节点不得物理回退,操作者、身份、时间、前后值、原因、附件哈希、设备/IP
P072,节目上线,技术后台端,S04,排练,角色设计,提交/确认/处理/退回/转交（按权限）,艺术技术安全评审,按流程配置；默认1个工作日,超时提醒→主管催办→高风险升级,仅退回到可编辑前置节点；关键财务/签署节点不得物理回退,操作者、身份、时间、前后值、原因、附件哈希、设备/IP
P072,节目上线,技术后台端,S05,艺术技术安全评审,排练,提交/确认/处理/退回/转交（按权限）,试演,1个工作日；高风险按制度,超时提醒→主管催办→高风险升级,仅退回到可编辑前置节点；关键财务/签署节点不得物理回退,操作者、身份、时间、前后值、原因、附件哈希、设备/IP
P072,节目上线,技术后台端,S06,试演,艺术技术安全评审,提交/确认/处理/退回/转交（按权限）,版本批准,按流程配置；默认1个工作日,超时提醒→主管催办→高风险升级,仅退回到可编辑前置节点；关键财务/签署节点不得物理回退,操作者、身份、时间、前后值、原因、附件哈希、设备/IP
P072,节目上线,技术后台端,S07,版本批准,试演,提交/确认/处理/退回/转交（按权限）,排期,按流程配置；默认1个工作日,超时提醒→主管催办→高风险升级,仅退回到可编辑前置节点；关键财务/签署节点不得物理回退,操作者、身份、时间、前后值、原因、附件哈希、设备/IP
P072,节目上线,技术后台端,S08,排期,版本批准,提交/确认/处理/退回/转交（按权限）,已关闭,按流程配置；默认1个工作日,超时提醒→主管催办→高风险升级,仅退回到可编辑前置节点；关键财务/签署节点不得物理回退,操作者、身份、时间、前后值、原因、附件哈希、设备/IP
P073,场次执行,技术后台端,S01,场次发布,流程触发/发起,提交/确认/处理/退回/转交（按权限）,演员排班,按流程配置；默认1个工作日,超时提醒→主管催办→高风险升级,仅退回到可编辑前置节点；关键财务/签署节点不得物理回退,操作者、身份、时间、前后值、原因、附件哈希、设备/IP
P073,场次执行,技术后台端,S02,演员排班,场次发布,提交/确认/处理/退回/转交（按权限）,冲突校验,按流程配置；默认1个工作日,超时提醒→主管催办→高风险升级,仅退回到可编辑前置节点；关键财务/签署节点不得物理回退,操作者、身份、时间、前后值、原因、附件哈希、设备/IP
P073,场次执行,技术后台端,S03,冲突校验,演员排班,提交/确认/处理/退回/转交（按权限）,替补确认,按流程配置；默认1个工作日,超时提醒→主管催办→高风险升级,仅退回到可编辑前置节点；关键财务/签署节点不得物理回退,操作者、身份、时间、前后值、原因、附件哈希、设备/IP
P073,场次执行,技术后台端,S04,替补确认,冲突校验,提交/确认/处理/退回/转交（按权限）,场前检查,1个工作日；高风险按制度,超时提醒→主管催办→高风险升级,仅退回到可编辑前置节点；关键财务/签署节点不得物理回退,操作者、身份、时间、前后值、原因、附件哈希、设备/IP
P073,场次执行,技术后台端,S05,场前检查,替补确认,提交/确认/处理/退回/转交（按权限）,演出,按流程配置；默认1个工作日,超时提醒→主管催办→高风险升级,仅退回到可编辑前置节点；关键财务/签署节点不得物理回退,操作者、身份、时间、前后值、原因、附件哈希、设备/IP
P073,场次执行,技术后台端,S06,演出,场前检查,提交/确认/处理/退回/转交（按权限）,结果确认,按计划时点/班次完成,超时提醒→主管催办→高风险升级,仅退回到可编辑前置节点；关键财务/签署节点不得物理回退,操作者、身份、时间、前后值、原因、附件哈希、设备/IP
P073,场次执行,技术后台端,S07,结果确认,演出,提交/确认/处理/退回/转交（按权限）,异常复盘,1个工作日；高风险按制度,超时提醒→主管催办→高风险升级,仅退回到可编辑前置节点；关键财务/签署节点不得物理回退,操作者、身份、时间、前后值、原因、附件哈希、设备/IP
P073,场次执行,技术后台端,S08,异常复盘,结果确认,提交/确认/处理/退回/转交（按权限）,已关闭,立即响应；L3/L4 30分钟内升级,超时提醒→主管催办→高风险升级,仅退回到可编辑前置节点；关键财务/签署节点不得物理回退,操作者、身份、时间、前后值、原因、附件哈希、设备/IP
P074,临时缺员,技术后台端,S01,缺员报告,流程触发/发起,提交/确认/处理/退回/转交（按权限）,替补资格校验,事项关闭后2个工作日,超时提醒→主管催办→高风险升级,仅退回到可编辑前置节点；关键财务/签署节点不得物理回退,操作者、身份、时间、前后值、原因、附件哈希、设备/IP
P074,临时缺员,技术后台端,S02,替补资格校验,缺员报告,提交/确认/处理/退回/转交（按权限）,排班变更,按流程配置；默认1个工作日,超时提醒→主管催办→高风险升级,仅退回到可编辑前置节点；关键财务/签署节点不得物理回退,操作者、身份、时间、前后值、原因、附件哈希、设备/IP
P074,临时缺员,技术后台端,S03,排班变更,替补资格校验,提交/确认/处理/退回/转交（按权限）,相关部门通知,按流程配置；默认1个工作日,超时提醒→主管催办→高风险升级,仅退回到可编辑前置节点；关键财务/签署节点不得物理回退,操作者、身份、时间、前后值、原因、附件哈希、设备/IP
P074,临时缺员,技术后台端,S04,相关部门通知,排班变更,提交/确认/处理/退回/转交（按权限）,场前确认,按流程配置；默认1个工作日,超时提醒→主管催办→高风险升级,仅退回到可编辑前置节点；关键财务/签署节点不得物理回退,操作者、身份、时间、前后值、原因、附件哈希、设备/IP
P074,临时缺员,技术后台端,S05,场前确认,相关部门通知,提交/确认/处理/退回/转交（按权限）,结果记录,1个工作日；高风险按制度,超时提醒→主管催办→高风险升级,仅退回到可编辑前置节点；关键财务/签署节点不得物理回退,操作者、身份、时间、前后值、原因、附件哈希、设备/IP
P074,临时缺员,技术后台端,S06,结果记录,场前确认,提交/确认/处理/退回/转交（按权限）,已关闭,按流程配置；默认1个工作日,超时提醒→主管催办→高风险升级,仅退回到可编辑前置节点；关键财务/签署节点不得物理回退,操作者、身份、时间、前后值、原因、附件哈希、设备/IP
P075,停演,技术后台端,S01,风险发现,流程触发/发起,提交/确认/处理/退回/转交（按权限）,暂停/取消决定,立即响应；L3/L4 30分钟内升级,超时提醒→主管催办→高风险升级,仅退回到可编辑前置节点；关键财务/签署节点不得物理回退,操作者、身份、时间、前后值、原因、附件哈希、设备/IP
P075,停演,技术后台端,S02,暂停/取消决定,风险发现,提交/确认/处理/退回/转交（按权限）,游客与运营通知,按流程配置；默认1个工作日,超时提醒→主管催办→高风险升级,仅退回到可编辑前置节点；关键财务/签署节点不得物理回退,操作者、身份、时间、前后值、原因、附件哈希、设备/IP
P075,停演,技术后台端,S03,游客与运营通知,暂停/取消决定,提交/确认/处理/退回/转交（按权限）,技术和票务协同,按流程配置；默认1个工作日,超时提醒→主管催办→高风险升级,仅退回到可编辑前置节点；关键财务/签署节点不得物理回退,操作者、身份、时间、前后值、原因、附件哈希、设备/IP
P075,停演,技术后台端,S04,技术和票务协同,游客与运营通知,提交/确认/处理/退回/转交（按权限）,原因调查,按流程配置；默认1个工作日,超时提醒→主管催办→高风险升级,仅退回到可编辑前置节点；关键财务/签署节点不得物理回退,操作者、身份、时间、前后值、原因、附件哈希、设备/IP
P075,停演,技术后台端,S05,原因调查,技术和票务协同,提交/确认/处理/退回/转交（按权限）,复演条件确认,按流程配置；默认1个工作日,超时提醒→主管催办→高风险升级,仅退回到可编辑前置节点；关键财务/签署节点不得物理回退,操作者、身份、时间、前后值、原因、附件哈希、设备/IP
P075,停演,技术后台端,S06,复演条件确认,原因调查,提交/确认/处理/退回/转交（按权限）,已关闭,1个工作日；高风险按制度,超时提醒→主管催办→高风险升级,仅退回到可编辑前置节点；关键财务/签署节点不得物理回退,操作者、身份、时间、前后值、原因、附件哈希、设备/IP
P076,场次准备,技术后台端,S01,读取节目版本,流程触发/发起,提交/确认/处理/退回/转交（按权限）,生成配置清单,按流程配置；默认1个工作日,超时提醒→主管催办→高风险升级,仅退回到可编辑前置节点；关键财务/签署节点不得物理回退,操作者、身份、时间、前后值、原因、附件哈希、设备/IP
P076,场次准备,技术后台端,S02,生成配置清单,读取节目版本,提交/确认/处理/退回/转交（按权限）,备货,按流程配置；默认1个工作日,超时提醒→主管催办→高风险升级,仅退回到可编辑前置节点；关键财务/签署节点不得物理回退,操作者、身份、时间、前后值、原因、附件哈希、设备/IP
P076,场次准备,技术后台端,S03,备货,生成配置清单,提交/确认/处理/退回/转交（按权限）,状态检查,按流程配置；默认1个工作日,超时提醒→主管催办→高风险升级,仅退回到可编辑前置节点；关键财务/签署节点不得物理回退,操作者、身份、时间、前后值、原因、附件哈希、设备/IP
P076,场次准备,技术后台端,S04,状态检查,备货,提交/确认/处理/退回/转交（按权限）,领用签收,按流程配置；默认1个工作日,超时提醒→主管催办→高风险升级,仅退回到可编辑前置节点；关键财务/签署节点不得物理回退,操作者、身份、时间、前后值、原因、附件哈希、设备/IP
P076,场次准备,技术后台端,S05,领用签收,状态检查,提交/确认/处理/退回/转交（按权限）,场次使用,按流程配置；默认1个工作日,超时提醒→主管催办→高风险升级,仅退回到可编辑前置节点；关键财务/签署节点不得物理回退,操作者、身份、时间、前后值、原因、附件哈希、设备/IP
P076,场次准备,技术后台端,S06,场次使用,领用签收,提交/确认/处理/退回/转交（按权限）,归还验收,按流程配置；默认1个工作日,超时提醒→主管催办→高风险升级,仅退回到可编辑前置节点；关键财务/签署节点不得物理回退,操作者、身份、时间、前后值、原因、附件哈希、设备/IP
P076,场次准备,技术后台端,S07,归还验收,场次使用,提交/确认/处理/退回/转交（按权限）,清洁维护,1个工作日；高风险按制度,超时提醒→主管催办→高风险升级,仅退回到可编辑前置节点；关键财务/签署节点不得物理回退,操作者、身份、时间、前后值、原因、附件哈希、设备/IP
P076,场次准备,技术后台端,S08,清洁维护,归还验收,提交/确认/处理/退回/转交（按权限）,已关闭,按计划时点/班次完成,超时提醒→主管催办→高风险升级,仅退回到可编辑前置节点；关键财务/签署节点不得物理回退,操作者、身份、时间、前后值、原因、附件哈希、设备/IP
P077,损坏报损,技术后台端,S01,归还发现异常,流程触发/发起,提交/确认/处理/退回/转交（按权限）,隔离,立即响应；L3/L4 30分钟内升级,超时提醒→主管催办→高风险升级,仅退回到可编辑前置节点；关键财务/签署节点不得物理回退,操作者、身份、时间、前后值、原因、附件哈希、设备/IP
P077,损坏报损,技术后台端,S02,隔离,归还发现异常,提交/确认/处理/退回/转交（按权限）,专业鉴定,按流程配置；默认1个工作日,超时提醒→主管催办→高风险升级,仅退回到可编辑前置节点；关键财务/签署节点不得物理回退,操作者、身份、时间、前后值、原因、附件哈希、设备/IP
P077,损坏报损,技术后台端,S03,专业鉴定,隔离,提交/确认/处理/退回/转交（按权限）,维修/报损建议,按流程配置；默认1个工作日,超时提醒→主管催办→高风险升级,仅退回到可编辑前置节点；关键财务/签署节点不得物理回退,操作者、身份、时间、前后值、原因、附件哈希、设备/IP
P077,损坏报损,技术后台端,S04,维修/报损建议,专业鉴定,提交/确认/处理/退回/转交（按权限）,审批,按计划时点/班次完成,超时提醒→主管催办→高风险升级,仅退回到可编辑前置节点；关键财务/签署节点不得物理回退,操作者、身份、时间、前后值、原因、附件哈希、设备/IP
P077,损坏报损,技术后台端,S05,审批,维修/报损建议,提交/确认/处理/退回/转交（按权限）,维修或资产处置,1个工作日；高风险按制度,超时提醒→主管催办→高风险升级,仅退回到可编辑前置节点；关键财务/签署节点不得物理回退,操作者、身份、时间、前后值、原因、附件哈希、设备/IP
P077,损坏报损,技术后台端,S06,维修或资产处置,审批,提交/确认/处理/退回/转交（按权限）,状态回写,按计划时点/班次完成,超时提醒→主管催办→高风险升级,仅退回到可编辑前置节点；关键财务/签署节点不得物理回退,操作者、身份、时间、前后值、原因、附件哈希、设备/IP
P077,损坏报损,技术后台端,S07,状态回写,维修或资产处置,提交/确认/处理/退回/转交（按权限）,已关闭,按流程配置；默认1个工作日,超时提醒→主管催办→高风险升级,仅退回到可编辑前置节点；关键财务/签署节点不得物理回退,操作者、身份、时间、前后值、原因、附件哈希、设备/IP
P078,盘点,技术后台端,S01,计划,流程触发/发起,提交/确认/处理/退回/转交（按权限）,分区冻结,按流程配置；默认1个工作日,超时提醒→主管催办→高风险升级,仅退回到可编辑前置节点；关键财务/签署节点不得物理回退,操作者、身份、时间、前后值、原因、附件哈希、设备/IP
P078,盘点,技术后台端,S02,分区冻结,计划,提交/确认/处理/退回/转交（按权限）,实盘,按流程配置；默认1个工作日,超时提醒→主管催办→高风险升级,仅退回到可编辑前置节点；关键财务/签署节点不得物理回退,操作者、身份、时间、前后值、原因、附件哈希、设备/IP
P078,盘点,技术后台端,S03,实盘,分区冻结,提交/确认/处理/退回/转交（按权限）,差异,按流程配置；默认1个工作日,超时提醒→主管催办→高风险升级,仅退回到可编辑前置节点；关键财务/签署节点不得物理回退,操作者、身份、时间、前后值、原因、附件哈希、设备/IP
P078,盘点,技术后台端,S04,差异,实盘,提交/确认/处理/退回/转交（按权限）,追溯场次领用,按流程配置；默认1个工作日,超时提醒→主管催办→高风险升级,仅退回到可编辑前置节点；关键财务/签署节点不得物理回退,操作者、身份、时间、前后值、原因、附件哈希、设备/IP
P078,盘点,技术后台端,S05,追溯场次领用,差异,提交/确认/处理/退回/转交（按权限）,处理,按流程配置；默认1个工作日,超时提醒→主管催办→高风险升级,仅退回到可编辑前置节点；关键财务/签署节点不得物理回退,操作者、身份、时间、前后值、原因、附件哈希、设备/IP
P078,盘点,技术后台端,S06,处理,追溯场次领用,提交/确认/处理/退回/转交（按权限）,复核,按流程配置；默认1个工作日,超时提醒→主管催办→高风险升级,仅退回到可编辑前置节点；关键财务/签署节点不得物理回退,操作者、身份、时间、前后值、原因、附件哈希、设备/IP
P078,盘点,技术后台端,S07,复核,处理,提交/确认/处理/退回/转交（按权限）,已关闭,1个工作日；高风险按制度,超时提醒→主管催办→高风险升级,仅退回到可编辑前置节点；关键财务/签署节点不得物理回退,操作者、身份、时间、前后值、原因、附件哈希、设备/IP
P079,飞行任务,技术后台端,S01,任务申请,流程触发/发起,提交/确认/处理/退回/转交（按权限）,区域与用途审核,按流程配置；默认1个工作日,超时提醒→主管催办→高风险升级,仅退回到可编辑前置节点；关键财务/签署节点不得物理回退,操作者、身份、时间、前后值、原因、附件哈希、设备/IP
P079,飞行任务,技术后台端,S02,区域与用途审核,任务申请,提交/确认/处理/退回/转交（按权限）,资质设备校验,1个工作日；高风险按制度,超时提醒→主管催办→高风险升级,仅退回到可编辑前置节点；关键财务/签署节点不得物理回退,操作者、身份、时间、前后值、原因、附件哈希、设备/IP
P079,飞行任务,技术后台端,S03,资质设备校验,区域与用途审核,提交/确认/处理/退回/转交（按权限）,气象与报备,按流程配置；默认1个工作日,超时提醒→主管催办→高风险升级,仅退回到可编辑前置节点；关键财务/签署节点不得物理回退,操作者、身份、时间、前后值、原因、附件哈希、设备/IP
P079,飞行任务,技术后台端,S04,气象与报备,资质设备校验,提交/确认/处理/退回/转交（按权限）,计划批准,按流程配置；默认1个工作日,超时提醒→主管催办→高风险升级,仅退回到可编辑前置节点；关键财务/签署节点不得物理回退,操作者、身份、时间、前后值、原因、附件哈希、设备/IP
P079,飞行任务,技术后台端,S05,计划批准,气象与报备,提交/确认/处理/退回/转交（按权限）,场前检查,按流程配置；默认1个工作日,超时提醒→主管催办→高风险升级,仅退回到可编辑前置节点；关键财务/签署节点不得物理回退,操作者、身份、时间、前后值、原因、附件哈希、设备/IP
P079,飞行任务,技术后台端,S06,场前检查,计划批准,提交/确认/处理/退回/转交（按权限）,飞行,按流程配置；默认1个工作日,超时提醒→主管催办→高风险升级,仅退回到可编辑前置节点；关键财务/签署节点不得物理回退,操作者、身份、时间、前后值、原因、附件哈希、设备/IP
P079,飞行任务,技术后台端,S07,飞行,场前检查,提交/确认/处理/退回/转交（按权限）,日志回传,按计划时点/班次完成,超时提醒→主管催办→高风险升级,仅退回到可编辑前置节点；关键财务/签署节点不得物理回退,操作者、身份、时间、前后值、原因、附件哈希、设备/IP
P079,飞行任务,技术后台端,S08,日志回传,飞行,提交/确认/处理/退回/转交（按权限）,验收归档,按流程配置；默认1个工作日,超时提醒→主管催办→高风险升级,仅退回到可编辑前置节点；关键财务/签署节点不得物理回退,操作者、身份、时间、前后值、原因、附件哈希、设备/IP
P079,飞行任务,技术后台端,S09,验收归档,日志回传,提交/确认/处理/退回/转交（按权限）,已关闭,1个工作日；高风险按制度,超时提醒→主管催办→高风险升级,仅退回到可编辑前置节点；关键财务/签署节点不得物理回退,操作者、身份、时间、前后值、原因、附件哈希、设备/IP
P080,任务取消,技术后台端,S01,天气或风险触发,流程触发/发起,提交/确认/处理/退回/转交（按权限）,暂停,立即响应；L3/L4 30分钟内升级,超时提醒→主管催办→高风险升级,仅退回到可编辑前置节点；关键财务/签署节点不得物理回退,操作者、身份、时间、前后值、原因、附件哈希、设备/IP
P080,任务取消,技术后台端,S02,暂停,天气或风险触发,提交/确认/处理/退回/转交（按权限）,相关中心通知,按流程配置；默认1个工作日,超时提醒→主管催办→高风险升级,仅退回到可编辑前置节点；关键财务/签署节点不得物理回退,操作者、身份、时间、前后值、原因、附件哈希、设备/IP
P080,任务取消,技术后台端,S03,相关中心通知,暂停,提交/确认/处理/退回/转交（按权限）,设备解除锁定,按流程配置；默认1个工作日,超时提醒→主管催办→高风险升级,仅退回到可编辑前置节点；关键财务/签署节点不得物理回退,操作者、身份、时间、前后值、原因、附件哈希、设备/IP
P080,任务取消,技术后台端,S04,设备解除锁定,相关中心通知,提交/确认/处理/退回/转交（按权限）,票务/运营影响处理,按流程配置；默认1个工作日,超时提醒→主管催办→高风险升级,仅退回到可编辑前置节点；关键财务/签署节点不得物理回退,操作者、身份、时间、前后值、原因、附件哈希、设备/IP
P080,任务取消,技术后台端,S05,票务/运营影响处理,设备解除锁定,提交/确认/处理/退回/转交（按权限）,原因归档,按流程配置；默认1个工作日,超时提醒→主管催办→高风险升级,仅退回到可编辑前置节点；关键财务/签署节点不得物理回退,操作者、身份、时间、前后值、原因、附件哈希、设备/IP
P080,任务取消,技术后台端,S06,原因归档,票务/运营影响处理,提交/确认/处理/退回/转交（按权限）,已关闭,事项关闭后2个工作日,超时提醒→主管催办→高风险升级,仅退回到可编辑前置节点；关键财务/签署节点不得物理回退,操作者、身份、时间、前后值、原因、附件哈希、设备/IP
P081,飞行事故,技术后台端,S01,立即停飞,流程触发/发起,提交/确认/处理/退回/转交（按权限）,人员与现场保护,按流程配置；默认1个工作日,超时提醒→主管催办→高风险升级,仅退回到可编辑前置节点；关键财务/签署节点不得物理回退,操作者、身份、时间、前后值、原因、附件哈希、设备/IP
P081,飞行事故,技术后台端,S02,人员与现场保护,立即停飞,提交/确认/处理/退回/转交（按权限）,报告,按流程配置；默认1个工作日,超时提醒→主管催办→高风险升级,仅退回到可编辑前置节点；关键财务/签署节点不得物理回退,操作者、身份、时间、前后值、原因、附件哈希、设备/IP
P081,飞行事故,技术后台端,S03,报告,人员与现场保护,提交/确认/处理/退回/转交（按权限）,设备隔离,事项关闭后2个工作日,超时提醒→主管催办→高风险升级,仅退回到可编辑前置节点；关键财务/签署节点不得物理回退,操作者、身份、时间、前后值、原因、附件哈希、设备/IP
P081,飞行事故,技术后台端,S04,设备隔离,报告,提交/确认/处理/退回/转交（按权限）,数据保全,按流程配置；默认1个工作日,超时提醒→主管催办→高风险升级,仅退回到可编辑前置节点；关键财务/签署节点不得物理回退,操作者、身份、时间、前后值、原因、附件哈希、设备/IP
P081,飞行事故,技术后台端,S05,数据保全,设备隔离,提交/确认/处理/退回/转交（按权限）,统一案件,按流程配置；默认1个工作日,超时提醒→主管催办→高风险升级,仅退回到可编辑前置节点；关键财务/签署节点不得物理回退,操作者、身份、时间、前后值、原因、附件哈希、设备/IP
P081,飞行事故,技术后台端,S06,统一案件,数据保全,提交/确认/处理/退回/转交（按权限）,专业调查,按流程配置；默认1个工作日,超时提醒→主管催办→高风险升级,仅退回到可编辑前置节点；关键财务/签署节点不得物理回退,操作者、身份、时间、前后值、原因、附件哈希、设备/IP
P081,飞行事故,技术后台端,S07,专业调查,统一案件,提交/确认/处理/退回/转交（按权限）,整改与复飞审批,按流程配置；默认1个工作日,超时提醒→主管催办→高风险升级,仅退回到可编辑前置节点；关键财务/签署节点不得物理回退,操作者、身份、时间、前后值、原因、附件哈希、设备/IP
P081,飞行事故,技术后台端,S08,整改与复飞审批,专业调查,提交/确认/处理/退回/转交（按权限）,已关闭,1个工作日；高风险按制度,超时提醒→主管催办→高风险升级,仅退回到可编辑前置节点；关键财务/签署节点不得物理回退,操作者、身份、时间、前后值、原因、附件哈希、设备/IP
P082,场次技术保障,技术后台端,S01,读取节目场次,流程触发/发起,提交/确认/处理/退回/转交（按权限）,生成技术任务,按流程配置；默认1个工作日,超时提醒→主管催办→高风险升级,仅退回到可编辑前置节点；关键财务/签署节点不得物理回退,操作者、身份、时间、前后值、原因、附件哈希、设备/IP
P082,场次技术保障,技术后台端,S02,生成技术任务,读取节目场次,提交/确认/处理/退回/转交（按权限）,人员排班,按流程配置；默认1个工作日,超时提醒→主管催办→高风险升级,仅退回到可编辑前置节点；关键财务/签署节点不得物理回退,操作者、身份、时间、前后值、原因、附件哈希、设备/IP
P082,场次技术保障,技术后台端,S03,人员排班,生成技术任务,提交/确认/处理/退回/转交（按权限）,设备配置,按流程配置；默认1个工作日,超时提醒→主管催办→高风险升级,仅退回到可编辑前置节点；关键财务/签署节点不得物理回退,操作者、身份、时间、前后值、原因、附件哈希、设备/IP
P082,场次技术保障,技术后台端,S04,设备配置,人员排班,提交/确认/处理/退回/转交（按权限）,场前联调,按流程配置；默认1个工作日,超时提醒→主管催办→高风险升级,仅退回到可编辑前置节点；关键财务/签署节点不得物理回退,操作者、身份、时间、前后值、原因、附件哈希、设备/IP
P082,场次技术保障,技术后台端,S05,场前联调,设备配置,提交/确认/处理/退回/转交（按权限）,场中值守,按流程配置；默认1个工作日,超时提醒→主管催办→高风险升级,仅退回到可编辑前置节点；关键财务/签署节点不得物理回退,操作者、身份、时间、前后值、原因、附件哈希、设备/IP
P082,场次技术保障,技术后台端,S06,场中值守,场前联调,提交/确认/处理/退回/转交（按权限）,场后检查,按流程配置；默认1个工作日,超时提醒→主管催办→高风险升级,仅退回到可编辑前置节点；关键财务/签署节点不得物理回退,操作者、身份、时间、前后值、原因、附件哈希、设备/IP
P082,场次技术保障,技术后台端,S07,场后检查,场中值守,提交/确认/处理/退回/转交（按权限）,结果确认,按流程配置；默认1个工作日,超时提醒→主管催办→高风险升级,仅退回到可编辑前置节点；关键财务/签署节点不得物理回退,操作者、身份、时间、前后值、原因、附件哈希、设备/IP
P082,场次技术保障,技术后台端,S08,结果确认,场后检查,提交/确认/处理/退回/转交（按权限）,已关闭,1个工作日；高风险按制度,超时提醒→主管催办→高风险升级,仅退回到可编辑前置节点；关键财务/签署节点不得物理回退,操作者、身份、时间、前后值、原因、附件哈希、设备/IP
P083,设备故障,技术后台端,S01,故障发现,流程触发/发起,提交/确认/处理/退回/转交（按权限）,风险分级,立即响应；L3/L4 30分钟内升级,超时提醒→主管催办→高风险升级,仅退回到可编辑前置节点；关键财务/签署节点不得物理回退,操作者、身份、时间、前后值、原因、附件哈希、设备/IP
P083,设备故障,技术后台端,S02,风险分级,故障发现,提交/确认/处理/退回/转交（按权限）,立即隔离/降级,立即响应；L3/L4 30分钟内升级,超时提醒→主管催办→高风险升级,仅退回到可编辑前置节点；关键财务/签署节点不得物理回退,操作者、身份、时间、前后值、原因、附件哈希、设备/IP
P083,设备故障,技术后台端,S03,立即隔离/降级,风险分级,提交/确认/处理/退回/转交（按权限）,替代方案,按流程配置；默认1个工作日,超时提醒→主管催办→高风险升级,仅退回到可编辑前置节点；关键财务/签署节点不得物理回退,操作者、身份、时间、前后值、原因、附件哈希、设备/IP
P083,设备故障,技术后台端,S04,替代方案,立即隔离/降级,提交/确认/处理/退回/转交（按权限）,维修工单,按流程配置；默认1个工作日,超时提醒→主管催办→高风险升级,仅退回到可编辑前置节点；关键财务/签署节点不得物理回退,操作者、身份、时间、前后值、原因、附件哈希、设备/IP
P083,设备故障,技术后台端,S05,维修工单,替代方案,提交/确认/处理/退回/转交（按权限）,验收,按计划时点/班次完成,超时提醒→主管催办→高风险升级,仅退回到可编辑前置节点；关键财务/签署节点不得物理回退,操作者、身份、时间、前后值、原因、附件哈希、设备/IP
P083,设备故障,技术后台端,S06,验收,维修工单,提交/确认/处理/退回/转交（按权限）,恢复,1个工作日；高风险按制度,超时提醒→主管催办→高风险升级,仅退回到可编辑前置节点；关键财务/签署节点不得物理回退,操作者、身份、时间、前后值、原因、附件哈希、设备/IP
P083,设备故障,技术后台端,S07,恢复,验收,提交/确认/处理/退回/转交（按权限）,根因分析,按流程配置；默认1个工作日,超时提醒→主管催办→高风险升级,仅退回到可编辑前置节点；关键财务/签署节点不得物理回退,操作者、身份、时间、前后值、原因、附件哈希、设备/IP
P083,设备故障,技术后台端,S08,根因分析,恢复,提交/确认/处理/退回/转交（按权限）,已关闭,按流程配置；默认1个工作日,超时提醒→主管催办→高风险升级,仅退回到可编辑前置节点；关键财务/签署节点不得物理回退,操作者、身份、时间、前后值、原因、附件哈希、设备/IP
P084,停演技术建议,技术后台端,S01,重大故障,流程触发/发起,提交/确认/处理/退回/转交（按权限）,安全评估,立即响应；L3/L4 30分钟内升级,超时提醒→主管催办→高风险升级,仅退回到可编辑前置节点；关键财务/签署节点不得物理回退,操作者、身份、时间、前后值、原因、附件哈希、设备/IP
P084,停演技术建议,技术后台端,S02,安全评估,重大故障,提交/确认/处理/退回/转交（按权限）,提出停演建议,按流程配置；默认1个工作日,超时提醒→主管催办→高风险升级,仅退回到可编辑前置节点；关键财务/签署节点不得物理回退,操作者、身份、时间、前后值、原因、附件哈希、设备/IP
P084,停演技术建议,技术后台端,S03,提出停演建议,安全评估,提交/确认/处理/退回/转交（按权限）,有权决定,按流程配置；默认1个工作日,超时提醒→主管催办→高风险升级,仅退回到可编辑前置节点；关键财务/签署节点不得物理回退,操作者、身份、时间、前后值、原因、附件哈希、设备/IP
P084,停演技术建议,技术后台端,S04,有权决定,提出停演建议,提交/确认/处理/退回/转交（按权限）,通知相关中心,按流程配置；默认1个工作日,超时提醒→主管催办→高风险升级,仅退回到可编辑前置节点；关键财务/签署节点不得物理回退,操作者、身份、时间、前后值、原因、附件哈希、设备/IP
P084,停演技术建议,技术后台端,S05,通知相关中心,有权决定,提交/确认/处理/退回/转交（按权限）,现场处置,按流程配置；默认1个工作日,超时提醒→主管催办→高风险升级,仅退回到可编辑前置节点；关键财务/签署节点不得物理回退,操作者、身份、时间、前后值、原因、附件哈希、设备/IP
P084,停演技术建议,技术后台端,S06,现场处置,通知相关中心,提交/确认/处理/退回/转交（按权限）,复演验证,按流程配置；默认1个工作日,超时提醒→主管催办→高风险升级,仅退回到可编辑前置节点；关键财务/签署节点不得物理回退,操作者、身份、时间、前后值、原因、附件哈希、设备/IP
P084,停演技术建议,技术后台端,S07,复演验证,现场处置,提交/确认/处理/退回/转交（按权限）,已关闭,按流程配置；默认1个工作日,超时提醒→主管催办→高风险升级,仅退回到可编辑前置节点；关键财务/签署节点不得物理回退,操作者、身份、时间、前后值、原因、附件哈希、设备/IP
P085,网络故障,技术后台端,S01,监控或用户发现,流程触发/发起,提交/确认/处理/退回/转交（按权限）,告警归并,按流程配置；默认1个工作日,超时提醒→主管催办→高风险升级,仅退回到可编辑前置节点；关键财务/签署节点不得物理回退,操作者、身份、时间、前后值、原因、附件哈希、设备/IP
P085,网络故障,技术后台端,S02,告警归并,监控或用户发现,提交/确认/处理/退回/转交（按权限）,影响范围判断,按流程配置；默认1个工作日,超时提醒→主管催办→高风险升级,仅退回到可编辑前置节点；关键财务/签署节点不得物理回退,操作者、身份、时间、前后值、原因、附件哈希、设备/IP
P085,网络故障,技术后台端,S03,影响范围判断,告警归并,提交/确认/处理/退回/转交（按权限）,应急恢复,按流程配置；默认1个工作日,超时提醒→主管催办→高风险升级,仅退回到可编辑前置节点；关键财务/签署节点不得物理回退,操作者、身份、时间、前后值、原因、附件哈希、设备/IP
P085,网络故障,技术后台端,S04,应急恢复,影响范围判断,提交/确认/处理/退回/转交（按权限）,通知业务,按流程配置；默认1个工作日,超时提醒→主管催办→高风险升级,仅退回到可编辑前置节点；关键财务/签署节点不得物理回退,操作者、身份、时间、前后值、原因、附件哈希、设备/IP
P085,网络故障,技术后台端,S05,通知业务,应急恢复,提交/确认/处理/退回/转交（按权限）,根因修复,按流程配置；默认1个工作日,超时提醒→主管催办→高风险升级,仅退回到可编辑前置节点；关键财务/签署节点不得物理回退,操作者、身份、时间、前后值、原因、附件哈希、设备/IP
P085,网络故障,技术后台端,S06,根因修复,通知业务,提交/确认/处理/退回/转交（按权限）,验证,按流程配置；默认1个工作日,超时提醒→主管催办→高风险升级,仅退回到可编辑前置节点；关键财务/签署节点不得物理回退,操作者、身份、时间、前后值、原因、附件哈希、设备/IP
P085,网络故障,技术后台端,S07,验证,根因修复,提交/确认/处理/退回/转交（按权限）,复盘,按流程配置；默认1个工作日,超时提醒→主管催办→高风险升级,仅退回到可编辑前置节点；关键财务/签署节点不得物理回退,操作者、身份、时间、前后值、原因、附件哈希、设备/IP
P085,网络故障,技术后台端,S08,复盘,验证,提交/确认/处理/退回/转交（按权限）,已关闭,事项关闭后2个工作日,超时提醒→主管催办→高风险升级,仅退回到可编辑前置节点；关键财务/签署节点不得物理回退,操作者、身份、时间、前后值、原因、附件哈希、设备/IP
P086,网络变更,技术后台端,S01,变更申请,流程触发/发起,提交/确认/处理/退回/转交（按权限）,影响与风险,按流程配置；默认1个工作日,超时提醒→主管催办→高风险升级,仅退回到可编辑前置节点；关键财务/签署节点不得物理回退,操作者、身份、时间、前后值、原因、附件哈希、设备/IP
P086,网络变更,技术后台端,S02,影响与风险,变更申请,提交/确认/处理/退回/转交（按权限）,技术评审,立即响应；L3/L4 30分钟内升级,超时提醒→主管催办→高风险升级,仅退回到可编辑前置节点；关键财务/签署节点不得物理回退,操作者、身份、时间、前后值、原因、附件哈希、设备/IP
P086,网络变更,技术后台端,S03,技术评审,影响与风险,提交/确认/处理/退回/转交（按权限）,业务确认,1个工作日；高风险按制度,超时提醒→主管催办→高风险升级,仅退回到可编辑前置节点；关键财务/签署节点不得物理回退,操作者、身份、时间、前后值、原因、附件哈希、设备/IP
P086,网络变更,技术后台端,S04,业务确认,技术评审,提交/确认/处理/退回/转交（按权限）,变更窗口,1个工作日；高风险按制度,超时提醒→主管催办→高风险升级,仅退回到可编辑前置节点；关键财务/签署节点不得物理回退,操作者、身份、时间、前后值、原因、附件哈希、设备/IP
P086,网络变更,技术后台端,S05,变更窗口,业务确认,提交/确认/处理/退回/转交（按权限）,执行,按流程配置；默认1个工作日,超时提醒→主管催办→高风险升级,仅退回到可编辑前置节点；关键财务/签署节点不得物理回退,操作者、身份、时间、前后值、原因、附件哈希、设备/IP
P086,网络变更,技术后台端,S06,执行,变更窗口,提交/确认/处理/退回/转交（按权限）,验证,按计划时点/班次完成,超时提醒→主管催办→高风险升级,仅退回到可编辑前置节点；关键财务/签署节点不得物理回退,操作者、身份、时间、前后值、原因、附件哈希、设备/IP
P086,网络变更,技术后台端,S07,验证,执行,提交/确认/处理/退回/转交（按权限）,回退或关闭,按流程配置；默认1个工作日,超时提醒→主管催办→高风险升级,仅退回到可编辑前置节点；关键财务/签署节点不得物理回退,操作者、身份、时间、前后值、原因、附件哈希、设备/IP
P086,网络变更,技术后台端,S08,回退或关闭,验证,提交/确认/处理/退回/转交（按权限）,已关闭,按流程配置；默认1个工作日,超时提醒→主管催办→高风险升级,仅退回到可编辑前置节点；关键财务/签署节点不得物理回退,操作者、身份、时间、前后值、原因、附件哈希、设备/IP
P087,活动保障,技术后台端,S01,活动需求,流程触发/发起,提交/确认/处理/退回/转交（按权限）,容量与覆盖评估,按流程配置；默认1个工作日,超时提醒→主管催办→高风险升级,仅退回到可编辑前置节点；关键财务/签署节点不得物理回退,操作者、身份、时间、前后值、原因、附件哈希、设备/IP
P087,活动保障,技术后台端,S02,容量与覆盖评估,活动需求,提交/确认/处理/退回/转交（按权限）,临时设备/链路,按流程配置；默认1个工作日,超时提醒→主管催办→高风险升级,仅退回到可编辑前置节点；关键财务/签署节点不得物理回退,操作者、身份、时间、前后值、原因、附件哈希、设备/IP
P087,活动保障,技术后台端,S03,临时设备/链路,容量与覆盖评估,提交/确认/处理/退回/转交（按权限）,联调,按流程配置；默认1个工作日,超时提醒→主管催办→高风险升级,仅退回到可编辑前置节点；关键财务/签署节点不得物理回退,操作者、身份、时间、前后值、原因、附件哈希、设备/IP
P087,活动保障,技术后台端,S04,联调,临时设备/链路,提交/确认/处理/退回/转交（按权限）,现场值守,按流程配置；默认1个工作日,超时提醒→主管催办→高风险升级,仅退回到可编辑前置节点；关键财务/签署节点不得物理回退,操作者、身份、时间、前后值、原因、附件哈希、设备/IP
P087,活动保障,技术后台端,S05,现场值守,联调,提交/确认/处理/退回/转交（按权限）,撤场,按流程配置；默认1个工作日,超时提醒→主管催办→高风险升级,仅退回到可编辑前置节点；关键财务/签署节点不得物理回退,操作者、身份、时间、前后值、原因、附件哈希、设备/IP
P087,活动保障,技术后台端,S06,撤场,现场值守,提交/确认/处理/退回/转交（按权限）,数据复盘,按流程配置；默认1个工作日,超时提醒→主管催办→高风险升级,仅退回到可编辑前置节点；关键财务/签署节点不得物理回退,操作者、身份、时间、前后值、原因、附件哈希、设备/IP
P087,活动保障,技术后台端,S07,数据复盘,撤场,提交/确认/处理/退回/转交（按权限）,已关闭,事项关闭后2个工作日,超时提醒→主管催办→高风险升级,仅退回到可编辑前置节点；关键财务/签署节点不得物理回退,操作者、身份、时间、前后值、原因、附件哈希、设备/IP
P088,IT服务请求,技术后台端,S01,用户申请,流程触发/发起,提交/确认/处理/退回/转交（按权限）,服务目录匹配,按流程配置；默认1个工作日,超时提醒→主管催办→高风险升级,仅退回到可编辑前置节点；关键财务/签署节点不得物理回退,操作者、身份、时间、前后值、原因、附件哈希、设备/IP
P088,IT服务请求,技术后台端,S02,服务目录匹配,用户申请,提交/确认/处理/退回/转交（按权限）,自动/人工分派,按流程配置；默认1个工作日,超时提醒→主管催办→高风险升级,仅退回到可编辑前置节点；关键财务/签署节点不得物理回退,操作者、身份、时间、前后值、原因、附件哈希、设备/IP
P088,IT服务请求,技术后台端,S03,自动/人工分派,服务目录匹配,提交/确认/处理/退回/转交（按权限）,处理,按流程配置；默认1个工作日,超时提醒→主管催办→高风险升级,仅退回到可编辑前置节点；关键财务/签署节点不得物理回退,操作者、身份、时间、前后值、原因、附件哈希、设备/IP
P088,IT服务请求,技术后台端,S04,处理,自动/人工分派,提交/确认/处理/退回/转交（按权限）,用户确认,按流程配置；默认1个工作日,超时提醒→主管催办→高风险升级,仅退回到可编辑前置节点；关键财务/签署节点不得物理回退,操作者、身份、时间、前后值、原因、附件哈希、设备/IP
P088,IT服务请求,技术后台端,S05,用户确认,处理,提交/确认/处理/退回/转交（按权限）,验收,1个工作日；高风险按制度,超时提醒→主管催办→高风险升级,仅退回到可编辑前置节点；关键财务/签署节点不得物理回退,操作者、身份、时间、前后值、原因、附件哈希、设备/IP
P088,IT服务请求,技术后台端,S06,验收,用户确认,提交/确认/处理/退回/转交（按权限）,知识沉淀,1个工作日；高风险按制度,超时提醒→主管催办→高风险升级,仅退回到可编辑前置节点；关键财务/签署节点不得物理回退,操作者、身份、时间、前后值、原因、附件哈希、设备/IP
P088,IT服务请求,技术后台端,S07,知识沉淀,验收,提交/确认/处理/退回/转交（按权限）,已关闭,按流程配置；默认1个工作日,超时提醒→主管催办→高风险升级,仅退回到可编辑前置节点；关键财务/签署节点不得物理回退,操作者、身份、时间、前后值、原因、附件哈希、设备/IP
P089,生产发布,技术后台端,S01,发布申请,流程触发/发起,提交/确认/处理/退回/转交（按权限）,测试证据,按流程配置；默认1个工作日,超时提醒→主管催办→高风险升级,仅退回到可编辑前置节点；关键财务/签署节点不得物理回退,操作者、身份、时间、前后值、原因、附件哈希、设备/IP
P089,生产发布,技术后台端,S02,测试证据,发布申请,提交/确认/处理/退回/转交（按权限）,业务确认,按流程配置；默认1个工作日,超时提醒→主管催办→高风险升级,仅退回到可编辑前置节点；关键财务/签署节点不得物理回退,操作者、身份、时间、前后值、原因、附件哈希、设备/IP
P089,生产发布,技术后台端,S03,业务确认,测试证据,提交/确认/处理/退回/转交（按权限）,变更评审,1个工作日；高风险按制度,超时提醒→主管催办→高风险升级,仅退回到可编辑前置节点；关键财务/签署节点不得物理回退,操作者、身份、时间、前后值、原因、附件哈希、设备/IP
P089,生产发布,技术后台端,S04,变更评审,业务确认,提交/确认/处理/退回/转交（按权限）,窗口执行,1个工作日；高风险按制度,超时提醒→主管催办→高风险升级,仅退回到可编辑前置节点；关键财务/签署节点不得物理回退,操作者、身份、时间、前后值、原因、附件哈希、设备/IP
P089,生产发布,技术后台端,S05,窗口执行,变更评审,提交/确认/处理/退回/转交（按权限）,健康检查,按计划时点/班次完成,超时提醒→主管催办→高风险升级,仅退回到可编辑前置节点；关键财务/签署节点不得物理回退,操作者、身份、时间、前后值、原因、附件哈希、设备/IP
P089,生产发布,技术后台端,S06,健康检查,窗口执行,提交/确认/处理/退回/转交（按权限）,灰度,按流程配置；默认1个工作日,超时提醒→主管催办→高风险升级,仅退回到可编辑前置节点；关键财务/签署节点不得物理回退,操作者、身份、时间、前后值、原因、附件哈希、设备/IP
P089,生产发布,技术后台端,S07,灰度,健康检查,提交/确认/处理/退回/转交（按权限）,全量或回退,按流程配置；默认1个工作日,超时提醒→主管催办→高风险升级,仅退回到可编辑前置节点；关键财务/签署节点不得物理回退,操作者、身份、时间、前后值、原因、附件哈希、设备/IP
P089,生产发布,技术后台端,S08,全量或回退,灰度,提交/确认/处理/退回/转交（按权限）,归档,按流程配置；默认1个工作日,超时提醒→主管催办→高风险升级,仅退回到可编辑前置节点；关键财务/签署节点不得物理回退,操作者、身份、时间、前后值、原因、附件哈希、设备/IP
P089,生产发布,技术后台端,S09,归档,全量或回退,提交/确认/处理/退回/转交（按权限）,已关闭,事项关闭后2个工作日,超时提醒→主管催办→高风险升级,仅退回到可编辑前置节点；关键财务/签署节点不得物理回退,操作者、身份、时间、前后值、原因、附件哈希、设备/IP
P090,账号执行,技术后台端,S01,业务授权批准,流程触发/发起,提交/确认/处理/退回/转交（按权限）,执行任务,按流程配置；默认1个工作日,超时提醒→主管催办→高风险升级,仅退回到可编辑前置节点；关键财务/签署节点不得物理回退,操作者、身份、时间、前后值、原因、附件哈希、设备/IP
P090,账号执行,技术后台端,S02,执行任务,业务授权批准,提交/确认/处理/退回/转交（按权限）,最小权限配置,按计划时点/班次完成,超时提醒→主管催办→高风险升级,仅退回到可编辑前置节点；关键财务/签署节点不得物理回退,操作者、身份、时间、前后值、原因、附件哈希、设备/IP
P090,账号执行,技术后台端,S03,最小权限配置,执行任务,提交/确认/处理/退回/转交（按权限）,回执,按流程配置；默认1个工作日,超时提醒→主管催办→高风险升级,仅退回到可编辑前置节点；关键财务/签署节点不得物理回退,操作者、身份、时间、前后值、原因、附件哈希、设备/IP
P090,账号执行,技术后台端,S04,回执,最小权限配置,提交/确认/处理/退回/转交（按权限）,权限复核,按流程配置；默认1个工作日,超时提醒→主管催办→高风险升级,仅退回到可编辑前置节点；关键财务/签署节点不得物理回退,操作者、身份、时间、前后值、原因、附件哈希、设备/IP
P090,账号执行,技术后台端,S05,权限复核,回执,提交/确认/处理/退回/转交（按权限）,到期/离职回收,1个工作日；高风险按制度,超时提醒→主管催办→高风险升级,仅退回到可编辑前置节点；关键财务/签署节点不得物理回退,操作者、身份、时间、前后值、原因、附件哈希、设备/IP
P090,账号执行,技术后台端,S06,到期/离职回收,权限复核,提交/确认/处理/退回/转交（按权限）,已关闭,按流程配置；默认1个工作日,超时提醒→主管催办→高风险升级,仅退回到可编辑前置节点；关键财务/签署节点不得物理回退,操作者、身份、时间、前后值、原因、附件哈希、设备/IP
P091,恢复演练,技术后台端,S01,演练计划,流程触发/发起,提交/确认/处理/退回/转交（按权限）,备份选择,按流程配置；默认1个工作日,超时提醒→主管催办→高风险升级,仅退回到可编辑前置节点；关键财务/签署节点不得物理回退,操作者、身份、时间、前后值、原因、附件哈希、设备/IP
P091,恢复演练,技术后台端,S02,备份选择,演练计划,提交/确认/处理/退回/转交（按权限）,隔离环境恢复,按流程配置；默认1个工作日,超时提醒→主管催办→高风险升级,仅退回到可编辑前置节点；关键财务/签署节点不得物理回退,操作者、身份、时间、前后值、原因、附件哈希、设备/IP
P091,恢复演练,技术后台端,S03,隔离环境恢复,备份选择,提交/确认/处理/退回/转交（按权限）,数据一致性验证,按流程配置；默认1个工作日,超时提醒→主管催办→高风险升级,仅退回到可编辑前置节点；关键财务/签署节点不得物理回退,操作者、身份、时间、前后值、原因、附件哈希、设备/IP
P091,恢复演练,技术后台端,S04,数据一致性验证,隔离环境恢复,提交/确认/处理/退回/转交（按权限）,结果报告,按流程配置；默认1个工作日,超时提醒→主管催办→高风险升级,仅退回到可编辑前置节点；关键财务/签署节点不得物理回退,操作者、身份、时间、前后值、原因、附件哈希、设备/IP
P091,恢复演练,技术后台端,S05,结果报告,数据一致性验证,提交/确认/处理/退回/转交（按权限）,整改,事项关闭后2个工作日,超时提醒→主管催办→高风险升级,仅退回到可编辑前置节点；关键财务/签署节点不得物理回退,操作者、身份、时间、前后值、原因、附件哈希、设备/IP
P091,恢复演练,技术后台端,S06,整改,结果报告,提交/确认/处理/退回/转交（按权限）,已关闭,按流程配置；默认1个工作日,超时提醒→主管催办→高风险升级,仅退回到可编辑前置节点；关键财务/签署节点不得物理回退,操作者、身份、时间、前后值、原因、附件哈希、设备/IP
P092,需求开发,技术后台端,S01,需求基线,流程触发/发起,提交/确认/处理/退回/转交（按权限）,方案评审,按流程配置；默认1个工作日,超时提醒→主管催办→高风险升级,仅退回到可编辑前置节点；关键财务/签署节点不得物理回退,操作者、身份、时间、前后值、原因、附件哈希、设备/IP
P092,需求开发,技术后台端,S02,方案评审,需求基线,提交/确认/处理/退回/转交（按权限）,任务拆分,1个工作日；高风险按制度,超时提醒→主管催办→高风险升级,仅退回到可编辑前置节点；关键财务/签署节点不得物理回退,操作者、身份、时间、前后值、原因、附件哈希、设备/IP
P092,需求开发,技术后台端,S03,任务拆分,方案评审,提交/确认/处理/退回/转交（按权限）,失败测试,按流程配置；默认1个工作日,超时提醒→主管催办→高风险升级,仅退回到可编辑前置节点；关键财务/签署节点不得物理回退,操作者、身份、时间、前后值、原因、附件哈希、设备/IP
P092,需求开发,技术后台端,S04,失败测试,任务拆分,提交/确认/处理/退回/转交（按权限）,最小实现,按流程配置；默认1个工作日,超时提醒→主管催办→高风险升级,仅退回到可编辑前置节点；关键财务/签署节点不得物理回退,操作者、身份、时间、前后值、原因、附件哈希、设备/IP
P092,需求开发,技术后台端,S05,最小实现,失败测试,提交/确认/处理/退回/转交（按权限）,代码评审,按流程配置；默认1个工作日,超时提醒→主管催办→高风险升级,仅退回到可编辑前置节点；关键财务/签署节点不得物理回退,操作者、身份、时间、前后值、原因、附件哈希、设备/IP
P092,需求开发,技术后台端,S06,代码评审,最小实现,提交/确认/处理/退回/转交（按权限）,自动化测试,1个工作日；高风险按制度,超时提醒→主管催办→高风险升级,仅退回到可编辑前置节点；关键财务/签署节点不得物理回退,操作者、身份、时间、前后值、原因、附件哈希、设备/IP
P092,需求开发,技术后台端,S07,自动化测试,代码评审,提交/确认/处理/退回/转交（按权限）,验收,按流程配置；默认1个工作日,超时提醒→主管催办→高风险升级,仅退回到可编辑前置节点；关键财务/签署节点不得物理回退,操作者、身份、时间、前后值、原因、附件哈希、设备/IP
P092,需求开发,技术后台端,S08,验收,自动化测试,提交/确认/处理/退回/转交（按权限）,发布,1个工作日；高风险按制度,超时提醒→主管催办→高风险升级,仅退回到可编辑前置节点；关键财务/签署节点不得物理回退,操作者、身份、时间、前后值、原因、附件哈希、设备/IP
P092,需求开发,技术后台端,S09,发布,验收,提交/确认/处理/退回/转交（按权限）,已关闭,按流程配置；默认1个工作日,超时提醒→主管催办→高风险升级,仅退回到可编辑前置节点；关键财务/签署节点不得物理回退,操作者、身份、时间、前后值、原因、附件哈希、设备/IP
P093,缺陷修复,技术后台端,S01,复现,流程触发/发起,提交/确认/处理/退回/转交（按权限）,严重度,按流程配置；默认1个工作日,超时提醒→主管催办→高风险升级,仅退回到可编辑前置节点；关键财务/签署节点不得物理回退,操作者、身份、时间、前后值、原因、附件哈希、设备/IP
P093,缺陷修复,技术后台端,S02,严重度,复现,提交/确认/处理/退回/转交（按权限）,根因,按流程配置；默认1个工作日,超时提醒→主管催办→高风险升级,仅退回到可编辑前置节点；关键财务/签署节点不得物理回退,操作者、身份、时间、前后值、原因、附件哈希、设备/IP
P093,缺陷修复,技术后台端,S03,根因,严重度,提交/确认/处理/退回/转交（按权限）,回归测试先行,按流程配置；默认1个工作日,超时提醒→主管催办→高风险升级,仅退回到可编辑前置节点；关键财务/签署节点不得物理回退,操作者、身份、时间、前后值、原因、附件哈希、设备/IP
P093,缺陷修复,技术后台端,S04,回归测试先行,根因,提交/确认/处理/退回/转交（按权限）,修复,按流程配置；默认1个工作日,超时提醒→主管催办→高风险升级,仅退回到可编辑前置节点；关键财务/签署节点不得物理回退,操作者、身份、时间、前后值、原因、附件哈希、设备/IP
P093,缺陷修复,技术后台端,S05,修复,回归测试先行,提交/确认/处理/退回/转交（按权限）,安全与影响审查,按流程配置；默认1个工作日,超时提醒→主管催办→高风险升级,仅退回到可编辑前置节点；关键财务/签署节点不得物理回退,操作者、身份、时间、前后值、原因、附件哈希、设备/IP
P093,缺陷修复,技术后台端,S06,安全与影响审查,修复,提交/确认/处理/退回/转交（按权限）,发布,按流程配置；默认1个工作日,超时提醒→主管催办→高风险升级,仅退回到可编辑前置节点；关键财务/签署节点不得物理回退,操作者、身份、时间、前后值、原因、附件哈希、设备/IP
P093,缺陷修复,技术后台端,S07,发布,安全与影响审查,提交/确认/处理/退回/转交（按权限）,监控,按流程配置；默认1个工作日,超时提醒→主管催办→高风险升级,仅退回到可编辑前置节点；关键财务/签署节点不得物理回退,操作者、身份、时间、前后值、原因、附件哈希、设备/IP
P093,缺陷修复,技术后台端,S08,监控,发布,提交/确认/处理/退回/转交（按权限）,已关闭,按流程配置；默认1个工作日,超时提醒→主管催办→高风险升级,仅退回到可编辑前置节点；关键财务/签署节点不得物理回退,操作者、身份、时间、前后值、原因、附件哈希、设备/IP
P094,版本发布,技术后台端,S01,冻结范围,流程触发/发起,提交/确认/处理/退回/转交（按权限）,构建,按流程配置；默认1个工作日,超时提醒→主管催办→高风险升级,仅退回到可编辑前置节点；关键财务/签署节点不得物理回退,操作者、身份、时间、前后值、原因、附件哈希、设备/IP
P094,版本发布,技术后台端,S02,构建,冻结范围,提交/确认/处理/退回/转交（按权限）,测试门禁,按流程配置；默认1个工作日,超时提醒→主管催办→高风险升级,仅退回到可编辑前置节点；关键财务/签署节点不得物理回退,操作者、身份、时间、前后值、原因、附件哈希、设备/IP
P094,版本发布,技术后台端,S03,测试门禁,构建,提交/确认/处理/退回/转交（按权限）,迁移演练,按流程配置；默认1个工作日,超时提醒→主管催办→高风险升级,仅退回到可编辑前置节点；关键财务/签署节点不得物理回退,操作者、身份、时间、前后值、原因、附件哈希、设备/IP
P094,版本发布,技术后台端,S04,迁移演练,测试门禁,提交/确认/处理/退回/转交（按权限）,变更审批,按流程配置；默认1个工作日,超时提醒→主管催办→高风险升级,仅退回到可编辑前置节点；关键财务/签署节点不得物理回退,操作者、身份、时间、前后值、原因、附件哈希、设备/IP
P094,版本发布,技术后台端,S05,变更审批,迁移演练,提交/确认/处理/退回/转交（按权限）,灰度,1个工作日；高风险按制度,超时提醒→主管催办→高风险升级,仅退回到可编辑前置节点；关键财务/签署节点不得物理回退,操作者、身份、时间、前后值、原因、附件哈希、设备/IP
P094,版本发布,技术后台端,S06,灰度,变更审批,提交/确认/处理/退回/转交（按权限）,监控,按流程配置；默认1个工作日,超时提醒→主管催办→高风险升级,仅退回到可编辑前置节点；关键财务/签署节点不得物理回退,操作者、身份、时间、前后值、原因、附件哈希、设备/IP
P094,版本发布,技术后台端,S07,监控,灰度,提交/确认/处理/退回/转交（按权限）,全量,按流程配置；默认1个工作日,超时提醒→主管催办→高风险升级,仅退回到可编辑前置节点；关键财务/签署节点不得物理回退,操作者、身份、时间、前后值、原因、附件哈希、设备/IP
P094,版本发布,技术后台端,S08,全量,监控,提交/确认/处理/退回/转交（按权限）,复盘,按流程配置；默认1个工作日,超时提醒→主管催办→高风险升级,仅退回到可编辑前置节点；关键财务/签署节点不得物理回退,操作者、身份、时间、前后值、原因、附件哈希、设备/IP
P094,版本发布,技术后台端,S09,复盘,全量,提交/确认/处理/退回/转交（按权限）,已关闭,事项关闭后2个工作日,超时提醒→主管催办→高风险升级,仅退回到可编辑前置节点；关键财务/签署节点不得物理回退,操作者、身份、时间、前后值、原因、附件哈希、设备/IP
P095,宣传物料制作,技术后台端,S01,需求提交,流程触发/发起,提交/确认/处理/退回/转交（按权限）,完整性检查,按流程配置；默认1个工作日,超时提醒→主管催办→高风险升级,仅退回到可编辑前置节点；关键财务/签署节点不得物理回退,操作者、身份、时间、前后值、原因、附件哈希、设备/IP
P095,宣传物料制作,技术后台端,S02,完整性检查,需求提交,提交/确认/处理/退回/转交（按权限）,排期,按流程配置；默认1个工作日,超时提醒→主管催办→高风险升级,仅退回到可编辑前置节点；关键财务/签署节点不得物理回退,操作者、身份、时间、前后值、原因、附件哈希、设备/IP
P095,宣传物料制作,技术后台端,S03,排期,完整性检查,提交/确认/处理/退回/转交（按权限）,创作,按流程配置；默认1个工作日,超时提醒→主管催办→高风险升级,仅退回到可编辑前置节点；关键财务/签署节点不得物理回退,操作者、身份、时间、前后值、原因、附件哈希、设备/IP
P095,宣传物料制作,技术后台端,S04,创作,排期,提交/确认/处理/退回/转交（按权限）,内部审核,按流程配置；默认1个工作日,超时提醒→主管催办→高风险升级,仅退回到可编辑前置节点；关键财务/签署节点不得物理回退,操作者、身份、时间、前后值、原因、附件哈希、设备/IP
P095,宣传物料制作,技术后台端,S05,内部审核,创作,提交/确认/处理/退回/转交（按权限）,需求方确认,1个工作日；高风险按制度,超时提醒→主管催办→高风险升级,仅退回到可编辑前置节点；关键财务/签署节点不得物理回退,操作者、身份、时间、前后值、原因、附件哈希、设备/IP
P095,宣传物料制作,技术后台端,S06,需求方确认,内部审核,提交/确认/处理/退回/转交（按权限）,版权检查,1个工作日；高风险按制度,超时提醒→主管催办→高风险升级,仅退回到可编辑前置节点；关键财务/签署节点不得物理回退,操作者、身份、时间、前后值、原因、附件哈希、设备/IP
P095,宣传物料制作,技术后台端,S07,版权检查,需求方确认,提交/确认/处理/退回/转交（按权限）,定稿交付,按流程配置；默认1个工作日,超时提醒→主管催办→高风险升级,仅退回到可编辑前置节点；关键财务/签署节点不得物理回退,操作者、身份、时间、前后值、原因、附件哈希、设备/IP
P095,宣传物料制作,技术后台端,S08,定稿交付,版权检查,提交/确认/处理/退回/转交（按权限）,资产入库,按流程配置；默认1个工作日,超时提醒→主管催办→高风险升级,仅退回到可编辑前置节点；关键财务/签署节点不得物理回退,操作者、身份、时间、前后值、原因、附件哈希、设备/IP
P095,宣传物料制作,技术后台端,S09,资产入库,定稿交付,提交/确认/处理/退回/转交（按权限）,已关闭,按流程配置；默认1个工作日,超时提醒→主管催办→高风险升级,仅退回到可编辑前置节点；关键财务/签署节点不得物理回退,操作者、身份、时间、前后值、原因、附件哈希、设备/IP
P096,拍摄任务,技术后台端,S01,拍摄需求,流程触发/发起,提交/确认/处理/退回/转交（按权限）,人员场地授权,按流程配置；默认1个工作日,超时提醒→主管催办→高风险升级,仅退回到可编辑前置节点；关键财务/签署节点不得物理回退,操作者、身份、时间、前后值、原因、附件哈希、设备/IP
P096,拍摄任务,技术后台端,S02,人员场地授权,拍摄需求,提交/确认/处理/退回/转交（按权限）,脚本与清单,按流程配置；默认1个工作日,超时提醒→主管催办→高风险升级,仅退回到可编辑前置节点；关键财务/签署节点不得物理回退,操作者、身份、时间、前后值、原因、附件哈希、设备/IP
P096,拍摄任务,技术后台端,S03,脚本与清单,人员场地授权,提交/确认/处理/退回/转交（按权限）,执行,按流程配置；默认1个工作日,超时提醒→主管催办→高风险升级,仅退回到可编辑前置节点；关键财务/签署节点不得物理回退,操作者、身份、时间、前后值、原因、附件哈希、设备/IP
P096,拍摄任务,技术后台端,S04,执行,脚本与清单,提交/确认/处理/退回/转交（按权限）,素材回收,按计划时点/班次完成,超时提醒→主管催办→高风险升级,仅退回到可编辑前置节点；关键财务/签署节点不得物理回退,操作者、身份、时间、前后值、原因、附件哈希、设备/IP
P096,拍摄任务,技术后台端,S05,素材回收,执行,提交/确认/处理/退回/转交（按权限）,筛选后期,按流程配置；默认1个工作日,超时提醒→主管催办→高风险升级,仅退回到可编辑前置节点；关键财务/签署节点不得物理回退,操作者、身份、时间、前后值、原因、附件哈希、设备/IP
P096,拍摄任务,技术后台端,S06,筛选后期,素材回收,提交/确认/处理/退回/转交（按权限）,审核,按流程配置；默认1个工作日,超时提醒→主管催办→高风险升级,仅退回到可编辑前置节点；关键财务/签署节点不得物理回退,操作者、身份、时间、前后值、原因、附件哈希、设备/IP
P096,拍摄任务,技术后台端,S07,审核,筛选后期,提交/确认/处理/退回/转交（按权限）,归档,1个工作日；高风险按制度,超时提醒→主管催办→高风险升级,仅退回到可编辑前置节点；关键财务/签署节点不得物理回退,操作者、身份、时间、前后值、原因、附件哈希、设备/IP
P096,拍摄任务,技术后台端,S08,归档,审核,提交/确认/处理/退回/转交（按权限）,已关闭,事项关闭后2个工作日,超时提醒→主管催办→高风险升级,仅退回到可编辑前置节点；关键财务/签署节点不得物理回退,操作者、身份、时间、前后值、原因、附件哈希、设备/IP
P097,返工变更,技术后台端,S01,变更申请,流程触发/发起,提交/确认/处理/退回/转交（按权限）,影响分析,按流程配置；默认1个工作日,超时提醒→主管催办→高风险升级,仅退回到可编辑前置节点；关键财务/签署节点不得物理回退,操作者、身份、时间、前后值、原因、附件哈希、设备/IP
P097,返工变更,技术后台端,S02,影响分析,变更申请,提交/确认/处理/退回/转交（按权限）,版本冻结,按流程配置；默认1个工作日,超时提醒→主管催办→高风险升级,仅退回到可编辑前置节点；关键财务/签署节点不得物理回退,操作者、身份、时间、前后值、原因、附件哈希、设备/IP
P097,返工变更,技术后台端,S03,版本冻结,影响分析,提交/确认/处理/退回/转交（按权限）,返工,按流程配置；默认1个工作日,超时提醒→主管催办→高风险升级,仅退回到可编辑前置节点；关键财务/签署节点不得物理回退,操作者、身份、时间、前后值、原因、附件哈希、设备/IP
P097,返工变更,技术后台端,S04,返工,版本冻结,提交/确认/处理/退回/转交（按权限）,重新审核,按流程配置；默认1个工作日,超时提醒→主管催办→高风险升级,仅退回到可编辑前置节点；关键财务/签署节点不得物理回退,操作者、身份、时间、前后值、原因、附件哈希、设备/IP
P097,返工变更,技术后台端,S05,重新审核,返工,提交/确认/处理/退回/转交（按权限）,替换交付,1个工作日；高风险按制度,超时提醒→主管催办→高风险升级,仅退回到可编辑前置节点；关键财务/签署节点不得物理回退,操作者、身份、时间、前后值、原因、附件哈希、设备/IP
P097,返工变更,技术后台端,S06,替换交付,重新审核,提交/确认/处理/退回/转交（按权限）,旧版停用,按流程配置；默认1个工作日,超时提醒→主管催办→高风险升级,仅退回到可编辑前置节点；关键财务/签署节点不得物理回退,操作者、身份、时间、前后值、原因、附件哈希、设备/IP
P097,返工变更,技术后台端,S07,旧版停用,替换交付,提交/确认/处理/退回/转交（按权限）,已关闭,按流程配置；默认1个工作日,超时提醒→主管催办→高风险升级,仅退回到可编辑前置节点；关键财务/签署节点不得物理回退,操作者、身份、时间、前后值、原因、附件哈希、设备/IP
P098,策划项目,技术后台端,S01,需求,流程触发/发起,提交/确认/处理/退回/转交（按权限）,初评,按流程配置；默认1个工作日,超时提醒→主管催办→高风险升级,仅退回到可编辑前置节点；关键财务/签署节点不得物理回退,操作者、身份、时间、前后值、原因、附件哈希、设备/IP
P098,策划项目,技术后台端,S02,初评,需求,提交/确认/处理/退回/转交（按权限）,立项,按流程配置；默认1个工作日,超时提醒→主管催办→高风险升级,仅退回到可编辑前置节点；关键财务/签署节点不得物理回退,操作者、身份、时间、前后值、原因、附件哈希、设备/IP
P098,策划项目,技术后台端,S03,立项,初评,提交/确认/处理/退回/转交（按权限）,调研,按流程配置；默认1个工作日,超时提醒→主管催办→高风险升级,仅退回到可编辑前置节点；关键财务/签署节点不得物理回退,操作者、身份、时间、前后值、原因、附件哈希、设备/IP
P098,策划项目,技术后台端,S04,调研,立项,提交/确认/处理/退回/转交（按权限）,方案,按流程配置；默认1个工作日,超时提醒→主管催办→高风险升级,仅退回到可编辑前置节点；关键财务/签署节点不得物理回退,操作者、身份、时间、前后值、原因、附件哈希、设备/IP
P098,策划项目,技术后台端,S05,方案,调研,提交/确认/处理/退回/转交（按权限）,评审,按流程配置；默认1个工作日,超时提醒→主管催办→高风险升级,仅退回到可编辑前置节点；关键财务/签署节点不得物理回退,操作者、身份、时间、前后值、原因、附件哈希、设备/IP
P098,策划项目,技术后台端,S06,评审,方案,提交/确认/处理/退回/转交（按权限）,预算资源确认,1个工作日；高风险按制度,超时提醒→主管催办→高风险升级,仅退回到可编辑前置节点；关键财务/签署节点不得物理回退,操作者、身份、时间、前后值、原因、附件哈希、设备/IP
P098,策划项目,技术后台端,S07,预算资源确认,评审,提交/确认/处理/退回/转交（按权限）,批准,1个工作日；高风险按制度,超时提醒→主管催办→高风险升级,仅退回到可编辑前置节点；关键财务/签署节点不得物理回退,操作者、身份、时间、前后值、原因、附件哈希、设备/IP
P098,策划项目,技术后台端,S08,批准,预算资源确认,提交/确认/处理/退回/转交（按权限）,执行移交,按流程配置；默认1个工作日,超时提醒→主管催办→高风险升级,仅退回到可编辑前置节点；关键财务/签署节点不得物理回退,操作者、身份、时间、前后值、原因、附件哈希、设备/IP
P098,策划项目,技术后台端,S09,执行移交,批准,提交/确认/处理/退回/转交（按权限）,验收复盘,按计划时点/班次完成,超时提醒→主管催办→高风险升级,仅退回到可编辑前置节点；关键财务/签署节点不得物理回退,操作者、身份、时间、前后值、原因、附件哈希、设备/IP
P098,策划项目,技术后台端,S10,验收复盘,执行移交,提交/确认/处理/退回/转交（按权限）,已关闭,1个工作日；高风险按制度,超时提醒→主管催办→高风险升级,仅退回到可编辑前置节点；关键财务/签署节点不得物理回退,操作者、身份、时间、前后值、原因、附件哈希、设备/IP
P099,方案变更,技术后台端,S01,变更申请,流程触发/发起,提交/确认/处理/退回/转交（按权限）,原因与影响,按流程配置；默认1个工作日,超时提醒→主管催办→高风险升级,仅退回到可编辑前置节点；关键财务/签署节点不得物理回退,操作者、身份、时间、前后值、原因、附件哈希、设备/IP
P099,方案变更,技术后台端,S02,原因与影响,变更申请,提交/确认/处理/退回/转交（按权限）,受影响中心会签,按流程配置；默认1个工作日,超时提醒→主管催办→高风险升级,仅退回到可编辑前置节点；关键财务/签署节点不得物理回退,操作者、身份、时间、前后值、原因、附件哈希、设备/IP
P099,方案变更,技术后台端,S03,受影响中心会签,原因与影响,提交/确认/处理/退回/转交（按权限）,新版本批准,按流程配置；默认1个工作日,超时提醒→主管催办→高风险升级,仅退回到可编辑前置节点；关键财务/签署节点不得物理回退,操作者、身份、时间、前后值、原因、附件哈希、设备/IP
P099,方案变更,技术后台端,S04,新版本批准,受影响中心会签,提交/确认/处理/退回/转交（按权限）,任务和预算同步,按流程配置；默认1个工作日,超时提醒→主管催办→高风险升级,仅退回到可编辑前置节点；关键财务/签署节点不得物理回退,操作者、身份、时间、前后值、原因、附件哈希、设备/IP
P099,方案变更,技术后台端,S05,任务和预算同步,新版本批准,提交/确认/处理/退回/转交（按权限）,旧版停用,按流程配置；默认1个工作日,超时提醒→主管催办→高风险升级,仅退回到可编辑前置节点；关键财务/签署节点不得物理回退,操作者、身份、时间、前后值、原因、附件哈希、设备/IP
P099,方案变更,技术后台端,S06,旧版停用,任务和预算同步,提交/确认/处理/退回/转交（按权限）,已关闭,按流程配置；默认1个工作日,超时提醒→主管催办→高风险升级,仅退回到可编辑前置节点；关键财务/签署节点不得物理回退,操作者、身份、时间、前后值、原因、附件哈希、设备/IP
P100,活动策划移交,技术后台端,S01,活动目标,流程触发/发起,提交/确认/处理/退回/转交（按权限）,方案和流程,按流程配置；默认1个工作日,超时提醒→主管催办→高风险升级,仅退回到可编辑前置节点；关键财务/签署节点不得物理回退,操作者、身份、时间、前后值、原因、附件哈希、设备/IP
P100,活动策划移交,技术后台端,S02,方案和流程,活动目标,提交/确认/处理/退回/转交（按权限）,人员资源清单,按流程配置；默认1个工作日,超时提醒→主管催办→高风险升级,仅退回到可编辑前置节点；关键财务/签署节点不得物理回退,操作者、身份、时间、前后值、原因、附件哈希、设备/IP
P100,活动策划移交,技术后台端,S03,人员资源清单,方案和流程,提交/确认/处理/退回/转交（按权限）,行政活动主单,按流程配置；默认1个工作日,超时提醒→主管催办→高风险升级,仅退回到可编辑前置节点；关键财务/签署节点不得物理回退,操作者、身份、时间、前后值、原因、附件哈希、设备/IP
P100,活动策划移交,技术后台端,S04,行政活动主单,人员资源清单,提交/确认/处理/退回/转交（按权限）,现场执行,按流程配置；默认1个工作日,超时提醒→主管催办→高风险升级,仅退回到可编辑前置节点；关键财务/签署节点不得物理回退,操作者、身份、时间、前后值、原因、附件哈希、设备/IP
P100,活动策划移交,技术后台端,S05,现场执行,行政活动主单,提交/确认/处理/退回/转交（按权限）,数据回收,按计划时点/班次完成,超时提醒→主管催办→高风险升级,仅退回到可编辑前置节点；关键财务/签署节点不得物理回退,操作者、身份、时间、前后值、原因、附件哈希、设备/IP
P100,活动策划移交,技术后台端,S06,数据回收,现场执行,提交/确认/处理/退回/转交（按权限）,效果复盘,按流程配置；默认1个工作日,超时提醒→主管催办→高风险升级,仅退回到可编辑前置节点；关键财务/签署节点不得物理回退,操作者、身份、时间、前后值、原因、附件哈希、设备/IP
P100,活动策划移交,技术后台端,S07,效果复盘,数据回收,提交/确认/处理/退回/转交（按权限）,已关闭,事项关闭后2个工作日,超时提醒→主管催办→高风险升级,仅退回到可编辑前置节点；关键财务/签署节点不得物理回退,操作者、身份、时间、前后值、原因、附件哈希、设备/IP
P101,产品上架,技术后台端,S01,产品资料,流程触发/发起,提交/确认/处理/退回/转交（按权限）,内部产品映射,按流程配置；默认1个工作日,超时提醒→主管催办→高风险升级,仅退回到可编辑前置节点；关键财务/签署节点不得物理回退,操作者、身份、时间、前后值、原因、附件哈希、设备/IP
P101,产品上架,技术后台端,S02,内部产品映射,产品资料,提交/确认/处理/退回/转交（按权限）,价格库存规则,按流程配置；默认1个工作日,超时提醒→主管催办→高风险升级,仅退回到可编辑前置节点；关键财务/签署节点不得物理回退,操作者、身份、时间、前后值、原因、附件哈希、设备/IP
P101,产品上架,技术后台端,S03,价格库存规则,内部产品映射,提交/确认/处理/退回/转交（按权限）,内容审核,按流程配置；默认1个工作日,超时提醒→主管催办→高风险升级,仅退回到可编辑前置节点；关键财务/签署节点不得物理回退,操作者、身份、时间、前后值、原因、附件哈希、设备/IP
P101,产品上架,技术后台端,S04,内容审核,价格库存规则,提交/确认/处理/退回/转交（按权限）,平台发布,1个工作日；高风险按制度,超时提醒→主管催办→高风险升级,仅退回到可编辑前置节点；关键财务/签署节点不得物理回退,操作者、身份、时间、前后值、原因、附件哈希、设备/IP
P101,产品上架,技术后台端,S05,平台发布,内容审核,提交/确认/处理/退回/转交（按权限）,回传校验,按流程配置；默认1个工作日,超时提醒→主管催办→高风险升级,仅退回到可编辑前置节点；关键财务/签署节点不得物理回退,操作者、身份、时间、前后值、原因、附件哈希、设备/IP
P101,产品上架,技术后台端,S06,回传校验,平台发布,提交/确认/处理/退回/转交（按权限）,监控,按流程配置；默认1个工作日,超时提醒→主管催办→高风险升级,仅退回到可编辑前置节点；关键财务/签署节点不得物理回退,操作者、身份、时间、前后值、原因、附件哈希、设备/IP
P101,产品上架,技术后台端,S07,监控,回传校验,提交/确认/处理/退回/转交（按权限）,已关闭,按流程配置；默认1个工作日,超时提醒→主管催办→高风险升级,仅退回到可编辑前置节点；关键财务/签署节点不得物理回退,操作者、身份、时间、前后值、原因、附件哈希、设备/IP
P102,OTA订单,技术后台端,S01,平台订单,流程触发/发起,提交/确认/处理/退回/转交（按权限）,签名与防重,按流程配置；默认1个工作日,超时提醒→主管催办→高风险升级,仅退回到可编辑前置节点；关键财务/签署节点不得物理回退,操作者、身份、时间、前后值、原因、附件哈希、设备/IP
P102,OTA订单,技术后台端,S02,签名与防重,平台订单,提交/确认/处理/退回/转交（按权限）,价格库存校验,按流程配置；默认1个工作日,超时提醒→主管催办→高风险升级,仅退回到可编辑前置节点；关键财务/签署节点不得物理回退,操作者、身份、时间、前后值、原因、附件哈希、设备/IP
P102,OTA订单,技术后台端,S03,价格库存校验,签名与防重,提交/确认/处理/退回/转交（按权限）,内部订单创建,按流程配置；默认1个工作日,超时提醒→主管催办→高风险升级,仅退回到可编辑前置节点；关键财务/签署节点不得物理回退,操作者、身份、时间、前后值、原因、附件哈希、设备/IP
P102,OTA订单,技术后台端,S04,内部订单创建,价格库存校验,提交/确认/处理/退回/转交（按权限）,出票/预约,按流程配置；默认1个工作日,超时提醒→主管催办→高风险升级,仅退回到可编辑前置节点；关键财务/签署节点不得物理回退,操作者、身份、时间、前后值、原因、附件哈希、设备/IP
P102,OTA订单,技术后台端,S05,出票/预约,内部订单创建,提交/确认/处理/退回/转交（按权限）,核销,按流程配置；默认1个工作日,超时提醒→主管催办→高风险升级,仅退回到可编辑前置节点；关键财务/签署节点不得物理回退,操作者、身份、时间、前后值、原因、附件哈希、设备/IP
P102,OTA订单,技术后台端,S06,核销,出票/预约,提交/确认/处理/退回/转交（按权限）,结算,按流程配置；默认1个工作日,超时提醒→主管催办→高风险升级,仅退回到可编辑前置节点；关键财务/签署节点不得物理回退,操作者、身份、时间、前后值、原因、附件哈希、设备/IP
P102,OTA订单,技术后台端,S07,结算,核销,提交/确认/处理/退回/转交（按权限）,已关闭,T+1个工作日或财务日历,超时提醒→主管催办→高风险升级,仅退回到可编辑前置节点；关键财务/签署节点不得物理回退,操作者、身份、时间、前后值、原因、附件哈希、设备/IP
P103,退款,技术后台端,S01,平台申请,流程触发/发起,提交/确认/处理/退回/转交（按权限）,内部规则校验,按流程配置；默认1个工作日,超时提醒→主管催办→高风险升级,仅退回到可编辑前置节点；关键财务/签署节点不得物理回退,操作者、身份、时间、前后值、原因、附件哈希、设备/IP
P103,退款,技术后台端,S02,内部规则校验,平台申请,提交/确认/处理/退回/转交（按权限）,票码冻结,按流程配置；默认1个工作日,超时提醒→主管催办→高风险升级,仅退回到可编辑前置节点；关键财务/签署节点不得物理回退,操作者、身份、时间、前后值、原因、附件哈希、设备/IP
P103,退款,技术后台端,S03,票码冻结,内部规则校验,提交/确认/处理/退回/转交（按权限）,退款执行,按流程配置；默认1个工作日,超时提醒→主管催办→高风险升级,仅退回到可编辑前置节点；关键财务/签署节点不得物理回退,操作者、身份、时间、前后值、原因、附件哈希、设备/IP
P103,退款,技术后台端,S04,退款执行,票码冻结,提交/确认/处理/退回/转交（按权限）,平台回调,T+1个工作日或财务日历,超时提醒→主管催办→高风险升级,仅退回到可编辑前置节点；关键财务/签署节点不得物理回退,操作者、身份、时间、前后值、原因、附件哈希、设备/IP
P103,退款,技术后台端,S05,平台回调,退款执行,提交/确认/处理/退回/转交（按权限）,财务冲销,按流程配置；默认1个工作日,超时提醒→主管催办→高风险升级,仅退回到可编辑前置节点；关键财务/签署节点不得物理回退,操作者、身份、时间、前后值、原因、附件哈希、设备/IP
P103,退款,技术后台端,S06,财务冲销,平台回调,提交/确认/处理/退回/转交（按权限）,状态一致性对账,按流程配置；默认1个工作日,超时提醒→主管催办→高风险升级,仅退回到可编辑前置节点；关键财务/签署节点不得物理回退,操作者、身份、时间、前后值、原因、附件哈希、设备/IP
P103,退款,技术后台端,S07,状态一致性对账,财务冲销,提交/确认/处理/退回/转交（按权限）,已关闭,T+1个工作日或财务日历,超时提醒→主管催办→高风险升级,仅退回到可编辑前置节点；关键财务/签署节点不得物理回退,操作者、身份、时间、前后值、原因、附件哈希、设备/IP
P104,评价客诉,技术后台端,S01,评价抓取,流程触发/发起,提交/确认/处理/退回/转交（按权限）,分类,按流程配置；默认1个工作日,超时提醒→主管催办→高风险升级,仅退回到可编辑前置节点；关键财务/签署节点不得物理回退,操作者、身份、时间、前后值、原因、附件哈希、设备/IP
P104,评价客诉,技术后台端,S02,分类,评价抓取,提交/确认/处理/退回/转交（按权限）,回复审批,按流程配置；默认1个工作日,超时提醒→主管催办→高风险升级,仅退回到可编辑前置节点；关键财务/签署节点不得物理回退,操作者、身份、时间、前后值、原因、附件哈希、设备/IP
P104,评价客诉,技术后台端,S03,回复审批,分类,提交/确认/处理/退回/转交（按权限）,客服处理,1个工作日；高风险按制度,超时提醒→主管催办→高风险升级,仅退回到可编辑前置节点；关键财务/签署节点不得物理回退,操作者、身份、时间、前后值、原因、附件哈希、设备/IP
P104,评价客诉,技术后台端,S04,客服处理,回复审批,提交/确认/处理/退回/转交（按权限）,重大投诉转案件,按流程配置；默认1个工作日,超时提醒→主管催办→高风险升级,仅退回到可编辑前置节点；关键财务/签署节点不得物理回退,操作者、身份、时间、前后值、原因、附件哈希、设备/IP
P104,评价客诉,技术后台端,S05,重大投诉转案件,客服处理,提交/确认/处理/退回/转交（按权限）,回访,立即响应；L3/L4 30分钟内升级,超时提醒→主管催办→高风险升级,仅退回到可编辑前置节点；关键财务/签署节点不得物理回退,操作者、身份、时间、前后值、原因、附件哈希、设备/IP
P104,评价客诉,技术后台端,S06,回访,重大投诉转案件,提交/确认/处理/退回/转交（按权限）,已关闭,按流程配置；默认1个工作日,超时提醒→主管催办→高风险升级,仅退回到可编辑前置节点；关键财务/签署节点不得物理回退,操作者、身份、时间、前后值、原因、附件哈希、设备/IP
P105,短视频发布,技术后台端,S01,选题,流程触发/发起,提交/确认/处理/退回/转交（按权限）,脚本,按流程配置；默认1个工作日,超时提醒→主管催办→高风险升级,仅退回到可编辑前置节点；关键财务/签署节点不得物理回退,操作者、身份、时间、前后值、原因、附件哈希、设备/IP
P105,短视频发布,技术后台端,S02,脚本,选题,提交/确认/处理/退回/转交（按权限）,专业事实审核,按流程配置；默认1个工作日,超时提醒→主管催办→高风险升级,仅退回到可编辑前置节点；关键财务/签署节点不得物理回退,操作者、身份、时间、前后值、原因、附件哈希、设备/IP
P105,短视频发布,技术后台端,S03,专业事实审核,脚本,提交/确认/处理/退回/转交（按权限）,拍摄,1个工作日；高风险按制度,超时提醒→主管催办→高风险升级,仅退回到可编辑前置节点；关键财务/签署节点不得物理回退,操作者、身份、时间、前后值、原因、附件哈希、设备/IP
P105,短视频发布,技术后台端,S04,拍摄,专业事实审核,提交/确认/处理/退回/转交（按权限）,剪辑,按流程配置；默认1个工作日,超时提醒→主管催办→高风险升级,仅退回到可编辑前置节点；关键财务/签署节点不得物理回退,操作者、身份、时间、前后值、原因、附件哈希、设备/IP
P105,短视频发布,技术后台端,S05,剪辑,拍摄,提交/确认/处理/退回/转交（按权限）,版权品牌审核,按流程配置；默认1个工作日,超时提醒→主管催办→高风险升级,仅退回到可编辑前置节点；关键财务/签署节点不得物理回退,操作者、身份、时间、前后值、原因、附件哈希、设备/IP
P105,短视频发布,技术后台端,S06,版权品牌审核,剪辑,提交/确认/处理/退回/转交（按权限）,发布审批,1个工作日；高风险按制度,超时提醒→主管催办→高风险升级,仅退回到可编辑前置节点；关键财务/签署节点不得物理回退,操作者、身份、时间、前后值、原因、附件哈希、设备/IP
P105,短视频发布,技术后台端,S07,发布审批,版权品牌审核,提交/确认/处理/退回/转交（按权限）,上线,1个工作日；高风险按制度,超时提醒→主管催办→高风险升级,仅退回到可编辑前置节点；关键财务/签署节点不得物理回退,操作者、身份、时间、前后值、原因、附件哈希、设备/IP
P105,短视频发布,技术后台端,S08,上线,发布审批,提交/确认/处理/退回/转交（按权限）,数据回收,按流程配置；默认1个工作日,超时提醒→主管催办→高风险升级,仅退回到可编辑前置节点；关键财务/签署节点不得物理回退,操作者、身份、时间、前后值、原因、附件哈希、设备/IP
P105,短视频发布,技术后台端,S09,数据回收,上线,提交/确认/处理/退回/转交（按权限）,复盘,按流程配置；默认1个工作日,超时提醒→主管催办→高风险升级,仅退回到可编辑前置节点；关键财务/签署节点不得物理回退,操作者、身份、时间、前后值、原因、附件哈希、设备/IP
P105,短视频发布,技术后台端,S10,复盘,数据回收,提交/确认/处理/退回/转交（按权限）,已关闭,事项关闭后2个工作日,超时提醒→主管催办→高风险升级,仅退回到可编辑前置节点；关键财务/签署节点不得物理回退,操作者、身份、时间、前后值、原因、附件哈希、设备/IP
P106,直播执行,技术后台端,S01,直播立项,流程触发/发起,提交/确认/处理/退回/转交（按权限）,产品与话术,按流程配置；默认1个工作日,超时提醒→主管催办→高风险升级,仅退回到可编辑前置节点；关键财务/签署节点不得物理回退,操作者、身份、时间、前后值、原因、附件哈希、设备/IP
P106,直播执行,技术后台端,S02,产品与话术,直播立项,提交/确认/处理/退回/转交（按权限）,主播场控排班,按流程配置；默认1个工作日,超时提醒→主管催办→高风险升级,仅退回到可编辑前置节点；关键财务/签署节点不得物理回退,操作者、身份、时间、前后值、原因、附件哈希、设备/IP
P106,直播执行,技术后台端,S03,主播场控排班,产品与话术,提交/确认/处理/退回/转交（按权限）,设备联调,按流程配置；默认1个工作日,超时提醒→主管催办→高风险升级,仅退回到可编辑前置节点；关键财务/签署节点不得物理回退,操作者、身份、时间、前后值、原因、附件哈希、设备/IP
P106,直播执行,技术后台端,S04,设备联调,主播场控排班,提交/确认/处理/退回/转交（按权限）,开播,按流程配置；默认1个工作日,超时提醒→主管催办→高风险升级,仅退回到可编辑前置节点；关键财务/签署节点不得物理回退,操作者、身份、时间、前后值、原因、附件哈希、设备/IP
P106,直播执行,技术后台端,S05,开播,设备联调,提交/确认/处理/退回/转交（按权限）,异常处置,按流程配置；默认1个工作日,超时提醒→主管催办→高风险升级,仅退回到可编辑前置节点；关键财务/签署节点不得物理回退,操作者、身份、时间、前后值、原因、附件哈希、设备/IP
P106,直播执行,技术后台端,S06,异常处置,开播,提交/确认/处理/退回/转交（按权限）,订单线索回传,立即响应；L3/L4 30分钟内升级,超时提醒→主管催办→高风险升级,仅退回到可编辑前置节点；关键财务/签署节点不得物理回退,操作者、身份、时间、前后值、原因、附件哈希、设备/IP
P106,直播执行,技术后台端,S07,订单线索回传,异常处置,提交/确认/处理/退回/转交（按权限）,复盘,按流程配置；默认1个工作日,超时提醒→主管催办→高风险升级,仅退回到可编辑前置节点；关键财务/签署节点不得物理回退,操作者、身份、时间、前后值、原因、附件哈希、设备/IP
P106,直播执行,技术后台端,S08,复盘,订单线索回传,提交/确认/处理/退回/转交（按权限）,已关闭,事项关闭后2个工作日,超时提醒→主管催办→高风险升级,仅退回到可编辑前置节点；关键财务/签署节点不得物理回退,操作者、身份、时间、前后值、原因、附件哈希、设备/IP
P107,投放,技术后台端,S01,投放目标,流程触发/发起,提交/确认/处理/退回/转交（按权限）,预算,按流程配置；默认1个工作日,超时提醒→主管催办→高风险升级,仅退回到可编辑前置节点；关键财务/签署节点不得物理回退,操作者、身份、时间、前后值、原因、附件哈希、设备/IP
P107,投放,技术后台端,S02,预算,投放目标,提交/确认/处理/退回/转交（按权限）,素材,按流程配置；默认1个工作日,超时提醒→主管催办→高风险升级,仅退回到可编辑前置节点；关键财务/签署节点不得物理回退,操作者、身份、时间、前后值、原因、附件哈希、设备/IP
P107,投放,技术后台端,S03,素材,预算,提交/确认/处理/退回/转交（按权限）,人群,按流程配置；默认1个工作日,超时提醒→主管催办→高风险升级,仅退回到可编辑前置节点；关键财务/签署节点不得物理回退,操作者、身份、时间、前后值、原因、附件哈希、设备/IP
P107,投放,技术后台端,S04,人群,素材,提交/确认/处理/退回/转交（按权限）,审批,按流程配置；默认1个工作日,超时提醒→主管催办→高风险升级,仅退回到可编辑前置节点；关键财务/签署节点不得物理回退,操作者、身份、时间、前后值、原因、附件哈希、设备/IP
P107,投放,技术后台端,S05,审批,人群,提交/确认/处理/退回/转交（按权限）,上线,1个工作日；高风险按制度,超时提醒→主管催办→高风险升级,仅退回到可编辑前置节点；关键财务/签署节点不得物理回退,操作者、身份、时间、前后值、原因、附件哈希、设备/IP
P107,投放,技术后台端,S06,上线,审批,提交/确认/处理/退回/转交（按权限）,监控,按流程配置；默认1个工作日,超时提醒→主管催办→高风险升级,仅退回到可编辑前置节点；关键财务/签署节点不得物理回退,操作者、身份、时间、前后值、原因、附件哈希、设备/IP
P107,投放,技术后台端,S07,监控,上线,提交/确认/处理/退回/转交（按权限）,调整,按流程配置；默认1个工作日,超时提醒→主管催办→高风险升级,仅退回到可编辑前置节点；关键财务/签署节点不得物理回退,操作者、身份、时间、前后值、原因、附件哈希、设备/IP
P107,投放,技术后台端,S08,调整,监控,提交/确认/处理/退回/转交（按权限）,关闭,按流程配置；默认1个工作日,超时提醒→主管催办→高风险升级,仅退回到可编辑前置节点；关键财务/签署节点不得物理回退,操作者、身份、时间、前后值、原因、附件哈希、设备/IP
P107,投放,技术后台端,S09,关闭,调整,提交/确认/处理/退回/转交（按权限）,财务对账,按流程配置；默认1个工作日,超时提醒→主管催办→高风险升级,仅退回到可编辑前置节点；关键财务/签署节点不得物理回退,操作者、身份、时间、前后值、原因、附件哈希、设备/IP
P107,投放,技术后台端,S10,财务对账,关闭,提交/确认/处理/退回/转交（按权限）,已关闭,T+1个工作日或财务日历,超时提醒→主管催办→高风险升级,仅退回到可编辑前置节点；关键财务/签署节点不得物理回退,操作者、身份、时间、前后值、原因、附件哈希、设备/IP
P108,舆情,技术后台端,S01,发现,流程触发/发起,提交/确认/处理/退回/转交（按权限）,分级,按流程配置；默认1个工作日,超时提醒→主管催办→高风险升级,仅退回到可编辑前置节点；关键财务/签署节点不得物理回退,操作者、身份、时间、前后值、原因、附件哈希、设备/IP
P108,舆情,技术后台端,S02,分级,发现,提交/确认/处理/退回/转交（按权限）,暂停自动回复,按流程配置；默认1个工作日,超时提醒→主管催办→高风险升级,仅退回到可编辑前置节点；关键财务/签署节点不得物理回退,操作者、身份、时间、前后值、原因、附件哈希、设备/IP
P108,舆情,技术后台端,S03,暂停自动回复,分级,提交/确认/处理/退回/转交（按权限）,事实核验,按流程配置；默认1个工作日,超时提醒→主管催办→高风险升级,仅退回到可编辑前置节点；关键财务/签署节点不得物理回退,操作者、身份、时间、前后值、原因、附件哈希、设备/IP
P108,舆情,技术后台端,S04,事实核验,暂停自动回复,提交/确认/处理/退回/转交（按权限）,统一口径,按流程配置；默认1个工作日,超时提醒→主管催办→高风险升级,仅退回到可编辑前置节点；关键财务/签署节点不得物理回退,操作者、身份、时间、前后值、原因、附件哈希、设备/IP
P108,舆情,技术后台端,S05,统一口径,事实核验,提交/确认/处理/退回/转交（按权限）,响应,按流程配置；默认1个工作日,超时提醒→主管催办→高风险升级,仅退回到可编辑前置节点；关键财务/签署节点不得物理回退,操作者、身份、时间、前后值、原因、附件哈希、设备/IP
P108,舆情,技术后台端,S06,响应,统一口径,提交/确认/处理/退回/转交（按权限）,持续监控,按流程配置；默认1个工作日,超时提醒→主管催办→高风险升级,仅退回到可编辑前置节点；关键财务/签署节点不得物理回退,操作者、身份、时间、前后值、原因、附件哈希、设备/IP
P108,舆情,技术后台端,S07,持续监控,响应,提交/确认/处理/退回/转交（按权限）,案件或复盘,按流程配置；默认1个工作日,超时提醒→主管催办→高风险升级,仅退回到可编辑前置节点；关键财务/签署节点不得物理回退,操作者、身份、时间、前后值、原因、附件哈希、设备/IP
P108,舆情,技术后台端,S08,案件或复盘,持续监控,提交/确认/处理/退回/转交（按权限）,已关闭,事项关闭后2个工作日,超时提醒→主管催办→高风险升级,仅退回到可编辑前置节点；关键财务/签署节点不得物理回退,操作者、身份、时间、前后值、原因、附件哈希、设备/IP
P109,品牌授权,技术后台端,S01,申请,流程触发/发起,提交/确认/处理/退回/转交（按权限）,用途主体期限,按流程配置；默认1个工作日,超时提醒→主管催办→高风险升级,仅退回到可编辑前置节点；关键财务/签署节点不得物理回退,操作者、身份、时间、前后值、原因、附件哈希、设备/IP
P109,品牌授权,技术后台端,S02,用途主体期限,申请,提交/确认/处理/退回/转交（按权限）,材料核验,按流程配置；默认1个工作日,超时提醒→主管催办→高风险升级,仅退回到可编辑前置节点；关键财务/签署节点不得物理回退,操作者、身份、时间、前后值、原因、附件哈希、设备/IP
P109,品牌授权,技术后台端,S03,材料核验,用途主体期限,提交/确认/处理/退回/转交（按权限）,风险评估,按流程配置；默认1个工作日,超时提醒→主管催办→高风险升级,仅退回到可编辑前置节点；关键财务/签署节点不得物理回退,操作者、身份、时间、前后值、原因、附件哈希、设备/IP
P109,品牌授权,技术后台端,S04,风险评估,材料核验,提交/确认/处理/退回/转交（按权限）,审批,立即响应；L3/L4 30分钟内升级,超时提醒→主管催办→高风险升级,仅退回到可编辑前置节点；关键财务/签署节点不得物理回退,操作者、身份、时间、前后值、原因、附件哈希、设备/IP
P109,品牌授权,技术后台端,S05,审批,风险评估,提交/确认/处理/退回/转交（按权限）,授权文件,1个工作日；高风险按制度,超时提醒→主管催办→高风险升级,仅退回到可编辑前置节点；关键财务/签署节点不得物理回退,操作者、身份、时间、前后值、原因、附件哈希、设备/IP
P109,品牌授权,技术后台端,S06,授权文件,审批,提交/确认/处理/退回/转交（按权限）,到期提醒,按流程配置；默认1个工作日,超时提醒→主管催办→高风险升级,仅退回到可编辑前置节点；关键财务/签署节点不得物理回退,操作者、身份、时间、前后值、原因、附件哈希、设备/IP
P109,品牌授权,技术后台端,S07,到期提醒,授权文件,提交/确认/处理/退回/转交（按权限）,终止/续期,按流程配置；默认1个工作日,超时提醒→主管催办→高风险升级,仅退回到可编辑前置节点；关键财务/签署节点不得物理回退,操作者、身份、时间、前后值、原因、附件哈希、设备/IP
P109,品牌授权,技术后台端,S08,终止/续期,到期提醒,提交/确认/处理/退回/转交（按权限）,已关闭,按流程配置；默认1个工作日,超时提醒→主管催办→高风险升级,仅退回到可编辑前置节点；关键财务/签署节点不得物理回退,操作者、身份、时间、前后值、原因、附件哈希、设备/IP
P110,物料审核,技术后台端,S01,提交物料,流程触发/发起,提交/确认/处理/退回/转交（按权限）,规范自动检查,按流程配置；默认1个工作日,超时提醒→主管催办→高风险升级,仅退回到可编辑前置节点；关键财务/签署节点不得物理回退,操作者、身份、时间、前后值、原因、附件哈希、设备/IP
P110,物料审核,技术后台端,S02,规范自动检查,提交物料,提交/确认/处理/退回/转交（按权限）,人工审核,按流程配置；默认1个工作日,超时提醒→主管催办→高风险升级,仅退回到可编辑前置节点；关键财务/签署节点不得物理回退,操作者、身份、时间、前后值、原因、附件哈希、设备/IP
P110,物料审核,技术后台端,S03,人工审核,规范自动检查,提交/确认/处理/退回/转交（按权限）,退回修改,1个工作日；高风险按制度,超时提醒→主管催办→高风险升级,仅退回到可编辑前置节点；关键财务/签署节点不得物理回退,操作者、身份、时间、前后值、原因、附件哈希、设备/IP
P110,物料审核,技术后台端,S04,退回修改,人工审核,提交/确认/处理/退回/转交（按权限）,批准,按流程配置；默认1个工作日,超时提醒→主管催办→高风险升级,仅退回到可编辑前置节点；关键财务/签署节点不得物理回退,操作者、身份、时间、前后值、原因、附件哈希、设备/IP
P110,物料审核,技术后台端,S05,批准,退回修改,提交/确认/处理/退回/转交（按权限）,版本固化,按流程配置；默认1个工作日,超时提醒→主管催办→高风险升级,仅退回到可编辑前置节点；关键财务/签署节点不得物理回退,操作者、身份、时间、前后值、原因、附件哈希、设备/IP
P110,物料审核,技术后台端,S06,版本固化,批准,提交/确认/处理/退回/转交（按权限）,发布移交,按流程配置；默认1个工作日,超时提醒→主管催办→高风险升级,仅退回到可编辑前置节点；关键财务/签署节点不得物理回退,操作者、身份、时间、前后值、原因、附件哈希、设备/IP
P110,物料审核,技术后台端,S07,发布移交,版本固化,提交/确认/处理/退回/转交（按权限）,已关闭,按流程配置；默认1个工作日,超时提醒→主管催办→高风险升级,仅退回到可编辑前置节点；关键财务/签署节点不得物理回退,操作者、身份、时间、前后值、原因、附件哈希、设备/IP
P111,侵权处理,技术后台端,S01,线索,流程触发/发起,提交/确认/处理/退回/转交（按权限）,证据保全,按流程配置；默认1个工作日,超时提醒→主管催办→高风险升级,仅退回到可编辑前置节点；关键财务/签署节点不得物理回退,操作者、身份、时间、前后值、原因、附件哈希、设备/IP
P111,侵权处理,技术后台端,S02,证据保全,线索,提交/确认/处理/退回/转交（按权限）,真实性核验,按流程配置；默认1个工作日,超时提醒→主管催办→高风险升级,仅退回到可编辑前置节点；关键财务/签署节点不得物理回退,操作者、身份、时间、前后值、原因、附件哈希、设备/IP
P111,侵权处理,技术后台端,S03,真实性核验,证据保全,提交/确认/处理/退回/转交（按权限）,风险分级,按流程配置；默认1个工作日,超时提醒→主管催办→高风险升级,仅退回到可编辑前置节点；关键财务/签署节点不得物理回退,操作者、身份、时间、前后值、原因、附件哈希、设备/IP
P111,侵权处理,技术后台端,S04,风险分级,真实性核验,提交/确认/处理/退回/转交（按权限）,通知或法务协同,立即响应；L3/L4 30分钟内升级,超时提醒→主管催办→高风险升级,仅退回到可编辑前置节点；关键财务/签署节点不得物理回退,操作者、身份、时间、前后值、原因、附件哈希、设备/IP
P111,侵权处理,技术后台端,S05,通知或法务协同,风险分级,提交/确认/处理/退回/转交（按权限）,下架整改,按流程配置；默认1个工作日,超时提醒→主管催办→高风险升级,仅退回到可编辑前置节点；关键财务/签署节点不得物理回退,操作者、身份、时间、前后值、原因、附件哈希、设备/IP
P111,侵权处理,技术后台端,S06,下架整改,通知或法务协同,提交/确认/处理/退回/转交（按权限）,复查,按流程配置；默认1个工作日,超时提醒→主管催办→高风险升级,仅退回到可编辑前置节点；关键财务/签署节点不得物理回退,操作者、身份、时间、前后值、原因、附件哈希、设备/IP
P111,侵权处理,技术后台端,S07,复查,下架整改,提交/确认/处理/退回/转交（按权限）,关闭,按流程配置；默认1个工作日,超时提醒→主管催办→高风险升级,仅退回到可编辑前置节点；关键财务/签署节点不得物理回退,操作者、身份、时间、前后值、原因、附件哈希、设备/IP
P111,侵权处理,技术后台端,S08,关闭,复查,提交/确认/处理/退回/转交（按权限）,已关闭,按流程配置；默认1个工作日,超时提醒→主管催办→高风险升级,仅退回到可编辑前置节点；关键财务/签署节点不得物理回退,操作者、身份、时间、前后值、原因、附件哈希、设备/IP
P112,标准接待,技术后台端,S01,需求,流程触发/发起,提交/确认/处理/退回/转交（按权限）,客情核验,按流程配置；默认1个工作日,超时提醒→主管催办→高风险升级,仅退回到可编辑前置节点；关键财务/签署节点不得物理回退,操作者、身份、时间、前后值、原因、附件哈希、设备/IP
P112,标准接待,技术后台端,S02,客情核验,需求,提交/确认/处理/退回/转交（按权限）,等级预算审批,按流程配置；默认1个工作日,超时提醒→主管催办→高风险升级,仅退回到可编辑前置节点；关键财务/签署节点不得物理回退,操作者、身份、时间、前后值、原因、附件哈希、设备/IP
P112,标准接待,技术后台端,S03,等级预算审批,客情核验,提交/确认/处理/退回/转交（按权限）,方案,1个工作日；高风险按制度,超时提醒→主管催办→高风险升级,仅退回到可编辑前置节点；关键财务/签署节点不得物理回退,操作者、身份、时间、前后值、原因、附件哈希、设备/IP
P112,标准接待,技术后台端,S04,方案,等级预算审批,提交/确认/处理/退回/转交（按权限）,资源子单,按流程配置；默认1个工作日,超时提醒→主管催办→高风险升级,仅退回到可编辑前置节点；关键财务/签署节点不得物理回退,操作者、身份、时间、前后值、原因、附件哈希、设备/IP
P112,标准接待,技术后台端,S05,资源子单,方案,提交/确认/处理/退回/转交（按权限）,行前确认,按流程配置；默认1个工作日,超时提醒→主管催办→高风险升级,仅退回到可编辑前置节点；关键财务/签署节点不得物理回退,操作者、身份、时间、前后值、原因、附件哈希、设备/IP
P112,标准接待,技术后台端,S06,行前确认,资源子单,提交/确认/处理/退回/转交（按权限）,接待执行,1个工作日；高风险按制度,超时提醒→主管催办→高风险升级,仅退回到可编辑前置节点；关键财务/签署节点不得物理回退,操作者、身份、时间、前后值、原因、附件哈希、设备/IP
P112,标准接待,技术后台端,S07,接待执行,行前确认,提交/确认/处理/退回/转交（按权限）,离场,按计划时点/班次完成,超时提醒→主管催办→高风险升级,仅退回到可编辑前置节点；关键财务/签署节点不得物理回退,操作者、身份、时间、前后值、原因、附件哈希、设备/IP
P112,标准接待,技术后台端,S08,离场,接待执行,提交/确认/处理/退回/转交（按权限）,回访,按流程配置；默认1个工作日,超时提醒→主管催办→高风险升级,仅退回到可编辑前置节点；关键财务/签署节点不得物理回退,操作者、身份、时间、前后值、原因、附件哈希、设备/IP
P112,标准接待,技术后台端,S09,回访,离场,提交/确认/处理/退回/转交（按权限）,费用与复盘,按流程配置；默认1个工作日,超时提醒→主管催办→高风险升级,仅退回到可编辑前置节点；关键财务/签署节点不得物理回退,操作者、身份、时间、前后值、原因、附件哈希、设备/IP
P112,标准接待,技术后台端,S10,费用与复盘,回访,提交/确认/处理/退回/转交（按权限）,已关闭,事项关闭后2个工作日,超时提醒→主管催办→高风险升级,仅退回到可编辑前置节点；关键财务/签署节点不得物理回退,操作者、身份、时间、前后值、原因、附件哈希、设备/IP
P113,临时变更,技术后台端,S01,变更提出,流程触发/发起,提交/确认/处理/退回/转交（按权限）,指定联系人确认,按流程配置；默认1个工作日,超时提醒→主管催办→高风险升级,仅退回到可编辑前置节点；关键财务/签署节点不得物理回退,操作者、身份、时间、前后值、原因、附件哈希、设备/IP
P113,临时变更,技术后台端,S02,指定联系人确认,变更提出,提交/确认/处理/退回/转交（按权限）,影响分析,1个工作日；高风险按制度,超时提醒→主管催办→高风险升级,仅退回到可编辑前置节点；关键财务/签署节点不得物理回退,操作者、身份、时间、前后值、原因、附件哈希、设备/IP
P113,临时变更,技术后台端,S03,影响分析,指定联系人确认,提交/确认/处理/退回/转交（按权限）,更新唯一行程,按流程配置；默认1个工作日,超时提醒→主管催办→高风险升级,仅退回到可编辑前置节点；关键财务/签署节点不得物理回退,操作者、身份、时间、前后值、原因、附件哈希、设备/IP
P113,临时变更,技术后台端,S04,更新唯一行程,影响分析,提交/确认/处理/退回/转交（按权限）,资源子单调整,按流程配置；默认1个工作日,超时提醒→主管催办→高风险升级,仅退回到可编辑前置节点；关键财务/签署节点不得物理回退,操作者、身份、时间、前后值、原因、附件哈希、设备/IP
P113,临时变更,技术后台端,S05,资源子单调整,更新唯一行程,提交/确认/处理/退回/转交（按权限）,人员通知,按流程配置；默认1个工作日,超时提醒→主管催办→高风险升级,仅退回到可编辑前置节点；关键财务/签署节点不得物理回退,操作者、身份、时间、前后值、原因、附件哈希、设备/IP
P113,临时变更,技术后台端,S06,人员通知,资源子单调整,提交/确认/处理/退回/转交（按权限）,损耗记录,按流程配置；默认1个工作日,超时提醒→主管催办→高风险升级,仅退回到可编辑前置节点；关键财务/签署节点不得物理回退,操作者、身份、时间、前后值、原因、附件哈希、设备/IP
P113,临时变更,技术后台端,S07,损耗记录,人员通知,提交/确认/处理/退回/转交（按权限）,已关闭,按流程配置；默认1个工作日,超时提醒→主管催办→高风险升级,仅退回到可编辑前置节点；关键财务/签署节点不得物理回退,操作者、身份、时间、前后值、原因、附件哈希、设备/IP
P114,导游执行,技术后台端,S01,排班,流程触发/发起,提交/确认/处理/退回/转交（按权限）,路线讲解词版本,按流程配置；默认1个工作日,超时提醒→主管催办→高风险升级,仅退回到可编辑前置节点；关键财务/签署节点不得物理回退,操作者、身份、时间、前后值、原因、附件哈希、设备/IP
P114,导游执行,技术后台端,S02,路线讲解词版本,排班,提交/确认/处理/退回/转交（按权限）,人数票务天气确认,按流程配置；默认1个工作日,超时提醒→主管催办→高风险升级,仅退回到可编辑前置节点；关键财务/签署节点不得物理回退,操作者、身份、时间、前后值、原因、附件哈希、设备/IP
P114,导游执行,技术后台端,S03,人数票务天气确认,路线讲解词版本,提交/确认/处理/退回/转交（按权限）,出发,1个工作日；高风险按制度,超时提醒→主管催办→高风险升级,仅退回到可编辑前置节点；关键财务/签署节点不得物理回退,操作者、身份、时间、前后值、原因、附件哈希、设备/IP
P114,导游执行,技术后台端,S04,出发,人数票务天气确认,提交/确认/处理/退回/转交（按权限）,持续清点,按流程配置；默认1个工作日,超时提醒→主管催办→高风险升级,仅退回到可编辑前置节点；关键财务/签署节点不得物理回退,操作者、身份、时间、前后值、原因、附件哈希、设备/IP
P114,导游执行,技术后台端,S05,持续清点,出发,提交/确认/处理/退回/转交（按权限）,异常处置,按流程配置；默认1个工作日,超时提醒→主管催办→高风险升级,仅退回到可编辑前置节点；关键财务/签署节点不得物理回退,操作者、身份、时间、前后值、原因、附件哈希、设备/IP
P114,导游执行,技术后台端,S06,异常处置,持续清点,提交/确认/处理/退回/转交（按权限）,结束反馈,立即响应；L3/L4 30分钟内升级,超时提醒→主管催办→高风险升级,仅退回到可编辑前置节点；关键财务/签署节点不得物理回退,操作者、身份、时间、前后值、原因、附件哈希、设备/IP
P114,导游执行,技术后台端,S07,结束反馈,异常处置,提交/确认/处理/退回/转交（按权限）,已关闭,按流程配置；默认1个工作日,超时提醒→主管催办→高风险升级,仅退回到可编辑前置节点；关键财务/签署节点不得物理回退,操作者、身份、时间、前后值、原因、附件哈希、设备/IP
P115,接待客诉,技术后台端,S01,受理,流程触发/发起,提交/确认/处理/退回/转交（按权限）,先行服务补救,按流程配置；默认1个工作日,超时提醒→主管催办→高风险升级,仅退回到可编辑前置节点；关键财务/签署节点不得物理回退,操作者、身份、时间、前后值、原因、附件哈希、设备/IP
P115,接待客诉,技术后台端,S02,先行服务补救,受理,提交/确认/处理/退回/转交（按权限）,事实记录,按流程配置；默认1个工作日,超时提醒→主管催办→高风险升级,仅退回到可编辑前置节点；关键财务/签署节点不得物理回退,操作者、身份、时间、前后值、原因、附件哈希、设备/IP
P115,接待客诉,技术后台端,S03,事实记录,先行服务补救,提交/确认/处理/退回/转交（按权限）,统一案件,按流程配置；默认1个工作日,超时提醒→主管催办→高风险升级,仅退回到可编辑前置节点；关键财务/签署节点不得物理回退,操作者、身份、时间、前后值、原因、附件哈希、设备/IP
P115,接待客诉,技术后台端,S04,统一案件,事实记录,提交/确认/处理/退回/转交（按权限）,调查,按流程配置；默认1个工作日,超时提醒→主管催办→高风险升级,仅退回到可编辑前置节点；关键财务/签署节点不得物理回退,操作者、身份、时间、前后值、原因、附件哈希、设备/IP
P115,接待客诉,技术后台端,S05,调查,统一案件,提交/确认/处理/退回/转交（按权限）,回访,按流程配置；默认1个工作日,超时提醒→主管催办→高风险升级,仅退回到可编辑前置节点；关键财务/签署节点不得物理回退,操作者、身份、时间、前后值、原因、附件哈希、设备/IP
P115,接待客诉,技术后台端,S06,回访,调查,提交/确认/处理/退回/转交（按权限）,整改,按流程配置；默认1个工作日,超时提醒→主管催办→高风险升级,仅退回到可编辑前置节点；关键财务/签署节点不得物理回退,操作者、身份、时间、前后值、原因、附件哈希、设备/IP
P115,接待客诉,技术后台端,S07,整改,回访,提交/确认/处理/退回/转交（按权限）,已关闭,按流程配置；默认1个工作日,超时提醒→主管催办→高风险升级,仅退回到可编辑前置节点；关键财务/签署节点不得物理回退,操作者、身份、时间、前后值、原因、附件哈希、设备/IP
P116,线索转商机,技术后台端,S01,线索进入,流程触发/发起,提交/确认/处理/退回/转交（按权限）,合法性和查重,按流程配置；默认1个工作日,超时提醒→主管催办→高风险升级,仅退回到可编辑前置节点；关键财务/签署节点不得物理回退,操作者、身份、时间、前后值、原因、附件哈希、设备/IP
P116,线索转商机,技术后台端,S02,合法性和查重,线索进入,提交/确认/处理/退回/转交（按权限）,分配,按流程配置；默认1个工作日,超时提醒→主管催办→高风险升级,仅退回到可编辑前置节点；关键财务/签署节点不得物理回退,操作者、身份、时间、前后值、原因、附件哈希、设备/IP
P116,线索转商机,技术后台端,S03,分配,合法性和查重,提交/确认/处理/退回/转交（按权限）,首次联系,按流程配置；默认1个工作日,超时提醒→主管催办→高风险升级,仅退回到可编辑前置节点；关键财务/签署节点不得物理回退,操作者、身份、时间、前后值、原因、附件哈希、设备/IP
P116,线索转商机,技术后台端,S04,首次联系,分配,提交/确认/处理/退回/转交（按权限）,资格判断,按流程配置；默认1个工作日,超时提醒→主管催办→高风险升级,仅退回到可编辑前置节点；关键财务/签署节点不得物理回退,操作者、身份、时间、前后值、原因、附件哈希、设备/IP
P116,线索转商机,技术后台端,S05,资格判断,首次联系,提交/确认/处理/退回/转交（按权限）,转商机或关闭,按流程配置；默认1个工作日,超时提醒→主管催办→高风险升级,仅退回到可编辑前置节点；关键财务/签署节点不得物理回退,操作者、身份、时间、前后值、原因、附件哈希、设备/IP
P116,线索转商机,技术后台端,S06,转商机或关闭,资格判断,提交/确认/处理/退回/转交（按权限）,下一步任务,按流程配置；默认1个工作日,超时提醒→主管催办→高风险升级,仅退回到可编辑前置节点；关键财务/签署节点不得物理回退,操作者、身份、时间、前后值、原因、附件哈希、设备/IP
P116,线索转商机,技术后台端,S07,下一步任务,转商机或关闭,提交/确认/处理/退回/转交（按权限）,已关闭,按流程配置；默认1个工作日,超时提醒→主管催办→高风险升级,仅退回到可编辑前置节点；关键财务/签署节点不得物理回退,操作者、身份、时间、前后值、原因、附件哈希、设备/IP
P117,销售成交,技术后台端,S01,需求,流程触发/发起,提交/确认/处理/退回/转交（按权限）,方案,按流程配置；默认1个工作日,超时提醒→主管催办→高风险升级,仅退回到可编辑前置节点；关键财务/签署节点不得物理回退,操作者、身份、时间、前后值、原因、附件哈希、设备/IP
P117,销售成交,技术后台端,S02,方案,需求,提交/确认/处理/退回/转交（按权限）,报价审批,按流程配置；默认1个工作日,超时提醒→主管催办→高风险升级,仅退回到可编辑前置节点；关键财务/签署节点不得物理回退,操作者、身份、时间、前后值、原因、附件哈希、设备/IP
P117,销售成交,技术后台端,S03,报价审批,方案,提交/确认/处理/退回/转交（按权限）,商务谈判,1个工作日；高风险按制度,超时提醒→主管催办→高风险升级,仅退回到可编辑前置节点；关键财务/签署节点不得物理回退,操作者、身份、时间、前后值、原因、附件哈希、设备/IP
P117,销售成交,技术后台端,S04,商务谈判,报价审批,提交/确认/处理/退回/转交（按权限）,合同协同,按流程配置；默认1个工作日,超时提醒→主管催办→高风险升级,仅退回到可编辑前置节点；关键财务/签署节点不得物理回退,操作者、身份、时间、前后值、原因、附件哈希、设备/IP
P117,销售成交,技术后台端,S05,合同协同,商务谈判,提交/确认/处理/退回/转交（按权限）,订单,按流程配置；默认1个工作日,超时提醒→主管催办→高风险升级,仅退回到可编辑前置节点；关键财务/签署节点不得物理回退,操作者、身份、时间、前后值、原因、附件哈希、设备/IP
P117,销售成交,技术后台端,S06,订单,合同协同,提交/确认/处理/退回/转交（按权限）,交付移交,按流程配置；默认1个工作日,超时提醒→主管催办→高风险升级,仅退回到可编辑前置节点；关键财务/签署节点不得物理回退,操作者、身份、时间、前后值、原因、附件哈希、设备/IP
P117,销售成交,技术后台端,S07,交付移交,订单,提交/确认/处理/退回/转交（按权限）,回款,按流程配置；默认1个工作日,超时提醒→主管催办→高风险升级,仅退回到可编辑前置节点；关键财务/签署节点不得物理回退,操作者、身份、时间、前后值、原因、附件哈希、设备/IP
P117,销售成交,技术后台端,S08,回款,交付移交,提交/确认/处理/退回/转交（按权限）,复购,按流程配置；默认1个工作日,超时提醒→主管催办→高风险升级,仅退回到可编辑前置节点；关键财务/签署节点不得物理回退,操作者、身份、时间、前后值、原因、附件哈希、设备/IP
P117,销售成交,技术后台端,S09,复购,回款,提交/确认/处理/退回/转交（按权限）,已关闭,按流程配置；默认1个工作日,超时提醒→主管催办→高风险升级,仅退回到可编辑前置节点；关键财务/签署节点不得物理回退,操作者、身份、时间、前后值、原因、附件哈希、设备/IP
P118,二次销售,技术后台端,S01,服务场景产生线索,流程触发/发起,提交/确认/处理/退回/转交（按权限）,员工工号/二维码归属,按流程配置；默认1个工作日,超时提醒→主管催办→高风险升级,仅退回到可编辑前置节点；关键财务/签署节点不得物理回退,操作者、身份、时间、前后值、原因、附件哈希、设备/IP
P118,二次销售,技术后台端,S02,员工工号/二维码归属,服务场景产生线索,提交/确认/处理/退回/转交（按权限）,成交,按流程配置；默认1个工作日,超时提醒→主管催办→高风险升级,仅退回到可编辑前置节点；关键财务/签署节点不得物理回退,操作者、身份、时间、前后值、原因、附件哈希、设备/IP
P118,二次销售,技术后台端,S03,成交,员工工号/二维码归属,提交/确认/处理/退回/转交（按权限）,核销交付,按流程配置；默认1个工作日,超时提醒→主管催办→高风险升级,仅退回到可编辑前置节点；关键财务/签署节点不得物理回退,操作者、身份、时间、前后值、原因、附件哈希、设备/IP
P118,二次销售,技术后台端,S04,核销交付,成交,提交/确认/处理/退回/转交（按权限）,退款观察,按流程配置；默认1个工作日,超时提醒→主管催办→高风险升级,仅退回到可编辑前置节点；关键财务/签署节点不得物理回退,操作者、身份、时间、前后值、原因、附件哈希、设备/IP
P118,二次销售,技术后台端,S05,退款观察,核销交付,提交/确认/处理/退回/转交（按权限）,贡献角色确认,T+1个工作日或财务日历,超时提醒→主管催办→高风险升级,仅退回到可编辑前置节点；关键财务/签署节点不得物理回退,操作者、身份、时间、前后值、原因、附件哈希、设备/IP
P118,二次销售,技术后台端,S06,贡献角色确认,退款观察,提交/确认/处理/退回/转交（按权限）,提成基础,1个工作日；高风险按制度,超时提醒→主管催办→高风险升级,仅退回到可编辑前置节点；关键财务/签署节点不得物理回退,操作者、身份、时间、前后值、原因、附件哈希、设备/IP
P118,二次销售,技术后台端,S07,提成基础,贡献角色确认,提交/确认/处理/退回/转交（按权限）,已关闭,按流程配置；默认1个工作日,超时提醒→主管催办→高风险升级,仅退回到可编辑前置节点；关键财务/签署节点不得物理回退,操作者、身份、时间、前后值、原因、附件哈希、设备/IP
P119,客户移交,技术后台端,S01,人员调岗离职,流程触发/发起,提交/确认/处理/退回/转交（按权限）,未结客户清单,按流程配置；默认1个工作日,超时提醒→主管催办→高风险升级,仅退回到可编辑前置节点；关键财务/签署节点不得物理回退,操作者、身份、时间、前后值、原因、附件哈希、设备/IP
P119,客户移交,技术后台端,S02,未结客户清单,人员调岗离职,提交/确认/处理/退回/转交（按权限）,新责任人,按流程配置；默认1个工作日,超时提醒→主管催办→高风险升级,仅退回到可编辑前置节点；关键财务/签署节点不得物理回退,操作者、身份、时间、前后值、原因、附件哈希、设备/IP
P119,客户移交,技术后台端,S03,新责任人,未结客户清单,提交/确认/处理/退回/转交（按权限）,客户沟通,按流程配置；默认1个工作日,超时提醒→主管催办→高风险升级,仅退回到可编辑前置节点；关键财务/签署节点不得物理回退,操作者、身份、时间、前后值、原因、附件哈希、设备/IP
P119,客户移交,技术后台端,S04,客户沟通,新责任人,提交/确认/处理/退回/转交（按权限）,权限转移,按流程配置；默认1个工作日,超时提醒→主管催办→高风险升级,仅退回到可编辑前置节点；关键财务/签署节点不得物理回退,操作者、身份、时间、前后值、原因、附件哈希、设备/IP
P119,客户移交,技术后台端,S05,权限转移,客户沟通,提交/确认/处理/退回/转交（按权限）,移交验收,按流程配置；默认1个工作日,超时提醒→主管催办→高风险升级,仅退回到可编辑前置节点；关键财务/签署节点不得物理回退,操作者、身份、时间、前后值、原因、附件哈希、设备/IP
P119,客户移交,技术后台端,S06,移交验收,权限转移,提交/确认/处理/退回/转交（按权限）,已关闭,1个工作日；高风险按制度,超时提醒→主管催办→高风险升级,仅退回到可编辑前置节点；关键财务/签署节点不得物理回退,操作者、身份、时间、前后值、原因、附件哈希、设备/IP
P120,全员生命周期闭环,技术后台端,S01,用人需求,流程触发/发起,提交/确认/处理/退回/转交（按权限）,招聘录用,按流程配置；默认1个工作日,超时提醒→主管催办→高风险升级,仅退回到可编辑前置节点；关键财务/签署节点不得物理回退,操作者、身份、时间、前后值、原因、附件哈希、设备/IP
P120,全员生命周期闭环,技术后台端,S02,招聘录用,用人需求,提交/确认/处理/退回/转交（按权限）,入职,按流程配置；默认1个工作日,超时提醒→主管催办→高风险升级,仅退回到可编辑前置节点；关键财务/签署节点不得物理回退,操作者、身份、时间、前后值、原因、附件哈希、设备/IP
P120,全员生命周期闭环,技术后台端,S03,入职,招聘录用,提交/确认/处理/退回/转交（按权限）,试用转正,按流程配置；默认1个工作日,超时提醒→主管催办→高风险升级,仅退回到可编辑前置节点；关键财务/签署节点不得物理回退,操作者、身份、时间、前后值、原因、附件哈希、设备/IP
P120,全员生命周期闭环,技术后台端,S04,试用转正,入职,提交/确认/处理/退回/转交（按权限）,在岗学习与绩效,按流程配置；默认1个工作日,超时提醒→主管催办→高风险升级,仅退回到可编辑前置节点；关键财务/签署节点不得物理回退,操作者、身份、时间、前后值、原因、附件哈希、设备/IP
P120,全员生命周期闭环,技术后台端,S05,在岗学习与绩效,试用转正,提交/确认/处理/退回/转交（按权限）,调岗/兼岗/晋升,按流程配置；默认1个工作日,超时提醒→主管催办→高风险升级,仅退回到可编辑前置节点；关键财务/签署节点不得物理回退,操作者、身份、时间、前后值、原因、附件哈希、设备/IP
P120,全员生命周期闭环,技术后台端,S06,调岗/兼岗/晋升,在岗学习与绩效,提交/确认/处理/退回/转交（按权限）,奖励纪律与关怀,按流程配置；默认1个工作日,超时提醒→主管催办→高风险升级,仅退回到可编辑前置节点；关键财务/签署节点不得物理回退,操作者、身份、时间、前后值、原因、附件哈希、设备/IP
P120,全员生命周期闭环,技术后台端,S07,奖励纪律与关怀,调岗/兼岗/晋升,提交/确认/处理/退回/转交（按权限）,离职交接,按流程配置；默认1个工作日,超时提醒→主管催办→高风险升级,仅退回到可编辑前置节点；关键财务/签署节点不得物理回退,操作者、身份、时间、前后值、原因、附件哈希、设备/IP
P120,全员生命周期闭环,技术后台端,S08,离职交接,奖励纪律与关怀,提交/确认/处理/退回/转交（按权限）,历史归档,按流程配置；默认1个工作日,超时提醒→主管催办→高风险升级,仅退回到可编辑前置节点；关键财务/签署节点不得物理回退,操作者、身份、时间、前后值、原因、附件哈希、设备/IP
P120,全员生命周期闭环,技术后台端,S09,历史归档,离职交接,提交/确认/处理/退回/转交（按权限）,已关闭,事项关闭后2个工作日,超时提醒→主管催办→高风险升级,仅退回到可编辑前置节点；关键财务/签署节点不得物理回退,操作者、身份、时间、前后值、原因、附件哈希、设备/IP
P121,市场获客到交付回款闭环,技术后台端,S01,市场/新媒体线索,流程触发/发起,提交/确认/处理/退回/转交（按权限）,客户查重与归属,按流程配置；默认1个工作日,超时提醒→主管催办→高风险升级,仅退回到可编辑前置节点；关键财务/签署节点不得物理回退,操作者、身份、时间、前后值、原因、附件哈希、设备/IP
P121,市场获客到交付回款闭环,技术后台端,S02,客户查重与归属,市场/新媒体线索,提交/确认/处理/退回/转交（按权限）,商机,按流程配置；默认1个工作日,超时提醒→主管催办→高风险升级,仅退回到可编辑前置节点；关键财务/签署节点不得物理回退,操作者、身份、时间、前后值、原因、附件哈希、设备/IP
P121,市场获客到交付回款闭环,技术后台端,S03,商机,客户查重与归属,提交/确认/处理/退回/转交（按权限）,方案与报价,按流程配置；默认1个工作日,超时提醒→主管催办→高风险升级,仅退回到可编辑前置节点；关键财务/签署节点不得物理回退,操作者、身份、时间、前后值、原因、附件哈希、设备/IP
P121,市场获客到交付回款闭环,技术后台端,S04,方案与报价,商机,提交/确认/处理/退回/转交（按权限）,合同/订单,按流程配置；默认1个工作日,超时提醒→主管催办→高风险升级,仅退回到可编辑前置节点；关键财务/签署节点不得物理回退,操作者、身份、时间、前后值、原因、附件哈希、设备/IP
P121,市场获客到交付回款闭环,技术后台端,S05,合同/订单,方案与报价,提交/确认/处理/退回/转交（按权限）,票务/教育/接待/演艺/餐饮交付,按流程配置；默认1个工作日,超时提醒→主管催办→高风险升级,仅退回到可编辑前置节点；关键财务/签署节点不得物理回退,操作者、身份、时间、前后值、原因、附件哈希、设备/IP
P121,市场获客到交付回款闭环,技术后台端,S06,票务/教育/接待/演艺/餐饮交付,合同/订单,提交/确认/处理/退回/转交（按权限）,回款,按流程配置；默认1个工作日,超时提醒→主管催办→高风险升级,仅退回到可编辑前置节点；关键财务/签署节点不得物理回退,操作者、身份、时间、前后值、原因、附件哈希、设备/IP
P121,市场获客到交付回款闭环,技术后台端,S07,回款,票务/教育/接待/演艺/餐饮交付,提交/确认/处理/退回/转交（按权限）,贡献毛利,按流程配置；默认1个工作日,超时提醒→主管催办→高风险升级,仅退回到可编辑前置节点；关键财务/签署节点不得物理回退,操作者、身份、时间、前后值、原因、附件哈希、设备/IP
P121,市场获客到交付回款闭环,技术后台端,S08,贡献毛利,回款,提交/确认/处理/退回/转交（按权限）,提成,按流程配置；默认1个工作日,超时提醒→主管催办→高风险升级,仅退回到可编辑前置节点；关键财务/签署节点不得物理回退,操作者、身份、时间、前后值、原因、附件哈希、设备/IP
P121,市场获客到交付回款闭环,技术后台端,S09,提成,贡献毛利,提交/确认/处理/退回/转交（按权限）,复购与客户运营,按流程配置；默认1个工作日,超时提醒→主管催办→高风险升级,仅退回到可编辑前置节点；关键财务/签署节点不得物理回退,操作者、身份、时间、前后值、原因、附件哈希、设备/IP
P121,市场获客到交付回款闭环,技术后台端,S10,复购与客户运营,提成,提交/确认/处理/退回/转交（按权限）,已关闭,按流程配置；默认1个工作日,超时提醒→主管催办→高风险升级,仅退回到可编辑前置节点；关键财务/签署节点不得物理回退,操作者、身份、时间、前后值、原因、附件哈希、设备/IP
P122,接待资源闭环,技术后台端,S01,接待主单,流程触发/发起,提交/确认/处理/退回/转交（按权限）,唯一行程,按流程配置；默认1个工作日,超时提醒→主管催办→高风险升级,仅退回到可编辑前置节点；关键财务/签署节点不得物理回退,操作者、身份、时间、前后值、原因、附件哈希、设备/IP
P122,接待资源闭环,技术后台端,S02,唯一行程,接待主单,提交/确认/处理/退回/转交（按权限）,车辆/票务/餐饮/演艺/教育/物资/安保子单,按流程配置；默认1个工作日,超时提醒→主管催办→高风险升级,仅退回到可编辑前置节点；关键财务/签署节点不得物理回退,操作者、身份、时间、前后值、原因、附件哈希、设备/IP
P122,接待资源闭环,技术后台端,S03,车辆/票务/餐饮/演艺/教育/物资/安保子单,唯一行程,提交/确认/处理/退回/转交（按权限）,行前确认,按流程配置；默认1个工作日,超时提醒→主管催办→高风险升级,仅退回到可编辑前置节点；关键财务/签署节点不得物理回退,操作者、身份、时间、前后值、原因、附件哈希、设备/IP
P122,接待资源闭环,技术后台端,S04,行前确认,车辆/票务/餐饮/演艺/教育/物资/安保子单,提交/确认/处理/退回/转交（按权限）,现场执行,1个工作日；高风险按制度,超时提醒→主管催办→高风险升级,仅退回到可编辑前置节点；关键财务/签署节点不得物理回退,操作者、身份、时间、前后值、原因、附件哈希、设备/IP
P122,接待资源闭环,技术后台端,S05,现场执行,行前确认,提交/确认/处理/退回/转交（按权限）,离场,按计划时点/班次完成,超时提醒→主管催办→高风险升级,仅退回到可编辑前置节点；关键财务/签署节点不得物理回退,操作者、身份、时间、前后值、原因、附件哈希、设备/IP
P122,接待资源闭环,技术后台端,S06,离场,现场执行,提交/确认/处理/退回/转交（按权限）,回访/投诉,按流程配置；默认1个工作日,超时提醒→主管催办→高风险升级,仅退回到可编辑前置节点；关键财务/签署节点不得物理回退,操作者、身份、时间、前后值、原因、附件哈希、设备/IP
P122,接待资源闭环,技术后台端,S07,回访/投诉,离场,提交/确认/处理/退回/转交（按权限）,费用与复盘,按流程配置；默认1个工作日,超时提醒→主管催办→高风险升级,仅退回到可编辑前置节点；关键财务/签署节点不得物理回退,操作者、身份、时间、前后值、原因、附件哈希、设备/IP
P122,接待资源闭环,技术后台端,S08,费用与复盘,回访/投诉,提交/确认/处理/退回/转交（按权限）,已关闭,事项关闭后2个工作日,超时提醒→主管催办→高风险升级,仅退回到可编辑前置节点；关键财务/签署节点不得物理回退,操作者、身份、时间、前后值、原因、附件哈希、设备/IP
P123,演艺场次闭环,技术后台端,S01,节目版本,流程触发/发起,提交/确认/处理/退回/转交（按权限）,场次,按流程配置；默认1个工作日,超时提醒→主管催办→高风险升级,仅退回到可编辑前置节点；关键财务/签署节点不得物理回退,操作者、身份、时间、前后值、原因、附件哈希、设备/IP
P123,演艺场次闭环,技术后台端,S02,场次,节目版本,提交/确认/处理/退回/转交（按权限）,演员排班,按流程配置；默认1个工作日,超时提醒→主管催办→高风险升级,仅退回到可编辑前置节点；关键财务/签署节点不得物理回退,操作者、身份、时间、前后值、原因、附件哈希、设备/IP
P123,演艺场次闭环,技术后台端,S03,演员排班,场次,提交/确认/处理/退回/转交（按权限）,服化道,按流程配置；默认1个工作日,超时提醒→主管催办→高风险升级,仅退回到可编辑前置节点；关键财务/签署节点不得物理回退,操作者、身份、时间、前后值、原因、附件哈希、设备/IP
P123,演艺场次闭环,技术后台端,S04,服化道,演员排班,提交/确认/处理/退回/转交（按权限）,演艺技术,按流程配置；默认1个工作日,超时提醒→主管催办→高风险升级,仅退回到可编辑前置节点；关键财务/签署节点不得物理回退,操作者、身份、时间、前后值、原因、附件哈希、设备/IP
P123,演艺场次闭环,技术后台端,S05,演艺技术,服化道,提交/确认/处理/退回/转交（按权限）,无人机,按流程配置；默认1个工作日,超时提醒→主管催办→高风险升级,仅退回到可编辑前置节点；关键财务/签署节点不得物理回退,操作者、身份、时间、前后值、原因、附件哈希、设备/IP
P123,演艺场次闭环,技术后台端,S06,无人机,演艺技术,提交/确认/处理/退回/转交（按权限）,场前检查,按流程配置；默认1个工作日,超时提醒→主管催办→高风险升级,仅退回到可编辑前置节点；关键财务/签署节点不得物理回退,操作者、身份、时间、前后值、原因、附件哈希、设备/IP
P123,演艺场次闭环,技术后台端,S07,场前检查,无人机,提交/确认/处理/退回/转交（按权限）,演出,按流程配置；默认1个工作日,超时提醒→主管催办→高风险升级,仅退回到可编辑前置节点；关键财务/签署节点不得物理回退,操作者、身份、时间、前后值、原因、附件哈希、设备/IP
P123,演艺场次闭环,技术后台端,S08,演出,场前检查,提交/确认/处理/退回/转交（按权限）,结果,按计划时点/班次完成,超时提醒→主管催办→高风险升级,仅退回到可编辑前置节点；关键财务/签署节点不得物理回退,操作者、身份、时间、前后值、原因、附件哈希、设备/IP
P123,演艺场次闭环,技术后台端,S09,结果,演出,提交/确认/处理/退回/转交（按权限）,故障/伤情/停演,按流程配置；默认1个工作日,超时提醒→主管催办→高风险升级,仅退回到可编辑前置节点；关键财务/签署节点不得物理回退,操作者、身份、时间、前后值、原因、附件哈希、设备/IP
P123,演艺场次闭环,技术后台端,S10,故障/伤情/停演,结果,提交/确认/处理/退回/转交（按权限）,复盘,立即响应；L3/L4 30分钟内升级,超时提醒→主管催办→高风险升级,仅退回到可编辑前置节点；关键财务/签署节点不得物理回退,操作者、身份、时间、前后值、原因、附件哈希、设备/IP
P123,演艺场次闭环,技术后台端,S11,复盘,故障/伤情/停演,提交/确认/处理/退回/转交（按权限）,已关闭,事项关闭后2个工作日,超时提醒→主管催办→高风险升级,仅退回到可编辑前置节点；关键财务/签署节点不得物理回退,操作者、身份、时间、前后值、原因、附件哈希、设备/IP
P124,采购资产财务闭环,技术后台端,S01,需求,流程触发/发起,提交/确认/处理/退回/转交（按权限）,库存核查,按流程配置；默认1个工作日,超时提醒→主管催办→高风险升级,仅退回到可编辑前置节点；关键财务/签署节点不得物理回退,操作者、身份、时间、前后值、原因、附件哈希、设备/IP
P124,采购资产财务闭环,技术后台端,S02,库存核查,需求,提交/确认/处理/退回/转交（按权限）,采购,按流程配置；默认1个工作日,超时提醒→主管催办→高风险升级,仅退回到可编辑前置节点；关键财务/签署节点不得物理回退,操作者、身份、时间、前后值、原因、附件哈希、设备/IP
P124,采购资产财务闭环,技术后台端,S03,采购,库存核查,提交/确认/处理/退回/转交（按权限）,到货,按流程配置；默认1个工作日,超时提醒→主管催办→高风险升级,仅退回到可编辑前置节点；关键财务/签署节点不得物理回退,操作者、身份、时间、前后值、原因、附件哈希、设备/IP
P124,采购资产财务闭环,技术后台端,S04,到货,采购,提交/确认/处理/退回/转交（按权限）,专业验收,按流程配置；默认1个工作日,超时提醒→主管催办→高风险升级,仅退回到可编辑前置节点；关键财务/签署节点不得物理回退,操作者、身份、时间、前后值、原因、附件哈希、设备/IP
P124,采购资产财务闭环,技术后台端,S05,专业验收,到货,提交/确认/处理/退回/转交（按权限）,入库/资产建卡,1个工作日；高风险按制度,超时提醒→主管催办→高风险升级,仅退回到可编辑前置节点；关键财务/签署节点不得物理回退,操作者、身份、时间、前后值、原因、附件哈希、设备/IP
P124,采购资产财务闭环,技术后台端,S06,入库/资产建卡,专业验收,提交/确认/处理/退回/转交（按权限）,领借调还,按流程配置；默认1个工作日,超时提醒→主管催办→高风险升级,仅退回到可编辑前置节点；关键财务/签署节点不得物理回退,操作者、身份、时间、前后值、原因、附件哈希、设备/IP
P124,采购资产财务闭环,技术后台端,S07,领借调还,入库/资产建卡,提交/确认/处理/退回/转交（按权限）,盘点/维修/处置,按流程配置；默认1个工作日,超时提醒→主管催办→高风险升级,仅退回到可编辑前置节点；关键财务/签署节点不得物理回退,操作者、身份、时间、前后值、原因、附件哈希、设备/IP
P124,采购资产财务闭环,技术后台端,S08,盘点/维修/处置,领借调还,提交/确认/处理/退回/转交（按权限）,发票与付款,按计划时点/班次完成,超时提醒→主管催办→高风险升级,仅退回到可编辑前置节点；关键财务/签署节点不得物理回退,操作者、身份、时间、前后值、原因、附件哈希、设备/IP
P124,采购资产财务闭环,技术后台端,S09,发票与付款,盘点/维修/处置,提交/确认/处理/退回/转交（按权限）,对账,T+1个工作日或财务日历,超时提醒→主管催办→高风险升级,仅退回到可编辑前置节点；关键财务/签署节点不得物理回退,操作者、身份、时间、前后值、原因、附件哈希、设备/IP
P124,采购资产财务闭环,技术后台端,S10,对账,发票与付款,提交/确认/处理/退回/转交（按权限）,已关闭,T+1个工作日或财务日历,超时提醒→主管催办→高风险升级,仅退回到可编辑前置节点；关键财务/签署节点不得物理回退,操作者、身份、时间、前后值、原因、附件哈希、设备/IP
P125,内容生产发布闭环,技术后台端,S01,业务需求,流程触发/发起,提交/确认/处理/退回/转交（按权限）,策划,按流程配置；默认1个工作日,超时提醒→主管催办→高风险升级,仅退回到可编辑前置节点；关键财务/签署节点不得物理回退,操作者、身份、时间、前后值、原因、附件哈希、设备/IP
P125,内容生产发布闭环,技术后台端,S02,策划,业务需求,提交/确认/处理/退回/转交（按权限）,企宣制作,按流程配置；默认1个工作日,超时提醒→主管催办→高风险升级,仅退回到可编辑前置节点；关键财务/签署节点不得物理回退,操作者、身份、时间、前后值、原因、附件哈希、设备/IP
P125,内容生产发布闭环,技术后台端,S03,企宣制作,策划,提交/确认/处理/退回/转交（按权限）,品牌审核,按流程配置；默认1个工作日,超时提醒→主管催办→高风险升级,仅退回到可编辑前置节点；关键财务/签署节点不得物理回退,操作者、身份、时间、前后值、原因、附件哈希、设备/IP
P125,内容生产发布闭环,技术后台端,S04,品牌审核,企宣制作,提交/确认/处理/退回/转交（按权限）,渠道发布,1个工作日；高风险按制度,超时提醒→主管催办→高风险升级,仅退回到可编辑前置节点；关键财务/签署节点不得物理回退,操作者、身份、时间、前后值、原因、附件哈希、设备/IP
P125,内容生产发布闭环,技术后台端,S05,渠道发布,品牌审核,提交/确认/处理/退回/转交（按权限）,投放/传播,按流程配置；默认1个工作日,超时提醒→主管催办→高风险升级,仅退回到可编辑前置节点；关键财务/签署节点不得物理回退,操作者、身份、时间、前后值、原因、附件哈希、设备/IP
P125,内容生产发布闭环,技术后台端,S06,投放/传播,渠道发布,提交/确认/处理/退回/转交（按权限）,线索与订单,按流程配置；默认1个工作日,超时提醒→主管催办→高风险升级,仅退回到可编辑前置节点；关键财务/签署节点不得物理回退,操作者、身份、时间、前后值、原因、附件哈希、设备/IP
P125,内容生产发布闭环,技术后台端,S07,线索与订单,投放/传播,提交/确认/处理/退回/转交（按权限）,数据复盘,按流程配置；默认1个工作日,超时提醒→主管催办→高风险升级,仅退回到可编辑前置节点；关键财务/签署节点不得物理回退,操作者、身份、时间、前后值、原因、附件哈希、设备/IP
P125,内容生产发布闭环,技术后台端,S08,数据复盘,线索与订单,提交/确认/处理/退回/转交（按权限）,素材归档,事项关闭后2个工作日,超时提醒→主管催办→高风险升级,仅退回到可编辑前置节点；关键财务/签署节点不得物理回退,操作者、身份、时间、前后值、原因、附件哈希、设备/IP
P125,内容生产发布闭环,技术后台端,S09,素材归档,数据复盘,提交/确认/处理/退回/转交（按权限）,已关闭,事项关闭后2个工作日,超时提醒→主管催办→高风险升级,仅退回到可编辑前置节点；关键财务/签署节点不得物理回退,操作者、身份、时间、前后值、原因、附件哈希、设备/IP
P126,事件与整改闭环,技术后台端,S01,线索/异常,流程触发/发起,提交/确认/处理/退回/转交（按权限）,风险分级,立即响应；L3/L4 30分钟内升级,超时提醒→主管催办→高风险升级,仅退回到可编辑前置节点；关键财务/签署节点不得物理回退,操作者、身份、时间、前后值、原因、附件哈希、设备/IP
P126,事件与整改闭环,技术后台端,S02,风险分级,线索/异常,提交/确认/处理/退回/转交（按权限）,先行止险,立即响应；L3/L4 30分钟内升级,超时提醒→主管催办→高风险升级,仅退回到可编辑前置节点；关键财务/签署节点不得物理回退,操作者、身份、时间、前后值、原因、附件哈希、设备/IP
P126,事件与整改闭环,技术后台端,S03,先行止险,风险分级,提交/确认/处理/退回/转交（按权限）,唯一案件,立即响应；L3/L4 30分钟内升级,超时提醒→主管催办→高风险升级,仅退回到可编辑前置节点；关键财务/签署节点不得物理回退,操作者、身份、时间、前后值、原因、附件哈希、设备/IP
P126,事件与整改闭环,技术后台端,S04,唯一案件,先行止险,提交/确认/处理/退回/转交（按权限）,调查,按流程配置；默认1个工作日,超时提醒→主管催办→高风险升级,仅退回到可编辑前置节点；关键财务/签署节点不得物理回退,操作者、身份、时间、前后值、原因、附件哈希、设备/IP
P126,事件与整改闭环,技术后台端,S05,调查,唯一案件,提交/确认/处理/退回/转交（按权限）,责任与决定,按流程配置；默认1个工作日,超时提醒→主管催办→高风险升级,仅退回到可编辑前置节点；关键财务/签署节点不得物理回退,操作者、身份、时间、前后值、原因、附件哈希、设备/IP
P126,事件与整改闭环,技术后台端,S06,责任与决定,调查,提交/确认/处理/退回/转交（按权限）,影响执行,按流程配置；默认1个工作日,超时提醒→主管催办→高风险升级,仅退回到可编辑前置节点；关键财务/签署节点不得物理回退,操作者、身份、时间、前后值、原因、附件哈希、设备/IP
P126,事件与整改闭环,技术后台端,S07,影响执行,责任与决定,提交/确认/处理/退回/转交（按权限）,申诉,按计划时点/班次完成,超时提醒→主管催办→高风险升级,仅退回到可编辑前置节点；关键财务/签署节点不得物理回退,操作者、身份、时间、前后值、原因、附件哈希、设备/IP
P126,事件与整改闭环,技术后台端,S08,申诉,影响执行,提交/确认/处理/退回/转交（按权限）,整改验证,按流程配置；默认1个工作日,超时提醒→主管催办→高风险升级,仅退回到可编辑前置节点；关键财务/签署节点不得物理回退,操作者、身份、时间、前后值、原因、附件哈希、设备/IP
P126,事件与整改闭环,技术后台端,S09,整改验证,申诉,提交/确认/处理/退回/转交（按权限）,关闭与补充归档,按流程配置；默认1个工作日,超时提醒→主管催办→高风险升级,仅退回到可编辑前置节点；关键财务/签署节点不得物理回退,操作者、身份、时间、前后值、原因、附件哈希、设备/IP
P126,事件与整改闭环,技术后台端,S10,关闭与补充归档,整改验证,提交/确认/处理/退回/转交（按权限）,已关闭,事项关闭后2个工作日,超时提醒→主管催办→高风险升级,仅退回到可编辑前置节点；关键财务/签署节点不得物理回退,操作者、身份、时间、前后值、原因、附件哈希、设备/IP
