process_code,process_name,endpoint,rule_code,rule_name,rule_description,failure_action,trigger_point,audit_record
P001,统一登录与多岗位身份切换,员工端,R01,唯一性与幂等,同一业务对象、节点和幂等键不得重复创建有效单据,阻断并返回已有单号,所有提交/接口,规则版本、命中结果、输入摘要、处理结果
P001,统一登录与多岗位身份切换,员工端,R02,身份与任职有效性,经办人须通过统一认证，当前任职身份在办理时点有效,阻断；重新选择身份或转授权,所有人工节点,规则版本、命中结果、输入摘要、处理结果
P001,统一登录与多岗位身份切换,员工端,R03,组织数据范围,仅能查看和处理授权中心、部门、岗位或本人数据,拒绝访问并审计,查询/处理/导出,规则版本、命中结果、输入摘要、处理结果
P001,统一登录与多岗位身份切换,员工端,R04,必填与格式,必填、类型、长度、时间区间、金额精度须通过服务端校验,退回当前表单,提交前,规则版本、命中结果、输入摘要、处理结果
P001,统一登录与多岗位身份切换,员工端,R05,状态迁移,仅允许按已发布状态机迁移；重复回调返回原结果,阻断非法迁移,节点提交/回调,规则版本、命中结果、输入摘要、处理结果
P001,统一登录与多岗位身份切换,员工端,R06,附件安全,附件完成病毒、格式、大小、敏感内容和权限校验,隔离附件并要求补充,上传/下载,规则版本、命中结果、输入摘要、处理结果
P001,统一登录与多岗位身份切换,员工端,R07,敏感字段,P2/P3字段按最小必要显示；导出需审批、水印、短链和二次认证,拒绝或脱敏,查看/导出,规则版本、命中结果、输入摘要、处理结果
P001,统一登录与多岗位身份切换,员工端,R08,版本一致性,历史实例固定流程、规则、表单和字典版本,版本冲突时禁止提交,保存/提交,规则版本、命中结果、输入摘要、处理结果
P001,统一登录与多岗位身份切换,员工端,R09,关闭条件,关闭前必须完成必选子任务、结算/回执、异常和归档检查,转整改/待关闭,关闭节点,规则版本、命中结果、输入摘要、处理结果
P001,统一登录与多岗位身份切换,员工端,R10,审计证据链,关键操作保留操作者、身份、时间、前后值、原因、哈希和请求ID,关键审计失败则阻断,全流程,规则版本、命中结果、输入摘要、处理结果
P001,统一登录与多岗位身份切换,员工端,,,,,,
P002,权限申请、复核与回收,员工端,R01,唯一性与幂等,同一业务对象、节点和幂等键不得重复创建有效单据,阻断并返回已有单号,所有提交/接口,规则版本、命中结果、输入摘要、处理结果
P002,权限申请、复核与回收,员工端,R02,身份与任职有效性,经办人须通过统一认证，当前任职身份在办理时点有效,阻断；重新选择身份或转授权,所有人工节点,规则版本、命中结果、输入摘要、处理结果
P002,权限申请、复核与回收,员工端,R03,组织数据范围,仅能查看和处理授权中心、部门、岗位或本人数据,拒绝访问并审计,查询/处理/导出,规则版本、命中结果、输入摘要、处理结果
P002,权限申请、复核与回收,员工端,R04,必填与格式,必填、类型、长度、时间区间、金额精度须通过服务端校验,退回当前表单,提交前,规则版本、命中结果、输入摘要、处理结果
P002,权限申请、复核与回收,员工端,R05,状态迁移,仅允许按已发布状态机迁移；重复回调返回原结果,阻断非法迁移,节点提交/回调,规则版本、命中结果、输入摘要、处理结果
P002,权限申请、复核与回收,员工端,R06,附件安全,附件完成病毒、格式、大小、敏感内容和权限校验,隔离附件并要求补充,上传/下载,规则版本、命中结果、输入摘要、处理结果
P002,权限申请、复核与回收,员工端,R07,敏感字段,P2/P3字段按最小必要显示；导出需审批、水印、短链和二次认证,拒绝或脱敏,查看/导出,规则版本、命中结果、输入摘要、处理结果
P002,权限申请、复核与回收,员工端,R08,版本一致性,历史实例固定流程、规则、表单和字典版本,版本冲突时禁止提交,保存/提交,规则版本、命中结果、输入摘要、处理结果
P002,权限申请、复核与回收,员工端,R09,关闭条件,关闭前必须完成必选子任务、结算/回执、异常和归档检查,转整改/待关闭,关闭节点,规则版本、命中结果、输入摘要、处理结果
P002,权限申请、复核与回收,员工端,R10,审计证据链,关键操作保留操作者、身份、时间、前后值、原因、哈希和请求ID,关键审计失败则阻断,全流程,规则版本、命中结果、输入摘要、处理结果
P002,权限申请、复核与回收,员工端,R11,先行止险,人员安全优先；重大事件允许先处置后补单，但不得删除证据,立即升级并锁证,事件触发,规则版本、命中结果、输入摘要、处理结果
P002,权限申请、复核与回收,员工端,R12,唯一案件,同一事件保留一个主案件，相关工单、投诉、维修、赔付为子单,合并或关联已有案件,立案,规则版本、命中结果、输入摘要、处理结果
P002,权限申请、复核与回收,员工端,,,,,,
P003,个人资料变更,员工端,R01,唯一性与幂等,同一业务对象、节点和幂等键不得重复创建有效单据,阻断并返回已有单号,所有提交/接口,规则版本、命中结果、输入摘要、处理结果
P003,个人资料变更,员工端,R02,身份与任职有效性,经办人须通过统一认证，当前任职身份在办理时点有效,阻断；重新选择身份或转授权,所有人工节点,规则版本、命中结果、输入摘要、处理结果
P003,个人资料变更,员工端,R03,组织数据范围,仅能查看和处理授权中心、部门、岗位或本人数据,拒绝访问并审计,查询/处理/导出,规则版本、命中结果、输入摘要、处理结果
P003,个人资料变更,员工端,R04,必填与格式,必填、类型、长度、时间区间、金额精度须通过服务端校验,退回当前表单,提交前,规则版本、命中结果、输入摘要、处理结果
P003,个人资料变更,员工端,R05,状态迁移,仅允许按已发布状态机迁移；重复回调返回原结果,阻断非法迁移,节点提交/回调,规则版本、命中结果、输入摘要、处理结果
P003,个人资料变更,员工端,R06,附件安全,附件完成病毒、格式、大小、敏感内容和权限校验,隔离附件并要求补充,上传/下载,规则版本、命中结果、输入摘要、处理结果
P003,个人资料变更,员工端,R07,敏感字段,P2/P3字段按最小必要显示；导出需审批、水印、短链和二次认证,拒绝或脱敏,查看/导出,规则版本、命中结果、输入摘要、处理结果
P003,个人资料变更,员工端,R08,版本一致性,历史实例固定流程、规则、表单和字典版本,版本冲突时禁止提交,保存/提交,规则版本、命中结果、输入摘要、处理结果
P003,个人资料变更,员工端,R09,关闭条件,关闭前必须完成必选子任务、结算/回执、异常和归档检查,转整改/待关闭,关闭节点,规则版本、命中结果、输入摘要、处理结果
P003,个人资料变更,员工端,R10,审计证据链,关键操作保留操作者、身份、时间、前后值、原因、哈希和请求ID,关键审计失败则阻断,全流程,规则版本、命中结果、输入摘要、处理结果
P003,个人资料变更,员工端,,,,,,
P004,通用申请与审批,员工端,R01,唯一性与幂等,同一业务对象、节点和幂等键不得重复创建有效单据,阻断并返回已有单号,所有提交/接口,规则版本、命中结果、输入摘要、处理结果
P004,通用申请与审批,员工端,R02,身份与任职有效性,经办人须通过统一认证，当前任职身份在办理时点有效,阻断；重新选择身份或转授权,所有人工节点,规则版本、命中结果、输入摘要、处理结果
P004,通用申请与审批,员工端,R03,组织数据范围,仅能查看和处理授权中心、部门、岗位或本人数据,拒绝访问并审计,查询/处理/导出,规则版本、命中结果、输入摘要、处理结果
P004,通用申请与审批,员工端,R04,必填与格式,必填、类型、长度、时间区间、金额精度须通过服务端校验,退回当前表单,提交前,规则版本、命中结果、输入摘要、处理结果
P004,通用申请与审批,员工端,R05,状态迁移,仅允许按已发布状态机迁移；重复回调返回原结果,阻断非法迁移,节点提交/回调,规则版本、命中结果、输入摘要、处理结果
P004,通用申请与审批,员工端,R06,附件安全,附件完成病毒、格式、大小、敏感内容和权限校验,隔离附件并要求补充,上传/下载,规则版本、命中结果、输入摘要、处理结果
P004,通用申请与审批,员工端,R07,敏感字段,P2/P3字段按最小必要显示；导出需审批、水印、短链和二次认证,拒绝或脱敏,查看/导出,规则版本、命中结果、输入摘要、处理结果
P004,通用申请与审批,员工端,R08,版本一致性,历史实例固定流程、规则、表单和字典版本,版本冲突时禁止提交,保存/提交,规则版本、命中结果、输入摘要、处理结果
P004,通用申请与审批,员工端,R09,关闭条件,关闭前必须完成必选子任务、结算/回执、异常和归档检查,转整改/待关闭,关闭节点,规则版本、命中结果、输入摘要、处理结果
P004,通用申请与审批,员工端,R10,审计证据链,关键操作保留操作者、身份、时间、前后值、原因、哈希和请求ID,关键审计失败则阻断,全流程,规则版本、命中结果、输入摘要、处理结果
P004,通用申请与审批,员工端,,,,,,
P005,制度、通知与执行回执,员工端,R01,唯一性与幂等,同一业务对象、节点和幂等键不得重复创建有效单据,阻断并返回已有单号,所有提交/接口,规则版本、命中结果、输入摘要、处理结果
P005,制度、通知与执行回执,员工端,R02,身份与任职有效性,经办人须通过统一认证，当前任职身份在办理时点有效,阻断；重新选择身份或转授权,所有人工节点,规则版本、命中结果、输入摘要、处理结果
P005,制度、通知与执行回执,员工端,R03,组织数据范围,仅能查看和处理授权中心、部门、岗位或本人数据,拒绝访问并审计,查询/处理/导出,规则版本、命中结果、输入摘要、处理结果
P005,制度、通知与执行回执,员工端,R04,必填与格式,必填、类型、长度、时间区间、金额精度须通过服务端校验,退回当前表单,提交前,规则版本、命中结果、输入摘要、处理结果
P005,制度、通知与执行回执,员工端,R05,状态迁移,仅允许按已发布状态机迁移；重复回调返回原结果,阻断非法迁移,节点提交/回调,规则版本、命中结果、输入摘要、处理结果
P005,制度、通知与执行回执,员工端,R06,附件安全,附件完成病毒、格式、大小、敏感内容和权限校验,隔离附件并要求补充,上传/下载,规则版本、命中结果、输入摘要、处理结果
P005,制度、通知与执行回执,员工端,R07,敏感字段,P2/P3字段按最小必要显示；导出需审批、水印、短链和二次认证,拒绝或脱敏,查看/导出,规则版本、命中结果、输入摘要、处理结果
P005,制度、通知与执行回执,员工端,R08,版本一致性,历史实例固定流程、规则、表单和字典版本,版本冲突时禁止提交,保存/提交,规则版本、命中结果、输入摘要、处理结果
P005,制度、通知与执行回执,员工端,R09,关闭条件,关闭前必须完成必选子任务、结算/回执、异常和归档检查,转整改/待关闭,关闭节点,规则版本、命中结果、输入摘要、处理结果
P005,制度、通知与执行回执,员工端,R10,审计证据链,关键操作保留操作者、身份、时间、前后值、原因、哈希和请求ID,关键审计失败则阻断,全流程,规则版本、命中结果、输入摘要、处理结果
P005,制度、通知与执行回执,员工端,,,,,,
P006,会议与行动项,员工端,R01,唯一性与幂等,同一业务对象、节点和幂等键不得重复创建有效单据,阻断并返回已有单号,所有提交/接口,规则版本、命中结果、输入摘要、处理结果
P006,会议与行动项,员工端,R02,身份与任职有效性,经办人须通过统一认证，当前任职身份在办理时点有效,阻断；重新选择身份或转授权,所有人工节点,规则版本、命中结果、输入摘要、处理结果
P006,会议与行动项,员工端,R03,组织数据范围,仅能查看和处理授权中心、部门、岗位或本人数据,拒绝访问并审计,查询/处理/导出,规则版本、命中结果、输入摘要、处理结果
P006,会议与行动项,员工端,R04,必填与格式,必填、类型、长度、时间区间、金额精度须通过服务端校验,退回当前表单,提交前,规则版本、命中结果、输入摘要、处理结果
P006,会议与行动项,员工端,R05,状态迁移,仅允许按已发布状态机迁移；重复回调返回原结果,阻断非法迁移,节点提交/回调,规则版本、命中结果、输入摘要、处理结果
P006,会议与行动项,员工端,R06,附件安全,附件完成病毒、格式、大小、敏感内容和权限校验,隔离附件并要求补充,上传/下载,规则版本、命中结果、输入摘要、处理结果
P006,会议与行动项,员工端,R07,敏感字段,P2/P3字段按最小必要显示；导出需审批、水印、短链和二次认证,拒绝或脱敏,查看/导出,规则版本、命中结果、输入摘要、处理结果
P006,会议与行动项,员工端,R08,版本一致性,历史实例固定流程、规则、表单和字典版本,版本冲突时禁止提交,保存/提交,规则版本、命中结果、输入摘要、处理结果
P006,会议与行动项,员工端,R09,关闭条件,关闭前必须完成必选子任务、结算/回执、异常和归档检查,转整改/待关闭,关闭节点,规则版本、命中结果、输入摘要、处理结果
P006,会议与行动项,员工端,R10,审计证据链,关键操作保留操作者、身份、时间、前后值、原因、哈希和请求ID,关键审计失败则阻断,全流程,规则版本、命中结果、输入摘要、处理结果
P006,会议与行动项,员工端,R11,时间重叠,假勤、排班、加班区间不得与已生效记录冲突,阻断或转例外审批,时间提交,规则版本、命中结果、输入摘要、处理结果
P006,会议与行动项,员工端,R12,额度账本,额度只通过预占、扣减、释放和差额调整流水变更,转账本调整单,审批/销假,规则版本、命中结果、输入摘要、处理结果
P006,会议与行动项,员工端,,,,,,
P007,排班与班次调整,员工端,R01,唯一性与幂等,同一业务对象、节点和幂等键不得重复创建有效单据,阻断并返回已有单号,所有提交/接口,规则版本、命中结果、输入摘要、处理结果
P007,排班与班次调整,员工端,R02,身份与任职有效性,经办人须通过统一认证，当前任职身份在办理时点有效,阻断；重新选择身份或转授权,所有人工节点,规则版本、命中结果、输入摘要、处理结果
P007,排班与班次调整,员工端,R03,组织数据范围,仅能查看和处理授权中心、部门、岗位或本人数据,拒绝访问并审计,查询/处理/导出,规则版本、命中结果、输入摘要、处理结果
P007,排班与班次调整,员工端,R04,必填与格式,必填、类型、长度、时间区间、金额精度须通过服务端校验,退回当前表单,提交前,规则版本、命中结果、输入摘要、处理结果
P007,排班与班次调整,员工端,R05,状态迁移,仅允许按已发布状态机迁移；重复回调返回原结果,阻断非法迁移,节点提交/回调,规则版本、命中结果、输入摘要、处理结果
P007,排班与班次调整,员工端,R06,附件安全,附件完成病毒、格式、大小、敏感内容和权限校验,隔离附件并要求补充,上传/下载,规则版本、命中结果、输入摘要、处理结果
P007,排班与班次调整,员工端,R07,敏感字段,P2/P3字段按最小必要显示；导出需审批、水印、短链和二次认证,拒绝或脱敏,查看/导出,规则版本、命中结果、输入摘要、处理结果
P007,排班与班次调整,员工端,R08,版本一致性,历史实例固定流程、规则、表单和字典版本,版本冲突时禁止提交,保存/提交,规则版本、命中结果、输入摘要、处理结果
P007,排班与班次调整,员工端,R09,关闭条件,关闭前必须完成必选子任务、结算/回执、异常和归档检查,转整改/待关闭,关闭节点,规则版本、命中结果、输入摘要、处理结果
P007,排班与班次调整,员工端,R10,审计证据链,关键操作保留操作者、身份、时间、前后值、原因、哈希和请求ID,关键审计失败则阻断,全流程,规则版本、命中结果、输入摘要、处理结果
P007,排班与班次调整,员工端,R11,时间重叠,假勤、排班、加班区间不得与已生效记录冲突,阻断或转例外审批,时间提交,规则版本、命中结果、输入摘要、处理结果
P007,排班与班次调整,员工端,R12,额度账本,额度只通过预占、扣减、释放和差额调整流水变更,转账本调整单,审批/销假,规则版本、命中结果、输入摘要、处理结果
P007,排班与班次调整,员工端,,,,,,
P008,请假与考勤,员工端,R01,唯一性与幂等,同一业务对象、节点和幂等键不得重复创建有效单据,阻断并返回已有单号,所有提交/接口,规则版本、命中结果、输入摘要、处理结果
P008,请假与考勤,员工端,R02,身份与任职有效性,经办人须通过统一认证，当前任职身份在办理时点有效,阻断；重新选择身份或转授权,所有人工节点,规则版本、命中结果、输入摘要、处理结果
P008,请假与考勤,员工端,R03,组织数据范围,仅能查看和处理授权中心、部门、岗位或本人数据,拒绝访问并审计,查询/处理/导出,规则版本、命中结果、输入摘要、处理结果
P008,请假与考勤,员工端,R04,必填与格式,必填、类型、长度、时间区间、金额精度须通过服务端校验,退回当前表单,提交前,规则版本、命中结果、输入摘要、处理结果
P008,请假与考勤,员工端,R05,状态迁移,仅允许按已发布状态机迁移；重复回调返回原结果,阻断非法迁移,节点提交/回调,规则版本、命中结果、输入摘要、处理结果
P008,请假与考勤,员工端,R06,附件安全,附件完成病毒、格式、大小、敏感内容和权限校验,隔离附件并要求补充,上传/下载,规则版本、命中结果、输入摘要、处理结果
P008,请假与考勤,员工端,R07,敏感字段,P2/P3字段按最小必要显示；导出需审批、水印、短链和二次认证,拒绝或脱敏,查看/导出,规则版本、命中结果、输入摘要、处理结果
P008,请假与考勤,员工端,R08,版本一致性,历史实例固定流程、规则、表单和字典版本,版本冲突时禁止提交,保存/提交,规则版本、命中结果、输入摘要、处理结果
P008,请假与考勤,员工端,R09,关闭条件,关闭前必须完成必选子任务、结算/回执、异常和归档检查,转整改/待关闭,关闭节点,规则版本、命中结果、输入摘要、处理结果
P008,请假与考勤,员工端,R10,审计证据链,关键操作保留操作者、身份、时间、前后值、原因、哈希和请求ID,关键审计失败则阻断,全流程,规则版本、命中结果、输入摘要、处理结果
P008,请假与考勤,员工端,R11,时间重叠,假勤、排班、加班区间不得与已生效记录冲突,阻断或转例外审批,时间提交,规则版本、命中结果、输入摘要、处理结果
P008,请假与考勤,员工端,R12,额度账本,额度只通过预占、扣减、释放和差额调整流水变更,转账本调整单,审批/销假,规则版本、命中结果、输入摘要、处理结果
P008,请假与考勤,员工端,,,,,,
P009,加班与调休,员工端,R01,唯一性与幂等,同一业务对象、节点和幂等键不得重复创建有效单据,阻断并返回已有单号,所有提交/接口,规则版本、命中结果、输入摘要、处理结果
P009,加班与调休,员工端,R02,身份与任职有效性,经办人须通过统一认证，当前任职身份在办理时点有效,阻断；重新选择身份或转授权,所有人工节点,规则版本、命中结果、输入摘要、处理结果
P009,加班与调休,员工端,R03,组织数据范围,仅能查看和处理授权中心、部门、岗位或本人数据,拒绝访问并审计,查询/处理/导出,规则版本、命中结果、输入摘要、处理结果
P009,加班与调休,员工端,R04,必填与格式,必填、类型、长度、时间区间、金额精度须通过服务端校验,退回当前表单,提交前,规则版本、命中结果、输入摘要、处理结果
P009,加班与调休,员工端,R05,状态迁移,仅允许按已发布状态机迁移；重复回调返回原结果,阻断非法迁移,节点提交/回调,规则版本、命中结果、输入摘要、处理结果
P009,加班与调休,员工端,R06,附件安全,附件完成病毒、格式、大小、敏感内容和权限校验,隔离附件并要求补充,上传/下载,规则版本、命中结果、输入摘要、处理结果
P009,加班与调休,员工端,R07,敏感字段,P2/P3字段按最小必要显示；导出需审批、水印、短链和二次认证,拒绝或脱敏,查看/导出,规则版本、命中结果、输入摘要、处理结果
P009,加班与调休,员工端,R08,版本一致性,历史实例固定流程、规则、表单和字典版本,版本冲突时禁止提交,保存/提交,规则版本、命中结果、输入摘要、处理结果
P009,加班与调休,员工端,R09,关闭条件,关闭前必须完成必选子任务、结算/回执、异常和归档检查,转整改/待关闭,关闭节点,规则版本、命中结果、输入摘要、处理结果
P009,加班与调休,员工端,R10,审计证据链,关键操作保留操作者、身份、时间、前后值、原因、哈希和请求ID,关键审计失败则阻断,全流程,规则版本、命中结果、输入摘要、处理结果
P009,加班与调休,员工端,R11,时间重叠,假勤、排班、加班区间不得与已生效记录冲突,阻断或转例外审批,时间提交,规则版本、命中结果、输入摘要、处理结果
P009,加班与调休,员工端,R12,额度账本,额度只通过预占、扣减、释放和差额调整流水变更,转账本调整单,审批/销假,规则版本、命中结果、输入摘要、处理结果
P009,加班与调休,员工端,,,,,,
P010,员工学习、考试与资格,员工端,R01,唯一性与幂等,同一业务对象、节点和幂等键不得重复创建有效单据,阻断并返回已有单号,所有提交/接口,规则版本、命中结果、输入摘要、处理结果
P010,员工学习、考试与资格,员工端,R02,身份与任职有效性,经办人须通过统一认证，当前任职身份在办理时点有效,阻断；重新选择身份或转授权,所有人工节点,规则版本、命中结果、输入摘要、处理结果
P010,员工学习、考试与资格,员工端,R03,组织数据范围,仅能查看和处理授权中心、部门、岗位或本人数据,拒绝访问并审计,查询/处理/导出,规则版本、命中结果、输入摘要、处理结果
P010,员工学习、考试与资格,员工端,R04,必填与格式,必填、类型、长度、时间区间、金额精度须通过服务端校验,退回当前表单,提交前,规则版本、命中结果、输入摘要、处理结果
P010,员工学习、考试与资格,员工端,R05,状态迁移,仅允许按已发布状态机迁移；重复回调返回原结果,阻断非法迁移,节点提交/回调,规则版本、命中结果、输入摘要、处理结果
P010,员工学习、考试与资格,员工端,R06,附件安全,附件完成病毒、格式、大小、敏感内容和权限校验,隔离附件并要求补充,上传/下载,规则版本、命中结果、输入摘要、处理结果
P010,员工学习、考试与资格,员工端,R07,敏感字段,P2/P3字段按最小必要显示；导出需审批、水印、短链和二次认证,拒绝或脱敏,查看/导出,规则版本、命中结果、输入摘要、处理结果
P010,员工学习、考试与资格,员工端,R08,版本一致性,历史实例固定流程、规则、表单和字典版本,版本冲突时禁止提交,保存/提交,规则版本、命中结果、输入摘要、处理结果
P010,员工学习、考试与资格,员工端,R09,关闭条件,关闭前必须完成必选子任务、结算/回执、异常和归档检查,转整改/待关闭,关闭节点,规则版本、命中结果、输入摘要、处理结果
P010,员工学习、考试与资格,员工端,R10,审计证据链,关键操作保留操作者、身份、时间、前后值、原因、哈希和请求ID,关键审计失败则阻断,全流程,规则版本、命中结果、输入摘要、处理结果
P010,员工学习、考试与资格,员工端,R11,先行止险,人员安全优先；重大事件允许先处置后补单，但不得删除证据,立即升级并锁证,事件触发,规则版本、命中结果、输入摘要、处理结果
P010,员工学习、考试与资格,员工端,R12,唯一案件,同一事件保留一个主案件，相关工单、投诉、维修、赔付为子单,合并或关联已有案件,立案,规则版本、命中结果、输入摘要、处理结果
P010,员工学习、考试与资格,员工端,,,,,,
P011,绩效管理,员工端,R01,唯一性与幂等,同一业务对象、节点和幂等键不得重复创建有效单据,阻断并返回已有单号,所有提交/接口,规则版本、命中结果、输入摘要、处理结果
P011,绩效管理,员工端,R02,身份与任职有效性,经办人须通过统一认证，当前任职身份在办理时点有效,阻断；重新选择身份或转授权,所有人工节点,规则版本、命中结果、输入摘要、处理结果
P011,绩效管理,员工端,R03,组织数据范围,仅能查看和处理授权中心、部门、岗位或本人数据,拒绝访问并审计,查询/处理/导出,规则版本、命中结果、输入摘要、处理结果
P011,绩效管理,员工端,R04,必填与格式,必填、类型、长度、时间区间、金额精度须通过服务端校验,退回当前表单,提交前,规则版本、命中结果、输入摘要、处理结果
P011,绩效管理,员工端,R05,状态迁移,仅允许按已发布状态机迁移；重复回调返回原结果,阻断非法迁移,节点提交/回调,规则版本、命中结果、输入摘要、处理结果
P011,绩效管理,员工端,R06,附件安全,附件完成病毒、格式、大小、敏感内容和权限校验,隔离附件并要求补充,上传/下载,规则版本、命中结果、输入摘要、处理结果
P011,绩效管理,员工端,R07,敏感字段,P2/P3字段按最小必要显示；导出需审批、水印、短链和二次认证,拒绝或脱敏,查看/导出,规则版本、命中结果、输入摘要、处理结果
P011,绩效管理,员工端,R08,版本一致性,历史实例固定流程、规则、表单和字典版本,版本冲突时禁止提交,保存/提交,规则版本、命中结果、输入摘要、处理结果
P011,绩效管理,员工端,R09,关闭条件,关闭前必须完成必选子任务、结算/回执、异常和归档检查,转整改/待关闭,关闭节点,规则版本、命中结果、输入摘要、处理结果
P011,绩效管理,员工端,R10,审计证据链,关键操作保留操作者、身份、时间、前后值、原因、哈希和请求ID,关键审计失败则阻断,全流程,规则版本、命中结果、输入摘要、处理结果
P011,绩效管理,员工端,,,,,,
P012,晋升与任职发展,员工端,R01,唯一性与幂等,同一业务对象、节点和幂等键不得重复创建有效单据,阻断并返回已有单号,所有提交/接口,规则版本、命中结果、输入摘要、处理结果
P012,晋升与任职发展,员工端,R02,身份与任职有效性,经办人须通过统一认证，当前任职身份在办理时点有效,阻断；重新选择身份或转授权,所有人工节点,规则版本、命中结果、输入摘要、处理结果
P012,晋升与任职发展,员工端,R03,组织数据范围,仅能查看和处理授权中心、部门、岗位或本人数据,拒绝访问并审计,查询/处理/导出,规则版本、命中结果、输入摘要、处理结果
P012,晋升与任职发展,员工端,R04,必填与格式,必填、类型、长度、时间区间、金额精度须通过服务端校验,退回当前表单,提交前,规则版本、命中结果、输入摘要、处理结果
P012,晋升与任职发展,员工端,R05,状态迁移,仅允许按已发布状态机迁移；重复回调返回原结果,阻断非法迁移,节点提交/回调,规则版本、命中结果、输入摘要、处理结果
P012,晋升与任职发展,员工端,R06,附件安全,附件完成病毒、格式、大小、敏感内容和权限校验,隔离附件并要求补充,上传/下载,规则版本、命中结果、输入摘要、处理结果
P012,晋升与任职发展,员工端,R07,敏感字段,P2/P3字段按最小必要显示；导出需审批、水印、短链和二次认证,拒绝或脱敏,查看/导出,规则版本、命中结果、输入摘要、处理结果
P012,晋升与任职发展,员工端,R08,版本一致性,历史实例固定流程、规则、表单和字典版本,版本冲突时禁止提交,保存/提交,规则版本、命中结果、输入摘要、处理结果
P012,晋升与任职发展,员工端,R09,关闭条件,关闭前必须完成必选子任务、结算/回执、异常和归档检查,转整改/待关闭,关闭节点,规则版本、命中结果、输入摘要、处理结果
P012,晋升与任职发展,员工端,R10,审计证据链,关键操作保留操作者、身份、时间、前后值、原因、哈希和请求ID,关键审计失败则阻断,全流程,规则版本、命中结果、输入摘要、处理结果
P012,晋升与任职发展,员工端,R11,金额与预算,金额非负，核定金额不超申请与可用预算，币种税率匹配规则,阻断并提示差异,金额保存/付款前,规则版本、命中结果、输入摘要、处理结果
P012,晋升与任职发展,员工端,R12,票据防重,发票代码、号码、日期、金额和影像哈希联合防重,阻断重复报销/付款,票据提交,规则版本、命中结果、输入摘要、处理结果
P012,晋升与任职发展,员工端,,,,,,
P013,奖励,员工端,R01,唯一性与幂等,同一业务对象、节点和幂等键不得重复创建有效单据,阻断并返回已有单号,所有提交/接口,规则版本、命中结果、输入摘要、处理结果
P013,奖励,员工端,R02,身份与任职有效性,经办人须通过统一认证，当前任职身份在办理时点有效,阻断；重新选择身份或转授权,所有人工节点,规则版本、命中结果、输入摘要、处理结果
P013,奖励,员工端,R03,组织数据范围,仅能查看和处理授权中心、部门、岗位或本人数据,拒绝访问并审计,查询/处理/导出,规则版本、命中结果、输入摘要、处理结果
P013,奖励,员工端,R04,必填与格式,必填、类型、长度、时间区间、金额精度须通过服务端校验,退回当前表单,提交前,规则版本、命中结果、输入摘要、处理结果
P013,奖励,员工端,R05,状态迁移,仅允许按已发布状态机迁移；重复回调返回原结果,阻断非法迁移,节点提交/回调,规则版本、命中结果、输入摘要、处理结果
P013,奖励,员工端,R06,附件安全,附件完成病毒、格式、大小、敏感内容和权限校验,隔离附件并要求补充,上传/下载,规则版本、命中结果、输入摘要、处理结果
P013,奖励,员工端,R07,敏感字段,P2/P3字段按最小必要显示；导出需审批、水印、短链和二次认证,拒绝或脱敏,查看/导出,规则版本、命中结果、输入摘要、处理结果
P013,奖励,员工端,R08,版本一致性,历史实例固定流程、规则、表单和字典版本,版本冲突时禁止提交,保存/提交,规则版本、命中结果、输入摘要、处理结果
P013,奖励,员工端,R09,关闭条件,关闭前必须完成必选子任务、结算/回执、异常和归档检查,转整改/待关闭,关闭节点,规则版本、命中结果、输入摘要、处理结果
P013,奖励,员工端,R10,审计证据链,关键操作保留操作者、身份、时间、前后值、原因、哈希和请求ID,关键审计失败则阻断,全流程,规则版本、命中结果、输入摘要、处理结果
P013,奖励,员工端,,,,,,
P014,纪律、责任与申诉,员工端,R01,唯一性与幂等,同一业务对象、节点和幂等键不得重复创建有效单据,阻断并返回已有单号,所有提交/接口,规则版本、命中结果、输入摘要、处理结果
P014,纪律、责任与申诉,员工端,R02,身份与任职有效性,经办人须通过统一认证，当前任职身份在办理时点有效,阻断；重新选择身份或转授权,所有人工节点,规则版本、命中结果、输入摘要、处理结果
P014,纪律、责任与申诉,员工端,R03,组织数据范围,仅能查看和处理授权中心、部门、岗位或本人数据,拒绝访问并审计,查询/处理/导出,规则版本、命中结果、输入摘要、处理结果
P014,纪律、责任与申诉,员工端,R04,必填与格式,必填、类型、长度、时间区间、金额精度须通过服务端校验,退回当前表单,提交前,规则版本、命中结果、输入摘要、处理结果
P014,纪律、责任与申诉,员工端,R05,状态迁移,仅允许按已发布状态机迁移；重复回调返回原结果,阻断非法迁移,节点提交/回调,规则版本、命中结果、输入摘要、处理结果
P014,纪律、责任与申诉,员工端,R06,附件安全,附件完成病毒、格式、大小、敏感内容和权限校验,隔离附件并要求补充,上传/下载,规则版本、命中结果、输入摘要、处理结果
P014,纪律、责任与申诉,员工端,R07,敏感字段,P2/P3字段按最小必要显示；导出需审批、水印、短链和二次认证,拒绝或脱敏,查看/导出,规则版本、命中结果、输入摘要、处理结果
P014,纪律、责任与申诉,员工端,R08,版本一致性,历史实例固定流程、规则、表单和字典版本,版本冲突时禁止提交,保存/提交,规则版本、命中结果、输入摘要、处理结果
P014,纪律、责任与申诉,员工端,R09,关闭条件,关闭前必须完成必选子任务、结算/回执、异常和归档检查,转整改/待关闭,关闭节点,规则版本、命中结果、输入摘要、处理结果
P014,纪律、责任与申诉,员工端,R10,审计证据链,关键操作保留操作者、身份、时间、前后值、原因、哈希和请求ID,关键审计失败则阻断,全流程,规则版本、命中结果、输入摘要、处理结果
P014,纪律、责任与申诉,员工端,,,,,,
P015,成长积分与荣誉积分,员工端,R01,唯一性与幂等,同一业务对象、节点和幂等键不得重复创建有效单据,阻断并返回已有单号,所有提交/接口,规则版本、命中结果、输入摘要、处理结果
P015,成长积分与荣誉积分,员工端,R02,身份与任职有效性,经办人须通过统一认证，当前任职身份在办理时点有效,阻断；重新选择身份或转授权,所有人工节点,规则版本、命中结果、输入摘要、处理结果
P015,成长积分与荣誉积分,员工端,R03,组织数据范围,仅能查看和处理授权中心、部门、岗位或本人数据,拒绝访问并审计,查询/处理/导出,规则版本、命中结果、输入摘要、处理结果
P015,成长积分与荣誉积分,员工端,R04,必填与格式,必填、类型、长度、时间区间、金额精度须通过服务端校验,退回当前表单,提交前,规则版本、命中结果、输入摘要、处理结果
P015,成长积分与荣誉积分,员工端,R05,状态迁移,仅允许按已发布状态机迁移；重复回调返回原结果,阻断非法迁移,节点提交/回调,规则版本、命中结果、输入摘要、处理结果
P015,成长积分与荣誉积分,员工端,R06,附件安全,附件完成病毒、格式、大小、敏感内容和权限校验,隔离附件并要求补充,上传/下载,规则版本、命中结果、输入摘要、处理结果
P015,成长积分与荣誉积分,员工端,R07,敏感字段,P2/P3字段按最小必要显示；导出需审批、水印、短链和二次认证,拒绝或脱敏,查看/导出,规则版本、命中结果、输入摘要、处理结果
P015,成长积分与荣誉积分,员工端,R08,版本一致性,历史实例固定流程、规则、表单和字典版本,版本冲突时禁止提交,保存/提交,规则版本、命中结果、输入摘要、处理结果
P015,成长积分与荣誉积分,员工端,R09,关闭条件,关闭前必须完成必选子任务、结算/回执、异常和归档检查,转整改/待关闭,关闭节点,规则版本、命中结果、输入摘要、处理结果
P015,成长积分与荣誉积分,员工端,R10,审计证据链,关键操作保留操作者、身份、时间、前后值、原因、哈希和请求ID,关键审计失败则阻断,全流程,规则版本、命中结果、输入摘要、处理结果
P015,成长积分与荣誉积分,员工端,R11,先行止险,人员安全优先；重大事件允许先处置后补单，但不得删除证据,立即升级并锁证,事件触发,规则版本、命中结果、输入摘要、处理结果
P015,成长积分与荣誉积分,员工端,R12,唯一案件,同一事件保留一个主案件，相关工单、投诉、维修、赔付为子单,合并或关联已有案件,立案,规则版本、命中结果、输入摘要、处理结果
P015,成长积分与荣誉积分,员工端,,,,,,
P016,员工福利与关怀,员工端,R01,唯一性与幂等,同一业务对象、节点和幂等键不得重复创建有效单据,阻断并返回已有单号,所有提交/接口,规则版本、命中结果、输入摘要、处理结果
P016,员工福利与关怀,员工端,R02,身份与任职有效性,经办人须通过统一认证，当前任职身份在办理时点有效,阻断；重新选择身份或转授权,所有人工节点,规则版本、命中结果、输入摘要、处理结果
P016,员工福利与关怀,员工端,R03,组织数据范围,仅能查看和处理授权中心、部门、岗位或本人数据,拒绝访问并审计,查询/处理/导出,规则版本、命中结果、输入摘要、处理结果
P016,员工福利与关怀,员工端,R04,必填与格式,必填、类型、长度、时间区间、金额精度须通过服务端校验,退回当前表单,提交前,规则版本、命中结果、输入摘要、处理结果
P016,员工福利与关怀,员工端,R05,状态迁移,仅允许按已发布状态机迁移；重复回调返回原结果,阻断非法迁移,节点提交/回调,规则版本、命中结果、输入摘要、处理结果
P016,员工福利与关怀,员工端,R06,附件安全,附件完成病毒、格式、大小、敏感内容和权限校验,隔离附件并要求补充,上传/下载,规则版本、命中结果、输入摘要、处理结果
P016,员工福利与关怀,员工端,R07,敏感字段,P2/P3字段按最小必要显示；导出需审批、水印、短链和二次认证,拒绝或脱敏,查看/导出,规则版本、命中结果、输入摘要、处理结果
P016,员工福利与关怀,员工端,R08,版本一致性,历史实例固定流程、规则、表单和字典版本,版本冲突时禁止提交,保存/提交,规则版本、命中结果、输入摘要、处理结果
P016,员工福利与关怀,员工端,R09,关闭条件,关闭前必须完成必选子任务、结算/回执、异常和归档检查,转整改/待关闭,关闭节点,规则版本、命中结果、输入摘要、处理结果
P016,员工福利与关怀,员工端,R10,审计证据链,关键操作保留操作者、身份、时间、前后值、原因、哈希和请求ID,关键审计失败则阻断,全流程,规则版本、命中结果、输入摘要、处理结果
P016,员工福利与关怀,员工端,R11,金额与预算,金额非负，核定金额不超申请与可用预算，币种税率匹配规则,阻断并提示差异,金额保存/付款前,规则版本、命中结果、输入摘要、处理结果
P016,员工福利与关怀,员工端,R12,票据防重,发票代码、号码、日期、金额和影像哈希联合防重,阻断重复报销/付款,票据提交,规则版本、命中结果、输入摘要、处理结果
P016,员工福利与关怀,员工端,,,,,,
P017,电子签署,员工端,R01,唯一性与幂等,同一业务对象、节点和幂等键不得重复创建有效单据,阻断并返回已有单号,所有提交/接口,规则版本、命中结果、输入摘要、处理结果
P017,电子签署,员工端,R02,身份与任职有效性,经办人须通过统一认证，当前任职身份在办理时点有效,阻断；重新选择身份或转授权,所有人工节点,规则版本、命中结果、输入摘要、处理结果
P017,电子签署,员工端,R03,组织数据范围,仅能查看和处理授权中心、部门、岗位或本人数据,拒绝访问并审计,查询/处理/导出,规则版本、命中结果、输入摘要、处理结果
P017,电子签署,员工端,R04,必填与格式,必填、类型、长度、时间区间、金额精度须通过服务端校验,退回当前表单,提交前,规则版本、命中结果、输入摘要、处理结果
P017,电子签署,员工端,R05,状态迁移,仅允许按已发布状态机迁移；重复回调返回原结果,阻断非法迁移,节点提交/回调,规则版本、命中结果、输入摘要、处理结果
P017,电子签署,员工端,R06,附件安全,附件完成病毒、格式、大小、敏感内容和权限校验,隔离附件并要求补充,上传/下载,规则版本、命中结果、输入摘要、处理结果
P017,电子签署,员工端,R07,敏感字段,P2/P3字段按最小必要显示；导出需审批、水印、短链和二次认证,拒绝或脱敏,查看/导出,规则版本、命中结果、输入摘要、处理结果
P017,电子签署,员工端,R08,版本一致性,历史实例固定流程、规则、表单和字典版本,版本冲突时禁止提交,保存/提交,规则版本、命中结果、输入摘要、处理结果
P017,电子签署,员工端,R09,关闭条件,关闭前必须完成必选子任务、结算/回执、异常和归档检查,转整改/待关闭,关闭节点,规则版本、命中结果、输入摘要、处理结果
P017,电子签署,员工端,R10,审计证据链,关键操作保留操作者、身份、时间、前后值、原因、哈希和请求ID,关键审计失败则阻断,全流程,规则版本、命中结果、输入摘要、处理结果
P017,电子签署,员工端,R11,文档不可变,签署发起后哈希、主体、顺序和关键数据不可修改,作废并新建批次,签署发起后,规则版本、命中结果、输入摘要、处理结果
P017,电子签署,员工端,R12,证据归档,文件、证书、时间戳、回调报文和验签结果成套归档,不得更新为已签署,签署完成,规则版本、命中结果、输入摘要、处理结果
P017,电子签署,员工端,,,,,,
P018,数据导入,员工端,R01,唯一性与幂等,同一业务对象、节点和幂等键不得重复创建有效单据,阻断并返回已有单号,所有提交/接口,规则版本、命中结果、输入摘要、处理结果
P018,数据导入,员工端,R02,身份与任职有效性,经办人须通过统一认证，当前任职身份在办理时点有效,阻断；重新选择身份或转授权,所有人工节点,规则版本、命中结果、输入摘要、处理结果
P018,数据导入,员工端,R03,组织数据范围,仅能查看和处理授权中心、部门、岗位或本人数据,拒绝访问并审计,查询/处理/导出,规则版本、命中结果、输入摘要、处理结果
P018,数据导入,员工端,R04,必填与格式,必填、类型、长度、时间区间、金额精度须通过服务端校验,退回当前表单,提交前,规则版本、命中结果、输入摘要、处理结果
P018,数据导入,员工端,R05,状态迁移,仅允许按已发布状态机迁移；重复回调返回原结果,阻断非法迁移,节点提交/回调,规则版本、命中结果、输入摘要、处理结果
P018,数据导入,员工端,R06,附件安全,附件完成病毒、格式、大小、敏感内容和权限校验,隔离附件并要求补充,上传/下载,规则版本、命中结果、输入摘要、处理结果
P018,数据导入,员工端,R07,敏感字段,P2/P3字段按最小必要显示；导出需审批、水印、短链和二次认证,拒绝或脱敏,查看/导出,规则版本、命中结果、输入摘要、处理结果
P018,数据导入,员工端,R08,版本一致性,历史实例固定流程、规则、表单和字典版本,版本冲突时禁止提交,保存/提交,规则版本、命中结果、输入摘要、处理结果
P018,数据导入,员工端,R09,关闭条件,关闭前必须完成必选子任务、结算/回执、异常和归档检查,转整改/待关闭,关闭节点,规则版本、命中结果、输入摘要、处理结果
P018,数据导入,员工端,R10,审计证据链,关键操作保留操作者、身份、时间、前后值、原因、哈希和请求ID,关键审计失败则阻断,全流程,规则版本、命中结果、输入摘要、处理结果
P018,数据导入,员工端,,,,,,
P019,敏感导出与文件下载,员工端,R01,唯一性与幂等,同一业务对象、节点和幂等键不得重复创建有效单据,阻断并返回已有单号,所有提交/接口,规则版本、命中结果、输入摘要、处理结果
P019,敏感导出与文件下载,员工端,R02,身份与任职有效性,经办人须通过统一认证，当前任职身份在办理时点有效,阻断；重新选择身份或转授权,所有人工节点,规则版本、命中结果、输入摘要、处理结果
P019,敏感导出与文件下载,员工端,R03,组织数据范围,仅能查看和处理授权中心、部门、岗位或本人数据,拒绝访问并审计,查询/处理/导出,规则版本、命中结果、输入摘要、处理结果
P019,敏感导出与文件下载,员工端,R04,必填与格式,必填、类型、长度、时间区间、金额精度须通过服务端校验,退回当前表单,提交前,规则版本、命中结果、输入摘要、处理结果
P019,敏感导出与文件下载,员工端,R05,状态迁移,仅允许按已发布状态机迁移；重复回调返回原结果,阻断非法迁移,节点提交/回调,规则版本、命中结果、输入摘要、处理结果
P019,敏感导出与文件下载,员工端,R06,附件安全,附件完成病毒、格式、大小、敏感内容和权限校验,隔离附件并要求补充,上传/下载,规则版本、命中结果、输入摘要、处理结果
P019,敏感导出与文件下载,员工端,R07,敏感字段,P2/P3字段按最小必要显示；导出需审批、水印、短链和二次认证,拒绝或脱敏,查看/导出,规则版本、命中结果、输入摘要、处理结果
P019,敏感导出与文件下载,员工端,R08,版本一致性,历史实例固定流程、规则、表单和字典版本,版本冲突时禁止提交,保存/提交,规则版本、命中结果、输入摘要、处理结果
P019,敏感导出与文件下载,员工端,R09,关闭条件,关闭前必须完成必选子任务、结算/回执、异常和归档检查,转整改/待关闭,关闭节点,规则版本、命中结果、输入摘要、处理结果
P019,敏感导出与文件下载,员工端,R10,审计证据链,关键操作保留操作者、身份、时间、前后值、原因、哈希和请求ID,关键审计失败则阻断,全流程,规则版本、命中结果、输入摘要、处理结果
P019,敏感导出与文件下载,员工端,,,,,,
P020,数据质量与修复,员工端,R01,唯一性与幂等,同一业务对象、节点和幂等键不得重复创建有效单据,阻断并返回已有单号,所有提交/接口,规则版本、命中结果、输入摘要、处理结果
P020,数据质量与修复,员工端,R02,身份与任职有效性,经办人须通过统一认证，当前任职身份在办理时点有效,阻断；重新选择身份或转授权,所有人工节点,规则版本、命中结果、输入摘要、处理结果
P020,数据质量与修复,员工端,R03,组织数据范围,仅能查看和处理授权中心、部门、岗位或本人数据,拒绝访问并审计,查询/处理/导出,规则版本、命中结果、输入摘要、处理结果
P020,数据质量与修复,员工端,R04,必填与格式,必填、类型、长度、时间区间、金额精度须通过服务端校验,退回当前表单,提交前,规则版本、命中结果、输入摘要、处理结果
P020,数据质量与修复,员工端,R05,状态迁移,仅允许按已发布状态机迁移；重复回调返回原结果,阻断非法迁移,节点提交/回调,规则版本、命中结果、输入摘要、处理结果
P020,数据质量与修复,员工端,R06,附件安全,附件完成病毒、格式、大小、敏感内容和权限校验,隔离附件并要求补充,上传/下载,规则版本、命中结果、输入摘要、处理结果
P020,数据质量与修复,员工端,R07,敏感字段,P2/P3字段按最小必要显示；导出需审批、水印、短链和二次认证,拒绝或脱敏,查看/导出,规则版本、命中结果、输入摘要、处理结果
P020,数据质量与修复,员工端,R08,版本一致性,历史实例固定流程、规则、表单和字典版本,版本冲突时禁止提交,保存/提交,规则版本、命中结果、输入摘要、处理结果
P020,数据质量与修复,员工端,R09,关闭条件,关闭前必须完成必选子任务、结算/回执、异常和归档检查,转整改/待关闭,关闭节点,规则版本、命中结果、输入摘要、处理结果
P020,数据质量与修复,员工端,R10,审计证据链,关键操作保留操作者、身份、时间、前后值、原因、哈希和请求ID,关键审计失败则阻断,全流程,规则版本、命中结果、输入摘要、处理结果
P020,数据质量与修复,员工端,,,,,,
P021,经营会议闭环,员工端,R01,唯一性与幂等,同一业务对象、节点和幂等键不得重复创建有效单据,阻断并返回已有单号,所有提交/接口,规则版本、命中结果、输入摘要、处理结果
P021,经营会议闭环,员工端,R02,身份与任职有效性,经办人须通过统一认证，当前任职身份在办理时点有效,阻断；重新选择身份或转授权,所有人工节点,规则版本、命中结果、输入摘要、处理结果
P021,经营会议闭环,员工端,R03,组织数据范围,仅能查看和处理授权中心、部门、岗位或本人数据,拒绝访问并审计,查询/处理/导出,规则版本、命中结果、输入摘要、处理结果
P021,经营会议闭环,员工端,R04,必填与格式,必填、类型、长度、时间区间、金额精度须通过服务端校验,退回当前表单,提交前,规则版本、命中结果、输入摘要、处理结果
P021,经营会议闭环,员工端,R05,状态迁移,仅允许按已发布状态机迁移；重复回调返回原结果,阻断非法迁移,节点提交/回调,规则版本、命中结果、输入摘要、处理结果
P021,经营会议闭环,员工端,R06,附件安全,附件完成病毒、格式、大小、敏感内容和权限校验,隔离附件并要求补充,上传/下载,规则版本、命中结果、输入摘要、处理结果
P021,经营会议闭环,员工端,R07,敏感字段,P2/P3字段按最小必要显示；导出需审批、水印、短链和二次认证,拒绝或脱敏,查看/导出,规则版本、命中结果、输入摘要、处理结果
P021,经营会议闭环,员工端,R08,版本一致性,历史实例固定流程、规则、表单和字典版本,版本冲突时禁止提交,保存/提交,规则版本、命中结果、输入摘要、处理结果
P021,经营会议闭环,员工端,R09,关闭条件,关闭前必须完成必选子任务、结算/回执、异常和归档检查,转整改/待关闭,关闭节点,规则版本、命中结果、输入摘要、处理结果
P021,经营会议闭环,员工端,R10,审计证据链,关键操作保留操作者、身份、时间、前后值、原因、哈希和请求ID,关键审计失败则阻断,全流程,规则版本、命中结果、输入摘要、处理结果
P021,经营会议闭环,员工端,,,,,,
P022,总裁指令闭环,员工端,R01,唯一性与幂等,同一业务对象、节点和幂等键不得重复创建有效单据,阻断并返回已有单号,所有提交/接口,规则版本、命中结果、输入摘要、处理结果
P022,总裁指令闭环,员工端,R02,身份与任职有效性,经办人须通过统一认证，当前任职身份在办理时点有效,阻断；重新选择身份或转授权,所有人工节点,规则版本、命中结果、输入摘要、处理结果
P022,总裁指令闭环,员工端,R03,组织数据范围,仅能查看和处理授权中心、部门、岗位或本人数据,拒绝访问并审计,查询/处理/导出,规则版本、命中结果、输入摘要、处理结果
P022,总裁指令闭环,员工端,R04,必填与格式,必填、类型、长度、时间区间、金额精度须通过服务端校验,退回当前表单,提交前,规则版本、命中结果、输入摘要、处理结果
P022,总裁指令闭环,员工端,R05,状态迁移,仅允许按已发布状态机迁移；重复回调返回原结果,阻断非法迁移,节点提交/回调,规则版本、命中结果、输入摘要、处理结果
P022,总裁指令闭环,员工端,R06,附件安全,附件完成病毒、格式、大小、敏感内容和权限校验,隔离附件并要求补充,上传/下载,规则版本、命中结果、输入摘要、处理结果
P022,总裁指令闭环,员工端,R07,敏感字段,P2/P3字段按最小必要显示；导出需审批、水印、短链和二次认证,拒绝或脱敏,查看/导出,规则版本、命中结果、输入摘要、处理结果
P022,总裁指令闭环,员工端,R08,版本一致性,历史实例固定流程、规则、表单和字典版本,版本冲突时禁止提交,保存/提交,规则版本、命中结果、输入摘要、处理结果
P022,总裁指令闭环,员工端,R09,关闭条件,关闭前必须完成必选子任务、结算/回执、异常和归档检查,转整改/待关闭,关闭节点,规则版本、命中结果、输入摘要、处理结果
P022,总裁指令闭环,员工端,R10,审计证据链,关键操作保留操作者、身份、时间、前后值、原因、哈希和请求ID,关键审计失败则阻断,全流程,规则版本、命中结果、输入摘要、处理结果
P022,总裁指令闭环,员工端,,,,,,
P023,重大事项升级,员工端,R01,唯一性与幂等,同一业务对象、节点和幂等键不得重复创建有效单据,阻断并返回已有单号,所有提交/接口,规则版本、命中结果、输入摘要、处理结果
P023,重大事项升级,员工端,R02,身份与任职有效性,经办人须通过统一认证，当前任职身份在办理时点有效,阻断；重新选择身份或转授权,所有人工节点,规则版本、命中结果、输入摘要、处理结果
P023,重大事项升级,员工端,R03,组织数据范围,仅能查看和处理授权中心、部门、岗位或本人数据,拒绝访问并审计,查询/处理/导出,规则版本、命中结果、输入摘要、处理结果
P023,重大事项升级,员工端,R04,必填与格式,必填、类型、长度、时间区间、金额精度须通过服务端校验,退回当前表单,提交前,规则版本、命中结果、输入摘要、处理结果
P023,重大事项升级,员工端,R05,状态迁移,仅允许按已发布状态机迁移；重复回调返回原结果,阻断非法迁移,节点提交/回调,规则版本、命中结果、输入摘要、处理结果
P023,重大事项升级,员工端,R06,附件安全,附件完成病毒、格式、大小、敏感内容和权限校验,隔离附件并要求补充,上传/下载,规则版本、命中结果、输入摘要、处理结果
P023,重大事项升级,员工端,R07,敏感字段,P2/P3字段按最小必要显示；导出需审批、水印、短链和二次认证,拒绝或脱敏,查看/导出,规则版本、命中结果、输入摘要、处理结果
P023,重大事项升级,员工端,R08,版本一致性,历史实例固定流程、规则、表单和字典版本,版本冲突时禁止提交,保存/提交,规则版本、命中结果、输入摘要、处理结果
P023,重大事项升级,员工端,R09,关闭条件,关闭前必须完成必选子任务、结算/回执、异常和归档检查,转整改/待关闭,关闭节点,规则版本、命中结果、输入摘要、处理结果
P023,重大事项升级,员工端,R10,审计证据链,关键操作保留操作者、身份、时间、前后值、原因、哈希和请求ID,关键审计失败则阻断,全流程,规则版本、命中结果、输入摘要、处理结果
P023,重大事项升级,员工端,R11,先行止险,人员安全优先；重大事件允许先处置后补单，但不得删除证据,立即升级并锁证,事件触发,规则版本、命中结果、输入摘要、处理结果
P023,重大事项升级,员工端,R12,唯一案件,同一事件保留一个主案件，相关工单、投诉、维修、赔付为子单,合并或关联已有案件,立案,规则版本、命中结果、输入摘要、处理结果
P023,重大事项升级,员工端,,,,,,
P024,预算闭环,员工端,R01,唯一性与幂等,同一业务对象、节点和幂等键不得重复创建有效单据,阻断并返回已有单号,所有提交/接口,规则版本、命中结果、输入摘要、处理结果
P024,预算闭环,员工端,R02,身份与任职有效性,经办人须通过统一认证，当前任职身份在办理时点有效,阻断；重新选择身份或转授权,所有人工节点,规则版本、命中结果、输入摘要、处理结果
P024,预算闭环,员工端,R03,组织数据范围,仅能查看和处理授权中心、部门、岗位或本人数据,拒绝访问并审计,查询/处理/导出,规则版本、命中结果、输入摘要、处理结果
P024,预算闭环,员工端,R04,必填与格式,必填、类型、长度、时间区间、金额精度须通过服务端校验,退回当前表单,提交前,规则版本、命中结果、输入摘要、处理结果
P024,预算闭环,员工端,R05,状态迁移,仅允许按已发布状态机迁移；重复回调返回原结果,阻断非法迁移,节点提交/回调,规则版本、命中结果、输入摘要、处理结果
P024,预算闭环,员工端,R06,附件安全,附件完成病毒、格式、大小、敏感内容和权限校验,隔离附件并要求补充,上传/下载,规则版本、命中结果、输入摘要、处理结果
P024,预算闭环,员工端,R07,敏感字段,P2/P3字段按最小必要显示；导出需审批、水印、短链和二次认证,拒绝或脱敏,查看/导出,规则版本、命中结果、输入摘要、处理结果
P024,预算闭环,员工端,R08,版本一致性,历史实例固定流程、规则、表单和字典版本,版本冲突时禁止提交,保存/提交,规则版本、命中结果、输入摘要、处理结果
P024,预算闭环,员工端,R09,关闭条件,关闭前必须完成必选子任务、结算/回执、异常和归档检查,转整改/待关闭,关闭节点,规则版本、命中结果、输入摘要、处理结果
P024,预算闭环,员工端,R10,审计证据链,关键操作保留操作者、身份、时间、前后值、原因、哈希和请求ID,关键审计失败则阻断,全流程,规则版本、命中结果、输入摘要、处理结果
P024,预算闭环,员工端,R11,金额与预算,金额非负，核定金额不超申请与可用预算，币种税率匹配规则,阻断并提示差异,金额保存/付款前,规则版本、命中结果、输入摘要、处理结果
P024,预算闭环,员工端,R12,票据防重,发票代码、号码、日期、金额和影像哈希联合防重,阻断重复报销/付款,票据提交,规则版本、命中结果、输入摘要、处理结果
P024,预算闭环,员工端,,,,,,
P025,报销闭环,员工端,R01,唯一性与幂等,同一业务对象、节点和幂等键不得重复创建有效单据,阻断并返回已有单号,所有提交/接口,规则版本、命中结果、输入摘要、处理结果
P025,报销闭环,员工端,R02,身份与任职有效性,经办人须通过统一认证，当前任职身份在办理时点有效,阻断；重新选择身份或转授权,所有人工节点,规则版本、命中结果、输入摘要、处理结果
P025,报销闭环,员工端,R03,组织数据范围,仅能查看和处理授权中心、部门、岗位或本人数据,拒绝访问并审计,查询/处理/导出,规则版本、命中结果、输入摘要、处理结果
P025,报销闭环,员工端,R04,必填与格式,必填、类型、长度、时间区间、金额精度须通过服务端校验,退回当前表单,提交前,规则版本、命中结果、输入摘要、处理结果
P025,报销闭环,员工端,R05,状态迁移,仅允许按已发布状态机迁移；重复回调返回原结果,阻断非法迁移,节点提交/回调,规则版本、命中结果、输入摘要、处理结果
P025,报销闭环,员工端,R06,附件安全,附件完成病毒、格式、大小、敏感内容和权限校验,隔离附件并要求补充,上传/下载,规则版本、命中结果、输入摘要、处理结果
P025,报销闭环,员工端,R07,敏感字段,P2/P3字段按最小必要显示；导出需审批、水印、短链和二次认证,拒绝或脱敏,查看/导出,规则版本、命中结果、输入摘要、处理结果
P025,报销闭环,员工端,R08,版本一致性,历史实例固定流程、规则、表单和字典版本,版本冲突时禁止提交,保存/提交,规则版本、命中结果、输入摘要、处理结果
P025,报销闭环,员工端,R09,关闭条件,关闭前必须完成必选子任务、结算/回执、异常和归档检查,转整改/待关闭,关闭节点,规则版本、命中结果、输入摘要、处理结果
P025,报销闭环,员工端,R10,审计证据链,关键操作保留操作者、身份、时间、前后值、原因、哈希和请求ID,关键审计失败则阻断,全流程,规则版本、命中结果、输入摘要、处理结果
P025,报销闭环,员工端,R11,金额与预算,金额非负，核定金额不超申请与可用预算，币种税率匹配规则,阻断并提示差异,金额保存/付款前,规则版本、命中结果、输入摘要、处理结果
P025,报销闭环,员工端,R12,票据防重,发票代码、号码、日期、金额和影像哈希联合防重,阻断重复报销/付款,票据提交,规则版本、命中结果、输入摘要、处理结果
P025,报销闭环,员工端,,,,,,
P026,借款核销,员工端,R01,唯一性与幂等,同一业务对象、节点和幂等键不得重复创建有效单据,阻断并返回已有单号,所有提交/接口,规则版本、命中结果、输入摘要、处理结果
P026,借款核销,员工端,R02,身份与任职有效性,经办人须通过统一认证，当前任职身份在办理时点有效,阻断；重新选择身份或转授权,所有人工节点,规则版本、命中结果、输入摘要、处理结果
P026,借款核销,员工端,R03,组织数据范围,仅能查看和处理授权中心、部门、岗位或本人数据,拒绝访问并审计,查询/处理/导出,规则版本、命中结果、输入摘要、处理结果
P026,借款核销,员工端,R04,必填与格式,必填、类型、长度、时间区间、金额精度须通过服务端校验,退回当前表单,提交前,规则版本、命中结果、输入摘要、处理结果
P026,借款核销,员工端,R05,状态迁移,仅允许按已发布状态机迁移；重复回调返回原结果,阻断非法迁移,节点提交/回调,规则版本、命中结果、输入摘要、处理结果
P026,借款核销,员工端,R06,附件安全,附件完成病毒、格式、大小、敏感内容和权限校验,隔离附件并要求补充,上传/下载,规则版本、命中结果、输入摘要、处理结果
P026,借款核销,员工端,R07,敏感字段,P2/P3字段按最小必要显示；导出需审批、水印、短链和二次认证,拒绝或脱敏,查看/导出,规则版本、命中结果、输入摘要、处理结果
P026,借款核销,员工端,R08,版本一致性,历史实例固定流程、规则、表单和字典版本,版本冲突时禁止提交,保存/提交,规则版本、命中结果、输入摘要、处理结果
P026,借款核销,员工端,R09,关闭条件,关闭前必须完成必选子任务、结算/回执、异常和归档检查,转整改/待关闭,关闭节点,规则版本、命中结果、输入摘要、处理结果
P026,借款核销,员工端,R10,审计证据链,关键操作保留操作者、身份、时间、前后值、原因、哈希和请求ID,关键审计失败则阻断,全流程,规则版本、命中结果、输入摘要、处理结果
P026,借款核销,员工端,R11,金额与预算,金额非负，核定金额不超申请与可用预算，币种税率匹配规则,阻断并提示差异,金额保存/付款前,规则版本、命中结果、输入摘要、处理结果
P026,借款核销,员工端,R12,票据防重,发票代码、号码、日期、金额和影像哈希联合防重,阻断重复报销/付款,票据提交,规则版本、命中结果、输入摘要、处理结果
P026,借款核销,员工端,R11,订单票码一致性,订单、支付、票码、核销、退款状态最终一致；冻结票码不得核销,进入差异队列,核销/退款,规则版本、命中结果、输入摘要、处理结果
P026,借款核销,员工端,R12,防重复核销,同一票码同一权益仅成功核销一次，离线回传幂等合并,返回原结果/转差异,核销,规则版本、命中结果、输入摘要、处理结果
P026,借款核销,员工端,,,,,,
P027,跨系统对账,员工端,R01,唯一性与幂等,同一业务对象、节点和幂等键不得重复创建有效单据,阻断并返回已有单号,所有提交/接口,规则版本、命中结果、输入摘要、处理结果
P027,跨系统对账,员工端,R02,身份与任职有效性,经办人须通过统一认证，当前任职身份在办理时点有效,阻断；重新选择身份或转授权,所有人工节点,规则版本、命中结果、输入摘要、处理结果
P027,跨系统对账,员工端,R03,组织数据范围,仅能查看和处理授权中心、部门、岗位或本人数据,拒绝访问并审计,查询/处理/导出,规则版本、命中结果、输入摘要、处理结果
P027,跨系统对账,员工端,R04,必填与格式,必填、类型、长度、时间区间、金额精度须通过服务端校验,退回当前表单,提交前,规则版本、命中结果、输入摘要、处理结果
P027,跨系统对账,员工端,R05,状态迁移,仅允许按已发布状态机迁移；重复回调返回原结果,阻断非法迁移,节点提交/回调,规则版本、命中结果、输入摘要、处理结果
P027,跨系统对账,员工端,R06,附件安全,附件完成病毒、格式、大小、敏感内容和权限校验,隔离附件并要求补充,上传/下载,规则版本、命中结果、输入摘要、处理结果
P027,跨系统对账,员工端,R07,敏感字段,P2/P3字段按最小必要显示；导出需审批、水印、短链和二次认证,拒绝或脱敏,查看/导出,规则版本、命中结果、输入摘要、处理结果
P027,跨系统对账,员工端,R08,版本一致性,历史实例固定流程、规则、表单和字典版本,版本冲突时禁止提交,保存/提交,规则版本、命中结果、输入摘要、处理结果
P027,跨系统对账,员工端,R09,关闭条件,关闭前必须完成必选子任务、结算/回执、异常和归档检查,转整改/待关闭,关闭节点,规则版本、命中结果、输入摘要、处理结果
P027,跨系统对账,员工端,R10,审计证据链,关键操作保留操作者、身份、时间、前后值、原因、哈希和请求ID,关键审计失败则阻断,全流程,规则版本、命中结果、输入摘要、处理结果
P027,跨系统对账,员工端,R11,金额与预算,金额非负，核定金额不超申请与可用预算，币种税率匹配规则,阻断并提示差异,金额保存/付款前,规则版本、命中结果、输入摘要、处理结果
P027,跨系统对账,员工端,R12,票据防重,发票代码、号码、日期、金额和影像哈希联合防重,阻断重复报销/付款,票据提交,规则版本、命中结果、输入摘要、处理结果
P027,跨系统对账,员工端,,,,,,
P028,录用入职闭环,员工端,R01,唯一性与幂等,同一业务对象、节点和幂等键不得重复创建有效单据,阻断并返回已有单号,所有提交/接口,规则版本、命中结果、输入摘要、处理结果
P028,录用入职闭环,员工端,R02,身份与任职有效性,经办人须通过统一认证，当前任职身份在办理时点有效,阻断；重新选择身份或转授权,所有人工节点,规则版本、命中结果、输入摘要、处理结果
P028,录用入职闭环,员工端,R03,组织数据范围,仅能查看和处理授权中心、部门、岗位或本人数据,拒绝访问并审计,查询/处理/导出,规则版本、命中结果、输入摘要、处理结果
P028,录用入职闭环,员工端,R04,必填与格式,必填、类型、长度、时间区间、金额精度须通过服务端校验,退回当前表单,提交前,规则版本、命中结果、输入摘要、处理结果
P028,录用入职闭环,员工端,R05,状态迁移,仅允许按已发布状态机迁移；重复回调返回原结果,阻断非法迁移,节点提交/回调,规则版本、命中结果、输入摘要、处理结果
P028,录用入职闭环,员工端,R06,附件安全,附件完成病毒、格式、大小、敏感内容和权限校验,隔离附件并要求补充,上传/下载,规则版本、命中结果、输入摘要、处理结果
P028,录用入职闭环,员工端,R07,敏感字段,P2/P3字段按最小必要显示；导出需审批、水印、短链和二次认证,拒绝或脱敏,查看/导出,规则版本、命中结果、输入摘要、处理结果
P028,录用入职闭环,员工端,R08,版本一致性,历史实例固定流程、规则、表单和字典版本,版本冲突时禁止提交,保存/提交,规则版本、命中结果、输入摘要、处理结果
P028,录用入职闭环,员工端,R09,关闭条件,关闭前必须完成必选子任务、结算/回执、异常和归档检查,转整改/待关闭,关闭节点,规则版本、命中结果、输入摘要、处理结果
P028,录用入职闭环,员工端,R10,审计证据链,关键操作保留操作者、身份、时间、前后值、原因、哈希和请求ID,关键审计失败则阻断,全流程,规则版本、命中结果、输入摘要、处理结果
P028,录用入职闭环,员工端,R11,金额与预算,金额非负，核定金额不超申请与可用预算，币种税率匹配规则,阻断并提示差异,金额保存/付款前,规则版本、命中结果、输入摘要、处理结果
P028,录用入职闭环,员工端,R12,票据防重,发票代码、号码、日期、金额和影像哈希联合防重,阻断重复报销/付款,票据提交,规则版本、命中结果、输入摘要、处理结果
P028,录用入职闭环,员工端,R11,文档不可变,签署发起后哈希、主体、顺序和关键数据不可修改,作废并新建批次,签署发起后,规则版本、命中结果、输入摘要、处理结果
P028,录用入职闭环,员工端,R12,证据归档,文件、证书、时间戳、回调报文和验签结果成套归档,不得更新为已签署,签署完成,规则版本、命中结果、输入摘要、处理结果
P028,录用入职闭环,员工端,,,,,,
P029,调岗闭环,员工端,R01,唯一性与幂等,同一业务对象、节点和幂等键不得重复创建有效单据,阻断并返回已有单号,所有提交/接口,规则版本、命中结果、输入摘要、处理结果
P029,调岗闭环,员工端,R02,身份与任职有效性,经办人须通过统一认证，当前任职身份在办理时点有效,阻断；重新选择身份或转授权,所有人工节点,规则版本、命中结果、输入摘要、处理结果
P029,调岗闭环,员工端,R03,组织数据范围,仅能查看和处理授权中心、部门、岗位或本人数据,拒绝访问并审计,查询/处理/导出,规则版本、命中结果、输入摘要、处理结果
P029,调岗闭环,员工端,R04,必填与格式,必填、类型、长度、时间区间、金额精度须通过服务端校验,退回当前表单,提交前,规则版本、命中结果、输入摘要、处理结果
P029,调岗闭环,员工端,R05,状态迁移,仅允许按已发布状态机迁移；重复回调返回原结果,阻断非法迁移,节点提交/回调,规则版本、命中结果、输入摘要、处理结果
P029,调岗闭环,员工端,R06,附件安全,附件完成病毒、格式、大小、敏感内容和权限校验,隔离附件并要求补充,上传/下载,规则版本、命中结果、输入摘要、处理结果
P029,调岗闭环,员工端,R07,敏感字段,P2/P3字段按最小必要显示；导出需审批、水印、短链和二次认证,拒绝或脱敏,查看/导出,规则版本、命中结果、输入摘要、处理结果
P029,调岗闭环,员工端,R08,版本一致性,历史实例固定流程、规则、表单和字典版本,版本冲突时禁止提交,保存/提交,规则版本、命中结果、输入摘要、处理结果
P029,调岗闭环,员工端,R09,关闭条件,关闭前必须完成必选子任务、结算/回执、异常和归档检查,转整改/待关闭,关闭节点,规则版本、命中结果、输入摘要、处理结果
P029,调岗闭环,员工端,R10,审计证据链,关键操作保留操作者、身份、时间、前后值、原因、哈希和请求ID,关键审计失败则阻断,全流程,规则版本、命中结果、输入摘要、处理结果
P029,调岗闭环,员工端,R11,时间重叠,假勤、排班、加班区间不得与已生效记录冲突,阻断或转例外审批,时间提交,规则版本、命中结果、输入摘要、处理结果
P029,调岗闭环,员工端,R12,额度账本,额度只通过预占、扣减、释放和差额调整流水变更,转账本调整单,审批/销假,规则版本、命中结果、输入摘要、处理结果
P029,调岗闭环,员工端,R11,文档不可变,签署发起后哈希、主体、顺序和关键数据不可修改,作废并新建批次,签署发起后,规则版本、命中结果、输入摘要、处理结果
P029,调岗闭环,员工端,R12,证据归档,文件、证书、时间戳、回调报文和验签结果成套归档,不得更新为已签署,签署完成,规则版本、命中结果、输入摘要、处理结果
P029,调岗闭环,员工端,,,,,,
P030,离职闭环,员工端,R01,唯一性与幂等,同一业务对象、节点和幂等键不得重复创建有效单据,阻断并返回已有单号,所有提交/接口,规则版本、命中结果、输入摘要、处理结果
P030,离职闭环,员工端,R02,身份与任职有效性,经办人须通过统一认证，当前任职身份在办理时点有效,阻断；重新选择身份或转授权,所有人工节点,规则版本、命中结果、输入摘要、处理结果
P030,离职闭环,员工端,R03,组织数据范围,仅能查看和处理授权中心、部门、岗位或本人数据,拒绝访问并审计,查询/处理/导出,规则版本、命中结果、输入摘要、处理结果
P030,离职闭环,员工端,R04,必填与格式,必填、类型、长度、时间区间、金额精度须通过服务端校验,退回当前表单,提交前,规则版本、命中结果、输入摘要、处理结果
P030,离职闭环,员工端,R05,状态迁移,仅允许按已发布状态机迁移；重复回调返回原结果,阻断非法迁移,节点提交/回调,规则版本、命中结果、输入摘要、处理结果
P030,离职闭环,员工端,R06,附件安全,附件完成病毒、格式、大小、敏感内容和权限校验,隔离附件并要求补充,上传/下载,规则版本、命中结果、输入摘要、处理结果
P030,离职闭环,员工端,R07,敏感字段,P2/P3字段按最小必要显示；导出需审批、水印、短链和二次认证,拒绝或脱敏,查看/导出,规则版本、命中结果、输入摘要、处理结果
P030,离职闭环,员工端,R08,版本一致性,历史实例固定流程、规则、表单和字典版本,版本冲突时禁止提交,保存/提交,规则版本、命中结果、输入摘要、处理结果
P030,离职闭环,员工端,R09,关闭条件,关闭前必须完成必选子任务、结算/回执、异常和归档检查,转整改/待关闭,关闭节点,规则版本、命中结果、输入摘要、处理结果
P030,离职闭环,员工端,R10,审计证据链,关键操作保留操作者、身份、时间、前后值、原因、哈希和请求ID,关键审计失败则阻断,全流程,规则版本、命中结果、输入摘要、处理结果
P030,离职闭环,员工端,R11,金额与预算,金额非负，核定金额不超申请与可用预算，币种税率匹配规则,阻断并提示差异,金额保存/付款前,规则版本、命中结果、输入摘要、处理结果
P030,离职闭环,员工端,R12,票据防重,发票代码、号码、日期、金额和影像哈希联合防重,阻断重复报销/付款,票据提交,规则版本、命中结果、输入摘要、处理结果
P030,离职闭环,员工端,R11,库存非负与锁定,可用量=账面量-锁定量，出库不得导致负库存,阻断并提示缺口,锁定/出库,规则版本、命中结果、输入摘要、处理结果
P030,离职闭环,员工端,R12,批次序列追溯,需追溯物品必须一物一码/一批一码，状态变更保留流水,阻断无编码操作,入库/出库/报损,规则版本、命中结果、输入摘要、处理结果
P030,离职闭环,员工端,,,,,,
P031,归档接收,员工端,R01,唯一性与幂等,同一业务对象、节点和幂等键不得重复创建有效单据,阻断并返回已有单号,所有提交/接口,规则版本、命中结果、输入摘要、处理结果
P031,归档接收,员工端,R02,身份与任职有效性,经办人须通过统一认证，当前任职身份在办理时点有效,阻断；重新选择身份或转授权,所有人工节点,规则版本、命中结果、输入摘要、处理结果
P031,归档接收,员工端,R03,组织数据范围,仅能查看和处理授权中心、部门、岗位或本人数据,拒绝访问并审计,查询/处理/导出,规则版本、命中结果、输入摘要、处理结果
P031,归档接收,员工端,R04,必填与格式,必填、类型、长度、时间区间、金额精度须通过服务端校验,退回当前表单,提交前,规则版本、命中结果、输入摘要、处理结果
P031,归档接收,员工端,R05,状态迁移,仅允许按已发布状态机迁移；重复回调返回原结果,阻断非法迁移,节点提交/回调,规则版本、命中结果、输入摘要、处理结果
P031,归档接收,员工端,R06,附件安全,附件完成病毒、格式、大小、敏感内容和权限校验,隔离附件并要求补充,上传/下载,规则版本、命中结果、输入摘要、处理结果
P031,归档接收,员工端,R07,敏感字段,P2/P3字段按最小必要显示；导出需审批、水印、短链和二次认证,拒绝或脱敏,查看/导出,规则版本、命中结果、输入摘要、处理结果
P031,归档接收,员工端,R08,版本一致性,历史实例固定流程、规则、表单和字典版本,版本冲突时禁止提交,保存/提交,规则版本、命中结果、输入摘要、处理结果
P031,归档接收,员工端,R09,关闭条件,关闭前必须完成必选子任务、结算/回执、异常和归档检查,转整改/待关闭,关闭节点,规则版本、命中结果、输入摘要、处理结果
P031,归档接收,员工端,R10,审计证据链,关键操作保留操作者、身份、时间、前后值、原因、哈希和请求ID,关键审计失败则阻断,全流程,规则版本、命中结果、输入摘要、处理结果
P031,归档接收,员工端,R11,库存非负与锁定,可用量=账面量-锁定量，出库不得导致负库存,阻断并提示缺口,锁定/出库,规则版本、命中结果、输入摘要、处理结果
P031,归档接收,员工端,R12,批次序列追溯,需追溯物品必须一物一码/一批一码，状态变更保留流水,阻断无编码操作,入库/出库/报损,规则版本、命中结果、输入摘要、处理结果
P031,归档接收,员工端,,,,,,
P032,借阅归还,员工端,R01,唯一性与幂等,同一业务对象、节点和幂等键不得重复创建有效单据,阻断并返回已有单号,所有提交/接口,规则版本、命中结果、输入摘要、处理结果
P032,借阅归还,员工端,R02,身份与任职有效性,经办人须通过统一认证，当前任职身份在办理时点有效,阻断；重新选择身份或转授权,所有人工节点,规则版本、命中结果、输入摘要、处理结果
P032,借阅归还,员工端,R03,组织数据范围,仅能查看和处理授权中心、部门、岗位或本人数据,拒绝访问并审计,查询/处理/导出,规则版本、命中结果、输入摘要、处理结果
P032,借阅归还,员工端,R04,必填与格式,必填、类型、长度、时间区间、金额精度须通过服务端校验,退回当前表单,提交前,规则版本、命中结果、输入摘要、处理结果
P032,借阅归还,员工端,R05,状态迁移,仅允许按已发布状态机迁移；重复回调返回原结果,阻断非法迁移,节点提交/回调,规则版本、命中结果、输入摘要、处理结果
P032,借阅归还,员工端,R06,附件安全,附件完成病毒、格式、大小、敏感内容和权限校验,隔离附件并要求补充,上传/下载,规则版本、命中结果、输入摘要、处理结果
P032,借阅归还,员工端,R07,敏感字段,P2/P3字段按最小必要显示；导出需审批、水印、短链和二次认证,拒绝或脱敏,查看/导出,规则版本、命中结果、输入摘要、处理结果
P032,借阅归还,员工端,R08,版本一致性,历史实例固定流程、规则、表单和字典版本,版本冲突时禁止提交,保存/提交,规则版本、命中结果、输入摘要、处理结果
P032,借阅归还,员工端,R09,关闭条件,关闭前必须完成必选子任务、结算/回执、异常和归档检查,转整改/待关闭,关闭节点,规则版本、命中结果、输入摘要、处理结果
P032,借阅归还,员工端,R10,审计证据链,关键操作保留操作者、身份、时间、前后值、原因、哈希和请求ID,关键审计失败则阻断,全流程,规则版本、命中结果、输入摘要、处理结果
P032,借阅归还,员工端,R11,库存非负与锁定,可用量=账面量-锁定量，出库不得导致负库存,阻断并提示缺口,锁定/出库,规则版本、命中结果、输入摘要、处理结果
P032,借阅归还,员工端,R12,批次序列追溯,需追溯物品必须一物一码/一批一码，状态变更保留流水,阻断无编码操作,入库/出库/报损,规则版本、命中结果、输入摘要、处理结果
P032,借阅归还,员工端,,,,,,
P033,销毁鉴定,员工端,R01,唯一性与幂等,同一业务对象、节点和幂等键不得重复创建有效单据,阻断并返回已有单号,所有提交/接口,规则版本、命中结果、输入摘要、处理结果
P033,销毁鉴定,员工端,R02,身份与任职有效性,经办人须通过统一认证，当前任职身份在办理时点有效,阻断；重新选择身份或转授权,所有人工节点,规则版本、命中结果、输入摘要、处理结果
P033,销毁鉴定,员工端,R03,组织数据范围,仅能查看和处理授权中心、部门、岗位或本人数据,拒绝访问并审计,查询/处理/导出,规则版本、命中结果、输入摘要、处理结果
P033,销毁鉴定,员工端,R04,必填与格式,必填、类型、长度、时间区间、金额精度须通过服务端校验,退回当前表单,提交前,规则版本、命中结果、输入摘要、处理结果
P033,销毁鉴定,员工端,R05,状态迁移,仅允许按已发布状态机迁移；重复回调返回原结果,阻断非法迁移,节点提交/回调,规则版本、命中结果、输入摘要、处理结果
P033,销毁鉴定,员工端,R06,附件安全,附件完成病毒、格式、大小、敏感内容和权限校验,隔离附件并要求补充,上传/下载,规则版本、命中结果、输入摘要、处理结果
P033,销毁鉴定,员工端,R07,敏感字段,P2/P3字段按最小必要显示；导出需审批、水印、短链和二次认证,拒绝或脱敏,查看/导出,规则版本、命中结果、输入摘要、处理结果
P033,销毁鉴定,员工端,R08,版本一致性,历史实例固定流程、规则、表单和字典版本,版本冲突时禁止提交,保存/提交,规则版本、命中结果、输入摘要、处理结果
P033,销毁鉴定,员工端,R09,关闭条件,关闭前必须完成必选子任务、结算/回执、异常和归档检查,转整改/待关闭,关闭节点,规则版本、命中结果、输入摘要、处理结果
P033,销毁鉴定,员工端,R10,审计证据链,关键操作保留操作者、身份、时间、前后值、原因、哈希和请求ID,关键审计失败则阻断,全流程,规则版本、命中结果、输入摘要、处理结果
P033,销毁鉴定,员工端,,,,,,
P034,标准采购,员工端,R01,唯一性与幂等,同一业务对象、节点和幂等键不得重复创建有效单据,阻断并返回已有单号,所有提交/接口,规则版本、命中结果、输入摘要、处理结果
P034,标准采购,员工端,R02,身份与任职有效性,经办人须通过统一认证，当前任职身份在办理时点有效,阻断；重新选择身份或转授权,所有人工节点,规则版本、命中结果、输入摘要、处理结果
P034,标准采购,员工端,R03,组织数据范围,仅能查看和处理授权中心、部门、岗位或本人数据,拒绝访问并审计,查询/处理/导出,规则版本、命中结果、输入摘要、处理结果
P034,标准采购,员工端,R04,必填与格式,必填、类型、长度、时间区间、金额精度须通过服务端校验,退回当前表单,提交前,规则版本、命中结果、输入摘要、处理结果
P034,标准采购,员工端,R05,状态迁移,仅允许按已发布状态机迁移；重复回调返回原结果,阻断非法迁移,节点提交/回调,规则版本、命中结果、输入摘要、处理结果
P034,标准采购,员工端,R06,附件安全,附件完成病毒、格式、大小、敏感内容和权限校验,隔离附件并要求补充,上传/下载,规则版本、命中结果、输入摘要、处理结果
P034,标准采购,员工端,R07,敏感字段,P2/P3字段按最小必要显示；导出需审批、水印、短链和二次认证,拒绝或脱敏,查看/导出,规则版本、命中结果、输入摘要、处理结果
P034,标准采购,员工端,R08,版本一致性,历史实例固定流程、规则、表单和字典版本,版本冲突时禁止提交,保存/提交,规则版本、命中结果、输入摘要、处理结果
P034,标准采购,员工端,R09,关闭条件,关闭前必须完成必选子任务、结算/回执、异常和归档检查,转整改/待关闭,关闭节点,规则版本、命中结果、输入摘要、处理结果
P034,标准采购,员工端,R10,审计证据链,关键操作保留操作者、身份、时间、前后值、原因、哈希和请求ID,关键审计失败则阻断,全流程,规则版本、命中结果、输入摘要、处理结果
P034,标准采购,员工端,R11,金额与预算,金额非负，核定金额不超申请与可用预算，币种税率匹配规则,阻断并提示差异,金额保存/付款前,规则版本、命中结果、输入摘要、处理结果
P034,标准采购,员工端,R12,票据防重,发票代码、号码、日期、金额和影像哈希联合防重,阻断重复报销/付款,票据提交,规则版本、命中结果、输入摘要、处理结果
P034,标准采购,员工端,R11,订单票码一致性,订单、支付、票码、核销、退款状态最终一致；冻结票码不得核销,进入差异队列,核销/退款,规则版本、命中结果、输入摘要、处理结果
P034,标准采购,员工端,R12,防重复核销,同一票码同一权益仅成功核销一次，离线回传幂等合并,返回原结果/转差异,核销,规则版本、命中结果、输入摘要、处理结果
P034,标准采购,员工端,R11,库存非负与锁定,可用量=账面量-锁定量，出库不得导致负库存,阻断并提示缺口,锁定/出库,规则版本、命中结果、输入摘要、处理结果
P034,标准采购,员工端,R12,批次序列追溯,需追溯物品必须一物一码/一批一码，状态变更保留流水,阻断无编码操作,入库/出库/报损,规则版本、命中结果、输入摘要、处理结果
P034,标准采购,员工端,,,,,,
P035,紧急采购,员工端,R01,唯一性与幂等,同一业务对象、节点和幂等键不得重复创建有效单据,阻断并返回已有单号,所有提交/接口,规则版本、命中结果、输入摘要、处理结果
P035,紧急采购,员工端,R02,身份与任职有效性,经办人须通过统一认证，当前任职身份在办理时点有效,阻断；重新选择身份或转授权,所有人工节点,规则版本、命中结果、输入摘要、处理结果
P035,紧急采购,员工端,R03,组织数据范围,仅能查看和处理授权中心、部门、岗位或本人数据,拒绝访问并审计,查询/处理/导出,规则版本、命中结果、输入摘要、处理结果
P035,紧急采购,员工端,R04,必填与格式,必填、类型、长度、时间区间、金额精度须通过服务端校验,退回当前表单,提交前,规则版本、命中结果、输入摘要、处理结果
P035,紧急采购,员工端,R05,状态迁移,仅允许按已发布状态机迁移；重复回调返回原结果,阻断非法迁移,节点提交/回调,规则版本、命中结果、输入摘要、处理结果
P035,紧急采购,员工端,R06,附件安全,附件完成病毒、格式、大小、敏感内容和权限校验,隔离附件并要求补充,上传/下载,规则版本、命中结果、输入摘要、处理结果
P035,紧急采购,员工端,R07,敏感字段,P2/P3字段按最小必要显示；导出需审批、水印、短链和二次认证,拒绝或脱敏,查看/导出,规则版本、命中结果、输入摘要、处理结果
P035,紧急采购,员工端,R08,版本一致性,历史实例固定流程、规则、表单和字典版本,版本冲突时禁止提交,保存/提交,规则版本、命中结果、输入摘要、处理结果
P035,紧急采购,员工端,R09,关闭条件,关闭前必须完成必选子任务、结算/回执、异常和归档检查,转整改/待关闭,关闭节点,规则版本、命中结果、输入摘要、处理结果
P035,紧急采购,员工端,R10,审计证据链,关键操作保留操作者、身份、时间、前后值、原因、哈希和请求ID,关键审计失败则阻断,全流程,规则版本、命中结果、输入摘要、处理结果
P035,紧急采购,员工端,,,,,,
P036,退换货,员工端,R01,唯一性与幂等,同一业务对象、节点和幂等键不得重复创建有效单据,阻断并返回已有单号,所有提交/接口,规则版本、命中结果、输入摘要、处理结果
P036,退换货,员工端,R02,身份与任职有效性,经办人须通过统一认证，当前任职身份在办理时点有效,阻断；重新选择身份或转授权,所有人工节点,规则版本、命中结果、输入摘要、处理结果
P036,退换货,员工端,R03,组织数据范围,仅能查看和处理授权中心、部门、岗位或本人数据,拒绝访问并审计,查询/处理/导出,规则版本、命中结果、输入摘要、处理结果
P036,退换货,员工端,R04,必填与格式,必填、类型、长度、时间区间、金额精度须通过服务端校验,退回当前表单,提交前,规则版本、命中结果、输入摘要、处理结果
P036,退换货,员工端,R05,状态迁移,仅允许按已发布状态机迁移；重复回调返回原结果,阻断非法迁移,节点提交/回调,规则版本、命中结果、输入摘要、处理结果
P036,退换货,员工端,R06,附件安全,附件完成病毒、格式、大小、敏感内容和权限校验,隔离附件并要求补充,上传/下载,规则版本、命中结果、输入摘要、处理结果
P036,退换货,员工端,R07,敏感字段,P2/P3字段按最小必要显示；导出需审批、水印、短链和二次认证,拒绝或脱敏,查看/导出,规则版本、命中结果、输入摘要、处理结果
P036,退换货,员工端,R08,版本一致性,历史实例固定流程、规则、表单和字典版本,版本冲突时禁止提交,保存/提交,规则版本、命中结果、输入摘要、处理结果
P036,退换货,员工端,R09,关闭条件,关闭前必须完成必选子任务、结算/回执、异常和归档检查,转整改/待关闭,关闭节点,规则版本、命中结果、输入摘要、处理结果
P036,退换货,员工端,R10,审计证据链,关键操作保留操作者、身份、时间、前后值、原因、哈希和请求ID,关键审计失败则阻断,全流程,规则版本、命中结果、输入摘要、处理结果
P036,退换货,员工端,R11,金额与预算,金额非负，核定金额不超申请与可用预算，币种税率匹配规则,阻断并提示差异,金额保存/付款前,规则版本、命中结果、输入摘要、处理结果
P036,退换货,员工端,R12,票据防重,发票代码、号码、日期、金额和影像哈希联合防重,阻断重复报销/付款,票据提交,规则版本、命中结果、输入摘要、处理结果
P036,退换货,员工端,R11,订单票码一致性,订单、支付、票码、核销、退款状态最终一致；冻结票码不得核销,进入差异队列,核销/退款,规则版本、命中结果、输入摘要、处理结果
P036,退换货,员工端,R12,防重复核销,同一票码同一权益仅成功核销一次，离线回传幂等合并,返回原结果/转差异,核销,规则版本、命中结果、输入摘要、处理结果
P036,退换货,员工端,R11,库存非负与锁定,可用量=账面量-锁定量，出库不得导致负库存,阻断并提示缺口,锁定/出库,规则版本、命中结果、输入摘要、处理结果
P036,退换货,员工端,R12,批次序列追溯,需追溯物品必须一物一码/一批一码，状态变更保留流水,阻断无编码操作,入库/出库/报损,规则版本、命中结果、输入摘要、处理结果
P036,退换货,员工端,,,,,,
P037,售检票闭环,员工端,R01,唯一性与幂等,同一业务对象、节点和幂等键不得重复创建有效单据,阻断并返回已有单号,所有提交/接口,规则版本、命中结果、输入摘要、处理结果
P037,售检票闭环,员工端,R02,身份与任职有效性,经办人须通过统一认证，当前任职身份在办理时点有效,阻断；重新选择身份或转授权,所有人工节点,规则版本、命中结果、输入摘要、处理结果
P037,售检票闭环,员工端,R03,组织数据范围,仅能查看和处理授权中心、部门、岗位或本人数据,拒绝访问并审计,查询/处理/导出,规则版本、命中结果、输入摘要、处理结果
P037,售检票闭环,员工端,R04,必填与格式,必填、类型、长度、时间区间、金额精度须通过服务端校验,退回当前表单,提交前,规则版本、命中结果、输入摘要、处理结果
P037,售检票闭环,员工端,R05,状态迁移,仅允许按已发布状态机迁移；重复回调返回原结果,阻断非法迁移,节点提交/回调,规则版本、命中结果、输入摘要、处理结果
P037,售检票闭环,员工端,R06,附件安全,附件完成病毒、格式、大小、敏感内容和权限校验,隔离附件并要求补充,上传/下载,规则版本、命中结果、输入摘要、处理结果
P037,售检票闭环,员工端,R07,敏感字段,P2/P3字段按最小必要显示；导出需审批、水印、短链和二次认证,拒绝或脱敏,查看/导出,规则版本、命中结果、输入摘要、处理结果
P037,售检票闭环,员工端,R08,版本一致性,历史实例固定流程、规则、表单和字典版本,版本冲突时禁止提交,保存/提交,规则版本、命中结果、输入摘要、处理结果
P037,售检票闭环,员工端,R09,关闭条件,关闭前必须完成必选子任务、结算/回执、异常和归档检查,转整改/待关闭,关闭节点,规则版本、命中结果、输入摘要、处理结果
P037,售检票闭环,员工端,R10,审计证据链,关键操作保留操作者、身份、时间、前后值、原因、哈希和请求ID,关键审计失败则阻断,全流程,规则版本、命中结果、输入摘要、处理结果
P037,售检票闭环,员工端,R11,金额与预算,金额非负，核定金额不超申请与可用预算，币种税率匹配规则,阻断并提示差异,金额保存/付款前,规则版本、命中结果、输入摘要、处理结果
P037,售检票闭环,员工端,R12,票据防重,发票代码、号码、日期、金额和影像哈希联合防重,阻断重复报销/付款,票据提交,规则版本、命中结果、输入摘要、处理结果
P037,售检票闭环,员工端,R11,订单票码一致性,订单、支付、票码、核销、退款状态最终一致；冻结票码不得核销,进入差异队列,核销/退款,规则版本、命中结果、输入摘要、处理结果
P037,售检票闭环,员工端,R12,防重复核销,同一票码同一权益仅成功核销一次，离线回传幂等合并,返回原结果/转差异,核销,规则版本、命中结果、输入摘要、处理结果
P037,售检票闭环,员工端,,,,,,
P038,退款改签,员工端,R01,唯一性与幂等,同一业务对象、节点和幂等键不得重复创建有效单据,阻断并返回已有单号,所有提交/接口,规则版本、命中结果、输入摘要、处理结果
P038,退款改签,员工端,R02,身份与任职有效性,经办人须通过统一认证，当前任职身份在办理时点有效,阻断；重新选择身份或转授权,所有人工节点,规则版本、命中结果、输入摘要、处理结果
P038,退款改签,员工端,R03,组织数据范围,仅能查看和处理授权中心、部门、岗位或本人数据,拒绝访问并审计,查询/处理/导出,规则版本、命中结果、输入摘要、处理结果
P038,退款改签,员工端,R04,必填与格式,必填、类型、长度、时间区间、金额精度须通过服务端校验,退回当前表单,提交前,规则版本、命中结果、输入摘要、处理结果
P038,退款改签,员工端,R05,状态迁移,仅允许按已发布状态机迁移；重复回调返回原结果,阻断非法迁移,节点提交/回调,规则版本、命中结果、输入摘要、处理结果
P038,退款改签,员工端,R06,附件安全,附件完成病毒、格式、大小、敏感内容和权限校验,隔离附件并要求补充,上传/下载,规则版本、命中结果、输入摘要、处理结果
P038,退款改签,员工端,R07,敏感字段,P2/P3字段按最小必要显示；导出需审批、水印、短链和二次认证,拒绝或脱敏,查看/导出,规则版本、命中结果、输入摘要、处理结果
P038,退款改签,员工端,R08,版本一致性,历史实例固定流程、规则、表单和字典版本,版本冲突时禁止提交,保存/提交,规则版本、命中结果、输入摘要、处理结果
P038,退款改签,员工端,R09,关闭条件,关闭前必须完成必选子任务、结算/回执、异常和归档检查,转整改/待关闭,关闭节点,规则版本、命中结果、输入摘要、处理结果
P038,退款改签,员工端,R10,审计证据链,关键操作保留操作者、身份、时间、前后值、原因、哈希和请求ID,关键审计失败则阻断,全流程,规则版本、命中结果、输入摘要、处理结果
P038,退款改签,员工端,R11,金额与预算,金额非负，核定金额不超申请与可用预算，币种税率匹配规则,阻断并提示差异,金额保存/付款前,规则版本、命中结果、输入摘要、处理结果
P038,退款改签,员工端,R12,票据防重,发票代码、号码、日期、金额和影像哈希联合防重,阻断重复报销/付款,票据提交,规则版本、命中结果、输入摘要、处理结果
P038,退款改签,员工端,R11,订单票码一致性,订单、支付、票码、核销、退款状态最终一致；冻结票码不得核销,进入差异队列,核销/退款,规则版本、命中结果、输入摘要、处理结果
P038,退款改签,员工端,R12,防重复核销,同一票码同一权益仅成功核销一次，离线回传幂等合并,返回原结果/转差异,核销,规则版本、命中结果、输入摘要、处理结果
P038,退款改签,员工端,,,,,,
P039,离线检票,员工端,R01,唯一性与幂等,同一业务对象、节点和幂等键不得重复创建有效单据,阻断并返回已有单号,所有提交/接口,规则版本、命中结果、输入摘要、处理结果
P039,离线检票,员工端,R02,身份与任职有效性,经办人须通过统一认证，当前任职身份在办理时点有效,阻断；重新选择身份或转授权,所有人工节点,规则版本、命中结果、输入摘要、处理结果
P039,离线检票,员工端,R03,组织数据范围,仅能查看和处理授权中心、部门、岗位或本人数据,拒绝访问并审计,查询/处理/导出,规则版本、命中结果、输入摘要、处理结果
P039,离线检票,员工端,R04,必填与格式,必填、类型、长度、时间区间、金额精度须通过服务端校验,退回当前表单,提交前,规则版本、命中结果、输入摘要、处理结果
P039,离线检票,员工端,R05,状态迁移,仅允许按已发布状态机迁移；重复回调返回原结果,阻断非法迁移,节点提交/回调,规则版本、命中结果、输入摘要、处理结果
P039,离线检票,员工端,R06,附件安全,附件完成病毒、格式、大小、敏感内容和权限校验,隔离附件并要求补充,上传/下载,规则版本、命中结果、输入摘要、处理结果
P039,离线检票,员工端,R07,敏感字段,P2/P3字段按最小必要显示；导出需审批、水印、短链和二次认证,拒绝或脱敏,查看/导出,规则版本、命中结果、输入摘要、处理结果
P039,离线检票,员工端,R08,版本一致性,历史实例固定流程、规则、表单和字典版本,版本冲突时禁止提交,保存/提交,规则版本、命中结果、输入摘要、处理结果
P039,离线检票,员工端,R09,关闭条件,关闭前必须完成必选子任务、结算/回执、异常和归档检查,转整改/待关闭,关闭节点,规则版本、命中结果、输入摘要、处理结果
P039,离线检票,员工端,R10,审计证据链,关键操作保留操作者、身份、时间、前后值、原因、哈希和请求ID,关键审计失败则阻断,全流程,规则版本、命中结果、输入摘要、处理结果
P039,离线检票,员工端,R11,订单票码一致性,订单、支付、票码、核销、退款状态最终一致；冻结票码不得核销,进入差异队列,核销/退款,规则版本、命中结果、输入摘要、处理结果
P039,离线检票,员工端,R12,防重复核销,同一票码同一权益仅成功核销一次，离线回传幂等合并,返回原结果/转差异,核销,规则版本、命中结果、输入摘要、处理结果
P039,离线检票,员工端,,,,,,
P040,商机推进,员工端,R01,唯一性与幂等,同一业务对象、节点和幂等键不得重复创建有效单据,阻断并返回已有单号,所有提交/接口,规则版本、命中结果、输入摘要、处理结果
P040,商机推进,员工端,R02,身份与任职有效性,经办人须通过统一认证，当前任职身份在办理时点有效,阻断；重新选择身份或转授权,所有人工节点,规则版本、命中结果、输入摘要、处理结果
P040,商机推进,员工端,R03,组织数据范围,仅能查看和处理授权中心、部门、岗位或本人数据,拒绝访问并审计,查询/处理/导出,规则版本、命中结果、输入摘要、处理结果
P040,商机推进,员工端,R04,必填与格式,必填、类型、长度、时间区间、金额精度须通过服务端校验,退回当前表单,提交前,规则版本、命中结果、输入摘要、处理结果
P040,商机推进,员工端,R05,状态迁移,仅允许按已发布状态机迁移；重复回调返回原结果,阻断非法迁移,节点提交/回调,规则版本、命中结果、输入摘要、处理结果
P040,商机推进,员工端,R06,附件安全,附件完成病毒、格式、大小、敏感内容和权限校验,隔离附件并要求补充,上传/下载,规则版本、命中结果、输入摘要、处理结果
P040,商机推进,员工端,R07,敏感字段,P2/P3字段按最小必要显示；导出需审批、水印、短链和二次认证,拒绝或脱敏,查看/导出,规则版本、命中结果、输入摘要、处理结果
P040,商机推进,员工端,R08,版本一致性,历史实例固定流程、规则、表单和字典版本,版本冲突时禁止提交,保存/提交,规则版本、命中结果、输入摘要、处理结果
P040,商机推进,员工端,R09,关闭条件,关闭前必须完成必选子任务、结算/回执、异常和归档检查,转整改/待关闭,关闭节点,规则版本、命中结果、输入摘要、处理结果
P040,商机推进,员工端,R10,审计证据链,关键操作保留操作者、身份、时间、前后值、原因、哈希和请求ID,关键审计失败则阻断,全流程,规则版本、命中结果、输入摘要、处理结果
P040,商机推进,员工端,R11,金额与预算,金额非负，核定金额不超申请与可用预算，币种税率匹配规则,阻断并提示差异,金额保存/付款前,规则版本、命中结果、输入摘要、处理结果
P040,商机推进,员工端,R12,票据防重,发票代码、号码、日期、金额和影像哈希联合防重,阻断重复报销/付款,票据提交,规则版本、命中结果、输入摘要、处理结果
P040,商机推进,员工端,R11,文档不可变,签署发起后哈希、主体、顺序和关键数据不可修改,作废并新建批次,签署发起后,规则版本、命中结果、输入摘要、处理结果
P040,商机推进,员工端,R12,证据归档,文件、证书、时间戳、回调报文和验签结果成套归档,不得更新为已签署,签署完成,规则版本、命中结果、输入摘要、处理结果
P040,商机推进,员工端,,,,,,
P041,市场活动,员工端,R01,唯一性与幂等,同一业务对象、节点和幂等键不得重复创建有效单据,阻断并返回已有单号,所有提交/接口,规则版本、命中结果、输入摘要、处理结果
P041,市场活动,员工端,R02,身份与任职有效性,经办人须通过统一认证，当前任职身份在办理时点有效,阻断；重新选择身份或转授权,所有人工节点,规则版本、命中结果、输入摘要、处理结果
P041,市场活动,员工端,R03,组织数据范围,仅能查看和处理授权中心、部门、岗位或本人数据,拒绝访问并审计,查询/处理/导出,规则版本、命中结果、输入摘要、处理结果
P041,市场活动,员工端,R04,必填与格式,必填、类型、长度、时间区间、金额精度须通过服务端校验,退回当前表单,提交前,规则版本、命中结果、输入摘要、处理结果
P041,市场活动,员工端,R05,状态迁移,仅允许按已发布状态机迁移；重复回调返回原结果,阻断非法迁移,节点提交/回调,规则版本、命中结果、输入摘要、处理结果
P041,市场活动,员工端,R06,附件安全,附件完成病毒、格式、大小、敏感内容和权限校验,隔离附件并要求补充,上传/下载,规则版本、命中结果、输入摘要、处理结果
P041,市场活动,员工端,R07,敏感字段,P2/P3字段按最小必要显示；导出需审批、水印、短链和二次认证,拒绝或脱敏,查看/导出,规则版本、命中结果、输入摘要、处理结果
P041,市场活动,员工端,R08,版本一致性,历史实例固定流程、规则、表单和字典版本,版本冲突时禁止提交,保存/提交,规则版本、命中结果、输入摘要、处理结果
P041,市场活动,员工端,R09,关闭条件,关闭前必须完成必选子任务、结算/回执、异常和归档检查,转整改/待关闭,关闭节点,规则版本、命中结果、输入摘要、处理结果
P041,市场活动,员工端,R10,审计证据链,关键操作保留操作者、身份、时间、前后值、原因、哈希和请求ID,关键审计失败则阻断,全流程,规则版本、命中结果、输入摘要、处理结果
P041,市场活动,员工端,R11,金额与预算,金额非负，核定金额不超申请与可用预算，币种税率匹配规则,阻断并提示差异,金额保存/付款前,规则版本、命中结果、输入摘要、处理结果
P041,市场活动,员工端,R12,票据防重,发票代码、号码、日期、金额和影像哈希联合防重,阻断重复报销/付款,票据提交,规则版本、命中结果、输入摘要、处理结果
P041,市场活动,员工端,,,,,,
P042,渠道准入,员工端,R01,唯一性与幂等,同一业务对象、节点和幂等键不得重复创建有效单据,阻断并返回已有单号,所有提交/接口,规则版本、命中结果、输入摘要、处理结果
P042,渠道准入,员工端,R02,身份与任职有效性,经办人须通过统一认证，当前任职身份在办理时点有效,阻断；重新选择身份或转授权,所有人工节点,规则版本、命中结果、输入摘要、处理结果
P042,渠道准入,员工端,R03,组织数据范围,仅能查看和处理授权中心、部门、岗位或本人数据,拒绝访问并审计,查询/处理/导出,规则版本、命中结果、输入摘要、处理结果
P042,渠道准入,员工端,R04,必填与格式,必填、类型、长度、时间区间、金额精度须通过服务端校验,退回当前表单,提交前,规则版本、命中结果、输入摘要、处理结果
P042,渠道准入,员工端,R05,状态迁移,仅允许按已发布状态机迁移；重复回调返回原结果,阻断非法迁移,节点提交/回调,规则版本、命中结果、输入摘要、处理结果
P042,渠道准入,员工端,R06,附件安全,附件完成病毒、格式、大小、敏感内容和权限校验,隔离附件并要求补充,上传/下载,规则版本、命中结果、输入摘要、处理结果
P042,渠道准入,员工端,R07,敏感字段,P2/P3字段按最小必要显示；导出需审批、水印、短链和二次认证,拒绝或脱敏,查看/导出,规则版本、命中结果、输入摘要、处理结果
P042,渠道准入,员工端,R08,版本一致性,历史实例固定流程、规则、表单和字典版本,版本冲突时禁止提交,保存/提交,规则版本、命中结果、输入摘要、处理结果
P042,渠道准入,员工端,R09,关闭条件,关闭前必须完成必选子任务、结算/回执、异常和归档检查,转整改/待关闭,关闭节点,规则版本、命中结果、输入摘要、处理结果
P042,渠道准入,员工端,R10,审计证据链,关键操作保留操作者、身份、时间、前后值、原因、哈希和请求ID,关键审计失败则阻断,全流程,规则版本、命中结果、输入摘要、处理结果
P042,渠道准入,员工端,R11,先行止险,人员安全优先；重大事件允许先处置后补单，但不得删除证据,立即升级并锁证,事件触发,规则版本、命中结果、输入摘要、处理结果
P042,渠道准入,员工端,R12,唯一案件,同一事件保留一个主案件，相关工单、投诉、维修、赔付为子单,合并或关联已有案件,立案,规则版本、命中结果、输入摘要、处理结果
P042,渠道准入,员工端,R11,文档不可变,签署发起后哈希、主体、顺序和关键数据不可修改,作废并新建批次,签署发起后,规则版本、命中结果、输入摘要、处理结果
P042,渠道准入,员工端,R12,证据归档,文件、证书、时间戳、回调报文和验签结果成套归档,不得更新为已签署,签署完成,规则版本、命中结果、输入摘要、处理结果
P042,渠道准入,员工端,,,,,,
P043,课程产品上线,员工端,R01,唯一性与幂等,同一业务对象、节点和幂等键不得重复创建有效单据,阻断并返回已有单号,所有提交/接口,规则版本、命中结果、输入摘要、处理结果
P043,课程产品上线,员工端,R02,身份与任职有效性,经办人须通过统一认证，当前任职身份在办理时点有效,阻断；重新选择身份或转授权,所有人工节点,规则版本、命中结果、输入摘要、处理结果
P043,课程产品上线,员工端,R03,组织数据范围,仅能查看和处理授权中心、部门、岗位或本人数据,拒绝访问并审计,查询/处理/导出,规则版本、命中结果、输入摘要、处理结果
P043,课程产品上线,员工端,R04,必填与格式,必填、类型、长度、时间区间、金额精度须通过服务端校验,退回当前表单,提交前,规则版本、命中结果、输入摘要、处理结果
P043,课程产品上线,员工端,R05,状态迁移,仅允许按已发布状态机迁移；重复回调返回原结果,阻断非法迁移,节点提交/回调,规则版本、命中结果、输入摘要、处理结果
P043,课程产品上线,员工端,R06,附件安全,附件完成病毒、格式、大小、敏感内容和权限校验,隔离附件并要求补充,上传/下载,规则版本、命中结果、输入摘要、处理结果
P043,课程产品上线,员工端,R07,敏感字段,P2/P3字段按最小必要显示；导出需审批、水印、短链和二次认证,拒绝或脱敏,查看/导出,规则版本、命中结果、输入摘要、处理结果
P043,课程产品上线,员工端,R08,版本一致性,历史实例固定流程、规则、表单和字典版本,版本冲突时禁止提交,保存/提交,规则版本、命中结果、输入摘要、处理结果
P043,课程产品上线,员工端,R09,关闭条件,关闭前必须完成必选子任务、结算/回执、异常和归档检查,转整改/待关闭,关闭节点,规则版本、命中结果、输入摘要、处理结果
P043,课程产品上线,员工端,R10,审计证据链,关键操作保留操作者、身份、时间、前后值、原因、哈希和请求ID,关键审计失败则阻断,全流程,规则版本、命中结果、输入摘要、处理结果
P043,课程产品上线,员工端,,,,,,
P044,研学团队交付,员工端,R01,唯一性与幂等,同一业务对象、节点和幂等键不得重复创建有效单据,阻断并返回已有单号,所有提交/接口,规则版本、命中结果、输入摘要、处理结果
P044,研学团队交付,员工端,R02,身份与任职有效性,经办人须通过统一认证，当前任职身份在办理时点有效,阻断；重新选择身份或转授权,所有人工节点,规则版本、命中结果、输入摘要、处理结果
P044,研学团队交付,员工端,R03,组织数据范围,仅能查看和处理授权中心、部门、岗位或本人数据,拒绝访问并审计,查询/处理/导出,规则版本、命中结果、输入摘要、处理结果
P044,研学团队交付,员工端,R04,必填与格式,必填、类型、长度、时间区间、金额精度须通过服务端校验,退回当前表单,提交前,规则版本、命中结果、输入摘要、处理结果
P044,研学团队交付,员工端,R05,状态迁移,仅允许按已发布状态机迁移；重复回调返回原结果,阻断非法迁移,节点提交/回调,规则版本、命中结果、输入摘要、处理结果
P044,研学团队交付,员工端,R06,附件安全,附件完成病毒、格式、大小、敏感内容和权限校验,隔离附件并要求补充,上传/下载,规则版本、命中结果、输入摘要、处理结果
P044,研学团队交付,员工端,R07,敏感字段,P2/P3字段按最小必要显示；导出需审批、水印、短链和二次认证,拒绝或脱敏,查看/导出,规则版本、命中结果、输入摘要、处理结果
P044,研学团队交付,员工端,R08,版本一致性,历史实例固定流程、规则、表单和字典版本,版本冲突时禁止提交,保存/提交,规则版本、命中结果、输入摘要、处理结果
P044,研学团队交付,员工端,R09,关闭条件,关闭前必须完成必选子任务、结算/回执、异常和归档检查,转整改/待关闭,关闭节点,规则版本、命中结果、输入摘要、处理结果
P044,研学团队交付,员工端,R10,审计证据链,关键操作保留操作者、身份、时间、前后值、原因、哈希和请求ID,关键审计失败则阻断,全流程,规则版本、命中结果、输入摘要、处理结果
P044,研学团队交付,员工端,R11,金额与预算,金额非负，核定金额不超申请与可用预算，币种税率匹配规则,阻断并提示差异,金额保存/付款前,规则版本、命中结果、输入摘要、处理结果
P044,研学团队交付,员工端,R12,票据防重,发票代码、号码、日期、金额和影像哈希联合防重,阻断重复报销/付款,票据提交,规则版本、命中结果、输入摘要、处理结果
P044,研学团队交付,员工端,R11,订单票码一致性,订单、支付、票码、核销、退款状态最终一致；冻结票码不得核销,进入差异队列,核销/退款,规则版本、命中结果、输入摘要、处理结果
P044,研学团队交付,员工端,R12,防重复核销,同一票码同一权益仅成功核销一次，离线回传幂等合并,返回原结果/转差异,核销,规则版本、命中结果、输入摘要、处理结果
P044,研学团队交付,员工端,,,,,,
P045,讲师排课,员工端,R01,唯一性与幂等,同一业务对象、节点和幂等键不得重复创建有效单据,阻断并返回已有单号,所有提交/接口,规则版本、命中结果、输入摘要、处理结果
P045,讲师排课,员工端,R02,身份与任职有效性,经办人须通过统一认证，当前任职身份在办理时点有效,阻断；重新选择身份或转授权,所有人工节点,规则版本、命中结果、输入摘要、处理结果
P045,讲师排课,员工端,R03,组织数据范围,仅能查看和处理授权中心、部门、岗位或本人数据,拒绝访问并审计,查询/处理/导出,规则版本、命中结果、输入摘要、处理结果
P045,讲师排课,员工端,R04,必填与格式,必填、类型、长度、时间区间、金额精度须通过服务端校验,退回当前表单,提交前,规则版本、命中结果、输入摘要、处理结果
P045,讲师排课,员工端,R05,状态迁移,仅允许按已发布状态机迁移；重复回调返回原结果,阻断非法迁移,节点提交/回调,规则版本、命中结果、输入摘要、处理结果
P045,讲师排课,员工端,R06,附件安全,附件完成病毒、格式、大小、敏感内容和权限校验,隔离附件并要求补充,上传/下载,规则版本、命中结果、输入摘要、处理结果
P045,讲师排课,员工端,R07,敏感字段,P2/P3字段按最小必要显示；导出需审批、水印、短链和二次认证,拒绝或脱敏,查看/导出,规则版本、命中结果、输入摘要、处理结果
P045,讲师排课,员工端,R08,版本一致性,历史实例固定流程、规则、表单和字典版本,版本冲突时禁止提交,保存/提交,规则版本、命中结果、输入摘要、处理结果
P045,讲师排课,员工端,R09,关闭条件,关闭前必须完成必选子任务、结算/回执、异常和归档检查,转整改/待关闭,关闭节点,规则版本、命中结果、输入摘要、处理结果
P045,讲师排课,员工端,R10,审计证据链,关键操作保留操作者、身份、时间、前后值、原因、哈希和请求ID,关键审计失败则阻断,全流程,规则版本、命中结果、输入摘要、处理结果
P045,讲师排课,员工端,,,,,,
P046,通知执行,员工端,R01,唯一性与幂等,同一业务对象、节点和幂等键不得重复创建有效单据,阻断并返回已有单号,所有提交/接口,规则版本、命中结果、输入摘要、处理结果
P046,通知执行,员工端,R02,身份与任职有效性,经办人须通过统一认证，当前任职身份在办理时点有效,阻断；重新选择身份或转授权,所有人工节点,规则版本、命中结果、输入摘要、处理结果
P046,通知执行,员工端,R03,组织数据范围,仅能查看和处理授权中心、部门、岗位或本人数据,拒绝访问并审计,查询/处理/导出,规则版本、命中结果、输入摘要、处理结果
P046,通知执行,员工端,R04,必填与格式,必填、类型、长度、时间区间、金额精度须通过服务端校验,退回当前表单,提交前,规则版本、命中结果、输入摘要、处理结果
P046,通知执行,员工端,R05,状态迁移,仅允许按已发布状态机迁移；重复回调返回原结果,阻断非法迁移,节点提交/回调,规则版本、命中结果、输入摘要、处理结果
P046,通知执行,员工端,R06,附件安全,附件完成病毒、格式、大小、敏感内容和权限校验,隔离附件并要求补充,上传/下载,规则版本、命中结果、输入摘要、处理结果
P046,通知执行,员工端,R07,敏感字段,P2/P3字段按最小必要显示；导出需审批、水印、短链和二次认证,拒绝或脱敏,查看/导出,规则版本、命中结果、输入摘要、处理结果
P046,通知执行,员工端,R08,版本一致性,历史实例固定流程、规则、表单和字典版本,版本冲突时禁止提交,保存/提交,规则版本、命中结果、输入摘要、处理结果
P046,通知执行,员工端,R09,关闭条件,关闭前必须完成必选子任务、结算/回执、异常和归档检查,转整改/待关闭,关闭节点,规则版本、命中结果、输入摘要、处理结果
P046,通知执行,员工端,R10,审计证据链,关键操作保留操作者、身份、时间、前后值、原因、哈希和请求ID,关键审计失败则阻断,全流程,规则版本、命中结果、输入摘要、处理结果
P046,通知执行,员工端,,,,,,
P047,正式公文,员工端,R01,唯一性与幂等,同一业务对象、节点和幂等键不得重复创建有效单据,阻断并返回已有单号,所有提交/接口,规则版本、命中结果、输入摘要、处理结果
P047,正式公文,员工端,R02,身份与任职有效性,经办人须通过统一认证，当前任职身份在办理时点有效,阻断；重新选择身份或转授权,所有人工节点,规则版本、命中结果、输入摘要、处理结果
P047,正式公文,员工端,R03,组织数据范围,仅能查看和处理授权中心、部门、岗位或本人数据,拒绝访问并审计,查询/处理/导出,规则版本、命中结果、输入摘要、处理结果
P047,正式公文,员工端,R04,必填与格式,必填、类型、长度、时间区间、金额精度须通过服务端校验,退回当前表单,提交前,规则版本、命中结果、输入摘要、处理结果
P047,正式公文,员工端,R05,状态迁移,仅允许按已发布状态机迁移；重复回调返回原结果,阻断非法迁移,节点提交/回调,规则版本、命中结果、输入摘要、处理结果
P047,正式公文,员工端,R06,附件安全,附件完成病毒、格式、大小、敏感内容和权限校验,隔离附件并要求补充,上传/下载,规则版本、命中结果、输入摘要、处理结果
P047,正式公文,员工端,R07,敏感字段,P2/P3字段按最小必要显示；导出需审批、水印、短链和二次认证,拒绝或脱敏,查看/导出,规则版本、命中结果、输入摘要、处理结果
P047,正式公文,员工端,R08,版本一致性,历史实例固定流程、规则、表单和字典版本,版本冲突时禁止提交,保存/提交,规则版本、命中结果、输入摘要、处理结果
P047,正式公文,员工端,R09,关闭条件,关闭前必须完成必选子任务、结算/回执、异常和归档检查,转整改/待关闭,关闭节点,规则版本、命中结果、输入摘要、处理结果
P047,正式公文,员工端,R10,审计证据链,关键操作保留操作者、身份、时间、前后值、原因、哈希和请求ID,关键审计失败则阻断,全流程,规则版本、命中结果、输入摘要、处理结果
P047,正式公文,员工端,R11,文档不可变,签署发起后哈希、主体、顺序和关键数据不可修改,作废并新建批次,签署发起后,规则版本、命中结果、输入摘要、处理结果
P047,正式公文,员工端,R12,证据归档,文件、证书、时间戳、回调报文和验签结果成套归档,不得更新为已签署,签署完成,规则版本、命中结果、输入摘要、处理结果
P047,正式公文,员工端,,,,,,
P048,会议行动,员工端,R01,唯一性与幂等,同一业务对象、节点和幂等键不得重复创建有效单据,阻断并返回已有单号,所有提交/接口,规则版本、命中结果、输入摘要、处理结果
P048,会议行动,员工端,R02,身份与任职有效性,经办人须通过统一认证，当前任职身份在办理时点有效,阻断；重新选择身份或转授权,所有人工节点,规则版本、命中结果、输入摘要、处理结果
P048,会议行动,员工端,R03,组织数据范围,仅能查看和处理授权中心、部门、岗位或本人数据,拒绝访问并审计,查询/处理/导出,规则版本、命中结果、输入摘要、处理结果
P048,会议行动,员工端,R04,必填与格式,必填、类型、长度、时间区间、金额精度须通过服务端校验,退回当前表单,提交前,规则版本、命中结果、输入摘要、处理结果
P048,会议行动,员工端,R05,状态迁移,仅允许按已发布状态机迁移；重复回调返回原结果,阻断非法迁移,节点提交/回调,规则版本、命中结果、输入摘要、处理结果
P048,会议行动,员工端,R06,附件安全,附件完成病毒、格式、大小、敏感内容和权限校验,隔离附件并要求补充,上传/下载,规则版本、命中结果、输入摘要、处理结果
P048,会议行动,员工端,R07,敏感字段,P2/P3字段按最小必要显示；导出需审批、水印、短链和二次认证,拒绝或脱敏,查看/导出,规则版本、命中结果、输入摘要、处理结果
P048,会议行动,员工端,R08,版本一致性,历史实例固定流程、规则、表单和字典版本,版本冲突时禁止提交,保存/提交,规则版本、命中结果、输入摘要、处理结果
P048,会议行动,员工端,R09,关闭条件,关闭前必须完成必选子任务、结算/回执、异常和归档检查,转整改/待关闭,关闭节点,规则版本、命中结果、输入摘要、处理结果
P048,会议行动,员工端,R10,审计证据链,关键操作保留操作者、身份、时间、前后值、原因、哈希和请求ID,关键审计失败则阻断,全流程,规则版本、命中结果、输入摘要、处理结果
P048,会议行动,员工端,,,,,,
P049,大型活动,员工端,R01,唯一性与幂等,同一业务对象、节点和幂等键不得重复创建有效单据,阻断并返回已有单号,所有提交/接口,规则版本、命中结果、输入摘要、处理结果
P049,大型活动,员工端,R02,身份与任职有效性,经办人须通过统一认证，当前任职身份在办理时点有效,阻断；重新选择身份或转授权,所有人工节点,规则版本、命中结果、输入摘要、处理结果
P049,大型活动,员工端,R03,组织数据范围,仅能查看和处理授权中心、部门、岗位或本人数据,拒绝访问并审计,查询/处理/导出,规则版本、命中结果、输入摘要、处理结果
P049,大型活动,员工端,R04,必填与格式,必填、类型、长度、时间区间、金额精度须通过服务端校验,退回当前表单,提交前,规则版本、命中结果、输入摘要、处理结果
P049,大型活动,员工端,R05,状态迁移,仅允许按已发布状态机迁移；重复回调返回原结果,阻断非法迁移,节点提交/回调,规则版本、命中结果、输入摘要、处理结果
P049,大型活动,员工端,R06,附件安全,附件完成病毒、格式、大小、敏感内容和权限校验,隔离附件并要求补充,上传/下载,规则版本、命中结果、输入摘要、处理结果
P049,大型活动,员工端,R07,敏感字段,P2/P3字段按最小必要显示；导出需审批、水印、短链和二次认证,拒绝或脱敏,查看/导出,规则版本、命中结果、输入摘要、处理结果
P049,大型活动,员工端,R08,版本一致性,历史实例固定流程、规则、表单和字典版本,版本冲突时禁止提交,保存/提交,规则版本、命中结果、输入摘要、处理结果
P049,大型活动,员工端,R09,关闭条件,关闭前必须完成必选子任务、结算/回执、异常和归档检查,转整改/待关闭,关闭节点,规则版本、命中结果、输入摘要、处理结果
P049,大型活动,员工端,R10,审计证据链,关键操作保留操作者、身份、时间、前后值、原因、哈希和请求ID,关键审计失败则阻断,全流程,规则版本、命中结果、输入摘要、处理结果
P049,大型活动,员工端,,,,,,
P050,入库,员工端,R01,唯一性与幂等,同一业务对象、节点和幂等键不得重复创建有效单据,阻断并返回已有单号,所有提交/接口,规则版本、命中结果、输入摘要、处理结果
P050,入库,员工端,R02,身份与任职有效性,经办人须通过统一认证，当前任职身份在办理时点有效,阻断；重新选择身份或转授权,所有人工节点,规则版本、命中结果、输入摘要、处理结果
P050,入库,员工端,R03,组织数据范围,仅能查看和处理授权中心、部门、岗位或本人数据,拒绝访问并审计,查询/处理/导出,规则版本、命中结果、输入摘要、处理结果
P050,入库,员工端,R04,必填与格式,必填、类型、长度、时间区间、金额精度须通过服务端校验,退回当前表单,提交前,规则版本、命中结果、输入摘要、处理结果
P050,入库,员工端,R05,状态迁移,仅允许按已发布状态机迁移；重复回调返回原结果,阻断非法迁移,节点提交/回调,规则版本、命中结果、输入摘要、处理结果
P050,入库,员工端,R06,附件安全,附件完成病毒、格式、大小、敏感内容和权限校验,隔离附件并要求补充,上传/下载,规则版本、命中结果、输入摘要、处理结果
P050,入库,员工端,R07,敏感字段,P2/P3字段按最小必要显示；导出需审批、水印、短链和二次认证,拒绝或脱敏,查看/导出,规则版本、命中结果、输入摘要、处理结果
P050,入库,员工端,R08,版本一致性,历史实例固定流程、规则、表单和字典版本,版本冲突时禁止提交,保存/提交,规则版本、命中结果、输入摘要、处理结果
P050,入库,员工端,R09,关闭条件,关闭前必须完成必选子任务、结算/回执、异常和归档检查,转整改/待关闭,关闭节点,规则版本、命中结果、输入摘要、处理结果
P050,入库,员工端,R10,审计证据链,关键操作保留操作者、身份、时间、前后值、原因、哈希和请求ID,关键审计失败则阻断,全流程,规则版本、命中结果、输入摘要、处理结果
P050,入库,员工端,R11,库存非负与锁定,可用量=账面量-锁定量，出库不得导致负库存,阻断并提示缺口,锁定/出库,规则版本、命中结果、输入摘要、处理结果
P050,入库,员工端,R12,批次序列追溯,需追溯物品必须一物一码/一批一码，状态变更保留流水,阻断无编码操作,入库/出库/报损,规则版本、命中结果、输入摘要、处理结果
P050,入库,员工端,,,,,,
P051,领借调还,员工端,R01,唯一性与幂等,同一业务对象、节点和幂等键不得重复创建有效单据,阻断并返回已有单号,所有提交/接口,规则版本、命中结果、输入摘要、处理结果
P051,领借调还,员工端,R02,身份与任职有效性,经办人须通过统一认证，当前任职身份在办理时点有效,阻断；重新选择身份或转授权,所有人工节点,规则版本、命中结果、输入摘要、处理结果
P051,领借调还,员工端,R03,组织数据范围,仅能查看和处理授权中心、部门、岗位或本人数据,拒绝访问并审计,查询/处理/导出,规则版本、命中结果、输入摘要、处理结果
P051,领借调还,员工端,R04,必填与格式,必填、类型、长度、时间区间、金额精度须通过服务端校验,退回当前表单,提交前,规则版本、命中结果、输入摘要、处理结果
P051,领借调还,员工端,R05,状态迁移,仅允许按已发布状态机迁移；重复回调返回原结果,阻断非法迁移,节点提交/回调,规则版本、命中结果、输入摘要、处理结果
P051,领借调还,员工端,R06,附件安全,附件完成病毒、格式、大小、敏感内容和权限校验,隔离附件并要求补充,上传/下载,规则版本、命中结果、输入摘要、处理结果
P051,领借调还,员工端,R07,敏感字段,P2/P3字段按最小必要显示；导出需审批、水印、短链和二次认证,拒绝或脱敏,查看/导出,规则版本、命中结果、输入摘要、处理结果
P051,领借调还,员工端,R08,版本一致性,历史实例固定流程、规则、表单和字典版本,版本冲突时禁止提交,保存/提交,规则版本、命中结果、输入摘要、处理结果
P051,领借调还,员工端,R09,关闭条件,关闭前必须完成必选子任务、结算/回执、异常和归档检查,转整改/待关闭,关闭节点,规则版本、命中结果、输入摘要、处理结果
P051,领借调还,员工端,R10,审计证据链,关键操作保留操作者、身份、时间、前后值、原因、哈希和请求ID,关键审计失败则阻断,全流程,规则版本、命中结果、输入摘要、处理结果
P051,领借调还,员工端,R11,库存非负与锁定,可用量=账面量-锁定量，出库不得导致负库存,阻断并提示缺口,锁定/出库,规则版本、命中结果、输入摘要、处理结果
P051,领借调还,员工端,R12,批次序列追溯,需追溯物品必须一物一码/一批一码，状态变更保留流水,阻断无编码操作,入库/出库/报损,规则版本、命中结果、输入摘要、处理结果
P051,领借调还,员工端,,,,,,
P052,盘点,员工端,R01,唯一性与幂等,同一业务对象、节点和幂等键不得重复创建有效单据,阻断并返回已有单号,所有提交/接口,规则版本、命中结果、输入摘要、处理结果
P052,盘点,员工端,R02,身份与任职有效性,经办人须通过统一认证，当前任职身份在办理时点有效,阻断；重新选择身份或转授权,所有人工节点,规则版本、命中结果、输入摘要、处理结果
P052,盘点,员工端,R03,组织数据范围,仅能查看和处理授权中心、部门、岗位或本人数据,拒绝访问并审计,查询/处理/导出,规则版本、命中结果、输入摘要、处理结果
P052,盘点,员工端,R04,必填与格式,必填、类型、长度、时间区间、金额精度须通过服务端校验,退回当前表单,提交前,规则版本、命中结果、输入摘要、处理结果
P052,盘点,员工端,R05,状态迁移,仅允许按已发布状态机迁移；重复回调返回原结果,阻断非法迁移,节点提交/回调,规则版本、命中结果、输入摘要、处理结果
P052,盘点,员工端,R06,附件安全,附件完成病毒、格式、大小、敏感内容和权限校验,隔离附件并要求补充,上传/下载,规则版本、命中结果、输入摘要、处理结果
P052,盘点,员工端,R07,敏感字段,P2/P3字段按最小必要显示；导出需审批、水印、短链和二次认证,拒绝或脱敏,查看/导出,规则版本、命中结果、输入摘要、处理结果
P052,盘点,员工端,R08,版本一致性,历史实例固定流程、规则、表单和字典版本,版本冲突时禁止提交,保存/提交,规则版本、命中结果、输入摘要、处理结果
P052,盘点,员工端,R09,关闭条件,关闭前必须完成必选子任务、结算/回执、异常和归档检查,转整改/待关闭,关闭节点,规则版本、命中结果、输入摘要、处理结果
P052,盘点,员工端,R10,审计证据链,关键操作保留操作者、身份、时间、前后值、原因、哈希和请求ID,关键审计失败则阻断,全流程,规则版本、命中结果、输入摘要、处理结果
P052,盘点,员工端,R11,库存非负与锁定,可用量=账面量-锁定量，出库不得导致负库存,阻断并提示缺口,锁定/出库,规则版本、命中结果、输入摘要、处理结果
P052,盘点,员工端,R12,批次序列追溯,需追溯物品必须一物一码/一批一码，状态变更保留流水,阻断无编码操作,入库/出库/报损,规则版本、命中结果、输入摘要、处理结果
P052,盘点,员工端,,,,,,
P053,报废处置,员工端,R01,唯一性与幂等,同一业务对象、节点和幂等键不得重复创建有效单据,阻断并返回已有单号,所有提交/接口,规则版本、命中结果、输入摘要、处理结果
P053,报废处置,员工端,R02,身份与任职有效性,经办人须通过统一认证，当前任职身份在办理时点有效,阻断；重新选择身份或转授权,所有人工节点,规则版本、命中结果、输入摘要、处理结果
P053,报废处置,员工端,R03,组织数据范围,仅能查看和处理授权中心、部门、岗位或本人数据,拒绝访问并审计,查询/处理/导出,规则版本、命中结果、输入摘要、处理结果
P053,报废处置,员工端,R04,必填与格式,必填、类型、长度、时间区间、金额精度须通过服务端校验,退回当前表单,提交前,规则版本、命中结果、输入摘要、处理结果
P053,报废处置,员工端,R05,状态迁移,仅允许按已发布状态机迁移；重复回调返回原结果,阻断非法迁移,节点提交/回调,规则版本、命中结果、输入摘要、处理结果
P053,报废处置,员工端,R06,附件安全,附件完成病毒、格式、大小、敏感内容和权限校验,隔离附件并要求补充,上传/下载,规则版本、命中结果、输入摘要、处理结果
P053,报废处置,员工端,R07,敏感字段,P2/P3字段按最小必要显示；导出需审批、水印、短链和二次认证,拒绝或脱敏,查看/导出,规则版本、命中结果、输入摘要、处理结果
P053,报废处置,员工端,R08,版本一致性,历史实例固定流程、规则、表单和字典版本,版本冲突时禁止提交,保存/提交,规则版本、命中结果、输入摘要、处理结果
P053,报废处置,员工端,R09,关闭条件,关闭前必须完成必选子任务、结算/回执、异常和归档检查,转整改/待关闭,关闭节点,规则版本、命中结果、输入摘要、处理结果
P053,报废处置,员工端,R10,审计证据链,关键操作保留操作者、身份、时间、前后值、原因、哈希和请求ID,关键审计失败则阻断,全流程,规则版本、命中结果、输入摘要、处理结果
P053,报废处置,员工端,R11,先行止险,人员安全优先；重大事件允许先处置后补单，但不得删除证据,立即升级并锁证,事件触发,规则版本、命中结果、输入摘要、处理结果
P053,报废处置,员工端,R12,唯一案件,同一事件保留一个主案件，相关工单、投诉、维修、赔付为子单,合并或关联已有案件,立案,规则版本、命中结果、输入摘要、处理结果
P053,报废处置,员工端,R11,库存非负与锁定,可用量=账面量-锁定量，出库不得导致负库存,阻断并提示缺口,锁定/出库,规则版本、命中结果、输入摘要、处理结果
P053,报废处置,员工端,R12,批次序列追溯,需追溯物品必须一物一码/一批一码，状态变更保留流水,阻断无编码操作,入库/出库/报损,规则版本、命中结果、输入摘要、处理结果
P053,报废处置,员工端,,,,,,
P054,派车,员工端,R01,唯一性与幂等,同一业务对象、节点和幂等键不得重复创建有效单据,阻断并返回已有单号,所有提交/接口,规则版本、命中结果、输入摘要、处理结果
P054,派车,员工端,R02,身份与任职有效性,经办人须通过统一认证，当前任职身份在办理时点有效,阻断；重新选择身份或转授权,所有人工节点,规则版本、命中结果、输入摘要、处理结果
P054,派车,员工端,R03,组织数据范围,仅能查看和处理授权中心、部门、岗位或本人数据,拒绝访问并审计,查询/处理/导出,规则版本、命中结果、输入摘要、处理结果
P054,派车,员工端,R04,必填与格式,必填、类型、长度、时间区间、金额精度须通过服务端校验,退回当前表单,提交前,规则版本、命中结果、输入摘要、处理结果
P054,派车,员工端,R05,状态迁移,仅允许按已发布状态机迁移；重复回调返回原结果,阻断非法迁移,节点提交/回调,规则版本、命中结果、输入摘要、处理结果
P054,派车,员工端,R06,附件安全,附件完成病毒、格式、大小、敏感内容和权限校验,隔离附件并要求补充,上传/下载,规则版本、命中结果、输入摘要、处理结果
P054,派车,员工端,R07,敏感字段,P2/P3字段按最小必要显示；导出需审批、水印、短链和二次认证,拒绝或脱敏,查看/导出,规则版本、命中结果、输入摘要、处理结果
P054,派车,员工端,R08,版本一致性,历史实例固定流程、规则、表单和字典版本,版本冲突时禁止提交,保存/提交,规则版本、命中结果、输入摘要、处理结果
P054,派车,员工端,R09,关闭条件,关闭前必须完成必选子任务、结算/回执、异常和归档检查,转整改/待关闭,关闭节点,规则版本、命中结果、输入摘要、处理结果
P054,派车,员工端,R10,审计证据链,关键操作保留操作者、身份、时间、前后值、原因、哈希和请求ID,关键审计失败则阻断,全流程,规则版本、命中结果、输入摘要、处理结果
P054,派车,员工端,,,,,,
P055,车辆事故,员工端,R01,唯一性与幂等,同一业务对象、节点和幂等键不得重复创建有效单据,阻断并返回已有单号,所有提交/接口,规则版本、命中结果、输入摘要、处理结果
P055,车辆事故,员工端,R02,身份与任职有效性,经办人须通过统一认证，当前任职身份在办理时点有效,阻断；重新选择身份或转授权,所有人工节点,规则版本、命中结果、输入摘要、处理结果
P055,车辆事故,员工端,R03,组织数据范围,仅能查看和处理授权中心、部门、岗位或本人数据,拒绝访问并审计,查询/处理/导出,规则版本、命中结果、输入摘要、处理结果
P055,车辆事故,员工端,R04,必填与格式,必填、类型、长度、时间区间、金额精度须通过服务端校验,退回当前表单,提交前,规则版本、命中结果、输入摘要、处理结果
P055,车辆事故,员工端,R05,状态迁移,仅允许按已发布状态机迁移；重复回调返回原结果,阻断非法迁移,节点提交/回调,规则版本、命中结果、输入摘要、处理结果
P055,车辆事故,员工端,R06,附件安全,附件完成病毒、格式、大小、敏感内容和权限校验,隔离附件并要求补充,上传/下载,规则版本、命中结果、输入摘要、处理结果
P055,车辆事故,员工端,R07,敏感字段,P2/P3字段按最小必要显示；导出需审批、水印、短链和二次认证,拒绝或脱敏,查看/导出,规则版本、命中结果、输入摘要、处理结果
P055,车辆事故,员工端,R08,版本一致性,历史实例固定流程、规则、表单和字典版本,版本冲突时禁止提交,保存/提交,规则版本、命中结果、输入摘要、处理结果
P055,车辆事故,员工端,R09,关闭条件,关闭前必须完成必选子任务、结算/回执、异常和归档检查,转整改/待关闭,关闭节点,规则版本、命中结果、输入摘要、处理结果
P055,车辆事故,员工端,R10,审计证据链,关键操作保留操作者、身份、时间、前后值、原因、哈希和请求ID,关键审计失败则阻断,全流程,规则版本、命中结果、输入摘要、处理结果
P055,车辆事故,员工端,R11,先行止险,人员安全优先；重大事件允许先处置后补单，但不得删除证据,立即升级并锁证,事件触发,规则版本、命中结果、输入摘要、处理结果
P055,车辆事故,员工端,R12,唯一案件,同一事件保留一个主案件，相关工单、投诉、维修、赔付为子单,合并或关联已有案件,立案,规则版本、命中结果、输入摘要、处理结果
P055,车辆事故,员工端,,,,,,
P056,宿舍入住退宿,员工端,R01,唯一性与幂等,同一业务对象、节点和幂等键不得重复创建有效单据,阻断并返回已有单号,所有提交/接口,规则版本、命中结果、输入摘要、处理结果
P056,宿舍入住退宿,员工端,R02,身份与任职有效性,经办人须通过统一认证，当前任职身份在办理时点有效,阻断；重新选择身份或转授权,所有人工节点,规则版本、命中结果、输入摘要、处理结果
P056,宿舍入住退宿,员工端,R03,组织数据范围,仅能查看和处理授权中心、部门、岗位或本人数据,拒绝访问并审计,查询/处理/导出,规则版本、命中结果、输入摘要、处理结果
P056,宿舍入住退宿,员工端,R04,必填与格式,必填、类型、长度、时间区间、金额精度须通过服务端校验,退回当前表单,提交前,规则版本、命中结果、输入摘要、处理结果
P056,宿舍入住退宿,员工端,R05,状态迁移,仅允许按已发布状态机迁移；重复回调返回原结果,阻断非法迁移,节点提交/回调,规则版本、命中结果、输入摘要、处理结果
P056,宿舍入住退宿,员工端,R06,附件安全,附件完成病毒、格式、大小、敏感内容和权限校验,隔离附件并要求补充,上传/下载,规则版本、命中结果、输入摘要、处理结果
P056,宿舍入住退宿,员工端,R07,敏感字段,P2/P3字段按最小必要显示；导出需审批、水印、短链和二次认证,拒绝或脱敏,查看/导出,规则版本、命中结果、输入摘要、处理结果
P056,宿舍入住退宿,员工端,R08,版本一致性,历史实例固定流程、规则、表单和字典版本,版本冲突时禁止提交,保存/提交,规则版本、命中结果、输入摘要、处理结果
P056,宿舍入住退宿,员工端,R09,关闭条件,关闭前必须完成必选子任务、结算/回执、异常和归档检查,转整改/待关闭,关闭节点,规则版本、命中结果、输入摘要、处理结果
P056,宿舍入住退宿,员工端,R10,审计证据链,关键操作保留操作者、身份、时间、前后值、原因、哈希和请求ID,关键审计失败则阻断,全流程,规则版本、命中结果、输入摘要、处理结果
P056,宿舍入住退宿,员工端,,,,,,
P057,报修,员工端,R01,唯一性与幂等,同一业务对象、节点和幂等键不得重复创建有效单据,阻断并返回已有单号,所有提交/接口,规则版本、命中结果、输入摘要、处理结果
P057,报修,员工端,R02,身份与任职有效性,经办人须通过统一认证，当前任职身份在办理时点有效,阻断；重新选择身份或转授权,所有人工节点,规则版本、命中结果、输入摘要、处理结果
P057,报修,员工端,R03,组织数据范围,仅能查看和处理授权中心、部门、岗位或本人数据,拒绝访问并审计,查询/处理/导出,规则版本、命中结果、输入摘要、处理结果
P057,报修,员工端,R04,必填与格式,必填、类型、长度、时间区间、金额精度须通过服务端校验,退回当前表单,提交前,规则版本、命中结果、输入摘要、处理结果
P057,报修,员工端,R05,状态迁移,仅允许按已发布状态机迁移；重复回调返回原结果,阻断非法迁移,节点提交/回调,规则版本、命中结果、输入摘要、处理结果
P057,报修,员工端,R06,附件安全,附件完成病毒、格式、大小、敏感内容和权限校验,隔离附件并要求补充,上传/下载,规则版本、命中结果、输入摘要、处理结果
P057,报修,员工端,R07,敏感字段,P2/P3字段按最小必要显示；导出需审批、水印、短链和二次认证,拒绝或脱敏,查看/导出,规则版本、命中结果、输入摘要、处理结果
P057,报修,员工端,R08,版本一致性,历史实例固定流程、规则、表单和字典版本,版本冲突时禁止提交,保存/提交,规则版本、命中结果、输入摘要、处理结果
P057,报修,员工端,R09,关闭条件,关闭前必须完成必选子任务、结算/回执、异常和归档检查,转整改/待关闭,关闭节点,规则版本、命中结果、输入摘要、处理结果
P057,报修,员工端,R10,审计证据链,关键操作保留操作者、身份、时间、前后值、原因、哈希和请求ID,关键审计失败则阻断,全流程,规则版本、命中结果、输入摘要、处理结果
P057,报修,员工端,R11,先行止险,人员安全优先；重大事件允许先处置后补单，但不得删除证据,立即升级并锁证,事件触发,规则版本、命中结果、输入摘要、处理结果
P057,报修,员工端,R12,唯一案件,同一事件保留一个主案件，相关工单、投诉、维修、赔付为子单,合并或关联已有案件,立案,规则版本、命中结果、输入摘要、处理结果
P057,报修,员工端,,,,,,
P058,团餐交付,员工端,R01,唯一性与幂等,同一业务对象、节点和幂等键不得重复创建有效单据,阻断并返回已有单号,所有提交/接口,规则版本、命中结果、输入摘要、处理结果
P058,团餐交付,员工端,R02,身份与任职有效性,经办人须通过统一认证，当前任职身份在办理时点有效,阻断；重新选择身份或转授权,所有人工节点,规则版本、命中结果、输入摘要、处理结果
P058,团餐交付,员工端,R03,组织数据范围,仅能查看和处理授权中心、部门、岗位或本人数据,拒绝访问并审计,查询/处理/导出,规则版本、命中结果、输入摘要、处理结果
P058,团餐交付,员工端,R04,必填与格式,必填、类型、长度、时间区间、金额精度须通过服务端校验,退回当前表单,提交前,规则版本、命中结果、输入摘要、处理结果
P058,团餐交付,员工端,R05,状态迁移,仅允许按已发布状态机迁移；重复回调返回原结果,阻断非法迁移,节点提交/回调,规则版本、命中结果、输入摘要、处理结果
P058,团餐交付,员工端,R06,附件安全,附件完成病毒、格式、大小、敏感内容和权限校验,隔离附件并要求补充,上传/下载,规则版本、命中结果、输入摘要、处理结果
P058,团餐交付,员工端,R07,敏感字段,P2/P3字段按最小必要显示；导出需审批、水印、短链和二次认证,拒绝或脱敏,查看/导出,规则版本、命中结果、输入摘要、处理结果
P058,团餐交付,员工端,R08,版本一致性,历史实例固定流程、规则、表单和字典版本,版本冲突时禁止提交,保存/提交,规则版本、命中结果、输入摘要、处理结果
P058,团餐交付,员工端,R09,关闭条件,关闭前必须完成必选子任务、结算/回执、异常和归档检查,转整改/待关闭,关闭节点,规则版本、命中结果、输入摘要、处理结果
P058,团餐交付,员工端,R10,审计证据链,关键操作保留操作者、身份、时间、前后值、原因、哈希和请求ID,关键审计失败则阻断,全流程,规则版本、命中结果、输入摘要、处理结果
P058,团餐交付,员工端,R11,金额与预算,金额非负，核定金额不超申请与可用预算，币种税率匹配规则,阻断并提示差异,金额保存/付款前,规则版本、命中结果、输入摘要、处理结果
P058,团餐交付,员工端,R12,票据防重,发票代码、号码、日期、金额和影像哈希联合防重,阻断重复报销/付款,票据提交,规则版本、命中结果、输入摘要、处理结果
P058,团餐交付,员工端,,,,,,
P059,食材验收,员工端,R01,唯一性与幂等,同一业务对象、节点和幂等键不得重复创建有效单据,阻断并返回已有单号,所有提交/接口,规则版本、命中结果、输入摘要、处理结果
P059,食材验收,员工端,R02,身份与任职有效性,经办人须通过统一认证，当前任职身份在办理时点有效,阻断；重新选择身份或转授权,所有人工节点,规则版本、命中结果、输入摘要、处理结果
P059,食材验收,员工端,R03,组织数据范围,仅能查看和处理授权中心、部门、岗位或本人数据,拒绝访问并审计,查询/处理/导出,规则版本、命中结果、输入摘要、处理结果
P059,食材验收,员工端,R04,必填与格式,必填、类型、长度、时间区间、金额精度须通过服务端校验,退回当前表单,提交前,规则版本、命中结果、输入摘要、处理结果
P059,食材验收,员工端,R05,状态迁移,仅允许按已发布状态机迁移；重复回调返回原结果,阻断非法迁移,节点提交/回调,规则版本、命中结果、输入摘要、处理结果
P059,食材验收,员工端,R06,附件安全,附件完成病毒、格式、大小、敏感内容和权限校验,隔离附件并要求补充,上传/下载,规则版本、命中结果、输入摘要、处理结果
P059,食材验收,员工端,R07,敏感字段,P2/P3字段按最小必要显示；导出需审批、水印、短链和二次认证,拒绝或脱敏,查看/导出,规则版本、命中结果、输入摘要、处理结果
P059,食材验收,员工端,R08,版本一致性,历史实例固定流程、规则、表单和字典版本,版本冲突时禁止提交,保存/提交,规则版本、命中结果、输入摘要、处理结果
P059,食材验收,员工端,R09,关闭条件,关闭前必须完成必选子任务、结算/回执、异常和归档检查,转整改/待关闭,关闭节点,规则版本、命中结果、输入摘要、处理结果
P059,食材验收,员工端,R10,审计证据链,关键操作保留操作者、身份、时间、前后值、原因、哈希和请求ID,关键审计失败则阻断,全流程,规则版本、命中结果、输入摘要、处理结果
P059,食材验收,员工端,R11,库存非负与锁定,可用量=账面量-锁定量，出库不得导致负库存,阻断并提示缺口,锁定/出库,规则版本、命中结果、输入摘要、处理结果
P059,食材验收,员工端,R12,批次序列追溯,需追溯物品必须一物一码/一批一码，状态变更保留流水,阻断无编码操作,入库/出库/报损,规则版本、命中结果、输入摘要、处理结果
P059,食材验收,员工端,,,,,,
P060,食品安全事件,员工端,R01,唯一性与幂等,同一业务对象、节点和幂等键不得重复创建有效单据,阻断并返回已有单号,所有提交/接口,规则版本、命中结果、输入摘要、处理结果
P060,食品安全事件,员工端,R02,身份与任职有效性,经办人须通过统一认证，当前任职身份在办理时点有效,阻断；重新选择身份或转授权,所有人工节点,规则版本、命中结果、输入摘要、处理结果
P060,食品安全事件,员工端,R03,组织数据范围,仅能查看和处理授权中心、部门、岗位或本人数据,拒绝访问并审计,查询/处理/导出,规则版本、命中结果、输入摘要、处理结果
P060,食品安全事件,员工端,R04,必填与格式,必填、类型、长度、时间区间、金额精度须通过服务端校验,退回当前表单,提交前,规则版本、命中结果、输入摘要、处理结果
P060,食品安全事件,员工端,R05,状态迁移,仅允许按已发布状态机迁移；重复回调返回原结果,阻断非法迁移,节点提交/回调,规则版本、命中结果、输入摘要、处理结果
P060,食品安全事件,员工端,R06,附件安全,附件完成病毒、格式、大小、敏感内容和权限校验,隔离附件并要求补充,上传/下载,规则版本、命中结果、输入摘要、处理结果
P060,食品安全事件,员工端,R07,敏感字段,P2/P3字段按最小必要显示；导出需审批、水印、短链和二次认证,拒绝或脱敏,查看/导出,规则版本、命中结果、输入摘要、处理结果
P060,食品安全事件,员工端,R08,版本一致性,历史实例固定流程、规则、表单和字典版本,版本冲突时禁止提交,保存/提交,规则版本、命中结果、输入摘要、处理结果
P060,食品安全事件,员工端,R09,关闭条件,关闭前必须完成必选子任务、结算/回执、异常和归档检查,转整改/待关闭,关闭节点,规则版本、命中结果、输入摘要、处理结果
P060,食品安全事件,员工端,R10,审计证据链,关键操作保留操作者、身份、时间、前后值、原因、哈希和请求ID,关键审计失败则阻断,全流程,规则版本、命中结果、输入摘要、处理结果
P060,食品安全事件,员工端,R11,先行止险,人员安全优先；重大事件允许先处置后补单，但不得删除证据,立即升级并锁证,事件触发,规则版本、命中结果、输入摘要、处理结果
P060,食品安全事件,员工端,R12,唯一案件,同一事件保留一个主案件，相关工单、投诉、维修、赔付为子单,合并或关联已有案件,立案,规则版本、命中结果、输入摘要、处理结果
P060,食品安全事件,员工端,,,,,,
P061,餐卡结算,员工端,R01,唯一性与幂等,同一业务对象、节点和幂等键不得重复创建有效单据,阻断并返回已有单号,所有提交/接口,规则版本、命中结果、输入摘要、处理结果
P061,餐卡结算,员工端,R02,身份与任职有效性,经办人须通过统一认证，当前任职身份在办理时点有效,阻断；重新选择身份或转授权,所有人工节点,规则版本、命中结果、输入摘要、处理结果
P061,餐卡结算,员工端,R03,组织数据范围,仅能查看和处理授权中心、部门、岗位或本人数据,拒绝访问并审计,查询/处理/导出,规则版本、命中结果、输入摘要、处理结果
P061,餐卡结算,员工端,R04,必填与格式,必填、类型、长度、时间区间、金额精度须通过服务端校验,退回当前表单,提交前,规则版本、命中结果、输入摘要、处理结果
P061,餐卡结算,员工端,R05,状态迁移,仅允许按已发布状态机迁移；重复回调返回原结果,阻断非法迁移,节点提交/回调,规则版本、命中结果、输入摘要、处理结果
P061,餐卡结算,员工端,R06,附件安全,附件完成病毒、格式、大小、敏感内容和权限校验,隔离附件并要求补充,上传/下载,规则版本、命中结果、输入摘要、处理结果
P061,餐卡结算,员工端,R07,敏感字段,P2/P3字段按最小必要显示；导出需审批、水印、短链和二次认证,拒绝或脱敏,查看/导出,规则版本、命中结果、输入摘要、处理结果
P061,餐卡结算,员工端,R08,版本一致性,历史实例固定流程、规则、表单和字典版本,版本冲突时禁止提交,保存/提交,规则版本、命中结果、输入摘要、处理结果
P061,餐卡结算,员工端,R09,关闭条件,关闭前必须完成必选子任务、结算/回执、异常和归档检查,转整改/待关闭,关闭节点,规则版本、命中结果、输入摘要、处理结果
P061,餐卡结算,员工端,R10,审计证据链,关键操作保留操作者、身份、时间、前后值、原因、哈希和请求ID,关键审计失败则阻断,全流程,规则版本、命中结果、输入摘要、处理结果
P061,餐卡结算,员工端,R11,金额与预算,金额非负，核定金额不超申请与可用预算，币种税率匹配规则,阻断并提示差异,金额保存/付款前,规则版本、命中结果、输入摘要、处理结果
P061,餐卡结算,员工端,R12,票据防重,发票代码、号码、日期、金额和影像哈希联合防重,阻断重复报销/付款,票据提交,规则版本、命中结果、输入摘要、处理结果
P061,餐卡结算,员工端,,,,,,
P062,日常巡逻,员工端,R01,唯一性与幂等,同一业务对象、节点和幂等键不得重复创建有效单据,阻断并返回已有单号,所有提交/接口,规则版本、命中结果、输入摘要、处理结果
P062,日常巡逻,员工端,R02,身份与任职有效性,经办人须通过统一认证，当前任职身份在办理时点有效,阻断；重新选择身份或转授权,所有人工节点,规则版本、命中结果、输入摘要、处理结果
P062,日常巡逻,员工端,R03,组织数据范围,仅能查看和处理授权中心、部门、岗位或本人数据,拒绝访问并审计,查询/处理/导出,规则版本、命中结果、输入摘要、处理结果
P062,日常巡逻,员工端,R04,必填与格式,必填、类型、长度、时间区间、金额精度须通过服务端校验,退回当前表单,提交前,规则版本、命中结果、输入摘要、处理结果
P062,日常巡逻,员工端,R05,状态迁移,仅允许按已发布状态机迁移；重复回调返回原结果,阻断非法迁移,节点提交/回调,规则版本、命中结果、输入摘要、处理结果
P062,日常巡逻,员工端,R06,附件安全,附件完成病毒、格式、大小、敏感内容和权限校验,隔离附件并要求补充,上传/下载,规则版本、命中结果、输入摘要、处理结果
P062,日常巡逻,员工端,R07,敏感字段,P2/P3字段按最小必要显示；导出需审批、水印、短链和二次认证,拒绝或脱敏,查看/导出,规则版本、命中结果、输入摘要、处理结果
P062,日常巡逻,员工端,R08,版本一致性,历史实例固定流程、规则、表单和字典版本,版本冲突时禁止提交,保存/提交,规则版本、命中结果、输入摘要、处理结果
P062,日常巡逻,员工端,R09,关闭条件,关闭前必须完成必选子任务、结算/回执、异常和归档检查,转整改/待关闭,关闭节点,规则版本、命中结果、输入摘要、处理结果
P062,日常巡逻,员工端,R10,审计证据链,关键操作保留操作者、身份、时间、前后值、原因、哈希和请求ID,关键审计失败则阻断,全流程,规则版本、命中结果、输入摘要、处理结果
P062,日常巡逻,员工端,,,,,,
P063,客流预警,员工端,R01,唯一性与幂等,同一业务对象、节点和幂等键不得重复创建有效单据,阻断并返回已有单号,所有提交/接口,规则版本、命中结果、输入摘要、处理结果
P063,客流预警,员工端,R02,身份与任职有效性,经办人须通过统一认证，当前任职身份在办理时点有效,阻断；重新选择身份或转授权,所有人工节点,规则版本、命中结果、输入摘要、处理结果
P063,客流预警,员工端,R03,组织数据范围,仅能查看和处理授权中心、部门、岗位或本人数据,拒绝访问并审计,查询/处理/导出,规则版本、命中结果、输入摘要、处理结果
P063,客流预警,员工端,R04,必填与格式,必填、类型、长度、时间区间、金额精度须通过服务端校验,退回当前表单,提交前,规则版本、命中结果、输入摘要、处理结果
P063,客流预警,员工端,R05,状态迁移,仅允许按已发布状态机迁移；重复回调返回原结果,阻断非法迁移,节点提交/回调,规则版本、命中结果、输入摘要、处理结果
P063,客流预警,员工端,R06,附件安全,附件完成病毒、格式、大小、敏感内容和权限校验,隔离附件并要求补充,上传/下载,规则版本、命中结果、输入摘要、处理结果
P063,客流预警,员工端,R07,敏感字段,P2/P3字段按最小必要显示；导出需审批、水印、短链和二次认证,拒绝或脱敏,查看/导出,规则版本、命中结果、输入摘要、处理结果
P063,客流预警,员工端,R08,版本一致性,历史实例固定流程、规则、表单和字典版本,版本冲突时禁止提交,保存/提交,规则版本、命中结果、输入摘要、处理结果
P063,客流预警,员工端,R09,关闭条件,关闭前必须完成必选子任务、结算/回执、异常和归档检查,转整改/待关闭,关闭节点,规则版本、命中结果、输入摘要、处理结果
P063,客流预警,员工端,R10,审计证据链,关键操作保留操作者、身份、时间、前后值、原因、哈希和请求ID,关键审计失败则阻断,全流程,规则版本、命中结果、输入摘要、处理结果
P063,客流预警,员工端,,,,,,
P064,安全事件,员工端,R01,唯一性与幂等,同一业务对象、节点和幂等键不得重复创建有效单据,阻断并返回已有单号,所有提交/接口,规则版本、命中结果、输入摘要、处理结果
P064,安全事件,员工端,R02,身份与任职有效性,经办人须通过统一认证，当前任职身份在办理时点有效,阻断；重新选择身份或转授权,所有人工节点,规则版本、命中结果、输入摘要、处理结果
P064,安全事件,员工端,R03,组织数据范围,仅能查看和处理授权中心、部门、岗位或本人数据,拒绝访问并审计,查询/处理/导出,规则版本、命中结果、输入摘要、处理结果
P064,安全事件,员工端,R04,必填与格式,必填、类型、长度、时间区间、金额精度须通过服务端校验,退回当前表单,提交前,规则版本、命中结果、输入摘要、处理结果
P064,安全事件,员工端,R05,状态迁移,仅允许按已发布状态机迁移；重复回调返回原结果,阻断非法迁移,节点提交/回调,规则版本、命中结果、输入摘要、处理结果
P064,安全事件,员工端,R06,附件安全,附件完成病毒、格式、大小、敏感内容和权限校验,隔离附件并要求补充,上传/下载,规则版本、命中结果、输入摘要、处理结果
P064,安全事件,员工端,R07,敏感字段,P2/P3字段按最小必要显示；导出需审批、水印、短链和二次认证,拒绝或脱敏,查看/导出,规则版本、命中结果、输入摘要、处理结果
P064,安全事件,员工端,R08,版本一致性,历史实例固定流程、规则、表单和字典版本,版本冲突时禁止提交,保存/提交,规则版本、命中结果、输入摘要、处理结果
P064,安全事件,员工端,R09,关闭条件,关闭前必须完成必选子任务、结算/回执、异常和归档检查,转整改/待关闭,关闭节点,规则版本、命中结果、输入摘要、处理结果
P064,安全事件,员工端,R10,审计证据链,关键操作保留操作者、身份、时间、前后值、原因、哈希和请求ID,关键审计失败则阻断,全流程,规则版本、命中结果、输入摘要、处理结果
P064,安全事件,员工端,R11,先行止险,人员安全优先；重大事件允许先处置后补单，但不得删除证据,立即升级并锁证,事件触发,规则版本、命中结果、输入摘要、处理结果
P064,安全事件,员工端,R12,唯一案件,同一事件保留一个主案件，相关工单、投诉、维修、赔付为子单,合并或关联已有案件,立案,规则版本、命中结果、输入摘要、处理结果
P064,安全事件,员工端,,,,,,
P065,活动安保,员工端,R01,唯一性与幂等,同一业务对象、节点和幂等键不得重复创建有效单据,阻断并返回已有单号,所有提交/接口,规则版本、命中结果、输入摘要、处理结果
P065,活动安保,员工端,R02,身份与任职有效性,经办人须通过统一认证，当前任职身份在办理时点有效,阻断；重新选择身份或转授权,所有人工节点,规则版本、命中结果、输入摘要、处理结果
P065,活动安保,员工端,R03,组织数据范围,仅能查看和处理授权中心、部门、岗位或本人数据,拒绝访问并审计,查询/处理/导出,规则版本、命中结果、输入摘要、处理结果
P065,活动安保,员工端,R04,必填与格式,必填、类型、长度、时间区间、金额精度须通过服务端校验,退回当前表单,提交前,规则版本、命中结果、输入摘要、处理结果
P065,活动安保,员工端,R05,状态迁移,仅允许按已发布状态机迁移；重复回调返回原结果,阻断非法迁移,节点提交/回调,规则版本、命中结果、输入摘要、处理结果
P065,活动安保,员工端,R06,附件安全,附件完成病毒、格式、大小、敏感内容和权限校验,隔离附件并要求补充,上传/下载,规则版本、命中结果、输入摘要、处理结果
P065,活动安保,员工端,R07,敏感字段,P2/P3字段按最小必要显示；导出需审批、水印、短链和二次认证,拒绝或脱敏,查看/导出,规则版本、命中结果、输入摘要、处理结果
P065,活动安保,员工端,R08,版本一致性,历史实例固定流程、规则、表单和字典版本,版本冲突时禁止提交,保存/提交,规则版本、命中结果、输入摘要、处理结果
P065,活动安保,员工端,R09,关闭条件,关闭前必须完成必选子任务、结算/回执、异常和归档检查,转整改/待关闭,关闭节点,规则版本、命中结果、输入摘要、处理结果
P065,活动安保,员工端,R10,审计证据链,关键操作保留操作者、身份、时间、前后值、原因、哈希和请求ID,关键审计失败则阻断,全流程,规则版本、命中结果、输入摘要、处理结果
P065,活动安保,员工端,R11,先行止险,人员安全优先；重大事件允许先处置后补单，但不得删除证据,立即升级并锁证,事件触发,规则版本、命中结果、输入摘要、处理结果
P065,活动安保,员工端,R12,唯一案件,同一事件保留一个主案件，相关工单、投诉、维修、赔付为子单,合并或关联已有案件,立案,规则版本、命中结果、输入摘要、处理结果
P065,活动安保,员工端,,,,,,
P066,日常清洁,员工端,R01,唯一性与幂等,同一业务对象、节点和幂等键不得重复创建有效单据,阻断并返回已有单号,所有提交/接口,规则版本、命中结果、输入摘要、处理结果
P066,日常清洁,员工端,R02,身份与任职有效性,经办人须通过统一认证，当前任职身份在办理时点有效,阻断；重新选择身份或转授权,所有人工节点,规则版本、命中结果、输入摘要、处理结果
P066,日常清洁,员工端,R03,组织数据范围,仅能查看和处理授权中心、部门、岗位或本人数据,拒绝访问并审计,查询/处理/导出,规则版本、命中结果、输入摘要、处理结果
P066,日常清洁,员工端,R04,必填与格式,必填、类型、长度、时间区间、金额精度须通过服务端校验,退回当前表单,提交前,规则版本、命中结果、输入摘要、处理结果
P066,日常清洁,员工端,R05,状态迁移,仅允许按已发布状态机迁移；重复回调返回原结果,阻断非法迁移,节点提交/回调,规则版本、命中结果、输入摘要、处理结果
P066,日常清洁,员工端,R06,附件安全,附件完成病毒、格式、大小、敏感内容和权限校验,隔离附件并要求补充,上传/下载,规则版本、命中结果、输入摘要、处理结果
P066,日常清洁,员工端,R07,敏感字段,P2/P3字段按最小必要显示；导出需审批、水印、短链和二次认证,拒绝或脱敏,查看/导出,规则版本、命中结果、输入摘要、处理结果
P066,日常清洁,员工端,R08,版本一致性,历史实例固定流程、规则、表单和字典版本,版本冲突时禁止提交,保存/提交,规则版本、命中结果、输入摘要、处理结果
P066,日常清洁,员工端,R09,关闭条件,关闭前必须完成必选子任务、结算/回执、异常和归档检查,转整改/待关闭,关闭节点,规则版本、命中结果、输入摘要、处理结果
P066,日常清洁,员工端,R10,审计证据链,关键操作保留操作者、身份、时间、前后值、原因、哈希和请求ID,关键审计失败则阻断,全流程,规则版本、命中结果、输入摘要、处理结果
P066,日常清洁,员工端,,,,,,
P067,污染应急,员工端,R01,唯一性与幂等,同一业务对象、节点和幂等键不得重复创建有效单据,阻断并返回已有单号,所有提交/接口,规则版本、命中结果、输入摘要、处理结果
P067,污染应急,员工端,R02,身份与任职有效性,经办人须通过统一认证，当前任职身份在办理时点有效,阻断；重新选择身份或转授权,所有人工节点,规则版本、命中结果、输入摘要、处理结果
P067,污染应急,员工端,R03,组织数据范围,仅能查看和处理授权中心、部门、岗位或本人数据,拒绝访问并审计,查询/处理/导出,规则版本、命中结果、输入摘要、处理结果
P067,污染应急,员工端,R04,必填与格式,必填、类型、长度、时间区间、金额精度须通过服务端校验,退回当前表单,提交前,规则版本、命中结果、输入摘要、处理结果
P067,污染应急,员工端,R05,状态迁移,仅允许按已发布状态机迁移；重复回调返回原结果,阻断非法迁移,节点提交/回调,规则版本、命中结果、输入摘要、处理结果
P067,污染应急,员工端,R06,附件安全,附件完成病毒、格式、大小、敏感内容和权限校验,隔离附件并要求补充,上传/下载,规则版本、命中结果、输入摘要、处理结果
P067,污染应急,员工端,R07,敏感字段,P2/P3字段按最小必要显示；导出需审批、水印、短链和二次认证,拒绝或脱敏,查看/导出,规则版本、命中结果、输入摘要、处理结果
P067,污染应急,员工端,R08,版本一致性,历史实例固定流程、规则、表单和字典版本,版本冲突时禁止提交,保存/提交,规则版本、命中结果、输入摘要、处理结果
P067,污染应急,员工端,R09,关闭条件,关闭前必须完成必选子任务、结算/回执、异常和归档检查,转整改/待关闭,关闭节点,规则版本、命中结果、输入摘要、处理结果
P067,污染应急,员工端,R10,审计证据链,关键操作保留操作者、身份、时间、前后值、原因、哈希和请求ID,关键审计失败则阻断,全流程,规则版本、命中结果、输入摘要、处理结果
P067,污染应急,员工端,,,,,,
P068,活动保障,员工端,R01,唯一性与幂等,同一业务对象、节点和幂等键不得重复创建有效单据,阻断并返回已有单号,所有提交/接口,规则版本、命中结果、输入摘要、处理结果
P068,活动保障,员工端,R02,身份与任职有效性,经办人须通过统一认证，当前任职身份在办理时点有效,阻断；重新选择身份或转授权,所有人工节点,规则版本、命中结果、输入摘要、处理结果
P068,活动保障,员工端,R03,组织数据范围,仅能查看和处理授权中心、部门、岗位或本人数据,拒绝访问并审计,查询/处理/导出,规则版本、命中结果、输入摘要、处理结果
P068,活动保障,员工端,R04,必填与格式,必填、类型、长度、时间区间、金额精度须通过服务端校验,退回当前表单,提交前,规则版本、命中结果、输入摘要、处理结果
P068,活动保障,员工端,R05,状态迁移,仅允许按已发布状态机迁移；重复回调返回原结果,阻断非法迁移,节点提交/回调,规则版本、命中结果、输入摘要、处理结果
P068,活动保障,员工端,R06,附件安全,附件完成病毒、格式、大小、敏感内容和权限校验,隔离附件并要求补充,上传/下载,规则版本、命中结果、输入摘要、处理结果
P068,活动保障,员工端,R07,敏感字段,P2/P3字段按最小必要显示；导出需审批、水印、短链和二次认证,拒绝或脱敏,查看/导出,规则版本、命中结果、输入摘要、处理结果
P068,活动保障,员工端,R08,版本一致性,历史实例固定流程、规则、表单和字典版本,版本冲突时禁止提交,保存/提交,规则版本、命中结果、输入摘要、处理结果
P068,活动保障,员工端,R09,关闭条件,关闭前必须完成必选子任务、结算/回执、异常和归档检查,转整改/待关闭,关闭节点,规则版本、命中结果、输入摘要、处理结果
P068,活动保障,员工端,R10,审计证据链,关键操作保留操作者、身份、时间、前后值、原因、哈希和请求ID,关键审计失败则阻断,全流程,规则版本、命中结果、输入摘要、处理结果
P068,活动保障,员工端,,,,,,
P069,商户准入,员工端,R01,唯一性与幂等,同一业务对象、节点和幂等键不得重复创建有效单据,阻断并返回已有单号,所有提交/接口,规则版本、命中结果、输入摘要、处理结果
P069,商户准入,员工端,R02,身份与任职有效性,经办人须通过统一认证，当前任职身份在办理时点有效,阻断；重新选择身份或转授权,所有人工节点,规则版本、命中结果、输入摘要、处理结果
P069,商户准入,员工端,R03,组织数据范围,仅能查看和处理授权中心、部门、岗位或本人数据,拒绝访问并审计,查询/处理/导出,规则版本、命中结果、输入摘要、处理结果
P069,商户准入,员工端,R04,必填与格式,必填、类型、长度、时间区间、金额精度须通过服务端校验,退回当前表单,提交前,规则版本、命中结果、输入摘要、处理结果
P069,商户准入,员工端,R05,状态迁移,仅允许按已发布状态机迁移；重复回调返回原结果,阻断非法迁移,节点提交/回调,规则版本、命中结果、输入摘要、处理结果
P069,商户准入,员工端,R06,附件安全,附件完成病毒、格式、大小、敏感内容和权限校验,隔离附件并要求补充,上传/下载,规则版本、命中结果、输入摘要、处理结果
P069,商户准入,员工端,R07,敏感字段,P2/P3字段按最小必要显示；导出需审批、水印、短链和二次认证,拒绝或脱敏,查看/导出,规则版本、命中结果、输入摘要、处理结果
P069,商户准入,员工端,R08,版本一致性,历史实例固定流程、规则、表单和字典版本,版本冲突时禁止提交,保存/提交,规则版本、命中结果、输入摘要、处理结果
P069,商户准入,员工端,R09,关闭条件,关闭前必须完成必选子任务、结算/回执、异常和归档检查,转整改/待关闭,关闭节点,规则版本、命中结果、输入摘要、处理结果
P069,商户准入,员工端,R10,审计证据链,关键操作保留操作者、身份、时间、前后值、原因、哈希和请求ID,关键审计失败则阻断,全流程,规则版本、命中结果、输入摘要、处理结果
P069,商户准入,员工端,R11,文档不可变,签署发起后哈希、主体、顺序和关键数据不可修改,作废并新建批次,签署发起后,规则版本、命中结果、输入摘要、处理结果
P069,商户准入,员工端,R12,证据归档,文件、证书、时间戳、回调报文和验签结果成套归档,不得更新为已签署,签署完成,规则版本、命中结果、输入摘要、处理结果
P069,商户准入,员工端,,,,,,
P070,日常巡检,员工端,R01,唯一性与幂等,同一业务对象、节点和幂等键不得重复创建有效单据,阻断并返回已有单号,所有提交/接口,规则版本、命中结果、输入摘要、处理结果
P070,日常巡检,员工端,R02,身份与任职有效性,经办人须通过统一认证，当前任职身份在办理时点有效,阻断；重新选择身份或转授权,所有人工节点,规则版本、命中结果、输入摘要、处理结果
P070,日常巡检,员工端,R03,组织数据范围,仅能查看和处理授权中心、部门、岗位或本人数据,拒绝访问并审计,查询/处理/导出,规则版本、命中结果、输入摘要、处理结果
P070,日常巡检,员工端,R04,必填与格式,必填、类型、长度、时间区间、金额精度须通过服务端校验,退回当前表单,提交前,规则版本、命中结果、输入摘要、处理结果
P070,日常巡检,员工端,R05,状态迁移,仅允许按已发布状态机迁移；重复回调返回原结果,阻断非法迁移,节点提交/回调,规则版本、命中结果、输入摘要、处理结果
P070,日常巡检,员工端,R06,附件安全,附件完成病毒、格式、大小、敏感内容和权限校验,隔离附件并要求补充,上传/下载,规则版本、命中结果、输入摘要、处理结果
P070,日常巡检,员工端,R07,敏感字段,P2/P3字段按最小必要显示；导出需审批、水印、短链和二次认证,拒绝或脱敏,查看/导出,规则版本、命中结果、输入摘要、处理结果
P070,日常巡检,员工端,R08,版本一致性,历史实例固定流程、规则、表单和字典版本,版本冲突时禁止提交,保存/提交,规则版本、命中结果、输入摘要、处理结果
P070,日常巡检,员工端,R09,关闭条件,关闭前必须完成必选子任务、结算/回执、异常和归档检查,转整改/待关闭,关闭节点,规则版本、命中结果、输入摘要、处理结果
P070,日常巡检,员工端,R10,审计证据链,关键操作保留操作者、身份、时间、前后值、原因、哈希和请求ID,关键审计失败则阻断,全流程,规则版本、命中结果、输入摘要、处理结果
P070,日常巡检,员工端,,,,,,
P071,退场,员工端,R01,唯一性与幂等,同一业务对象、节点和幂等键不得重复创建有效单据,阻断并返回已有单号,所有提交/接口,规则版本、命中结果、输入摘要、处理结果
P071,退场,员工端,R02,身份与任职有效性,经办人须通过统一认证，当前任职身份在办理时点有效,阻断；重新选择身份或转授权,所有人工节点,规则版本、命中结果、输入摘要、处理结果
P071,退场,员工端,R03,组织数据范围,仅能查看和处理授权中心、部门、岗位或本人数据,拒绝访问并审计,查询/处理/导出,规则版本、命中结果、输入摘要、处理结果
P071,退场,员工端,R04,必填与格式,必填、类型、长度、时间区间、金额精度须通过服务端校验,退回当前表单,提交前,规则版本、命中结果、输入摘要、处理结果
P071,退场,员工端,R05,状态迁移,仅允许按已发布状态机迁移；重复回调返回原结果,阻断非法迁移,节点提交/回调,规则版本、命中结果、输入摘要、处理结果
P071,退场,员工端,R06,附件安全,附件完成病毒、格式、大小、敏感内容和权限校验,隔离附件并要求补充,上传/下载,规则版本、命中结果、输入摘要、处理结果
P071,退场,员工端,R07,敏感字段,P2/P3字段按最小必要显示；导出需审批、水印、短链和二次认证,拒绝或脱敏,查看/导出,规则版本、命中结果、输入摘要、处理结果
P071,退场,员工端,R08,版本一致性,历史实例固定流程、规则、表单和字典版本,版本冲突时禁止提交,保存/提交,规则版本、命中结果、输入摘要、处理结果
P071,退场,员工端,R09,关闭条件,关闭前必须完成必选子任务、结算/回执、异常和归档检查,转整改/待关闭,关闭节点,规则版本、命中结果、输入摘要、处理结果
P071,退场,员工端,R10,审计证据链,关键操作保留操作者、身份、时间、前后值、原因、哈希和请求ID,关键审计失败则阻断,全流程,规则版本、命中结果、输入摘要、处理结果
P071,退场,员工端,R11,文档不可变,签署发起后哈希、主体、顺序和关键数据不可修改,作废并新建批次,签署发起后,规则版本、命中结果、输入摘要、处理结果
P071,退场,员工端,R12,证据归档,文件、证书、时间戳、回调报文和验签结果成套归档,不得更新为已签署,签署完成,规则版本、命中结果、输入摘要、处理结果
P071,退场,员工端,R11,库存非负与锁定,可用量=账面量-锁定量，出库不得导致负库存,阻断并提示缺口,锁定/出库,规则版本、命中结果、输入摘要、处理结果
P071,退场,员工端,R12,批次序列追溯,需追溯物品必须一物一码/一批一码，状态变更保留流水,阻断无编码操作,入库/出库/报损,规则版本、命中结果、输入摘要、处理结果
P071,退场,员工端,,,,,,
P072,节目上线,员工端,R01,唯一性与幂等,同一业务对象、节点和幂等键不得重复创建有效单据,阻断并返回已有单号,所有提交/接口,规则版本、命中结果、输入摘要、处理结果
P072,节目上线,员工端,R02,身份与任职有效性,经办人须通过统一认证，当前任职身份在办理时点有效,阻断；重新选择身份或转授权,所有人工节点,规则版本、命中结果、输入摘要、处理结果
P072,节目上线,员工端,R03,组织数据范围,仅能查看和处理授权中心、部门、岗位或本人数据,拒绝访问并审计,查询/处理/导出,规则版本、命中结果、输入摘要、处理结果
P072,节目上线,员工端,R04,必填与格式,必填、类型、长度、时间区间、金额精度须通过服务端校验,退回当前表单,提交前,规则版本、命中结果、输入摘要、处理结果
P072,节目上线,员工端,R05,状态迁移,仅允许按已发布状态机迁移；重复回调返回原结果,阻断非法迁移,节点提交/回调,规则版本、命中结果、输入摘要、处理结果
P072,节目上线,员工端,R06,附件安全,附件完成病毒、格式、大小、敏感内容和权限校验,隔离附件并要求补充,上传/下载,规则版本、命中结果、输入摘要、处理结果
P072,节目上线,员工端,R07,敏感字段,P2/P3字段按最小必要显示；导出需审批、水印、短链和二次认证,拒绝或脱敏,查看/导出,规则版本、命中结果、输入摘要、处理结果
P072,节目上线,员工端,R08,版本一致性,历史实例固定流程、规则、表单和字典版本,版本冲突时禁止提交,保存/提交,规则版本、命中结果、输入摘要、处理结果
P072,节目上线,员工端,R09,关闭条件,关闭前必须完成必选子任务、结算/回执、异常和归档检查,转整改/待关闭,关闭节点,规则版本、命中结果、输入摘要、处理结果
P072,节目上线,员工端,R10,审计证据链,关键操作保留操作者、身份、时间、前后值、原因、哈希和请求ID,关键审计失败则阻断,全流程,规则版本、命中结果、输入摘要、处理结果
P072,节目上线,员工端,,,,,,
P073,场次执行,员工端,R01,唯一性与幂等,同一业务对象、节点和幂等键不得重复创建有效单据,阻断并返回已有单号,所有提交/接口,规则版本、命中结果、输入摘要、处理结果
P073,场次执行,员工端,R02,身份与任职有效性,经办人须通过统一认证，当前任职身份在办理时点有效,阻断；重新选择身份或转授权,所有人工节点,规则版本、命中结果、输入摘要、处理结果
P073,场次执行,员工端,R03,组织数据范围,仅能查看和处理授权中心、部门、岗位或本人数据,拒绝访问并审计,查询/处理/导出,规则版本、命中结果、输入摘要、处理结果
P073,场次执行,员工端,R04,必填与格式,必填、类型、长度、时间区间、金额精度须通过服务端校验,退回当前表单,提交前,规则版本、命中结果、输入摘要、处理结果
P073,场次执行,员工端,R05,状态迁移,仅允许按已发布状态机迁移；重复回调返回原结果,阻断非法迁移,节点提交/回调,规则版本、命中结果、输入摘要、处理结果
P073,场次执行,员工端,R06,附件安全,附件完成病毒、格式、大小、敏感内容和权限校验,隔离附件并要求补充,上传/下载,规则版本、命中结果、输入摘要、处理结果
P073,场次执行,员工端,R07,敏感字段,P2/P3字段按最小必要显示；导出需审批、水印、短链和二次认证,拒绝或脱敏,查看/导出,规则版本、命中结果、输入摘要、处理结果
P073,场次执行,员工端,R08,版本一致性,历史实例固定流程、规则、表单和字典版本,版本冲突时禁止提交,保存/提交,规则版本、命中结果、输入摘要、处理结果
P073,场次执行,员工端,R09,关闭条件,关闭前必须完成必选子任务、结算/回执、异常和归档检查,转整改/待关闭,关闭节点,规则版本、命中结果、输入摘要、处理结果
P073,场次执行,员工端,R10,审计证据链,关键操作保留操作者、身份、时间、前后值、原因、哈希和请求ID,关键审计失败则阻断,全流程,规则版本、命中结果、输入摘要、处理结果
P073,场次执行,员工端,R11,时间重叠,假勤、排班、加班区间不得与已生效记录冲突,阻断或转例外审批,时间提交,规则版本、命中结果、输入摘要、处理结果
P073,场次执行,员工端,R12,额度账本,额度只通过预占、扣减、释放和差额调整流水变更,转账本调整单,审批/销假,规则版本、命中结果、输入摘要、处理结果
P073,场次执行,员工端,,,,,,
P074,临时缺员,员工端,R01,唯一性与幂等,同一业务对象、节点和幂等键不得重复创建有效单据,阻断并返回已有单号,所有提交/接口,规则版本、命中结果、输入摘要、处理结果
P074,临时缺员,员工端,R02,身份与任职有效性,经办人须通过统一认证，当前任职身份在办理时点有效,阻断；重新选择身份或转授权,所有人工节点,规则版本、命中结果、输入摘要、处理结果
P074,临时缺员,员工端,R03,组织数据范围,仅能查看和处理授权中心、部门、岗位或本人数据,拒绝访问并审计,查询/处理/导出,规则版本、命中结果、输入摘要、处理结果
P074,临时缺员,员工端,R04,必填与格式,必填、类型、长度、时间区间、金额精度须通过服务端校验,退回当前表单,提交前,规则版本、命中结果、输入摘要、处理结果
P074,临时缺员,员工端,R05,状态迁移,仅允许按已发布状态机迁移；重复回调返回原结果,阻断非法迁移,节点提交/回调,规则版本、命中结果、输入摘要、处理结果
P074,临时缺员,员工端,R06,附件安全,附件完成病毒、格式、大小、敏感内容和权限校验,隔离附件并要求补充,上传/下载,规则版本、命中结果、输入摘要、处理结果
P074,临时缺员,员工端,R07,敏感字段,P2/P3字段按最小必要显示；导出需审批、水印、短链和二次认证,拒绝或脱敏,查看/导出,规则版本、命中结果、输入摘要、处理结果
P074,临时缺员,员工端,R08,版本一致性,历史实例固定流程、规则、表单和字典版本,版本冲突时禁止提交,保存/提交,规则版本、命中结果、输入摘要、处理结果
P074,临时缺员,员工端,R09,关闭条件,关闭前必须完成必选子任务、结算/回执、异常和归档检查,转整改/待关闭,关闭节点,规则版本、命中结果、输入摘要、处理结果
P074,临时缺员,员工端,R10,审计证据链,关键操作保留操作者、身份、时间、前后值、原因、哈希和请求ID,关键审计失败则阻断,全流程,规则版本、命中结果、输入摘要、处理结果
P074,临时缺员,员工端,R11,时间重叠,假勤、排班、加班区间不得与已生效记录冲突,阻断或转例外审批,时间提交,规则版本、命中结果、输入摘要、处理结果
P074,临时缺员,员工端,R12,额度账本,额度只通过预占、扣减、释放和差额调整流水变更,转账本调整单,审批/销假,规则版本、命中结果、输入摘要、处理结果
P074,临时缺员,员工端,,,,,,
P075,停演,员工端,R01,唯一性与幂等,同一业务对象、节点和幂等键不得重复创建有效单据,阻断并返回已有单号,所有提交/接口,规则版本、命中结果、输入摘要、处理结果
P075,停演,员工端,R02,身份与任职有效性,经办人须通过统一认证，当前任职身份在办理时点有效,阻断；重新选择身份或转授权,所有人工节点,规则版本、命中结果、输入摘要、处理结果
P075,停演,员工端,R03,组织数据范围,仅能查看和处理授权中心、部门、岗位或本人数据,拒绝访问并审计,查询/处理/导出,规则版本、命中结果、输入摘要、处理结果
P075,停演,员工端,R04,必填与格式,必填、类型、长度、时间区间、金额精度须通过服务端校验,退回当前表单,提交前,规则版本、命中结果、输入摘要、处理结果
P075,停演,员工端,R05,状态迁移,仅允许按已发布状态机迁移；重复回调返回原结果,阻断非法迁移,节点提交/回调,规则版本、命中结果、输入摘要、处理结果
P075,停演,员工端,R06,附件安全,附件完成病毒、格式、大小、敏感内容和权限校验,隔离附件并要求补充,上传/下载,规则版本、命中结果、输入摘要、处理结果
P075,停演,员工端,R07,敏感字段,P2/P3字段按最小必要显示；导出需审批、水印、短链和二次认证,拒绝或脱敏,查看/导出,规则版本、命中结果、输入摘要、处理结果
P075,停演,员工端,R08,版本一致性,历史实例固定流程、规则、表单和字典版本,版本冲突时禁止提交,保存/提交,规则版本、命中结果、输入摘要、处理结果
P075,停演,员工端,R09,关闭条件,关闭前必须完成必选子任务、结算/回执、异常和归档检查,转整改/待关闭,关闭节点,规则版本、命中结果、输入摘要、处理结果
P075,停演,员工端,R10,审计证据链,关键操作保留操作者、身份、时间、前后值、原因、哈希和请求ID,关键审计失败则阻断,全流程,规则版本、命中结果、输入摘要、处理结果
P075,停演,员工端,R11,订单票码一致性,订单、支付、票码、核销、退款状态最终一致；冻结票码不得核销,进入差异队列,核销/退款,规则版本、命中结果、输入摘要、处理结果
P075,停演,员工端,R12,防重复核销,同一票码同一权益仅成功核销一次，离线回传幂等合并,返回原结果/转差异,核销,规则版本、命中结果、输入摘要、处理结果
P075,停演,员工端,R11,先行止险,人员安全优先；重大事件允许先处置后补单，但不得删除证据,立即升级并锁证,事件触发,规则版本、命中结果、输入摘要、处理结果
P075,停演,员工端,R12,唯一案件,同一事件保留一个主案件，相关工单、投诉、维修、赔付为子单,合并或关联已有案件,立案,规则版本、命中结果、输入摘要、处理结果
P075,停演,员工端,,,,,,
P076,场次准备,员工端,R01,唯一性与幂等,同一业务对象、节点和幂等键不得重复创建有效单据,阻断并返回已有单号,所有提交/接口,规则版本、命中结果、输入摘要、处理结果
P076,场次准备,员工端,R02,身份与任职有效性,经办人须通过统一认证，当前任职身份在办理时点有效,阻断；重新选择身份或转授权,所有人工节点,规则版本、命中结果、输入摘要、处理结果
P076,场次准备,员工端,R03,组织数据范围,仅能查看和处理授权中心、部门、岗位或本人数据,拒绝访问并审计,查询/处理/导出,规则版本、命中结果、输入摘要、处理结果
P076,场次准备,员工端,R04,必填与格式,必填、类型、长度、时间区间、金额精度须通过服务端校验,退回当前表单,提交前,规则版本、命中结果、输入摘要、处理结果
P076,场次准备,员工端,R05,状态迁移,仅允许按已发布状态机迁移；重复回调返回原结果,阻断非法迁移,节点提交/回调,规则版本、命中结果、输入摘要、处理结果
P076,场次准备,员工端,R06,附件安全,附件完成病毒、格式、大小、敏感内容和权限校验,隔离附件并要求补充,上传/下载,规则版本、命中结果、输入摘要、处理结果
P076,场次准备,员工端,R07,敏感字段,P2/P3字段按最小必要显示；导出需审批、水印、短链和二次认证,拒绝或脱敏,查看/导出,规则版本、命中结果、输入摘要、处理结果
P076,场次准备,员工端,R08,版本一致性,历史实例固定流程、规则、表单和字典版本,版本冲突时禁止提交,保存/提交,规则版本、命中结果、输入摘要、处理结果
P076,场次准备,员工端,R09,关闭条件,关闭前必须完成必选子任务、结算/回执、异常和归档检查,转整改/待关闭,关闭节点,规则版本、命中结果、输入摘要、处理结果
P076,场次准备,员工端,R10,审计证据链,关键操作保留操作者、身份、时间、前后值、原因、哈希和请求ID,关键审计失败则阻断,全流程,规则版本、命中结果、输入摘要、处理结果
P076,场次准备,员工端,R11,库存非负与锁定,可用量=账面量-锁定量，出库不得导致负库存,阻断并提示缺口,锁定/出库,规则版本、命中结果、输入摘要、处理结果
P076,场次准备,员工端,R12,批次序列追溯,需追溯物品必须一物一码/一批一码，状态变更保留流水,阻断无编码操作,入库/出库/报损,规则版本、命中结果、输入摘要、处理结果
P076,场次准备,员工端,,,,,,
P077,损坏报损,员工端,R01,唯一性与幂等,同一业务对象、节点和幂等键不得重复创建有效单据,阻断并返回已有单号,所有提交/接口,规则版本、命中结果、输入摘要、处理结果
P077,损坏报损,员工端,R02,身份与任职有效性,经办人须通过统一认证，当前任职身份在办理时点有效,阻断；重新选择身份或转授权,所有人工节点,规则版本、命中结果、输入摘要、处理结果
P077,损坏报损,员工端,R03,组织数据范围,仅能查看和处理授权中心、部门、岗位或本人数据,拒绝访问并审计,查询/处理/导出,规则版本、命中结果、输入摘要、处理结果
P077,损坏报损,员工端,R04,必填与格式,必填、类型、长度、时间区间、金额精度须通过服务端校验,退回当前表单,提交前,规则版本、命中结果、输入摘要、处理结果
P077,损坏报损,员工端,R05,状态迁移,仅允许按已发布状态机迁移；重复回调返回原结果,阻断非法迁移,节点提交/回调,规则版本、命中结果、输入摘要、处理结果
P077,损坏报损,员工端,R06,附件安全,附件完成病毒、格式、大小、敏感内容和权限校验,隔离附件并要求补充,上传/下载,规则版本、命中结果、输入摘要、处理结果
P077,损坏报损,员工端,R07,敏感字段,P2/P3字段按最小必要显示；导出需审批、水印、短链和二次认证,拒绝或脱敏,查看/导出,规则版本、命中结果、输入摘要、处理结果
P077,损坏报损,员工端,R08,版本一致性,历史实例固定流程、规则、表单和字典版本,版本冲突时禁止提交,保存/提交,规则版本、命中结果、输入摘要、处理结果
P077,损坏报损,员工端,R09,关闭条件,关闭前必须完成必选子任务、结算/回执、异常和归档检查,转整改/待关闭,关闭节点,规则版本、命中结果、输入摘要、处理结果
P077,损坏报损,员工端,R10,审计证据链,关键操作保留操作者、身份、时间、前后值、原因、哈希和请求ID,关键审计失败则阻断,全流程,规则版本、命中结果、输入摘要、处理结果
P077,损坏报损,员工端,R11,库存非负与锁定,可用量=账面量-锁定量，出库不得导致负库存,阻断并提示缺口,锁定/出库,规则版本、命中结果、输入摘要、处理结果
P077,损坏报损,员工端,R12,批次序列追溯,需追溯物品必须一物一码/一批一码，状态变更保留流水,阻断无编码操作,入库/出库/报损,规则版本、命中结果、输入摘要、处理结果
P077,损坏报损,员工端,,,,,,
P078,盘点,员工端,R01,唯一性与幂等,同一业务对象、节点和幂等键不得重复创建有效单据,阻断并返回已有单号,所有提交/接口,规则版本、命中结果、输入摘要、处理结果
P078,盘点,员工端,R02,身份与任职有效性,经办人须通过统一认证，当前任职身份在办理时点有效,阻断；重新选择身份或转授权,所有人工节点,规则版本、命中结果、输入摘要、处理结果
P078,盘点,员工端,R03,组织数据范围,仅能查看和处理授权中心、部门、岗位或本人数据,拒绝访问并审计,查询/处理/导出,规则版本、命中结果、输入摘要、处理结果
P078,盘点,员工端,R04,必填与格式,必填、类型、长度、时间区间、金额精度须通过服务端校验,退回当前表单,提交前,规则版本、命中结果、输入摘要、处理结果
P078,盘点,员工端,R05,状态迁移,仅允许按已发布状态机迁移；重复回调返回原结果,阻断非法迁移,节点提交/回调,规则版本、命中结果、输入摘要、处理结果
P078,盘点,员工端,R06,附件安全,附件完成病毒、格式、大小、敏感内容和权限校验,隔离附件并要求补充,上传/下载,规则版本、命中结果、输入摘要、处理结果
P078,盘点,员工端,R07,敏感字段,P2/P3字段按最小必要显示；导出需审批、水印、短链和二次认证,拒绝或脱敏,查看/导出,规则版本、命中结果、输入摘要、处理结果
P078,盘点,员工端,R08,版本一致性,历史实例固定流程、规则、表单和字典版本,版本冲突时禁止提交,保存/提交,规则版本、命中结果、输入摘要、处理结果
P078,盘点,员工端,R09,关闭条件,关闭前必须完成必选子任务、结算/回执、异常和归档检查,转整改/待关闭,关闭节点,规则版本、命中结果、输入摘要、处理结果
P078,盘点,员工端,R10,审计证据链,关键操作保留操作者、身份、时间、前后值、原因、哈希和请求ID,关键审计失败则阻断,全流程,规则版本、命中结果、输入摘要、处理结果
P078,盘点,员工端,R11,库存非负与锁定,可用量=账面量-锁定量，出库不得导致负库存,阻断并提示缺口,锁定/出库,规则版本、命中结果、输入摘要、处理结果
P078,盘点,员工端,R12,批次序列追溯,需追溯物品必须一物一码/一批一码，状态变更保留流水,阻断无编码操作,入库/出库/报损,规则版本、命中结果、输入摘要、处理结果
P078,盘点,员工端,,,,,,
P079,飞行任务,员工端,R01,唯一性与幂等,同一业务对象、节点和幂等键不得重复创建有效单据,阻断并返回已有单号,所有提交/接口,规则版本、命中结果、输入摘要、处理结果
P079,飞行任务,员工端,R02,身份与任职有效性,经办人须通过统一认证，当前任职身份在办理时点有效,阻断；重新选择身份或转授权,所有人工节点,规则版本、命中结果、输入摘要、处理结果
P079,飞行任务,员工端,R03,组织数据范围,仅能查看和处理授权中心、部门、岗位或本人数据,拒绝访问并审计,查询/处理/导出,规则版本、命中结果、输入摘要、处理结果
P079,飞行任务,员工端,R04,必填与格式,必填、类型、长度、时间区间、金额精度须通过服务端校验,退回当前表单,提交前,规则版本、命中结果、输入摘要、处理结果
P079,飞行任务,员工端,R05,状态迁移,仅允许按已发布状态机迁移；重复回调返回原结果,阻断非法迁移,节点提交/回调,规则版本、命中结果、输入摘要、处理结果
P079,飞行任务,员工端,R06,附件安全,附件完成病毒、格式、大小、敏感内容和权限校验,隔离附件并要求补充,上传/下载,规则版本、命中结果、输入摘要、处理结果
P079,飞行任务,员工端,R07,敏感字段,P2/P3字段按最小必要显示；导出需审批、水印、短链和二次认证,拒绝或脱敏,查看/导出,规则版本、命中结果、输入摘要、处理结果
P079,飞行任务,员工端,R08,版本一致性,历史实例固定流程、规则、表单和字典版本,版本冲突时禁止提交,保存/提交,规则版本、命中结果、输入摘要、处理结果
P079,飞行任务,员工端,R09,关闭条件,关闭前必须完成必选子任务、结算/回执、异常和归档检查,转整改/待关闭,关闭节点,规则版本、命中结果、输入摘要、处理结果
P079,飞行任务,员工端,R10,审计证据链,关键操作保留操作者、身份、时间、前后值、原因、哈希和请求ID,关键审计失败则阻断,全流程,规则版本、命中结果、输入摘要、处理结果
P079,飞行任务,员工端,,,,,,
P080,任务取消,员工端,R01,唯一性与幂等,同一业务对象、节点和幂等键不得重复创建有效单据,阻断并返回已有单号,所有提交/接口,规则版本、命中结果、输入摘要、处理结果
P080,任务取消,员工端,R02,身份与任职有效性,经办人须通过统一认证，当前任职身份在办理时点有效,阻断；重新选择身份或转授权,所有人工节点,规则版本、命中结果、输入摘要、处理结果
P080,任务取消,员工端,R03,组织数据范围,仅能查看和处理授权中心、部门、岗位或本人数据,拒绝访问并审计,查询/处理/导出,规则版本、命中结果、输入摘要、处理结果
P080,任务取消,员工端,R04,必填与格式,必填、类型、长度、时间区间、金额精度须通过服务端校验,退回当前表单,提交前,规则版本、命中结果、输入摘要、处理结果
P080,任务取消,员工端,R05,状态迁移,仅允许按已发布状态机迁移；重复回调返回原结果,阻断非法迁移,节点提交/回调,规则版本、命中结果、输入摘要、处理结果
P080,任务取消,员工端,R06,附件安全,附件完成病毒、格式、大小、敏感内容和权限校验,隔离附件并要求补充,上传/下载,规则版本、命中结果、输入摘要、处理结果
P080,任务取消,员工端,R07,敏感字段,P2/P3字段按最小必要显示；导出需审批、水印、短链和二次认证,拒绝或脱敏,查看/导出,规则版本、命中结果、输入摘要、处理结果
P080,任务取消,员工端,R08,版本一致性,历史实例固定流程、规则、表单和字典版本,版本冲突时禁止提交,保存/提交,规则版本、命中结果、输入摘要、处理结果
P080,任务取消,员工端,R09,关闭条件,关闭前必须完成必选子任务、结算/回执、异常和归档检查,转整改/待关闭,关闭节点,规则版本、命中结果、输入摘要、处理结果
P080,任务取消,员工端,R10,审计证据链,关键操作保留操作者、身份、时间、前后值、原因、哈希和请求ID,关键审计失败则阻断,全流程,规则版本、命中结果、输入摘要、处理结果
P080,任务取消,员工端,R11,订单票码一致性,订单、支付、票码、核销、退款状态最终一致；冻结票码不得核销,进入差异队列,核销/退款,规则版本、命中结果、输入摘要、处理结果
P080,任务取消,员工端,R12,防重复核销,同一票码同一权益仅成功核销一次，离线回传幂等合并,返回原结果/转差异,核销,规则版本、命中结果、输入摘要、处理结果
P080,任务取消,员工端,R11,先行止险,人员安全优先；重大事件允许先处置后补单，但不得删除证据,立即升级并锁证,事件触发,规则版本、命中结果、输入摘要、处理结果
P080,任务取消,员工端,R12,唯一案件,同一事件保留一个主案件，相关工单、投诉、维修、赔付为子单,合并或关联已有案件,立案,规则版本、命中结果、输入摘要、处理结果
P080,任务取消,员工端,,,,,,
P081,飞行事故,员工端,R01,唯一性与幂等,同一业务对象、节点和幂等键不得重复创建有效单据,阻断并返回已有单号,所有提交/接口,规则版本、命中结果、输入摘要、处理结果
P081,飞行事故,员工端,R02,身份与任职有效性,经办人须通过统一认证，当前任职身份在办理时点有效,阻断；重新选择身份或转授权,所有人工节点,规则版本、命中结果、输入摘要、处理结果
P081,飞行事故,员工端,R03,组织数据范围,仅能查看和处理授权中心、部门、岗位或本人数据,拒绝访问并审计,查询/处理/导出,规则版本、命中结果、输入摘要、处理结果
P081,飞行事故,员工端,R04,必填与格式,必填、类型、长度、时间区间、金额精度须通过服务端校验,退回当前表单,提交前,规则版本、命中结果、输入摘要、处理结果
P081,飞行事故,员工端,R05,状态迁移,仅允许按已发布状态机迁移；重复回调返回原结果,阻断非法迁移,节点提交/回调,规则版本、命中结果、输入摘要、处理结果
P081,飞行事故,员工端,R06,附件安全,附件完成病毒、格式、大小、敏感内容和权限校验,隔离附件并要求补充,上传/下载,规则版本、命中结果、输入摘要、处理结果
P081,飞行事故,员工端,R07,敏感字段,P2/P3字段按最小必要显示；导出需审批、水印、短链和二次认证,拒绝或脱敏,查看/导出,规则版本、命中结果、输入摘要、处理结果
P081,飞行事故,员工端,R08,版本一致性,历史实例固定流程、规则、表单和字典版本,版本冲突时禁止提交,保存/提交,规则版本、命中结果、输入摘要、处理结果
P081,飞行事故,员工端,R09,关闭条件,关闭前必须完成必选子任务、结算/回执、异常和归档检查,转整改/待关闭,关闭节点,规则版本、命中结果、输入摘要、处理结果
P081,飞行事故,员工端,R10,审计证据链,关键操作保留操作者、身份、时间、前后值、原因、哈希和请求ID,关键审计失败则阻断,全流程,规则版本、命中结果、输入摘要、处理结果
P081,飞行事故,员工端,R11,先行止险,人员安全优先；重大事件允许先处置后补单，但不得删除证据,立即升级并锁证,事件触发,规则版本、命中结果、输入摘要、处理结果
P081,飞行事故,员工端,R12,唯一案件,同一事件保留一个主案件，相关工单、投诉、维修、赔付为子单,合并或关联已有案件,立案,规则版本、命中结果、输入摘要、处理结果
P081,飞行事故,员工端,,,,,,
P082,场次技术保障,员工端,R01,唯一性与幂等,同一业务对象、节点和幂等键不得重复创建有效单据,阻断并返回已有单号,所有提交/接口,规则版本、命中结果、输入摘要、处理结果
P082,场次技术保障,员工端,R02,身份与任职有效性,经办人须通过统一认证，当前任职身份在办理时点有效,阻断；重新选择身份或转授权,所有人工节点,规则版本、命中结果、输入摘要、处理结果
P082,场次技术保障,员工端,R03,组织数据范围,仅能查看和处理授权中心、部门、岗位或本人数据,拒绝访问并审计,查询/处理/导出,规则版本、命中结果、输入摘要、处理结果
P082,场次技术保障,员工端,R04,必填与格式,必填、类型、长度、时间区间、金额精度须通过服务端校验,退回当前表单,提交前,规则版本、命中结果、输入摘要、处理结果
P082,场次技术保障,员工端,R05,状态迁移,仅允许按已发布状态机迁移；重复回调返回原结果,阻断非法迁移,节点提交/回调,规则版本、命中结果、输入摘要、处理结果
P082,场次技术保障,员工端,R06,附件安全,附件完成病毒、格式、大小、敏感内容和权限校验,隔离附件并要求补充,上传/下载,规则版本、命中结果、输入摘要、处理结果
P082,场次技术保障,员工端,R07,敏感字段,P2/P3字段按最小必要显示；导出需审批、水印、短链和二次认证,拒绝或脱敏,查看/导出,规则版本、命中结果、输入摘要、处理结果
P082,场次技术保障,员工端,R08,版本一致性,历史实例固定流程、规则、表单和字典版本,版本冲突时禁止提交,保存/提交,规则版本、命中结果、输入摘要、处理结果
P082,场次技术保障,员工端,R09,关闭条件,关闭前必须完成必选子任务、结算/回执、异常和归档检查,转整改/待关闭,关闭节点,规则版本、命中结果、输入摘要、处理结果
P082,场次技术保障,员工端,R10,审计证据链,关键操作保留操作者、身份、时间、前后值、原因、哈希和请求ID,关键审计失败则阻断,全流程,规则版本、命中结果、输入摘要、处理结果
P082,场次技术保障,员工端,R11,时间重叠,假勤、排班、加班区间不得与已生效记录冲突,阻断或转例外审批,时间提交,规则版本、命中结果、输入摘要、处理结果
P082,场次技术保障,员工端,R12,额度账本,额度只通过预占、扣减、释放和差额调整流水变更,转账本调整单,审批/销假,规则版本、命中结果、输入摘要、处理结果
P082,场次技术保障,员工端,,,,,,
P083,设备故障,员工端,R01,唯一性与幂等,同一业务对象、节点和幂等键不得重复创建有效单据,阻断并返回已有单号,所有提交/接口,规则版本、命中结果、输入摘要、处理结果
P083,设备故障,员工端,R02,身份与任职有效性,经办人须通过统一认证，当前任职身份在办理时点有效,阻断；重新选择身份或转授权,所有人工节点,规则版本、命中结果、输入摘要、处理结果
P083,设备故障,员工端,R03,组织数据范围,仅能查看和处理授权中心、部门、岗位或本人数据,拒绝访问并审计,查询/处理/导出,规则版本、命中结果、输入摘要、处理结果
P083,设备故障,员工端,R04,必填与格式,必填、类型、长度、时间区间、金额精度须通过服务端校验,退回当前表单,提交前,规则版本、命中结果、输入摘要、处理结果
P083,设备故障,员工端,R05,状态迁移,仅允许按已发布状态机迁移；重复回调返回原结果,阻断非法迁移,节点提交/回调,规则版本、命中结果、输入摘要、处理结果
P083,设备故障,员工端,R06,附件安全,附件完成病毒、格式、大小、敏感内容和权限校验,隔离附件并要求补充,上传/下载,规则版本、命中结果、输入摘要、处理结果
P083,设备故障,员工端,R07,敏感字段,P2/P3字段按最小必要显示；导出需审批、水印、短链和二次认证,拒绝或脱敏,查看/导出,规则版本、命中结果、输入摘要、处理结果
P083,设备故障,员工端,R08,版本一致性,历史实例固定流程、规则、表单和字典版本,版本冲突时禁止提交,保存/提交,规则版本、命中结果、输入摘要、处理结果
P083,设备故障,员工端,R09,关闭条件,关闭前必须完成必选子任务、结算/回执、异常和归档检查,转整改/待关闭,关闭节点,规则版本、命中结果、输入摘要、处理结果
P083,设备故障,员工端,R10,审计证据链,关键操作保留操作者、身份、时间、前后值、原因、哈希和请求ID,关键审计失败则阻断,全流程,规则版本、命中结果、输入摘要、处理结果
P083,设备故障,员工端,R11,先行止险,人员安全优先；重大事件允许先处置后补单，但不得删除证据,立即升级并锁证,事件触发,规则版本、命中结果、输入摘要、处理结果
P083,设备故障,员工端,R12,唯一案件,同一事件保留一个主案件，相关工单、投诉、维修、赔付为子单,合并或关联已有案件,立案,规则版本、命中结果、输入摘要、处理结果
P083,设备故障,员工端,,,,,,
P084,停演技术建议,员工端,R01,唯一性与幂等,同一业务对象、节点和幂等键不得重复创建有效单据,阻断并返回已有单号,所有提交/接口,规则版本、命中结果、输入摘要、处理结果
P084,停演技术建议,员工端,R02,身份与任职有效性,经办人须通过统一认证，当前任职身份在办理时点有效,阻断；重新选择身份或转授权,所有人工节点,规则版本、命中结果、输入摘要、处理结果
P084,停演技术建议,员工端,R03,组织数据范围,仅能查看和处理授权中心、部门、岗位或本人数据,拒绝访问并审计,查询/处理/导出,规则版本、命中结果、输入摘要、处理结果
P084,停演技术建议,员工端,R04,必填与格式,必填、类型、长度、时间区间、金额精度须通过服务端校验,退回当前表单,提交前,规则版本、命中结果、输入摘要、处理结果
P084,停演技术建议,员工端,R05,状态迁移,仅允许按已发布状态机迁移；重复回调返回原结果,阻断非法迁移,节点提交/回调,规则版本、命中结果、输入摘要、处理结果
P084,停演技术建议,员工端,R06,附件安全,附件完成病毒、格式、大小、敏感内容和权限校验,隔离附件并要求补充,上传/下载,规则版本、命中结果、输入摘要、处理结果
P084,停演技术建议,员工端,R07,敏感字段,P2/P3字段按最小必要显示；导出需审批、水印、短链和二次认证,拒绝或脱敏,查看/导出,规则版本、命中结果、输入摘要、处理结果
P084,停演技术建议,员工端,R08,版本一致性,历史实例固定流程、规则、表单和字典版本,版本冲突时禁止提交,保存/提交,规则版本、命中结果、输入摘要、处理结果
P084,停演技术建议,员工端,R09,关闭条件,关闭前必须完成必选子任务、结算/回执、异常和归档检查,转整改/待关闭,关闭节点,规则版本、命中结果、输入摘要、处理结果
P084,停演技术建议,员工端,R10,审计证据链,关键操作保留操作者、身份、时间、前后值、原因、哈希和请求ID,关键审计失败则阻断,全流程,规则版本、命中结果、输入摘要、处理结果
P084,停演技术建议,员工端,R11,先行止险,人员安全优先；重大事件允许先处置后补单，但不得删除证据,立即升级并锁证,事件触发,规则版本、命中结果、输入摘要、处理结果
P084,停演技术建议,员工端,R12,唯一案件,同一事件保留一个主案件，相关工单、投诉、维修、赔付为子单,合并或关联已有案件,立案,规则版本、命中结果、输入摘要、处理结果
P084,停演技术建议,员工端,,,,,,
P085,网络故障,员工端,R01,唯一性与幂等,同一业务对象、节点和幂等键不得重复创建有效单据,阻断并返回已有单号,所有提交/接口,规则版本、命中结果、输入摘要、处理结果
P085,网络故障,员工端,R02,身份与任职有效性,经办人须通过统一认证，当前任职身份在办理时点有效,阻断；重新选择身份或转授权,所有人工节点,规则版本、命中结果、输入摘要、处理结果
P085,网络故障,员工端,R03,组织数据范围,仅能查看和处理授权中心、部门、岗位或本人数据,拒绝访问并审计,查询/处理/导出,规则版本、命中结果、输入摘要、处理结果
P085,网络故障,员工端,R04,必填与格式,必填、类型、长度、时间区间、金额精度须通过服务端校验,退回当前表单,提交前,规则版本、命中结果、输入摘要、处理结果
P085,网络故障,员工端,R05,状态迁移,仅允许按已发布状态机迁移；重复回调返回原结果,阻断非法迁移,节点提交/回调,规则版本、命中结果、输入摘要、处理结果
P085,网络故障,员工端,R06,附件安全,附件完成病毒、格式、大小、敏感内容和权限校验,隔离附件并要求补充,上传/下载,规则版本、命中结果、输入摘要、处理结果
P085,网络故障,员工端,R07,敏感字段,P2/P3字段按最小必要显示；导出需审批、水印、短链和二次认证,拒绝或脱敏,查看/导出,规则版本、命中结果、输入摘要、处理结果
P085,网络故障,员工端,R08,版本一致性,历史实例固定流程、规则、表单和字典版本,版本冲突时禁止提交,保存/提交,规则版本、命中结果、输入摘要、处理结果
P085,网络故障,员工端,R09,关闭条件,关闭前必须完成必选子任务、结算/回执、异常和归档检查,转整改/待关闭,关闭节点,规则版本、命中结果、输入摘要、处理结果
P085,网络故障,员工端,R10,审计证据链,关键操作保留操作者、身份、时间、前后值、原因、哈希和请求ID,关键审计失败则阻断,全流程,规则版本、命中结果、输入摘要、处理结果
P085,网络故障,员工端,R11,先行止险,人员安全优先；重大事件允许先处置后补单，但不得删除证据,立即升级并锁证,事件触发,规则版本、命中结果、输入摘要、处理结果
P085,网络故障,员工端,R12,唯一案件,同一事件保留一个主案件，相关工单、投诉、维修、赔付为子单,合并或关联已有案件,立案,规则版本、命中结果、输入摘要、处理结果
P085,网络故障,员工端,,,,,,
P086,网络变更,员工端,R01,唯一性与幂等,同一业务对象、节点和幂等键不得重复创建有效单据,阻断并返回已有单号,所有提交/接口,规则版本、命中结果、输入摘要、处理结果
P086,网络变更,员工端,R02,身份与任职有效性,经办人须通过统一认证，当前任职身份在办理时点有效,阻断；重新选择身份或转授权,所有人工节点,规则版本、命中结果、输入摘要、处理结果
P086,网络变更,员工端,R03,组织数据范围,仅能查看和处理授权中心、部门、岗位或本人数据,拒绝访问并审计,查询/处理/导出,规则版本、命中结果、输入摘要、处理结果
P086,网络变更,员工端,R04,必填与格式,必填、类型、长度、时间区间、金额精度须通过服务端校验,退回当前表单,提交前,规则版本、命中结果、输入摘要、处理结果
P086,网络变更,员工端,R05,状态迁移,仅允许按已发布状态机迁移；重复回调返回原结果,阻断非法迁移,节点提交/回调,规则版本、命中结果、输入摘要、处理结果
P086,网络变更,员工端,R06,附件安全,附件完成病毒、格式、大小、敏感内容和权限校验,隔离附件并要求补充,上传/下载,规则版本、命中结果、输入摘要、处理结果
P086,网络变更,员工端,R07,敏感字段,P2/P3字段按最小必要显示；导出需审批、水印、短链和二次认证,拒绝或脱敏,查看/导出,规则版本、命中结果、输入摘要、处理结果
P086,网络变更,员工端,R08,版本一致性,历史实例固定流程、规则、表单和字典版本,版本冲突时禁止提交,保存/提交,规则版本、命中结果、输入摘要、处理结果
P086,网络变更,员工端,R09,关闭条件,关闭前必须完成必选子任务、结算/回执、异常和归档检查,转整改/待关闭,关闭节点,规则版本、命中结果、输入摘要、处理结果
P086,网络变更,员工端,R10,审计证据链,关键操作保留操作者、身份、时间、前后值、原因、哈希和请求ID,关键审计失败则阻断,全流程,规则版本、命中结果、输入摘要、处理结果
P086,网络变更,员工端,R11,先行止险,人员安全优先；重大事件允许先处置后补单，但不得删除证据,立即升级并锁证,事件触发,规则版本、命中结果、输入摘要、处理结果
P086,网络变更,员工端,R12,唯一案件,同一事件保留一个主案件，相关工单、投诉、维修、赔付为子单,合并或关联已有案件,立案,规则版本、命中结果、输入摘要、处理结果
P086,网络变更,员工端,,,,,,
P087,活动保障,员工端,R01,唯一性与幂等,同一业务对象、节点和幂等键不得重复创建有效单据,阻断并返回已有单号,所有提交/接口,规则版本、命中结果、输入摘要、处理结果
P087,活动保障,员工端,R02,身份与任职有效性,经办人须通过统一认证，当前任职身份在办理时点有效,阻断；重新选择身份或转授权,所有人工节点,规则版本、命中结果、输入摘要、处理结果
P087,活动保障,员工端,R03,组织数据范围,仅能查看和处理授权中心、部门、岗位或本人数据,拒绝访问并审计,查询/处理/导出,规则版本、命中结果、输入摘要、处理结果
P087,活动保障,员工端,R04,必填与格式,必填、类型、长度、时间区间、金额精度须通过服务端校验,退回当前表单,提交前,规则版本、命中结果、输入摘要、处理结果
P087,活动保障,员工端,R05,状态迁移,仅允许按已发布状态机迁移；重复回调返回原结果,阻断非法迁移,节点提交/回调,规则版本、命中结果、输入摘要、处理结果
P087,活动保障,员工端,R06,附件安全,附件完成病毒、格式、大小、敏感内容和权限校验,隔离附件并要求补充,上传/下载,规则版本、命中结果、输入摘要、处理结果
P087,活动保障,员工端,R07,敏感字段,P2/P3字段按最小必要显示；导出需审批、水印、短链和二次认证,拒绝或脱敏,查看/导出,规则版本、命中结果、输入摘要、处理结果
P087,活动保障,员工端,R08,版本一致性,历史实例固定流程、规则、表单和字典版本,版本冲突时禁止提交,保存/提交,规则版本、命中结果、输入摘要、处理结果
P087,活动保障,员工端,R09,关闭条件,关闭前必须完成必选子任务、结算/回执、异常和归档检查,转整改/待关闭,关闭节点,规则版本、命中结果、输入摘要、处理结果
P087,活动保障,员工端,R10,审计证据链,关键操作保留操作者、身份、时间、前后值、原因、哈希和请求ID,关键审计失败则阻断,全流程,规则版本、命中结果、输入摘要、处理结果
P087,活动保障,员工端,,,,,,
P088,IT服务请求,员工端,R01,唯一性与幂等,同一业务对象、节点和幂等键不得重复创建有效单据,阻断并返回已有单号,所有提交/接口,规则版本、命中结果、输入摘要、处理结果
P088,IT服务请求,员工端,R02,身份与任职有效性,经办人须通过统一认证，当前任职身份在办理时点有效,阻断；重新选择身份或转授权,所有人工节点,规则版本、命中结果、输入摘要、处理结果
P088,IT服务请求,员工端,R03,组织数据范围,仅能查看和处理授权中心、部门、岗位或本人数据,拒绝访问并审计,查询/处理/导出,规则版本、命中结果、输入摘要、处理结果
P088,IT服务请求,员工端,R04,必填与格式,必填、类型、长度、时间区间、金额精度须通过服务端校验,退回当前表单,提交前,规则版本、命中结果、输入摘要、处理结果
P088,IT服务请求,员工端,R05,状态迁移,仅允许按已发布状态机迁移；重复回调返回原结果,阻断非法迁移,节点提交/回调,规则版本、命中结果、输入摘要、处理结果
P088,IT服务请求,员工端,R06,附件安全,附件完成病毒、格式、大小、敏感内容和权限校验,隔离附件并要求补充,上传/下载,规则版本、命中结果、输入摘要、处理结果
P088,IT服务请求,员工端,R07,敏感字段,P2/P3字段按最小必要显示；导出需审批、水印、短链和二次认证,拒绝或脱敏,查看/导出,规则版本、命中结果、输入摘要、处理结果
P088,IT服务请求,员工端,R08,版本一致性,历史实例固定流程、规则、表单和字典版本,版本冲突时禁止提交,保存/提交,规则版本、命中结果、输入摘要、处理结果
P088,IT服务请求,员工端,R09,关闭条件,关闭前必须完成必选子任务、结算/回执、异常和归档检查,转整改/待关闭,关闭节点,规则版本、命中结果、输入摘要、处理结果
P088,IT服务请求,员工端,R10,审计证据链,关键操作保留操作者、身份、时间、前后值、原因、哈希和请求ID,关键审计失败则阻断,全流程,规则版本、命中结果、输入摘要、处理结果
P088,IT服务请求,员工端,,,,,,
P089,生产发布,员工端,R01,唯一性与幂等,同一业务对象、节点和幂等键不得重复创建有效单据,阻断并返回已有单号,所有提交/接口,规则版本、命中结果、输入摘要、处理结果
P089,生产发布,员工端,R02,身份与任职有效性,经办人须通过统一认证，当前任职身份在办理时点有效,阻断；重新选择身份或转授权,所有人工节点,规则版本、命中结果、输入摘要、处理结果
P089,生产发布,员工端,R03,组织数据范围,仅能查看和处理授权中心、部门、岗位或本人数据,拒绝访问并审计,查询/处理/导出,规则版本、命中结果、输入摘要、处理结果
P089,生产发布,员工端,R04,必填与格式,必填、类型、长度、时间区间、金额精度须通过服务端校验,退回当前表单,提交前,规则版本、命中结果、输入摘要、处理结果
P089,生产发布,员工端,R05,状态迁移,仅允许按已发布状态机迁移；重复回调返回原结果,阻断非法迁移,节点提交/回调,规则版本、命中结果、输入摘要、处理结果
P089,生产发布,员工端,R06,附件安全,附件完成病毒、格式、大小、敏感内容和权限校验,隔离附件并要求补充,上传/下载,规则版本、命中结果、输入摘要、处理结果
P089,生产发布,员工端,R07,敏感字段,P2/P3字段按最小必要显示；导出需审批、水印、短链和二次认证,拒绝或脱敏,查看/导出,规则版本、命中结果、输入摘要、处理结果
P089,生产发布,员工端,R08,版本一致性,历史实例固定流程、规则、表单和字典版本,版本冲突时禁止提交,保存/提交,规则版本、命中结果、输入摘要、处理结果
P089,生产发布,员工端,R09,关闭条件,关闭前必须完成必选子任务、结算/回执、异常和归档检查,转整改/待关闭,关闭节点,规则版本、命中结果、输入摘要、处理结果
P089,生产发布,员工端,R10,审计证据链,关键操作保留操作者、身份、时间、前后值、原因、哈希和请求ID,关键审计失败则阻断,全流程,规则版本、命中结果、输入摘要、处理结果
P089,生产发布,员工端,,,,,,
P090,账号执行,员工端,R01,唯一性与幂等,同一业务对象、节点和幂等键不得重复创建有效单据,阻断并返回已有单号,所有提交/接口,规则版本、命中结果、输入摘要、处理结果
P090,账号执行,员工端,R02,身份与任职有效性,经办人须通过统一认证，当前任职身份在办理时点有效,阻断；重新选择身份或转授权,所有人工节点,规则版本、命中结果、输入摘要、处理结果
P090,账号执行,员工端,R03,组织数据范围,仅能查看和处理授权中心、部门、岗位或本人数据,拒绝访问并审计,查询/处理/导出,规则版本、命中结果、输入摘要、处理结果
P090,账号执行,员工端,R04,必填与格式,必填、类型、长度、时间区间、金额精度须通过服务端校验,退回当前表单,提交前,规则版本、命中结果、输入摘要、处理结果
P090,账号执行,员工端,R05,状态迁移,仅允许按已发布状态机迁移；重复回调返回原结果,阻断非法迁移,节点提交/回调,规则版本、命中结果、输入摘要、处理结果
P090,账号执行,员工端,R06,附件安全,附件完成病毒、格式、大小、敏感内容和权限校验,隔离附件并要求补充,上传/下载,规则版本、命中结果、输入摘要、处理结果
P090,账号执行,员工端,R07,敏感字段,P2/P3字段按最小必要显示；导出需审批、水印、短链和二次认证,拒绝或脱敏,查看/导出,规则版本、命中结果、输入摘要、处理结果
P090,账号执行,员工端,R08,版本一致性,历史实例固定流程、规则、表单和字典版本,版本冲突时禁止提交,保存/提交,规则版本、命中结果、输入摘要、处理结果
P090,账号执行,员工端,R09,关闭条件,关闭前必须完成必选子任务、结算/回执、异常和归档检查,转整改/待关闭,关闭节点,规则版本、命中结果、输入摘要、处理结果
P090,账号执行,员工端,R10,审计证据链,关键操作保留操作者、身份、时间、前后值、原因、哈希和请求ID,关键审计失败则阻断,全流程,规则版本、命中结果、输入摘要、处理结果
P090,账号执行,员工端,,,,,,
P091,恢复演练,员工端,R01,唯一性与幂等,同一业务对象、节点和幂等键不得重复创建有效单据,阻断并返回已有单号,所有提交/接口,规则版本、命中结果、输入摘要、处理结果
P091,恢复演练,员工端,R02,身份与任职有效性,经办人须通过统一认证，当前任职身份在办理时点有效,阻断；重新选择身份或转授权,所有人工节点,规则版本、命中结果、输入摘要、处理结果
P091,恢复演练,员工端,R03,组织数据范围,仅能查看和处理授权中心、部门、岗位或本人数据,拒绝访问并审计,查询/处理/导出,规则版本、命中结果、输入摘要、处理结果
P091,恢复演练,员工端,R04,必填与格式,必填、类型、长度、时间区间、金额精度须通过服务端校验,退回当前表单,提交前,规则版本、命中结果、输入摘要、处理结果
P091,恢复演练,员工端,R05,状态迁移,仅允许按已发布状态机迁移；重复回调返回原结果,阻断非法迁移,节点提交/回调,规则版本、命中结果、输入摘要、处理结果
P091,恢复演练,员工端,R06,附件安全,附件完成病毒、格式、大小、敏感内容和权限校验,隔离附件并要求补充,上传/下载,规则版本、命中结果、输入摘要、处理结果
P091,恢复演练,员工端,R07,敏感字段,P2/P3字段按最小必要显示；导出需审批、水印、短链和二次认证,拒绝或脱敏,查看/导出,规则版本、命中结果、输入摘要、处理结果
P091,恢复演练,员工端,R08,版本一致性,历史实例固定流程、规则、表单和字典版本,版本冲突时禁止提交,保存/提交,规则版本、命中结果、输入摘要、处理结果
P091,恢复演练,员工端,R09,关闭条件,关闭前必须完成必选子任务、结算/回执、异常和归档检查,转整改/待关闭,关闭节点,规则版本、命中结果、输入摘要、处理结果
P091,恢复演练,员工端,R10,审计证据链,关键操作保留操作者、身份、时间、前后值、原因、哈希和请求ID,关键审计失败则阻断,全流程,规则版本、命中结果、输入摘要、处理结果
P091,恢复演练,员工端,,,,,,
P092,需求开发,员工端,R01,唯一性与幂等,同一业务对象、节点和幂等键不得重复创建有效单据,阻断并返回已有单号,所有提交/接口,规则版本、命中结果、输入摘要、处理结果
P092,需求开发,员工端,R02,身份与任职有效性,经办人须通过统一认证，当前任职身份在办理时点有效,阻断；重新选择身份或转授权,所有人工节点,规则版本、命中结果、输入摘要、处理结果
P092,需求开发,员工端,R03,组织数据范围,仅能查看和处理授权中心、部门、岗位或本人数据,拒绝访问并审计,查询/处理/导出,规则版本、命中结果、输入摘要、处理结果
P092,需求开发,员工端,R04,必填与格式,必填、类型、长度、时间区间、金额精度须通过服务端校验,退回当前表单,提交前,规则版本、命中结果、输入摘要、处理结果
P092,需求开发,员工端,R05,状态迁移,仅允许按已发布状态机迁移；重复回调返回原结果,阻断非法迁移,节点提交/回调,规则版本、命中结果、输入摘要、处理结果
P092,需求开发,员工端,R06,附件安全,附件完成病毒、格式、大小、敏感内容和权限校验,隔离附件并要求补充,上传/下载,规则版本、命中结果、输入摘要、处理结果
P092,需求开发,员工端,R07,敏感字段,P2/P3字段按最小必要显示；导出需审批、水印、短链和二次认证,拒绝或脱敏,查看/导出,规则版本、命中结果、输入摘要、处理结果
P092,需求开发,员工端,R08,版本一致性,历史实例固定流程、规则、表单和字典版本,版本冲突时禁止提交,保存/提交,规则版本、命中结果、输入摘要、处理结果
P092,需求开发,员工端,R09,关闭条件,关闭前必须完成必选子任务、结算/回执、异常和归档检查,转整改/待关闭,关闭节点,规则版本、命中结果、输入摘要、处理结果
P092,需求开发,员工端,R10,审计证据链,关键操作保留操作者、身份、时间、前后值、原因、哈希和请求ID,关键审计失败则阻断,全流程,规则版本、命中结果、输入摘要、处理结果
P092,需求开发,员工端,,,,,,
P093,缺陷修复,员工端,R01,唯一性与幂等,同一业务对象、节点和幂等键不得重复创建有效单据,阻断并返回已有单号,所有提交/接口,规则版本、命中结果、输入摘要、处理结果
P093,缺陷修复,员工端,R02,身份与任职有效性,经办人须通过统一认证，当前任职身份在办理时点有效,阻断；重新选择身份或转授权,所有人工节点,规则版本、命中结果、输入摘要、处理结果
P093,缺陷修复,员工端,R03,组织数据范围,仅能查看和处理授权中心、部门、岗位或本人数据,拒绝访问并审计,查询/处理/导出,规则版本、命中结果、输入摘要、处理结果
P093,缺陷修复,员工端,R04,必填与格式,必填、类型、长度、时间区间、金额精度须通过服务端校验,退回当前表单,提交前,规则版本、命中结果、输入摘要、处理结果
P093,缺陷修复,员工端,R05,状态迁移,仅允许按已发布状态机迁移；重复回调返回原结果,阻断非法迁移,节点提交/回调,规则版本、命中结果、输入摘要、处理结果
P093,缺陷修复,员工端,R06,附件安全,附件完成病毒、格式、大小、敏感内容和权限校验,隔离附件并要求补充,上传/下载,规则版本、命中结果、输入摘要、处理结果
P093,缺陷修复,员工端,R07,敏感字段,P2/P3字段按最小必要显示；导出需审批、水印、短链和二次认证,拒绝或脱敏,查看/导出,规则版本、命中结果、输入摘要、处理结果
P093,缺陷修复,员工端,R08,版本一致性,历史实例固定流程、规则、表单和字典版本,版本冲突时禁止提交,保存/提交,规则版本、命中结果、输入摘要、处理结果
P093,缺陷修复,员工端,R09,关闭条件,关闭前必须完成必选子任务、结算/回执、异常和归档检查,转整改/待关闭,关闭节点,规则版本、命中结果、输入摘要、处理结果
P093,缺陷修复,员工端,R10,审计证据链,关键操作保留操作者、身份、时间、前后值、原因、哈希和请求ID,关键审计失败则阻断,全流程,规则版本、命中结果、输入摘要、处理结果
P093,缺陷修复,员工端,,,,,,
P094,版本发布,员工端,R01,唯一性与幂等,同一业务对象、节点和幂等键不得重复创建有效单据,阻断并返回已有单号,所有提交/接口,规则版本、命中结果、输入摘要、处理结果
P094,版本发布,员工端,R02,身份与任职有效性,经办人须通过统一认证，当前任职身份在办理时点有效,阻断；重新选择身份或转授权,所有人工节点,规则版本、命中结果、输入摘要、处理结果
P094,版本发布,员工端,R03,组织数据范围,仅能查看和处理授权中心、部门、岗位或本人数据,拒绝访问并审计,查询/处理/导出,规则版本、命中结果、输入摘要、处理结果
P094,版本发布,员工端,R04,必填与格式,必填、类型、长度、时间区间、金额精度须通过服务端校验,退回当前表单,提交前,规则版本、命中结果、输入摘要、处理结果
P094,版本发布,员工端,R05,状态迁移,仅允许按已发布状态机迁移；重复回调返回原结果,阻断非法迁移,节点提交/回调,规则版本、命中结果、输入摘要、处理结果
P094,版本发布,员工端,R06,附件安全,附件完成病毒、格式、大小、敏感内容和权限校验,隔离附件并要求补充,上传/下载,规则版本、命中结果、输入摘要、处理结果
P094,版本发布,员工端,R07,敏感字段,P2/P3字段按最小必要显示；导出需审批、水印、短链和二次认证,拒绝或脱敏,查看/导出,规则版本、命中结果、输入摘要、处理结果
P094,版本发布,员工端,R08,版本一致性,历史实例固定流程、规则、表单和字典版本,版本冲突时禁止提交,保存/提交,规则版本、命中结果、输入摘要、处理结果
P094,版本发布,员工端,R09,关闭条件,关闭前必须完成必选子任务、结算/回执、异常和归档检查,转整改/待关闭,关闭节点,规则版本、命中结果、输入摘要、处理结果
P094,版本发布,员工端,R10,审计证据链,关键操作保留操作者、身份、时间、前后值、原因、哈希和请求ID,关键审计失败则阻断,全流程,规则版本、命中结果、输入摘要、处理结果
P094,版本发布,员工端,,,,,,
P095,宣传物料制作,员工端,R01,唯一性与幂等,同一业务对象、节点和幂等键不得重复创建有效单据,阻断并返回已有单号,所有提交/接口,规则版本、命中结果、输入摘要、处理结果
P095,宣传物料制作,员工端,R02,身份与任职有效性,经办人须通过统一认证，当前任职身份在办理时点有效,阻断；重新选择身份或转授权,所有人工节点,规则版本、命中结果、输入摘要、处理结果
P095,宣传物料制作,员工端,R03,组织数据范围,仅能查看和处理授权中心、部门、岗位或本人数据,拒绝访问并审计,查询/处理/导出,规则版本、命中结果、输入摘要、处理结果
P095,宣传物料制作,员工端,R04,必填与格式,必填、类型、长度、时间区间、金额精度须通过服务端校验,退回当前表单,提交前,规则版本、命中结果、输入摘要、处理结果
P095,宣传物料制作,员工端,R05,状态迁移,仅允许按已发布状态机迁移；重复回调返回原结果,阻断非法迁移,节点提交/回调,规则版本、命中结果、输入摘要、处理结果
P095,宣传物料制作,员工端,R06,附件安全,附件完成病毒、格式、大小、敏感内容和权限校验,隔离附件并要求补充,上传/下载,规则版本、命中结果、输入摘要、处理结果
P095,宣传物料制作,员工端,R07,敏感字段,P2/P3字段按最小必要显示；导出需审批、水印、短链和二次认证,拒绝或脱敏,查看/导出,规则版本、命中结果、输入摘要、处理结果
P095,宣传物料制作,员工端,R08,版本一致性,历史实例固定流程、规则、表单和字典版本,版本冲突时禁止提交,保存/提交,规则版本、命中结果、输入摘要、处理结果
P095,宣传物料制作,员工端,R09,关闭条件,关闭前必须完成必选子任务、结算/回执、异常和归档检查,转整改/待关闭,关闭节点,规则版本、命中结果、输入摘要、处理结果
P095,宣传物料制作,员工端,R10,审计证据链,关键操作保留操作者、身份、时间、前后值、原因、哈希和请求ID,关键审计失败则阻断,全流程,规则版本、命中结果、输入摘要、处理结果
P095,宣传物料制作,员工端,R11,库存非负与锁定,可用量=账面量-锁定量，出库不得导致负库存,阻断并提示缺口,锁定/出库,规则版本、命中结果、输入摘要、处理结果
P095,宣传物料制作,员工端,R12,批次序列追溯,需追溯物品必须一物一码/一批一码，状态变更保留流水,阻断无编码操作,入库/出库/报损,规则版本、命中结果、输入摘要、处理结果
P095,宣传物料制作,员工端,,,,,,
P096,拍摄任务,员工端,R01,唯一性与幂等,同一业务对象、节点和幂等键不得重复创建有效单据,阻断并返回已有单号,所有提交/接口,规则版本、命中结果、输入摘要、处理结果
P096,拍摄任务,员工端,R02,身份与任职有效性,经办人须通过统一认证，当前任职身份在办理时点有效,阻断；重新选择身份或转授权,所有人工节点,规则版本、命中结果、输入摘要、处理结果
P096,拍摄任务,员工端,R03,组织数据范围,仅能查看和处理授权中心、部门、岗位或本人数据,拒绝访问并审计,查询/处理/导出,规则版本、命中结果、输入摘要、处理结果
P096,拍摄任务,员工端,R04,必填与格式,必填、类型、长度、时间区间、金额精度须通过服务端校验,退回当前表单,提交前,规则版本、命中结果、输入摘要、处理结果
P096,拍摄任务,员工端,R05,状态迁移,仅允许按已发布状态机迁移；重复回调返回原结果,阻断非法迁移,节点提交/回调,规则版本、命中结果、输入摘要、处理结果
P096,拍摄任务,员工端,R06,附件安全,附件完成病毒、格式、大小、敏感内容和权限校验,隔离附件并要求补充,上传/下载,规则版本、命中结果、输入摘要、处理结果
P096,拍摄任务,员工端,R07,敏感字段,P2/P3字段按最小必要显示；导出需审批、水印、短链和二次认证,拒绝或脱敏,查看/导出,规则版本、命中结果、输入摘要、处理结果
P096,拍摄任务,员工端,R08,版本一致性,历史实例固定流程、规则、表单和字典版本,版本冲突时禁止提交,保存/提交,规则版本、命中结果、输入摘要、处理结果
P096,拍摄任务,员工端,R09,关闭条件,关闭前必须完成必选子任务、结算/回执、异常和归档检查,转整改/待关闭,关闭节点,规则版本、命中结果、输入摘要、处理结果
P096,拍摄任务,员工端,R10,审计证据链,关键操作保留操作者、身份、时间、前后值、原因、哈希和请求ID,关键审计失败则阻断,全流程,规则版本、命中结果、输入摘要、处理结果
P096,拍摄任务,员工端,,,,,,
P097,返工变更,员工端,R01,唯一性与幂等,同一业务对象、节点和幂等键不得重复创建有效单据,阻断并返回已有单号,所有提交/接口,规则版本、命中结果、输入摘要、处理结果
P097,返工变更,员工端,R02,身份与任职有效性,经办人须通过统一认证，当前任职身份在办理时点有效,阻断；重新选择身份或转授权,所有人工节点,规则版本、命中结果、输入摘要、处理结果
P097,返工变更,员工端,R03,组织数据范围,仅能查看和处理授权中心、部门、岗位或本人数据,拒绝访问并审计,查询/处理/导出,规则版本、命中结果、输入摘要、处理结果
P097,返工变更,员工端,R04,必填与格式,必填、类型、长度、时间区间、金额精度须通过服务端校验,退回当前表单,提交前,规则版本、命中结果、输入摘要、处理结果
P097,返工变更,员工端,R05,状态迁移,仅允许按已发布状态机迁移；重复回调返回原结果,阻断非法迁移,节点提交/回调,规则版本、命中结果、输入摘要、处理结果
P097,返工变更,员工端,R06,附件安全,附件完成病毒、格式、大小、敏感内容和权限校验,隔离附件并要求补充,上传/下载,规则版本、命中结果、输入摘要、处理结果
P097,返工变更,员工端,R07,敏感字段,P2/P3字段按最小必要显示；导出需审批、水印、短链和二次认证,拒绝或脱敏,查看/导出,规则版本、命中结果、输入摘要、处理结果
P097,返工变更,员工端,R08,版本一致性,历史实例固定流程、规则、表单和字典版本,版本冲突时禁止提交,保存/提交,规则版本、命中结果、输入摘要、处理结果
P097,返工变更,员工端,R09,关闭条件,关闭前必须完成必选子任务、结算/回执、异常和归档检查,转整改/待关闭,关闭节点,规则版本、命中结果、输入摘要、处理结果
P097,返工变更,员工端,R10,审计证据链,关键操作保留操作者、身份、时间、前后值、原因、哈希和请求ID,关键审计失败则阻断,全流程,规则版本、命中结果、输入摘要、处理结果
P097,返工变更,员工端,,,,,,
P098,策划项目,员工端,R01,唯一性与幂等,同一业务对象、节点和幂等键不得重复创建有效单据,阻断并返回已有单号,所有提交/接口,规则版本、命中结果、输入摘要、处理结果
P098,策划项目,员工端,R02,身份与任职有效性,经办人须通过统一认证，当前任职身份在办理时点有效,阻断；重新选择身份或转授权,所有人工节点,规则版本、命中结果、输入摘要、处理结果
P098,策划项目,员工端,R03,组织数据范围,仅能查看和处理授权中心、部门、岗位或本人数据,拒绝访问并审计,查询/处理/导出,规则版本、命中结果、输入摘要、处理结果
P098,策划项目,员工端,R04,必填与格式,必填、类型、长度、时间区间、金额精度须通过服务端校验,退回当前表单,提交前,规则版本、命中结果、输入摘要、处理结果
P098,策划项目,员工端,R05,状态迁移,仅允许按已发布状态机迁移；重复回调返回原结果,阻断非法迁移,节点提交/回调,规则版本、命中结果、输入摘要、处理结果
P098,策划项目,员工端,R06,附件安全,附件完成病毒、格式、大小、敏感内容和权限校验,隔离附件并要求补充,上传/下载,规则版本、命中结果、输入摘要、处理结果
P098,策划项目,员工端,R07,敏感字段,P2/P3字段按最小必要显示；导出需审批、水印、短链和二次认证,拒绝或脱敏,查看/导出,规则版本、命中结果、输入摘要、处理结果
P098,策划项目,员工端,R08,版本一致性,历史实例固定流程、规则、表单和字典版本,版本冲突时禁止提交,保存/提交,规则版本、命中结果、输入摘要、处理结果
P098,策划项目,员工端,R09,关闭条件,关闭前必须完成必选子任务、结算/回执、异常和归档检查,转整改/待关闭,关闭节点,规则版本、命中结果、输入摘要、处理结果
P098,策划项目,员工端,R10,审计证据链,关键操作保留操作者、身份、时间、前后值、原因、哈希和请求ID,关键审计失败则阻断,全流程,规则版本、命中结果、输入摘要、处理结果
P098,策划项目,员工端,R11,金额与预算,金额非负，核定金额不超申请与可用预算，币种税率匹配规则,阻断并提示差异,金额保存/付款前,规则版本、命中结果、输入摘要、处理结果
P098,策划项目,员工端,R12,票据防重,发票代码、号码、日期、金额和影像哈希联合防重,阻断重复报销/付款,票据提交,规则版本、命中结果、输入摘要、处理结果
P098,策划项目,员工端,,,,,,
P099,方案变更,员工端,R01,唯一性与幂等,同一业务对象、节点和幂等键不得重复创建有效单据,阻断并返回已有单号,所有提交/接口,规则版本、命中结果、输入摘要、处理结果
P099,方案变更,员工端,R02,身份与任职有效性,经办人须通过统一认证，当前任职身份在办理时点有效,阻断；重新选择身份或转授权,所有人工节点,规则版本、命中结果、输入摘要、处理结果
P099,方案变更,员工端,R03,组织数据范围,仅能查看和处理授权中心、部门、岗位或本人数据,拒绝访问并审计,查询/处理/导出,规则版本、命中结果、输入摘要、处理结果
P099,方案变更,员工端,R04,必填与格式,必填、类型、长度、时间区间、金额精度须通过服务端校验,退回当前表单,提交前,规则版本、命中结果、输入摘要、处理结果
P099,方案变更,员工端,R05,状态迁移,仅允许按已发布状态机迁移；重复回调返回原结果,阻断非法迁移,节点提交/回调,规则版本、命中结果、输入摘要、处理结果
P099,方案变更,员工端,R06,附件安全,附件完成病毒、格式、大小、敏感内容和权限校验,隔离附件并要求补充,上传/下载,规则版本、命中结果、输入摘要、处理结果
P099,方案变更,员工端,R07,敏感字段,P2/P3字段按最小必要显示；导出需审批、水印、短链和二次认证,拒绝或脱敏,查看/导出,规则版本、命中结果、输入摘要、处理结果
P099,方案变更,员工端,R08,版本一致性,历史实例固定流程、规则、表单和字典版本,版本冲突时禁止提交,保存/提交,规则版本、命中结果、输入摘要、处理结果
P099,方案变更,员工端,R09,关闭条件,关闭前必须完成必选子任务、结算/回执、异常和归档检查,转整改/待关闭,关闭节点,规则版本、命中结果、输入摘要、处理结果
P099,方案变更,员工端,R10,审计证据链,关键操作保留操作者、身份、时间、前后值、原因、哈希和请求ID,关键审计失败则阻断,全流程,规则版本、命中结果、输入摘要、处理结果
P099,方案变更,员工端,R11,金额与预算,金额非负，核定金额不超申请与可用预算，币种税率匹配规则,阻断并提示差异,金额保存/付款前,规则版本、命中结果、输入摘要、处理结果
P099,方案变更,员工端,R12,票据防重,发票代码、号码、日期、金额和影像哈希联合防重,阻断重复报销/付款,票据提交,规则版本、命中结果、输入摘要、处理结果
P099,方案变更,员工端,,,,,,
P100,活动策划移交,员工端,R01,唯一性与幂等,同一业务对象、节点和幂等键不得重复创建有效单据,阻断并返回已有单号,所有提交/接口,规则版本、命中结果、输入摘要、处理结果
P100,活动策划移交,员工端,R02,身份与任职有效性,经办人须通过统一认证，当前任职身份在办理时点有效,阻断；重新选择身份或转授权,所有人工节点,规则版本、命中结果、输入摘要、处理结果
P100,活动策划移交,员工端,R03,组织数据范围,仅能查看和处理授权中心、部门、岗位或本人数据,拒绝访问并审计,查询/处理/导出,规则版本、命中结果、输入摘要、处理结果
P100,活动策划移交,员工端,R04,必填与格式,必填、类型、长度、时间区间、金额精度须通过服务端校验,退回当前表单,提交前,规则版本、命中结果、输入摘要、处理结果
P100,活动策划移交,员工端,R05,状态迁移,仅允许按已发布状态机迁移；重复回调返回原结果,阻断非法迁移,节点提交/回调,规则版本、命中结果、输入摘要、处理结果
P100,活动策划移交,员工端,R06,附件安全,附件完成病毒、格式、大小、敏感内容和权限校验,隔离附件并要求补充,上传/下载,规则版本、命中结果、输入摘要、处理结果
P100,活动策划移交,员工端,R07,敏感字段,P2/P3字段按最小必要显示；导出需审批、水印、短链和二次认证,拒绝或脱敏,查看/导出,规则版本、命中结果、输入摘要、处理结果
P100,活动策划移交,员工端,R08,版本一致性,历史实例固定流程、规则、表单和字典版本,版本冲突时禁止提交,保存/提交,规则版本、命中结果、输入摘要、处理结果
P100,活动策划移交,员工端,R09,关闭条件,关闭前必须完成必选子任务、结算/回执、异常和归档检查,转整改/待关闭,关闭节点,规则版本、命中结果、输入摘要、处理结果
P100,活动策划移交,员工端,R10,审计证据链,关键操作保留操作者、身份、时间、前后值、原因、哈希和请求ID,关键审计失败则阻断,全流程,规则版本、命中结果、输入摘要、处理结果
P100,活动策划移交,员工端,,,,,,
P101,产品上架,员工端,R01,唯一性与幂等,同一业务对象、节点和幂等键不得重复创建有效单据,阻断并返回已有单号,所有提交/接口,规则版本、命中结果、输入摘要、处理结果
P101,产品上架,员工端,R02,身份与任职有效性,经办人须通过统一认证，当前任职身份在办理时点有效,阻断；重新选择身份或转授权,所有人工节点,规则版本、命中结果、输入摘要、处理结果
P101,产品上架,员工端,R03,组织数据范围,仅能查看和处理授权中心、部门、岗位或本人数据,拒绝访问并审计,查询/处理/导出,规则版本、命中结果、输入摘要、处理结果
P101,产品上架,员工端,R04,必填与格式,必填、类型、长度、时间区间、金额精度须通过服务端校验,退回当前表单,提交前,规则版本、命中结果、输入摘要、处理结果
P101,产品上架,员工端,R05,状态迁移,仅允许按已发布状态机迁移；重复回调返回原结果,阻断非法迁移,节点提交/回调,规则版本、命中结果、输入摘要、处理结果
P101,产品上架,员工端,R06,附件安全,附件完成病毒、格式、大小、敏感内容和权限校验,隔离附件并要求补充,上传/下载,规则版本、命中结果、输入摘要、处理结果
P101,产品上架,员工端,R07,敏感字段,P2/P3字段按最小必要显示；导出需审批、水印、短链和二次认证,拒绝或脱敏,查看/导出,规则版本、命中结果、输入摘要、处理结果
P101,产品上架,员工端,R08,版本一致性,历史实例固定流程、规则、表单和字典版本,版本冲突时禁止提交,保存/提交,规则版本、命中结果、输入摘要、处理结果
P101,产品上架,员工端,R09,关闭条件,关闭前必须完成必选子任务、结算/回执、异常和归档检查,转整改/待关闭,关闭节点,规则版本、命中结果、输入摘要、处理结果
P101,产品上架,员工端,R10,审计证据链,关键操作保留操作者、身份、时间、前后值、原因、哈希和请求ID,关键审计失败则阻断,全流程,规则版本、命中结果、输入摘要、处理结果
P101,产品上架,员工端,R11,订单票码一致性,订单、支付、票码、核销、退款状态最终一致；冻结票码不得核销,进入差异队列,核销/退款,规则版本、命中结果、输入摘要、处理结果
P101,产品上架,员工端,R12,防重复核销,同一票码同一权益仅成功核销一次，离线回传幂等合并,返回原结果/转差异,核销,规则版本、命中结果、输入摘要、处理结果
P101,产品上架,员工端,R11,库存非负与锁定,可用量=账面量-锁定量，出库不得导致负库存,阻断并提示缺口,锁定/出库,规则版本、命中结果、输入摘要、处理结果
P101,产品上架,员工端,R12,批次序列追溯,需追溯物品必须一物一码/一批一码，状态变更保留流水,阻断无编码操作,入库/出库/报损,规则版本、命中结果、输入摘要、处理结果
P101,产品上架,员工端,,,,,,
P102,OTA订单,员工端,R01,唯一性与幂等,同一业务对象、节点和幂等键不得重复创建有效单据,阻断并返回已有单号,所有提交/接口,规则版本、命中结果、输入摘要、处理结果
P102,OTA订单,员工端,R02,身份与任职有效性,经办人须通过统一认证，当前任职身份在办理时点有效,阻断；重新选择身份或转授权,所有人工节点,规则版本、命中结果、输入摘要、处理结果
P102,OTA订单,员工端,R03,组织数据范围,仅能查看和处理授权中心、部门、岗位或本人数据,拒绝访问并审计,查询/处理/导出,规则版本、命中结果、输入摘要、处理结果
P102,OTA订单,员工端,R04,必填与格式,必填、类型、长度、时间区间、金额精度须通过服务端校验,退回当前表单,提交前,规则版本、命中结果、输入摘要、处理结果
P102,OTA订单,员工端,R05,状态迁移,仅允许按已发布状态机迁移；重复回调返回原结果,阻断非法迁移,节点提交/回调,规则版本、命中结果、输入摘要、处理结果
P102,OTA订单,员工端,R06,附件安全,附件完成病毒、格式、大小、敏感内容和权限校验,隔离附件并要求补充,上传/下载,规则版本、命中结果、输入摘要、处理结果
P102,OTA订单,员工端,R07,敏感字段,P2/P3字段按最小必要显示；导出需审批、水印、短链和二次认证,拒绝或脱敏,查看/导出,规则版本、命中结果、输入摘要、处理结果
P102,OTA订单,员工端,R08,版本一致性,历史实例固定流程、规则、表单和字典版本,版本冲突时禁止提交,保存/提交,规则版本、命中结果、输入摘要、处理结果
P102,OTA订单,员工端,R09,关闭条件,关闭前必须完成必选子任务、结算/回执、异常和归档检查,转整改/待关闭,关闭节点,规则版本、命中结果、输入摘要、处理结果
P102,OTA订单,员工端,R10,审计证据链,关键操作保留操作者、身份、时间、前后值、原因、哈希和请求ID,关键审计失败则阻断,全流程,规则版本、命中结果、输入摘要、处理结果
P102,OTA订单,员工端,R11,金额与预算,金额非负，核定金额不超申请与可用预算，币种税率匹配规则,阻断并提示差异,金额保存/付款前,规则版本、命中结果、输入摘要、处理结果
P102,OTA订单,员工端,R12,票据防重,发票代码、号码、日期、金额和影像哈希联合防重,阻断重复报销/付款,票据提交,规则版本、命中结果、输入摘要、处理结果
P102,OTA订单,员工端,R11,订单票码一致性,订单、支付、票码、核销、退款状态最终一致；冻结票码不得核销,进入差异队列,核销/退款,规则版本、命中结果、输入摘要、处理结果
P102,OTA订单,员工端,R12,防重复核销,同一票码同一权益仅成功核销一次，离线回传幂等合并,返回原结果/转差异,核销,规则版本、命中结果、输入摘要、处理结果
P102,OTA订单,员工端,R11,库存非负与锁定,可用量=账面量-锁定量，出库不得导致负库存,阻断并提示缺口,锁定/出库,规则版本、命中结果、输入摘要、处理结果
P102,OTA订单,员工端,R12,批次序列追溯,需追溯物品必须一物一码/一批一码，状态变更保留流水,阻断无编码操作,入库/出库/报损,规则版本、命中结果、输入摘要、处理结果
P102,OTA订单,员工端,,,,,,
P103,退款,员工端,R01,唯一性与幂等,同一业务对象、节点和幂等键不得重复创建有效单据,阻断并返回已有单号,所有提交/接口,规则版本、命中结果、输入摘要、处理结果
P103,退款,员工端,R02,身份与任职有效性,经办人须通过统一认证，当前任职身份在办理时点有效,阻断；重新选择身份或转授权,所有人工节点,规则版本、命中结果、输入摘要、处理结果
P103,退款,员工端,R03,组织数据范围,仅能查看和处理授权中心、部门、岗位或本人数据,拒绝访问并审计,查询/处理/导出,规则版本、命中结果、输入摘要、处理结果
P103,退款,员工端,R04,必填与格式,必填、类型、长度、时间区间、金额精度须通过服务端校验,退回当前表单,提交前,规则版本、命中结果、输入摘要、处理结果
P103,退款,员工端,R05,状态迁移,仅允许按已发布状态机迁移；重复回调返回原结果,阻断非法迁移,节点提交/回调,规则版本、命中结果、输入摘要、处理结果
P103,退款,员工端,R06,附件安全,附件完成病毒、格式、大小、敏感内容和权限校验,隔离附件并要求补充,上传/下载,规则版本、命中结果、输入摘要、处理结果
P103,退款,员工端,R07,敏感字段,P2/P3字段按最小必要显示；导出需审批、水印、短链和二次认证,拒绝或脱敏,查看/导出,规则版本、命中结果、输入摘要、处理结果
P103,退款,员工端,R08,版本一致性,历史实例固定流程、规则、表单和字典版本,版本冲突时禁止提交,保存/提交,规则版本、命中结果、输入摘要、处理结果
P103,退款,员工端,R09,关闭条件,关闭前必须完成必选子任务、结算/回执、异常和归档检查,转整改/待关闭,关闭节点,规则版本、命中结果、输入摘要、处理结果
P103,退款,员工端,R10,审计证据链,关键操作保留操作者、身份、时间、前后值、原因、哈希和请求ID,关键审计失败则阻断,全流程,规则版本、命中结果、输入摘要、处理结果
P103,退款,员工端,R11,金额与预算,金额非负，核定金额不超申请与可用预算，币种税率匹配规则,阻断并提示差异,金额保存/付款前,规则版本、命中结果、输入摘要、处理结果
P103,退款,员工端,R12,票据防重,发票代码、号码、日期、金额和影像哈希联合防重,阻断重复报销/付款,票据提交,规则版本、命中结果、输入摘要、处理结果
P103,退款,员工端,R11,订单票码一致性,订单、支付、票码、核销、退款状态最终一致；冻结票码不得核销,进入差异队列,核销/退款,规则版本、命中结果、输入摘要、处理结果
P103,退款,员工端,R12,防重复核销,同一票码同一权益仅成功核销一次，离线回传幂等合并,返回原结果/转差异,核销,规则版本、命中结果、输入摘要、处理结果
P103,退款,员工端,,,,,,
P104,评价客诉,员工端,R01,唯一性与幂等,同一业务对象、节点和幂等键不得重复创建有效单据,阻断并返回已有单号,所有提交/接口,规则版本、命中结果、输入摘要、处理结果
P104,评价客诉,员工端,R02,身份与任职有效性,经办人须通过统一认证，当前任职身份在办理时点有效,阻断；重新选择身份或转授权,所有人工节点,规则版本、命中结果、输入摘要、处理结果
P104,评价客诉,员工端,R03,组织数据范围,仅能查看和处理授权中心、部门、岗位或本人数据,拒绝访问并审计,查询/处理/导出,规则版本、命中结果、输入摘要、处理结果
P104,评价客诉,员工端,R04,必填与格式,必填、类型、长度、时间区间、金额精度须通过服务端校验,退回当前表单,提交前,规则版本、命中结果、输入摘要、处理结果
P104,评价客诉,员工端,R05,状态迁移,仅允许按已发布状态机迁移；重复回调返回原结果,阻断非法迁移,节点提交/回调,规则版本、命中结果、输入摘要、处理结果
P104,评价客诉,员工端,R06,附件安全,附件完成病毒、格式、大小、敏感内容和权限校验,隔离附件并要求补充,上传/下载,规则版本、命中结果、输入摘要、处理结果
P104,评价客诉,员工端,R07,敏感字段,P2/P3字段按最小必要显示；导出需审批、水印、短链和二次认证,拒绝或脱敏,查看/导出,规则版本、命中结果、输入摘要、处理结果
P104,评价客诉,员工端,R08,版本一致性,历史实例固定流程、规则、表单和字典版本,版本冲突时禁止提交,保存/提交,规则版本、命中结果、输入摘要、处理结果
P104,评价客诉,员工端,R09,关闭条件,关闭前必须完成必选子任务、结算/回执、异常和归档检查,转整改/待关闭,关闭节点,规则版本、命中结果、输入摘要、处理结果
P104,评价客诉,员工端,R10,审计证据链,关键操作保留操作者、身份、时间、前后值、原因、哈希和请求ID,关键审计失败则阻断,全流程,规则版本、命中结果、输入摘要、处理结果
P104,评价客诉,员工端,R11,订单票码一致性,订单、支付、票码、核销、退款状态最终一致；冻结票码不得核销,进入差异队列,核销/退款,规则版本、命中结果、输入摘要、处理结果
P104,评价客诉,员工端,R12,防重复核销,同一票码同一权益仅成功核销一次，离线回传幂等合并,返回原结果/转差异,核销,规则版本、命中结果、输入摘要、处理结果
P104,评价客诉,员工端,R11,先行止险,人员安全优先；重大事件允许先处置后补单，但不得删除证据,立即升级并锁证,事件触发,规则版本、命中结果、输入摘要、处理结果
P104,评价客诉,员工端,R12,唯一案件,同一事件保留一个主案件，相关工单、投诉、维修、赔付为子单,合并或关联已有案件,立案,规则版本、命中结果、输入摘要、处理结果
P104,评价客诉,员工端,,,,,,
P105,短视频发布,员工端,R01,唯一性与幂等,同一业务对象、节点和幂等键不得重复创建有效单据,阻断并返回已有单号,所有提交/接口,规则版本、命中结果、输入摘要、处理结果
P105,短视频发布,员工端,R02,身份与任职有效性,经办人须通过统一认证，当前任职身份在办理时点有效,阻断；重新选择身份或转授权,所有人工节点,规则版本、命中结果、输入摘要、处理结果
P105,短视频发布,员工端,R03,组织数据范围,仅能查看和处理授权中心、部门、岗位或本人数据,拒绝访问并审计,查询/处理/导出,规则版本、命中结果、输入摘要、处理结果
P105,短视频发布,员工端,R04,必填与格式,必填、类型、长度、时间区间、金额精度须通过服务端校验,退回当前表单,提交前,规则版本、命中结果、输入摘要、处理结果
P105,短视频发布,员工端,R05,状态迁移,仅允许按已发布状态机迁移；重复回调返回原结果,阻断非法迁移,节点提交/回调,规则版本、命中结果、输入摘要、处理结果
P105,短视频发布,员工端,R06,附件安全,附件完成病毒、格式、大小、敏感内容和权限校验,隔离附件并要求补充,上传/下载,规则版本、命中结果、输入摘要、处理结果
P105,短视频发布,员工端,R07,敏感字段,P2/P3字段按最小必要显示；导出需审批、水印、短链和二次认证,拒绝或脱敏,查看/导出,规则版本、命中结果、输入摘要、处理结果
P105,短视频发布,员工端,R08,版本一致性,历史实例固定流程、规则、表单和字典版本,版本冲突时禁止提交,保存/提交,规则版本、命中结果、输入摘要、处理结果
P105,短视频发布,员工端,R09,关闭条件,关闭前必须完成必选子任务、结算/回执、异常和归档检查,转整改/待关闭,关闭节点,规则版本、命中结果、输入摘要、处理结果
P105,短视频发布,员工端,R10,审计证据链,关键操作保留操作者、身份、时间、前后值、原因、哈希和请求ID,关键审计失败则阻断,全流程,规则版本、命中结果、输入摘要、处理结果
P105,短视频发布,员工端,,,,,,
P106,直播执行,员工端,R01,唯一性与幂等,同一业务对象、节点和幂等键不得重复创建有效单据,阻断并返回已有单号,所有提交/接口,规则版本、命中结果、输入摘要、处理结果
P106,直播执行,员工端,R02,身份与任职有效性,经办人须通过统一认证，当前任职身份在办理时点有效,阻断；重新选择身份或转授权,所有人工节点,规则版本、命中结果、输入摘要、处理结果
P106,直播执行,员工端,R03,组织数据范围,仅能查看和处理授权中心、部门、岗位或本人数据,拒绝访问并审计,查询/处理/导出,规则版本、命中结果、输入摘要、处理结果
P106,直播执行,员工端,R04,必填与格式,必填、类型、长度、时间区间、金额精度须通过服务端校验,退回当前表单,提交前,规则版本、命中结果、输入摘要、处理结果
P106,直播执行,员工端,R05,状态迁移,仅允许按已发布状态机迁移；重复回调返回原结果,阻断非法迁移,节点提交/回调,规则版本、命中结果、输入摘要、处理结果
P106,直播执行,员工端,R06,附件安全,附件完成病毒、格式、大小、敏感内容和权限校验,隔离附件并要求补充,上传/下载,规则版本、命中结果、输入摘要、处理结果
P106,直播执行,员工端,R07,敏感字段,P2/P3字段按最小必要显示；导出需审批、水印、短链和二次认证,拒绝或脱敏,查看/导出,规则版本、命中结果、输入摘要、处理结果
P106,直播执行,员工端,R08,版本一致性,历史实例固定流程、规则、表单和字典版本,版本冲突时禁止提交,保存/提交,规则版本、命中结果、输入摘要、处理结果
P106,直播执行,员工端,R09,关闭条件,关闭前必须完成必选子任务、结算/回执、异常和归档检查,转整改/待关闭,关闭节点,规则版本、命中结果、输入摘要、处理结果
P106,直播执行,员工端,R10,审计证据链,关键操作保留操作者、身份、时间、前后值、原因、哈希和请求ID,关键审计失败则阻断,全流程,规则版本、命中结果、输入摘要、处理结果
P106,直播执行,员工端,R11,时间重叠,假勤、排班、加班区间不得与已生效记录冲突,阻断或转例外审批,时间提交,规则版本、命中结果、输入摘要、处理结果
P106,直播执行,员工端,R12,额度账本,额度只通过预占、扣减、释放和差额调整流水变更,转账本调整单,审批/销假,规则版本、命中结果、输入摘要、处理结果
P106,直播执行,员工端,R11,订单票码一致性,订单、支付、票码、核销、退款状态最终一致；冻结票码不得核销,进入差异队列,核销/退款,规则版本、命中结果、输入摘要、处理结果
P106,直播执行,员工端,R12,防重复核销,同一票码同一权益仅成功核销一次，离线回传幂等合并,返回原结果/转差异,核销,规则版本、命中结果、输入摘要、处理结果
P106,直播执行,员工端,,,,,,
P107,投放,员工端,R01,唯一性与幂等,同一业务对象、节点和幂等键不得重复创建有效单据,阻断并返回已有单号,所有提交/接口,规则版本、命中结果、输入摘要、处理结果
P107,投放,员工端,R02,身份与任职有效性,经办人须通过统一认证，当前任职身份在办理时点有效,阻断；重新选择身份或转授权,所有人工节点,规则版本、命中结果、输入摘要、处理结果
P107,投放,员工端,R03,组织数据范围,仅能查看和处理授权中心、部门、岗位或本人数据,拒绝访问并审计,查询/处理/导出,规则版本、命中结果、输入摘要、处理结果
P107,投放,员工端,R04,必填与格式,必填、类型、长度、时间区间、金额精度须通过服务端校验,退回当前表单,提交前,规则版本、命中结果、输入摘要、处理结果
P107,投放,员工端,R05,状态迁移,仅允许按已发布状态机迁移；重复回调返回原结果,阻断非法迁移,节点提交/回调,规则版本、命中结果、输入摘要、处理结果
P107,投放,员工端,R06,附件安全,附件完成病毒、格式、大小、敏感内容和权限校验,隔离附件并要求补充,上传/下载,规则版本、命中结果、输入摘要、处理结果
P107,投放,员工端,R07,敏感字段,P2/P3字段按最小必要显示；导出需审批、水印、短链和二次认证,拒绝或脱敏,查看/导出,规则版本、命中结果、输入摘要、处理结果
P107,投放,员工端,R08,版本一致性,历史实例固定流程、规则、表单和字典版本,版本冲突时禁止提交,保存/提交,规则版本、命中结果、输入摘要、处理结果
P107,投放,员工端,R09,关闭条件,关闭前必须完成必选子任务、结算/回执、异常和归档检查,转整改/待关闭,关闭节点,规则版本、命中结果、输入摘要、处理结果
P107,投放,员工端,R10,审计证据链,关键操作保留操作者、身份、时间、前后值、原因、哈希和请求ID,关键审计失败则阻断,全流程,规则版本、命中结果、输入摘要、处理结果
P107,投放,员工端,R11,金额与预算,金额非负，核定金额不超申请与可用预算，币种税率匹配规则,阻断并提示差异,金额保存/付款前,规则版本、命中结果、输入摘要、处理结果
P107,投放,员工端,R12,票据防重,发票代码、号码、日期、金额和影像哈希联合防重,阻断重复报销/付款,票据提交,规则版本、命中结果、输入摘要、处理结果
P107,投放,员工端,,,,,,
P108,舆情,员工端,R01,唯一性与幂等,同一业务对象、节点和幂等键不得重复创建有效单据,阻断并返回已有单号,所有提交/接口,规则版本、命中结果、输入摘要、处理结果
P108,舆情,员工端,R02,身份与任职有效性,经办人须通过统一认证，当前任职身份在办理时点有效,阻断；重新选择身份或转授权,所有人工节点,规则版本、命中结果、输入摘要、处理结果
P108,舆情,员工端,R03,组织数据范围,仅能查看和处理授权中心、部门、岗位或本人数据,拒绝访问并审计,查询/处理/导出,规则版本、命中结果、输入摘要、处理结果
P108,舆情,员工端,R04,必填与格式,必填、类型、长度、时间区间、金额精度须通过服务端校验,退回当前表单,提交前,规则版本、命中结果、输入摘要、处理结果
P108,舆情,员工端,R05,状态迁移,仅允许按已发布状态机迁移；重复回调返回原结果,阻断非法迁移,节点提交/回调,规则版本、命中结果、输入摘要、处理结果
P108,舆情,员工端,R06,附件安全,附件完成病毒、格式、大小、敏感内容和权限校验,隔离附件并要求补充,上传/下载,规则版本、命中结果、输入摘要、处理结果
P108,舆情,员工端,R07,敏感字段,P2/P3字段按最小必要显示；导出需审批、水印、短链和二次认证,拒绝或脱敏,查看/导出,规则版本、命中结果、输入摘要、处理结果
P108,舆情,员工端,R08,版本一致性,历史实例固定流程、规则、表单和字典版本,版本冲突时禁止提交,保存/提交,规则版本、命中结果、输入摘要、处理结果
P108,舆情,员工端,R09,关闭条件,关闭前必须完成必选子任务、结算/回执、异常和归档检查,转整改/待关闭,关闭节点,规则版本、命中结果、输入摘要、处理结果
P108,舆情,员工端,R10,审计证据链,关键操作保留操作者、身份、时间、前后值、原因、哈希和请求ID,关键审计失败则阻断,全流程,规则版本、命中结果、输入摘要、处理结果
P108,舆情,员工端,R11,先行止险,人员安全优先；重大事件允许先处置后补单，但不得删除证据,立即升级并锁证,事件触发,规则版本、命中结果、输入摘要、处理结果
P108,舆情,员工端,R12,唯一案件,同一事件保留一个主案件，相关工单、投诉、维修、赔付为子单,合并或关联已有案件,立案,规则版本、命中结果、输入摘要、处理结果
P108,舆情,员工端,,,,,,
P109,品牌授权,员工端,R01,唯一性与幂等,同一业务对象、节点和幂等键不得重复创建有效单据,阻断并返回已有单号,所有提交/接口,规则版本、命中结果、输入摘要、处理结果
P109,品牌授权,员工端,R02,身份与任职有效性,经办人须通过统一认证，当前任职身份在办理时点有效,阻断；重新选择身份或转授权,所有人工节点,规则版本、命中结果、输入摘要、处理结果
P109,品牌授权,员工端,R03,组织数据范围,仅能查看和处理授权中心、部门、岗位或本人数据,拒绝访问并审计,查询/处理/导出,规则版本、命中结果、输入摘要、处理结果
P109,品牌授权,员工端,R04,必填与格式,必填、类型、长度、时间区间、金额精度须通过服务端校验,退回当前表单,提交前,规则版本、命中结果、输入摘要、处理结果
P109,品牌授权,员工端,R05,状态迁移,仅允许按已发布状态机迁移；重复回调返回原结果,阻断非法迁移,节点提交/回调,规则版本、命中结果、输入摘要、处理结果
P109,品牌授权,员工端,R06,附件安全,附件完成病毒、格式、大小、敏感内容和权限校验,隔离附件并要求补充,上传/下载,规则版本、命中结果、输入摘要、处理结果
P109,品牌授权,员工端,R07,敏感字段,P2/P3字段按最小必要显示；导出需审批、水印、短链和二次认证,拒绝或脱敏,查看/导出,规则版本、命中结果、输入摘要、处理结果
P109,品牌授权,员工端,R08,版本一致性,历史实例固定流程、规则、表单和字典版本,版本冲突时禁止提交,保存/提交,规则版本、命中结果、输入摘要、处理结果
P109,品牌授权,员工端,R09,关闭条件,关闭前必须完成必选子任务、结算/回执、异常和归档检查,转整改/待关闭,关闭节点,规则版本、命中结果、输入摘要、处理结果
P109,品牌授权,员工端,R10,审计证据链,关键操作保留操作者、身份、时间、前后值、原因、哈希和请求ID,关键审计失败则阻断,全流程,规则版本、命中结果、输入摘要、处理结果
P109,品牌授权,员工端,R11,先行止险,人员安全优先；重大事件允许先处置后补单，但不得删除证据,立即升级并锁证,事件触发,规则版本、命中结果、输入摘要、处理结果
P109,品牌授权,员工端,R12,唯一案件,同一事件保留一个主案件，相关工单、投诉、维修、赔付为子单,合并或关联已有案件,立案,规则版本、命中结果、输入摘要、处理结果
P109,品牌授权,员工端,,,,,,
P110,物料审核,员工端,R01,唯一性与幂等,同一业务对象、节点和幂等键不得重复创建有效单据,阻断并返回已有单号,所有提交/接口,规则版本、命中结果、输入摘要、处理结果
P110,物料审核,员工端,R02,身份与任职有效性,经办人须通过统一认证，当前任职身份在办理时点有效,阻断；重新选择身份或转授权,所有人工节点,规则版本、命中结果、输入摘要、处理结果
P110,物料审核,员工端,R03,组织数据范围,仅能查看和处理授权中心、部门、岗位或本人数据,拒绝访问并审计,查询/处理/导出,规则版本、命中结果、输入摘要、处理结果
P110,物料审核,员工端,R04,必填与格式,必填、类型、长度、时间区间、金额精度须通过服务端校验,退回当前表单,提交前,规则版本、命中结果、输入摘要、处理结果
P110,物料审核,员工端,R05,状态迁移,仅允许按已发布状态机迁移；重复回调返回原结果,阻断非法迁移,节点提交/回调,规则版本、命中结果、输入摘要、处理结果
P110,物料审核,员工端,R06,附件安全,附件完成病毒、格式、大小、敏感内容和权限校验,隔离附件并要求补充,上传/下载,规则版本、命中结果、输入摘要、处理结果
P110,物料审核,员工端,R07,敏感字段,P2/P3字段按最小必要显示；导出需审批、水印、短链和二次认证,拒绝或脱敏,查看/导出,规则版本、命中结果、输入摘要、处理结果
P110,物料审核,员工端,R08,版本一致性,历史实例固定流程、规则、表单和字典版本,版本冲突时禁止提交,保存/提交,规则版本、命中结果、输入摘要、处理结果
P110,物料审核,员工端,R09,关闭条件,关闭前必须完成必选子任务、结算/回执、异常和归档检查,转整改/待关闭,关闭节点,规则版本、命中结果、输入摘要、处理结果
P110,物料审核,员工端,R10,审计证据链,关键操作保留操作者、身份、时间、前后值、原因、哈希和请求ID,关键审计失败则阻断,全流程,规则版本、命中结果、输入摘要、处理结果
P110,物料审核,员工端,,,,,,
P111,侵权处理,员工端,R01,唯一性与幂等,同一业务对象、节点和幂等键不得重复创建有效单据,阻断并返回已有单号,所有提交/接口,规则版本、命中结果、输入摘要、处理结果
P111,侵权处理,员工端,R02,身份与任职有效性,经办人须通过统一认证，当前任职身份在办理时点有效,阻断；重新选择身份或转授权,所有人工节点,规则版本、命中结果、输入摘要、处理结果
P111,侵权处理,员工端,R03,组织数据范围,仅能查看和处理授权中心、部门、岗位或本人数据,拒绝访问并审计,查询/处理/导出,规则版本、命中结果、输入摘要、处理结果
P111,侵权处理,员工端,R04,必填与格式,必填、类型、长度、时间区间、金额精度须通过服务端校验,退回当前表单,提交前,规则版本、命中结果、输入摘要、处理结果
P111,侵权处理,员工端,R05,状态迁移,仅允许按已发布状态机迁移；重复回调返回原结果,阻断非法迁移,节点提交/回调,规则版本、命中结果、输入摘要、处理结果
P111,侵权处理,员工端,R06,附件安全,附件完成病毒、格式、大小、敏感内容和权限校验,隔离附件并要求补充,上传/下载,规则版本、命中结果、输入摘要、处理结果
P111,侵权处理,员工端,R07,敏感字段,P2/P3字段按最小必要显示；导出需审批、水印、短链和二次认证,拒绝或脱敏,查看/导出,规则版本、命中结果、输入摘要、处理结果
P111,侵权处理,员工端,R08,版本一致性,历史实例固定流程、规则、表单和字典版本,版本冲突时禁止提交,保存/提交,规则版本、命中结果、输入摘要、处理结果
P111,侵权处理,员工端,R09,关闭条件,关闭前必须完成必选子任务、结算/回执、异常和归档检查,转整改/待关闭,关闭节点,规则版本、命中结果、输入摘要、处理结果
P111,侵权处理,员工端,R10,审计证据链,关键操作保留操作者、身份、时间、前后值、原因、哈希和请求ID,关键审计失败则阻断,全流程,规则版本、命中结果、输入摘要、处理结果
P111,侵权处理,员工端,R11,先行止险,人员安全优先；重大事件允许先处置后补单，但不得删除证据,立即升级并锁证,事件触发,规则版本、命中结果、输入摘要、处理结果
P111,侵权处理,员工端,R12,唯一案件,同一事件保留一个主案件，相关工单、投诉、维修、赔付为子单,合并或关联已有案件,立案,规则版本、命中结果、输入摘要、处理结果
P111,侵权处理,员工端,,,,,,
P112,标准接待,员工端,R01,唯一性与幂等,同一业务对象、节点和幂等键不得重复创建有效单据,阻断并返回已有单号,所有提交/接口,规则版本、命中结果、输入摘要、处理结果
P112,标准接待,员工端,R02,身份与任职有效性,经办人须通过统一认证，当前任职身份在办理时点有效,阻断；重新选择身份或转授权,所有人工节点,规则版本、命中结果、输入摘要、处理结果
P112,标准接待,员工端,R03,组织数据范围,仅能查看和处理授权中心、部门、岗位或本人数据,拒绝访问并审计,查询/处理/导出,规则版本、命中结果、输入摘要、处理结果
P112,标准接待,员工端,R04,必填与格式,必填、类型、长度、时间区间、金额精度须通过服务端校验,退回当前表单,提交前,规则版本、命中结果、输入摘要、处理结果
P112,标准接待,员工端,R05,状态迁移,仅允许按已发布状态机迁移；重复回调返回原结果,阻断非法迁移,节点提交/回调,规则版本、命中结果、输入摘要、处理结果
P112,标准接待,员工端,R06,附件安全,附件完成病毒、格式、大小、敏感内容和权限校验,隔离附件并要求补充,上传/下载,规则版本、命中结果、输入摘要、处理结果
P112,标准接待,员工端,R07,敏感字段,P2/P3字段按最小必要显示；导出需审批、水印、短链和二次认证,拒绝或脱敏,查看/导出,规则版本、命中结果、输入摘要、处理结果
P112,标准接待,员工端,R08,版本一致性,历史实例固定流程、规则、表单和字典版本,版本冲突时禁止提交,保存/提交,规则版本、命中结果、输入摘要、处理结果
P112,标准接待,员工端,R09,关闭条件,关闭前必须完成必选子任务、结算/回执、异常和归档检查,转整改/待关闭,关闭节点,规则版本、命中结果、输入摘要、处理结果
P112,标准接待,员工端,R10,审计证据链,关键操作保留操作者、身份、时间、前后值、原因、哈希和请求ID,关键审计失败则阻断,全流程,规则版本、命中结果、输入摘要、处理结果
P112,标准接待,员工端,R11,金额与预算,金额非负，核定金额不超申请与可用预算，币种税率匹配规则,阻断并提示差异,金额保存/付款前,规则版本、命中结果、输入摘要、处理结果
P112,标准接待,员工端,R12,票据防重,发票代码、号码、日期、金额和影像哈希联合防重,阻断重复报销/付款,票据提交,规则版本、命中结果、输入摘要、处理结果
P112,标准接待,员工端,,,,,,
P113,临时变更,员工端,R01,唯一性与幂等,同一业务对象、节点和幂等键不得重复创建有效单据,阻断并返回已有单号,所有提交/接口,规则版本、命中结果、输入摘要、处理结果
P113,临时变更,员工端,R02,身份与任职有效性,经办人须通过统一认证，当前任职身份在办理时点有效,阻断；重新选择身份或转授权,所有人工节点,规则版本、命中结果、输入摘要、处理结果
P113,临时变更,员工端,R03,组织数据范围,仅能查看和处理授权中心、部门、岗位或本人数据,拒绝访问并审计,查询/处理/导出,规则版本、命中结果、输入摘要、处理结果
P113,临时变更,员工端,R04,必填与格式,必填、类型、长度、时间区间、金额精度须通过服务端校验,退回当前表单,提交前,规则版本、命中结果、输入摘要、处理结果
P113,临时变更,员工端,R05,状态迁移,仅允许按已发布状态机迁移；重复回调返回原结果,阻断非法迁移,节点提交/回调,规则版本、命中结果、输入摘要、处理结果
P113,临时变更,员工端,R06,附件安全,附件完成病毒、格式、大小、敏感内容和权限校验,隔离附件并要求补充,上传/下载,规则版本、命中结果、输入摘要、处理结果
P113,临时变更,员工端,R07,敏感字段,P2/P3字段按最小必要显示；导出需审批、水印、短链和二次认证,拒绝或脱敏,查看/导出,规则版本、命中结果、输入摘要、处理结果
P113,临时变更,员工端,R08,版本一致性,历史实例固定流程、规则、表单和字典版本,版本冲突时禁止提交,保存/提交,规则版本、命中结果、输入摘要、处理结果
P113,临时变更,员工端,R09,关闭条件,关闭前必须完成必选子任务、结算/回执、异常和归档检查,转整改/待关闭,关闭节点,规则版本、命中结果、输入摘要、处理结果
P113,临时变更,员工端,R10,审计证据链,关键操作保留操作者、身份、时间、前后值、原因、哈希和请求ID,关键审计失败则阻断,全流程,规则版本、命中结果、输入摘要、处理结果
P113,临时变更,员工端,,,,,,
P114,导游执行,员工端,R01,唯一性与幂等,同一业务对象、节点和幂等键不得重复创建有效单据,阻断并返回已有单号,所有提交/接口,规则版本、命中结果、输入摘要、处理结果
P114,导游执行,员工端,R02,身份与任职有效性,经办人须通过统一认证，当前任职身份在办理时点有效,阻断；重新选择身份或转授权,所有人工节点,规则版本、命中结果、输入摘要、处理结果
P114,导游执行,员工端,R03,组织数据范围,仅能查看和处理授权中心、部门、岗位或本人数据,拒绝访问并审计,查询/处理/导出,规则版本、命中结果、输入摘要、处理结果
P114,导游执行,员工端,R04,必填与格式,必填、类型、长度、时间区间、金额精度须通过服务端校验,退回当前表单,提交前,规则版本、命中结果、输入摘要、处理结果
P114,导游执行,员工端,R05,状态迁移,仅允许按已发布状态机迁移；重复回调返回原结果,阻断非法迁移,节点提交/回调,规则版本、命中结果、输入摘要、处理结果
P114,导游执行,员工端,R06,附件安全,附件完成病毒、格式、大小、敏感内容和权限校验,隔离附件并要求补充,上传/下载,规则版本、命中结果、输入摘要、处理结果
P114,导游执行,员工端,R07,敏感字段,P2/P3字段按最小必要显示；导出需审批、水印、短链和二次认证,拒绝或脱敏,查看/导出,规则版本、命中结果、输入摘要、处理结果
P114,导游执行,员工端,R08,版本一致性,历史实例固定流程、规则、表单和字典版本,版本冲突时禁止提交,保存/提交,规则版本、命中结果、输入摘要、处理结果
P114,导游执行,员工端,R09,关闭条件,关闭前必须完成必选子任务、结算/回执、异常和归档检查,转整改/待关闭,关闭节点,规则版本、命中结果、输入摘要、处理结果
P114,导游执行,员工端,R10,审计证据链,关键操作保留操作者、身份、时间、前后值、原因、哈希和请求ID,关键审计失败则阻断,全流程,规则版本、命中结果、输入摘要、处理结果
P114,导游执行,员工端,R11,时间重叠,假勤、排班、加班区间不得与已生效记录冲突,阻断或转例外审批,时间提交,规则版本、命中结果、输入摘要、处理结果
P114,导游执行,员工端,R12,额度账本,额度只通过预占、扣减、释放和差额调整流水变更,转账本调整单,审批/销假,规则版本、命中结果、输入摘要、处理结果
P114,导游执行,员工端,R11,订单票码一致性,订单、支付、票码、核销、退款状态最终一致；冻结票码不得核销,进入差异队列,核销/退款,规则版本、命中结果、输入摘要、处理结果
P114,导游执行,员工端,R12,防重复核销,同一票码同一权益仅成功核销一次，离线回传幂等合并,返回原结果/转差异,核销,规则版本、命中结果、输入摘要、处理结果
P114,导游执行,员工端,,,,,,
P115,接待客诉,员工端,R01,唯一性与幂等,同一业务对象、节点和幂等键不得重复创建有效单据,阻断并返回已有单号,所有提交/接口,规则版本、命中结果、输入摘要、处理结果
P115,接待客诉,员工端,R02,身份与任职有效性,经办人须通过统一认证，当前任职身份在办理时点有效,阻断；重新选择身份或转授权,所有人工节点,规则版本、命中结果、输入摘要、处理结果
P115,接待客诉,员工端,R03,组织数据范围,仅能查看和处理授权中心、部门、岗位或本人数据,拒绝访问并审计,查询/处理/导出,规则版本、命中结果、输入摘要、处理结果
P115,接待客诉,员工端,R04,必填与格式,必填、类型、长度、时间区间、金额精度须通过服务端校验,退回当前表单,提交前,规则版本、命中结果、输入摘要、处理结果
P115,接待客诉,员工端,R05,状态迁移,仅允许按已发布状态机迁移；重复回调返回原结果,阻断非法迁移,节点提交/回调,规则版本、命中结果、输入摘要、处理结果
P115,接待客诉,员工端,R06,附件安全,附件完成病毒、格式、大小、敏感内容和权限校验,隔离附件并要求补充,上传/下载,规则版本、命中结果、输入摘要、处理结果
P115,接待客诉,员工端,R07,敏感字段,P2/P3字段按最小必要显示；导出需审批、水印、短链和二次认证,拒绝或脱敏,查看/导出,规则版本、命中结果、输入摘要、处理结果
P115,接待客诉,员工端,R08,版本一致性,历史实例固定流程、规则、表单和字典版本,版本冲突时禁止提交,保存/提交,规则版本、命中结果、输入摘要、处理结果
P115,接待客诉,员工端,R09,关闭条件,关闭前必须完成必选子任务、结算/回执、异常和归档检查,转整改/待关闭,关闭节点,规则版本、命中结果、输入摘要、处理结果
P115,接待客诉,员工端,R10,审计证据链,关键操作保留操作者、身份、时间、前后值、原因、哈希和请求ID,关键审计失败则阻断,全流程,规则版本、命中结果、输入摘要、处理结果
P115,接待客诉,员工端,R11,先行止险,人员安全优先；重大事件允许先处置后补单，但不得删除证据,立即升级并锁证,事件触发,规则版本、命中结果、输入摘要、处理结果
P115,接待客诉,员工端,R12,唯一案件,同一事件保留一个主案件，相关工单、投诉、维修、赔付为子单,合并或关联已有案件,立案,规则版本、命中结果、输入摘要、处理结果
P115,接待客诉,员工端,,,,,,
P116,线索转商机,员工端,R01,唯一性与幂等,同一业务对象、节点和幂等键不得重复创建有效单据,阻断并返回已有单号,所有提交/接口,规则版本、命中结果、输入摘要、处理结果
P116,线索转商机,员工端,R02,身份与任职有效性,经办人须通过统一认证，当前任职身份在办理时点有效,阻断；重新选择身份或转授权,所有人工节点,规则版本、命中结果、输入摘要、处理结果
P116,线索转商机,员工端,R03,组织数据范围,仅能查看和处理授权中心、部门、岗位或本人数据,拒绝访问并审计,查询/处理/导出,规则版本、命中结果、输入摘要、处理结果
P116,线索转商机,员工端,R04,必填与格式,必填、类型、长度、时间区间、金额精度须通过服务端校验,退回当前表单,提交前,规则版本、命中结果、输入摘要、处理结果
P116,线索转商机,员工端,R05,状态迁移,仅允许按已发布状态机迁移；重复回调返回原结果,阻断非法迁移,节点提交/回调,规则版本、命中结果、输入摘要、处理结果
P116,线索转商机,员工端,R06,附件安全,附件完成病毒、格式、大小、敏感内容和权限校验,隔离附件并要求补充,上传/下载,规则版本、命中结果、输入摘要、处理结果
P116,线索转商机,员工端,R07,敏感字段,P2/P3字段按最小必要显示；导出需审批、水印、短链和二次认证,拒绝或脱敏,查看/导出,规则版本、命中结果、输入摘要、处理结果
P116,线索转商机,员工端,R08,版本一致性,历史实例固定流程、规则、表单和字典版本,版本冲突时禁止提交,保存/提交,规则版本、命中结果、输入摘要、处理结果
P116,线索转商机,员工端,R09,关闭条件,关闭前必须完成必选子任务、结算/回执、异常和归档检查,转整改/待关闭,关闭节点,规则版本、命中结果、输入摘要、处理结果
P116,线索转商机,员工端,R10,审计证据链,关键操作保留操作者、身份、时间、前后值、原因、哈希和请求ID,关键审计失败则阻断,全流程,规则版本、命中结果、输入摘要、处理结果
P116,线索转商机,员工端,,,,,,
P117,销售成交,员工端,R01,唯一性与幂等,同一业务对象、节点和幂等键不得重复创建有效单据,阻断并返回已有单号,所有提交/接口,规则版本、命中结果、输入摘要、处理结果
P117,销售成交,员工端,R02,身份与任职有效性,经办人须通过统一认证，当前任职身份在办理时点有效,阻断；重新选择身份或转授权,所有人工节点,规则版本、命中结果、输入摘要、处理结果
P117,销售成交,员工端,R03,组织数据范围,仅能查看和处理授权中心、部门、岗位或本人数据,拒绝访问并审计,查询/处理/导出,规则版本、命中结果、输入摘要、处理结果
P117,销售成交,员工端,R04,必填与格式,必填、类型、长度、时间区间、金额精度须通过服务端校验,退回当前表单,提交前,规则版本、命中结果、输入摘要、处理结果
P117,销售成交,员工端,R05,状态迁移,仅允许按已发布状态机迁移；重复回调返回原结果,阻断非法迁移,节点提交/回调,规则版本、命中结果、输入摘要、处理结果
P117,销售成交,员工端,R06,附件安全,附件完成病毒、格式、大小、敏感内容和权限校验,隔离附件并要求补充,上传/下载,规则版本、命中结果、输入摘要、处理结果
P117,销售成交,员工端,R07,敏感字段,P2/P3字段按最小必要显示；导出需审批、水印、短链和二次认证,拒绝或脱敏,查看/导出,规则版本、命中结果、输入摘要、处理结果
P117,销售成交,员工端,R08,版本一致性,历史实例固定流程、规则、表单和字典版本,版本冲突时禁止提交,保存/提交,规则版本、命中结果、输入摘要、处理结果
P117,销售成交,员工端,R09,关闭条件,关闭前必须完成必选子任务、结算/回执、异常和归档检查,转整改/待关闭,关闭节点,规则版本、命中结果、输入摘要、处理结果
P117,销售成交,员工端,R10,审计证据链,关键操作保留操作者、身份、时间、前后值、原因、哈希和请求ID,关键审计失败则阻断,全流程,规则版本、命中结果、输入摘要、处理结果
P117,销售成交,员工端,R11,金额与预算,金额非负，核定金额不超申请与可用预算，币种税率匹配规则,阻断并提示差异,金额保存/付款前,规则版本、命中结果、输入摘要、处理结果
P117,销售成交,员工端,R12,票据防重,发票代码、号码、日期、金额和影像哈希联合防重,阻断重复报销/付款,票据提交,规则版本、命中结果、输入摘要、处理结果
P117,销售成交,员工端,R11,订单票码一致性,订单、支付、票码、核销、退款状态最终一致；冻结票码不得核销,进入差异队列,核销/退款,规则版本、命中结果、输入摘要、处理结果
P117,销售成交,员工端,R12,防重复核销,同一票码同一权益仅成功核销一次，离线回传幂等合并,返回原结果/转差异,核销,规则版本、命中结果、输入摘要、处理结果
P117,销售成交,员工端,R11,文档不可变,签署发起后哈希、主体、顺序和关键数据不可修改,作废并新建批次,签署发起后,规则版本、命中结果、输入摘要、处理结果
P117,销售成交,员工端,R12,证据归档,文件、证书、时间戳、回调报文和验签结果成套归档,不得更新为已签署,签署完成,规则版本、命中结果、输入摘要、处理结果
P117,销售成交,员工端,,,,,,
P118,二次销售,员工端,R01,唯一性与幂等,同一业务对象、节点和幂等键不得重复创建有效单据,阻断并返回已有单号,所有提交/接口,规则版本、命中结果、输入摘要、处理结果
P118,二次销售,员工端,R02,身份与任职有效性,经办人须通过统一认证，当前任职身份在办理时点有效,阻断；重新选择身份或转授权,所有人工节点,规则版本、命中结果、输入摘要、处理结果
P118,二次销售,员工端,R03,组织数据范围,仅能查看和处理授权中心、部门、岗位或本人数据,拒绝访问并审计,查询/处理/导出,规则版本、命中结果、输入摘要、处理结果
P118,二次销售,员工端,R04,必填与格式,必填、类型、长度、时间区间、金额精度须通过服务端校验,退回当前表单,提交前,规则版本、命中结果、输入摘要、处理结果
P118,二次销售,员工端,R05,状态迁移,仅允许按已发布状态机迁移；重复回调返回原结果,阻断非法迁移,节点提交/回调,规则版本、命中结果、输入摘要、处理结果
P118,二次销售,员工端,R06,附件安全,附件完成病毒、格式、大小、敏感内容和权限校验,隔离附件并要求补充,上传/下载,规则版本、命中结果、输入摘要、处理结果
P118,二次销售,员工端,R07,敏感字段,P2/P3字段按最小必要显示；导出需审批、水印、短链和二次认证,拒绝或脱敏,查看/导出,规则版本、命中结果、输入摘要、处理结果
P118,二次销售,员工端,R08,版本一致性,历史实例固定流程、规则、表单和字典版本,版本冲突时禁止提交,保存/提交,规则版本、命中结果、输入摘要、处理结果
P118,二次销售,员工端,R09,关闭条件,关闭前必须完成必选子任务、结算/回执、异常和归档检查,转整改/待关闭,关闭节点,规则版本、命中结果、输入摘要、处理结果
P118,二次销售,员工端,R10,审计证据链,关键操作保留操作者、身份、时间、前后值、原因、哈希和请求ID,关键审计失败则阻断,全流程,规则版本、命中结果、输入摘要、处理结果
P118,二次销售,员工端,R11,金额与预算,金额非负，核定金额不超申请与可用预算，币种税率匹配规则,阻断并提示差异,金额保存/付款前,规则版本、命中结果、输入摘要、处理结果
P118,二次销售,员工端,R12,票据防重,发票代码、号码、日期、金额和影像哈希联合防重,阻断重复报销/付款,票据提交,规则版本、命中结果、输入摘要、处理结果
P118,二次销售,员工端,R11,订单票码一致性,订单、支付、票码、核销、退款状态最终一致；冻结票码不得核销,进入差异队列,核销/退款,规则版本、命中结果、输入摘要、处理结果
P118,二次销售,员工端,R12,防重复核销,同一票码同一权益仅成功核销一次，离线回传幂等合并,返回原结果/转差异,核销,规则版本、命中结果、输入摘要、处理结果
P118,二次销售,员工端,,,,,,
P119,客户移交,员工端,R01,唯一性与幂等,同一业务对象、节点和幂等键不得重复创建有效单据,阻断并返回已有单号,所有提交/接口,规则版本、命中结果、输入摘要、处理结果
P119,客户移交,员工端,R02,身份与任职有效性,经办人须通过统一认证，当前任职身份在办理时点有效,阻断；重新选择身份或转授权,所有人工节点,规则版本、命中结果、输入摘要、处理结果
P119,客户移交,员工端,R03,组织数据范围,仅能查看和处理授权中心、部门、岗位或本人数据,拒绝访问并审计,查询/处理/导出,规则版本、命中结果、输入摘要、处理结果
P119,客户移交,员工端,R04,必填与格式,必填、类型、长度、时间区间、金额精度须通过服务端校验,退回当前表单,提交前,规则版本、命中结果、输入摘要、处理结果
P119,客户移交,员工端,R05,状态迁移,仅允许按已发布状态机迁移；重复回调返回原结果,阻断非法迁移,节点提交/回调,规则版本、命中结果、输入摘要、处理结果
P119,客户移交,员工端,R06,附件安全,附件完成病毒、格式、大小、敏感内容和权限校验,隔离附件并要求补充,上传/下载,规则版本、命中结果、输入摘要、处理结果
P119,客户移交,员工端,R07,敏感字段,P2/P3字段按最小必要显示；导出需审批、水印、短链和二次认证,拒绝或脱敏,查看/导出,规则版本、命中结果、输入摘要、处理结果
P119,客户移交,员工端,R08,版本一致性,历史实例固定流程、规则、表单和字典版本,版本冲突时禁止提交,保存/提交,规则版本、命中结果、输入摘要、处理结果
P119,客户移交,员工端,R09,关闭条件,关闭前必须完成必选子任务、结算/回执、异常和归档检查,转整改/待关闭,关闭节点,规则版本、命中结果、输入摘要、处理结果
P119,客户移交,员工端,R10,审计证据链,关键操作保留操作者、身份、时间、前后值、原因、哈希和请求ID,关键审计失败则阻断,全流程,规则版本、命中结果、输入摘要、处理结果
P119,客户移交,员工端,,,,,,
P120,全员生命周期闭环,员工端,R01,唯一性与幂等,同一业务对象、节点和幂等键不得重复创建有效单据,阻断并返回已有单号,所有提交/接口,规则版本、命中结果、输入摘要、处理结果
P120,全员生命周期闭环,员工端,R02,身份与任职有效性,经办人须通过统一认证，当前任职身份在办理时点有效,阻断；重新选择身份或转授权,所有人工节点,规则版本、命中结果、输入摘要、处理结果
P120,全员生命周期闭环,员工端,R03,组织数据范围,仅能查看和处理授权中心、部门、岗位或本人数据,拒绝访问并审计,查询/处理/导出,规则版本、命中结果、输入摘要、处理结果
P120,全员生命周期闭环,员工端,R04,必填与格式,必填、类型、长度、时间区间、金额精度须通过服务端校验,退回当前表单,提交前,规则版本、命中结果、输入摘要、处理结果
P120,全员生命周期闭环,员工端,R05,状态迁移,仅允许按已发布状态机迁移；重复回调返回原结果,阻断非法迁移,节点提交/回调,规则版本、命中结果、输入摘要、处理结果
P120,全员生命周期闭环,员工端,R06,附件安全,附件完成病毒、格式、大小、敏感内容和权限校验,隔离附件并要求补充,上传/下载,规则版本、命中结果、输入摘要、处理结果
P120,全员生命周期闭环,员工端,R07,敏感字段,P2/P3字段按最小必要显示；导出需审批、水印、短链和二次认证,拒绝或脱敏,查看/导出,规则版本、命中结果、输入摘要、处理结果
P120,全员生命周期闭环,员工端,R08,版本一致性,历史实例固定流程、规则、表单和字典版本,版本冲突时禁止提交,保存/提交,规则版本、命中结果、输入摘要、处理结果
P120,全员生命周期闭环,员工端,R09,关闭条件,关闭前必须完成必选子任务、结算/回执、异常和归档检查,转整改/待关闭,关闭节点,规则版本、命中结果、输入摘要、处理结果
P120,全员生命周期闭环,员工端,R10,审计证据链,关键操作保留操作者、身份、时间、前后值、原因、哈希和请求ID,关键审计失败则阻断,全流程,规则版本、命中结果、输入摘要、处理结果
P120,全员生命周期闭环,员工端,,,,,,
P121,市场获客到交付回款闭环,员工端,R01,唯一性与幂等,同一业务对象、节点和幂等键不得重复创建有效单据,阻断并返回已有单号,所有提交/接口,规则版本、命中结果、输入摘要、处理结果
P121,市场获客到交付回款闭环,员工端,R02,身份与任职有效性,经办人须通过统一认证，当前任职身份在办理时点有效,阻断；重新选择身份或转授权,所有人工节点,规则版本、命中结果、输入摘要、处理结果
P121,市场获客到交付回款闭环,员工端,R03,组织数据范围,仅能查看和处理授权中心、部门、岗位或本人数据,拒绝访问并审计,查询/处理/导出,规则版本、命中结果、输入摘要、处理结果
P121,市场获客到交付回款闭环,员工端,R04,必填与格式,必填、类型、长度、时间区间、金额精度须通过服务端校验,退回当前表单,提交前,规则版本、命中结果、输入摘要、处理结果
P121,市场获客到交付回款闭环,员工端,R05,状态迁移,仅允许按已发布状态机迁移；重复回调返回原结果,阻断非法迁移,节点提交/回调,规则版本、命中结果、输入摘要、处理结果
P121,市场获客到交付回款闭环,员工端,R06,附件安全,附件完成病毒、格式、大小、敏感内容和权限校验,隔离附件并要求补充,上传/下载,规则版本、命中结果、输入摘要、处理结果
P121,市场获客到交付回款闭环,员工端,R07,敏感字段,P2/P3字段按最小必要显示；导出需审批、水印、短链和二次认证,拒绝或脱敏,查看/导出,规则版本、命中结果、输入摘要、处理结果
P121,市场获客到交付回款闭环,员工端,R08,版本一致性,历史实例固定流程、规则、表单和字典版本,版本冲突时禁止提交,保存/提交,规则版本、命中结果、输入摘要、处理结果
P121,市场获客到交付回款闭环,员工端,R09,关闭条件,关闭前必须完成必选子任务、结算/回执、异常和归档检查,转整改/待关闭,关闭节点,规则版本、命中结果、输入摘要、处理结果
P121,市场获客到交付回款闭环,员工端,R10,审计证据链,关键操作保留操作者、身份、时间、前后值、原因、哈希和请求ID,关键审计失败则阻断,全流程,规则版本、命中结果、输入摘要、处理结果
P121,市场获客到交付回款闭环,员工端,R11,金额与预算,金额非负，核定金额不超申请与可用预算，币种税率匹配规则,阻断并提示差异,金额保存/付款前,规则版本、命中结果、输入摘要、处理结果
P121,市场获客到交付回款闭环,员工端,R12,票据防重,发票代码、号码、日期、金额和影像哈希联合防重,阻断重复报销/付款,票据提交,规则版本、命中结果、输入摘要、处理结果
P121,市场获客到交付回款闭环,员工端,R11,订单票码一致性,订单、支付、票码、核销、退款状态最终一致；冻结票码不得核销,进入差异队列,核销/退款,规则版本、命中结果、输入摘要、处理结果
P121,市场获客到交付回款闭环,员工端,R12,防重复核销,同一票码同一权益仅成功核销一次，离线回传幂等合并,返回原结果/转差异,核销,规则版本、命中结果、输入摘要、处理结果
P121,市场获客到交付回款闭环,员工端,R11,文档不可变,签署发起后哈希、主体、顺序和关键数据不可修改,作废并新建批次,签署发起后,规则版本、命中结果、输入摘要、处理结果
P121,市场获客到交付回款闭环,员工端,R12,证据归档,文件、证书、时间戳、回调报文和验签结果成套归档,不得更新为已签署,签署完成,规则版本、命中结果、输入摘要、处理结果
P121,市场获客到交付回款闭环,员工端,,,,,,
P122,接待资源闭环,员工端,R01,唯一性与幂等,同一业务对象、节点和幂等键不得重复创建有效单据,阻断并返回已有单号,所有提交/接口,规则版本、命中结果、输入摘要、处理结果
P122,接待资源闭环,员工端,R02,身份与任职有效性,经办人须通过统一认证，当前任职身份在办理时点有效,阻断；重新选择身份或转授权,所有人工节点,规则版本、命中结果、输入摘要、处理结果
P122,接待资源闭环,员工端,R03,组织数据范围,仅能查看和处理授权中心、部门、岗位或本人数据,拒绝访问并审计,查询/处理/导出,规则版本、命中结果、输入摘要、处理结果
P122,接待资源闭环,员工端,R04,必填与格式,必填、类型、长度、时间区间、金额精度须通过服务端校验,退回当前表单,提交前,规则版本、命中结果、输入摘要、处理结果
P122,接待资源闭环,员工端,R05,状态迁移,仅允许按已发布状态机迁移；重复回调返回原结果,阻断非法迁移,节点提交/回调,规则版本、命中结果、输入摘要、处理结果
P122,接待资源闭环,员工端,R06,附件安全,附件完成病毒、格式、大小、敏感内容和权限校验,隔离附件并要求补充,上传/下载,规则版本、命中结果、输入摘要、处理结果
P122,接待资源闭环,员工端,R07,敏感字段,P2/P3字段按最小必要显示；导出需审批、水印、短链和二次认证,拒绝或脱敏,查看/导出,规则版本、命中结果、输入摘要、处理结果
P122,接待资源闭环,员工端,R08,版本一致性,历史实例固定流程、规则、表单和字典版本,版本冲突时禁止提交,保存/提交,规则版本、命中结果、输入摘要、处理结果
P122,接待资源闭环,员工端,R09,关闭条件,关闭前必须完成必选子任务、结算/回执、异常和归档检查,转整改/待关闭,关闭节点,规则版本、命中结果、输入摘要、处理结果
P122,接待资源闭环,员工端,R10,审计证据链,关键操作保留操作者、身份、时间、前后值、原因、哈希和请求ID,关键审计失败则阻断,全流程,规则版本、命中结果、输入摘要、处理结果
P122,接待资源闭环,员工端,R11,订单票码一致性,订单、支付、票码、核销、退款状态最终一致；冻结票码不得核销,进入差异队列,核销/退款,规则版本、命中结果、输入摘要、处理结果
P122,接待资源闭环,员工端,R12,防重复核销,同一票码同一权益仅成功核销一次，离线回传幂等合并,返回原结果/转差异,核销,规则版本、命中结果、输入摘要、处理结果
P122,接待资源闭环,员工端,R11,先行止险,人员安全优先；重大事件允许先处置后补单，但不得删除证据,立即升级并锁证,事件触发,规则版本、命中结果、输入摘要、处理结果
P122,接待资源闭环,员工端,R12,唯一案件,同一事件保留一个主案件，相关工单、投诉、维修、赔付为子单,合并或关联已有案件,立案,规则版本、命中结果、输入摘要、处理结果
P122,接待资源闭环,员工端,,,,,,
P123,演艺场次闭环,员工端,R01,唯一性与幂等,同一业务对象、节点和幂等键不得重复创建有效单据,阻断并返回已有单号,所有提交/接口,规则版本、命中结果、输入摘要、处理结果
P123,演艺场次闭环,员工端,R02,身份与任职有效性,经办人须通过统一认证，当前任职身份在办理时点有效,阻断；重新选择身份或转授权,所有人工节点,规则版本、命中结果、输入摘要、处理结果
P123,演艺场次闭环,员工端,R03,组织数据范围,仅能查看和处理授权中心、部门、岗位或本人数据,拒绝访问并审计,查询/处理/导出,规则版本、命中结果、输入摘要、处理结果
P123,演艺场次闭环,员工端,R04,必填与格式,必填、类型、长度、时间区间、金额精度须通过服务端校验,退回当前表单,提交前,规则版本、命中结果、输入摘要、处理结果
P123,演艺场次闭环,员工端,R05,状态迁移,仅允许按已发布状态机迁移；重复回调返回原结果,阻断非法迁移,节点提交/回调,规则版本、命中结果、输入摘要、处理结果
P123,演艺场次闭环,员工端,R06,附件安全,附件完成病毒、格式、大小、敏感内容和权限校验,隔离附件并要求补充,上传/下载,规则版本、命中结果、输入摘要、处理结果
P123,演艺场次闭环,员工端,R07,敏感字段,P2/P3字段按最小必要显示；导出需审批、水印、短链和二次认证,拒绝或脱敏,查看/导出,规则版本、命中结果、输入摘要、处理结果
P123,演艺场次闭环,员工端,R08,版本一致性,历史实例固定流程、规则、表单和字典版本,版本冲突时禁止提交,保存/提交,规则版本、命中结果、输入摘要、处理结果
P123,演艺场次闭环,员工端,R09,关闭条件,关闭前必须完成必选子任务、结算/回执、异常和归档检查,转整改/待关闭,关闭节点,规则版本、命中结果、输入摘要、处理结果
P123,演艺场次闭环,员工端,R10,审计证据链,关键操作保留操作者、身份、时间、前后值、原因、哈希和请求ID,关键审计失败则阻断,全流程,规则版本、命中结果、输入摘要、处理结果
P123,演艺场次闭环,员工端,R11,时间重叠,假勤、排班、加班区间不得与已生效记录冲突,阻断或转例外审批,时间提交,规则版本、命中结果、输入摘要、处理结果
P123,演艺场次闭环,员工端,R12,额度账本,额度只通过预占、扣减、释放和差额调整流水变更,转账本调整单,审批/销假,规则版本、命中结果、输入摘要、处理结果
P123,演艺场次闭环,员工端,R11,先行止险,人员安全优先；重大事件允许先处置后补单，但不得删除证据,立即升级并锁证,事件触发,规则版本、命中结果、输入摘要、处理结果
P123,演艺场次闭环,员工端,R12,唯一案件,同一事件保留一个主案件，相关工单、投诉、维修、赔付为子单,合并或关联已有案件,立案,规则版本、命中结果、输入摘要、处理结果
P123,演艺场次闭环,员工端,R11,库存非负与锁定,可用量=账面量-锁定量，出库不得导致负库存,阻断并提示缺口,锁定/出库,规则版本、命中结果、输入摘要、处理结果
P123,演艺场次闭环,员工端,R12,批次序列追溯,需追溯物品必须一物一码/一批一码，状态变更保留流水,阻断无编码操作,入库/出库/报损,规则版本、命中结果、输入摘要、处理结果
P123,演艺场次闭环,员工端,,,,,,
P124,采购资产财务闭环,员工端,R01,唯一性与幂等,同一业务对象、节点和幂等键不得重复创建有效单据,阻断并返回已有单号,所有提交/接口,规则版本、命中结果、输入摘要、处理结果
P124,采购资产财务闭环,员工端,R02,身份与任职有效性,经办人须通过统一认证，当前任职身份在办理时点有效,阻断；重新选择身份或转授权,所有人工节点,规则版本、命中结果、输入摘要、处理结果
P124,采购资产财务闭环,员工端,R03,组织数据范围,仅能查看和处理授权中心、部门、岗位或本人数据,拒绝访问并审计,查询/处理/导出,规则版本、命中结果、输入摘要、处理结果
P124,采购资产财务闭环,员工端,R04,必填与格式,必填、类型、长度、时间区间、金额精度须通过服务端校验,退回当前表单,提交前,规则版本、命中结果、输入摘要、处理结果
P124,采购资产财务闭环,员工端,R05,状态迁移,仅允许按已发布状态机迁移；重复回调返回原结果,阻断非法迁移,节点提交/回调,规则版本、命中结果、输入摘要、处理结果
P124,采购资产财务闭环,员工端,R06,附件安全,附件完成病毒、格式、大小、敏感内容和权限校验,隔离附件并要求补充,上传/下载,规则版本、命中结果、输入摘要、处理结果
P124,采购资产财务闭环,员工端,R07,敏感字段,P2/P3字段按最小必要显示；导出需审批、水印、短链和二次认证,拒绝或脱敏,查看/导出,规则版本、命中结果、输入摘要、处理结果
P124,采购资产财务闭环,员工端,R08,版本一致性,历史实例固定流程、规则、表单和字典版本,版本冲突时禁止提交,保存/提交,规则版本、命中结果、输入摘要、处理结果
P124,采购资产财务闭环,员工端,R09,关闭条件,关闭前必须完成必选子任务、结算/回执、异常和归档检查,转整改/待关闭,关闭节点,规则版本、命中结果、输入摘要、处理结果
P124,采购资产财务闭环,员工端,R10,审计证据链,关键操作保留操作者、身份、时间、前后值、原因、哈希和请求ID,关键审计失败则阻断,全流程,规则版本、命中结果、输入摘要、处理结果
P124,采购资产财务闭环,员工端,R11,金额与预算,金额非负，核定金额不超申请与可用预算，币种税率匹配规则,阻断并提示差异,金额保存/付款前,规则版本、命中结果、输入摘要、处理结果
P124,采购资产财务闭环,员工端,R12,票据防重,发票代码、号码、日期、金额和影像哈希联合防重,阻断重复报销/付款,票据提交,规则版本、命中结果、输入摘要、处理结果
P124,采购资产财务闭环,员工端,R11,库存非负与锁定,可用量=账面量-锁定量，出库不得导致负库存,阻断并提示缺口,锁定/出库,规则版本、命中结果、输入摘要、处理结果
P124,采购资产财务闭环,员工端,R12,批次序列追溯,需追溯物品必须一物一码/一批一码，状态变更保留流水,阻断无编码操作,入库/出库/报损,规则版本、命中结果、输入摘要、处理结果
P124,采购资产财务闭环,员工端,,,,,,
P125,内容生产发布闭环,员工端,R01,唯一性与幂等,同一业务对象、节点和幂等键不得重复创建有效单据,阻断并返回已有单号,所有提交/接口,规则版本、命中结果、输入摘要、处理结果
P125,内容生产发布闭环,员工端,R02,身份与任职有效性,经办人须通过统一认证，当前任职身份在办理时点有效,阻断；重新选择身份或转授权,所有人工节点,规则版本、命中结果、输入摘要、处理结果
P125,内容生产发布闭环,员工端,R03,组织数据范围,仅能查看和处理授权中心、部门、岗位或本人数据,拒绝访问并审计,查询/处理/导出,规则版本、命中结果、输入摘要、处理结果
P125,内容生产发布闭环,员工端,R04,必填与格式,必填、类型、长度、时间区间、金额精度须通过服务端校验,退回当前表单,提交前,规则版本、命中结果、输入摘要、处理结果
P125,内容生产发布闭环,员工端,R05,状态迁移,仅允许按已发布状态机迁移；重复回调返回原结果,阻断非法迁移,节点提交/回调,规则版本、命中结果、输入摘要、处理结果
P125,内容生产发布闭环,员工端,R06,附件安全,附件完成病毒、格式、大小、敏感内容和权限校验,隔离附件并要求补充,上传/下载,规则版本、命中结果、输入摘要、处理结果
P125,内容生产发布闭环,员工端,R07,敏感字段,P2/P3字段按最小必要显示；导出需审批、水印、短链和二次认证,拒绝或脱敏,查看/导出,规则版本、命中结果、输入摘要、处理结果
P125,内容生产发布闭环,员工端,R08,版本一致性,历史实例固定流程、规则、表单和字典版本,版本冲突时禁止提交,保存/提交,规则版本、命中结果、输入摘要、处理结果
P125,内容生产发布闭环,员工端,R09,关闭条件,关闭前必须完成必选子任务、结算/回执、异常和归档检查,转整改/待关闭,关闭节点,规则版本、命中结果、输入摘要、处理结果
P125,内容生产发布闭环,员工端,R10,审计证据链,关键操作保留操作者、身份、时间、前后值、原因、哈希和请求ID,关键审计失败则阻断,全流程,规则版本、命中结果、输入摘要、处理结果
P125,内容生产发布闭环,员工端,R11,订单票码一致性,订单、支付、票码、核销、退款状态最终一致；冻结票码不得核销,进入差异队列,核销/退款,规则版本、命中结果、输入摘要、处理结果
P125,内容生产发布闭环,员工端,R12,防重复核销,同一票码同一权益仅成功核销一次，离线回传幂等合并,返回原结果/转差异,核销,规则版本、命中结果、输入摘要、处理结果
P125,内容生产发布闭环,员工端,,,,,,
P126,事件与整改闭环,员工端,R01,唯一性与幂等,同一业务对象、节点和幂等键不得重复创建有效单据,阻断并返回已有单号,所有提交/接口,规则版本、命中结果、输入摘要、处理结果
P126,事件与整改闭环,员工端,R02,身份与任职有效性,经办人须通过统一认证，当前任职身份在办理时点有效,阻断；重新选择身份或转授权,所有人工节点,规则版本、命中结果、输入摘要、处理结果
P126,事件与整改闭环,员工端,R03,组织数据范围,仅能查看和处理授权中心、部门、岗位或本人数据,拒绝访问并审计,查询/处理/导出,规则版本、命中结果、输入摘要、处理结果
P126,事件与整改闭环,员工端,R04,必填与格式,必填、类型、长度、时间区间、金额精度须通过服务端校验,退回当前表单,提交前,规则版本、命中结果、输入摘要、处理结果
P126,事件与整改闭环,员工端,R05,状态迁移,仅允许按已发布状态机迁移；重复回调返回原结果,阻断非法迁移,节点提交/回调,规则版本、命中结果、输入摘要、处理结果
P126,事件与整改闭环,员工端,R06,附件安全,附件完成病毒、格式、大小、敏感内容和权限校验,隔离附件并要求补充,上传/下载,规则版本、命中结果、输入摘要、处理结果
P126,事件与整改闭环,员工端,R07,敏感字段,P2/P3字段按最小必要显示；导出需审批、水印、短链和二次认证,拒绝或脱敏,查看/导出,规则版本、命中结果、输入摘要、处理结果
P126,事件与整改闭环,员工端,R08,版本一致性,历史实例固定流程、规则、表单和字典版本,版本冲突时禁止提交,保存/提交,规则版本、命中结果、输入摘要、处理结果
P126,事件与整改闭环,员工端,R09,关闭条件,关闭前必须完成必选子任务、结算/回执、异常和归档检查,转整改/待关闭,关闭节点,规则版本、命中结果、输入摘要、处理结果
P126,事件与整改闭环,员工端,R10,审计证据链,关键操作保留操作者、身份、时间、前后值、原因、哈希和请求ID,关键审计失败则阻断,全流程,规则版本、命中结果、输入摘要、处理结果
P126,事件与整改闭环,员工端,R11,先行止险,人员安全优先；重大事件允许先处置后补单，但不得删除证据,立即升级并锁证,事件触发,规则版本、命中结果、输入摘要、处理结果
P126,事件与整改闭环,员工端,R12,唯一案件,同一事件保留一个主案件，相关工单、投诉、维修、赔付为子单,合并或关联已有案件,立案,规则版本、命中结果、输入摘要、处理结果
P126,事件与整改闭环,员工端,,,,,,
P001,统一登录与多岗位身份切换,中心管理端,R01,唯一性与幂等,同一业务对象、节点和幂等键不得重复创建有效单据,阻断并返回已有单号,所有提交/接口,规则版本、命中结果、输入摘要、处理结果
P001,统一登录与多岗位身份切换,中心管理端,R02,身份与任职有效性,经办人须通过统一认证，当前任职身份在办理时点有效,阻断；重新选择身份或转授权,所有人工节点,规则版本、命中结果、输入摘要、处理结果
P001,统一登录与多岗位身份切换,中心管理端,R03,组织数据范围,仅能查看和处理授权中心、部门、岗位或本人数据,拒绝访问并审计,查询/处理/导出,规则版本、命中结果、输入摘要、处理结果
P001,统一登录与多岗位身份切换,中心管理端,R04,必填与格式,必填、类型、长度、时间区间、金额精度须通过服务端校验,退回当前表单,提交前,规则版本、命中结果、输入摘要、处理结果
P001,统一登录与多岗位身份切换,中心管理端,R05,状态迁移,仅允许按已发布状态机迁移；重复回调返回原结果,阻断非法迁移,节点提交/回调,规则版本、命中结果、输入摘要、处理结果
P001,统一登录与多岗位身份切换,中心管理端,R06,附件安全,附件完成病毒、格式、大小、敏感内容和权限校验,隔离附件并要求补充,上传/下载,规则版本、命中结果、输入摘要、处理结果
P001,统一登录与多岗位身份切换,中心管理端,R07,敏感字段,P2/P3字段按最小必要显示；导出需审批、水印、短链和二次认证,拒绝或脱敏,查看/导出,规则版本、命中结果、输入摘要、处理结果
P001,统一登录与多岗位身份切换,中心管理端,R08,版本一致性,历史实例固定流程、规则、表单和字典版本,版本冲突时禁止提交,保存/提交,规则版本、命中结果、输入摘要、处理结果
P001,统一登录与多岗位身份切换,中心管理端,R09,关闭条件,关闭前必须完成必选子任务、结算/回执、异常和归档检查,转整改/待关闭,关闭节点,规则版本、命中结果、输入摘要、处理结果
P001,统一登录与多岗位身份切换,中心管理端,R10,审计证据链,关键操作保留操作者、身份、时间、前后值、原因、哈希和请求ID,关键审计失败则阻断,全流程,规则版本、命中结果、输入摘要、处理结果
P001,统一登录与多岗位身份切换,中心管理端,,,,,,
P002,权限申请、复核与回收,中心管理端,R01,唯一性与幂等,同一业务对象、节点和幂等键不得重复创建有效单据,阻断并返回已有单号,所有提交/接口,规则版本、命中结果、输入摘要、处理结果
P002,权限申请、复核与回收,中心管理端,R02,身份与任职有效性,经办人须通过统一认证，当前任职身份在办理时点有效,阻断；重新选择身份或转授权,所有人工节点,规则版本、命中结果、输入摘要、处理结果
P002,权限申请、复核与回收,中心管理端,R03,组织数据范围,仅能查看和处理授权中心、部门、岗位或本人数据,拒绝访问并审计,查询/处理/导出,规则版本、命中结果、输入摘要、处理结果
P002,权限申请、复核与回收,中心管理端,R04,必填与格式,必填、类型、长度、时间区间、金额精度须通过服务端校验,退回当前表单,提交前,规则版本、命中结果、输入摘要、处理结果
P002,权限申请、复核与回收,中心管理端,R05,状态迁移,仅允许按已发布状态机迁移；重复回调返回原结果,阻断非法迁移,节点提交/回调,规则版本、命中结果、输入摘要、处理结果
P002,权限申请、复核与回收,中心管理端,R06,附件安全,附件完成病毒、格式、大小、敏感内容和权限校验,隔离附件并要求补充,上传/下载,规则版本、命中结果、输入摘要、处理结果
P002,权限申请、复核与回收,中心管理端,R07,敏感字段,P2/P3字段按最小必要显示；导出需审批、水印、短链和二次认证,拒绝或脱敏,查看/导出,规则版本、命中结果、输入摘要、处理结果
P002,权限申请、复核与回收,中心管理端,R08,版本一致性,历史实例固定流程、规则、表单和字典版本,版本冲突时禁止提交,保存/提交,规则版本、命中结果、输入摘要、处理结果
P002,权限申请、复核与回收,中心管理端,R09,关闭条件,关闭前必须完成必选子任务、结算/回执、异常和归档检查,转整改/待关闭,关闭节点,规则版本、命中结果、输入摘要、处理结果
P002,权限申请、复核与回收,中心管理端,R10,审计证据链,关键操作保留操作者、身份、时间、前后值、原因、哈希和请求ID,关键审计失败则阻断,全流程,规则版本、命中结果、输入摘要、处理结果
P002,权限申请、复核与回收,中心管理端,R11,先行止险,人员安全优先；重大事件允许先处置后补单，但不得删除证据,立即升级并锁证,事件触发,规则版本、命中结果、输入摘要、处理结果
P002,权限申请、复核与回收,中心管理端,R12,唯一案件,同一事件保留一个主案件，相关工单、投诉、维修、赔付为子单,合并或关联已有案件,立案,规则版本、命中结果、输入摘要、处理结果
P002,权限申请、复核与回收,中心管理端,,,,,,
P003,个人资料变更,中心管理端,R01,唯一性与幂等,同一业务对象、节点和幂等键不得重复创建有效单据,阻断并返回已有单号,所有提交/接口,规则版本、命中结果、输入摘要、处理结果
P003,个人资料变更,中心管理端,R02,身份与任职有效性,经办人须通过统一认证，当前任职身份在办理时点有效,阻断；重新选择身份或转授权,所有人工节点,规则版本、命中结果、输入摘要、处理结果
P003,个人资料变更,中心管理端,R03,组织数据范围,仅能查看和处理授权中心、部门、岗位或本人数据,拒绝访问并审计,查询/处理/导出,规则版本、命中结果、输入摘要、处理结果
P003,个人资料变更,中心管理端,R04,必填与格式,必填、类型、长度、时间区间、金额精度须通过服务端校验,退回当前表单,提交前,规则版本、命中结果、输入摘要、处理结果
P003,个人资料变更,中心管理端,R05,状态迁移,仅允许按已发布状态机迁移；重复回调返回原结果,阻断非法迁移,节点提交/回调,规则版本、命中结果、输入摘要、处理结果
P003,个人资料变更,中心管理端,R06,附件安全,附件完成病毒、格式、大小、敏感内容和权限校验,隔离附件并要求补充,上传/下载,规则版本、命中结果、输入摘要、处理结果
P003,个人资料变更,中心管理端,R07,敏感字段,P2/P3字段按最小必要显示；导出需审批、水印、短链和二次认证,拒绝或脱敏,查看/导出,规则版本、命中结果、输入摘要、处理结果
P003,个人资料变更,中心管理端,R08,版本一致性,历史实例固定流程、规则、表单和字典版本,版本冲突时禁止提交,保存/提交,规则版本、命中结果、输入摘要、处理结果
P003,个人资料变更,中心管理端,R09,关闭条件,关闭前必须完成必选子任务、结算/回执、异常和归档检查,转整改/待关闭,关闭节点,规则版本、命中结果、输入摘要、处理结果
P003,个人资料变更,中心管理端,R10,审计证据链,关键操作保留操作者、身份、时间、前后值、原因、哈希和请求ID,关键审计失败则阻断,全流程,规则版本、命中结果、输入摘要、处理结果
P003,个人资料变更,中心管理端,,,,,,
P004,通用申请与审批,中心管理端,R01,唯一性与幂等,同一业务对象、节点和幂等键不得重复创建有效单据,阻断并返回已有单号,所有提交/接口,规则版本、命中结果、输入摘要、处理结果
P004,通用申请与审批,中心管理端,R02,身份与任职有效性,经办人须通过统一认证，当前任职身份在办理时点有效,阻断；重新选择身份或转授权,所有人工节点,规则版本、命中结果、输入摘要、处理结果
P004,通用申请与审批,中心管理端,R03,组织数据范围,仅能查看和处理授权中心、部门、岗位或本人数据,拒绝访问并审计,查询/处理/导出,规则版本、命中结果、输入摘要、处理结果
P004,通用申请与审批,中心管理端,R04,必填与格式,必填、类型、长度、时间区间、金额精度须通过服务端校验,退回当前表单,提交前,规则版本、命中结果、输入摘要、处理结果
P004,通用申请与审批,中心管理端,R05,状态迁移,仅允许按已发布状态机迁移；重复回调返回原结果,阻断非法迁移,节点提交/回调,规则版本、命中结果、输入摘要、处理结果
P004,通用申请与审批,中心管理端,R06,附件安全,附件完成病毒、格式、大小、敏感内容和权限校验,隔离附件并要求补充,上传/下载,规则版本、命中结果、输入摘要、处理结果
P004,通用申请与审批,中心管理端,R07,敏感字段,P2/P3字段按最小必要显示；导出需审批、水印、短链和二次认证,拒绝或脱敏,查看/导出,规则版本、命中结果、输入摘要、处理结果
P004,通用申请与审批,中心管理端,R08,版本一致性,历史实例固定流程、规则、表单和字典版本,版本冲突时禁止提交,保存/提交,规则版本、命中结果、输入摘要、处理结果
P004,通用申请与审批,中心管理端,R09,关闭条件,关闭前必须完成必选子任务、结算/回执、异常和归档检查,转整改/待关闭,关闭节点,规则版本、命中结果、输入摘要、处理结果
P004,通用申请与审批,中心管理端,R10,审计证据链,关键操作保留操作者、身份、时间、前后值、原因、哈希和请求ID,关键审计失败则阻断,全流程,规则版本、命中结果、输入摘要、处理结果
P004,通用申请与审批,中心管理端,,,,,,
P005,制度、通知与执行回执,中心管理端,R01,唯一性与幂等,同一业务对象、节点和幂等键不得重复创建有效单据,阻断并返回已有单号,所有提交/接口,规则版本、命中结果、输入摘要、处理结果
P005,制度、通知与执行回执,中心管理端,R02,身份与任职有效性,经办人须通过统一认证，当前任职身份在办理时点有效,阻断；重新选择身份或转授权,所有人工节点,规则版本、命中结果、输入摘要、处理结果
P005,制度、通知与执行回执,中心管理端,R03,组织数据范围,仅能查看和处理授权中心、部门、岗位或本人数据,拒绝访问并审计,查询/处理/导出,规则版本、命中结果、输入摘要、处理结果
P005,制度、通知与执行回执,中心管理端,R04,必填与格式,必填、类型、长度、时间区间、金额精度须通过服务端校验,退回当前表单,提交前,规则版本、命中结果、输入摘要、处理结果
P005,制度、通知与执行回执,中心管理端,R05,状态迁移,仅允许按已发布状态机迁移；重复回调返回原结果,阻断非法迁移,节点提交/回调,规则版本、命中结果、输入摘要、处理结果
P005,制度、通知与执行回执,中心管理端,R06,附件安全,附件完成病毒、格式、大小、敏感内容和权限校验,隔离附件并要求补充,上传/下载,规则版本、命中结果、输入摘要、处理结果
P005,制度、通知与执行回执,中心管理端,R07,敏感字段,P2/P3字段按最小必要显示；导出需审批、水印、短链和二次认证,拒绝或脱敏,查看/导出,规则版本、命中结果、输入摘要、处理结果
P005,制度、通知与执行回执,中心管理端,R08,版本一致性,历史实例固定流程、规则、表单和字典版本,版本冲突时禁止提交,保存/提交,规则版本、命中结果、输入摘要、处理结果
P005,制度、通知与执行回执,中心管理端,R09,关闭条件,关闭前必须完成必选子任务、结算/回执、异常和归档检查,转整改/待关闭,关闭节点,规则版本、命中结果、输入摘要、处理结果
P005,制度、通知与执行回执,中心管理端,R10,审计证据链,关键操作保留操作者、身份、时间、前后值、原因、哈希和请求ID,关键审计失败则阻断,全流程,规则版本、命中结果、输入摘要、处理结果
P005,制度、通知与执行回执,中心管理端,,,,,,
P006,会议与行动项,中心管理端,R01,唯一性与幂等,同一业务对象、节点和幂等键不得重复创建有效单据,阻断并返回已有单号,所有提交/接口,规则版本、命中结果、输入摘要、处理结果
P006,会议与行动项,中心管理端,R02,身份与任职有效性,经办人须通过统一认证，当前任职身份在办理时点有效,阻断；重新选择身份或转授权,所有人工节点,规则版本、命中结果、输入摘要、处理结果
P006,会议与行动项,中心管理端,R03,组织数据范围,仅能查看和处理授权中心、部门、岗位或本人数据,拒绝访问并审计,查询/处理/导出,规则版本、命中结果、输入摘要、处理结果
P006,会议与行动项,中心管理端,R04,必填与格式,必填、类型、长度、时间区间、金额精度须通过服务端校验,退回当前表单,提交前,规则版本、命中结果、输入摘要、处理结果
P006,会议与行动项,中心管理端,R05,状态迁移,仅允许按已发布状态机迁移；重复回调返回原结果,阻断非法迁移,节点提交/回调,规则版本、命中结果、输入摘要、处理结果
P006,会议与行动项,中心管理端,R06,附件安全,附件完成病毒、格式、大小、敏感内容和权限校验,隔离附件并要求补充,上传/下载,规则版本、命中结果、输入摘要、处理结果
P006,会议与行动项,中心管理端,R07,敏感字段,P2/P3字段按最小必要显示；导出需审批、水印、短链和二次认证,拒绝或脱敏,查看/导出,规则版本、命中结果、输入摘要、处理结果
P006,会议与行动项,中心管理端,R08,版本一致性,历史实例固定流程、规则、表单和字典版本,版本冲突时禁止提交,保存/提交,规则版本、命中结果、输入摘要、处理结果
P006,会议与行动项,中心管理端,R09,关闭条件,关闭前必须完成必选子任务、结算/回执、异常和归档检查,转整改/待关闭,关闭节点,规则版本、命中结果、输入摘要、处理结果
P006,会议与行动项,中心管理端,R10,审计证据链,关键操作保留操作者、身份、时间、前后值、原因、哈希和请求ID,关键审计失败则阻断,全流程,规则版本、命中结果、输入摘要、处理结果
P006,会议与行动项,中心管理端,R11,时间重叠,假勤、排班、加班区间不得与已生效记录冲突,阻断或转例外审批,时间提交,规则版本、命中结果、输入摘要、处理结果
P006,会议与行动项,中心管理端,R12,额度账本,额度只通过预占、扣减、释放和差额调整流水变更,转账本调整单,审批/销假,规则版本、命中结果、输入摘要、处理结果
P006,会议与行动项,中心管理端,,,,,,
P007,排班与班次调整,中心管理端,R01,唯一性与幂等,同一业务对象、节点和幂等键不得重复创建有效单据,阻断并返回已有单号,所有提交/接口,规则版本、命中结果、输入摘要、处理结果
P007,排班与班次调整,中心管理端,R02,身份与任职有效性,经办人须通过统一认证，当前任职身份在办理时点有效,阻断；重新选择身份或转授权,所有人工节点,规则版本、命中结果、输入摘要、处理结果
P007,排班与班次调整,中心管理端,R03,组织数据范围,仅能查看和处理授权中心、部门、岗位或本人数据,拒绝访问并审计,查询/处理/导出,规则版本、命中结果、输入摘要、处理结果
P007,排班与班次调整,中心管理端,R04,必填与格式,必填、类型、长度、时间区间、金额精度须通过服务端校验,退回当前表单,提交前,规则版本、命中结果、输入摘要、处理结果
P007,排班与班次调整,中心管理端,R05,状态迁移,仅允许按已发布状态机迁移；重复回调返回原结果,阻断非法迁移,节点提交/回调,规则版本、命中结果、输入摘要、处理结果
P007,排班与班次调整,中心管理端,R06,附件安全,附件完成病毒、格式、大小、敏感内容和权限校验,隔离附件并要求补充,上传/下载,规则版本、命中结果、输入摘要、处理结果
P007,排班与班次调整,中心管理端,R07,敏感字段,P2/P3字段按最小必要显示；导出需审批、水印、短链和二次认证,拒绝或脱敏,查看/导出,规则版本、命中结果、输入摘要、处理结果
P007,排班与班次调整,中心管理端,R08,版本一致性,历史实例固定流程、规则、表单和字典版本,版本冲突时禁止提交,保存/提交,规则版本、命中结果、输入摘要、处理结果
P007,排班与班次调整,中心管理端,R09,关闭条件,关闭前必须完成必选子任务、结算/回执、异常和归档检查,转整改/待关闭,关闭节点,规则版本、命中结果、输入摘要、处理结果
P007,排班与班次调整,中心管理端,R10,审计证据链,关键操作保留操作者、身份、时间、前后值、原因、哈希和请求ID,关键审计失败则阻断,全流程,规则版本、命中结果、输入摘要、处理结果
P007,排班与班次调整,中心管理端,R11,时间重叠,假勤、排班、加班区间不得与已生效记录冲突,阻断或转例外审批,时间提交,规则版本、命中结果、输入摘要、处理结果
P007,排班与班次调整,中心管理端,R12,额度账本,额度只通过预占、扣减、释放和差额调整流水变更,转账本调整单,审批/销假,规则版本、命中结果、输入摘要、处理结果
P007,排班与班次调整,中心管理端,,,,,,
P008,请假与考勤,中心管理端,R01,唯一性与幂等,同一业务对象、节点和幂等键不得重复创建有效单据,阻断并返回已有单号,所有提交/接口,规则版本、命中结果、输入摘要、处理结果
P008,请假与考勤,中心管理端,R02,身份与任职有效性,经办人须通过统一认证，当前任职身份在办理时点有效,阻断；重新选择身份或转授权,所有人工节点,规则版本、命中结果、输入摘要、处理结果
P008,请假与考勤,中心管理端,R03,组织数据范围,仅能查看和处理授权中心、部门、岗位或本人数据,拒绝访问并审计,查询/处理/导出,规则版本、命中结果、输入摘要、处理结果
P008,请假与考勤,中心管理端,R04,必填与格式,必填、类型、长度、时间区间、金额精度须通过服务端校验,退回当前表单,提交前,规则版本、命中结果、输入摘要、处理结果
P008,请假与考勤,中心管理端,R05,状态迁移,仅允许按已发布状态机迁移；重复回调返回原结果,阻断非法迁移,节点提交/回调,规则版本、命中结果、输入摘要、处理结果
P008,请假与考勤,中心管理端,R06,附件安全,附件完成病毒、格式、大小、敏感内容和权限校验,隔离附件并要求补充,上传/下载,规则版本、命中结果、输入摘要、处理结果
P008,请假与考勤,中心管理端,R07,敏感字段,P2/P3字段按最小必要显示；导出需审批、水印、短链和二次认证,拒绝或脱敏,查看/导出,规则版本、命中结果、输入摘要、处理结果
P008,请假与考勤,中心管理端,R08,版本一致性,历史实例固定流程、规则、表单和字典版本,版本冲突时禁止提交,保存/提交,规则版本、命中结果、输入摘要、处理结果
P008,请假与考勤,中心管理端,R09,关闭条件,关闭前必须完成必选子任务、结算/回执、异常和归档检查,转整改/待关闭,关闭节点,规则版本、命中结果、输入摘要、处理结果
P008,请假与考勤,中心管理端,R10,审计证据链,关键操作保留操作者、身份、时间、前后值、原因、哈希和请求ID,关键审计失败则阻断,全流程,规则版本、命中结果、输入摘要、处理结果
P008,请假与考勤,中心管理端,R11,时间重叠,假勤、排班、加班区间不得与已生效记录冲突,阻断或转例外审批,时间提交,规则版本、命中结果、输入摘要、处理结果
P008,请假与考勤,中心管理端,R12,额度账本,额度只通过预占、扣减、释放和差额调整流水变更,转账本调整单,审批/销假,规则版本、命中结果、输入摘要、处理结果
P008,请假与考勤,中心管理端,,,,,,
P009,加班与调休,中心管理端,R01,唯一性与幂等,同一业务对象、节点和幂等键不得重复创建有效单据,阻断并返回已有单号,所有提交/接口,规则版本、命中结果、输入摘要、处理结果
P009,加班与调休,中心管理端,R02,身份与任职有效性,经办人须通过统一认证，当前任职身份在办理时点有效,阻断；重新选择身份或转授权,所有人工节点,规则版本、命中结果、输入摘要、处理结果
P009,加班与调休,中心管理端,R03,组织数据范围,仅能查看和处理授权中心、部门、岗位或本人数据,拒绝访问并审计,查询/处理/导出,规则版本、命中结果、输入摘要、处理结果
P009,加班与调休,中心管理端,R04,必填与格式,必填、类型、长度、时间区间、金额精度须通过服务端校验,退回当前表单,提交前,规则版本、命中结果、输入摘要、处理结果
P009,加班与调休,中心管理端,R05,状态迁移,仅允许按已发布状态机迁移；重复回调返回原结果,阻断非法迁移,节点提交/回调,规则版本、命中结果、输入摘要、处理结果
P009,加班与调休,中心管理端,R06,附件安全,附件完成病毒、格式、大小、敏感内容和权限校验,隔离附件并要求补充,上传/下载,规则版本、命中结果、输入摘要、处理结果
P009,加班与调休,中心管理端,R07,敏感字段,P2/P3字段按最小必要显示；导出需审批、水印、短链和二次认证,拒绝或脱敏,查看/导出,规则版本、命中结果、输入摘要、处理结果
P009,加班与调休,中心管理端,R08,版本一致性,历史实例固定流程、规则、表单和字典版本,版本冲突时禁止提交,保存/提交,规则版本、命中结果、输入摘要、处理结果
P009,加班与调休,中心管理端,R09,关闭条件,关闭前必须完成必选子任务、结算/回执、异常和归档检查,转整改/待关闭,关闭节点,规则版本、命中结果、输入摘要、处理结果
P009,加班与调休,中心管理端,R10,审计证据链,关键操作保留操作者、身份、时间、前后值、原因、哈希和请求ID,关键审计失败则阻断,全流程,规则版本、命中结果、输入摘要、处理结果
P009,加班与调休,中心管理端,R11,时间重叠,假勤、排班、加班区间不得与已生效记录冲突,阻断或转例外审批,时间提交,规则版本、命中结果、输入摘要、处理结果
P009,加班与调休,中心管理端,R12,额度账本,额度只通过预占、扣减、释放和差额调整流水变更,转账本调整单,审批/销假,规则版本、命中结果、输入摘要、处理结果
P009,加班与调休,中心管理端,,,,,,
P010,员工学习、考试与资格,中心管理端,R01,唯一性与幂等,同一业务对象、节点和幂等键不得重复创建有效单据,阻断并返回已有单号,所有提交/接口,规则版本、命中结果、输入摘要、处理结果
P010,员工学习、考试与资格,中心管理端,R02,身份与任职有效性,经办人须通过统一认证，当前任职身份在办理时点有效,阻断；重新选择身份或转授权,所有人工节点,规则版本、命中结果、输入摘要、处理结果
P010,员工学习、考试与资格,中心管理端,R03,组织数据范围,仅能查看和处理授权中心、部门、岗位或本人数据,拒绝访问并审计,查询/处理/导出,规则版本、命中结果、输入摘要、处理结果
P010,员工学习、考试与资格,中心管理端,R04,必填与格式,必填、类型、长度、时间区间、金额精度须通过服务端校验,退回当前表单,提交前,规则版本、命中结果、输入摘要、处理结果
P010,员工学习、考试与资格,中心管理端,R05,状态迁移,仅允许按已发布状态机迁移；重复回调返回原结果,阻断非法迁移,节点提交/回调,规则版本、命中结果、输入摘要、处理结果
P010,员工学习、考试与资格,中心管理端,R06,附件安全,附件完成病毒、格式、大小、敏感内容和权限校验,隔离附件并要求补充,上传/下载,规则版本、命中结果、输入摘要、处理结果
P010,员工学习、考试与资格,中心管理端,R07,敏感字段,P2/P3字段按最小必要显示；导出需审批、水印、短链和二次认证,拒绝或脱敏,查看/导出,规则版本、命中结果、输入摘要、处理结果
P010,员工学习、考试与资格,中心管理端,R08,版本一致性,历史实例固定流程、规则、表单和字典版本,版本冲突时禁止提交,保存/提交,规则版本、命中结果、输入摘要、处理结果
P010,员工学习、考试与资格,中心管理端,R09,关闭条件,关闭前必须完成必选子任务、结算/回执、异常和归档检查,转整改/待关闭,关闭节点,规则版本、命中结果、输入摘要、处理结果
P010,员工学习、考试与资格,中心管理端,R10,审计证据链,关键操作保留操作者、身份、时间、前后值、原因、哈希和请求ID,关键审计失败则阻断,全流程,规则版本、命中结果、输入摘要、处理结果
P010,员工学习、考试与资格,中心管理端,R11,先行止险,人员安全优先；重大事件允许先处置后补单，但不得删除证据,立即升级并锁证,事件触发,规则版本、命中结果、输入摘要、处理结果
P010,员工学习、考试与资格,中心管理端,R12,唯一案件,同一事件保留一个主案件，相关工单、投诉、维修、赔付为子单,合并或关联已有案件,立案,规则版本、命中结果、输入摘要、处理结果
P010,员工学习、考试与资格,中心管理端,,,,,,
P011,绩效管理,中心管理端,R01,唯一性与幂等,同一业务对象、节点和幂等键不得重复创建有效单据,阻断并返回已有单号,所有提交/接口,规则版本、命中结果、输入摘要、处理结果
P011,绩效管理,中心管理端,R02,身份与任职有效性,经办人须通过统一认证，当前任职身份在办理时点有效,阻断；重新选择身份或转授权,所有人工节点,规则版本、命中结果、输入摘要、处理结果
P011,绩效管理,中心管理端,R03,组织数据范围,仅能查看和处理授权中心、部门、岗位或本人数据,拒绝访问并审计,查询/处理/导出,规则版本、命中结果、输入摘要、处理结果
P011,绩效管理,中心管理端,R04,必填与格式,必填、类型、长度、时间区间、金额精度须通过服务端校验,退回当前表单,提交前,规则版本、命中结果、输入摘要、处理结果
P011,绩效管理,中心管理端,R05,状态迁移,仅允许按已发布状态机迁移；重复回调返回原结果,阻断非法迁移,节点提交/回调,规则版本、命中结果、输入摘要、处理结果
P011,绩效管理,中心管理端,R06,附件安全,附件完成病毒、格式、大小、敏感内容和权限校验,隔离附件并要求补充,上传/下载,规则版本、命中结果、输入摘要、处理结果
P011,绩效管理,中心管理端,R07,敏感字段,P2/P3字段按最小必要显示；导出需审批、水印、短链和二次认证,拒绝或脱敏,查看/导出,规则版本、命中结果、输入摘要、处理结果
P011,绩效管理,中心管理端,R08,版本一致性,历史实例固定流程、规则、表单和字典版本,版本冲突时禁止提交,保存/提交,规则版本、命中结果、输入摘要、处理结果
P011,绩效管理,中心管理端,R09,关闭条件,关闭前必须完成必选子任务、结算/回执、异常和归档检查,转整改/待关闭,关闭节点,规则版本、命中结果、输入摘要、处理结果
P011,绩效管理,中心管理端,R10,审计证据链,关键操作保留操作者、身份、时间、前后值、原因、哈希和请求ID,关键审计失败则阻断,全流程,规则版本、命中结果、输入摘要、处理结果
P011,绩效管理,中心管理端,,,,,,
P012,晋升与任职发展,中心管理端,R01,唯一性与幂等,同一业务对象、节点和幂等键不得重复创建有效单据,阻断并返回已有单号,所有提交/接口,规则版本、命中结果、输入摘要、处理结果
P012,晋升与任职发展,中心管理端,R02,身份与任职有效性,经办人须通过统一认证，当前任职身份在办理时点有效,阻断；重新选择身份或转授权,所有人工节点,规则版本、命中结果、输入摘要、处理结果
P012,晋升与任职发展,中心管理端,R03,组织数据范围,仅能查看和处理授权中心、部门、岗位或本人数据,拒绝访问并审计,查询/处理/导出,规则版本、命中结果、输入摘要、处理结果
P012,晋升与任职发展,中心管理端,R04,必填与格式,必填、类型、长度、时间区间、金额精度须通过服务端校验,退回当前表单,提交前,规则版本、命中结果、输入摘要、处理结果
P012,晋升与任职发展,中心管理端,R05,状态迁移,仅允许按已发布状态机迁移；重复回调返回原结果,阻断非法迁移,节点提交/回调,规则版本、命中结果、输入摘要、处理结果
P012,晋升与任职发展,中心管理端,R06,附件安全,附件完成病毒、格式、大小、敏感内容和权限校验,隔离附件并要求补充,上传/下载,规则版本、命中结果、输入摘要、处理结果
P012,晋升与任职发展,中心管理端,R07,敏感字段,P2/P3字段按最小必要显示；导出需审批、水印、短链和二次认证,拒绝或脱敏,查看/导出,规则版本、命中结果、输入摘要、处理结果
P012,晋升与任职发展,中心管理端,R08,版本一致性,历史实例固定流程、规则、表单和字典版本,版本冲突时禁止提交,保存/提交,规则版本、命中结果、输入摘要、处理结果
P012,晋升与任职发展,中心管理端,R09,关闭条件,关闭前必须完成必选子任务、结算/回执、异常和归档检查,转整改/待关闭,关闭节点,规则版本、命中结果、输入摘要、处理结果
P012,晋升与任职发展,中心管理端,R10,审计证据链,关键操作保留操作者、身份、时间、前后值、原因、哈希和请求ID,关键审计失败则阻断,全流程,规则版本、命中结果、输入摘要、处理结果
P012,晋升与任职发展,中心管理端,R11,金额与预算,金额非负，核定金额不超申请与可用预算，币种税率匹配规则,阻断并提示差异,金额保存/付款前,规则版本、命中结果、输入摘要、处理结果
P012,晋升与任职发展,中心管理端,R12,票据防重,发票代码、号码、日期、金额和影像哈希联合防重,阻断重复报销/付款,票据提交,规则版本、命中结果、输入摘要、处理结果
P012,晋升与任职发展,中心管理端,,,,,,
P013,奖励,中心管理端,R01,唯一性与幂等,同一业务对象、节点和幂等键不得重复创建有效单据,阻断并返回已有单号,所有提交/接口,规则版本、命中结果、输入摘要、处理结果
P013,奖励,中心管理端,R02,身份与任职有效性,经办人须通过统一认证，当前任职身份在办理时点有效,阻断；重新选择身份或转授权,所有人工节点,规则版本、命中结果、输入摘要、处理结果
P013,奖励,中心管理端,R03,组织数据范围,仅能查看和处理授权中心、部门、岗位或本人数据,拒绝访问并审计,查询/处理/导出,规则版本、命中结果、输入摘要、处理结果
P013,奖励,中心管理端,R04,必填与格式,必填、类型、长度、时间区间、金额精度须通过服务端校验,退回当前表单,提交前,规则版本、命中结果、输入摘要、处理结果
P013,奖励,中心管理端,R05,状态迁移,仅允许按已发布状态机迁移；重复回调返回原结果,阻断非法迁移,节点提交/回调,规则版本、命中结果、输入摘要、处理结果
P013,奖励,中心管理端,R06,附件安全,附件完成病毒、格式、大小、敏感内容和权限校验,隔离附件并要求补充,上传/下载,规则版本、命中结果、输入摘要、处理结果
P013,奖励,中心管理端,R07,敏感字段,P2/P3字段按最小必要显示；导出需审批、水印、短链和二次认证,拒绝或脱敏,查看/导出,规则版本、命中结果、输入摘要、处理结果
P013,奖励,中心管理端,R08,版本一致性,历史实例固定流程、规则、表单和字典版本,版本冲突时禁止提交,保存/提交,规则版本、命中结果、输入摘要、处理结果
P013,奖励,中心管理端,R09,关闭条件,关闭前必须完成必选子任务、结算/回执、异常和归档检查,转整改/待关闭,关闭节点,规则版本、命中结果、输入摘要、处理结果
P013,奖励,中心管理端,R10,审计证据链,关键操作保留操作者、身份、时间、前后值、原因、哈希和请求ID,关键审计失败则阻断,全流程,规则版本、命中结果、输入摘要、处理结果
P013,奖励,中心管理端,,,,,,
P014,纪律、责任与申诉,中心管理端,R01,唯一性与幂等,同一业务对象、节点和幂等键不得重复创建有效单据,阻断并返回已有单号,所有提交/接口,规则版本、命中结果、输入摘要、处理结果
P014,纪律、责任与申诉,中心管理端,R02,身份与任职有效性,经办人须通过统一认证，当前任职身份在办理时点有效,阻断；重新选择身份或转授权,所有人工节点,规则版本、命中结果、输入摘要、处理结果
P014,纪律、责任与申诉,中心管理端,R03,组织数据范围,仅能查看和处理授权中心、部门、岗位或本人数据,拒绝访问并审计,查询/处理/导出,规则版本、命中结果、输入摘要、处理结果
P014,纪律、责任与申诉,中心管理端,R04,必填与格式,必填、类型、长度、时间区间、金额精度须通过服务端校验,退回当前表单,提交前,规则版本、命中结果、输入摘要、处理结果
P014,纪律、责任与申诉,中心管理端,R05,状态迁移,仅允许按已发布状态机迁移；重复回调返回原结果,阻断非法迁移,节点提交/回调,规则版本、命中结果、输入摘要、处理结果
P014,纪律、责任与申诉,中心管理端,R06,附件安全,附件完成病毒、格式、大小、敏感内容和权限校验,隔离附件并要求补充,上传/下载,规则版本、命中结果、输入摘要、处理结果
P014,纪律、责任与申诉,中心管理端,R07,敏感字段,P2/P3字段按最小必要显示；导出需审批、水印、短链和二次认证,拒绝或脱敏,查看/导出,规则版本、命中结果、输入摘要、处理结果
P014,纪律、责任与申诉,中心管理端,R08,版本一致性,历史实例固定流程、规则、表单和字典版本,版本冲突时禁止提交,保存/提交,规则版本、命中结果、输入摘要、处理结果
P014,纪律、责任与申诉,中心管理端,R09,关闭条件,关闭前必须完成必选子任务、结算/回执、异常和归档检查,转整改/待关闭,关闭节点,规则版本、命中结果、输入摘要、处理结果
P014,纪律、责任与申诉,中心管理端,R10,审计证据链,关键操作保留操作者、身份、时间、前后值、原因、哈希和请求ID,关键审计失败则阻断,全流程,规则版本、命中结果、输入摘要、处理结果
P014,纪律、责任与申诉,中心管理端,,,,,,
P015,成长积分与荣誉积分,中心管理端,R01,唯一性与幂等,同一业务对象、节点和幂等键不得重复创建有效单据,阻断并返回已有单号,所有提交/接口,规则版本、命中结果、输入摘要、处理结果
P015,成长积分与荣誉积分,中心管理端,R02,身份与任职有效性,经办人须通过统一认证，当前任职身份在办理时点有效,阻断；重新选择身份或转授权,所有人工节点,规则版本、命中结果、输入摘要、处理结果
P015,成长积分与荣誉积分,中心管理端,R03,组织数据范围,仅能查看和处理授权中心、部门、岗位或本人数据,拒绝访问并审计,查询/处理/导出,规则版本、命中结果、输入摘要、处理结果
P015,成长积分与荣誉积分,中心管理端,R04,必填与格式,必填、类型、长度、时间区间、金额精度须通过服务端校验,退回当前表单,提交前,规则版本、命中结果、输入摘要、处理结果
P015,成长积分与荣誉积分,中心管理端,R05,状态迁移,仅允许按已发布状态机迁移；重复回调返回原结果,阻断非法迁移,节点提交/回调,规则版本、命中结果、输入摘要、处理结果
P015,成长积分与荣誉积分,中心管理端,R06,附件安全,附件完成病毒、格式、大小、敏感内容和权限校验,隔离附件并要求补充,上传/下载,规则版本、命中结果、输入摘要、处理结果
P015,成长积分与荣誉积分,中心管理端,R07,敏感字段,P2/P3字段按最小必要显示；导出需审批、水印、短链和二次认证,拒绝或脱敏,查看/导出,规则版本、命中结果、输入摘要、处理结果
P015,成长积分与荣誉积分,中心管理端,R08,版本一致性,历史实例固定流程、规则、表单和字典版本,版本冲突时禁止提交,保存/提交,规则版本、命中结果、输入摘要、处理结果
P015,成长积分与荣誉积分,中心管理端,R09,关闭条件,关闭前必须完成必选子任务、结算/回执、异常和归档检查,转整改/待关闭,关闭节点,规则版本、命中结果、输入摘要、处理结果
P015,成长积分与荣誉积分,中心管理端,R10,审计证据链,关键操作保留操作者、身份、时间、前后值、原因、哈希和请求ID,关键审计失败则阻断,全流程,规则版本、命中结果、输入摘要、处理结果
P015,成长积分与荣誉积分,中心管理端,R11,先行止险,人员安全优先；重大事件允许先处置后补单，但不得删除证据,立即升级并锁证,事件触发,规则版本、命中结果、输入摘要、处理结果
P015,成长积分与荣誉积分,中心管理端,R12,唯一案件,同一事件保留一个主案件，相关工单、投诉、维修、赔付为子单,合并或关联已有案件,立案,规则版本、命中结果、输入摘要、处理结果
P015,成长积分与荣誉积分,中心管理端,,,,,,
P016,员工福利与关怀,中心管理端,R01,唯一性与幂等,同一业务对象、节点和幂等键不得重复创建有效单据,阻断并返回已有单号,所有提交/接口,规则版本、命中结果、输入摘要、处理结果
P016,员工福利与关怀,中心管理端,R02,身份与任职有效性,经办人须通过统一认证，当前任职身份在办理时点有效,阻断；重新选择身份或转授权,所有人工节点,规则版本、命中结果、输入摘要、处理结果
P016,员工福利与关怀,中心管理端,R03,组织数据范围,仅能查看和处理授权中心、部门、岗位或本人数据,拒绝访问并审计,查询/处理/导出,规则版本、命中结果、输入摘要、处理结果
P016,员工福利与关怀,中心管理端,R04,必填与格式,必填、类型、长度、时间区间、金额精度须通过服务端校验,退回当前表单,提交前,规则版本、命中结果、输入摘要、处理结果
P016,员工福利与关怀,中心管理端,R05,状态迁移,仅允许按已发布状态机迁移；重复回调返回原结果,阻断非法迁移,节点提交/回调,规则版本、命中结果、输入摘要、处理结果
P016,员工福利与关怀,中心管理端,R06,附件安全,附件完成病毒、格式、大小、敏感内容和权限校验,隔离附件并要求补充,上传/下载,规则版本、命中结果、输入摘要、处理结果
P016,员工福利与关怀,中心管理端,R07,敏感字段,P2/P3字段按最小必要显示；导出需审批、水印、短链和二次认证,拒绝或脱敏,查看/导出,规则版本、命中结果、输入摘要、处理结果
P016,员工福利与关怀,中心管理端,R08,版本一致性,历史实例固定流程、规则、表单和字典版本,版本冲突时禁止提交,保存/提交,规则版本、命中结果、输入摘要、处理结果
P016,员工福利与关怀,中心管理端,R09,关闭条件,关闭前必须完成必选子任务、结算/回执、异常和归档检查,转整改/待关闭,关闭节点,规则版本、命中结果、输入摘要、处理结果
P016,员工福利与关怀,中心管理端,R10,审计证据链,关键操作保留操作者、身份、时间、前后值、原因、哈希和请求ID,关键审计失败则阻断,全流程,规则版本、命中结果、输入摘要、处理结果
P016,员工福利与关怀,中心管理端,R11,金额与预算,金额非负，核定金额不超申请与可用预算，币种税率匹配规则,阻断并提示差异,金额保存/付款前,规则版本、命中结果、输入摘要、处理结果
P016,员工福利与关怀,中心管理端,R12,票据防重,发票代码、号码、日期、金额和影像哈希联合防重,阻断重复报销/付款,票据提交,规则版本、命中结果、输入摘要、处理结果
P016,员工福利与关怀,中心管理端,,,,,,
P017,电子签署,中心管理端,R01,唯一性与幂等,同一业务对象、节点和幂等键不得重复创建有效单据,阻断并返回已有单号,所有提交/接口,规则版本、命中结果、输入摘要、处理结果
P017,电子签署,中心管理端,R02,身份与任职有效性,经办人须通过统一认证，当前任职身份在办理时点有效,阻断；重新选择身份或转授权,所有人工节点,规则版本、命中结果、输入摘要、处理结果
P017,电子签署,中心管理端,R03,组织数据范围,仅能查看和处理授权中心、部门、岗位或本人数据,拒绝访问并审计,查询/处理/导出,规则版本、命中结果、输入摘要、处理结果
P017,电子签署,中心管理端,R04,必填与格式,必填、类型、长度、时间区间、金额精度须通过服务端校验,退回当前表单,提交前,规则版本、命中结果、输入摘要、处理结果
P017,电子签署,中心管理端,R05,状态迁移,仅允许按已发布状态机迁移；重复回调返回原结果,阻断非法迁移,节点提交/回调,规则版本、命中结果、输入摘要、处理结果
P017,电子签署,中心管理端,R06,附件安全,附件完成病毒、格式、大小、敏感内容和权限校验,隔离附件并要求补充,上传/下载,规则版本、命中结果、输入摘要、处理结果
P017,电子签署,中心管理端,R07,敏感字段,P2/P3字段按最小必要显示；导出需审批、水印、短链和二次认证,拒绝或脱敏,查看/导出,规则版本、命中结果、输入摘要、处理结果
P017,电子签署,中心管理端,R08,版本一致性,历史实例固定流程、规则、表单和字典版本,版本冲突时禁止提交,保存/提交,规则版本、命中结果、输入摘要、处理结果
P017,电子签署,中心管理端,R09,关闭条件,关闭前必须完成必选子任务、结算/回执、异常和归档检查,转整改/待关闭,关闭节点,规则版本、命中结果、输入摘要、处理结果
P017,电子签署,中心管理端,R10,审计证据链,关键操作保留操作者、身份、时间、前后值、原因、哈希和请求ID,关键审计失败则阻断,全流程,规则版本、命中结果、输入摘要、处理结果
P017,电子签署,中心管理端,R11,文档不可变,签署发起后哈希、主体、顺序和关键数据不可修改,作废并新建批次,签署发起后,规则版本、命中结果、输入摘要、处理结果
P017,电子签署,中心管理端,R12,证据归档,文件、证书、时间戳、回调报文和验签结果成套归档,不得更新为已签署,签署完成,规则版本、命中结果、输入摘要、处理结果
P017,电子签署,中心管理端,,,,,,
P018,数据导入,中心管理端,R01,唯一性与幂等,同一业务对象、节点和幂等键不得重复创建有效单据,阻断并返回已有单号,所有提交/接口,规则版本、命中结果、输入摘要、处理结果
P018,数据导入,中心管理端,R02,身份与任职有效性,经办人须通过统一认证，当前任职身份在办理时点有效,阻断；重新选择身份或转授权,所有人工节点,规则版本、命中结果、输入摘要、处理结果
P018,数据导入,中心管理端,R03,组织数据范围,仅能查看和处理授权中心、部门、岗位或本人数据,拒绝访问并审计,查询/处理/导出,规则版本、命中结果、输入摘要、处理结果
P018,数据导入,中心管理端,R04,必填与格式,必填、类型、长度、时间区间、金额精度须通过服务端校验,退回当前表单,提交前,规则版本、命中结果、输入摘要、处理结果
P018,数据导入,中心管理端,R05,状态迁移,仅允许按已发布状态机迁移；重复回调返回原结果,阻断非法迁移,节点提交/回调,规则版本、命中结果、输入摘要、处理结果
P018,数据导入,中心管理端,R06,附件安全,附件完成病毒、格式、大小、敏感内容和权限校验,隔离附件并要求补充,上传/下载,规则版本、命中结果、输入摘要、处理结果
P018,数据导入,中心管理端,R07,敏感字段,P2/P3字段按最小必要显示；导出需审批、水印、短链和二次认证,拒绝或脱敏,查看/导出,规则版本、命中结果、输入摘要、处理结果
P018,数据导入,中心管理端,R08,版本一致性,历史实例固定流程、规则、表单和字典版本,版本冲突时禁止提交,保存/提交,规则版本、命中结果、输入摘要、处理结果
P018,数据导入,中心管理端,R09,关闭条件,关闭前必须完成必选子任务、结算/回执、异常和归档检查,转整改/待关闭,关闭节点,规则版本、命中结果、输入摘要、处理结果
P018,数据导入,中心管理端,R10,审计证据链,关键操作保留操作者、身份、时间、前后值、原因、哈希和请求ID,关键审计失败则阻断,全流程,规则版本、命中结果、输入摘要、处理结果
P018,数据导入,中心管理端,,,,,,
P019,敏感导出与文件下载,中心管理端,R01,唯一性与幂等,同一业务对象、节点和幂等键不得重复创建有效单据,阻断并返回已有单号,所有提交/接口,规则版本、命中结果、输入摘要、处理结果
P019,敏感导出与文件下载,中心管理端,R02,身份与任职有效性,经办人须通过统一认证，当前任职身份在办理时点有效,阻断；重新选择身份或转授权,所有人工节点,规则版本、命中结果、输入摘要、处理结果
P019,敏感导出与文件下载,中心管理端,R03,组织数据范围,仅能查看和处理授权中心、部门、岗位或本人数据,拒绝访问并审计,查询/处理/导出,规则版本、命中结果、输入摘要、处理结果
P019,敏感导出与文件下载,中心管理端,R04,必填与格式,必填、类型、长度、时间区间、金额精度须通过服务端校验,退回当前表单,提交前,规则版本、命中结果、输入摘要、处理结果
P019,敏感导出与文件下载,中心管理端,R05,状态迁移,仅允许按已发布状态机迁移；重复回调返回原结果,阻断非法迁移,节点提交/回调,规则版本、命中结果、输入摘要、处理结果
P019,敏感导出与文件下载,中心管理端,R06,附件安全,附件完成病毒、格式、大小、敏感内容和权限校验,隔离附件并要求补充,上传/下载,规则版本、命中结果、输入摘要、处理结果
P019,敏感导出与文件下载,中心管理端,R07,敏感字段,P2/P3字段按最小必要显示；导出需审批、水印、短链和二次认证,拒绝或脱敏,查看/导出,规则版本、命中结果、输入摘要、处理结果
P019,敏感导出与文件下载,中心管理端,R08,版本一致性,历史实例固定流程、规则、表单和字典版本,版本冲突时禁止提交,保存/提交,规则版本、命中结果、输入摘要、处理结果
P019,敏感导出与文件下载,中心管理端,R09,关闭条件,关闭前必须完成必选子任务、结算/回执、异常和归档检查,转整改/待关闭,关闭节点,规则版本、命中结果、输入摘要、处理结果
P019,敏感导出与文件下载,中心管理端,R10,审计证据链,关键操作保留操作者、身份、时间、前后值、原因、哈希和请求ID,关键审计失败则阻断,全流程,规则版本、命中结果、输入摘要、处理结果
P019,敏感导出与文件下载,中心管理端,,,,,,
P020,数据质量与修复,中心管理端,R01,唯一性与幂等,同一业务对象、节点和幂等键不得重复创建有效单据,阻断并返回已有单号,所有提交/接口,规则版本、命中结果、输入摘要、处理结果
P020,数据质量与修复,中心管理端,R02,身份与任职有效性,经办人须通过统一认证，当前任职身份在办理时点有效,阻断；重新选择身份或转授权,所有人工节点,规则版本、命中结果、输入摘要、处理结果
P020,数据质量与修复,中心管理端,R03,组织数据范围,仅能查看和处理授权中心、部门、岗位或本人数据,拒绝访问并审计,查询/处理/导出,规则版本、命中结果、输入摘要、处理结果
P020,数据质量与修复,中心管理端,R04,必填与格式,必填、类型、长度、时间区间、金额精度须通过服务端校验,退回当前表单,提交前,规则版本、命中结果、输入摘要、处理结果
P020,数据质量与修复,中心管理端,R05,状态迁移,仅允许按已发布状态机迁移；重复回调返回原结果,阻断非法迁移,节点提交/回调,规则版本、命中结果、输入摘要、处理结果
P020,数据质量与修复,中心管理端,R06,附件安全,附件完成病毒、格式、大小、敏感内容和权限校验,隔离附件并要求补充,上传/下载,规则版本、命中结果、输入摘要、处理结果
P020,数据质量与修复,中心管理端,R07,敏感字段,P2/P3字段按最小必要显示；导出需审批、水印、短链和二次认证,拒绝或脱敏,查看/导出,规则版本、命中结果、输入摘要、处理结果
P020,数据质量与修复,中心管理端,R08,版本一致性,历史实例固定流程、规则、表单和字典版本,版本冲突时禁止提交,保存/提交,规则版本、命中结果、输入摘要、处理结果
P020,数据质量与修复,中心管理端,R09,关闭条件,关闭前必须完成必选子任务、结算/回执、异常和归档检查,转整改/待关闭,关闭节点,规则版本、命中结果、输入摘要、处理结果
P020,数据质量与修复,中心管理端,R10,审计证据链,关键操作保留操作者、身份、时间、前后值、原因、哈希和请求ID,关键审计失败则阻断,全流程,规则版本、命中结果、输入摘要、处理结果
P020,数据质量与修复,中心管理端,,,,,,
P021,经营会议闭环,中心管理端,R01,唯一性与幂等,同一业务对象、节点和幂等键不得重复创建有效单据,阻断并返回已有单号,所有提交/接口,规则版本、命中结果、输入摘要、处理结果
P021,经营会议闭环,中心管理端,R02,身份与任职有效性,经办人须通过统一认证，当前任职身份在办理时点有效,阻断；重新选择身份或转授权,所有人工节点,规则版本、命中结果、输入摘要、处理结果
P021,经营会议闭环,中心管理端,R03,组织数据范围,仅能查看和处理授权中心、部门、岗位或本人数据,拒绝访问并审计,查询/处理/导出,规则版本、命中结果、输入摘要、处理结果
P021,经营会议闭环,中心管理端,R04,必填与格式,必填、类型、长度、时间区间、金额精度须通过服务端校验,退回当前表单,提交前,规则版本、命中结果、输入摘要、处理结果
P021,经营会议闭环,中心管理端,R05,状态迁移,仅允许按已发布状态机迁移；重复回调返回原结果,阻断非法迁移,节点提交/回调,规则版本、命中结果、输入摘要、处理结果
P021,经营会议闭环,中心管理端,R06,附件安全,附件完成病毒、格式、大小、敏感内容和权限校验,隔离附件并要求补充,上传/下载,规则版本、命中结果、输入摘要、处理结果
P021,经营会议闭环,中心管理端,R07,敏感字段,P2/P3字段按最小必要显示；导出需审批、水印、短链和二次认证,拒绝或脱敏,查看/导出,规则版本、命中结果、输入摘要、处理结果
P021,经营会议闭环,中心管理端,R08,版本一致性,历史实例固定流程、规则、表单和字典版本,版本冲突时禁止提交,保存/提交,规则版本、命中结果、输入摘要、处理结果
P021,经营会议闭环,中心管理端,R09,关闭条件,关闭前必须完成必选子任务、结算/回执、异常和归档检查,转整改/待关闭,关闭节点,规则版本、命中结果、输入摘要、处理结果
P021,经营会议闭环,中心管理端,R10,审计证据链,关键操作保留操作者、身份、时间、前后值、原因、哈希和请求ID,关键审计失败则阻断,全流程,规则版本、命中结果、输入摘要、处理结果
P021,经营会议闭环,中心管理端,,,,,,
P022,总裁指令闭环,中心管理端,R01,唯一性与幂等,同一业务对象、节点和幂等键不得重复创建有效单据,阻断并返回已有单号,所有提交/接口,规则版本、命中结果、输入摘要、处理结果
P022,总裁指令闭环,中心管理端,R02,身份与任职有效性,经办人须通过统一认证，当前任职身份在办理时点有效,阻断；重新选择身份或转授权,所有人工节点,规则版本、命中结果、输入摘要、处理结果
P022,总裁指令闭环,中心管理端,R03,组织数据范围,仅能查看和处理授权中心、部门、岗位或本人数据,拒绝访问并审计,查询/处理/导出,规则版本、命中结果、输入摘要、处理结果
P022,总裁指令闭环,中心管理端,R04,必填与格式,必填、类型、长度、时间区间、金额精度须通过服务端校验,退回当前表单,提交前,规则版本、命中结果、输入摘要、处理结果
P022,总裁指令闭环,中心管理端,R05,状态迁移,仅允许按已发布状态机迁移；重复回调返回原结果,阻断非法迁移,节点提交/回调,规则版本、命中结果、输入摘要、处理结果
P022,总裁指令闭环,中心管理端,R06,附件安全,附件完成病毒、格式、大小、敏感内容和权限校验,隔离附件并要求补充,上传/下载,规则版本、命中结果、输入摘要、处理结果
P022,总裁指令闭环,中心管理端,R07,敏感字段,P2/P3字段按最小必要显示；导出需审批、水印、短链和二次认证,拒绝或脱敏,查看/导出,规则版本、命中结果、输入摘要、处理结果
P022,总裁指令闭环,中心管理端,R08,版本一致性,历史实例固定流程、规则、表单和字典版本,版本冲突时禁止提交,保存/提交,规则版本、命中结果、输入摘要、处理结果
P022,总裁指令闭环,中心管理端,R09,关闭条件,关闭前必须完成必选子任务、结算/回执、异常和归档检查,转整改/待关闭,关闭节点,规则版本、命中结果、输入摘要、处理结果
P022,总裁指令闭环,中心管理端,R10,审计证据链,关键操作保留操作者、身份、时间、前后值、原因、哈希和请求ID,关键审计失败则阻断,全流程,规则版本、命中结果、输入摘要、处理结果
P022,总裁指令闭环,中心管理端,,,,,,
P023,重大事项升级,中心管理端,R01,唯一性与幂等,同一业务对象、节点和幂等键不得重复创建有效单据,阻断并返回已有单号,所有提交/接口,规则版本、命中结果、输入摘要、处理结果
P023,重大事项升级,中心管理端,R02,身份与任职有效性,经办人须通过统一认证，当前任职身份在办理时点有效,阻断；重新选择身份或转授权,所有人工节点,规则版本、命中结果、输入摘要、处理结果
P023,重大事项升级,中心管理端,R03,组织数据范围,仅能查看和处理授权中心、部门、岗位或本人数据,拒绝访问并审计,查询/处理/导出,规则版本、命中结果、输入摘要、处理结果
P023,重大事项升级,中心管理端,R04,必填与格式,必填、类型、长度、时间区间、金额精度须通过服务端校验,退回当前表单,提交前,规则版本、命中结果、输入摘要、处理结果
P023,重大事项升级,中心管理端,R05,状态迁移,仅允许按已发布状态机迁移；重复回调返回原结果,阻断非法迁移,节点提交/回调,规则版本、命中结果、输入摘要、处理结果
P023,重大事项升级,中心管理端,R06,附件安全,附件完成病毒、格式、大小、敏感内容和权限校验,隔离附件并要求补充,上传/下载,规则版本、命中结果、输入摘要、处理结果
P023,重大事项升级,中心管理端,R07,敏感字段,P2/P3字段按最小必要显示；导出需审批、水印、短链和二次认证,拒绝或脱敏,查看/导出,规则版本、命中结果、输入摘要、处理结果
P023,重大事项升级,中心管理端,R08,版本一致性,历史实例固定流程、规则、表单和字典版本,版本冲突时禁止提交,保存/提交,规则版本、命中结果、输入摘要、处理结果
P023,重大事项升级,中心管理端,R09,关闭条件,关闭前必须完成必选子任务、结算/回执、异常和归档检查,转整改/待关闭,关闭节点,规则版本、命中结果、输入摘要、处理结果
P023,重大事项升级,中心管理端,R10,审计证据链,关键操作保留操作者、身份、时间、前后值、原因、哈希和请求ID,关键审计失败则阻断,全流程,规则版本、命中结果、输入摘要、处理结果
P023,重大事项升级,中心管理端,R11,先行止险,人员安全优先；重大事件允许先处置后补单，但不得删除证据,立即升级并锁证,事件触发,规则版本、命中结果、输入摘要、处理结果
P023,重大事项升级,中心管理端,R12,唯一案件,同一事件保留一个主案件，相关工单、投诉、维修、赔付为子单,合并或关联已有案件,立案,规则版本、命中结果、输入摘要、处理结果
P023,重大事项升级,中心管理端,,,,,,
P024,预算闭环,中心管理端,R01,唯一性与幂等,同一业务对象、节点和幂等键不得重复创建有效单据,阻断并返回已有单号,所有提交/接口,规则版本、命中结果、输入摘要、处理结果
P024,预算闭环,中心管理端,R02,身份与任职有效性,经办人须通过统一认证，当前任职身份在办理时点有效,阻断；重新选择身份或转授权,所有人工节点,规则版本、命中结果、输入摘要、处理结果
P024,预算闭环,中心管理端,R03,组织数据范围,仅能查看和处理授权中心、部门、岗位或本人数据,拒绝访问并审计,查询/处理/导出,规则版本、命中结果、输入摘要、处理结果
P024,预算闭环,中心管理端,R04,必填与格式,必填、类型、长度、时间区间、金额精度须通过服务端校验,退回当前表单,提交前,规则版本、命中结果、输入摘要、处理结果
P024,预算闭环,中心管理端,R05,状态迁移,仅允许按已发布状态机迁移；重复回调返回原结果,阻断非法迁移,节点提交/回调,规则版本、命中结果、输入摘要、处理结果
P024,预算闭环,中心管理端,R06,附件安全,附件完成病毒、格式、大小、敏感内容和权限校验,隔离附件并要求补充,上传/下载,规则版本、命中结果、输入摘要、处理结果
P024,预算闭环,中心管理端,R07,敏感字段,P2/P3字段按最小必要显示；导出需审批、水印、短链和二次认证,拒绝或脱敏,查看/导出,规则版本、命中结果、输入摘要、处理结果
P024,预算闭环,中心管理端,R08,版本一致性,历史实例固定流程、规则、表单和字典版本,版本冲突时禁止提交,保存/提交,规则版本、命中结果、输入摘要、处理结果
P024,预算闭环,中心管理端,R09,关闭条件,关闭前必须完成必选子任务、结算/回执、异常和归档检查,转整改/待关闭,关闭节点,规则版本、命中结果、输入摘要、处理结果
P024,预算闭环,中心管理端,R10,审计证据链,关键操作保留操作者、身份、时间、前后值、原因、哈希和请求ID,关键审计失败则阻断,全流程,规则版本、命中结果、输入摘要、处理结果
P024,预算闭环,中心管理端,R11,金额与预算,金额非负，核定金额不超申请与可用预算，币种税率匹配规则,阻断并提示差异,金额保存/付款前,规则版本、命中结果、输入摘要、处理结果
P024,预算闭环,中心管理端,R12,票据防重,发票代码、号码、日期、金额和影像哈希联合防重,阻断重复报销/付款,票据提交,规则版本、命中结果、输入摘要、处理结果
P024,预算闭环,中心管理端,,,,,,
P025,报销闭环,中心管理端,R01,唯一性与幂等,同一业务对象、节点和幂等键不得重复创建有效单据,阻断并返回已有单号,所有提交/接口,规则版本、命中结果、输入摘要、处理结果
P025,报销闭环,中心管理端,R02,身份与任职有效性,经办人须通过统一认证，当前任职身份在办理时点有效,阻断；重新选择身份或转授权,所有人工节点,规则版本、命中结果、输入摘要、处理结果
P025,报销闭环,中心管理端,R03,组织数据范围,仅能查看和处理授权中心、部门、岗位或本人数据,拒绝访问并审计,查询/处理/导出,规则版本、命中结果、输入摘要、处理结果
P025,报销闭环,中心管理端,R04,必填与格式,必填、类型、长度、时间区间、金额精度须通过服务端校验,退回当前表单,提交前,规则版本、命中结果、输入摘要、处理结果
P025,报销闭环,中心管理端,R05,状态迁移,仅允许按已发布状态机迁移；重复回调返回原结果,阻断非法迁移,节点提交/回调,规则版本、命中结果、输入摘要、处理结果
P025,报销闭环,中心管理端,R06,附件安全,附件完成病毒、格式、大小、敏感内容和权限校验,隔离附件并要求补充,上传/下载,规则版本、命中结果、输入摘要、处理结果
P025,报销闭环,中心管理端,R07,敏感字段,P2/P3字段按最小必要显示；导出需审批、水印、短链和二次认证,拒绝或脱敏,查看/导出,规则版本、命中结果、输入摘要、处理结果
P025,报销闭环,中心管理端,R08,版本一致性,历史实例固定流程、规则、表单和字典版本,版本冲突时禁止提交,保存/提交,规则版本、命中结果、输入摘要、处理结果
P025,报销闭环,中心管理端,R09,关闭条件,关闭前必须完成必选子任务、结算/回执、异常和归档检查,转整改/待关闭,关闭节点,规则版本、命中结果、输入摘要、处理结果
P025,报销闭环,中心管理端,R10,审计证据链,关键操作保留操作者、身份、时间、前后值、原因、哈希和请求ID,关键审计失败则阻断,全流程,规则版本、命中结果、输入摘要、处理结果
P025,报销闭环,中心管理端,R11,金额与预算,金额非负，核定金额不超申请与可用预算，币种税率匹配规则,阻断并提示差异,金额保存/付款前,规则版本、命中结果、输入摘要、处理结果
P025,报销闭环,中心管理端,R12,票据防重,发票代码、号码、日期、金额和影像哈希联合防重,阻断重复报销/付款,票据提交,规则版本、命中结果、输入摘要、处理结果
P025,报销闭环,中心管理端,,,,,,
P026,借款核销,中心管理端,R01,唯一性与幂等,同一业务对象、节点和幂等键不得重复创建有效单据,阻断并返回已有单号,所有提交/接口,规则版本、命中结果、输入摘要、处理结果
P026,借款核销,中心管理端,R02,身份与任职有效性,经办人须通过统一认证，当前任职身份在办理时点有效,阻断；重新选择身份或转授权,所有人工节点,规则版本、命中结果、输入摘要、处理结果
P026,借款核销,中心管理端,R03,组织数据范围,仅能查看和处理授权中心、部门、岗位或本人数据,拒绝访问并审计,查询/处理/导出,规则版本、命中结果、输入摘要、处理结果
P026,借款核销,中心管理端,R04,必填与格式,必填、类型、长度、时间区间、金额精度须通过服务端校验,退回当前表单,提交前,规则版本、命中结果、输入摘要、处理结果
P026,借款核销,中心管理端,R05,状态迁移,仅允许按已发布状态机迁移；重复回调返回原结果,阻断非法迁移,节点提交/回调,规则版本、命中结果、输入摘要、处理结果
P026,借款核销,中心管理端,R06,附件安全,附件完成病毒、格式、大小、敏感内容和权限校验,隔离附件并要求补充,上传/下载,规则版本、命中结果、输入摘要、处理结果
P026,借款核销,中心管理端,R07,敏感字段,P2/P3字段按最小必要显示；导出需审批、水印、短链和二次认证,拒绝或脱敏,查看/导出,规则版本、命中结果、输入摘要、处理结果
P026,借款核销,中心管理端,R08,版本一致性,历史实例固定流程、规则、表单和字典版本,版本冲突时禁止提交,保存/提交,规则版本、命中结果、输入摘要、处理结果
P026,借款核销,中心管理端,R09,关闭条件,关闭前必须完成必选子任务、结算/回执、异常和归档检查,转整改/待关闭,关闭节点,规则版本、命中结果、输入摘要、处理结果
P026,借款核销,中心管理端,R10,审计证据链,关键操作保留操作者、身份、时间、前后值、原因、哈希和请求ID,关键审计失败则阻断,全流程,规则版本、命中结果、输入摘要、处理结果
P026,借款核销,中心管理端,R11,金额与预算,金额非负，核定金额不超申请与可用预算，币种税率匹配规则,阻断并提示差异,金额保存/付款前,规则版本、命中结果、输入摘要、处理结果
P026,借款核销,中心管理端,R12,票据防重,发票代码、号码、日期、金额和影像哈希联合防重,阻断重复报销/付款,票据提交,规则版本、命中结果、输入摘要、处理结果
P026,借款核销,中心管理端,R11,订单票码一致性,订单、支付、票码、核销、退款状态最终一致；冻结票码不得核销,进入差异队列,核销/退款,规则版本、命中结果、输入摘要、处理结果
P026,借款核销,中心管理端,R12,防重复核销,同一票码同一权益仅成功核销一次，离线回传幂等合并,返回原结果/转差异,核销,规则版本、命中结果、输入摘要、处理结果
P026,借款核销,中心管理端,,,,,,
P027,跨系统对账,中心管理端,R01,唯一性与幂等,同一业务对象、节点和幂等键不得重复创建有效单据,阻断并返回已有单号,所有提交/接口,规则版本、命中结果、输入摘要、处理结果
P027,跨系统对账,中心管理端,R02,身份与任职有效性,经办人须通过统一认证，当前任职身份在办理时点有效,阻断；重新选择身份或转授权,所有人工节点,规则版本、命中结果、输入摘要、处理结果
P027,跨系统对账,中心管理端,R03,组织数据范围,仅能查看和处理授权中心、部门、岗位或本人数据,拒绝访问并审计,查询/处理/导出,规则版本、命中结果、输入摘要、处理结果
P027,跨系统对账,中心管理端,R04,必填与格式,必填、类型、长度、时间区间、金额精度须通过服务端校验,退回当前表单,提交前,规则版本、命中结果、输入摘要、处理结果
P027,跨系统对账,中心管理端,R05,状态迁移,仅允许按已发布状态机迁移；重复回调返回原结果,阻断非法迁移,节点提交/回调,规则版本、命中结果、输入摘要、处理结果
P027,跨系统对账,中心管理端,R06,附件安全,附件完成病毒、格式、大小、敏感内容和权限校验,隔离附件并要求补充,上传/下载,规则版本、命中结果、输入摘要、处理结果
P027,跨系统对账,中心管理端,R07,敏感字段,P2/P3字段按最小必要显示；导出需审批、水印、短链和二次认证,拒绝或脱敏,查看/导出,规则版本、命中结果、输入摘要、处理结果
P027,跨系统对账,中心管理端,R08,版本一致性,历史实例固定流程、规则、表单和字典版本,版本冲突时禁止提交,保存/提交,规则版本、命中结果、输入摘要、处理结果
P027,跨系统对账,中心管理端,R09,关闭条件,关闭前必须完成必选子任务、结算/回执、异常和归档检查,转整改/待关闭,关闭节点,规则版本、命中结果、输入摘要、处理结果
P027,跨系统对账,中心管理端,R10,审计证据链,关键操作保留操作者、身份、时间、前后值、原因、哈希和请求ID,关键审计失败则阻断,全流程,规则版本、命中结果、输入摘要、处理结果
P027,跨系统对账,中心管理端,R11,金额与预算,金额非负，核定金额不超申请与可用预算，币种税率匹配规则,阻断并提示差异,金额保存/付款前,规则版本、命中结果、输入摘要、处理结果
P027,跨系统对账,中心管理端,R12,票据防重,发票代码、号码、日期、金额和影像哈希联合防重,阻断重复报销/付款,票据提交,规则版本、命中结果、输入摘要、处理结果
P027,跨系统对账,中心管理端,,,,,,
P028,录用入职闭环,中心管理端,R01,唯一性与幂等,同一业务对象、节点和幂等键不得重复创建有效单据,阻断并返回已有单号,所有提交/接口,规则版本、命中结果、输入摘要、处理结果
P028,录用入职闭环,中心管理端,R02,身份与任职有效性,经办人须通过统一认证，当前任职身份在办理时点有效,阻断；重新选择身份或转授权,所有人工节点,规则版本、命中结果、输入摘要、处理结果
P028,录用入职闭环,中心管理端,R03,组织数据范围,仅能查看和处理授权中心、部门、岗位或本人数据,拒绝访问并审计,查询/处理/导出,规则版本、命中结果、输入摘要、处理结果
P028,录用入职闭环,中心管理端,R04,必填与格式,必填、类型、长度、时间区间、金额精度须通过服务端校验,退回当前表单,提交前,规则版本、命中结果、输入摘要、处理结果
P028,录用入职闭环,中心管理端,R05,状态迁移,仅允许按已发布状态机迁移；重复回调返回原结果,阻断非法迁移,节点提交/回调,规则版本、命中结果、输入摘要、处理结果
P028,录用入职闭环,中心管理端,R06,附件安全,附件完成病毒、格式、大小、敏感内容和权限校验,隔离附件并要求补充,上传/下载,规则版本、命中结果、输入摘要、处理结果
P028,录用入职闭环,中心管理端,R07,敏感字段,P2/P3字段按最小必要显示；导出需审批、水印、短链和二次认证,拒绝或脱敏,查看/导出,规则版本、命中结果、输入摘要、处理结果
P028,录用入职闭环,中心管理端,R08,版本一致性,历史实例固定流程、规则、表单和字典版本,版本冲突时禁止提交,保存/提交,规则版本、命中结果、输入摘要、处理结果
P028,录用入职闭环,中心管理端,R09,关闭条件,关闭前必须完成必选子任务、结算/回执、异常和归档检查,转整改/待关闭,关闭节点,规则版本、命中结果、输入摘要、处理结果
P028,录用入职闭环,中心管理端,R10,审计证据链,关键操作保留操作者、身份、时间、前后值、原因、哈希和请求ID,关键审计失败则阻断,全流程,规则版本、命中结果、输入摘要、处理结果
P028,录用入职闭环,中心管理端,R11,金额与预算,金额非负，核定金额不超申请与可用预算，币种税率匹配规则,阻断并提示差异,金额保存/付款前,规则版本、命中结果、输入摘要、处理结果
P028,录用入职闭环,中心管理端,R12,票据防重,发票代码、号码、日期、金额和影像哈希联合防重,阻断重复报销/付款,票据提交,规则版本、命中结果、输入摘要、处理结果
P028,录用入职闭环,中心管理端,R11,文档不可变,签署发起后哈希、主体、顺序和关键数据不可修改,作废并新建批次,签署发起后,规则版本、命中结果、输入摘要、处理结果
P028,录用入职闭环,中心管理端,R12,证据归档,文件、证书、时间戳、回调报文和验签结果成套归档,不得更新为已签署,签署完成,规则版本、命中结果、输入摘要、处理结果
P028,录用入职闭环,中心管理端,,,,,,
P029,调岗闭环,中心管理端,R01,唯一性与幂等,同一业务对象、节点和幂等键不得重复创建有效单据,阻断并返回已有单号,所有提交/接口,规则版本、命中结果、输入摘要、处理结果
P029,调岗闭环,中心管理端,R02,身份与任职有效性,经办人须通过统一认证，当前任职身份在办理时点有效,阻断；重新选择身份或转授权,所有人工节点,规则版本、命中结果、输入摘要、处理结果
P029,调岗闭环,中心管理端,R03,组织数据范围,仅能查看和处理授权中心、部门、岗位或本人数据,拒绝访问并审计,查询/处理/导出,规则版本、命中结果、输入摘要、处理结果
P029,调岗闭环,中心管理端,R04,必填与格式,必填、类型、长度、时间区间、金额精度须通过服务端校验,退回当前表单,提交前,规则版本、命中结果、输入摘要、处理结果
P029,调岗闭环,中心管理端,R05,状态迁移,仅允许按已发布状态机迁移；重复回调返回原结果,阻断非法迁移,节点提交/回调,规则版本、命中结果、输入摘要、处理结果
P029,调岗闭环,中心管理端,R06,附件安全,附件完成病毒、格式、大小、敏感内容和权限校验,隔离附件并要求补充,上传/下载,规则版本、命中结果、输入摘要、处理结果
P029,调岗闭环,中心管理端,R07,敏感字段,P2/P3字段按最小必要显示；导出需审批、水印、短链和二次认证,拒绝或脱敏,查看/导出,规则版本、命中结果、输入摘要、处理结果
P029,调岗闭环,中心管理端,R08,版本一致性,历史实例固定流程、规则、表单和字典版本,版本冲突时禁止提交,保存/提交,规则版本、命中结果、输入摘要、处理结果
P029,调岗闭环,中心管理端,R09,关闭条件,关闭前必须完成必选子任务、结算/回执、异常和归档检查,转整改/待关闭,关闭节点,规则版本、命中结果、输入摘要、处理结果
P029,调岗闭环,中心管理端,R10,审计证据链,关键操作保留操作者、身份、时间、前后值、原因、哈希和请求ID,关键审计失败则阻断,全流程,规则版本、命中结果、输入摘要、处理结果
P029,调岗闭环,中心管理端,R11,时间重叠,假勤、排班、加班区间不得与已生效记录冲突,阻断或转例外审批,时间提交,规则版本、命中结果、输入摘要、处理结果
P029,调岗闭环,中心管理端,R12,额度账本,额度只通过预占、扣减、释放和差额调整流水变更,转账本调整单,审批/销假,规则版本、命中结果、输入摘要、处理结果
P029,调岗闭环,中心管理端,R11,文档不可变,签署发起后哈希、主体、顺序和关键数据不可修改,作废并新建批次,签署发起后,规则版本、命中结果、输入摘要、处理结果
P029,调岗闭环,中心管理端,R12,证据归档,文件、证书、时间戳、回调报文和验签结果成套归档,不得更新为已签署,签署完成,规则版本、命中结果、输入摘要、处理结果
P029,调岗闭环,中心管理端,,,,,,
P030,离职闭环,中心管理端,R01,唯一性与幂等,同一业务对象、节点和幂等键不得重复创建有效单据,阻断并返回已有单号,所有提交/接口,规则版本、命中结果、输入摘要、处理结果
P030,离职闭环,中心管理端,R02,身份与任职有效性,经办人须通过统一认证，当前任职身份在办理时点有效,阻断；重新选择身份或转授权,所有人工节点,规则版本、命中结果、输入摘要、处理结果
P030,离职闭环,中心管理端,R03,组织数据范围,仅能查看和处理授权中心、部门、岗位或本人数据,拒绝访问并审计,查询/处理/导出,规则版本、命中结果、输入摘要、处理结果
P030,离职闭环,中心管理端,R04,必填与格式,必填、类型、长度、时间区间、金额精度须通过服务端校验,退回当前表单,提交前,规则版本、命中结果、输入摘要、处理结果
P030,离职闭环,中心管理端,R05,状态迁移,仅允许按已发布状态机迁移；重复回调返回原结果,阻断非法迁移,节点提交/回调,规则版本、命中结果、输入摘要、处理结果
P030,离职闭环,中心管理端,R06,附件安全,附件完成病毒、格式、大小、敏感内容和权限校验,隔离附件并要求补充,上传/下载,规则版本、命中结果、输入摘要、处理结果
P030,离职闭环,中心管理端,R07,敏感字段,P2/P3字段按最小必要显示；导出需审批、水印、短链和二次认证,拒绝或脱敏,查看/导出,规则版本、命中结果、输入摘要、处理结果
P030,离职闭环,中心管理端,R08,版本一致性,历史实例固定流程、规则、表单和字典版本,版本冲突时禁止提交,保存/提交,规则版本、命中结果、输入摘要、处理结果
P030,离职闭环,中心管理端,R09,关闭条件,关闭前必须完成必选子任务、结算/回执、异常和归档检查,转整改/待关闭,关闭节点,规则版本、命中结果、输入摘要、处理结果
P030,离职闭环,中心管理端,R10,审计证据链,关键操作保留操作者、身份、时间、前后值、原因、哈希和请求ID,关键审计失败则阻断,全流程,规则版本、命中结果、输入摘要、处理结果
P030,离职闭环,中心管理端,R11,金额与预算,金额非负，核定金额不超申请与可用预算，币种税率匹配规则,阻断并提示差异,金额保存/付款前,规则版本、命中结果、输入摘要、处理结果
P030,离职闭环,中心管理端,R12,票据防重,发票代码、号码、日期、金额和影像哈希联合防重,阻断重复报销/付款,票据提交,规则版本、命中结果、输入摘要、处理结果
P030,离职闭环,中心管理端,R11,库存非负与锁定,可用量=账面量-锁定量，出库不得导致负库存,阻断并提示缺口,锁定/出库,规则版本、命中结果、输入摘要、处理结果
P030,离职闭环,中心管理端,R12,批次序列追溯,需追溯物品必须一物一码/一批一码，状态变更保留流水,阻断无编码操作,入库/出库/报损,规则版本、命中结果、输入摘要、处理结果
P030,离职闭环,中心管理端,,,,,,
P031,归档接收,中心管理端,R01,唯一性与幂等,同一业务对象、节点和幂等键不得重复创建有效单据,阻断并返回已有单号,所有提交/接口,规则版本、命中结果、输入摘要、处理结果
P031,归档接收,中心管理端,R02,身份与任职有效性,经办人须通过统一认证，当前任职身份在办理时点有效,阻断；重新选择身份或转授权,所有人工节点,规则版本、命中结果、输入摘要、处理结果
P031,归档接收,中心管理端,R03,组织数据范围,仅能查看和处理授权中心、部门、岗位或本人数据,拒绝访问并审计,查询/处理/导出,规则版本、命中结果、输入摘要、处理结果
P031,归档接收,中心管理端,R04,必填与格式,必填、类型、长度、时间区间、金额精度须通过服务端校验,退回当前表单,提交前,规则版本、命中结果、输入摘要、处理结果
P031,归档接收,中心管理端,R05,状态迁移,仅允许按已发布状态机迁移；重复回调返回原结果,阻断非法迁移,节点提交/回调,规则版本、命中结果、输入摘要、处理结果
P031,归档接收,中心管理端,R06,附件安全,附件完成病毒、格式、大小、敏感内容和权限校验,隔离附件并要求补充,上传/下载,规则版本、命中结果、输入摘要、处理结果
P031,归档接收,中心管理端,R07,敏感字段,P2/P3字段按最小必要显示；导出需审批、水印、短链和二次认证,拒绝或脱敏,查看/导出,规则版本、命中结果、输入摘要、处理结果
P031,归档接收,中心管理端,R08,版本一致性,历史实例固定流程、规则、表单和字典版本,版本冲突时禁止提交,保存/提交,规则版本、命中结果、输入摘要、处理结果
P031,归档接收,中心管理端,R09,关闭条件,关闭前必须完成必选子任务、结算/回执、异常和归档检查,转整改/待关闭,关闭节点,规则版本、命中结果、输入摘要、处理结果
P031,归档接收,中心管理端,R10,审计证据链,关键操作保留操作者、身份、时间、前后值、原因、哈希和请求ID,关键审计失败则阻断,全流程,规则版本、命中结果、输入摘要、处理结果
P031,归档接收,中心管理端,R11,库存非负与锁定,可用量=账面量-锁定量，出库不得导致负库存,阻断并提示缺口,锁定/出库,规则版本、命中结果、输入摘要、处理结果
P031,归档接收,中心管理端,R12,批次序列追溯,需追溯物品必须一物一码/一批一码，状态变更保留流水,阻断无编码操作,入库/出库/报损,规则版本、命中结果、输入摘要、处理结果
P031,归档接收,中心管理端,,,,,,
P032,借阅归还,中心管理端,R01,唯一性与幂等,同一业务对象、节点和幂等键不得重复创建有效单据,阻断并返回已有单号,所有提交/接口,规则版本、命中结果、输入摘要、处理结果
P032,借阅归还,中心管理端,R02,身份与任职有效性,经办人须通过统一认证，当前任职身份在办理时点有效,阻断；重新选择身份或转授权,所有人工节点,规则版本、命中结果、输入摘要、处理结果
P032,借阅归还,中心管理端,R03,组织数据范围,仅能查看和处理授权中心、部门、岗位或本人数据,拒绝访问并审计,查询/处理/导出,规则版本、命中结果、输入摘要、处理结果
P032,借阅归还,中心管理端,R04,必填与格式,必填、类型、长度、时间区间、金额精度须通过服务端校验,退回当前表单,提交前,规则版本、命中结果、输入摘要、处理结果
P032,借阅归还,中心管理端,R05,状态迁移,仅允许按已发布状态机迁移；重复回调返回原结果,阻断非法迁移,节点提交/回调,规则版本、命中结果、输入摘要、处理结果
P032,借阅归还,中心管理端,R06,附件安全,附件完成病毒、格式、大小、敏感内容和权限校验,隔离附件并要求补充,上传/下载,规则版本、命中结果、输入摘要、处理结果
P032,借阅归还,中心管理端,R07,敏感字段,P2/P3字段按最小必要显示；导出需审批、水印、短链和二次认证,拒绝或脱敏,查看/导出,规则版本、命中结果、输入摘要、处理结果
P032,借阅归还,中心管理端,R08,版本一致性,历史实例固定流程、规则、表单和字典版本,版本冲突时禁止提交,保存/提交,规则版本、命中结果、输入摘要、处理结果
P032,借阅归还,中心管理端,R09,关闭条件,关闭前必须完成必选子任务、结算/回执、异常和归档检查,转整改/待关闭,关闭节点,规则版本、命中结果、输入摘要、处理结果
P032,借阅归还,中心管理端,R10,审计证据链,关键操作保留操作者、身份、时间、前后值、原因、哈希和请求ID,关键审计失败则阻断,全流程,规则版本、命中结果、输入摘要、处理结果
P032,借阅归还,中心管理端,R11,库存非负与锁定,可用量=账面量-锁定量，出库不得导致负库存,阻断并提示缺口,锁定/出库,规则版本、命中结果、输入摘要、处理结果
P032,借阅归还,中心管理端,R12,批次序列追溯,需追溯物品必须一物一码/一批一码，状态变更保留流水,阻断无编码操作,入库/出库/报损,规则版本、命中结果、输入摘要、处理结果
P032,借阅归还,中心管理端,,,,,,
P033,销毁鉴定,中心管理端,R01,唯一性与幂等,同一业务对象、节点和幂等键不得重复创建有效单据,阻断并返回已有单号,所有提交/接口,规则版本、命中结果、输入摘要、处理结果
P033,销毁鉴定,中心管理端,R02,身份与任职有效性,经办人须通过统一认证，当前任职身份在办理时点有效,阻断；重新选择身份或转授权,所有人工节点,规则版本、命中结果、输入摘要、处理结果
P033,销毁鉴定,中心管理端,R03,组织数据范围,仅能查看和处理授权中心、部门、岗位或本人数据,拒绝访问并审计,查询/处理/导出,规则版本、命中结果、输入摘要、处理结果
P033,销毁鉴定,中心管理端,R04,必填与格式,必填、类型、长度、时间区间、金额精度须通过服务端校验,退回当前表单,提交前,规则版本、命中结果、输入摘要、处理结果
P033,销毁鉴定,中心管理端,R05,状态迁移,仅允许按已发布状态机迁移；重复回调返回原结果,阻断非法迁移,节点提交/回调,规则版本、命中结果、输入摘要、处理结果
P033,销毁鉴定,中心管理端,R06,附件安全,附件完成病毒、格式、大小、敏感内容和权限校验,隔离附件并要求补充,上传/下载,规则版本、命中结果、输入摘要、处理结果
P033,销毁鉴定,中心管理端,R07,敏感字段,P2/P3字段按最小必要显示；导出需审批、水印、短链和二次认证,拒绝或脱敏,查看/导出,规则版本、命中结果、输入摘要、处理结果
P033,销毁鉴定,中心管理端,R08,版本一致性,历史实例固定流程、规则、表单和字典版本,版本冲突时禁止提交,保存/提交,规则版本、命中结果、输入摘要、处理结果
P033,销毁鉴定,中心管理端,R09,关闭条件,关闭前必须完成必选子任务、结算/回执、异常和归档检查,转整改/待关闭,关闭节点,规则版本、命中结果、输入摘要、处理结果
P033,销毁鉴定,中心管理端,R10,审计证据链,关键操作保留操作者、身份、时间、前后值、原因、哈希和请求ID,关键审计失败则阻断,全流程,规则版本、命中结果、输入摘要、处理结果
P033,销毁鉴定,中心管理端,,,,,,
P034,标准采购,中心管理端,R01,唯一性与幂等,同一业务对象、节点和幂等键不得重复创建有效单据,阻断并返回已有单号,所有提交/接口,规则版本、命中结果、输入摘要、处理结果
P034,标准采购,中心管理端,R02,身份与任职有效性,经办人须通过统一认证，当前任职身份在办理时点有效,阻断；重新选择身份或转授权,所有人工节点,规则版本、命中结果、输入摘要、处理结果
P034,标准采购,中心管理端,R03,组织数据范围,仅能查看和处理授权中心、部门、岗位或本人数据,拒绝访问并审计,查询/处理/导出,规则版本、命中结果、输入摘要、处理结果
P034,标准采购,中心管理端,R04,必填与格式,必填、类型、长度、时间区间、金额精度须通过服务端校验,退回当前表单,提交前,规则版本、命中结果、输入摘要、处理结果
P034,标准采购,中心管理端,R05,状态迁移,仅允许按已发布状态机迁移；重复回调返回原结果,阻断非法迁移,节点提交/回调,规则版本、命中结果、输入摘要、处理结果
P034,标准采购,中心管理端,R06,附件安全,附件完成病毒、格式、大小、敏感内容和权限校验,隔离附件并要求补充,上传/下载,规则版本、命中结果、输入摘要、处理结果
P034,标准采购,中心管理端,R07,敏感字段,P2/P3字段按最小必要显示；导出需审批、水印、短链和二次认证,拒绝或脱敏,查看/导出,规则版本、命中结果、输入摘要、处理结果
P034,标准采购,中心管理端,R08,版本一致性,历史实例固定流程、规则、表单和字典版本,版本冲突时禁止提交,保存/提交,规则版本、命中结果、输入摘要、处理结果
P034,标准采购,中心管理端,R09,关闭条件,关闭前必须完成必选子任务、结算/回执、异常和归档检查,转整改/待关闭,关闭节点,规则版本、命中结果、输入摘要、处理结果
P034,标准采购,中心管理端,R10,审计证据链,关键操作保留操作者、身份、时间、前后值、原因、哈希和请求ID,关键审计失败则阻断,全流程,规则版本、命中结果、输入摘要、处理结果
P034,标准采购,中心管理端,R11,金额与预算,金额非负，核定金额不超申请与可用预算，币种税率匹配规则,阻断并提示差异,金额保存/付款前,规则版本、命中结果、输入摘要、处理结果
P034,标准采购,中心管理端,R12,票据防重,发票代码、号码、日期、金额和影像哈希联合防重,阻断重复报销/付款,票据提交,规则版本、命中结果、输入摘要、处理结果
P034,标准采购,中心管理端,R11,订单票码一致性,订单、支付、票码、核销、退款状态最终一致；冻结票码不得核销,进入差异队列,核销/退款,规则版本、命中结果、输入摘要、处理结果
P034,标准采购,中心管理端,R12,防重复核销,同一票码同一权益仅成功核销一次，离线回传幂等合并,返回原结果/转差异,核销,规则版本、命中结果、输入摘要、处理结果
P034,标准采购,中心管理端,R11,库存非负与锁定,可用量=账面量-锁定量，出库不得导致负库存,阻断并提示缺口,锁定/出库,规则版本、命中结果、输入摘要、处理结果
P034,标准采购,中心管理端,R12,批次序列追溯,需追溯物品必须一物一码/一批一码，状态变更保留流水,阻断无编码操作,入库/出库/报损,规则版本、命中结果、输入摘要、处理结果
P034,标准采购,中心管理端,,,,,,
P035,紧急采购,中心管理端,R01,唯一性与幂等,同一业务对象、节点和幂等键不得重复创建有效单据,阻断并返回已有单号,所有提交/接口,规则版本、命中结果、输入摘要、处理结果
P035,紧急采购,中心管理端,R02,身份与任职有效性,经办人须通过统一认证，当前任职身份在办理时点有效,阻断；重新选择身份或转授权,所有人工节点,规则版本、命中结果、输入摘要、处理结果
P035,紧急采购,中心管理端,R03,组织数据范围,仅能查看和处理授权中心、部门、岗位或本人数据,拒绝访问并审计,查询/处理/导出,规则版本、命中结果、输入摘要、处理结果
P035,紧急采购,中心管理端,R04,必填与格式,必填、类型、长度、时间区间、金额精度须通过服务端校验,退回当前表单,提交前,规则版本、命中结果、输入摘要、处理结果
P035,紧急采购,中心管理端,R05,状态迁移,仅允许按已发布状态机迁移；重复回调返回原结果,阻断非法迁移,节点提交/回调,规则版本、命中结果、输入摘要、处理结果
P035,紧急采购,中心管理端,R06,附件安全,附件完成病毒、格式、大小、敏感内容和权限校验,隔离附件并要求补充,上传/下载,规则版本、命中结果、输入摘要、处理结果
P035,紧急采购,中心管理端,R07,敏感字段,P2/P3字段按最小必要显示；导出需审批、水印、短链和二次认证,拒绝或脱敏,查看/导出,规则版本、命中结果、输入摘要、处理结果
P035,紧急采购,中心管理端,R08,版本一致性,历史实例固定流程、规则、表单和字典版本,版本冲突时禁止提交,保存/提交,规则版本、命中结果、输入摘要、处理结果
P035,紧急采购,中心管理端,R09,关闭条件,关闭前必须完成必选子任务、结算/回执、异常和归档检查,转整改/待关闭,关闭节点,规则版本、命中结果、输入摘要、处理结果
P035,紧急采购,中心管理端,R10,审计证据链,关键操作保留操作者、身份、时间、前后值、原因、哈希和请求ID,关键审计失败则阻断,全流程,规则版本、命中结果、输入摘要、处理结果
P035,紧急采购,中心管理端,,,,,,
P036,退换货,中心管理端,R01,唯一性与幂等,同一业务对象、节点和幂等键不得重复创建有效单据,阻断并返回已有单号,所有提交/接口,规则版本、命中结果、输入摘要、处理结果
P036,退换货,中心管理端,R02,身份与任职有效性,经办人须通过统一认证，当前任职身份在办理时点有效,阻断；重新选择身份或转授权,所有人工节点,规则版本、命中结果、输入摘要、处理结果
P036,退换货,中心管理端,R03,组织数据范围,仅能查看和处理授权中心、部门、岗位或本人数据,拒绝访问并审计,查询/处理/导出,规则版本、命中结果、输入摘要、处理结果
P036,退换货,中心管理端,R04,必填与格式,必填、类型、长度、时间区间、金额精度须通过服务端校验,退回当前表单,提交前,规则版本、命中结果、输入摘要、处理结果
P036,退换货,中心管理端,R05,状态迁移,仅允许按已发布状态机迁移；重复回调返回原结果,阻断非法迁移,节点提交/回调,规则版本、命中结果、输入摘要、处理结果
P036,退换货,中心管理端,R06,附件安全,附件完成病毒、格式、大小、敏感内容和权限校验,隔离附件并要求补充,上传/下载,规则版本、命中结果、输入摘要、处理结果
P036,退换货,中心管理端,R07,敏感字段,P2/P3字段按最小必要显示；导出需审批、水印、短链和二次认证,拒绝或脱敏,查看/导出,规则版本、命中结果、输入摘要、处理结果
P036,退换货,中心管理端,R08,版本一致性,历史实例固定流程、规则、表单和字典版本,版本冲突时禁止提交,保存/提交,规则版本、命中结果、输入摘要、处理结果
P036,退换货,中心管理端,R09,关闭条件,关闭前必须完成必选子任务、结算/回执、异常和归档检查,转整改/待关闭,关闭节点,规则版本、命中结果、输入摘要、处理结果
P036,退换货,中心管理端,R10,审计证据链,关键操作保留操作者、身份、时间、前后值、原因、哈希和请求ID,关键审计失败则阻断,全流程,规则版本、命中结果、输入摘要、处理结果
P036,退换货,中心管理端,R11,金额与预算,金额非负，核定金额不超申请与可用预算，币种税率匹配规则,阻断并提示差异,金额保存/付款前,规则版本、命中结果、输入摘要、处理结果
P036,退换货,中心管理端,R12,票据防重,发票代码、号码、日期、金额和影像哈希联合防重,阻断重复报销/付款,票据提交,规则版本、命中结果、输入摘要、处理结果
P036,退换货,中心管理端,R11,订单票码一致性,订单、支付、票码、核销、退款状态最终一致；冻结票码不得核销,进入差异队列,核销/退款,规则版本、命中结果、输入摘要、处理结果
P036,退换货,中心管理端,R12,防重复核销,同一票码同一权益仅成功核销一次，离线回传幂等合并,返回原结果/转差异,核销,规则版本、命中结果、输入摘要、处理结果
P036,退换货,中心管理端,R11,库存非负与锁定,可用量=账面量-锁定量，出库不得导致负库存,阻断并提示缺口,锁定/出库,规则版本、命中结果、输入摘要、处理结果
P036,退换货,中心管理端,R12,批次序列追溯,需追溯物品必须一物一码/一批一码，状态变更保留流水,阻断无编码操作,入库/出库/报损,规则版本、命中结果、输入摘要、处理结果
P036,退换货,中心管理端,,,,,,
P037,售检票闭环,中心管理端,R01,唯一性与幂等,同一业务对象、节点和幂等键不得重复创建有效单据,阻断并返回已有单号,所有提交/接口,规则版本、命中结果、输入摘要、处理结果
P037,售检票闭环,中心管理端,R02,身份与任职有效性,经办人须通过统一认证，当前任职身份在办理时点有效,阻断；重新选择身份或转授权,所有人工节点,规则版本、命中结果、输入摘要、处理结果
P037,售检票闭环,中心管理端,R03,组织数据范围,仅能查看和处理授权中心、部门、岗位或本人数据,拒绝访问并审计,查询/处理/导出,规则版本、命中结果、输入摘要、处理结果
P037,售检票闭环,中心管理端,R04,必填与格式,必填、类型、长度、时间区间、金额精度须通过服务端校验,退回当前表单,提交前,规则版本、命中结果、输入摘要、处理结果
P037,售检票闭环,中心管理端,R05,状态迁移,仅允许按已发布状态机迁移；重复回调返回原结果,阻断非法迁移,节点提交/回调,规则版本、命中结果、输入摘要、处理结果
P037,售检票闭环,中心管理端,R06,附件安全,附件完成病毒、格式、大小、敏感内容和权限校验,隔离附件并要求补充,上传/下载,规则版本、命中结果、输入摘要、处理结果
P037,售检票闭环,中心管理端,R07,敏感字段,P2/P3字段按最小必要显示；导出需审批、水印、短链和二次认证,拒绝或脱敏,查看/导出,规则版本、命中结果、输入摘要、处理结果
P037,售检票闭环,中心管理端,R08,版本一致性,历史实例固定流程、规则、表单和字典版本,版本冲突时禁止提交,保存/提交,规则版本、命中结果、输入摘要、处理结果
P037,售检票闭环,中心管理端,R09,关闭条件,关闭前必须完成必选子任务、结算/回执、异常和归档检查,转整改/待关闭,关闭节点,规则版本、命中结果、输入摘要、处理结果
P037,售检票闭环,中心管理端,R10,审计证据链,关键操作保留操作者、身份、时间、前后值、原因、哈希和请求ID,关键审计失败则阻断,全流程,规则版本、命中结果、输入摘要、处理结果
P037,售检票闭环,中心管理端,R11,金额与预算,金额非负，核定金额不超申请与可用预算，币种税率匹配规则,阻断并提示差异,金额保存/付款前,规则版本、命中结果、输入摘要、处理结果
P037,售检票闭环,中心管理端,R12,票据防重,发票代码、号码、日期、金额和影像哈希联合防重,阻断重复报销/付款,票据提交,规则版本、命中结果、输入摘要、处理结果
P037,售检票闭环,中心管理端,R11,订单票码一致性,订单、支付、票码、核销、退款状态最终一致；冻结票码不得核销,进入差异队列,核销/退款,规则版本、命中结果、输入摘要、处理结果
P037,售检票闭环,中心管理端,R12,防重复核销,同一票码同一权益仅成功核销一次，离线回传幂等合并,返回原结果/转差异,核销,规则版本、命中结果、输入摘要、处理结果
P037,售检票闭环,中心管理端,,,,,,
P038,退款改签,中心管理端,R01,唯一性与幂等,同一业务对象、节点和幂等键不得重复创建有效单据,阻断并返回已有单号,所有提交/接口,规则版本、命中结果、输入摘要、处理结果
P038,退款改签,中心管理端,R02,身份与任职有效性,经办人须通过统一认证，当前任职身份在办理时点有效,阻断；重新选择身份或转授权,所有人工节点,规则版本、命中结果、输入摘要、处理结果
P038,退款改签,中心管理端,R03,组织数据范围,仅能查看和处理授权中心、部门、岗位或本人数据,拒绝访问并审计,查询/处理/导出,规则版本、命中结果、输入摘要、处理结果
P038,退款改签,中心管理端,R04,必填与格式,必填、类型、长度、时间区间、金额精度须通过服务端校验,退回当前表单,提交前,规则版本、命中结果、输入摘要、处理结果
P038,退款改签,中心管理端,R05,状态迁移,仅允许按已发布状态机迁移；重复回调返回原结果,阻断非法迁移,节点提交/回调,规则版本、命中结果、输入摘要、处理结果
P038,退款改签,中心管理端,R06,附件安全,附件完成病毒、格式、大小、敏感内容和权限校验,隔离附件并要求补充,上传/下载,规则版本、命中结果、输入摘要、处理结果
P038,退款改签,中心管理端,R07,敏感字段,P2/P3字段按最小必要显示；导出需审批、水印、短链和二次认证,拒绝或脱敏,查看/导出,规则版本、命中结果、输入摘要、处理结果
P038,退款改签,中心管理端,R08,版本一致性,历史实例固定流程、规则、表单和字典版本,版本冲突时禁止提交,保存/提交,规则版本、命中结果、输入摘要、处理结果
P038,退款改签,中心管理端,R09,关闭条件,关闭前必须完成必选子任务、结算/回执、异常和归档检查,转整改/待关闭,关闭节点,规则版本、命中结果、输入摘要、处理结果
P038,退款改签,中心管理端,R10,审计证据链,关键操作保留操作者、身份、时间、前后值、原因、哈希和请求ID,关键审计失败则阻断,全流程,规则版本、命中结果、输入摘要、处理结果
P038,退款改签,中心管理端,R11,金额与预算,金额非负，核定金额不超申请与可用预算，币种税率匹配规则,阻断并提示差异,金额保存/付款前,规则版本、命中结果、输入摘要、处理结果
P038,退款改签,中心管理端,R12,票据防重,发票代码、号码、日期、金额和影像哈希联合防重,阻断重复报销/付款,票据提交,规则版本、命中结果、输入摘要、处理结果
P038,退款改签,中心管理端,R11,订单票码一致性,订单、支付、票码、核销、退款状态最终一致；冻结票码不得核销,进入差异队列,核销/退款,规则版本、命中结果、输入摘要、处理结果
P038,退款改签,中心管理端,R12,防重复核销,同一票码同一权益仅成功核销一次，离线回传幂等合并,返回原结果/转差异,核销,规则版本、命中结果、输入摘要、处理结果
P038,退款改签,中心管理端,,,,,,
P039,离线检票,中心管理端,R01,唯一性与幂等,同一业务对象、节点和幂等键不得重复创建有效单据,阻断并返回已有单号,所有提交/接口,规则版本、命中结果、输入摘要、处理结果
P039,离线检票,中心管理端,R02,身份与任职有效性,经办人须通过统一认证，当前任职身份在办理时点有效,阻断；重新选择身份或转授权,所有人工节点,规则版本、命中结果、输入摘要、处理结果
P039,离线检票,中心管理端,R03,组织数据范围,仅能查看和处理授权中心、部门、岗位或本人数据,拒绝访问并审计,查询/处理/导出,规则版本、命中结果、输入摘要、处理结果
P039,离线检票,中心管理端,R04,必填与格式,必填、类型、长度、时间区间、金额精度须通过服务端校验,退回当前表单,提交前,规则版本、命中结果、输入摘要、处理结果
P039,离线检票,中心管理端,R05,状态迁移,仅允许按已发布状态机迁移；重复回调返回原结果,阻断非法迁移,节点提交/回调,规则版本、命中结果、输入摘要、处理结果
P039,离线检票,中心管理端,R06,附件安全,附件完成病毒、格式、大小、敏感内容和权限校验,隔离附件并要求补充,上传/下载,规则版本、命中结果、输入摘要、处理结果
P039,离线检票,中心管理端,R07,敏感字段,P2/P3字段按最小必要显示；导出需审批、水印、短链和二次认证,拒绝或脱敏,查看/导出,规则版本、命中结果、输入摘要、处理结果
P039,离线检票,中心管理端,R08,版本一致性,历史实例固定流程、规则、表单和字典版本,版本冲突时禁止提交,保存/提交,规则版本、命中结果、输入摘要、处理结果
P039,离线检票,中心管理端,R09,关闭条件,关闭前必须完成必选子任务、结算/回执、异常和归档检查,转整改/待关闭,关闭节点,规则版本、命中结果、输入摘要、处理结果
P039,离线检票,中心管理端,R10,审计证据链,关键操作保留操作者、身份、时间、前后值、原因、哈希和请求ID,关键审计失败则阻断,全流程,规则版本、命中结果、输入摘要、处理结果
P039,离线检票,中心管理端,R11,订单票码一致性,订单、支付、票码、核销、退款状态最终一致；冻结票码不得核销,进入差异队列,核销/退款,规则版本、命中结果、输入摘要、处理结果
P039,离线检票,中心管理端,R12,防重复核销,同一票码同一权益仅成功核销一次，离线回传幂等合并,返回原结果/转差异,核销,规则版本、命中结果、输入摘要、处理结果
P039,离线检票,中心管理端,,,,,,
P040,商机推进,中心管理端,R01,唯一性与幂等,同一业务对象、节点和幂等键不得重复创建有效单据,阻断并返回已有单号,所有提交/接口,规则版本、命中结果、输入摘要、处理结果
P040,商机推进,中心管理端,R02,身份与任职有效性,经办人须通过统一认证，当前任职身份在办理时点有效,阻断；重新选择身份或转授权,所有人工节点,规则版本、命中结果、输入摘要、处理结果
P040,商机推进,中心管理端,R03,组织数据范围,仅能查看和处理授权中心、部门、岗位或本人数据,拒绝访问并审计,查询/处理/导出,规则版本、命中结果、输入摘要、处理结果
P040,商机推进,中心管理端,R04,必填与格式,必填、类型、长度、时间区间、金额精度须通过服务端校验,退回当前表单,提交前,规则版本、命中结果、输入摘要、处理结果
P040,商机推进,中心管理端,R05,状态迁移,仅允许按已发布状态机迁移；重复回调返回原结果,阻断非法迁移,节点提交/回调,规则版本、命中结果、输入摘要、处理结果
P040,商机推进,中心管理端,R06,附件安全,附件完成病毒、格式、大小、敏感内容和权限校验,隔离附件并要求补充,上传/下载,规则版本、命中结果、输入摘要、处理结果
P040,商机推进,中心管理端,R07,敏感字段,P2/P3字段按最小必要显示；导出需审批、水印、短链和二次认证,拒绝或脱敏,查看/导出,规则版本、命中结果、输入摘要、处理结果
P040,商机推进,中心管理端,R08,版本一致性,历史实例固定流程、规则、表单和字典版本,版本冲突时禁止提交,保存/提交,规则版本、命中结果、输入摘要、处理结果
P040,商机推进,中心管理端,R09,关闭条件,关闭前必须完成必选子任务、结算/回执、异常和归档检查,转整改/待关闭,关闭节点,规则版本、命中结果、输入摘要、处理结果
P040,商机推进,中心管理端,R10,审计证据链,关键操作保留操作者、身份、时间、前后值、原因、哈希和请求ID,关键审计失败则阻断,全流程,规则版本、命中结果、输入摘要、处理结果
P040,商机推进,中心管理端,R11,金额与预算,金额非负，核定金额不超申请与可用预算，币种税率匹配规则,阻断并提示差异,金额保存/付款前,规则版本、命中结果、输入摘要、处理结果
P040,商机推进,中心管理端,R12,票据防重,发票代码、号码、日期、金额和影像哈希联合防重,阻断重复报销/付款,票据提交,规则版本、命中结果、输入摘要、处理结果
P040,商机推进,中心管理端,R11,文档不可变,签署发起后哈希、主体、顺序和关键数据不可修改,作废并新建批次,签署发起后,规则版本、命中结果、输入摘要、处理结果
P040,商机推进,中心管理端,R12,证据归档,文件、证书、时间戳、回调报文和验签结果成套归档,不得更新为已签署,签署完成,规则版本、命中结果、输入摘要、处理结果
P040,商机推进,中心管理端,,,,,,
P041,市场活动,中心管理端,R01,唯一性与幂等,同一业务对象、节点和幂等键不得重复创建有效单据,阻断并返回已有单号,所有提交/接口,规则版本、命中结果、输入摘要、处理结果
P041,市场活动,中心管理端,R02,身份与任职有效性,经办人须通过统一认证，当前任职身份在办理时点有效,阻断；重新选择身份或转授权,所有人工节点,规则版本、命中结果、输入摘要、处理结果
P041,市场活动,中心管理端,R03,组织数据范围,仅能查看和处理授权中心、部门、岗位或本人数据,拒绝访问并审计,查询/处理/导出,规则版本、命中结果、输入摘要、处理结果
P041,市场活动,中心管理端,R04,必填与格式,必填、类型、长度、时间区间、金额精度须通过服务端校验,退回当前表单,提交前,规则版本、命中结果、输入摘要、处理结果
P041,市场活动,中心管理端,R05,状态迁移,仅允许按已发布状态机迁移；重复回调返回原结果,阻断非法迁移,节点提交/回调,规则版本、命中结果、输入摘要、处理结果
P041,市场活动,中心管理端,R06,附件安全,附件完成病毒、格式、大小、敏感内容和权限校验,隔离附件并要求补充,上传/下载,规则版本、命中结果、输入摘要、处理结果
P041,市场活动,中心管理端,R07,敏感字段,P2/P3字段按最小必要显示；导出需审批、水印、短链和二次认证,拒绝或脱敏,查看/导出,规则版本、命中结果、输入摘要、处理结果
P041,市场活动,中心管理端,R08,版本一致性,历史实例固定流程、规则、表单和字典版本,版本冲突时禁止提交,保存/提交,规则版本、命中结果、输入摘要、处理结果
P041,市场活动,中心管理端,R09,关闭条件,关闭前必须完成必选子任务、结算/回执、异常和归档检查,转整改/待关闭,关闭节点,规则版本、命中结果、输入摘要、处理结果
P041,市场活动,中心管理端,R10,审计证据链,关键操作保留操作者、身份、时间、前后值、原因、哈希和请求ID,关键审计失败则阻断,全流程,规则版本、命中结果、输入摘要、处理结果
P041,市场活动,中心管理端,R11,金额与预算,金额非负，核定金额不超申请与可用预算，币种税率匹配规则,阻断并提示差异,金额保存/付款前,规则版本、命中结果、输入摘要、处理结果
P041,市场活动,中心管理端,R12,票据防重,发票代码、号码、日期、金额和影像哈希联合防重,阻断重复报销/付款,票据提交,规则版本、命中结果、输入摘要、处理结果
P041,市场活动,中心管理端,,,,,,
P042,渠道准入,中心管理端,R01,唯一性与幂等,同一业务对象、节点和幂等键不得重复创建有效单据,阻断并返回已有单号,所有提交/接口,规则版本、命中结果、输入摘要、处理结果
P042,渠道准入,中心管理端,R02,身份与任职有效性,经办人须通过统一认证，当前任职身份在办理时点有效,阻断；重新选择身份或转授权,所有人工节点,规则版本、命中结果、输入摘要、处理结果
P042,渠道准入,中心管理端,R03,组织数据范围,仅能查看和处理授权中心、部门、岗位或本人数据,拒绝访问并审计,查询/处理/导出,规则版本、命中结果、输入摘要、处理结果
P042,渠道准入,中心管理端,R04,必填与格式,必填、类型、长度、时间区间、金额精度须通过服务端校验,退回当前表单,提交前,规则版本、命中结果、输入摘要、处理结果
P042,渠道准入,中心管理端,R05,状态迁移,仅允许按已发布状态机迁移；重复回调返回原结果,阻断非法迁移,节点提交/回调,规则版本、命中结果、输入摘要、处理结果
P042,渠道准入,中心管理端,R06,附件安全,附件完成病毒、格式、大小、敏感内容和权限校验,隔离附件并要求补充,上传/下载,规则版本、命中结果、输入摘要、处理结果
P042,渠道准入,中心管理端,R07,敏感字段,P2/P3字段按最小必要显示；导出需审批、水印、短链和二次认证,拒绝或脱敏,查看/导出,规则版本、命中结果、输入摘要、处理结果
P042,渠道准入,中心管理端,R08,版本一致性,历史实例固定流程、规则、表单和字典版本,版本冲突时禁止提交,保存/提交,规则版本、命中结果、输入摘要、处理结果
P042,渠道准入,中心管理端,R09,关闭条件,关闭前必须完成必选子任务、结算/回执、异常和归档检查,转整改/待关闭,关闭节点,规则版本、命中结果、输入摘要、处理结果
P042,渠道准入,中心管理端,R10,审计证据链,关键操作保留操作者、身份、时间、前后值、原因、哈希和请求ID,关键审计失败则阻断,全流程,规则版本、命中结果、输入摘要、处理结果
P042,渠道准入,中心管理端,R11,先行止险,人员安全优先；重大事件允许先处置后补单，但不得删除证据,立即升级并锁证,事件触发,规则版本、命中结果、输入摘要、处理结果
P042,渠道准入,中心管理端,R12,唯一案件,同一事件保留一个主案件，相关工单、投诉、维修、赔付为子单,合并或关联已有案件,立案,规则版本、命中结果、输入摘要、处理结果
P042,渠道准入,中心管理端,R11,文档不可变,签署发起后哈希、主体、顺序和关键数据不可修改,作废并新建批次,签署发起后,规则版本、命中结果、输入摘要、处理结果
P042,渠道准入,中心管理端,R12,证据归档,文件、证书、时间戳、回调报文和验签结果成套归档,不得更新为已签署,签署完成,规则版本、命中结果、输入摘要、处理结果
P042,渠道准入,中心管理端,,,,,,
P043,课程产品上线,中心管理端,R01,唯一性与幂等,同一业务对象、节点和幂等键不得重复创建有效单据,阻断并返回已有单号,所有提交/接口,规则版本、命中结果、输入摘要、处理结果
P043,课程产品上线,中心管理端,R02,身份与任职有效性,经办人须通过统一认证，当前任职身份在办理时点有效,阻断；重新选择身份或转授权,所有人工节点,规则版本、命中结果、输入摘要、处理结果
P043,课程产品上线,中心管理端,R03,组织数据范围,仅能查看和处理授权中心、部门、岗位或本人数据,拒绝访问并审计,查询/处理/导出,规则版本、命中结果、输入摘要、处理结果
P043,课程产品上线,中心管理端,R04,必填与格式,必填、类型、长度、时间区间、金额精度须通过服务端校验,退回当前表单,提交前,规则版本、命中结果、输入摘要、处理结果
P043,课程产品上线,中心管理端,R05,状态迁移,仅允许按已发布状态机迁移；重复回调返回原结果,阻断非法迁移,节点提交/回调,规则版本、命中结果、输入摘要、处理结果
P043,课程产品上线,中心管理端,R06,附件安全,附件完成病毒、格式、大小、敏感内容和权限校验,隔离附件并要求补充,上传/下载,规则版本、命中结果、输入摘要、处理结果
P043,课程产品上线,中心管理端,R07,敏感字段,P2/P3字段按最小必要显示；导出需审批、水印、短链和二次认证,拒绝或脱敏,查看/导出,规则版本、命中结果、输入摘要、处理结果
P043,课程产品上线,中心管理端,R08,版本一致性,历史实例固定流程、规则、表单和字典版本,版本冲突时禁止提交,保存/提交,规则版本、命中结果、输入摘要、处理结果
P043,课程产品上线,中心管理端,R09,关闭条件,关闭前必须完成必选子任务、结算/回执、异常和归档检查,转整改/待关闭,关闭节点,规则版本、命中结果、输入摘要、处理结果
P043,课程产品上线,中心管理端,R10,审计证据链,关键操作保留操作者、身份、时间、前后值、原因、哈希和请求ID,关键审计失败则阻断,全流程,规则版本、命中结果、输入摘要、处理结果
P043,课程产品上线,中心管理端,,,,,,
P044,研学团队交付,中心管理端,R01,唯一性与幂等,同一业务对象、节点和幂等键不得重复创建有效单据,阻断并返回已有单号,所有提交/接口,规则版本、命中结果、输入摘要、处理结果
P044,研学团队交付,中心管理端,R02,身份与任职有效性,经办人须通过统一认证，当前任职身份在办理时点有效,阻断；重新选择身份或转授权,所有人工节点,规则版本、命中结果、输入摘要、处理结果
P044,研学团队交付,中心管理端,R03,组织数据范围,仅能查看和处理授权中心、部门、岗位或本人数据,拒绝访问并审计,查询/处理/导出,规则版本、命中结果、输入摘要、处理结果
P044,研学团队交付,中心管理端,R04,必填与格式,必填、类型、长度、时间区间、金额精度须通过服务端校验,退回当前表单,提交前,规则版本、命中结果、输入摘要、处理结果
P044,研学团队交付,中心管理端,R05,状态迁移,仅允许按已发布状态机迁移；重复回调返回原结果,阻断非法迁移,节点提交/回调,规则版本、命中结果、输入摘要、处理结果
P044,研学团队交付,中心管理端,R06,附件安全,附件完成病毒、格式、大小、敏感内容和权限校验,隔离附件并要求补充,上传/下载,规则版本、命中结果、输入摘要、处理结果
P044,研学团队交付,中心管理端,R07,敏感字段,P2/P3字段按最小必要显示；导出需审批、水印、短链和二次认证,拒绝或脱敏,查看/导出,规则版本、命中结果、输入摘要、处理结果
P044,研学团队交付,中心管理端,R08,版本一致性,历史实例固定流程、规则、表单和字典版本,版本冲突时禁止提交,保存/提交,规则版本、命中结果、输入摘要、处理结果
P044,研学团队交付,中心管理端,R09,关闭条件,关闭前必须完成必选子任务、结算/回执、异常和归档检查,转整改/待关闭,关闭节点,规则版本、命中结果、输入摘要、处理结果
P044,研学团队交付,中心管理端,R10,审计证据链,关键操作保留操作者、身份、时间、前后值、原因、哈希和请求ID,关键审计失败则阻断,全流程,规则版本、命中结果、输入摘要、处理结果
P044,研学团队交付,中心管理端,R11,金额与预算,金额非负，核定金额不超申请与可用预算，币种税率匹配规则,阻断并提示差异,金额保存/付款前,规则版本、命中结果、输入摘要、处理结果
P044,研学团队交付,中心管理端,R12,票据防重,发票代码、号码、日期、金额和影像哈希联合防重,阻断重复报销/付款,票据提交,规则版本、命中结果、输入摘要、处理结果
P044,研学团队交付,中心管理端,R11,订单票码一致性,订单、支付、票码、核销、退款状态最终一致；冻结票码不得核销,进入差异队列,核销/退款,规则版本、命中结果、输入摘要、处理结果
P044,研学团队交付,中心管理端,R12,防重复核销,同一票码同一权益仅成功核销一次，离线回传幂等合并,返回原结果/转差异,核销,规则版本、命中结果、输入摘要、处理结果
P044,研学团队交付,中心管理端,,,,,,
P045,讲师排课,中心管理端,R01,唯一性与幂等,同一业务对象、节点和幂等键不得重复创建有效单据,阻断并返回已有单号,所有提交/接口,规则版本、命中结果、输入摘要、处理结果
P045,讲师排课,中心管理端,R02,身份与任职有效性,经办人须通过统一认证，当前任职身份在办理时点有效,阻断；重新选择身份或转授权,所有人工节点,规则版本、命中结果、输入摘要、处理结果
P045,讲师排课,中心管理端,R03,组织数据范围,仅能查看和处理授权中心、部门、岗位或本人数据,拒绝访问并审计,查询/处理/导出,规则版本、命中结果、输入摘要、处理结果
P045,讲师排课,中心管理端,R04,必填与格式,必填、类型、长度、时间区间、金额精度须通过服务端校验,退回当前表单,提交前,规则版本、命中结果、输入摘要、处理结果
P045,讲师排课,中心管理端,R05,状态迁移,仅允许按已发布状态机迁移；重复回调返回原结果,阻断非法迁移,节点提交/回调,规则版本、命中结果、输入摘要、处理结果
P045,讲师排课,中心管理端,R06,附件安全,附件完成病毒、格式、大小、敏感内容和权限校验,隔离附件并要求补充,上传/下载,规则版本、命中结果、输入摘要、处理结果
P045,讲师排课,中心管理端,R07,敏感字段,P2/P3字段按最小必要显示；导出需审批、水印、短链和二次认证,拒绝或脱敏,查看/导出,规则版本、命中结果、输入摘要、处理结果
P045,讲师排课,中心管理端,R08,版本一致性,历史实例固定流程、规则、表单和字典版本,版本冲突时禁止提交,保存/提交,规则版本、命中结果、输入摘要、处理结果
P045,讲师排课,中心管理端,R09,关闭条件,关闭前必须完成必选子任务、结算/回执、异常和归档检查,转整改/待关闭,关闭节点,规则版本、命中结果、输入摘要、处理结果
P045,讲师排课,中心管理端,R10,审计证据链,关键操作保留操作者、身份、时间、前后值、原因、哈希和请求ID,关键审计失败则阻断,全流程,规则版本、命中结果、输入摘要、处理结果
P045,讲师排课,中心管理端,,,,,,
P046,通知执行,中心管理端,R01,唯一性与幂等,同一业务对象、节点和幂等键不得重复创建有效单据,阻断并返回已有单号,所有提交/接口,规则版本、命中结果、输入摘要、处理结果
P046,通知执行,中心管理端,R02,身份与任职有效性,经办人须通过统一认证，当前任职身份在办理时点有效,阻断；重新选择身份或转授权,所有人工节点,规则版本、命中结果、输入摘要、处理结果
P046,通知执行,中心管理端,R03,组织数据范围,仅能查看和处理授权中心、部门、岗位或本人数据,拒绝访问并审计,查询/处理/导出,规则版本、命中结果、输入摘要、处理结果
P046,通知执行,中心管理端,R04,必填与格式,必填、类型、长度、时间区间、金额精度须通过服务端校验,退回当前表单,提交前,规则版本、命中结果、输入摘要、处理结果
P046,通知执行,中心管理端,R05,状态迁移,仅允许按已发布状态机迁移；重复回调返回原结果,阻断非法迁移,节点提交/回调,规则版本、命中结果、输入摘要、处理结果
P046,通知执行,中心管理端,R06,附件安全,附件完成病毒、格式、大小、敏感内容和权限校验,隔离附件并要求补充,上传/下载,规则版本、命中结果、输入摘要、处理结果
P046,通知执行,中心管理端,R07,敏感字段,P2/P3字段按最小必要显示；导出需审批、水印、短链和二次认证,拒绝或脱敏,查看/导出,规则版本、命中结果、输入摘要、处理结果
P046,通知执行,中心管理端,R08,版本一致性,历史实例固定流程、规则、表单和字典版本,版本冲突时禁止提交,保存/提交,规则版本、命中结果、输入摘要、处理结果
P046,通知执行,中心管理端,R09,关闭条件,关闭前必须完成必选子任务、结算/回执、异常和归档检查,转整改/待关闭,关闭节点,规则版本、命中结果、输入摘要、处理结果
P046,通知执行,中心管理端,R10,审计证据链,关键操作保留操作者、身份、时间、前后值、原因、哈希和请求ID,关键审计失败则阻断,全流程,规则版本、命中结果、输入摘要、处理结果
P046,通知执行,中心管理端,,,,,,
P047,正式公文,中心管理端,R01,唯一性与幂等,同一业务对象、节点和幂等键不得重复创建有效单据,阻断并返回已有单号,所有提交/接口,规则版本、命中结果、输入摘要、处理结果
P047,正式公文,中心管理端,R02,身份与任职有效性,经办人须通过统一认证，当前任职身份在办理时点有效,阻断；重新选择身份或转授权,所有人工节点,规则版本、命中结果、输入摘要、处理结果
P047,正式公文,中心管理端,R03,组织数据范围,仅能查看和处理授权中心、部门、岗位或本人数据,拒绝访问并审计,查询/处理/导出,规则版本、命中结果、输入摘要、处理结果
P047,正式公文,中心管理端,R04,必填与格式,必填、类型、长度、时间区间、金额精度须通过服务端校验,退回当前表单,提交前,规则版本、命中结果、输入摘要、处理结果
P047,正式公文,中心管理端,R05,状态迁移,仅允许按已发布状态机迁移；重复回调返回原结果,阻断非法迁移,节点提交/回调,规则版本、命中结果、输入摘要、处理结果
P047,正式公文,中心管理端,R06,附件安全,附件完成病毒、格式、大小、敏感内容和权限校验,隔离附件并要求补充,上传/下载,规则版本、命中结果、输入摘要、处理结果
P047,正式公文,中心管理端,R07,敏感字段,P2/P3字段按最小必要显示；导出需审批、水印、短链和二次认证,拒绝或脱敏,查看/导出,规则版本、命中结果、输入摘要、处理结果
P047,正式公文,中心管理端,R08,版本一致性,历史实例固定流程、规则、表单和字典版本,版本冲突时禁止提交,保存/提交,规则版本、命中结果、输入摘要、处理结果
P047,正式公文,中心管理端,R09,关闭条件,关闭前必须完成必选子任务、结算/回执、异常和归档检查,转整改/待关闭,关闭节点,规则版本、命中结果、输入摘要、处理结果
P047,正式公文,中心管理端,R10,审计证据链,关键操作保留操作者、身份、时间、前后值、原因、哈希和请求ID,关键审计失败则阻断,全流程,规则版本、命中结果、输入摘要、处理结果
P047,正式公文,中心管理端,R11,文档不可变,签署发起后哈希、主体、顺序和关键数据不可修改,作废并新建批次,签署发起后,规则版本、命中结果、输入摘要、处理结果
P047,正式公文,中心管理端,R12,证据归档,文件、证书、时间戳、回调报文和验签结果成套归档,不得更新为已签署,签署完成,规则版本、命中结果、输入摘要、处理结果
P047,正式公文,中心管理端,,,,,,
P048,会议行动,中心管理端,R01,唯一性与幂等,同一业务对象、节点和幂等键不得重复创建有效单据,阻断并返回已有单号,所有提交/接口,规则版本、命中结果、输入摘要、处理结果
P048,会议行动,中心管理端,R02,身份与任职有效性,经办人须通过统一认证，当前任职身份在办理时点有效,阻断；重新选择身份或转授权,所有人工节点,规则版本、命中结果、输入摘要、处理结果
P048,会议行动,中心管理端,R03,组织数据范围,仅能查看和处理授权中心、部门、岗位或本人数据,拒绝访问并审计,查询/处理/导出,规则版本、命中结果、输入摘要、处理结果
P048,会议行动,中心管理端,R04,必填与格式,必填、类型、长度、时间区间、金额精度须通过服务端校验,退回当前表单,提交前,规则版本、命中结果、输入摘要、处理结果
P048,会议行动,中心管理端,R05,状态迁移,仅允许按已发布状态机迁移；重复回调返回原结果,阻断非法迁移,节点提交/回调,规则版本、命中结果、输入摘要、处理结果
P048,会议行动,中心管理端,R06,附件安全,附件完成病毒、格式、大小、敏感内容和权限校验,隔离附件并要求补充,上传/下载,规则版本、命中结果、输入摘要、处理结果
P048,会议行动,中心管理端,R07,敏感字段,P2/P3字段按最小必要显示；导出需审批、水印、短链和二次认证,拒绝或脱敏,查看/导出,规则版本、命中结果、输入摘要、处理结果
P048,会议行动,中心管理端,R08,版本一致性,历史实例固定流程、规则、表单和字典版本,版本冲突时禁止提交,保存/提交,规则版本、命中结果、输入摘要、处理结果
P048,会议行动,中心管理端,R09,关闭条件,关闭前必须完成必选子任务、结算/回执、异常和归档检查,转整改/待关闭,关闭节点,规则版本、命中结果、输入摘要、处理结果
P048,会议行动,中心管理端,R10,审计证据链,关键操作保留操作者、身份、时间、前后值、原因、哈希和请求ID,关键审计失败则阻断,全流程,规则版本、命中结果、输入摘要、处理结果
P048,会议行动,中心管理端,,,,,,
P049,大型活动,中心管理端,R01,唯一性与幂等,同一业务对象、节点和幂等键不得重复创建有效单据,阻断并返回已有单号,所有提交/接口,规则版本、命中结果、输入摘要、处理结果
P049,大型活动,中心管理端,R02,身份与任职有效性,经办人须通过统一认证，当前任职身份在办理时点有效,阻断；重新选择身份或转授权,所有人工节点,规则版本、命中结果、输入摘要、处理结果
P049,大型活动,中心管理端,R03,组织数据范围,仅能查看和处理授权中心、部门、岗位或本人数据,拒绝访问并审计,查询/处理/导出,规则版本、命中结果、输入摘要、处理结果
P049,大型活动,中心管理端,R04,必填与格式,必填、类型、长度、时间区间、金额精度须通过服务端校验,退回当前表单,提交前,规则版本、命中结果、输入摘要、处理结果
P049,大型活动,中心管理端,R05,状态迁移,仅允许按已发布状态机迁移；重复回调返回原结果,阻断非法迁移,节点提交/回调,规则版本、命中结果、输入摘要、处理结果
P049,大型活动,中心管理端,R06,附件安全,附件完成病毒、格式、大小、敏感内容和权限校验,隔离附件并要求补充,上传/下载,规则版本、命中结果、输入摘要、处理结果
P049,大型活动,中心管理端,R07,敏感字段,P2/P3字段按最小必要显示；导出需审批、水印、短链和二次认证,拒绝或脱敏,查看/导出,规则版本、命中结果、输入摘要、处理结果
P049,大型活动,中心管理端,R08,版本一致性,历史实例固定流程、规则、表单和字典版本,版本冲突时禁止提交,保存/提交,规则版本、命中结果、输入摘要、处理结果
P049,大型活动,中心管理端,R09,关闭条件,关闭前必须完成必选子任务、结算/回执、异常和归档检查,转整改/待关闭,关闭节点,规则版本、命中结果、输入摘要、处理结果
P049,大型活动,中心管理端,R10,审计证据链,关键操作保留操作者、身份、时间、前后值、原因、哈希和请求ID,关键审计失败则阻断,全流程,规则版本、命中结果、输入摘要、处理结果
P049,大型活动,中心管理端,,,,,,
P050,入库,中心管理端,R01,唯一性与幂等,同一业务对象、节点和幂等键不得重复创建有效单据,阻断并返回已有单号,所有提交/接口,规则版本、命中结果、输入摘要、处理结果
P050,入库,中心管理端,R02,身份与任职有效性,经办人须通过统一认证，当前任职身份在办理时点有效,阻断；重新选择身份或转授权,所有人工节点,规则版本、命中结果、输入摘要、处理结果
P050,入库,中心管理端,R03,组织数据范围,仅能查看和处理授权中心、部门、岗位或本人数据,拒绝访问并审计,查询/处理/导出,规则版本、命中结果、输入摘要、处理结果
P050,入库,中心管理端,R04,必填与格式,必填、类型、长度、时间区间、金额精度须通过服务端校验,退回当前表单,提交前,规则版本、命中结果、输入摘要、处理结果
P050,入库,中心管理端,R05,状态迁移,仅允许按已发布状态机迁移；重复回调返回原结果,阻断非法迁移,节点提交/回调,规则版本、命中结果、输入摘要、处理结果
P050,入库,中心管理端,R06,附件安全,附件完成病毒、格式、大小、敏感内容和权限校验,隔离附件并要求补充,上传/下载,规则版本、命中结果、输入摘要、处理结果
P050,入库,中心管理端,R07,敏感字段,P2/P3字段按最小必要显示；导出需审批、水印、短链和二次认证,拒绝或脱敏,查看/导出,规则版本、命中结果、输入摘要、处理结果
P050,入库,中心管理端,R08,版本一致性,历史实例固定流程、规则、表单和字典版本,版本冲突时禁止提交,保存/提交,规则版本、命中结果、输入摘要、处理结果
P050,入库,中心管理端,R09,关闭条件,关闭前必须完成必选子任务、结算/回执、异常和归档检查,转整改/待关闭,关闭节点,规则版本、命中结果、输入摘要、处理结果
P050,入库,中心管理端,R10,审计证据链,关键操作保留操作者、身份、时间、前后值、原因、哈希和请求ID,关键审计失败则阻断,全流程,规则版本、命中结果、输入摘要、处理结果
P050,入库,中心管理端,R11,库存非负与锁定,可用量=账面量-锁定量，出库不得导致负库存,阻断并提示缺口,锁定/出库,规则版本、命中结果、输入摘要、处理结果
P050,入库,中心管理端,R12,批次序列追溯,需追溯物品必须一物一码/一批一码，状态变更保留流水,阻断无编码操作,入库/出库/报损,规则版本、命中结果、输入摘要、处理结果
P050,入库,中心管理端,,,,,,
P051,领借调还,中心管理端,R01,唯一性与幂等,同一业务对象、节点和幂等键不得重复创建有效单据,阻断并返回已有单号,所有提交/接口,规则版本、命中结果、输入摘要、处理结果
P051,领借调还,中心管理端,R02,身份与任职有效性,经办人须通过统一认证，当前任职身份在办理时点有效,阻断；重新选择身份或转授权,所有人工节点,规则版本、命中结果、输入摘要、处理结果
P051,领借调还,中心管理端,R03,组织数据范围,仅能查看和处理授权中心、部门、岗位或本人数据,拒绝访问并审计,查询/处理/导出,规则版本、命中结果、输入摘要、处理结果
P051,领借调还,中心管理端,R04,必填与格式,必填、类型、长度、时间区间、金额精度须通过服务端校验,退回当前表单,提交前,规则版本、命中结果、输入摘要、处理结果
P051,领借调还,中心管理端,R05,状态迁移,仅允许按已发布状态机迁移；重复回调返回原结果,阻断非法迁移,节点提交/回调,规则版本、命中结果、输入摘要、处理结果
P051,领借调还,中心管理端,R06,附件安全,附件完成病毒、格式、大小、敏感内容和权限校验,隔离附件并要求补充,上传/下载,规则版本、命中结果、输入摘要、处理结果
P051,领借调还,中心管理端,R07,敏感字段,P2/P3字段按最小必要显示；导出需审批、水印、短链和二次认证,拒绝或脱敏,查看/导出,规则版本、命中结果、输入摘要、处理结果
P051,领借调还,中心管理端,R08,版本一致性,历史实例固定流程、规则、表单和字典版本,版本冲突时禁止提交,保存/提交,规则版本、命中结果、输入摘要、处理结果
P051,领借调还,中心管理端,R09,关闭条件,关闭前必须完成必选子任务、结算/回执、异常和归档检查,转整改/待关闭,关闭节点,规则版本、命中结果、输入摘要、处理结果
P051,领借调还,中心管理端,R10,审计证据链,关键操作保留操作者、身份、时间、前后值、原因、哈希和请求ID,关键审计失败则阻断,全流程,规则版本、命中结果、输入摘要、处理结果
P051,领借调还,中心管理端,R11,库存非负与锁定,可用量=账面量-锁定量，出库不得导致负库存,阻断并提示缺口,锁定/出库,规则版本、命中结果、输入摘要、处理结果
P051,领借调还,中心管理端,R12,批次序列追溯,需追溯物品必须一物一码/一批一码，状态变更保留流水,阻断无编码操作,入库/出库/报损,规则版本、命中结果、输入摘要、处理结果
P051,领借调还,中心管理端,,,,,,
P052,盘点,中心管理端,R01,唯一性与幂等,同一业务对象、节点和幂等键不得重复创建有效单据,阻断并返回已有单号,所有提交/接口,规则版本、命中结果、输入摘要、处理结果
P052,盘点,中心管理端,R02,身份与任职有效性,经办人须通过统一认证，当前任职身份在办理时点有效,阻断；重新选择身份或转授权,所有人工节点,规则版本、命中结果、输入摘要、处理结果
P052,盘点,中心管理端,R03,组织数据范围,仅能查看和处理授权中心、部门、岗位或本人数据,拒绝访问并审计,查询/处理/导出,规则版本、命中结果、输入摘要、处理结果
P052,盘点,中心管理端,R04,必填与格式,必填、类型、长度、时间区间、金额精度须通过服务端校验,退回当前表单,提交前,规则版本、命中结果、输入摘要、处理结果
P052,盘点,中心管理端,R05,状态迁移,仅允许按已发布状态机迁移；重复回调返回原结果,阻断非法迁移,节点提交/回调,规则版本、命中结果、输入摘要、处理结果
P052,盘点,中心管理端,R06,附件安全,附件完成病毒、格式、大小、敏感内容和权限校验,隔离附件并要求补充,上传/下载,规则版本、命中结果、输入摘要、处理结果
P052,盘点,中心管理端,R07,敏感字段,P2/P3字段按最小必要显示；导出需审批、水印、短链和二次认证,拒绝或脱敏,查看/导出,规则版本、命中结果、输入摘要、处理结果
P052,盘点,中心管理端,R08,版本一致性,历史实例固定流程、规则、表单和字典版本,版本冲突时禁止提交,保存/提交,规则版本、命中结果、输入摘要、处理结果
P052,盘点,中心管理端,R09,关闭条件,关闭前必须完成必选子任务、结算/回执、异常和归档检查,转整改/待关闭,关闭节点,规则版本、命中结果、输入摘要、处理结果
P052,盘点,中心管理端,R10,审计证据链,关键操作保留操作者、身份、时间、前后值、原因、哈希和请求ID,关键审计失败则阻断,全流程,规则版本、命中结果、输入摘要、处理结果
P052,盘点,中心管理端,R11,库存非负与锁定,可用量=账面量-锁定量，出库不得导致负库存,阻断并提示缺口,锁定/出库,规则版本、命中结果、输入摘要、处理结果
P052,盘点,中心管理端,R12,批次序列追溯,需追溯物品必须一物一码/一批一码，状态变更保留流水,阻断无编码操作,入库/出库/报损,规则版本、命中结果、输入摘要、处理结果
P052,盘点,中心管理端,,,,,,
P053,报废处置,中心管理端,R01,唯一性与幂等,同一业务对象、节点和幂等键不得重复创建有效单据,阻断并返回已有单号,所有提交/接口,规则版本、命中结果、输入摘要、处理结果
P053,报废处置,中心管理端,R02,身份与任职有效性,经办人须通过统一认证，当前任职身份在办理时点有效,阻断；重新选择身份或转授权,所有人工节点,规则版本、命中结果、输入摘要、处理结果
P053,报废处置,中心管理端,R03,组织数据范围,仅能查看和处理授权中心、部门、岗位或本人数据,拒绝访问并审计,查询/处理/导出,规则版本、命中结果、输入摘要、处理结果
P053,报废处置,中心管理端,R04,必填与格式,必填、类型、长度、时间区间、金额精度须通过服务端校验,退回当前表单,提交前,规则版本、命中结果、输入摘要、处理结果
P053,报废处置,中心管理端,R05,状态迁移,仅允许按已发布状态机迁移；重复回调返回原结果,阻断非法迁移,节点提交/回调,规则版本、命中结果、输入摘要、处理结果
P053,报废处置,中心管理端,R06,附件安全,附件完成病毒、格式、大小、敏感内容和权限校验,隔离附件并要求补充,上传/下载,规则版本、命中结果、输入摘要、处理结果
P053,报废处置,中心管理端,R07,敏感字段,P2/P3字段按最小必要显示；导出需审批、水印、短链和二次认证,拒绝或脱敏,查看/导出,规则版本、命中结果、输入摘要、处理结果
P053,报废处置,中心管理端,R08,版本一致性,历史实例固定流程、规则、表单和字典版本,版本冲突时禁止提交,保存/提交,规则版本、命中结果、输入摘要、处理结果
P053,报废处置,中心管理端,R09,关闭条件,关闭前必须完成必选子任务、结算/回执、异常和归档检查,转整改/待关闭,关闭节点,规则版本、命中结果、输入摘要、处理结果
P053,报废处置,中心管理端,R10,审计证据链,关键操作保留操作者、身份、时间、前后值、原因、哈希和请求ID,关键审计失败则阻断,全流程,规则版本、命中结果、输入摘要、处理结果
P053,报废处置,中心管理端,R11,先行止险,人员安全优先；重大事件允许先处置后补单，但不得删除证据,立即升级并锁证,事件触发,规则版本、命中结果、输入摘要、处理结果
P053,报废处置,中心管理端,R12,唯一案件,同一事件保留一个主案件，相关工单、投诉、维修、赔付为子单,合并或关联已有案件,立案,规则版本、命中结果、输入摘要、处理结果
P053,报废处置,中心管理端,R11,库存非负与锁定,可用量=账面量-锁定量，出库不得导致负库存,阻断并提示缺口,锁定/出库,规则版本、命中结果、输入摘要、处理结果
P053,报废处置,中心管理端,R12,批次序列追溯,需追溯物品必须一物一码/一批一码，状态变更保留流水,阻断无编码操作,入库/出库/报损,规则版本、命中结果、输入摘要、处理结果
P053,报废处置,中心管理端,,,,,,
P054,派车,中心管理端,R01,唯一性与幂等,同一业务对象、节点和幂等键不得重复创建有效单据,阻断并返回已有单号,所有提交/接口,规则版本、命中结果、输入摘要、处理结果
P054,派车,中心管理端,R02,身份与任职有效性,经办人须通过统一认证，当前任职身份在办理时点有效,阻断；重新选择身份或转授权,所有人工节点,规则版本、命中结果、输入摘要、处理结果
P054,派车,中心管理端,R03,组织数据范围,仅能查看和处理授权中心、部门、岗位或本人数据,拒绝访问并审计,查询/处理/导出,规则版本、命中结果、输入摘要、处理结果
P054,派车,中心管理端,R04,必填与格式,必填、类型、长度、时间区间、金额精度须通过服务端校验,退回当前表单,提交前,规则版本、命中结果、输入摘要、处理结果
P054,派车,中心管理端,R05,状态迁移,仅允许按已发布状态机迁移；重复回调返回原结果,阻断非法迁移,节点提交/回调,规则版本、命中结果、输入摘要、处理结果
P054,派车,中心管理端,R06,附件安全,附件完成病毒、格式、大小、敏感内容和权限校验,隔离附件并要求补充,上传/下载,规则版本、命中结果、输入摘要、处理结果
P054,派车,中心管理端,R07,敏感字段,P2/P3字段按最小必要显示；导出需审批、水印、短链和二次认证,拒绝或脱敏,查看/导出,规则版本、命中结果、输入摘要、处理结果
P054,派车,中心管理端,R08,版本一致性,历史实例固定流程、规则、表单和字典版本,版本冲突时禁止提交,保存/提交,规则版本、命中结果、输入摘要、处理结果
P054,派车,中心管理端,R09,关闭条件,关闭前必须完成必选子任务、结算/回执、异常和归档检查,转整改/待关闭,关闭节点,规则版本、命中结果、输入摘要、处理结果
P054,派车,中心管理端,R10,审计证据链,关键操作保留操作者、身份、时间、前后值、原因、哈希和请求ID,关键审计失败则阻断,全流程,规则版本、命中结果、输入摘要、处理结果
P054,派车,中心管理端,,,,,,
P055,车辆事故,中心管理端,R01,唯一性与幂等,同一业务对象、节点和幂等键不得重复创建有效单据,阻断并返回已有单号,所有提交/接口,规则版本、命中结果、输入摘要、处理结果
P055,车辆事故,中心管理端,R02,身份与任职有效性,经办人须通过统一认证，当前任职身份在办理时点有效,阻断；重新选择身份或转授权,所有人工节点,规则版本、命中结果、输入摘要、处理结果
P055,车辆事故,中心管理端,R03,组织数据范围,仅能查看和处理授权中心、部门、岗位或本人数据,拒绝访问并审计,查询/处理/导出,规则版本、命中结果、输入摘要、处理结果
P055,车辆事故,中心管理端,R04,必填与格式,必填、类型、长度、时间区间、金额精度须通过服务端校验,退回当前表单,提交前,规则版本、命中结果、输入摘要、处理结果
P055,车辆事故,中心管理端,R05,状态迁移,仅允许按已发布状态机迁移；重复回调返回原结果,阻断非法迁移,节点提交/回调,规则版本、命中结果、输入摘要、处理结果
P055,车辆事故,中心管理端,R06,附件安全,附件完成病毒、格式、大小、敏感内容和权限校验,隔离附件并要求补充,上传/下载,规则版本、命中结果、输入摘要、处理结果
P055,车辆事故,中心管理端,R07,敏感字段,P2/P3字段按最小必要显示；导出需审批、水印、短链和二次认证,拒绝或脱敏,查看/导出,规则版本、命中结果、输入摘要、处理结果
P055,车辆事故,中心管理端,R08,版本一致性,历史实例固定流程、规则、表单和字典版本,版本冲突时禁止提交,保存/提交,规则版本、命中结果、输入摘要、处理结果
P055,车辆事故,中心管理端,R09,关闭条件,关闭前必须完成必选子任务、结算/回执、异常和归档检查,转整改/待关闭,关闭节点,规则版本、命中结果、输入摘要、处理结果
P055,车辆事故,中心管理端,R10,审计证据链,关键操作保留操作者、身份、时间、前后值、原因、哈希和请求ID,关键审计失败则阻断,全流程,规则版本、命中结果、输入摘要、处理结果
P055,车辆事故,中心管理端,R11,先行止险,人员安全优先；重大事件允许先处置后补单，但不得删除证据,立即升级并锁证,事件触发,规则版本、命中结果、输入摘要、处理结果
P055,车辆事故,中心管理端,R12,唯一案件,同一事件保留一个主案件，相关工单、投诉、维修、赔付为子单,合并或关联已有案件,立案,规则版本、命中结果、输入摘要、处理结果
P055,车辆事故,中心管理端,,,,,,
P056,宿舍入住退宿,中心管理端,R01,唯一性与幂等,同一业务对象、节点和幂等键不得重复创建有效单据,阻断并返回已有单号,所有提交/接口,规则版本、命中结果、输入摘要、处理结果
P056,宿舍入住退宿,中心管理端,R02,身份与任职有效性,经办人须通过统一认证，当前任职身份在办理时点有效,阻断；重新选择身份或转授权,所有人工节点,规则版本、命中结果、输入摘要、处理结果
P056,宿舍入住退宿,中心管理端,R03,组织数据范围,仅能查看和处理授权中心、部门、岗位或本人数据,拒绝访问并审计,查询/处理/导出,规则版本、命中结果、输入摘要、处理结果
P056,宿舍入住退宿,中心管理端,R04,必填与格式,必填、类型、长度、时间区间、金额精度须通过服务端校验,退回当前表单,提交前,规则版本、命中结果、输入摘要、处理结果
P056,宿舍入住退宿,中心管理端,R05,状态迁移,仅允许按已发布状态机迁移；重复回调返回原结果,阻断非法迁移,节点提交/回调,规则版本、命中结果、输入摘要、处理结果
P056,宿舍入住退宿,中心管理端,R06,附件安全,附件完成病毒、格式、大小、敏感内容和权限校验,隔离附件并要求补充,上传/下载,规则版本、命中结果、输入摘要、处理结果
P056,宿舍入住退宿,中心管理端,R07,敏感字段,P2/P3字段按最小必要显示；导出需审批、水印、短链和二次认证,拒绝或脱敏,查看/导出,规则版本、命中结果、输入摘要、处理结果
P056,宿舍入住退宿,中心管理端,R08,版本一致性,历史实例固定流程、规则、表单和字典版本,版本冲突时禁止提交,保存/提交,规则版本、命中结果、输入摘要、处理结果
P056,宿舍入住退宿,中心管理端,R09,关闭条件,关闭前必须完成必选子任务、结算/回执、异常和归档检查,转整改/待关闭,关闭节点,规则版本、命中结果、输入摘要、处理结果
P056,宿舍入住退宿,中心管理端,R10,审计证据链,关键操作保留操作者、身份、时间、前后值、原因、哈希和请求ID,关键审计失败则阻断,全流程,规则版本、命中结果、输入摘要、处理结果
P056,宿舍入住退宿,中心管理端,,,,,,
P057,报修,中心管理端,R01,唯一性与幂等,同一业务对象、节点和幂等键不得重复创建有效单据,阻断并返回已有单号,所有提交/接口,规则版本、命中结果、输入摘要、处理结果
P057,报修,中心管理端,R02,身份与任职有效性,经办人须通过统一认证，当前任职身份在办理时点有效,阻断；重新选择身份或转授权,所有人工节点,规则版本、命中结果、输入摘要、处理结果
P057,报修,中心管理端,R03,组织数据范围,仅能查看和处理授权中心、部门、岗位或本人数据,拒绝访问并审计,查询/处理/导出,规则版本、命中结果、输入摘要、处理结果
P057,报修,中心管理端,R04,必填与格式,必填、类型、长度、时间区间、金额精度须通过服务端校验,退回当前表单,提交前,规则版本、命中结果、输入摘要、处理结果
P057,报修,中心管理端,R05,状态迁移,仅允许按已发布状态机迁移；重复回调返回原结果,阻断非法迁移,节点提交/回调,规则版本、命中结果、输入摘要、处理结果
P057,报修,中心管理端,R06,附件安全,附件完成病毒、格式、大小、敏感内容和权限校验,隔离附件并要求补充,上传/下载,规则版本、命中结果、输入摘要、处理结果
P057,报修,中心管理端,R07,敏感字段,P2/P3字段按最小必要显示；导出需审批、水印、短链和二次认证,拒绝或脱敏,查看/导出,规则版本、命中结果、输入摘要、处理结果
P057,报修,中心管理端,R08,版本一致性,历史实例固定流程、规则、表单和字典版本,版本冲突时禁止提交,保存/提交,规则版本、命中结果、输入摘要、处理结果
P057,报修,中心管理端,R09,关闭条件,关闭前必须完成必选子任务、结算/回执、异常和归档检查,转整改/待关闭,关闭节点,规则版本、命中结果、输入摘要、处理结果
P057,报修,中心管理端,R10,审计证据链,关键操作保留操作者、身份、时间、前后值、原因、哈希和请求ID,关键审计失败则阻断,全流程,规则版本、命中结果、输入摘要、处理结果
P057,报修,中心管理端,R11,先行止险,人员安全优先；重大事件允许先处置后补单，但不得删除证据,立即升级并锁证,事件触发,规则版本、命中结果、输入摘要、处理结果
P057,报修,中心管理端,R12,唯一案件,同一事件保留一个主案件，相关工单、投诉、维修、赔付为子单,合并或关联已有案件,立案,规则版本、命中结果、输入摘要、处理结果
P057,报修,中心管理端,,,,,,
P058,团餐交付,中心管理端,R01,唯一性与幂等,同一业务对象、节点和幂等键不得重复创建有效单据,阻断并返回已有单号,所有提交/接口,规则版本、命中结果、输入摘要、处理结果
P058,团餐交付,中心管理端,R02,身份与任职有效性,经办人须通过统一认证，当前任职身份在办理时点有效,阻断；重新选择身份或转授权,所有人工节点,规则版本、命中结果、输入摘要、处理结果
P058,团餐交付,中心管理端,R03,组织数据范围,仅能查看和处理授权中心、部门、岗位或本人数据,拒绝访问并审计,查询/处理/导出,规则版本、命中结果、输入摘要、处理结果
P058,团餐交付,中心管理端,R04,必填与格式,必填、类型、长度、时间区间、金额精度须通过服务端校验,退回当前表单,提交前,规则版本、命中结果、输入摘要、处理结果
P058,团餐交付,中心管理端,R05,状态迁移,仅允许按已发布状态机迁移；重复回调返回原结果,阻断非法迁移,节点提交/回调,规则版本、命中结果、输入摘要、处理结果
P058,团餐交付,中心管理端,R06,附件安全,附件完成病毒、格式、大小、敏感内容和权限校验,隔离附件并要求补充,上传/下载,规则版本、命中结果、输入摘要、处理结果
P058,团餐交付,中心管理端,R07,敏感字段,P2/P3字段按最小必要显示；导出需审批、水印、短链和二次认证,拒绝或脱敏,查看/导出,规则版本、命中结果、输入摘要、处理结果
P058,团餐交付,中心管理端,R08,版本一致性,历史实例固定流程、规则、表单和字典版本,版本冲突时禁止提交,保存/提交,规则版本、命中结果、输入摘要、处理结果
P058,团餐交付,中心管理端,R09,关闭条件,关闭前必须完成必选子任务、结算/回执、异常和归档检查,转整改/待关闭,关闭节点,规则版本、命中结果、输入摘要、处理结果
P058,团餐交付,中心管理端,R10,审计证据链,关键操作保留操作者、身份、时间、前后值、原因、哈希和请求ID,关键审计失败则阻断,全流程,规则版本、命中结果、输入摘要、处理结果
P058,团餐交付,中心管理端,R11,金额与预算,金额非负，核定金额不超申请与可用预算，币种税率匹配规则,阻断并提示差异,金额保存/付款前,规则版本、命中结果、输入摘要、处理结果
P058,团餐交付,中心管理端,R12,票据防重,发票代码、号码、日期、金额和影像哈希联合防重,阻断重复报销/付款,票据提交,规则版本、命中结果、输入摘要、处理结果
P058,团餐交付,中心管理端,,,,,,
P059,食材验收,中心管理端,R01,唯一性与幂等,同一业务对象、节点和幂等键不得重复创建有效单据,阻断并返回已有单号,所有提交/接口,规则版本、命中结果、输入摘要、处理结果
P059,食材验收,中心管理端,R02,身份与任职有效性,经办人须通过统一认证，当前任职身份在办理时点有效,阻断；重新选择身份或转授权,所有人工节点,规则版本、命中结果、输入摘要、处理结果
P059,食材验收,中心管理端,R03,组织数据范围,仅能查看和处理授权中心、部门、岗位或本人数据,拒绝访问并审计,查询/处理/导出,规则版本、命中结果、输入摘要、处理结果
P059,食材验收,中心管理端,R04,必填与格式,必填、类型、长度、时间区间、金额精度须通过服务端校验,退回当前表单,提交前,规则版本、命中结果、输入摘要、处理结果
P059,食材验收,中心管理端,R05,状态迁移,仅允许按已发布状态机迁移；重复回调返回原结果,阻断非法迁移,节点提交/回调,规则版本、命中结果、输入摘要、处理结果
P059,食材验收,中心管理端,R06,附件安全,附件完成病毒、格式、大小、敏感内容和权限校验,隔离附件并要求补充,上传/下载,规则版本、命中结果、输入摘要、处理结果
P059,食材验收,中心管理端,R07,敏感字段,P2/P3字段按最小必要显示；导出需审批、水印、短链和二次认证,拒绝或脱敏,查看/导出,规则版本、命中结果、输入摘要、处理结果
P059,食材验收,中心管理端,R08,版本一致性,历史实例固定流程、规则、表单和字典版本,版本冲突时禁止提交,保存/提交,规则版本、命中结果、输入摘要、处理结果
P059,食材验收,中心管理端,R09,关闭条件,关闭前必须完成必选子任务、结算/回执、异常和归档检查,转整改/待关闭,关闭节点,规则版本、命中结果、输入摘要、处理结果
P059,食材验收,中心管理端,R10,审计证据链,关键操作保留操作者、身份、时间、前后值、原因、哈希和请求ID,关键审计失败则阻断,全流程,规则版本、命中结果、输入摘要、处理结果
P059,食材验收,中心管理端,R11,库存非负与锁定,可用量=账面量-锁定量，出库不得导致负库存,阻断并提示缺口,锁定/出库,规则版本、命中结果、输入摘要、处理结果
P059,食材验收,中心管理端,R12,批次序列追溯,需追溯物品必须一物一码/一批一码，状态变更保留流水,阻断无编码操作,入库/出库/报损,规则版本、命中结果、输入摘要、处理结果
P059,食材验收,中心管理端,,,,,,
P060,食品安全事件,中心管理端,R01,唯一性与幂等,同一业务对象、节点和幂等键不得重复创建有效单据,阻断并返回已有单号,所有提交/接口,规则版本、命中结果、输入摘要、处理结果
P060,食品安全事件,中心管理端,R02,身份与任职有效性,经办人须通过统一认证，当前任职身份在办理时点有效,阻断；重新选择身份或转授权,所有人工节点,规则版本、命中结果、输入摘要、处理结果
P060,食品安全事件,中心管理端,R03,组织数据范围,仅能查看和处理授权中心、部门、岗位或本人数据,拒绝访问并审计,查询/处理/导出,规则版本、命中结果、输入摘要、处理结果
P060,食品安全事件,中心管理端,R04,必填与格式,必填、类型、长度、时间区间、金额精度须通过服务端校验,退回当前表单,提交前,规则版本、命中结果、输入摘要、处理结果
P060,食品安全事件,中心管理端,R05,状态迁移,仅允许按已发布状态机迁移；重复回调返回原结果,阻断非法迁移,节点提交/回调,规则版本、命中结果、输入摘要、处理结果
P060,食品安全事件,中心管理端,R06,附件安全,附件完成病毒、格式、大小、敏感内容和权限校验,隔离附件并要求补充,上传/下载,规则版本、命中结果、输入摘要、处理结果
P060,食品安全事件,中心管理端,R07,敏感字段,P2/P3字段按最小必要显示；导出需审批、水印、短链和二次认证,拒绝或脱敏,查看/导出,规则版本、命中结果、输入摘要、处理结果
P060,食品安全事件,中心管理端,R08,版本一致性,历史实例固定流程、规则、表单和字典版本,版本冲突时禁止提交,保存/提交,规则版本、命中结果、输入摘要、处理结果
P060,食品安全事件,中心管理端,R09,关闭条件,关闭前必须完成必选子任务、结算/回执、异常和归档检查,转整改/待关闭,关闭节点,规则版本、命中结果、输入摘要、处理结果
P060,食品安全事件,中心管理端,R10,审计证据链,关键操作保留操作者、身份、时间、前后值、原因、哈希和请求ID,关键审计失败则阻断,全流程,规则版本、命中结果、输入摘要、处理结果
P060,食品安全事件,中心管理端,R11,先行止险,人员安全优先；重大事件允许先处置后补单，但不得删除证据,立即升级并锁证,事件触发,规则版本、命中结果、输入摘要、处理结果
P060,食品安全事件,中心管理端,R12,唯一案件,同一事件保留一个主案件，相关工单、投诉、维修、赔付为子单,合并或关联已有案件,立案,规则版本、命中结果、输入摘要、处理结果
P060,食品安全事件,中心管理端,,,,,,
P061,餐卡结算,中心管理端,R01,唯一性与幂等,同一业务对象、节点和幂等键不得重复创建有效单据,阻断并返回已有单号,所有提交/接口,规则版本、命中结果、输入摘要、处理结果
P061,餐卡结算,中心管理端,R02,身份与任职有效性,经办人须通过统一认证，当前任职身份在办理时点有效,阻断；重新选择身份或转授权,所有人工节点,规则版本、命中结果、输入摘要、处理结果
P061,餐卡结算,中心管理端,R03,组织数据范围,仅能查看和处理授权中心、部门、岗位或本人数据,拒绝访问并审计,查询/处理/导出,规则版本、命中结果、输入摘要、处理结果
P061,餐卡结算,中心管理端,R04,必填与格式,必填、类型、长度、时间区间、金额精度须通过服务端校验,退回当前表单,提交前,规则版本、命中结果、输入摘要、处理结果
P061,餐卡结算,中心管理端,R05,状态迁移,仅允许按已发布状态机迁移；重复回调返回原结果,阻断非法迁移,节点提交/回调,规则版本、命中结果、输入摘要、处理结果
P061,餐卡结算,中心管理端,R06,附件安全,附件完成病毒、格式、大小、敏感内容和权限校验,隔离附件并要求补充,上传/下载,规则版本、命中结果、输入摘要、处理结果
P061,餐卡结算,中心管理端,R07,敏感字段,P2/P3字段按最小必要显示；导出需审批、水印、短链和二次认证,拒绝或脱敏,查看/导出,规则版本、命中结果、输入摘要、处理结果
P061,餐卡结算,中心管理端,R08,版本一致性,历史实例固定流程、规则、表单和字典版本,版本冲突时禁止提交,保存/提交,规则版本、命中结果、输入摘要、处理结果
P061,餐卡结算,中心管理端,R09,关闭条件,关闭前必须完成必选子任务、结算/回执、异常和归档检查,转整改/待关闭,关闭节点,规则版本、命中结果、输入摘要、处理结果
P061,餐卡结算,中心管理端,R10,审计证据链,关键操作保留操作者、身份、时间、前后值、原因、哈希和请求ID,关键审计失败则阻断,全流程,规则版本、命中结果、输入摘要、处理结果
P061,餐卡结算,中心管理端,R11,金额与预算,金额非负，核定金额不超申请与可用预算，币种税率匹配规则,阻断并提示差异,金额保存/付款前,规则版本、命中结果、输入摘要、处理结果
P061,餐卡结算,中心管理端,R12,票据防重,发票代码、号码、日期、金额和影像哈希联合防重,阻断重复报销/付款,票据提交,规则版本、命中结果、输入摘要、处理结果
P061,餐卡结算,中心管理端,,,,,,
P062,日常巡逻,中心管理端,R01,唯一性与幂等,同一业务对象、节点和幂等键不得重复创建有效单据,阻断并返回已有单号,所有提交/接口,规则版本、命中结果、输入摘要、处理结果
P062,日常巡逻,中心管理端,R02,身份与任职有效性,经办人须通过统一认证，当前任职身份在办理时点有效,阻断；重新选择身份或转授权,所有人工节点,规则版本、命中结果、输入摘要、处理结果
P062,日常巡逻,中心管理端,R03,组织数据范围,仅能查看和处理授权中心、部门、岗位或本人数据,拒绝访问并审计,查询/处理/导出,规则版本、命中结果、输入摘要、处理结果
P062,日常巡逻,中心管理端,R04,必填与格式,必填、类型、长度、时间区间、金额精度须通过服务端校验,退回当前表单,提交前,规则版本、命中结果、输入摘要、处理结果
P062,日常巡逻,中心管理端,R05,状态迁移,仅允许按已发布状态机迁移；重复回调返回原结果,阻断非法迁移,节点提交/回调,规则版本、命中结果、输入摘要、处理结果
P062,日常巡逻,中心管理端,R06,附件安全,附件完成病毒、格式、大小、敏感内容和权限校验,隔离附件并要求补充,上传/下载,规则版本、命中结果、输入摘要、处理结果
P062,日常巡逻,中心管理端,R07,敏感字段,P2/P3字段按最小必要显示；导出需审批、水印、短链和二次认证,拒绝或脱敏,查看/导出,规则版本、命中结果、输入摘要、处理结果
P062,日常巡逻,中心管理端,R08,版本一致性,历史实例固定流程、规则、表单和字典版本,版本冲突时禁止提交,保存/提交,规则版本、命中结果、输入摘要、处理结果
P062,日常巡逻,中心管理端,R09,关闭条件,关闭前必须完成必选子任务、结算/回执、异常和归档检查,转整改/待关闭,关闭节点,规则版本、命中结果、输入摘要、处理结果
P062,日常巡逻,中心管理端,R10,审计证据链,关键操作保留操作者、身份、时间、前后值、原因、哈希和请求ID,关键审计失败则阻断,全流程,规则版本、命中结果、输入摘要、处理结果
P062,日常巡逻,中心管理端,,,,,,
P063,客流预警,中心管理端,R01,唯一性与幂等,同一业务对象、节点和幂等键不得重复创建有效单据,阻断并返回已有单号,所有提交/接口,规则版本、命中结果、输入摘要、处理结果
P063,客流预警,中心管理端,R02,身份与任职有效性,经办人须通过统一认证，当前任职身份在办理时点有效,阻断；重新选择身份或转授权,所有人工节点,规则版本、命中结果、输入摘要、处理结果
P063,客流预警,中心管理端,R03,组织数据范围,仅能查看和处理授权中心、部门、岗位或本人数据,拒绝访问并审计,查询/处理/导出,规则版本、命中结果、输入摘要、处理结果
P063,客流预警,中心管理端,R04,必填与格式,必填、类型、长度、时间区间、金额精度须通过服务端校验,退回当前表单,提交前,规则版本、命中结果、输入摘要、处理结果
P063,客流预警,中心管理端,R05,状态迁移,仅允许按已发布状态机迁移；重复回调返回原结果,阻断非法迁移,节点提交/回调,规则版本、命中结果、输入摘要、处理结果
P063,客流预警,中心管理端,R06,附件安全,附件完成病毒、格式、大小、敏感内容和权限校验,隔离附件并要求补充,上传/下载,规则版本、命中结果、输入摘要、处理结果
P063,客流预警,中心管理端,R07,敏感字段,P2/P3字段按最小必要显示；导出需审批、水印、短链和二次认证,拒绝或脱敏,查看/导出,规则版本、命中结果、输入摘要、处理结果
P063,客流预警,中心管理端,R08,版本一致性,历史实例固定流程、规则、表单和字典版本,版本冲突时禁止提交,保存/提交,规则版本、命中结果、输入摘要、处理结果
P063,客流预警,中心管理端,R09,关闭条件,关闭前必须完成必选子任务、结算/回执、异常和归档检查,转整改/待关闭,关闭节点,规则版本、命中结果、输入摘要、处理结果
P063,客流预警,中心管理端,R10,审计证据链,关键操作保留操作者、身份、时间、前后值、原因、哈希和请求ID,关键审计失败则阻断,全流程,规则版本、命中结果、输入摘要、处理结果
P063,客流预警,中心管理端,,,,,,
P064,安全事件,中心管理端,R01,唯一性与幂等,同一业务对象、节点和幂等键不得重复创建有效单据,阻断并返回已有单号,所有提交/接口,规则版本、命中结果、输入摘要、处理结果
P064,安全事件,中心管理端,R02,身份与任职有效性,经办人须通过统一认证，当前任职身份在办理时点有效,阻断；重新选择身份或转授权,所有人工节点,规则版本、命中结果、输入摘要、处理结果
P064,安全事件,中心管理端,R03,组织数据范围,仅能查看和处理授权中心、部门、岗位或本人数据,拒绝访问并审计,查询/处理/导出,规则版本、命中结果、输入摘要、处理结果
P064,安全事件,中心管理端,R04,必填与格式,必填、类型、长度、时间区间、金额精度须通过服务端校验,退回当前表单,提交前,规则版本、命中结果、输入摘要、处理结果
P064,安全事件,中心管理端,R05,状态迁移,仅允许按已发布状态机迁移；重复回调返回原结果,阻断非法迁移,节点提交/回调,规则版本、命中结果、输入摘要、处理结果
P064,安全事件,中心管理端,R06,附件安全,附件完成病毒、格式、大小、敏感内容和权限校验,隔离附件并要求补充,上传/下载,规则版本、命中结果、输入摘要、处理结果
P064,安全事件,中心管理端,R07,敏感字段,P2/P3字段按最小必要显示；导出需审批、水印、短链和二次认证,拒绝或脱敏,查看/导出,规则版本、命中结果、输入摘要、处理结果
P064,安全事件,中心管理端,R08,版本一致性,历史实例固定流程、规则、表单和字典版本,版本冲突时禁止提交,保存/提交,规则版本、命中结果、输入摘要、处理结果
P064,安全事件,中心管理端,R09,关闭条件,关闭前必须完成必选子任务、结算/回执、异常和归档检查,转整改/待关闭,关闭节点,规则版本、命中结果、输入摘要、处理结果
P064,安全事件,中心管理端,R10,审计证据链,关键操作保留操作者、身份、时间、前后值、原因、哈希和请求ID,关键审计失败则阻断,全流程,规则版本、命中结果、输入摘要、处理结果
P064,安全事件,中心管理端,R11,先行止险,人员安全优先；重大事件允许先处置后补单，但不得删除证据,立即升级并锁证,事件触发,规则版本、命中结果、输入摘要、处理结果
P064,安全事件,中心管理端,R12,唯一案件,同一事件保留一个主案件，相关工单、投诉、维修、赔付为子单,合并或关联已有案件,立案,规则版本、命中结果、输入摘要、处理结果
P064,安全事件,中心管理端,,,,,,
P065,活动安保,中心管理端,R01,唯一性与幂等,同一业务对象、节点和幂等键不得重复创建有效单据,阻断并返回已有单号,所有提交/接口,规则版本、命中结果、输入摘要、处理结果
P065,活动安保,中心管理端,R02,身份与任职有效性,经办人须通过统一认证，当前任职身份在办理时点有效,阻断；重新选择身份或转授权,所有人工节点,规则版本、命中结果、输入摘要、处理结果
P065,活动安保,中心管理端,R03,组织数据范围,仅能查看和处理授权中心、部门、岗位或本人数据,拒绝访问并审计,查询/处理/导出,规则版本、命中结果、输入摘要、处理结果
P065,活动安保,中心管理端,R04,必填与格式,必填、类型、长度、时间区间、金额精度须通过服务端校验,退回当前表单,提交前,规则版本、命中结果、输入摘要、处理结果
P065,活动安保,中心管理端,R05,状态迁移,仅允许按已发布状态机迁移；重复回调返回原结果,阻断非法迁移,节点提交/回调,规则版本、命中结果、输入摘要、处理结果
P065,活动安保,中心管理端,R06,附件安全,附件完成病毒、格式、大小、敏感内容和权限校验,隔离附件并要求补充,上传/下载,规则版本、命中结果、输入摘要、处理结果
P065,活动安保,中心管理端,R07,敏感字段,P2/P3字段按最小必要显示；导出需审批、水印、短链和二次认证,拒绝或脱敏,查看/导出,规则版本、命中结果、输入摘要、处理结果
P065,活动安保,中心管理端,R08,版本一致性,历史实例固定流程、规则、表单和字典版本,版本冲突时禁止提交,保存/提交,规则版本、命中结果、输入摘要、处理结果
P065,活动安保,中心管理端,R09,关闭条件,关闭前必须完成必选子任务、结算/回执、异常和归档检查,转整改/待关闭,关闭节点,规则版本、命中结果、输入摘要、处理结果
P065,活动安保,中心管理端,R10,审计证据链,关键操作保留操作者、身份、时间、前后值、原因、哈希和请求ID,关键审计失败则阻断,全流程,规则版本、命中结果、输入摘要、处理结果
P065,活动安保,中心管理端,R11,先行止险,人员安全优先；重大事件允许先处置后补单，但不得删除证据,立即升级并锁证,事件触发,规则版本、命中结果、输入摘要、处理结果
P065,活动安保,中心管理端,R12,唯一案件,同一事件保留一个主案件，相关工单、投诉、维修、赔付为子单,合并或关联已有案件,立案,规则版本、命中结果、输入摘要、处理结果
P065,活动安保,中心管理端,,,,,,
P066,日常清洁,中心管理端,R01,唯一性与幂等,同一业务对象、节点和幂等键不得重复创建有效单据,阻断并返回已有单号,所有提交/接口,规则版本、命中结果、输入摘要、处理结果
P066,日常清洁,中心管理端,R02,身份与任职有效性,经办人须通过统一认证，当前任职身份在办理时点有效,阻断；重新选择身份或转授权,所有人工节点,规则版本、命中结果、输入摘要、处理结果
P066,日常清洁,中心管理端,R03,组织数据范围,仅能查看和处理授权中心、部门、岗位或本人数据,拒绝访问并审计,查询/处理/导出,规则版本、命中结果、输入摘要、处理结果
P066,日常清洁,中心管理端,R04,必填与格式,必填、类型、长度、时间区间、金额精度须通过服务端校验,退回当前表单,提交前,规则版本、命中结果、输入摘要、处理结果
P066,日常清洁,中心管理端,R05,状态迁移,仅允许按已发布状态机迁移；重复回调返回原结果,阻断非法迁移,节点提交/回调,规则版本、命中结果、输入摘要、处理结果
P066,日常清洁,中心管理端,R06,附件安全,附件完成病毒、格式、大小、敏感内容和权限校验,隔离附件并要求补充,上传/下载,规则版本、命中结果、输入摘要、处理结果
P066,日常清洁,中心管理端,R07,敏感字段,P2/P3字段按最小必要显示；导出需审批、水印、短链和二次认证,拒绝或脱敏,查看/导出,规则版本、命中结果、输入摘要、处理结果
P066,日常清洁,中心管理端,R08,版本一致性,历史实例固定流程、规则、表单和字典版本,版本冲突时禁止提交,保存/提交,规则版本、命中结果、输入摘要、处理结果
P066,日常清洁,中心管理端,R09,关闭条件,关闭前必须完成必选子任务、结算/回执、异常和归档检查,转整改/待关闭,关闭节点,规则版本、命中结果、输入摘要、处理结果
P066,日常清洁,中心管理端,R10,审计证据链,关键操作保留操作者、身份、时间、前后值、原因、哈希和请求ID,关键审计失败则阻断,全流程,规则版本、命中结果、输入摘要、处理结果
P066,日常清洁,中心管理端,,,,,,
P067,污染应急,中心管理端,R01,唯一性与幂等,同一业务对象、节点和幂等键不得重复创建有效单据,阻断并返回已有单号,所有提交/接口,规则版本、命中结果、输入摘要、处理结果
P067,污染应急,中心管理端,R02,身份与任职有效性,经办人须通过统一认证，当前任职身份在办理时点有效,阻断；重新选择身份或转授权,所有人工节点,规则版本、命中结果、输入摘要、处理结果
P067,污染应急,中心管理端,R03,组织数据范围,仅能查看和处理授权中心、部门、岗位或本人数据,拒绝访问并审计,查询/处理/导出,规则版本、命中结果、输入摘要、处理结果
P067,污染应急,中心管理端,R04,必填与格式,必填、类型、长度、时间区间、金额精度须通过服务端校验,退回当前表单,提交前,规则版本、命中结果、输入摘要、处理结果
P067,污染应急,中心管理端,R05,状态迁移,仅允许按已发布状态机迁移；重复回调返回原结果,阻断非法迁移,节点提交/回调,规则版本、命中结果、输入摘要、处理结果
P067,污染应急,中心管理端,R06,附件安全,附件完成病毒、格式、大小、敏感内容和权限校验,隔离附件并要求补充,上传/下载,规则版本、命中结果、输入摘要、处理结果
P067,污染应急,中心管理端,R07,敏感字段,P2/P3字段按最小必要显示；导出需审批、水印、短链和二次认证,拒绝或脱敏,查看/导出,规则版本、命中结果、输入摘要、处理结果
P067,污染应急,中心管理端,R08,版本一致性,历史实例固定流程、规则、表单和字典版本,版本冲突时禁止提交,保存/提交,规则版本、命中结果、输入摘要、处理结果
P067,污染应急,中心管理端,R09,关闭条件,关闭前必须完成必选子任务、结算/回执、异常和归档检查,转整改/待关闭,关闭节点,规则版本、命中结果、输入摘要、处理结果
P067,污染应急,中心管理端,R10,审计证据链,关键操作保留操作者、身份、时间、前后值、原因、哈希和请求ID,关键审计失败则阻断,全流程,规则版本、命中结果、输入摘要、处理结果
P067,污染应急,中心管理端,,,,,,
P068,活动保障,中心管理端,R01,唯一性与幂等,同一业务对象、节点和幂等键不得重复创建有效单据,阻断并返回已有单号,所有提交/接口,规则版本、命中结果、输入摘要、处理结果
P068,活动保障,中心管理端,R02,身份与任职有效性,经办人须通过统一认证，当前任职身份在办理时点有效,阻断；重新选择身份或转授权,所有人工节点,规则版本、命中结果、输入摘要、处理结果
P068,活动保障,中心管理端,R03,组织数据范围,仅能查看和处理授权中心、部门、岗位或本人数据,拒绝访问并审计,查询/处理/导出,规则版本、命中结果、输入摘要、处理结果
P068,活动保障,中心管理端,R04,必填与格式,必填、类型、长度、时间区间、金额精度须通过服务端校验,退回当前表单,提交前,规则版本、命中结果、输入摘要、处理结果
P068,活动保障,中心管理端,R05,状态迁移,仅允许按已发布状态机迁移；重复回调返回原结果,阻断非法迁移,节点提交/回调,规则版本、命中结果、输入摘要、处理结果
P068,活动保障,中心管理端,R06,附件安全,附件完成病毒、格式、大小、敏感内容和权限校验,隔离附件并要求补充,上传/下载,规则版本、命中结果、输入摘要、处理结果
P068,活动保障,中心管理端,R07,敏感字段,P2/P3字段按最小必要显示；导出需审批、水印、短链和二次认证,拒绝或脱敏,查看/导出,规则版本、命中结果、输入摘要、处理结果
P068,活动保障,中心管理端,R08,版本一致性,历史实例固定流程、规则、表单和字典版本,版本冲突时禁止提交,保存/提交,规则版本、命中结果、输入摘要、处理结果
P068,活动保障,中心管理端,R09,关闭条件,关闭前必须完成必选子任务、结算/回执、异常和归档检查,转整改/待关闭,关闭节点,规则版本、命中结果、输入摘要、处理结果
P068,活动保障,中心管理端,R10,审计证据链,关键操作保留操作者、身份、时间、前后值、原因、哈希和请求ID,关键审计失败则阻断,全流程,规则版本、命中结果、输入摘要、处理结果
P068,活动保障,中心管理端,,,,,,
P069,商户准入,中心管理端,R01,唯一性与幂等,同一业务对象、节点和幂等键不得重复创建有效单据,阻断并返回已有单号,所有提交/接口,规则版本、命中结果、输入摘要、处理结果
P069,商户准入,中心管理端,R02,身份与任职有效性,经办人须通过统一认证，当前任职身份在办理时点有效,阻断；重新选择身份或转授权,所有人工节点,规则版本、命中结果、输入摘要、处理结果
P069,商户准入,中心管理端,R03,组织数据范围,仅能查看和处理授权中心、部门、岗位或本人数据,拒绝访问并审计,查询/处理/导出,规则版本、命中结果、输入摘要、处理结果
P069,商户准入,中心管理端,R04,必填与格式,必填、类型、长度、时间区间、金额精度须通过服务端校验,退回当前表单,提交前,规则版本、命中结果、输入摘要、处理结果
P069,商户准入,中心管理端,R05,状态迁移,仅允许按已发布状态机迁移；重复回调返回原结果,阻断非法迁移,节点提交/回调,规则版本、命中结果、输入摘要、处理结果
P069,商户准入,中心管理端,R06,附件安全,附件完成病毒、格式、大小、敏感内容和权限校验,隔离附件并要求补充,上传/下载,规则版本、命中结果、输入摘要、处理结果
P069,商户准入,中心管理端,R07,敏感字段,P2/P3字段按最小必要显示；导出需审批、水印、短链和二次认证,拒绝或脱敏,查看/导出,规则版本、命中结果、输入摘要、处理结果
P069,商户准入,中心管理端,R08,版本一致性,历史实例固定流程、规则、表单和字典版本,版本冲突时禁止提交,保存/提交,规则版本、命中结果、输入摘要、处理结果
P069,商户准入,中心管理端,R09,关闭条件,关闭前必须完成必选子任务、结算/回执、异常和归档检查,转整改/待关闭,关闭节点,规则版本、命中结果、输入摘要、处理结果
P069,商户准入,中心管理端,R10,审计证据链,关键操作保留操作者、身份、时间、前后值、原因、哈希和请求ID,关键审计失败则阻断,全流程,规则版本、命中结果、输入摘要、处理结果
P069,商户准入,中心管理端,R11,文档不可变,签署发起后哈希、主体、顺序和关键数据不可修改,作废并新建批次,签署发起后,规则版本、命中结果、输入摘要、处理结果
P069,商户准入,中心管理端,R12,证据归档,文件、证书、时间戳、回调报文和验签结果成套归档,不得更新为已签署,签署完成,规则版本、命中结果、输入摘要、处理结果
P069,商户准入,中心管理端,,,,,,
P070,日常巡检,中心管理端,R01,唯一性与幂等,同一业务对象、节点和幂等键不得重复创建有效单据,阻断并返回已有单号,所有提交/接口,规则版本、命中结果、输入摘要、处理结果
P070,日常巡检,中心管理端,R02,身份与任职有效性,经办人须通过统一认证，当前任职身份在办理时点有效,阻断；重新选择身份或转授权,所有人工节点,规则版本、命中结果、输入摘要、处理结果
P070,日常巡检,中心管理端,R03,组织数据范围,仅能查看和处理授权中心、部门、岗位或本人数据,拒绝访问并审计,查询/处理/导出,规则版本、命中结果、输入摘要、处理结果
P070,日常巡检,中心管理端,R04,必填与格式,必填、类型、长度、时间区间、金额精度须通过服务端校验,退回当前表单,提交前,规则版本、命中结果、输入摘要、处理结果
P070,日常巡检,中心管理端,R05,状态迁移,仅允许按已发布状态机迁移；重复回调返回原结果,阻断非法迁移,节点提交/回调,规则版本、命中结果、输入摘要、处理结果
P070,日常巡检,中心管理端,R06,附件安全,附件完成病毒、格式、大小、敏感内容和权限校验,隔离附件并要求补充,上传/下载,规则版本、命中结果、输入摘要、处理结果
P070,日常巡检,中心管理端,R07,敏感字段,P2/P3字段按最小必要显示；导出需审批、水印、短链和二次认证,拒绝或脱敏,查看/导出,规则版本、命中结果、输入摘要、处理结果
P070,日常巡检,中心管理端,R08,版本一致性,历史实例固定流程、规则、表单和字典版本,版本冲突时禁止提交,保存/提交,规则版本、命中结果、输入摘要、处理结果
P070,日常巡检,中心管理端,R09,关闭条件,关闭前必须完成必选子任务、结算/回执、异常和归档检查,转整改/待关闭,关闭节点,规则版本、命中结果、输入摘要、处理结果
P070,日常巡检,中心管理端,R10,审计证据链,关键操作保留操作者、身份、时间、前后值、原因、哈希和请求ID,关键审计失败则阻断,全流程,规则版本、命中结果、输入摘要、处理结果
P070,日常巡检,中心管理端,,,,,,
P071,退场,中心管理端,R01,唯一性与幂等,同一业务对象、节点和幂等键不得重复创建有效单据,阻断并返回已有单号,所有提交/接口,规则版本、命中结果、输入摘要、处理结果
P071,退场,中心管理端,R02,身份与任职有效性,经办人须通过统一认证，当前任职身份在办理时点有效,阻断；重新选择身份或转授权,所有人工节点,规则版本、命中结果、输入摘要、处理结果
P071,退场,中心管理端,R03,组织数据范围,仅能查看和处理授权中心、部门、岗位或本人数据,拒绝访问并审计,查询/处理/导出,规则版本、命中结果、输入摘要、处理结果
P071,退场,中心管理端,R04,必填与格式,必填、类型、长度、时间区间、金额精度须通过服务端校验,退回当前表单,提交前,规则版本、命中结果、输入摘要、处理结果
P071,退场,中心管理端,R05,状态迁移,仅允许按已发布状态机迁移；重复回调返回原结果,阻断非法迁移,节点提交/回调,规则版本、命中结果、输入摘要、处理结果
P071,退场,中心管理端,R06,附件安全,附件完成病毒、格式、大小、敏感内容和权限校验,隔离附件并要求补充,上传/下载,规则版本、命中结果、输入摘要、处理结果
P071,退场,中心管理端,R07,敏感字段,P2/P3字段按最小必要显示；导出需审批、水印、短链和二次认证,拒绝或脱敏,查看/导出,规则版本、命中结果、输入摘要、处理结果
P071,退场,中心管理端,R08,版本一致性,历史实例固定流程、规则、表单和字典版本,版本冲突时禁止提交,保存/提交,规则版本、命中结果、输入摘要、处理结果
P071,退场,中心管理端,R09,关闭条件,关闭前必须完成必选子任务、结算/回执、异常和归档检查,转整改/待关闭,关闭节点,规则版本、命中结果、输入摘要、处理结果
P071,退场,中心管理端,R10,审计证据链,关键操作保留操作者、身份、时间、前后值、原因、哈希和请求ID,关键审计失败则阻断,全流程,规则版本、命中结果、输入摘要、处理结果
P071,退场,中心管理端,R11,文档不可变,签署发起后哈希、主体、顺序和关键数据不可修改,作废并新建批次,签署发起后,规则版本、命中结果、输入摘要、处理结果
P071,退场,中心管理端,R12,证据归档,文件、证书、时间戳、回调报文和验签结果成套归档,不得更新为已签署,签署完成,规则版本、命中结果、输入摘要、处理结果
P071,退场,中心管理端,R11,库存非负与锁定,可用量=账面量-锁定量，出库不得导致负库存,阻断并提示缺口,锁定/出库,规则版本、命中结果、输入摘要、处理结果
P071,退场,中心管理端,R12,批次序列追溯,需追溯物品必须一物一码/一批一码，状态变更保留流水,阻断无编码操作,入库/出库/报损,规则版本、命中结果、输入摘要、处理结果
P071,退场,中心管理端,,,,,,
P072,节目上线,中心管理端,R01,唯一性与幂等,同一业务对象、节点和幂等键不得重复创建有效单据,阻断并返回已有单号,所有提交/接口,规则版本、命中结果、输入摘要、处理结果
P072,节目上线,中心管理端,R02,身份与任职有效性,经办人须通过统一认证，当前任职身份在办理时点有效,阻断；重新选择身份或转授权,所有人工节点,规则版本、命中结果、输入摘要、处理结果
P072,节目上线,中心管理端,R03,组织数据范围,仅能查看和处理授权中心、部门、岗位或本人数据,拒绝访问并审计,查询/处理/导出,规则版本、命中结果、输入摘要、处理结果
P072,节目上线,中心管理端,R04,必填与格式,必填、类型、长度、时间区间、金额精度须通过服务端校验,退回当前表单,提交前,规则版本、命中结果、输入摘要、处理结果
P072,节目上线,中心管理端,R05,状态迁移,仅允许按已发布状态机迁移；重复回调返回原结果,阻断非法迁移,节点提交/回调,规则版本、命中结果、输入摘要、处理结果
P072,节目上线,中心管理端,R06,附件安全,附件完成病毒、格式、大小、敏感内容和权限校验,隔离附件并要求补充,上传/下载,规则版本、命中结果、输入摘要、处理结果
P072,节目上线,中心管理端,R07,敏感字段,P2/P3字段按最小必要显示；导出需审批、水印、短链和二次认证,拒绝或脱敏,查看/导出,规则版本、命中结果、输入摘要、处理结果
P072,节目上线,中心管理端,R08,版本一致性,历史实例固定流程、规则、表单和字典版本,版本冲突时禁止提交,保存/提交,规则版本、命中结果、输入摘要、处理结果
P072,节目上线,中心管理端,R09,关闭条件,关闭前必须完成必选子任务、结算/回执、异常和归档检查,转整改/待关闭,关闭节点,规则版本、命中结果、输入摘要、处理结果
P072,节目上线,中心管理端,R10,审计证据链,关键操作保留操作者、身份、时间、前后值、原因、哈希和请求ID,关键审计失败则阻断,全流程,规则版本、命中结果、输入摘要、处理结果
P072,节目上线,中心管理端,,,,,,
P073,场次执行,中心管理端,R01,唯一性与幂等,同一业务对象、节点和幂等键不得重复创建有效单据,阻断并返回已有单号,所有提交/接口,规则版本、命中结果、输入摘要、处理结果
P073,场次执行,中心管理端,R02,身份与任职有效性,经办人须通过统一认证，当前任职身份在办理时点有效,阻断；重新选择身份或转授权,所有人工节点,规则版本、命中结果、输入摘要、处理结果
P073,场次执行,中心管理端,R03,组织数据范围,仅能查看和处理授权中心、部门、岗位或本人数据,拒绝访问并审计,查询/处理/导出,规则版本、命中结果、输入摘要、处理结果
P073,场次执行,中心管理端,R04,必填与格式,必填、类型、长度、时间区间、金额精度须通过服务端校验,退回当前表单,提交前,规则版本、命中结果、输入摘要、处理结果
P073,场次执行,中心管理端,R05,状态迁移,仅允许按已发布状态机迁移；重复回调返回原结果,阻断非法迁移,节点提交/回调,规则版本、命中结果、输入摘要、处理结果
P073,场次执行,中心管理端,R06,附件安全,附件完成病毒、格式、大小、敏感内容和权限校验,隔离附件并要求补充,上传/下载,规则版本、命中结果、输入摘要、处理结果
P073,场次执行,中心管理端,R07,敏感字段,P2/P3字段按最小必要显示；导出需审批、水印、短链和二次认证,拒绝或脱敏,查看/导出,规则版本、命中结果、输入摘要、处理结果
P073,场次执行,中心管理端,R08,版本一致性,历史实例固定流程、规则、表单和字典版本,版本冲突时禁止提交,保存/提交,规则版本、命中结果、输入摘要、处理结果
P073,场次执行,中心管理端,R09,关闭条件,关闭前必须完成必选子任务、结算/回执、异常和归档检查,转整改/待关闭,关闭节点,规则版本、命中结果、输入摘要、处理结果
P073,场次执行,中心管理端,R10,审计证据链,关键操作保留操作者、身份、时间、前后值、原因、哈希和请求ID,关键审计失败则阻断,全流程,规则版本、命中结果、输入摘要、处理结果
P073,场次执行,中心管理端,R11,时间重叠,假勤、排班、加班区间不得与已生效记录冲突,阻断或转例外审批,时间提交,规则版本、命中结果、输入摘要、处理结果
P073,场次执行,中心管理端,R12,额度账本,额度只通过预占、扣减、释放和差额调整流水变更,转账本调整单,审批/销假,规则版本、命中结果、输入摘要、处理结果
P073,场次执行,中心管理端,,,,,,
P074,临时缺员,中心管理端,R01,唯一性与幂等,同一业务对象、节点和幂等键不得重复创建有效单据,阻断并返回已有单号,所有提交/接口,规则版本、命中结果、输入摘要、处理结果
P074,临时缺员,中心管理端,R02,身份与任职有效性,经办人须通过统一认证，当前任职身份在办理时点有效,阻断；重新选择身份或转授权,所有人工节点,规则版本、命中结果、输入摘要、处理结果
P074,临时缺员,中心管理端,R03,组织数据范围,仅能查看和处理授权中心、部门、岗位或本人数据,拒绝访问并审计,查询/处理/导出,规则版本、命中结果、输入摘要、处理结果
P074,临时缺员,中心管理端,R04,必填与格式,必填、类型、长度、时间区间、金额精度须通过服务端校验,退回当前表单,提交前,规则版本、命中结果、输入摘要、处理结果
P074,临时缺员,中心管理端,R05,状态迁移,仅允许按已发布状态机迁移；重复回调返回原结果,阻断非法迁移,节点提交/回调,规则版本、命中结果、输入摘要、处理结果
P074,临时缺员,中心管理端,R06,附件安全,附件完成病毒、格式、大小、敏感内容和权限校验,隔离附件并要求补充,上传/下载,规则版本、命中结果、输入摘要、处理结果
P074,临时缺员,中心管理端,R07,敏感字段,P2/P3字段按最小必要显示；导出需审批、水印、短链和二次认证,拒绝或脱敏,查看/导出,规则版本、命中结果、输入摘要、处理结果
P074,临时缺员,中心管理端,R08,版本一致性,历史实例固定流程、规则、表单和字典版本,版本冲突时禁止提交,保存/提交,规则版本、命中结果、输入摘要、处理结果
P074,临时缺员,中心管理端,R09,关闭条件,关闭前必须完成必选子任务、结算/回执、异常和归档检查,转整改/待关闭,关闭节点,规则版本、命中结果、输入摘要、处理结果
P074,临时缺员,中心管理端,R10,审计证据链,关键操作保留操作者、身份、时间、前后值、原因、哈希和请求ID,关键审计失败则阻断,全流程,规则版本、命中结果、输入摘要、处理结果
P074,临时缺员,中心管理端,R11,时间重叠,假勤、排班、加班区间不得与已生效记录冲突,阻断或转例外审批,时间提交,规则版本、命中结果、输入摘要、处理结果
P074,临时缺员,中心管理端,R12,额度账本,额度只通过预占、扣减、释放和差额调整流水变更,转账本调整单,审批/销假,规则版本、命中结果、输入摘要、处理结果
P074,临时缺员,中心管理端,,,,,,
P075,停演,中心管理端,R01,唯一性与幂等,同一业务对象、节点和幂等键不得重复创建有效单据,阻断并返回已有单号,所有提交/接口,规则版本、命中结果、输入摘要、处理结果
P075,停演,中心管理端,R02,身份与任职有效性,经办人须通过统一认证，当前任职身份在办理时点有效,阻断；重新选择身份或转授权,所有人工节点,规则版本、命中结果、输入摘要、处理结果
P075,停演,中心管理端,R03,组织数据范围,仅能查看和处理授权中心、部门、岗位或本人数据,拒绝访问并审计,查询/处理/导出,规则版本、命中结果、输入摘要、处理结果
P075,停演,中心管理端,R04,必填与格式,必填、类型、长度、时间区间、金额精度须通过服务端校验,退回当前表单,提交前,规则版本、命中结果、输入摘要、处理结果
P075,停演,中心管理端,R05,状态迁移,仅允许按已发布状态机迁移；重复回调返回原结果,阻断非法迁移,节点提交/回调,规则版本、命中结果、输入摘要、处理结果
P075,停演,中心管理端,R06,附件安全,附件完成病毒、格式、大小、敏感内容和权限校验,隔离附件并要求补充,上传/下载,规则版本、命中结果、输入摘要、处理结果
P075,停演,中心管理端,R07,敏感字段,P2/P3字段按最小必要显示；导出需审批、水印、短链和二次认证,拒绝或脱敏,查看/导出,规则版本、命中结果、输入摘要、处理结果
P075,停演,中心管理端,R08,版本一致性,历史实例固定流程、规则、表单和字典版本,版本冲突时禁止提交,保存/提交,规则版本、命中结果、输入摘要、处理结果
P075,停演,中心管理端,R09,关闭条件,关闭前必须完成必选子任务、结算/回执、异常和归档检查,转整改/待关闭,关闭节点,规则版本、命中结果、输入摘要、处理结果
P075,停演,中心管理端,R10,审计证据链,关键操作保留操作者、身份、时间、前后值、原因、哈希和请求ID,关键审计失败则阻断,全流程,规则版本、命中结果、输入摘要、处理结果
P075,停演,中心管理端,R11,订单票码一致性,订单、支付、票码、核销、退款状态最终一致；冻结票码不得核销,进入差异队列,核销/退款,规则版本、命中结果、输入摘要、处理结果
P075,停演,中心管理端,R12,防重复核销,同一票码同一权益仅成功核销一次，离线回传幂等合并,返回原结果/转差异,核销,规则版本、命中结果、输入摘要、处理结果
P075,停演,中心管理端,R11,先行止险,人员安全优先；重大事件允许先处置后补单，但不得删除证据,立即升级并锁证,事件触发,规则版本、命中结果、输入摘要、处理结果
P075,停演,中心管理端,R12,唯一案件,同一事件保留一个主案件，相关工单、投诉、维修、赔付为子单,合并或关联已有案件,立案,规则版本、命中结果、输入摘要、处理结果
P075,停演,中心管理端,,,,,,
P076,场次准备,中心管理端,R01,唯一性与幂等,同一业务对象、节点和幂等键不得重复创建有效单据,阻断并返回已有单号,所有提交/接口,规则版本、命中结果、输入摘要、处理结果
P076,场次准备,中心管理端,R02,身份与任职有效性,经办人须通过统一认证，当前任职身份在办理时点有效,阻断；重新选择身份或转授权,所有人工节点,规则版本、命中结果、输入摘要、处理结果
P076,场次准备,中心管理端,R03,组织数据范围,仅能查看和处理授权中心、部门、岗位或本人数据,拒绝访问并审计,查询/处理/导出,规则版本、命中结果、输入摘要、处理结果
P076,场次准备,中心管理端,R04,必填与格式,必填、类型、长度、时间区间、金额精度须通过服务端校验,退回当前表单,提交前,规则版本、命中结果、输入摘要、处理结果
P076,场次准备,中心管理端,R05,状态迁移,仅允许按已发布状态机迁移；重复回调返回原结果,阻断非法迁移,节点提交/回调,规则版本、命中结果、输入摘要、处理结果
P076,场次准备,中心管理端,R06,附件安全,附件完成病毒、格式、大小、敏感内容和权限校验,隔离附件并要求补充,上传/下载,规则版本、命中结果、输入摘要、处理结果
P076,场次准备,中心管理端,R07,敏感字段,P2/P3字段按最小必要显示；导出需审批、水印、短链和二次认证,拒绝或脱敏,查看/导出,规则版本、命中结果、输入摘要、处理结果
P076,场次准备,中心管理端,R08,版本一致性,历史实例固定流程、规则、表单和字典版本,版本冲突时禁止提交,保存/提交,规则版本、命中结果、输入摘要、处理结果
P076,场次准备,中心管理端,R09,关闭条件,关闭前必须完成必选子任务、结算/回执、异常和归档检查,转整改/待关闭,关闭节点,规则版本、命中结果、输入摘要、处理结果
P076,场次准备,中心管理端,R10,审计证据链,关键操作保留操作者、身份、时间、前后值、原因、哈希和请求ID,关键审计失败则阻断,全流程,规则版本、命中结果、输入摘要、处理结果
P076,场次准备,中心管理端,R11,库存非负与锁定,可用量=账面量-锁定量，出库不得导致负库存,阻断并提示缺口,锁定/出库,规则版本、命中结果、输入摘要、处理结果
P076,场次准备,中心管理端,R12,批次序列追溯,需追溯物品必须一物一码/一批一码，状态变更保留流水,阻断无编码操作,入库/出库/报损,规则版本、命中结果、输入摘要、处理结果
P076,场次准备,中心管理端,,,,,,
P077,损坏报损,中心管理端,R01,唯一性与幂等,同一业务对象、节点和幂等键不得重复创建有效单据,阻断并返回已有单号,所有提交/接口,规则版本、命中结果、输入摘要、处理结果
P077,损坏报损,中心管理端,R02,身份与任职有效性,经办人须通过统一认证，当前任职身份在办理时点有效,阻断；重新选择身份或转授权,所有人工节点,规则版本、命中结果、输入摘要、处理结果
P077,损坏报损,中心管理端,R03,组织数据范围,仅能查看和处理授权中心、部门、岗位或本人数据,拒绝访问并审计,查询/处理/导出,规则版本、命中结果、输入摘要、处理结果
P077,损坏报损,中心管理端,R04,必填与格式,必填、类型、长度、时间区间、金额精度须通过服务端校验,退回当前表单,提交前,规则版本、命中结果、输入摘要、处理结果
P077,损坏报损,中心管理端,R05,状态迁移,仅允许按已发布状态机迁移；重复回调返回原结果,阻断非法迁移,节点提交/回调,规则版本、命中结果、输入摘要、处理结果
P077,损坏报损,中心管理端,R06,附件安全,附件完成病毒、格式、大小、敏感内容和权限校验,隔离附件并要求补充,上传/下载,规则版本、命中结果、输入摘要、处理结果
P077,损坏报损,中心管理端,R07,敏感字段,P2/P3字段按最小必要显示；导出需审批、水印、短链和二次认证,拒绝或脱敏,查看/导出,规则版本、命中结果、输入摘要、处理结果
P077,损坏报损,中心管理端,R08,版本一致性,历史实例固定流程、规则、表单和字典版本,版本冲突时禁止提交,保存/提交,规则版本、命中结果、输入摘要、处理结果
P077,损坏报损,中心管理端,R09,关闭条件,关闭前必须完成必选子任务、结算/回执、异常和归档检查,转整改/待关闭,关闭节点,规则版本、命中结果、输入摘要、处理结果
P077,损坏报损,中心管理端,R10,审计证据链,关键操作保留操作者、身份、时间、前后值、原因、哈希和请求ID,关键审计失败则阻断,全流程,规则版本、命中结果、输入摘要、处理结果
P077,损坏报损,中心管理端,R11,库存非负与锁定,可用量=账面量-锁定量，出库不得导致负库存,阻断并提示缺口,锁定/出库,规则版本、命中结果、输入摘要、处理结果
P077,损坏报损,中心管理端,R12,批次序列追溯,需追溯物品必须一物一码/一批一码，状态变更保留流水,阻断无编码操作,入库/出库/报损,规则版本、命中结果、输入摘要、处理结果
P077,损坏报损,中心管理端,,,,,,
P078,盘点,中心管理端,R01,唯一性与幂等,同一业务对象、节点和幂等键不得重复创建有效单据,阻断并返回已有单号,所有提交/接口,规则版本、命中结果、输入摘要、处理结果
P078,盘点,中心管理端,R02,身份与任职有效性,经办人须通过统一认证，当前任职身份在办理时点有效,阻断；重新选择身份或转授权,所有人工节点,规则版本、命中结果、输入摘要、处理结果
P078,盘点,中心管理端,R03,组织数据范围,仅能查看和处理授权中心、部门、岗位或本人数据,拒绝访问并审计,查询/处理/导出,规则版本、命中结果、输入摘要、处理结果
P078,盘点,中心管理端,R04,必填与格式,必填、类型、长度、时间区间、金额精度须通过服务端校验,退回当前表单,提交前,规则版本、命中结果、输入摘要、处理结果
P078,盘点,中心管理端,R05,状态迁移,仅允许按已发布状态机迁移；重复回调返回原结果,阻断非法迁移,节点提交/回调,规则版本、命中结果、输入摘要、处理结果
P078,盘点,中心管理端,R06,附件安全,附件完成病毒、格式、大小、敏感内容和权限校验,隔离附件并要求补充,上传/下载,规则版本、命中结果、输入摘要、处理结果
P078,盘点,中心管理端,R07,敏感字段,P2/P3字段按最小必要显示；导出需审批、水印、短链和二次认证,拒绝或脱敏,查看/导出,规则版本、命中结果、输入摘要、处理结果
P078,盘点,中心管理端,R08,版本一致性,历史实例固定流程、规则、表单和字典版本,版本冲突时禁止提交,保存/提交,规则版本、命中结果、输入摘要、处理结果
P078,盘点,中心管理端,R09,关闭条件,关闭前必须完成必选子任务、结算/回执、异常和归档检查,转整改/待关闭,关闭节点,规则版本、命中结果、输入摘要、处理结果
P078,盘点,中心管理端,R10,审计证据链,关键操作保留操作者、身份、时间、前后值、原因、哈希和请求ID,关键审计失败则阻断,全流程,规则版本、命中结果、输入摘要、处理结果
P078,盘点,中心管理端,R11,库存非负与锁定,可用量=账面量-锁定量，出库不得导致负库存,阻断并提示缺口,锁定/出库,规则版本、命中结果、输入摘要、处理结果
P078,盘点,中心管理端,R12,批次序列追溯,需追溯物品必须一物一码/一批一码，状态变更保留流水,阻断无编码操作,入库/出库/报损,规则版本、命中结果、输入摘要、处理结果
P078,盘点,中心管理端,,,,,,
P079,飞行任务,中心管理端,R01,唯一性与幂等,同一业务对象、节点和幂等键不得重复创建有效单据,阻断并返回已有单号,所有提交/接口,规则版本、命中结果、输入摘要、处理结果
P079,飞行任务,中心管理端,R02,身份与任职有效性,经办人须通过统一认证，当前任职身份在办理时点有效,阻断；重新选择身份或转授权,所有人工节点,规则版本、命中结果、输入摘要、处理结果
P079,飞行任务,中心管理端,R03,组织数据范围,仅能查看和处理授权中心、部门、岗位或本人数据,拒绝访问并审计,查询/处理/导出,规则版本、命中结果、输入摘要、处理结果
P079,飞行任务,中心管理端,R04,必填与格式,必填、类型、长度、时间区间、金额精度须通过服务端校验,退回当前表单,提交前,规则版本、命中结果、输入摘要、处理结果
P079,飞行任务,中心管理端,R05,状态迁移,仅允许按已发布状态机迁移；重复回调返回原结果,阻断非法迁移,节点提交/回调,规则版本、命中结果、输入摘要、处理结果
P079,飞行任务,中心管理端,R06,附件安全,附件完成病毒、格式、大小、敏感内容和权限校验,隔离附件并要求补充,上传/下载,规则版本、命中结果、输入摘要、处理结果
P079,飞行任务,中心管理端,R07,敏感字段,P2/P3字段按最小必要显示；导出需审批、水印、短链和二次认证,拒绝或脱敏,查看/导出,规则版本、命中结果、输入摘要、处理结果
P079,飞行任务,中心管理端,R08,版本一致性,历史实例固定流程、规则、表单和字典版本,版本冲突时禁止提交,保存/提交,规则版本、命中结果、输入摘要、处理结果
P079,飞行任务,中心管理端,R09,关闭条件,关闭前必须完成必选子任务、结算/回执、异常和归档检查,转整改/待关闭,关闭节点,规则版本、命中结果、输入摘要、处理结果
P079,飞行任务,中心管理端,R10,审计证据链,关键操作保留操作者、身份、时间、前后值、原因、哈希和请求ID,关键审计失败则阻断,全流程,规则版本、命中结果、输入摘要、处理结果
P079,飞行任务,中心管理端,,,,,,
P080,任务取消,中心管理端,R01,唯一性与幂等,同一业务对象、节点和幂等键不得重复创建有效单据,阻断并返回已有单号,所有提交/接口,规则版本、命中结果、输入摘要、处理结果
P080,任务取消,中心管理端,R02,身份与任职有效性,经办人须通过统一认证，当前任职身份在办理时点有效,阻断；重新选择身份或转授权,所有人工节点,规则版本、命中结果、输入摘要、处理结果
P080,任务取消,中心管理端,R03,组织数据范围,仅能查看和处理授权中心、部门、岗位或本人数据,拒绝访问并审计,查询/处理/导出,规则版本、命中结果、输入摘要、处理结果
P080,任务取消,中心管理端,R04,必填与格式,必填、类型、长度、时间区间、金额精度须通过服务端校验,退回当前表单,提交前,规则版本、命中结果、输入摘要、处理结果
P080,任务取消,中心管理端,R05,状态迁移,仅允许按已发布状态机迁移；重复回调返回原结果,阻断非法迁移,节点提交/回调,规则版本、命中结果、输入摘要、处理结果
P080,任务取消,中心管理端,R06,附件安全,附件完成病毒、格式、大小、敏感内容和权限校验,隔离附件并要求补充,上传/下载,规则版本、命中结果、输入摘要、处理结果
P080,任务取消,中心管理端,R07,敏感字段,P2/P3字段按最小必要显示；导出需审批、水印、短链和二次认证,拒绝或脱敏,查看/导出,规则版本、命中结果、输入摘要、处理结果
P080,任务取消,中心管理端,R08,版本一致性,历史实例固定流程、规则、表单和字典版本,版本冲突时禁止提交,保存/提交,规则版本、命中结果、输入摘要、处理结果
P080,任务取消,中心管理端,R09,关闭条件,关闭前必须完成必选子任务、结算/回执、异常和归档检查,转整改/待关闭,关闭节点,规则版本、命中结果、输入摘要、处理结果
P080,任务取消,中心管理端,R10,审计证据链,关键操作保留操作者、身份、时间、前后值、原因、哈希和请求ID,关键审计失败则阻断,全流程,规则版本、命中结果、输入摘要、处理结果
P080,任务取消,中心管理端,R11,订单票码一致性,订单、支付、票码、核销、退款状态最终一致；冻结票码不得核销,进入差异队列,核销/退款,规则版本、命中结果、输入摘要、处理结果
P080,任务取消,中心管理端,R12,防重复核销,同一票码同一权益仅成功核销一次，离线回传幂等合并,返回原结果/转差异,核销,规则版本、命中结果、输入摘要、处理结果
P080,任务取消,中心管理端,R11,先行止险,人员安全优先；重大事件允许先处置后补单，但不得删除证据,立即升级并锁证,事件触发,规则版本、命中结果、输入摘要、处理结果
P080,任务取消,中心管理端,R12,唯一案件,同一事件保留一个主案件，相关工单、投诉、维修、赔付为子单,合并或关联已有案件,立案,规则版本、命中结果、输入摘要、处理结果
P080,任务取消,中心管理端,,,,,,
P081,飞行事故,中心管理端,R01,唯一性与幂等,同一业务对象、节点和幂等键不得重复创建有效单据,阻断并返回已有单号,所有提交/接口,规则版本、命中结果、输入摘要、处理结果
P081,飞行事故,中心管理端,R02,身份与任职有效性,经办人须通过统一认证，当前任职身份在办理时点有效,阻断；重新选择身份或转授权,所有人工节点,规则版本、命中结果、输入摘要、处理结果
P081,飞行事故,中心管理端,R03,组织数据范围,仅能查看和处理授权中心、部门、岗位或本人数据,拒绝访问并审计,查询/处理/导出,规则版本、命中结果、输入摘要、处理结果
P081,飞行事故,中心管理端,R04,必填与格式,必填、类型、长度、时间区间、金额精度须通过服务端校验,退回当前表单,提交前,规则版本、命中结果、输入摘要、处理结果
P081,飞行事故,中心管理端,R05,状态迁移,仅允许按已发布状态机迁移；重复回调返回原结果,阻断非法迁移,节点提交/回调,规则版本、命中结果、输入摘要、处理结果
P081,飞行事故,中心管理端,R06,附件安全,附件完成病毒、格式、大小、敏感内容和权限校验,隔离附件并要求补充,上传/下载,规则版本、命中结果、输入摘要、处理结果
P081,飞行事故,中心管理端,R07,敏感字段,P2/P3字段按最小必要显示；导出需审批、水印、短链和二次认证,拒绝或脱敏,查看/导出,规则版本、命中结果、输入摘要、处理结果
P081,飞行事故,中心管理端,R08,版本一致性,历史实例固定流程、规则、表单和字典版本,版本冲突时禁止提交,保存/提交,规则版本、命中结果、输入摘要、处理结果
P081,飞行事故,中心管理端,R09,关闭条件,关闭前必须完成必选子任务、结算/回执、异常和归档检查,转整改/待关闭,关闭节点,规则版本、命中结果、输入摘要、处理结果
P081,飞行事故,中心管理端,R10,审计证据链,关键操作保留操作者、身份、时间、前后值、原因、哈希和请求ID,关键审计失败则阻断,全流程,规则版本、命中结果、输入摘要、处理结果
P081,飞行事故,中心管理端,R11,先行止险,人员安全优先；重大事件允许先处置后补单，但不得删除证据,立即升级并锁证,事件触发,规则版本、命中结果、输入摘要、处理结果
P081,飞行事故,中心管理端,R12,唯一案件,同一事件保留一个主案件，相关工单、投诉、维修、赔付为子单,合并或关联已有案件,立案,规则版本、命中结果、输入摘要、处理结果
P081,飞行事故,中心管理端,,,,,,
P082,场次技术保障,中心管理端,R01,唯一性与幂等,同一业务对象、节点和幂等键不得重复创建有效单据,阻断并返回已有单号,所有提交/接口,规则版本、命中结果、输入摘要、处理结果
P082,场次技术保障,中心管理端,R02,身份与任职有效性,经办人须通过统一认证，当前任职身份在办理时点有效,阻断；重新选择身份或转授权,所有人工节点,规则版本、命中结果、输入摘要、处理结果
P082,场次技术保障,中心管理端,R03,组织数据范围,仅能查看和处理授权中心、部门、岗位或本人数据,拒绝访问并审计,查询/处理/导出,规则版本、命中结果、输入摘要、处理结果
P082,场次技术保障,中心管理端,R04,必填与格式,必填、类型、长度、时间区间、金额精度须通过服务端校验,退回当前表单,提交前,规则版本、命中结果、输入摘要、处理结果
P082,场次技术保障,中心管理端,R05,状态迁移,仅允许按已发布状态机迁移；重复回调返回原结果,阻断非法迁移,节点提交/回调,规则版本、命中结果、输入摘要、处理结果
P082,场次技术保障,中心管理端,R06,附件安全,附件完成病毒、格式、大小、敏感内容和权限校验,隔离附件并要求补充,上传/下载,规则版本、命中结果、输入摘要、处理结果
P082,场次技术保障,中心管理端,R07,敏感字段,P2/P3字段按最小必要显示；导出需审批、水印、短链和二次认证,拒绝或脱敏,查看/导出,规则版本、命中结果、输入摘要、处理结果
P082,场次技术保障,中心管理端,R08,版本一致性,历史实例固定流程、规则、表单和字典版本,版本冲突时禁止提交,保存/提交,规则版本、命中结果、输入摘要、处理结果
P082,场次技术保障,中心管理端,R09,关闭条件,关闭前必须完成必选子任务、结算/回执、异常和归档检查,转整改/待关闭,关闭节点,规则版本、命中结果、输入摘要、处理结果
P082,场次技术保障,中心管理端,R10,审计证据链,关键操作保留操作者、身份、时间、前后值、原因、哈希和请求ID,关键审计失败则阻断,全流程,规则版本、命中结果、输入摘要、处理结果
P082,场次技术保障,中心管理端,R11,时间重叠,假勤、排班、加班区间不得与已生效记录冲突,阻断或转例外审批,时间提交,规则版本、命中结果、输入摘要、处理结果
P082,场次技术保障,中心管理端,R12,额度账本,额度只通过预占、扣减、释放和差额调整流水变更,转账本调整单,审批/销假,规则版本、命中结果、输入摘要、处理结果
P082,场次技术保障,中心管理端,,,,,,
P083,设备故障,中心管理端,R01,唯一性与幂等,同一业务对象、节点和幂等键不得重复创建有效单据,阻断并返回已有单号,所有提交/接口,规则版本、命中结果、输入摘要、处理结果
P083,设备故障,中心管理端,R02,身份与任职有效性,经办人须通过统一认证，当前任职身份在办理时点有效,阻断；重新选择身份或转授权,所有人工节点,规则版本、命中结果、输入摘要、处理结果
P083,设备故障,中心管理端,R03,组织数据范围,仅能查看和处理授权中心、部门、岗位或本人数据,拒绝访问并审计,查询/处理/导出,规则版本、命中结果、输入摘要、处理结果
P083,设备故障,中心管理端,R04,必填与格式,必填、类型、长度、时间区间、金额精度须通过服务端校验,退回当前表单,提交前,规则版本、命中结果、输入摘要、处理结果
P083,设备故障,中心管理端,R05,状态迁移,仅允许按已发布状态机迁移；重复回调返回原结果,阻断非法迁移,节点提交/回调,规则版本、命中结果、输入摘要、处理结果
P083,设备故障,中心管理端,R06,附件安全,附件完成病毒、格式、大小、敏感内容和权限校验,隔离附件并要求补充,上传/下载,规则版本、命中结果、输入摘要、处理结果
P083,设备故障,中心管理端,R07,敏感字段,P2/P3字段按最小必要显示；导出需审批、水印、短链和二次认证,拒绝或脱敏,查看/导出,规则版本、命中结果、输入摘要、处理结果
P083,设备故障,中心管理端,R08,版本一致性,历史实例固定流程、规则、表单和字典版本,版本冲突时禁止提交,保存/提交,规则版本、命中结果、输入摘要、处理结果
P083,设备故障,中心管理端,R09,关闭条件,关闭前必须完成必选子任务、结算/回执、异常和归档检查,转整改/待关闭,关闭节点,规则版本、命中结果、输入摘要、处理结果
P083,设备故障,中心管理端,R10,审计证据链,关键操作保留操作者、身份、时间、前后值、原因、哈希和请求ID,关键审计失败则阻断,全流程,规则版本、命中结果、输入摘要、处理结果
P083,设备故障,中心管理端,R11,先行止险,人员安全优先；重大事件允许先处置后补单，但不得删除证据,立即升级并锁证,事件触发,规则版本、命中结果、输入摘要、处理结果
P083,设备故障,中心管理端,R12,唯一案件,同一事件保留一个主案件，相关工单、投诉、维修、赔付为子单,合并或关联已有案件,立案,规则版本、命中结果、输入摘要、处理结果
P083,设备故障,中心管理端,,,,,,
P084,停演技术建议,中心管理端,R01,唯一性与幂等,同一业务对象、节点和幂等键不得重复创建有效单据,阻断并返回已有单号,所有提交/接口,规则版本、命中结果、输入摘要、处理结果
P084,停演技术建议,中心管理端,R02,身份与任职有效性,经办人须通过统一认证，当前任职身份在办理时点有效,阻断；重新选择身份或转授权,所有人工节点,规则版本、命中结果、输入摘要、处理结果
P084,停演技术建议,中心管理端,R03,组织数据范围,仅能查看和处理授权中心、部门、岗位或本人数据,拒绝访问并审计,查询/处理/导出,规则版本、命中结果、输入摘要、处理结果
P084,停演技术建议,中心管理端,R04,必填与格式,必填、类型、长度、时间区间、金额精度须通过服务端校验,退回当前表单,提交前,规则版本、命中结果、输入摘要、处理结果
P084,停演技术建议,中心管理端,R05,状态迁移,仅允许按已发布状态机迁移；重复回调返回原结果,阻断非法迁移,节点提交/回调,规则版本、命中结果、输入摘要、处理结果
P084,停演技术建议,中心管理端,R06,附件安全,附件完成病毒、格式、大小、敏感内容和权限校验,隔离附件并要求补充,上传/下载,规则版本、命中结果、输入摘要、处理结果
P084,停演技术建议,中心管理端,R07,敏感字段,P2/P3字段按最小必要显示；导出需审批、水印、短链和二次认证,拒绝或脱敏,查看/导出,规则版本、命中结果、输入摘要、处理结果
P084,停演技术建议,中心管理端,R08,版本一致性,历史实例固定流程、规则、表单和字典版本,版本冲突时禁止提交,保存/提交,规则版本、命中结果、输入摘要、处理结果
P084,停演技术建议,中心管理端,R09,关闭条件,关闭前必须完成必选子任务、结算/回执、异常和归档检查,转整改/待关闭,关闭节点,规则版本、命中结果、输入摘要、处理结果
P084,停演技术建议,中心管理端,R10,审计证据链,关键操作保留操作者、身份、时间、前后值、原因、哈希和请求ID,关键审计失败则阻断,全流程,规则版本、命中结果、输入摘要、处理结果
P084,停演技术建议,中心管理端,R11,先行止险,人员安全优先；重大事件允许先处置后补单，但不得删除证据,立即升级并锁证,事件触发,规则版本、命中结果、输入摘要、处理结果
P084,停演技术建议,中心管理端,R12,唯一案件,同一事件保留一个主案件，相关工单、投诉、维修、赔付为子单,合并或关联已有案件,立案,规则版本、命中结果、输入摘要、处理结果
P084,停演技术建议,中心管理端,,,,,,
P085,网络故障,中心管理端,R01,唯一性与幂等,同一业务对象、节点和幂等键不得重复创建有效单据,阻断并返回已有单号,所有提交/接口,规则版本、命中结果、输入摘要、处理结果
P085,网络故障,中心管理端,R02,身份与任职有效性,经办人须通过统一认证，当前任职身份在办理时点有效,阻断；重新选择身份或转授权,所有人工节点,规则版本、命中结果、输入摘要、处理结果
P085,网络故障,中心管理端,R03,组织数据范围,仅能查看和处理授权中心、部门、岗位或本人数据,拒绝访问并审计,查询/处理/导出,规则版本、命中结果、输入摘要、处理结果
P085,网络故障,中心管理端,R04,必填与格式,必填、类型、长度、时间区间、金额精度须通过服务端校验,退回当前表单,提交前,规则版本、命中结果、输入摘要、处理结果
P085,网络故障,中心管理端,R05,状态迁移,仅允许按已发布状态机迁移；重复回调返回原结果,阻断非法迁移,节点提交/回调,规则版本、命中结果、输入摘要、处理结果
P085,网络故障,中心管理端,R06,附件安全,附件完成病毒、格式、大小、敏感内容和权限校验,隔离附件并要求补充,上传/下载,规则版本、命中结果、输入摘要、处理结果
P085,网络故障,中心管理端,R07,敏感字段,P2/P3字段按最小必要显示；导出需审批、水印、短链和二次认证,拒绝或脱敏,查看/导出,规则版本、命中结果、输入摘要、处理结果
P085,网络故障,中心管理端,R08,版本一致性,历史实例固定流程、规则、表单和字典版本,版本冲突时禁止提交,保存/提交,规则版本、命中结果、输入摘要、处理结果
P085,网络故障,中心管理端,R09,关闭条件,关闭前必须完成必选子任务、结算/回执、异常和归档检查,转整改/待关闭,关闭节点,规则版本、命中结果、输入摘要、处理结果
P085,网络故障,中心管理端,R10,审计证据链,关键操作保留操作者、身份、时间、前后值、原因、哈希和请求ID,关键审计失败则阻断,全流程,规则版本、命中结果、输入摘要、处理结果
P085,网络故障,中心管理端,R11,先行止险,人员安全优先；重大事件允许先处置后补单，但不得删除证据,立即升级并锁证,事件触发,规则版本、命中结果、输入摘要、处理结果
P085,网络故障,中心管理端,R12,唯一案件,同一事件保留一个主案件，相关工单、投诉、维修、赔付为子单,合并或关联已有案件,立案,规则版本、命中结果、输入摘要、处理结果
P085,网络故障,中心管理端,,,,,,
P086,网络变更,中心管理端,R01,唯一性与幂等,同一业务对象、节点和幂等键不得重复创建有效单据,阻断并返回已有单号,所有提交/接口,规则版本、命中结果、输入摘要、处理结果
P086,网络变更,中心管理端,R02,身份与任职有效性,经办人须通过统一认证，当前任职身份在办理时点有效,阻断；重新选择身份或转授权,所有人工节点,规则版本、命中结果、输入摘要、处理结果
P086,网络变更,中心管理端,R03,组织数据范围,仅能查看和处理授权中心、部门、岗位或本人数据,拒绝访问并审计,查询/处理/导出,规则版本、命中结果、输入摘要、处理结果
P086,网络变更,中心管理端,R04,必填与格式,必填、类型、长度、时间区间、金额精度须通过服务端校验,退回当前表单,提交前,规则版本、命中结果、输入摘要、处理结果
P086,网络变更,中心管理端,R05,状态迁移,仅允许按已发布状态机迁移；重复回调返回原结果,阻断非法迁移,节点提交/回调,规则版本、命中结果、输入摘要、处理结果
P086,网络变更,中心管理端,R06,附件安全,附件完成病毒、格式、大小、敏感内容和权限校验,隔离附件并要求补充,上传/下载,规则版本、命中结果、输入摘要、处理结果
P086,网络变更,中心管理端,R07,敏感字段,P2/P3字段按最小必要显示；导出需审批、水印、短链和二次认证,拒绝或脱敏,查看/导出,规则版本、命中结果、输入摘要、处理结果
P086,网络变更,中心管理端,R08,版本一致性,历史实例固定流程、规则、表单和字典版本,版本冲突时禁止提交,保存/提交,规则版本、命中结果、输入摘要、处理结果
P086,网络变更,中心管理端,R09,关闭条件,关闭前必须完成必选子任务、结算/回执、异常和归档检查,转整改/待关闭,关闭节点,规则版本、命中结果、输入摘要、处理结果
P086,网络变更,中心管理端,R10,审计证据链,关键操作保留操作者、身份、时间、前后值、原因、哈希和请求ID,关键审计失败则阻断,全流程,规则版本、命中结果、输入摘要、处理结果
P086,网络变更,中心管理端,R11,先行止险,人员安全优先；重大事件允许先处置后补单，但不得删除证据,立即升级并锁证,事件触发,规则版本、命中结果、输入摘要、处理结果
P086,网络变更,中心管理端,R12,唯一案件,同一事件保留一个主案件，相关工单、投诉、维修、赔付为子单,合并或关联已有案件,立案,规则版本、命中结果、输入摘要、处理结果
P086,网络变更,中心管理端,,,,,,
P087,活动保障,中心管理端,R01,唯一性与幂等,同一业务对象、节点和幂等键不得重复创建有效单据,阻断并返回已有单号,所有提交/接口,规则版本、命中结果、输入摘要、处理结果
P087,活动保障,中心管理端,R02,身份与任职有效性,经办人须通过统一认证，当前任职身份在办理时点有效,阻断；重新选择身份或转授权,所有人工节点,规则版本、命中结果、输入摘要、处理结果
P087,活动保障,中心管理端,R03,组织数据范围,仅能查看和处理授权中心、部门、岗位或本人数据,拒绝访问并审计,查询/处理/导出,规则版本、命中结果、输入摘要、处理结果
P087,活动保障,中心管理端,R04,必填与格式,必填、类型、长度、时间区间、金额精度须通过服务端校验,退回当前表单,提交前,规则版本、命中结果、输入摘要、处理结果
P087,活动保障,中心管理端,R05,状态迁移,仅允许按已发布状态机迁移；重复回调返回原结果,阻断非法迁移,节点提交/回调,规则版本、命中结果、输入摘要、处理结果
P087,活动保障,中心管理端,R06,附件安全,附件完成病毒、格式、大小、敏感内容和权限校验,隔离附件并要求补充,上传/下载,规则版本、命中结果、输入摘要、处理结果
P087,活动保障,中心管理端,R07,敏感字段,P2/P3字段按最小必要显示；导出需审批、水印、短链和二次认证,拒绝或脱敏,查看/导出,规则版本、命中结果、输入摘要、处理结果
P087,活动保障,中心管理端,R08,版本一致性,历史实例固定流程、规则、表单和字典版本,版本冲突时禁止提交,保存/提交,规则版本、命中结果、输入摘要、处理结果
P087,活动保障,中心管理端,R09,关闭条件,关闭前必须完成必选子任务、结算/回执、异常和归档检查,转整改/待关闭,关闭节点,规则版本、命中结果、输入摘要、处理结果
P087,活动保障,中心管理端,R10,审计证据链,关键操作保留操作者、身份、时间、前后值、原因、哈希和请求ID,关键审计失败则阻断,全流程,规则版本、命中结果、输入摘要、处理结果
P087,活动保障,中心管理端,,,,,,
P088,IT服务请求,中心管理端,R01,唯一性与幂等,同一业务对象、节点和幂等键不得重复创建有效单据,阻断并返回已有单号,所有提交/接口,规则版本、命中结果、输入摘要、处理结果
P088,IT服务请求,中心管理端,R02,身份与任职有效性,经办人须通过统一认证，当前任职身份在办理时点有效,阻断；重新选择身份或转授权,所有人工节点,规则版本、命中结果、输入摘要、处理结果
P088,IT服务请求,中心管理端,R03,组织数据范围,仅能查看和处理授权中心、部门、岗位或本人数据,拒绝访问并审计,查询/处理/导出,规则版本、命中结果、输入摘要、处理结果
P088,IT服务请求,中心管理端,R04,必填与格式,必填、类型、长度、时间区间、金额精度须通过服务端校验,退回当前表单,提交前,规则版本、命中结果、输入摘要、处理结果
P088,IT服务请求,中心管理端,R05,状态迁移,仅允许按已发布状态机迁移；重复回调返回原结果,阻断非法迁移,节点提交/回调,规则版本、命中结果、输入摘要、处理结果
P088,IT服务请求,中心管理端,R06,附件安全,附件完成病毒、格式、大小、敏感内容和权限校验,隔离附件并要求补充,上传/下载,规则版本、命中结果、输入摘要、处理结果
P088,IT服务请求,中心管理端,R07,敏感字段,P2/P3字段按最小必要显示；导出需审批、水印、短链和二次认证,拒绝或脱敏,查看/导出,规则版本、命中结果、输入摘要、处理结果
P088,IT服务请求,中心管理端,R08,版本一致性,历史实例固定流程、规则、表单和字典版本,版本冲突时禁止提交,保存/提交,规则版本、命中结果、输入摘要、处理结果
P088,IT服务请求,中心管理端,R09,关闭条件,关闭前必须完成必选子任务、结算/回执、异常和归档检查,转整改/待关闭,关闭节点,规则版本、命中结果、输入摘要、处理结果
P088,IT服务请求,中心管理端,R10,审计证据链,关键操作保留操作者、身份、时间、前后值、原因、哈希和请求ID,关键审计失败则阻断,全流程,规则版本、命中结果、输入摘要、处理结果
P088,IT服务请求,中心管理端,,,,,,
P089,生产发布,中心管理端,R01,唯一性与幂等,同一业务对象、节点和幂等键不得重复创建有效单据,阻断并返回已有单号,所有提交/接口,规则版本、命中结果、输入摘要、处理结果
P089,生产发布,中心管理端,R02,身份与任职有效性,经办人须通过统一认证，当前任职身份在办理时点有效,阻断；重新选择身份或转授权,所有人工节点,规则版本、命中结果、输入摘要、处理结果
P089,生产发布,中心管理端,R03,组织数据范围,仅能查看和处理授权中心、部门、岗位或本人数据,拒绝访问并审计,查询/处理/导出,规则版本、命中结果、输入摘要、处理结果
P089,生产发布,中心管理端,R04,必填与格式,必填、类型、长度、时间区间、金额精度须通过服务端校验,退回当前表单,提交前,规则版本、命中结果、输入摘要、处理结果
P089,生产发布,中心管理端,R05,状态迁移,仅允许按已发布状态机迁移；重复回调返回原结果,阻断非法迁移,节点提交/回调,规则版本、命中结果、输入摘要、处理结果
P089,生产发布,中心管理端,R06,附件安全,附件完成病毒、格式、大小、敏感内容和权限校验,隔离附件并要求补充,上传/下载,规则版本、命中结果、输入摘要、处理结果
P089,生产发布,中心管理端,R07,敏感字段,P2/P3字段按最小必要显示；导出需审批、水印、短链和二次认证,拒绝或脱敏,查看/导出,规则版本、命中结果、输入摘要、处理结果
P089,生产发布,中心管理端,R08,版本一致性,历史实例固定流程、规则、表单和字典版本,版本冲突时禁止提交,保存/提交,规则版本、命中结果、输入摘要、处理结果
P089,生产发布,中心管理端,R09,关闭条件,关闭前必须完成必选子任务、结算/回执、异常和归档检查,转整改/待关闭,关闭节点,规则版本、命中结果、输入摘要、处理结果
P089,生产发布,中心管理端,R10,审计证据链,关键操作保留操作者、身份、时间、前后值、原因、哈希和请求ID,关键审计失败则阻断,全流程,规则版本、命中结果、输入摘要、处理结果
P089,生产发布,中心管理端,,,,,,
P090,账号执行,中心管理端,R01,唯一性与幂等,同一业务对象、节点和幂等键不得重复创建有效单据,阻断并返回已有单号,所有提交/接口,规则版本、命中结果、输入摘要、处理结果
P090,账号执行,中心管理端,R02,身份与任职有效性,经办人须通过统一认证，当前任职身份在办理时点有效,阻断；重新选择身份或转授权,所有人工节点,规则版本、命中结果、输入摘要、处理结果
P090,账号执行,中心管理端,R03,组织数据范围,仅能查看和处理授权中心、部门、岗位或本人数据,拒绝访问并审计,查询/处理/导出,规则版本、命中结果、输入摘要、处理结果
P090,账号执行,中心管理端,R04,必填与格式,必填、类型、长度、时间区间、金额精度须通过服务端校验,退回当前表单,提交前,规则版本、命中结果、输入摘要、处理结果
P090,账号执行,中心管理端,R05,状态迁移,仅允许按已发布状态机迁移；重复回调返回原结果,阻断非法迁移,节点提交/回调,规则版本、命中结果、输入摘要、处理结果
P090,账号执行,中心管理端,R06,附件安全,附件完成病毒、格式、大小、敏感内容和权限校验,隔离附件并要求补充,上传/下载,规则版本、命中结果、输入摘要、处理结果
P090,账号执行,中心管理端,R07,敏感字段,P2/P3字段按最小必要显示；导出需审批、水印、短链和二次认证,拒绝或脱敏,查看/导出,规则版本、命中结果、输入摘要、处理结果
P090,账号执行,中心管理端,R08,版本一致性,历史实例固定流程、规则、表单和字典版本,版本冲突时禁止提交,保存/提交,规则版本、命中结果、输入摘要、处理结果
P090,账号执行,中心管理端,R09,关闭条件,关闭前必须完成必选子任务、结算/回执、异常和归档检查,转整改/待关闭,关闭节点,规则版本、命中结果、输入摘要、处理结果
P090,账号执行,中心管理端,R10,审计证据链,关键操作保留操作者、身份、时间、前后值、原因、哈希和请求ID,关键审计失败则阻断,全流程,规则版本、命中结果、输入摘要、处理结果
P090,账号执行,中心管理端,,,,,,
P091,恢复演练,中心管理端,R01,唯一性与幂等,同一业务对象、节点和幂等键不得重复创建有效单据,阻断并返回已有单号,所有提交/接口,规则版本、命中结果、输入摘要、处理结果
P091,恢复演练,中心管理端,R02,身份与任职有效性,经办人须通过统一认证，当前任职身份在办理时点有效,阻断；重新选择身份或转授权,所有人工节点,规则版本、命中结果、输入摘要、处理结果
P091,恢复演练,中心管理端,R03,组织数据范围,仅能查看和处理授权中心、部门、岗位或本人数据,拒绝访问并审计,查询/处理/导出,规则版本、命中结果、输入摘要、处理结果
P091,恢复演练,中心管理端,R04,必填与格式,必填、类型、长度、时间区间、金额精度须通过服务端校验,退回当前表单,提交前,规则版本、命中结果、输入摘要、处理结果
P091,恢复演练,中心管理端,R05,状态迁移,仅允许按已发布状态机迁移；重复回调返回原结果,阻断非法迁移,节点提交/回调,规则版本、命中结果、输入摘要、处理结果
P091,恢复演练,中心管理端,R06,附件安全,附件完成病毒、格式、大小、敏感内容和权限校验,隔离附件并要求补充,上传/下载,规则版本、命中结果、输入摘要、处理结果
P091,恢复演练,中心管理端,R07,敏感字段,P2/P3字段按最小必要显示；导出需审批、水印、短链和二次认证,拒绝或脱敏,查看/导出,规则版本、命中结果、输入摘要、处理结果
P091,恢复演练,中心管理端,R08,版本一致性,历史实例固定流程、规则、表单和字典版本,版本冲突时禁止提交,保存/提交,规则版本、命中结果、输入摘要、处理结果
P091,恢复演练,中心管理端,R09,关闭条件,关闭前必须完成必选子任务、结算/回执、异常和归档检查,转整改/待关闭,关闭节点,规则版本、命中结果、输入摘要、处理结果
P091,恢复演练,中心管理端,R10,审计证据链,关键操作保留操作者、身份、时间、前后值、原因、哈希和请求ID,关键审计失败则阻断,全流程,规则版本、命中结果、输入摘要、处理结果
P091,恢复演练,中心管理端,,,,,,
P092,需求开发,中心管理端,R01,唯一性与幂等,同一业务对象、节点和幂等键不得重复创建有效单据,阻断并返回已有单号,所有提交/接口,规则版本、命中结果、输入摘要、处理结果
P092,需求开发,中心管理端,R02,身份与任职有效性,经办人须通过统一认证，当前任职身份在办理时点有效,阻断；重新选择身份或转授权,所有人工节点,规则版本、命中结果、输入摘要、处理结果
P092,需求开发,中心管理端,R03,组织数据范围,仅能查看和处理授权中心、部门、岗位或本人数据,拒绝访问并审计,查询/处理/导出,规则版本、命中结果、输入摘要、处理结果
P092,需求开发,中心管理端,R04,必填与格式,必填、类型、长度、时间区间、金额精度须通过服务端校验,退回当前表单,提交前,规则版本、命中结果、输入摘要、处理结果
P092,需求开发,中心管理端,R05,状态迁移,仅允许按已发布状态机迁移；重复回调返回原结果,阻断非法迁移,节点提交/回调,规则版本、命中结果、输入摘要、处理结果
P092,需求开发,中心管理端,R06,附件安全,附件完成病毒、格式、大小、敏感内容和权限校验,隔离附件并要求补充,上传/下载,规则版本、命中结果、输入摘要、处理结果
P092,需求开发,中心管理端,R07,敏感字段,P2/P3字段按最小必要显示；导出需审批、水印、短链和二次认证,拒绝或脱敏,查看/导出,规则版本、命中结果、输入摘要、处理结果
P092,需求开发,中心管理端,R08,版本一致性,历史实例固定流程、规则、表单和字典版本,版本冲突时禁止提交,保存/提交,规则版本、命中结果、输入摘要、处理结果
P092,需求开发,中心管理端,R09,关闭条件,关闭前必须完成必选子任务、结算/回执、异常和归档检查,转整改/待关闭,关闭节点,规则版本、命中结果、输入摘要、处理结果
P092,需求开发,中心管理端,R10,审计证据链,关键操作保留操作者、身份、时间、前后值、原因、哈希和请求ID,关键审计失败则阻断,全流程,规则版本、命中结果、输入摘要、处理结果
P092,需求开发,中心管理端,,,,,,
P093,缺陷修复,中心管理端,R01,唯一性与幂等,同一业务对象、节点和幂等键不得重复创建有效单据,阻断并返回已有单号,所有提交/接口,规则版本、命中结果、输入摘要、处理结果
P093,缺陷修复,中心管理端,R02,身份与任职有效性,经办人须通过统一认证，当前任职身份在办理时点有效,阻断；重新选择身份或转授权,所有人工节点,规则版本、命中结果、输入摘要、处理结果
P093,缺陷修复,中心管理端,R03,组织数据范围,仅能查看和处理授权中心、部门、岗位或本人数据,拒绝访问并审计,查询/处理/导出,规则版本、命中结果、输入摘要、处理结果
P093,缺陷修复,中心管理端,R04,必填与格式,必填、类型、长度、时间区间、金额精度须通过服务端校验,退回当前表单,提交前,规则版本、命中结果、输入摘要、处理结果
P093,缺陷修复,中心管理端,R05,状态迁移,仅允许按已发布状态机迁移；重复回调返回原结果,阻断非法迁移,节点提交/回调,规则版本、命中结果、输入摘要、处理结果
P093,缺陷修复,中心管理端,R06,附件安全,附件完成病毒、格式、大小、敏感内容和权限校验,隔离附件并要求补充,上传/下载,规则版本、命中结果、输入摘要、处理结果
P093,缺陷修复,中心管理端,R07,敏感字段,P2/P3字段按最小必要显示；导出需审批、水印、短链和二次认证,拒绝或脱敏,查看/导出,规则版本、命中结果、输入摘要、处理结果
P093,缺陷修复,中心管理端,R08,版本一致性,历史实例固定流程、规则、表单和字典版本,版本冲突时禁止提交,保存/提交,规则版本、命中结果、输入摘要、处理结果
P093,缺陷修复,中心管理端,R09,关闭条件,关闭前必须完成必选子任务、结算/回执、异常和归档检查,转整改/待关闭,关闭节点,规则版本、命中结果、输入摘要、处理结果
P093,缺陷修复,中心管理端,R10,审计证据链,关键操作保留操作者、身份、时间、前后值、原因、哈希和请求ID,关键审计失败则阻断,全流程,规则版本、命中结果、输入摘要、处理结果
P093,缺陷修复,中心管理端,,,,,,
P094,版本发布,中心管理端,R01,唯一性与幂等,同一业务对象、节点和幂等键不得重复创建有效单据,阻断并返回已有单号,所有提交/接口,规则版本、命中结果、输入摘要、处理结果
P094,版本发布,中心管理端,R02,身份与任职有效性,经办人须通过统一认证，当前任职身份在办理时点有效,阻断；重新选择身份或转授权,所有人工节点,规则版本、命中结果、输入摘要、处理结果
P094,版本发布,中心管理端,R03,组织数据范围,仅能查看和处理授权中心、部门、岗位或本人数据,拒绝访问并审计,查询/处理/导出,规则版本、命中结果、输入摘要、处理结果
P094,版本发布,中心管理端,R04,必填与格式,必填、类型、长度、时间区间、金额精度须通过服务端校验,退回当前表单,提交前,规则版本、命中结果、输入摘要、处理结果
P094,版本发布,中心管理端,R05,状态迁移,仅允许按已发布状态机迁移；重复回调返回原结果,阻断非法迁移,节点提交/回调,规则版本、命中结果、输入摘要、处理结果
P094,版本发布,中心管理端,R06,附件安全,附件完成病毒、格式、大小、敏感内容和权限校验,隔离附件并要求补充,上传/下载,规则版本、命中结果、输入摘要、处理结果
P094,版本发布,中心管理端,R07,敏感字段,P2/P3字段按最小必要显示；导出需审批、水印、短链和二次认证,拒绝或脱敏,查看/导出,规则版本、命中结果、输入摘要、处理结果
P094,版本发布,中心管理端,R08,版本一致性,历史实例固定流程、规则、表单和字典版本,版本冲突时禁止提交,保存/提交,规则版本、命中结果、输入摘要、处理结果
P094,版本发布,中心管理端,R09,关闭条件,关闭前必须完成必选子任务、结算/回执、异常和归档检查,转整改/待关闭,关闭节点,规则版本、命中结果、输入摘要、处理结果
P094,版本发布,中心管理端,R10,审计证据链,关键操作保留操作者、身份、时间、前后值、原因、哈希和请求ID,关键审计失败则阻断,全流程,规则版本、命中结果、输入摘要、处理结果
P094,版本发布,中心管理端,,,,,,
P095,宣传物料制作,中心管理端,R01,唯一性与幂等,同一业务对象、节点和幂等键不得重复创建有效单据,阻断并返回已有单号,所有提交/接口,规则版本、命中结果、输入摘要、处理结果
P095,宣传物料制作,中心管理端,R02,身份与任职有效性,经办人须通过统一认证，当前任职身份在办理时点有效,阻断；重新选择身份或转授权,所有人工节点,规则版本、命中结果、输入摘要、处理结果
P095,宣传物料制作,中心管理端,R03,组织数据范围,仅能查看和处理授权中心、部门、岗位或本人数据,拒绝访问并审计,查询/处理/导出,规则版本、命中结果、输入摘要、处理结果
P095,宣传物料制作,中心管理端,R04,必填与格式,必填、类型、长度、时间区间、金额精度须通过服务端校验,退回当前表单,提交前,规则版本、命中结果、输入摘要、处理结果
P095,宣传物料制作,中心管理端,R05,状态迁移,仅允许按已发布状态机迁移；重复回调返回原结果,阻断非法迁移,节点提交/回调,规则版本、命中结果、输入摘要、处理结果
P095,宣传物料制作,中心管理端,R06,附件安全,附件完成病毒、格式、大小、敏感内容和权限校验,隔离附件并要求补充,上传/下载,规则版本、命中结果、输入摘要、处理结果
P095,宣传物料制作,中心管理端,R07,敏感字段,P2/P3字段按最小必要显示；导出需审批、水印、短链和二次认证,拒绝或脱敏,查看/导出,规则版本、命中结果、输入摘要、处理结果
P095,宣传物料制作,中心管理端,R08,版本一致性,历史实例固定流程、规则、表单和字典版本,版本冲突时禁止提交,保存/提交,规则版本、命中结果、输入摘要、处理结果
P095,宣传物料制作,中心管理端,R09,关闭条件,关闭前必须完成必选子任务、结算/回执、异常和归档检查,转整改/待关闭,关闭节点,规则版本、命中结果、输入摘要、处理结果
P095,宣传物料制作,中心管理端,R10,审计证据链,关键操作保留操作者、身份、时间、前后值、原因、哈希和请求ID,关键审计失败则阻断,全流程,规则版本、命中结果、输入摘要、处理结果
P095,宣传物料制作,中心管理端,R11,库存非负与锁定,可用量=账面量-锁定量，出库不得导致负库存,阻断并提示缺口,锁定/出库,规则版本、命中结果、输入摘要、处理结果
P095,宣传物料制作,中心管理端,R12,批次序列追溯,需追溯物品必须一物一码/一批一码，状态变更保留流水,阻断无编码操作,入库/出库/报损,规则版本、命中结果、输入摘要、处理结果
P095,宣传物料制作,中心管理端,,,,,,
P096,拍摄任务,中心管理端,R01,唯一性与幂等,同一业务对象、节点和幂等键不得重复创建有效单据,阻断并返回已有单号,所有提交/接口,规则版本、命中结果、输入摘要、处理结果
P096,拍摄任务,中心管理端,R02,身份与任职有效性,经办人须通过统一认证，当前任职身份在办理时点有效,阻断；重新选择身份或转授权,所有人工节点,规则版本、命中结果、输入摘要、处理结果
P096,拍摄任务,中心管理端,R03,组织数据范围,仅能查看和处理授权中心、部门、岗位或本人数据,拒绝访问并审计,查询/处理/导出,规则版本、命中结果、输入摘要、处理结果
P096,拍摄任务,中心管理端,R04,必填与格式,必填、类型、长度、时间区间、金额精度须通过服务端校验,退回当前表单,提交前,规则版本、命中结果、输入摘要、处理结果
P096,拍摄任务,中心管理端,R05,状态迁移,仅允许按已发布状态机迁移；重复回调返回原结果,阻断非法迁移,节点提交/回调,规则版本、命中结果、输入摘要、处理结果
P096,拍摄任务,中心管理端,R06,附件安全,附件完成病毒、格式、大小、敏感内容和权限校验,隔离附件并要求补充,上传/下载,规则版本、命中结果、输入摘要、处理结果
P096,拍摄任务,中心管理端,R07,敏感字段,P2/P3字段按最小必要显示；导出需审批、水印、短链和二次认证,拒绝或脱敏,查看/导出,规则版本、命中结果、输入摘要、处理结果
P096,拍摄任务,中心管理端,R08,版本一致性,历史实例固定流程、规则、表单和字典版本,版本冲突时禁止提交,保存/提交,规则版本、命中结果、输入摘要、处理结果
P096,拍摄任务,中心管理端,R09,关闭条件,关闭前必须完成必选子任务、结算/回执、异常和归档检查,转整改/待关闭,关闭节点,规则版本、命中结果、输入摘要、处理结果
P096,拍摄任务,中心管理端,R10,审计证据链,关键操作保留操作者、身份、时间、前后值、原因、哈希和请求ID,关键审计失败则阻断,全流程,规则版本、命中结果、输入摘要、处理结果
P096,拍摄任务,中心管理端,,,,,,
P097,返工变更,中心管理端,R01,唯一性与幂等,同一业务对象、节点和幂等键不得重复创建有效单据,阻断并返回已有单号,所有提交/接口,规则版本、命中结果、输入摘要、处理结果
P097,返工变更,中心管理端,R02,身份与任职有效性,经办人须通过统一认证，当前任职身份在办理时点有效,阻断；重新选择身份或转授权,所有人工节点,规则版本、命中结果、输入摘要、处理结果
P097,返工变更,中心管理端,R03,组织数据范围,仅能查看和处理授权中心、部门、岗位或本人数据,拒绝访问并审计,查询/处理/导出,规则版本、命中结果、输入摘要、处理结果
P097,返工变更,中心管理端,R04,必填与格式,必填、类型、长度、时间区间、金额精度须通过服务端校验,退回当前表单,提交前,规则版本、命中结果、输入摘要、处理结果
P097,返工变更,中心管理端,R05,状态迁移,仅允许按已发布状态机迁移；重复回调返回原结果,阻断非法迁移,节点提交/回调,规则版本、命中结果、输入摘要、处理结果
P097,返工变更,中心管理端,R06,附件安全,附件完成病毒、格式、大小、敏感内容和权限校验,隔离附件并要求补充,上传/下载,规则版本、命中结果、输入摘要、处理结果
P097,返工变更,中心管理端,R07,敏感字段,P2/P3字段按最小必要显示；导出需审批、水印、短链和二次认证,拒绝或脱敏,查看/导出,规则版本、命中结果、输入摘要、处理结果
P097,返工变更,中心管理端,R08,版本一致性,历史实例固定流程、规则、表单和字典版本,版本冲突时禁止提交,保存/提交,规则版本、命中结果、输入摘要、处理结果
P097,返工变更,中心管理端,R09,关闭条件,关闭前必须完成必选子任务、结算/回执、异常和归档检查,转整改/待关闭,关闭节点,规则版本、命中结果、输入摘要、处理结果
P097,返工变更,中心管理端,R10,审计证据链,关键操作保留操作者、身份、时间、前后值、原因、哈希和请求ID,关键审计失败则阻断,全流程,规则版本、命中结果、输入摘要、处理结果
P097,返工变更,中心管理端,,,,,,
P098,策划项目,中心管理端,R01,唯一性与幂等,同一业务对象、节点和幂等键不得重复创建有效单据,阻断并返回已有单号,所有提交/接口,规则版本、命中结果、输入摘要、处理结果
P098,策划项目,中心管理端,R02,身份与任职有效性,经办人须通过统一认证，当前任职身份在办理时点有效,阻断；重新选择身份或转授权,所有人工节点,规则版本、命中结果、输入摘要、处理结果
P098,策划项目,中心管理端,R03,组织数据范围,仅能查看和处理授权中心、部门、岗位或本人数据,拒绝访问并审计,查询/处理/导出,规则版本、命中结果、输入摘要、处理结果
P098,策划项目,中心管理端,R04,必填与格式,必填、类型、长度、时间区间、金额精度须通过服务端校验,退回当前表单,提交前,规则版本、命中结果、输入摘要、处理结果
P098,策划项目,中心管理端,R05,状态迁移,仅允许按已发布状态机迁移；重复回调返回原结果,阻断非法迁移,节点提交/回调,规则版本、命中结果、输入摘要、处理结果
P098,策划项目,中心管理端,R06,附件安全,附件完成病毒、格式、大小、敏感内容和权限校验,隔离附件并要求补充,上传/下载,规则版本、命中结果、输入摘要、处理结果
P098,策划项目,中心管理端,R07,敏感字段,P2/P3字段按最小必要显示；导出需审批、水印、短链和二次认证,拒绝或脱敏,查看/导出,规则版本、命中结果、输入摘要、处理结果
P098,策划项目,中心管理端,R08,版本一致性,历史实例固定流程、规则、表单和字典版本,版本冲突时禁止提交,保存/提交,规则版本、命中结果、输入摘要、处理结果
P098,策划项目,中心管理端,R09,关闭条件,关闭前必须完成必选子任务、结算/回执、异常和归档检查,转整改/待关闭,关闭节点,规则版本、命中结果、输入摘要、处理结果
P098,策划项目,中心管理端,R10,审计证据链,关键操作保留操作者、身份、时间、前后值、原因、哈希和请求ID,关键审计失败则阻断,全流程,规则版本、命中结果、输入摘要、处理结果
P098,策划项目,中心管理端,R11,金额与预算,金额非负，核定金额不超申请与可用预算，币种税率匹配规则,阻断并提示差异,金额保存/付款前,规则版本、命中结果、输入摘要、处理结果
P098,策划项目,中心管理端,R12,票据防重,发票代码、号码、日期、金额和影像哈希联合防重,阻断重复报销/付款,票据提交,规则版本、命中结果、输入摘要、处理结果
P098,策划项目,中心管理端,,,,,,
P099,方案变更,中心管理端,R01,唯一性与幂等,同一业务对象、节点和幂等键不得重复创建有效单据,阻断并返回已有单号,所有提交/接口,规则版本、命中结果、输入摘要、处理结果
P099,方案变更,中心管理端,R02,身份与任职有效性,经办人须通过统一认证，当前任职身份在办理时点有效,阻断；重新选择身份或转授权,所有人工节点,规则版本、命中结果、输入摘要、处理结果
P099,方案变更,中心管理端,R03,组织数据范围,仅能查看和处理授权中心、部门、岗位或本人数据,拒绝访问并审计,查询/处理/导出,规则版本、命中结果、输入摘要、处理结果
P099,方案变更,中心管理端,R04,必填与格式,必填、类型、长度、时间区间、金额精度须通过服务端校验,退回当前表单,提交前,规则版本、命中结果、输入摘要、处理结果
P099,方案变更,中心管理端,R05,状态迁移,仅允许按已发布状态机迁移；重复回调返回原结果,阻断非法迁移,节点提交/回调,规则版本、命中结果、输入摘要、处理结果
P099,方案变更,中心管理端,R06,附件安全,附件完成病毒、格式、大小、敏感内容和权限校验,隔离附件并要求补充,上传/下载,规则版本、命中结果、输入摘要、处理结果
P099,方案变更,中心管理端,R07,敏感字段,P2/P3字段按最小必要显示；导出需审批、水印、短链和二次认证,拒绝或脱敏,查看/导出,规则版本、命中结果、输入摘要、处理结果
P099,方案变更,中心管理端,R08,版本一致性,历史实例固定流程、规则、表单和字典版本,版本冲突时禁止提交,保存/提交,规则版本、命中结果、输入摘要、处理结果
P099,方案变更,中心管理端,R09,关闭条件,关闭前必须完成必选子任务、结算/回执、异常和归档检查,转整改/待关闭,关闭节点,规则版本、命中结果、输入摘要、处理结果
P099,方案变更,中心管理端,R10,审计证据链,关键操作保留操作者、身份、时间、前后值、原因、哈希和请求ID,关键审计失败则阻断,全流程,规则版本、命中结果、输入摘要、处理结果
P099,方案变更,中心管理端,R11,金额与预算,金额非负，核定金额不超申请与可用预算，币种税率匹配规则,阻断并提示差异,金额保存/付款前,规则版本、命中结果、输入摘要、处理结果
P099,方案变更,中心管理端,R12,票据防重,发票代码、号码、日期、金额和影像哈希联合防重,阻断重复报销/付款,票据提交,规则版本、命中结果、输入摘要、处理结果
P099,方案变更,中心管理端,,,,,,
P100,活动策划移交,中心管理端,R01,唯一性与幂等,同一业务对象、节点和幂等键不得重复创建有效单据,阻断并返回已有单号,所有提交/接口,规则版本、命中结果、输入摘要、处理结果
P100,活动策划移交,中心管理端,R02,身份与任职有效性,经办人须通过统一认证，当前任职身份在办理时点有效,阻断；重新选择身份或转授权,所有人工节点,规则版本、命中结果、输入摘要、处理结果
P100,活动策划移交,中心管理端,R03,组织数据范围,仅能查看和处理授权中心、部门、岗位或本人数据,拒绝访问并审计,查询/处理/导出,规则版本、命中结果、输入摘要、处理结果
P100,活动策划移交,中心管理端,R04,必填与格式,必填、类型、长度、时间区间、金额精度须通过服务端校验,退回当前表单,提交前,规则版本、命中结果、输入摘要、处理结果
P100,活动策划移交,中心管理端,R05,状态迁移,仅允许按已发布状态机迁移；重复回调返回原结果,阻断非法迁移,节点提交/回调,规则版本、命中结果、输入摘要、处理结果
P100,活动策划移交,中心管理端,R06,附件安全,附件完成病毒、格式、大小、敏感内容和权限校验,隔离附件并要求补充,上传/下载,规则版本、命中结果、输入摘要、处理结果
P100,活动策划移交,中心管理端,R07,敏感字段,P2/P3字段按最小必要显示；导出需审批、水印、短链和二次认证,拒绝或脱敏,查看/导出,规则版本、命中结果、输入摘要、处理结果
P100,活动策划移交,中心管理端,R08,版本一致性,历史实例固定流程、规则、表单和字典版本,版本冲突时禁止提交,保存/提交,规则版本、命中结果、输入摘要、处理结果
P100,活动策划移交,中心管理端,R09,关闭条件,关闭前必须完成必选子任务、结算/回执、异常和归档检查,转整改/待关闭,关闭节点,规则版本、命中结果、输入摘要、处理结果
P100,活动策划移交,中心管理端,R10,审计证据链,关键操作保留操作者、身份、时间、前后值、原因、哈希和请求ID,关键审计失败则阻断,全流程,规则版本、命中结果、输入摘要、处理结果
P100,活动策划移交,中心管理端,,,,,,
P101,产品上架,中心管理端,R01,唯一性与幂等,同一业务对象、节点和幂等键不得重复创建有效单据,阻断并返回已有单号,所有提交/接口,规则版本、命中结果、输入摘要、处理结果
P101,产品上架,中心管理端,R02,身份与任职有效性,经办人须通过统一认证，当前任职身份在办理时点有效,阻断；重新选择身份或转授权,所有人工节点,规则版本、命中结果、输入摘要、处理结果
P101,产品上架,中心管理端,R03,组织数据范围,仅能查看和处理授权中心、部门、岗位或本人数据,拒绝访问并审计,查询/处理/导出,规则版本、命中结果、输入摘要、处理结果
P101,产品上架,中心管理端,R04,必填与格式,必填、类型、长度、时间区间、金额精度须通过服务端校验,退回当前表单,提交前,规则版本、命中结果、输入摘要、处理结果
P101,产品上架,中心管理端,R05,状态迁移,仅允许按已发布状态机迁移；重复回调返回原结果,阻断非法迁移,节点提交/回调,规则版本、命中结果、输入摘要、处理结果
P101,产品上架,中心管理端,R06,附件安全,附件完成病毒、格式、大小、敏感内容和权限校验,隔离附件并要求补充,上传/下载,规则版本、命中结果、输入摘要、处理结果
P101,产品上架,中心管理端,R07,敏感字段,P2/P3字段按最小必要显示；导出需审批、水印、短链和二次认证,拒绝或脱敏,查看/导出,规则版本、命中结果、输入摘要、处理结果
P101,产品上架,中心管理端,R08,版本一致性,历史实例固定流程、规则、表单和字典版本,版本冲突时禁止提交,保存/提交,规则版本、命中结果、输入摘要、处理结果
P101,产品上架,中心管理端,R09,关闭条件,关闭前必须完成必选子任务、结算/回执、异常和归档检查,转整改/待关闭,关闭节点,规则版本、命中结果、输入摘要、处理结果
P101,产品上架,中心管理端,R10,审计证据链,关键操作保留操作者、身份、时间、前后值、原因、哈希和请求ID,关键审计失败则阻断,全流程,规则版本、命中结果、输入摘要、处理结果
P101,产品上架,中心管理端,R11,订单票码一致性,订单、支付、票码、核销、退款状态最终一致；冻结票码不得核销,进入差异队列,核销/退款,规则版本、命中结果、输入摘要、处理结果
P101,产品上架,中心管理端,R12,防重复核销,同一票码同一权益仅成功核销一次，离线回传幂等合并,返回原结果/转差异,核销,规则版本、命中结果、输入摘要、处理结果
P101,产品上架,中心管理端,R11,库存非负与锁定,可用量=账面量-锁定量，出库不得导致负库存,阻断并提示缺口,锁定/出库,规则版本、命中结果、输入摘要、处理结果
P101,产品上架,中心管理端,R12,批次序列追溯,需追溯物品必须一物一码/一批一码，状态变更保留流水,阻断无编码操作,入库/出库/报损,规则版本、命中结果、输入摘要、处理结果
P101,产品上架,中心管理端,,,,,,
P102,OTA订单,中心管理端,R01,唯一性与幂等,同一业务对象、节点和幂等键不得重复创建有效单据,阻断并返回已有单号,所有提交/接口,规则版本、命中结果、输入摘要、处理结果
P102,OTA订单,中心管理端,R02,身份与任职有效性,经办人须通过统一认证，当前任职身份在办理时点有效,阻断；重新选择身份或转授权,所有人工节点,规则版本、命中结果、输入摘要、处理结果
P102,OTA订单,中心管理端,R03,组织数据范围,仅能查看和处理授权中心、部门、岗位或本人数据,拒绝访问并审计,查询/处理/导出,规则版本、命中结果、输入摘要、处理结果
P102,OTA订单,中心管理端,R04,必填与格式,必填、类型、长度、时间区间、金额精度须通过服务端校验,退回当前表单,提交前,规则版本、命中结果、输入摘要、处理结果
P102,OTA订单,中心管理端,R05,状态迁移,仅允许按已发布状态机迁移；重复回调返回原结果,阻断非法迁移,节点提交/回调,规则版本、命中结果、输入摘要、处理结果
P102,OTA订单,中心管理端,R06,附件安全,附件完成病毒、格式、大小、敏感内容和权限校验,隔离附件并要求补充,上传/下载,规则版本、命中结果、输入摘要、处理结果
P102,OTA订单,中心管理端,R07,敏感字段,P2/P3字段按最小必要显示；导出需审批、水印、短链和二次认证,拒绝或脱敏,查看/导出,规则版本、命中结果、输入摘要、处理结果
P102,OTA订单,中心管理端,R08,版本一致性,历史实例固定流程、规则、表单和字典版本,版本冲突时禁止提交,保存/提交,规则版本、命中结果、输入摘要、处理结果
P102,OTA订单,中心管理端,R09,关闭条件,关闭前必须完成必选子任务、结算/回执、异常和归档检查,转整改/待关闭,关闭节点,规则版本、命中结果、输入摘要、处理结果
P102,OTA订单,中心管理端,R10,审计证据链,关键操作保留操作者、身份、时间、前后值、原因、哈希和请求ID,关键审计失败则阻断,全流程,规则版本、命中结果、输入摘要、处理结果
P102,OTA订单,中心管理端,R11,金额与预算,金额非负，核定金额不超申请与可用预算，币种税率匹配规则,阻断并提示差异,金额保存/付款前,规则版本、命中结果、输入摘要、处理结果
P102,OTA订单,中心管理端,R12,票据防重,发票代码、号码、日期、金额和影像哈希联合防重,阻断重复报销/付款,票据提交,规则版本、命中结果、输入摘要、处理结果
P102,OTA订单,中心管理端,R11,订单票码一致性,订单、支付、票码、核销、退款状态最终一致；冻结票码不得核销,进入差异队列,核销/退款,规则版本、命中结果、输入摘要、处理结果
P102,OTA订单,中心管理端,R12,防重复核销,同一票码同一权益仅成功核销一次，离线回传幂等合并,返回原结果/转差异,核销,规则版本、命中结果、输入摘要、处理结果
P102,OTA订单,中心管理端,R11,库存非负与锁定,可用量=账面量-锁定量，出库不得导致负库存,阻断并提示缺口,锁定/出库,规则版本、命中结果、输入摘要、处理结果
P102,OTA订单,中心管理端,R12,批次序列追溯,需追溯物品必须一物一码/一批一码，状态变更保留流水,阻断无编码操作,入库/出库/报损,规则版本、命中结果、输入摘要、处理结果
P102,OTA订单,中心管理端,,,,,,
P103,退款,中心管理端,R01,唯一性与幂等,同一业务对象、节点和幂等键不得重复创建有效单据,阻断并返回已有单号,所有提交/接口,规则版本、命中结果、输入摘要、处理结果
P103,退款,中心管理端,R02,身份与任职有效性,经办人须通过统一认证，当前任职身份在办理时点有效,阻断；重新选择身份或转授权,所有人工节点,规则版本、命中结果、输入摘要、处理结果
P103,退款,中心管理端,R03,组织数据范围,仅能查看和处理授权中心、部门、岗位或本人数据,拒绝访问并审计,查询/处理/导出,规则版本、命中结果、输入摘要、处理结果
P103,退款,中心管理端,R04,必填与格式,必填、类型、长度、时间区间、金额精度须通过服务端校验,退回当前表单,提交前,规则版本、命中结果、输入摘要、处理结果
P103,退款,中心管理端,R05,状态迁移,仅允许按已发布状态机迁移；重复回调返回原结果,阻断非法迁移,节点提交/回调,规则版本、命中结果、输入摘要、处理结果
P103,退款,中心管理端,R06,附件安全,附件完成病毒、格式、大小、敏感内容和权限校验,隔离附件并要求补充,上传/下载,规则版本、命中结果、输入摘要、处理结果
P103,退款,中心管理端,R07,敏感字段,P2/P3字段按最小必要显示；导出需审批、水印、短链和二次认证,拒绝或脱敏,查看/导出,规则版本、命中结果、输入摘要、处理结果
P103,退款,中心管理端,R08,版本一致性,历史实例固定流程、规则、表单和字典版本,版本冲突时禁止提交,保存/提交,规则版本、命中结果、输入摘要、处理结果
P103,退款,中心管理端,R09,关闭条件,关闭前必须完成必选子任务、结算/回执、异常和归档检查,转整改/待关闭,关闭节点,规则版本、命中结果、输入摘要、处理结果
P103,退款,中心管理端,R10,审计证据链,关键操作保留操作者、身份、时间、前后值、原因、哈希和请求ID,关键审计失败则阻断,全流程,规则版本、命中结果、输入摘要、处理结果
P103,退款,中心管理端,R11,金额与预算,金额非负，核定金额不超申请与可用预算，币种税率匹配规则,阻断并提示差异,金额保存/付款前,规则版本、命中结果、输入摘要、处理结果
P103,退款,中心管理端,R12,票据防重,发票代码、号码、日期、金额和影像哈希联合防重,阻断重复报销/付款,票据提交,规则版本、命中结果、输入摘要、处理结果
P103,退款,中心管理端,R11,订单票码一致性,订单、支付、票码、核销、退款状态最终一致；冻结票码不得核销,进入差异队列,核销/退款,规则版本、命中结果、输入摘要、处理结果
P103,退款,中心管理端,R12,防重复核销,同一票码同一权益仅成功核销一次，离线回传幂等合并,返回原结果/转差异,核销,规则版本、命中结果、输入摘要、处理结果
P103,退款,中心管理端,,,,,,
P104,评价客诉,中心管理端,R01,唯一性与幂等,同一业务对象、节点和幂等键不得重复创建有效单据,阻断并返回已有单号,所有提交/接口,规则版本、命中结果、输入摘要、处理结果
P104,评价客诉,中心管理端,R02,身份与任职有效性,经办人须通过统一认证，当前任职身份在办理时点有效,阻断；重新选择身份或转授权,所有人工节点,规则版本、命中结果、输入摘要、处理结果
P104,评价客诉,中心管理端,R03,组织数据范围,仅能查看和处理授权中心、部门、岗位或本人数据,拒绝访问并审计,查询/处理/导出,规则版本、命中结果、输入摘要、处理结果
P104,评价客诉,中心管理端,R04,必填与格式,必填、类型、长度、时间区间、金额精度须通过服务端校验,退回当前表单,提交前,规则版本、命中结果、输入摘要、处理结果
P104,评价客诉,中心管理端,R05,状态迁移,仅允许按已发布状态机迁移；重复回调返回原结果,阻断非法迁移,节点提交/回调,规则版本、命中结果、输入摘要、处理结果
P104,评价客诉,中心管理端,R06,附件安全,附件完成病毒、格式、大小、敏感内容和权限校验,隔离附件并要求补充,上传/下载,规则版本、命中结果、输入摘要、处理结果
P104,评价客诉,中心管理端,R07,敏感字段,P2/P3字段按最小必要显示；导出需审批、水印、短链和二次认证,拒绝或脱敏,查看/导出,规则版本、命中结果、输入摘要、处理结果
P104,评价客诉,中心管理端,R08,版本一致性,历史实例固定流程、规则、表单和字典版本,版本冲突时禁止提交,保存/提交,规则版本、命中结果、输入摘要、处理结果
P104,评价客诉,中心管理端,R09,关闭条件,关闭前必须完成必选子任务、结算/回执、异常和归档检查,转整改/待关闭,关闭节点,规则版本、命中结果、输入摘要、处理结果
P104,评价客诉,中心管理端,R10,审计证据链,关键操作保留操作者、身份、时间、前后值、原因、哈希和请求ID,关键审计失败则阻断,全流程,规则版本、命中结果、输入摘要、处理结果
P104,评价客诉,中心管理端,R11,订单票码一致性,订单、支付、票码、核销、退款状态最终一致；冻结票码不得核销,进入差异队列,核销/退款,规则版本、命中结果、输入摘要、处理结果
P104,评价客诉,中心管理端,R12,防重复核销,同一票码同一权益仅成功核销一次，离线回传幂等合并,返回原结果/转差异,核销,规则版本、命中结果、输入摘要、处理结果
P104,评价客诉,中心管理端,R11,先行止险,人员安全优先；重大事件允许先处置后补单，但不得删除证据,立即升级并锁证,事件触发,规则版本、命中结果、输入摘要、处理结果
P104,评价客诉,中心管理端,R12,唯一案件,同一事件保留一个主案件，相关工单、投诉、维修、赔付为子单,合并或关联已有案件,立案,规则版本、命中结果、输入摘要、处理结果
P104,评价客诉,中心管理端,,,,,,
P105,短视频发布,中心管理端,R01,唯一性与幂等,同一业务对象、节点和幂等键不得重复创建有效单据,阻断并返回已有单号,所有提交/接口,规则版本、命中结果、输入摘要、处理结果
P105,短视频发布,中心管理端,R02,身份与任职有效性,经办人须通过统一认证，当前任职身份在办理时点有效,阻断；重新选择身份或转授权,所有人工节点,规则版本、命中结果、输入摘要、处理结果
P105,短视频发布,中心管理端,R03,组织数据范围,仅能查看和处理授权中心、部门、岗位或本人数据,拒绝访问并审计,查询/处理/导出,规则版本、命中结果、输入摘要、处理结果
P105,短视频发布,中心管理端,R04,必填与格式,必填、类型、长度、时间区间、金额精度须通过服务端校验,退回当前表单,提交前,规则版本、命中结果、输入摘要、处理结果
P105,短视频发布,中心管理端,R05,状态迁移,仅允许按已发布状态机迁移；重复回调返回原结果,阻断非法迁移,节点提交/回调,规则版本、命中结果、输入摘要、处理结果
P105,短视频发布,中心管理端,R06,附件安全,附件完成病毒、格式、大小、敏感内容和权限校验,隔离附件并要求补充,上传/下载,规则版本、命中结果、输入摘要、处理结果
P105,短视频发布,中心管理端,R07,敏感字段,P2/P3字段按最小必要显示；导出需审批、水印、短链和二次认证,拒绝或脱敏,查看/导出,规则版本、命中结果、输入摘要、处理结果
P105,短视频发布,中心管理端,R08,版本一致性,历史实例固定流程、规则、表单和字典版本,版本冲突时禁止提交,保存/提交,规则版本、命中结果、输入摘要、处理结果
P105,短视频发布,中心管理端,R09,关闭条件,关闭前必须完成必选子任务、结算/回执、异常和归档检查,转整改/待关闭,关闭节点,规则版本、命中结果、输入摘要、处理结果
P105,短视频发布,中心管理端,R10,审计证据链,关键操作保留操作者、身份、时间、前后值、原因、哈希和请求ID,关键审计失败则阻断,全流程,规则版本、命中结果、输入摘要、处理结果
P105,短视频发布,中心管理端,,,,,,
P106,直播执行,中心管理端,R01,唯一性与幂等,同一业务对象、节点和幂等键不得重复创建有效单据,阻断并返回已有单号,所有提交/接口,规则版本、命中结果、输入摘要、处理结果
P106,直播执行,中心管理端,R02,身份与任职有效性,经办人须通过统一认证，当前任职身份在办理时点有效,阻断；重新选择身份或转授权,所有人工节点,规则版本、命中结果、输入摘要、处理结果
P106,直播执行,中心管理端,R03,组织数据范围,仅能查看和处理授权中心、部门、岗位或本人数据,拒绝访问并审计,查询/处理/导出,规则版本、命中结果、输入摘要、处理结果
P106,直播执行,中心管理端,R04,必填与格式,必填、类型、长度、时间区间、金额精度须通过服务端校验,退回当前表单,提交前,规则版本、命中结果、输入摘要、处理结果
P106,直播执行,中心管理端,R05,状态迁移,仅允许按已发布状态机迁移；重复回调返回原结果,阻断非法迁移,节点提交/回调,规则版本、命中结果、输入摘要、处理结果
P106,直播执行,中心管理端,R06,附件安全,附件完成病毒、格式、大小、敏感内容和权限校验,隔离附件并要求补充,上传/下载,规则版本、命中结果、输入摘要、处理结果
P106,直播执行,中心管理端,R07,敏感字段,P2/P3字段按最小必要显示；导出需审批、水印、短链和二次认证,拒绝或脱敏,查看/导出,规则版本、命中结果、输入摘要、处理结果
P106,直播执行,中心管理端,R08,版本一致性,历史实例固定流程、规则、表单和字典版本,版本冲突时禁止提交,保存/提交,规则版本、命中结果、输入摘要、处理结果
P106,直播执行,中心管理端,R09,关闭条件,关闭前必须完成必选子任务、结算/回执、异常和归档检查,转整改/待关闭,关闭节点,规则版本、命中结果、输入摘要、处理结果
P106,直播执行,中心管理端,R10,审计证据链,关键操作保留操作者、身份、时间、前后值、原因、哈希和请求ID,关键审计失败则阻断,全流程,规则版本、命中结果、输入摘要、处理结果
P106,直播执行,中心管理端,R11,时间重叠,假勤、排班、加班区间不得与已生效记录冲突,阻断或转例外审批,时间提交,规则版本、命中结果、输入摘要、处理结果
P106,直播执行,中心管理端,R12,额度账本,额度只通过预占、扣减、释放和差额调整流水变更,转账本调整单,审批/销假,规则版本、命中结果、输入摘要、处理结果
P106,直播执行,中心管理端,R11,订单票码一致性,订单、支付、票码、核销、退款状态最终一致；冻结票码不得核销,进入差异队列,核销/退款,规则版本、命中结果、输入摘要、处理结果
P106,直播执行,中心管理端,R12,防重复核销,同一票码同一权益仅成功核销一次，离线回传幂等合并,返回原结果/转差异,核销,规则版本、命中结果、输入摘要、处理结果
P106,直播执行,中心管理端,,,,,,
P107,投放,中心管理端,R01,唯一性与幂等,同一业务对象、节点和幂等键不得重复创建有效单据,阻断并返回已有单号,所有提交/接口,规则版本、命中结果、输入摘要、处理结果
P107,投放,中心管理端,R02,身份与任职有效性,经办人须通过统一认证，当前任职身份在办理时点有效,阻断；重新选择身份或转授权,所有人工节点,规则版本、命中结果、输入摘要、处理结果
P107,投放,中心管理端,R03,组织数据范围,仅能查看和处理授权中心、部门、岗位或本人数据,拒绝访问并审计,查询/处理/导出,规则版本、命中结果、输入摘要、处理结果
P107,投放,中心管理端,R04,必填与格式,必填、类型、长度、时间区间、金额精度须通过服务端校验,退回当前表单,提交前,规则版本、命中结果、输入摘要、处理结果
P107,投放,中心管理端,R05,状态迁移,仅允许按已发布状态机迁移；重复回调返回原结果,阻断非法迁移,节点提交/回调,规则版本、命中结果、输入摘要、处理结果
P107,投放,中心管理端,R06,附件安全,附件完成病毒、格式、大小、敏感内容和权限校验,隔离附件并要求补充,上传/下载,规则版本、命中结果、输入摘要、处理结果
P107,投放,中心管理端,R07,敏感字段,P2/P3字段按最小必要显示；导出需审批、水印、短链和二次认证,拒绝或脱敏,查看/导出,规则版本、命中结果、输入摘要、处理结果
P107,投放,中心管理端,R08,版本一致性,历史实例固定流程、规则、表单和字典版本,版本冲突时禁止提交,保存/提交,规则版本、命中结果、输入摘要、处理结果
P107,投放,中心管理端,R09,关闭条件,关闭前必须完成必选子任务、结算/回执、异常和归档检查,转整改/待关闭,关闭节点,规则版本、命中结果、输入摘要、处理结果
P107,投放,中心管理端,R10,审计证据链,关键操作保留操作者、身份、时间、前后值、原因、哈希和请求ID,关键审计失败则阻断,全流程,规则版本、命中结果、输入摘要、处理结果
P107,投放,中心管理端,R11,金额与预算,金额非负，核定金额不超申请与可用预算，币种税率匹配规则,阻断并提示差异,金额保存/付款前,规则版本、命中结果、输入摘要、处理结果
P107,投放,中心管理端,R12,票据防重,发票代码、号码、日期、金额和影像哈希联合防重,阻断重复报销/付款,票据提交,规则版本、命中结果、输入摘要、处理结果
P107,投放,中心管理端,,,,,,
P108,舆情,中心管理端,R01,唯一性与幂等,同一业务对象、节点和幂等键不得重复创建有效单据,阻断并返回已有单号,所有提交/接口,规则版本、命中结果、输入摘要、处理结果
P108,舆情,中心管理端,R02,身份与任职有效性,经办人须通过统一认证，当前任职身份在办理时点有效,阻断；重新选择身份或转授权,所有人工节点,规则版本、命中结果、输入摘要、处理结果
P108,舆情,中心管理端,R03,组织数据范围,仅能查看和处理授权中心、部门、岗位或本人数据,拒绝访问并审计,查询/处理/导出,规则版本、命中结果、输入摘要、处理结果
P108,舆情,中心管理端,R04,必填与格式,必填、类型、长度、时间区间、金额精度须通过服务端校验,退回当前表单,提交前,规则版本、命中结果、输入摘要、处理结果
P108,舆情,中心管理端,R05,状态迁移,仅允许按已发布状态机迁移；重复回调返回原结果,阻断非法迁移,节点提交/回调,规则版本、命中结果、输入摘要、处理结果
P108,舆情,中心管理端,R06,附件安全,附件完成病毒、格式、大小、敏感内容和权限校验,隔离附件并要求补充,上传/下载,规则版本、命中结果、输入摘要、处理结果
P108,舆情,中心管理端,R07,敏感字段,P2/P3字段按最小必要显示；导出需审批、水印、短链和二次认证,拒绝或脱敏,查看/导出,规则版本、命中结果、输入摘要、处理结果
P108,舆情,中心管理端,R08,版本一致性,历史实例固定流程、规则、表单和字典版本,版本冲突时禁止提交,保存/提交,规则版本、命中结果、输入摘要、处理结果
P108,舆情,中心管理端,R09,关闭条件,关闭前必须完成必选子任务、结算/回执、异常和归档检查,转整改/待关闭,关闭节点,规则版本、命中结果、输入摘要、处理结果
P108,舆情,中心管理端,R10,审计证据链,关键操作保留操作者、身份、时间、前后值、原因、哈希和请求ID,关键审计失败则阻断,全流程,规则版本、命中结果、输入摘要、处理结果
P108,舆情,中心管理端,R11,先行止险,人员安全优先；重大事件允许先处置后补单，但不得删除证据,立即升级并锁证,事件触发,规则版本、命中结果、输入摘要、处理结果
P108,舆情,中心管理端,R12,唯一案件,同一事件保留一个主案件，相关工单、投诉、维修、赔付为子单,合并或关联已有案件,立案,规则版本、命中结果、输入摘要、处理结果
P108,舆情,中心管理端,,,,,,
P109,品牌授权,中心管理端,R01,唯一性与幂等,同一业务对象、节点和幂等键不得重复创建有效单据,阻断并返回已有单号,所有提交/接口,规则版本、命中结果、输入摘要、处理结果
P109,品牌授权,中心管理端,R02,身份与任职有效性,经办人须通过统一认证，当前任职身份在办理时点有效,阻断；重新选择身份或转授权,所有人工节点,规则版本、命中结果、输入摘要、处理结果
P109,品牌授权,中心管理端,R03,组织数据范围,仅能查看和处理授权中心、部门、岗位或本人数据,拒绝访问并审计,查询/处理/导出,规则版本、命中结果、输入摘要、处理结果
P109,品牌授权,中心管理端,R04,必填与格式,必填、类型、长度、时间区间、金额精度须通过服务端校验,退回当前表单,提交前,规则版本、命中结果、输入摘要、处理结果
P109,品牌授权,中心管理端,R05,状态迁移,仅允许按已发布状态机迁移；重复回调返回原结果,阻断非法迁移,节点提交/回调,规则版本、命中结果、输入摘要、处理结果
P109,品牌授权,中心管理端,R06,附件安全,附件完成病毒、格式、大小、敏感内容和权限校验,隔离附件并要求补充,上传/下载,规则版本、命中结果、输入摘要、处理结果
P109,品牌授权,中心管理端,R07,敏感字段,P2/P3字段按最小必要显示；导出需审批、水印、短链和二次认证,拒绝或脱敏,查看/导出,规则版本、命中结果、输入摘要、处理结果
P109,品牌授权,中心管理端,R08,版本一致性,历史实例固定流程、规则、表单和字典版本,版本冲突时禁止提交,保存/提交,规则版本、命中结果、输入摘要、处理结果
P109,品牌授权,中心管理端,R09,关闭条件,关闭前必须完成必选子任务、结算/回执、异常和归档检查,转整改/待关闭,关闭节点,规则版本、命中结果、输入摘要、处理结果
P109,品牌授权,中心管理端,R10,审计证据链,关键操作保留操作者、身份、时间、前后值、原因、哈希和请求ID,关键审计失败则阻断,全流程,规则版本、命中结果、输入摘要、处理结果
P109,品牌授权,中心管理端,R11,先行止险,人员安全优先；重大事件允许先处置后补单，但不得删除证据,立即升级并锁证,事件触发,规则版本、命中结果、输入摘要、处理结果
P109,品牌授权,中心管理端,R12,唯一案件,同一事件保留一个主案件，相关工单、投诉、维修、赔付为子单,合并或关联已有案件,立案,规则版本、命中结果、输入摘要、处理结果
P109,品牌授权,中心管理端,,,,,,
P110,物料审核,中心管理端,R01,唯一性与幂等,同一业务对象、节点和幂等键不得重复创建有效单据,阻断并返回已有单号,所有提交/接口,规则版本、命中结果、输入摘要、处理结果
P110,物料审核,中心管理端,R02,身份与任职有效性,经办人须通过统一认证，当前任职身份在办理时点有效,阻断；重新选择身份或转授权,所有人工节点,规则版本、命中结果、输入摘要、处理结果
P110,物料审核,中心管理端,R03,组织数据范围,仅能查看和处理授权中心、部门、岗位或本人数据,拒绝访问并审计,查询/处理/导出,规则版本、命中结果、输入摘要、处理结果
P110,物料审核,中心管理端,R04,必填与格式,必填、类型、长度、时间区间、金额精度须通过服务端校验,退回当前表单,提交前,规则版本、命中结果、输入摘要、处理结果
P110,物料审核,中心管理端,R05,状态迁移,仅允许按已发布状态机迁移；重复回调返回原结果,阻断非法迁移,节点提交/回调,规则版本、命中结果、输入摘要、处理结果
P110,物料审核,中心管理端,R06,附件安全,附件完成病毒、格式、大小、敏感内容和权限校验,隔离附件并要求补充,上传/下载,规则版本、命中结果、输入摘要、处理结果
P110,物料审核,中心管理端,R07,敏感字段,P2/P3字段按最小必要显示；导出需审批、水印、短链和二次认证,拒绝或脱敏,查看/导出,规则版本、命中结果、输入摘要、处理结果
P110,物料审核,中心管理端,R08,版本一致性,历史实例固定流程、规则、表单和字典版本,版本冲突时禁止提交,保存/提交,规则版本、命中结果、输入摘要、处理结果
P110,物料审核,中心管理端,R09,关闭条件,关闭前必须完成必选子任务、结算/回执、异常和归档检查,转整改/待关闭,关闭节点,规则版本、命中结果、输入摘要、处理结果
P110,物料审核,中心管理端,R10,审计证据链,关键操作保留操作者、身份、时间、前后值、原因、哈希和请求ID,关键审计失败则阻断,全流程,规则版本、命中结果、输入摘要、处理结果
P110,物料审核,中心管理端,,,,,,
P111,侵权处理,中心管理端,R01,唯一性与幂等,同一业务对象、节点和幂等键不得重复创建有效单据,阻断并返回已有单号,所有提交/接口,规则版本、命中结果、输入摘要、处理结果
P111,侵权处理,中心管理端,R02,身份与任职有效性,经办人须通过统一认证，当前任职身份在办理时点有效,阻断；重新选择身份或转授权,所有人工节点,规则版本、命中结果、输入摘要、处理结果
P111,侵权处理,中心管理端,R03,组织数据范围,仅能查看和处理授权中心、部门、岗位或本人数据,拒绝访问并审计,查询/处理/导出,规则版本、命中结果、输入摘要、处理结果
P111,侵权处理,中心管理端,R04,必填与格式,必填、类型、长度、时间区间、金额精度须通过服务端校验,退回当前表单,提交前,规则版本、命中结果、输入摘要、处理结果
P111,侵权处理,中心管理端,R05,状态迁移,仅允许按已发布状态机迁移；重复回调返回原结果,阻断非法迁移,节点提交/回调,规则版本、命中结果、输入摘要、处理结果
P111,侵权处理,中心管理端,R06,附件安全,附件完成病毒、格式、大小、敏感内容和权限校验,隔离附件并要求补充,上传/下载,规则版本、命中结果、输入摘要、处理结果
P111,侵权处理,中心管理端,R07,敏感字段,P2/P3字段按最小必要显示；导出需审批、水印、短链和二次认证,拒绝或脱敏,查看/导出,规则版本、命中结果、输入摘要、处理结果
P111,侵权处理,中心管理端,R08,版本一致性,历史实例固定流程、规则、表单和字典版本,版本冲突时禁止提交,保存/提交,规则版本、命中结果、输入摘要、处理结果
P111,侵权处理,中心管理端,R09,关闭条件,关闭前必须完成必选子任务、结算/回执、异常和归档检查,转整改/待关闭,关闭节点,规则版本、命中结果、输入摘要、处理结果
P111,侵权处理,中心管理端,R10,审计证据链,关键操作保留操作者、身份、时间、前后值、原因、哈希和请求ID,关键审计失败则阻断,全流程,规则版本、命中结果、输入摘要、处理结果
P111,侵权处理,中心管理端,R11,先行止险,人员安全优先；重大事件允许先处置后补单，但不得删除证据,立即升级并锁证,事件触发,规则版本、命中结果、输入摘要、处理结果
P111,侵权处理,中心管理端,R12,唯一案件,同一事件保留一个主案件，相关工单、投诉、维修、赔付为子单,合并或关联已有案件,立案,规则版本、命中结果、输入摘要、处理结果
P111,侵权处理,中心管理端,,,,,,
P112,标准接待,中心管理端,R01,唯一性与幂等,同一业务对象、节点和幂等键不得重复创建有效单据,阻断并返回已有单号,所有提交/接口,规则版本、命中结果、输入摘要、处理结果
P112,标准接待,中心管理端,R02,身份与任职有效性,经办人须通过统一认证，当前任职身份在办理时点有效,阻断；重新选择身份或转授权,所有人工节点,规则版本、命中结果、输入摘要、处理结果
P112,标准接待,中心管理端,R03,组织数据范围,仅能查看和处理授权中心、部门、岗位或本人数据,拒绝访问并审计,查询/处理/导出,规则版本、命中结果、输入摘要、处理结果
P112,标准接待,中心管理端,R04,必填与格式,必填、类型、长度、时间区间、金额精度须通过服务端校验,退回当前表单,提交前,规则版本、命中结果、输入摘要、处理结果
P112,标准接待,中心管理端,R05,状态迁移,仅允许按已发布状态机迁移；重复回调返回原结果,阻断非法迁移,节点提交/回调,规则版本、命中结果、输入摘要、处理结果
P112,标准接待,中心管理端,R06,附件安全,附件完成病毒、格式、大小、敏感内容和权限校验,隔离附件并要求补充,上传/下载,规则版本、命中结果、输入摘要、处理结果
P112,标准接待,中心管理端,R07,敏感字段,P2/P3字段按最小必要显示；导出需审批、水印、短链和二次认证,拒绝或脱敏,查看/导出,规则版本、命中结果、输入摘要、处理结果
P112,标准接待,中心管理端,R08,版本一致性,历史实例固定流程、规则、表单和字典版本,版本冲突时禁止提交,保存/提交,规则版本、命中结果、输入摘要、处理结果
P112,标准接待,中心管理端,R09,关闭条件,关闭前必须完成必选子任务、结算/回执、异常和归档检查,转整改/待关闭,关闭节点,规则版本、命中结果、输入摘要、处理结果
P112,标准接待,中心管理端,R10,审计证据链,关键操作保留操作者、身份、时间、前后值、原因、哈希和请求ID,关键审计失败则阻断,全流程,规则版本、命中结果、输入摘要、处理结果
P112,标准接待,中心管理端,R11,金额与预算,金额非负，核定金额不超申请与可用预算，币种税率匹配规则,阻断并提示差异,金额保存/付款前,规则版本、命中结果、输入摘要、处理结果
P112,标准接待,中心管理端,R12,票据防重,发票代码、号码、日期、金额和影像哈希联合防重,阻断重复报销/付款,票据提交,规则版本、命中结果、输入摘要、处理结果
P112,标准接待,中心管理端,,,,,,
P113,临时变更,中心管理端,R01,唯一性与幂等,同一业务对象、节点和幂等键不得重复创建有效单据,阻断并返回已有单号,所有提交/接口,规则版本、命中结果、输入摘要、处理结果
P113,临时变更,中心管理端,R02,身份与任职有效性,经办人须通过统一认证，当前任职身份在办理时点有效,阻断；重新选择身份或转授权,所有人工节点,规则版本、命中结果、输入摘要、处理结果
P113,临时变更,中心管理端,R03,组织数据范围,仅能查看和处理授权中心、部门、岗位或本人数据,拒绝访问并审计,查询/处理/导出,规则版本、命中结果、输入摘要、处理结果
P113,临时变更,中心管理端,R04,必填与格式,必填、类型、长度、时间区间、金额精度须通过服务端校验,退回当前表单,提交前,规则版本、命中结果、输入摘要、处理结果
P113,临时变更,中心管理端,R05,状态迁移,仅允许按已发布状态机迁移；重复回调返回原结果,阻断非法迁移,节点提交/回调,规则版本、命中结果、输入摘要、处理结果
P113,临时变更,中心管理端,R06,附件安全,附件完成病毒、格式、大小、敏感内容和权限校验,隔离附件并要求补充,上传/下载,规则版本、命中结果、输入摘要、处理结果
P113,临时变更,中心管理端,R07,敏感字段,P2/P3字段按最小必要显示；导出需审批、水印、短链和二次认证,拒绝或脱敏,查看/导出,规则版本、命中结果、输入摘要、处理结果
P113,临时变更,中心管理端,R08,版本一致性,历史实例固定流程、规则、表单和字典版本,版本冲突时禁止提交,保存/提交,规则版本、命中结果、输入摘要、处理结果
P113,临时变更,中心管理端,R09,关闭条件,关闭前必须完成必选子任务、结算/回执、异常和归档检查,转整改/待关闭,关闭节点,规则版本、命中结果、输入摘要、处理结果
P113,临时变更,中心管理端,R10,审计证据链,关键操作保留操作者、身份、时间、前后值、原因、哈希和请求ID,关键审计失败则阻断,全流程,规则版本、命中结果、输入摘要、处理结果
P113,临时变更,中心管理端,,,,,,
P114,导游执行,中心管理端,R01,唯一性与幂等,同一业务对象、节点和幂等键不得重复创建有效单据,阻断并返回已有单号,所有提交/接口,规则版本、命中结果、输入摘要、处理结果
P114,导游执行,中心管理端,R02,身份与任职有效性,经办人须通过统一认证，当前任职身份在办理时点有效,阻断；重新选择身份或转授权,所有人工节点,规则版本、命中结果、输入摘要、处理结果
P114,导游执行,中心管理端,R03,组织数据范围,仅能查看和处理授权中心、部门、岗位或本人数据,拒绝访问并审计,查询/处理/导出,规则版本、命中结果、输入摘要、处理结果
P114,导游执行,中心管理端,R04,必填与格式,必填、类型、长度、时间区间、金额精度须通过服务端校验,退回当前表单,提交前,规则版本、命中结果、输入摘要、处理结果
P114,导游执行,中心管理端,R05,状态迁移,仅允许按已发布状态机迁移；重复回调返回原结果,阻断非法迁移,节点提交/回调,规则版本、命中结果、输入摘要、处理结果
P114,导游执行,中心管理端,R06,附件安全,附件完成病毒、格式、大小、敏感内容和权限校验,隔离附件并要求补充,上传/下载,规则版本、命中结果、输入摘要、处理结果
P114,导游执行,中心管理端,R07,敏感字段,P2/P3字段按最小必要显示；导出需审批、水印、短链和二次认证,拒绝或脱敏,查看/导出,规则版本、命中结果、输入摘要、处理结果
P114,导游执行,中心管理端,R08,版本一致性,历史实例固定流程、规则、表单和字典版本,版本冲突时禁止提交,保存/提交,规则版本、命中结果、输入摘要、处理结果
P114,导游执行,中心管理端,R09,关闭条件,关闭前必须完成必选子任务、结算/回执、异常和归档检查,转整改/待关闭,关闭节点,规则版本、命中结果、输入摘要、处理结果
P114,导游执行,中心管理端,R10,审计证据链,关键操作保留操作者、身份、时间、前后值、原因、哈希和请求ID,关键审计失败则阻断,全流程,规则版本、命中结果、输入摘要、处理结果
P114,导游执行,中心管理端,R11,时间重叠,假勤、排班、加班区间不得与已生效记录冲突,阻断或转例外审批,时间提交,规则版本、命中结果、输入摘要、处理结果
P114,导游执行,中心管理端,R12,额度账本,额度只通过预占、扣减、释放和差额调整流水变更,转账本调整单,审批/销假,规则版本、命中结果、输入摘要、处理结果
P114,导游执行,中心管理端,R11,订单票码一致性,订单、支付、票码、核销、退款状态最终一致；冻结票码不得核销,进入差异队列,核销/退款,规则版本、命中结果、输入摘要、处理结果
P114,导游执行,中心管理端,R12,防重复核销,同一票码同一权益仅成功核销一次，离线回传幂等合并,返回原结果/转差异,核销,规则版本、命中结果、输入摘要、处理结果
P114,导游执行,中心管理端,,,,,,
P115,接待客诉,中心管理端,R01,唯一性与幂等,同一业务对象、节点和幂等键不得重复创建有效单据,阻断并返回已有单号,所有提交/接口,规则版本、命中结果、输入摘要、处理结果
P115,接待客诉,中心管理端,R02,身份与任职有效性,经办人须通过统一认证，当前任职身份在办理时点有效,阻断；重新选择身份或转授权,所有人工节点,规则版本、命中结果、输入摘要、处理结果
P115,接待客诉,中心管理端,R03,组织数据范围,仅能查看和处理授权中心、部门、岗位或本人数据,拒绝访问并审计,查询/处理/导出,规则版本、命中结果、输入摘要、处理结果
P115,接待客诉,中心管理端,R04,必填与格式,必填、类型、长度、时间区间、金额精度须通过服务端校验,退回当前表单,提交前,规则版本、命中结果、输入摘要、处理结果
P115,接待客诉,中心管理端,R05,状态迁移,仅允许按已发布状态机迁移；重复回调返回原结果,阻断非法迁移,节点提交/回调,规则版本、命中结果、输入摘要、处理结果
P115,接待客诉,中心管理端,R06,附件安全,附件完成病毒、格式、大小、敏感内容和权限校验,隔离附件并要求补充,上传/下载,规则版本、命中结果、输入摘要、处理结果
P115,接待客诉,中心管理端,R07,敏感字段,P2/P3字段按最小必要显示；导出需审批、水印、短链和二次认证,拒绝或脱敏,查看/导出,规则版本、命中结果、输入摘要、处理结果
P115,接待客诉,中心管理端,R08,版本一致性,历史实例固定流程、规则、表单和字典版本,版本冲突时禁止提交,保存/提交,规则版本、命中结果、输入摘要、处理结果
P115,接待客诉,中心管理端,R09,关闭条件,关闭前必须完成必选子任务、结算/回执、异常和归档检查,转整改/待关闭,关闭节点,规则版本、命中结果、输入摘要、处理结果
P115,接待客诉,中心管理端,R10,审计证据链,关键操作保留操作者、身份、时间、前后值、原因、哈希和请求ID,关键审计失败则阻断,全流程,规则版本、命中结果、输入摘要、处理结果
P115,接待客诉,中心管理端,R11,先行止险,人员安全优先；重大事件允许先处置后补单，但不得删除证据,立即升级并锁证,事件触发,规则版本、命中结果、输入摘要、处理结果
P115,接待客诉,中心管理端,R12,唯一案件,同一事件保留一个主案件，相关工单、投诉、维修、赔付为子单,合并或关联已有案件,立案,规则版本、命中结果、输入摘要、处理结果
P115,接待客诉,中心管理端,,,,,,
P116,线索转商机,中心管理端,R01,唯一性与幂等,同一业务对象、节点和幂等键不得重复创建有效单据,阻断并返回已有单号,所有提交/接口,规则版本、命中结果、输入摘要、处理结果
P116,线索转商机,中心管理端,R02,身份与任职有效性,经办人须通过统一认证，当前任职身份在办理时点有效,阻断；重新选择身份或转授权,所有人工节点,规则版本、命中结果、输入摘要、处理结果
P116,线索转商机,中心管理端,R03,组织数据范围,仅能查看和处理授权中心、部门、岗位或本人数据,拒绝访问并审计,查询/处理/导出,规则版本、命中结果、输入摘要、处理结果
P116,线索转商机,中心管理端,R04,必填与格式,必填、类型、长度、时间区间、金额精度须通过服务端校验,退回当前表单,提交前,规则版本、命中结果、输入摘要、处理结果
P116,线索转商机,中心管理端,R05,状态迁移,仅允许按已发布状态机迁移；重复回调返回原结果,阻断非法迁移,节点提交/回调,规则版本、命中结果、输入摘要、处理结果
P116,线索转商机,中心管理端,R06,附件安全,附件完成病毒、格式、大小、敏感内容和权限校验,隔离附件并要求补充,上传/下载,规则版本、命中结果、输入摘要、处理结果
P116,线索转商机,中心管理端,R07,敏感字段,P2/P3字段按最小必要显示；导出需审批、水印、短链和二次认证,拒绝或脱敏,查看/导出,规则版本、命中结果、输入摘要、处理结果
P116,线索转商机,中心管理端,R08,版本一致性,历史实例固定流程、规则、表单和字典版本,版本冲突时禁止提交,保存/提交,规则版本、命中结果、输入摘要、处理结果
P116,线索转商机,中心管理端,R09,关闭条件,关闭前必须完成必选子任务、结算/回执、异常和归档检查,转整改/待关闭,关闭节点,规则版本、命中结果、输入摘要、处理结果
P116,线索转商机,中心管理端,R10,审计证据链,关键操作保留操作者、身份、时间、前后值、原因、哈希和请求ID,关键审计失败则阻断,全流程,规则版本、命中结果、输入摘要、处理结果
P116,线索转商机,中心管理端,,,,,,
P117,销售成交,中心管理端,R01,唯一性与幂等,同一业务对象、节点和幂等键不得重复创建有效单据,阻断并返回已有单号,所有提交/接口,规则版本、命中结果、输入摘要、处理结果
P117,销售成交,中心管理端,R02,身份与任职有效性,经办人须通过统一认证，当前任职身份在办理时点有效,阻断；重新选择身份或转授权,所有人工节点,规则版本、命中结果、输入摘要、处理结果
P117,销售成交,中心管理端,R03,组织数据范围,仅能查看和处理授权中心、部门、岗位或本人数据,拒绝访问并审计,查询/处理/导出,规则版本、命中结果、输入摘要、处理结果
P117,销售成交,中心管理端,R04,必填与格式,必填、类型、长度、时间区间、金额精度须通过服务端校验,退回当前表单,提交前,规则版本、命中结果、输入摘要、处理结果
P117,销售成交,中心管理端,R05,状态迁移,仅允许按已发布状态机迁移；重复回调返回原结果,阻断非法迁移,节点提交/回调,规则版本、命中结果、输入摘要、处理结果
P117,销售成交,中心管理端,R06,附件安全,附件完成病毒、格式、大小、敏感内容和权限校验,隔离附件并要求补充,上传/下载,规则版本、命中结果、输入摘要、处理结果
P117,销售成交,中心管理端,R07,敏感字段,P2/P3字段按最小必要显示；导出需审批、水印、短链和二次认证,拒绝或脱敏,查看/导出,规则版本、命中结果、输入摘要、处理结果
P117,销售成交,中心管理端,R08,版本一致性,历史实例固定流程、规则、表单和字典版本,版本冲突时禁止提交,保存/提交,规则版本、命中结果、输入摘要、处理结果
P117,销售成交,中心管理端,R09,关闭条件,关闭前必须完成必选子任务、结算/回执、异常和归档检查,转整改/待关闭,关闭节点,规则版本、命中结果、输入摘要、处理结果
P117,销售成交,中心管理端,R10,审计证据链,关键操作保留操作者、身份、时间、前后值、原因、哈希和请求ID,关键审计失败则阻断,全流程,规则版本、命中结果、输入摘要、处理结果
P117,销售成交,中心管理端,R11,金额与预算,金额非负，核定金额不超申请与可用预算，币种税率匹配规则,阻断并提示差异,金额保存/付款前,规则版本、命中结果、输入摘要、处理结果
P117,销售成交,中心管理端,R12,票据防重,发票代码、号码、日期、金额和影像哈希联合防重,阻断重复报销/付款,票据提交,规则版本、命中结果、输入摘要、处理结果
P117,销售成交,中心管理端,R11,订单票码一致性,订单、支付、票码、核销、退款状态最终一致；冻结票码不得核销,进入差异队列,核销/退款,规则版本、命中结果、输入摘要、处理结果
P117,销售成交,中心管理端,R12,防重复核销,同一票码同一权益仅成功核销一次，离线回传幂等合并,返回原结果/转差异,核销,规则版本、命中结果、输入摘要、处理结果
P117,销售成交,中心管理端,R11,文档不可变,签署发起后哈希、主体、顺序和关键数据不可修改,作废并新建批次,签署发起后,规则版本、命中结果、输入摘要、处理结果
P117,销售成交,中心管理端,R12,证据归档,文件、证书、时间戳、回调报文和验签结果成套归档,不得更新为已签署,签署完成,规则版本、命中结果、输入摘要、处理结果
P117,销售成交,中心管理端,,,,,,
P118,二次销售,中心管理端,R01,唯一性与幂等,同一业务对象、节点和幂等键不得重复创建有效单据,阻断并返回已有单号,所有提交/接口,规则版本、命中结果、输入摘要、处理结果
P118,二次销售,中心管理端,R02,身份与任职有效性,经办人须通过统一认证，当前任职身份在办理时点有效,阻断；重新选择身份或转授权,所有人工节点,规则版本、命中结果、输入摘要、处理结果
P118,二次销售,中心管理端,R03,组织数据范围,仅能查看和处理授权中心、部门、岗位或本人数据,拒绝访问并审计,查询/处理/导出,规则版本、命中结果、输入摘要、处理结果
P118,二次销售,中心管理端,R04,必填与格式,必填、类型、长度、时间区间、金额精度须通过服务端校验,退回当前表单,提交前,规则版本、命中结果、输入摘要、处理结果
P118,二次销售,中心管理端,R05,状态迁移,仅允许按已发布状态机迁移；重复回调返回原结果,阻断非法迁移,节点提交/回调,规则版本、命中结果、输入摘要、处理结果
P118,二次销售,中心管理端,R06,附件安全,附件完成病毒、格式、大小、敏感内容和权限校验,隔离附件并要求补充,上传/下载,规则版本、命中结果、输入摘要、处理结果
P118,二次销售,中心管理端,R07,敏感字段,P2/P3字段按最小必要显示；导出需审批、水印、短链和二次认证,拒绝或脱敏,查看/导出,规则版本、命中结果、输入摘要、处理结果
P118,二次销售,中心管理端,R08,版本一致性,历史实例固定流程、规则、表单和字典版本,版本冲突时禁止提交,保存/提交,规则版本、命中结果、输入摘要、处理结果
P118,二次销售,中心管理端,R09,关闭条件,关闭前必须完成必选子任务、结算/回执、异常和归档检查,转整改/待关闭,关闭节点,规则版本、命中结果、输入摘要、处理结果
P118,二次销售,中心管理端,R10,审计证据链,关键操作保留操作者、身份、时间、前后值、原因、哈希和请求ID,关键审计失败则阻断,全流程,规则版本、命中结果、输入摘要、处理结果
P118,二次销售,中心管理端,R11,金额与预算,金额非负，核定金额不超申请与可用预算，币种税率匹配规则,阻断并提示差异,金额保存/付款前,规则版本、命中结果、输入摘要、处理结果
P118,二次销售,中心管理端,R12,票据防重,发票代码、号码、日期、金额和影像哈希联合防重,阻断重复报销/付款,票据提交,规则版本、命中结果、输入摘要、处理结果
P118,二次销售,中心管理端,R11,订单票码一致性,订单、支付、票码、核销、退款状态最终一致；冻结票码不得核销,进入差异队列,核销/退款,规则版本、命中结果、输入摘要、处理结果
P118,二次销售,中心管理端,R12,防重复核销,同一票码同一权益仅成功核销一次，离线回传幂等合并,返回原结果/转差异,核销,规则版本、命中结果、输入摘要、处理结果
P118,二次销售,中心管理端,,,,,,
P119,客户移交,中心管理端,R01,唯一性与幂等,同一业务对象、节点和幂等键不得重复创建有效单据,阻断并返回已有单号,所有提交/接口,规则版本、命中结果、输入摘要、处理结果
P119,客户移交,中心管理端,R02,身份与任职有效性,经办人须通过统一认证，当前任职身份在办理时点有效,阻断；重新选择身份或转授权,所有人工节点,规则版本、命中结果、输入摘要、处理结果
P119,客户移交,中心管理端,R03,组织数据范围,仅能查看和处理授权中心、部门、岗位或本人数据,拒绝访问并审计,查询/处理/导出,规则版本、命中结果、输入摘要、处理结果
P119,客户移交,中心管理端,R04,必填与格式,必填、类型、长度、时间区间、金额精度须通过服务端校验,退回当前表单,提交前,规则版本、命中结果、输入摘要、处理结果
P119,客户移交,中心管理端,R05,状态迁移,仅允许按已发布状态机迁移；重复回调返回原结果,阻断非法迁移,节点提交/回调,规则版本、命中结果、输入摘要、处理结果
P119,客户移交,中心管理端,R06,附件安全,附件完成病毒、格式、大小、敏感内容和权限校验,隔离附件并要求补充,上传/下载,规则版本、命中结果、输入摘要、处理结果
P119,客户移交,中心管理端,R07,敏感字段,P2/P3字段按最小必要显示；导出需审批、水印、短链和二次认证,拒绝或脱敏,查看/导出,规则版本、命中结果、输入摘要、处理结果
P119,客户移交,中心管理端,R08,版本一致性,历史实例固定流程、规则、表单和字典版本,版本冲突时禁止提交,保存/提交,规则版本、命中结果、输入摘要、处理结果
P119,客户移交,中心管理端,R09,关闭条件,关闭前必须完成必选子任务、结算/回执、异常和归档检查,转整改/待关闭,关闭节点,规则版本、命中结果、输入摘要、处理结果
P119,客户移交,中心管理端,R10,审计证据链,关键操作保留操作者、身份、时间、前后值、原因、哈希和请求ID,关键审计失败则阻断,全流程,规则版本、命中结果、输入摘要、处理结果
P119,客户移交,中心管理端,,,,,,
P120,全员生命周期闭环,中心管理端,R01,唯一性与幂等,同一业务对象、节点和幂等键不得重复创建有效单据,阻断并返回已有单号,所有提交/接口,规则版本、命中结果、输入摘要、处理结果
P120,全员生命周期闭环,中心管理端,R02,身份与任职有效性,经办人须通过统一认证，当前任职身份在办理时点有效,阻断；重新选择身份或转授权,所有人工节点,规则版本、命中结果、输入摘要、处理结果
P120,全员生命周期闭环,中心管理端,R03,组织数据范围,仅能查看和处理授权中心、部门、岗位或本人数据,拒绝访问并审计,查询/处理/导出,规则版本、命中结果、输入摘要、处理结果
P120,全员生命周期闭环,中心管理端,R04,必填与格式,必填、类型、长度、时间区间、金额精度须通过服务端校验,退回当前表单,提交前,规则版本、命中结果、输入摘要、处理结果
P120,全员生命周期闭环,中心管理端,R05,状态迁移,仅允许按已发布状态机迁移；重复回调返回原结果,阻断非法迁移,节点提交/回调,规则版本、命中结果、输入摘要、处理结果
P120,全员生命周期闭环,中心管理端,R06,附件安全,附件完成病毒、格式、大小、敏感内容和权限校验,隔离附件并要求补充,上传/下载,规则版本、命中结果、输入摘要、处理结果
P120,全员生命周期闭环,中心管理端,R07,敏感字段,P2/P3字段按最小必要显示；导出需审批、水印、短链和二次认证,拒绝或脱敏,查看/导出,规则版本、命中结果、输入摘要、处理结果
P120,全员生命周期闭环,中心管理端,R08,版本一致性,历史实例固定流程、规则、表单和字典版本,版本冲突时禁止提交,保存/提交,规则版本、命中结果、输入摘要、处理结果
P120,全员生命周期闭环,中心管理端,R09,关闭条件,关闭前必须完成必选子任务、结算/回执、异常和归档检查,转整改/待关闭,关闭节点,规则版本、命中结果、输入摘要、处理结果
P120,全员生命周期闭环,中心管理端,R10,审计证据链,关键操作保留操作者、身份、时间、前后值、原因、哈希和请求ID,关键审计失败则阻断,全流程,规则版本、命中结果、输入摘要、处理结果
P120,全员生命周期闭环,中心管理端,,,,,,
P121,市场获客到交付回款闭环,中心管理端,R01,唯一性与幂等,同一业务对象、节点和幂等键不得重复创建有效单据,阻断并返回已有单号,所有提交/接口,规则版本、命中结果、输入摘要、处理结果
P121,市场获客到交付回款闭环,中心管理端,R02,身份与任职有效性,经办人须通过统一认证，当前任职身份在办理时点有效,阻断；重新选择身份或转授权,所有人工节点,规则版本、命中结果、输入摘要、处理结果
P121,市场获客到交付回款闭环,中心管理端,R03,组织数据范围,仅能查看和处理授权中心、部门、岗位或本人数据,拒绝访问并审计,查询/处理/导出,规则版本、命中结果、输入摘要、处理结果
P121,市场获客到交付回款闭环,中心管理端,R04,必填与格式,必填、类型、长度、时间区间、金额精度须通过服务端校验,退回当前表单,提交前,规则版本、命中结果、输入摘要、处理结果
P121,市场获客到交付回款闭环,中心管理端,R05,状态迁移,仅允许按已发布状态机迁移；重复回调返回原结果,阻断非法迁移,节点提交/回调,规则版本、命中结果、输入摘要、处理结果
P121,市场获客到交付回款闭环,中心管理端,R06,附件安全,附件完成病毒、格式、大小、敏感内容和权限校验,隔离附件并要求补充,上传/下载,规则版本、命中结果、输入摘要、处理结果
P121,市场获客到交付回款闭环,中心管理端,R07,敏感字段,P2/P3字段按最小必要显示；导出需审批、水印、短链和二次认证,拒绝或脱敏,查看/导出,规则版本、命中结果、输入摘要、处理结果
P121,市场获客到交付回款闭环,中心管理端,R08,版本一致性,历史实例固定流程、规则、表单和字典版本,版本冲突时禁止提交,保存/提交,规则版本、命中结果、输入摘要、处理结果
P121,市场获客到交付回款闭环,中心管理端,R09,关闭条件,关闭前必须完成必选子任务、结算/回执、异常和归档检查,转整改/待关闭,关闭节点,规则版本、命中结果、输入摘要、处理结果
P121,市场获客到交付回款闭环,中心管理端,R10,审计证据链,关键操作保留操作者、身份、时间、前后值、原因、哈希和请求ID,关键审计失败则阻断,全流程,规则版本、命中结果、输入摘要、处理结果
P121,市场获客到交付回款闭环,中心管理端,R11,金额与预算,金额非负，核定金额不超申请与可用预算，币种税率匹配规则,阻断并提示差异,金额保存/付款前,规则版本、命中结果、输入摘要、处理结果
P121,市场获客到交付回款闭环,中心管理端,R12,票据防重,发票代码、号码、日期、金额和影像哈希联合防重,阻断重复报销/付款,票据提交,规则版本、命中结果、输入摘要、处理结果
P121,市场获客到交付回款闭环,中心管理端,R11,订单票码一致性,订单、支付、票码、核销、退款状态最终一致；冻结票码不得核销,进入差异队列,核销/退款,规则版本、命中结果、输入摘要、处理结果
P121,市场获客到交付回款闭环,中心管理端,R12,防重复核销,同一票码同一权益仅成功核销一次，离线回传幂等合并,返回原结果/转差异,核销,规则版本、命中结果、输入摘要、处理结果
P121,市场获客到交付回款闭环,中心管理端,R11,文档不可变,签署发起后哈希、主体、顺序和关键数据不可修改,作废并新建批次,签署发起后,规则版本、命中结果、输入摘要、处理结果
P121,市场获客到交付回款闭环,中心管理端,R12,证据归档,文件、证书、时间戳、回调报文和验签结果成套归档,不得更新为已签署,签署完成,规则版本、命中结果、输入摘要、处理结果
P121,市场获客到交付回款闭环,中心管理端,,,,,,
P122,接待资源闭环,中心管理端,R01,唯一性与幂等,同一业务对象、节点和幂等键不得重复创建有效单据,阻断并返回已有单号,所有提交/接口,规则版本、命中结果、输入摘要、处理结果
P122,接待资源闭环,中心管理端,R02,身份与任职有效性,经办人须通过统一认证，当前任职身份在办理时点有效,阻断；重新选择身份或转授权,所有人工节点,规则版本、命中结果、输入摘要、处理结果
P122,接待资源闭环,中心管理端,R03,组织数据范围,仅能查看和处理授权中心、部门、岗位或本人数据,拒绝访问并审计,查询/处理/导出,规则版本、命中结果、输入摘要、处理结果
P122,接待资源闭环,中心管理端,R04,必填与格式,必填、类型、长度、时间区间、金额精度须通过服务端校验,退回当前表单,提交前,规则版本、命中结果、输入摘要、处理结果
P122,接待资源闭环,中心管理端,R05,状态迁移,仅允许按已发布状态机迁移；重复回调返回原结果,阻断非法迁移,节点提交/回调,规则版本、命中结果、输入摘要、处理结果
P122,接待资源闭环,中心管理端,R06,附件安全,附件完成病毒、格式、大小、敏感内容和权限校验,隔离附件并要求补充,上传/下载,规则版本、命中结果、输入摘要、处理结果
P122,接待资源闭环,中心管理端,R07,敏感字段,P2/P3字段按最小必要显示；导出需审批、水印、短链和二次认证,拒绝或脱敏,查看/导出,规则版本、命中结果、输入摘要、处理结果
P122,接待资源闭环,中心管理端,R08,版本一致性,历史实例固定流程、规则、表单和字典版本,版本冲突时禁止提交,保存/提交,规则版本、命中结果、输入摘要、处理结果
P122,接待资源闭环,中心管理端,R09,关闭条件,关闭前必须完成必选子任务、结算/回执、异常和归档检查,转整改/待关闭,关闭节点,规则版本、命中结果、输入摘要、处理结果
P122,接待资源闭环,中心管理端,R10,审计证据链,关键操作保留操作者、身份、时间、前后值、原因、哈希和请求ID,关键审计失败则阻断,全流程,规则版本、命中结果、输入摘要、处理结果
P122,接待资源闭环,中心管理端,R11,订单票码一致性,订单、支付、票码、核销、退款状态最终一致；冻结票码不得核销,进入差异队列,核销/退款,规则版本、命中结果、输入摘要、处理结果
P122,接待资源闭环,中心管理端,R12,防重复核销,同一票码同一权益仅成功核销一次，离线回传幂等合并,返回原结果/转差异,核销,规则版本、命中结果、输入摘要、处理结果
P122,接待资源闭环,中心管理端,R11,先行止险,人员安全优先；重大事件允许先处置后补单，但不得删除证据,立即升级并锁证,事件触发,规则版本、命中结果、输入摘要、处理结果
P122,接待资源闭环,中心管理端,R12,唯一案件,同一事件保留一个主案件，相关工单、投诉、维修、赔付为子单,合并或关联已有案件,立案,规则版本、命中结果、输入摘要、处理结果
P122,接待资源闭环,中心管理端,,,,,,
P123,演艺场次闭环,中心管理端,R01,唯一性与幂等,同一业务对象、节点和幂等键不得重复创建有效单据,阻断并返回已有单号,所有提交/接口,规则版本、命中结果、输入摘要、处理结果
P123,演艺场次闭环,中心管理端,R02,身份与任职有效性,经办人须通过统一认证，当前任职身份在办理时点有效,阻断；重新选择身份或转授权,所有人工节点,规则版本、命中结果、输入摘要、处理结果
P123,演艺场次闭环,中心管理端,R03,组织数据范围,仅能查看和处理授权中心、部门、岗位或本人数据,拒绝访问并审计,查询/处理/导出,规则版本、命中结果、输入摘要、处理结果
P123,演艺场次闭环,中心管理端,R04,必填与格式,必填、类型、长度、时间区间、金额精度须通过服务端校验,退回当前表单,提交前,规则版本、命中结果、输入摘要、处理结果
P123,演艺场次闭环,中心管理端,R05,状态迁移,仅允许按已发布状态机迁移；重复回调返回原结果,阻断非法迁移,节点提交/回调,规则版本、命中结果、输入摘要、处理结果
P123,演艺场次闭环,中心管理端,R06,附件安全,附件完成病毒、格式、大小、敏感内容和权限校验,隔离附件并要求补充,上传/下载,规则版本、命中结果、输入摘要、处理结果
P123,演艺场次闭环,中心管理端,R07,敏感字段,P2/P3字段按最小必要显示；导出需审批、水印、短链和二次认证,拒绝或脱敏,查看/导出,规则版本、命中结果、输入摘要、处理结果
P123,演艺场次闭环,中心管理端,R08,版本一致性,历史实例固定流程、规则、表单和字典版本,版本冲突时禁止提交,保存/提交,规则版本、命中结果、输入摘要、处理结果
P123,演艺场次闭环,中心管理端,R09,关闭条件,关闭前必须完成必选子任务、结算/回执、异常和归档检查,转整改/待关闭,关闭节点,规则版本、命中结果、输入摘要、处理结果
P123,演艺场次闭环,中心管理端,R10,审计证据链,关键操作保留操作者、身份、时间、前后值、原因、哈希和请求ID,关键审计失败则阻断,全流程,规则版本、命中结果、输入摘要、处理结果
P123,演艺场次闭环,中心管理端,R11,时间重叠,假勤、排班、加班区间不得与已生效记录冲突,阻断或转例外审批,时间提交,规则版本、命中结果、输入摘要、处理结果
P123,演艺场次闭环,中心管理端,R12,额度账本,额度只通过预占、扣减、释放和差额调整流水变更,转账本调整单,审批/销假,规则版本、命中结果、输入摘要、处理结果
P123,演艺场次闭环,中心管理端,R11,先行止险,人员安全优先；重大事件允许先处置后补单，但不得删除证据,立即升级并锁证,事件触发,规则版本、命中结果、输入摘要、处理结果
P123,演艺场次闭环,中心管理端,R12,唯一案件,同一事件保留一个主案件，相关工单、投诉、维修、赔付为子单,合并或关联已有案件,立案,规则版本、命中结果、输入摘要、处理结果
P123,演艺场次闭环,中心管理端,R11,库存非负与锁定,可用量=账面量-锁定量，出库不得导致负库存,阻断并提示缺口,锁定/出库,规则版本、命中结果、输入摘要、处理结果
P123,演艺场次闭环,中心管理端,R12,批次序列追溯,需追溯物品必须一物一码/一批一码，状态变更保留流水,阻断无编码操作,入库/出库/报损,规则版本、命中结果、输入摘要、处理结果
P123,演艺场次闭环,中心管理端,,,,,,
P124,采购资产财务闭环,中心管理端,R01,唯一性与幂等,同一业务对象、节点和幂等键不得重复创建有效单据,阻断并返回已有单号,所有提交/接口,规则版本、命中结果、输入摘要、处理结果
P124,采购资产财务闭环,中心管理端,R02,身份与任职有效性,经办人须通过统一认证，当前任职身份在办理时点有效,阻断；重新选择身份或转授权,所有人工节点,规则版本、命中结果、输入摘要、处理结果
P124,采购资产财务闭环,中心管理端,R03,组织数据范围,仅能查看和处理授权中心、部门、岗位或本人数据,拒绝访问并审计,查询/处理/导出,规则版本、命中结果、输入摘要、处理结果
P124,采购资产财务闭环,中心管理端,R04,必填与格式,必填、类型、长度、时间区间、金额精度须通过服务端校验,退回当前表单,提交前,规则版本、命中结果、输入摘要、处理结果
P124,采购资产财务闭环,中心管理端,R05,状态迁移,仅允许按已发布状态机迁移；重复回调返回原结果,阻断非法迁移,节点提交/回调,规则版本、命中结果、输入摘要、处理结果
P124,采购资产财务闭环,中心管理端,R06,附件安全,附件完成病毒、格式、大小、敏感内容和权限校验,隔离附件并要求补充,上传/下载,规则版本、命中结果、输入摘要、处理结果
P124,采购资产财务闭环,中心管理端,R07,敏感字段,P2/P3字段按最小必要显示；导出需审批、水印、短链和二次认证,拒绝或脱敏,查看/导出,规则版本、命中结果、输入摘要、处理结果
P124,采购资产财务闭环,中心管理端,R08,版本一致性,历史实例固定流程、规则、表单和字典版本,版本冲突时禁止提交,保存/提交,规则版本、命中结果、输入摘要、处理结果
P124,采购资产财务闭环,中心管理端,R09,关闭条件,关闭前必须完成必选子任务、结算/回执、异常和归档检查,转整改/待关闭,关闭节点,规则版本、命中结果、输入摘要、处理结果
P124,采购资产财务闭环,中心管理端,R10,审计证据链,关键操作保留操作者、身份、时间、前后值、原因、哈希和请求ID,关键审计失败则阻断,全流程,规则版本、命中结果、输入摘要、处理结果
P124,采购资产财务闭环,中心管理端,R11,金额与预算,金额非负，核定金额不超申请与可用预算，币种税率匹配规则,阻断并提示差异,金额保存/付款前,规则版本、命中结果、输入摘要、处理结果
P124,采购资产财务闭环,中心管理端,R12,票据防重,发票代码、号码、日期、金额和影像哈希联合防重,阻断重复报销/付款,票据提交,规则版本、命中结果、输入摘要、处理结果
P124,采购资产财务闭环,中心管理端,R11,库存非负与锁定,可用量=账面量-锁定量，出库不得导致负库存,阻断并提示缺口,锁定/出库,规则版本、命中结果、输入摘要、处理结果
P124,采购资产财务闭环,中心管理端,R12,批次序列追溯,需追溯物品必须一物一码/一批一码，状态变更保留流水,阻断无编码操作,入库/出库/报损,规则版本、命中结果、输入摘要、处理结果
P124,采购资产财务闭环,中心管理端,,,,,,
P125,内容生产发布闭环,中心管理端,R01,唯一性与幂等,同一业务对象、节点和幂等键不得重复创建有效单据,阻断并返回已有单号,所有提交/接口,规则版本、命中结果、输入摘要、处理结果
P125,内容生产发布闭环,中心管理端,R02,身份与任职有效性,经办人须通过统一认证，当前任职身份在办理时点有效,阻断；重新选择身份或转授权,所有人工节点,规则版本、命中结果、输入摘要、处理结果
P125,内容生产发布闭环,中心管理端,R03,组织数据范围,仅能查看和处理授权中心、部门、岗位或本人数据,拒绝访问并审计,查询/处理/导出,规则版本、命中结果、输入摘要、处理结果
P125,内容生产发布闭环,中心管理端,R04,必填与格式,必填、类型、长度、时间区间、金额精度须通过服务端校验,退回当前表单,提交前,规则版本、命中结果、输入摘要、处理结果
P125,内容生产发布闭环,中心管理端,R05,状态迁移,仅允许按已发布状态机迁移；重复回调返回原结果,阻断非法迁移,节点提交/回调,规则版本、命中结果、输入摘要、处理结果
P125,内容生产发布闭环,中心管理端,R06,附件安全,附件完成病毒、格式、大小、敏感内容和权限校验,隔离附件并要求补充,上传/下载,规则版本、命中结果、输入摘要、处理结果
P125,内容生产发布闭环,中心管理端,R07,敏感字段,P2/P3字段按最小必要显示；导出需审批、水印、短链和二次认证,拒绝或脱敏,查看/导出,规则版本、命中结果、输入摘要、处理结果
P125,内容生产发布闭环,中心管理端,R08,版本一致性,历史实例固定流程、规则、表单和字典版本,版本冲突时禁止提交,保存/提交,规则版本、命中结果、输入摘要、处理结果
P125,内容生产发布闭环,中心管理端,R09,关闭条件,关闭前必须完成必选子任务、结算/回执、异常和归档检查,转整改/待关闭,关闭节点,规则版本、命中结果、输入摘要、处理结果
P125,内容生产发布闭环,中心管理端,R10,审计证据链,关键操作保留操作者、身份、时间、前后值、原因、哈希和请求ID,关键审计失败则阻断,全流程,规则版本、命中结果、输入摘要、处理结果
P125,内容生产发布闭环,中心管理端,R11,订单票码一致性,订单、支付、票码、核销、退款状态最终一致；冻结票码不得核销,进入差异队列,核销/退款,规则版本、命中结果、输入摘要、处理结果
P125,内容生产发布闭环,中心管理端,R12,防重复核销,同一票码同一权益仅成功核销一次，离线回传幂等合并,返回原结果/转差异,核销,规则版本、命中结果、输入摘要、处理结果
P125,内容生产发布闭环,中心管理端,,,,,,
P126,事件与整改闭环,中心管理端,R01,唯一性与幂等,同一业务对象、节点和幂等键不得重复创建有效单据,阻断并返回已有单号,所有提交/接口,规则版本、命中结果、输入摘要、处理结果
P126,事件与整改闭环,中心管理端,R02,身份与任职有效性,经办人须通过统一认证，当前任职身份在办理时点有效,阻断；重新选择身份或转授权,所有人工节点,规则版本、命中结果、输入摘要、处理结果
P126,事件与整改闭环,中心管理端,R03,组织数据范围,仅能查看和处理授权中心、部门、岗位或本人数据,拒绝访问并审计,查询/处理/导出,规则版本、命中结果、输入摘要、处理结果
P126,事件与整改闭环,中心管理端,R04,必填与格式,必填、类型、长度、时间区间、金额精度须通过服务端校验,退回当前表单,提交前,规则版本、命中结果、输入摘要、处理结果
P126,事件与整改闭环,中心管理端,R05,状态迁移,仅允许按已发布状态机迁移；重复回调返回原结果,阻断非法迁移,节点提交/回调,规则版本、命中结果、输入摘要、处理结果
P126,事件与整改闭环,中心管理端,R06,附件安全,附件完成病毒、格式、大小、敏感内容和权限校验,隔离附件并要求补充,上传/下载,规则版本、命中结果、输入摘要、处理结果
P126,事件与整改闭环,中心管理端,R07,敏感字段,P2/P3字段按最小必要显示；导出需审批、水印、短链和二次认证,拒绝或脱敏,查看/导出,规则版本、命中结果、输入摘要、处理结果
P126,事件与整改闭环,中心管理端,R08,版本一致性,历史实例固定流程、规则、表单和字典版本,版本冲突时禁止提交,保存/提交,规则版本、命中结果、输入摘要、处理结果
P126,事件与整改闭环,中心管理端,R09,关闭条件,关闭前必须完成必选子任务、结算/回执、异常和归档检查,转整改/待关闭,关闭节点,规则版本、命中结果、输入摘要、处理结果
P126,事件与整改闭环,中心管理端,R10,审计证据链,关键操作保留操作者、身份、时间、前后值、原因、哈希和请求ID,关键审计失败则阻断,全流程,规则版本、命中结果、输入摘要、处理结果
P126,事件与整改闭环,中心管理端,R11,先行止险,人员安全优先；重大事件允许先处置后补单，但不得删除证据,立即升级并锁证,事件触发,规则版本、命中结果、输入摘要、处理结果
P126,事件与整改闭环,中心管理端,R12,唯一案件,同一事件保留一个主案件，相关工单、投诉、维修、赔付为子单,合并或关联已有案件,立案,规则版本、命中结果、输入摘要、处理结果
P126,事件与整改闭环,中心管理端,,,,,,
P001,统一登录与多岗位身份切换,技术后台端,R01,唯一性与幂等,同一业务对象、节点和幂等键不得重复创建有效单据,阻断并返回已有单号,所有提交/接口,规则版本、命中结果、输入摘要、处理结果
P001,统一登录与多岗位身份切换,技术后台端,R02,身份与任职有效性,经办人须通过统一认证，当前任职身份在办理时点有效,阻断；重新选择身份或转授权,所有人工节点,规则版本、命中结果、输入摘要、处理结果
P001,统一登录与多岗位身份切换,技术后台端,R03,组织数据范围,仅能查看和处理授权中心、部门、岗位或本人数据,拒绝访问并审计,查询/处理/导出,规则版本、命中结果、输入摘要、处理结果
P001,统一登录与多岗位身份切换,技术后台端,R04,必填与格式,必填、类型、长度、时间区间、金额精度须通过服务端校验,退回当前表单,提交前,规则版本、命中结果、输入摘要、处理结果
P001,统一登录与多岗位身份切换,技术后台端,R05,状态迁移,仅允许按已发布状态机迁移；重复回调返回原结果,阻断非法迁移,节点提交/回调,规则版本、命中结果、输入摘要、处理结果
P001,统一登录与多岗位身份切换,技术后台端,R06,附件安全,附件完成病毒、格式、大小、敏感内容和权限校验,隔离附件并要求补充,上传/下载,规则版本、命中结果、输入摘要、处理结果
P001,统一登录与多岗位身份切换,技术后台端,R07,敏感字段,P2/P3字段按最小必要显示；导出需审批、水印、短链和二次认证,拒绝或脱敏,查看/导出,规则版本、命中结果、输入摘要、处理结果
P001,统一登录与多岗位身份切换,技术后台端,R08,版本一致性,历史实例固定流程、规则、表单和字典版本,版本冲突时禁止提交,保存/提交,规则版本、命中结果、输入摘要、处理结果
P001,统一登录与多岗位身份切换,技术后台端,R09,关闭条件,关闭前必须完成必选子任务、结算/回执、异常和归档检查,转整改/待关闭,关闭节点,规则版本、命中结果、输入摘要、处理结果
P001,统一登录与多岗位身份切换,技术后台端,R10,审计证据链,关键操作保留操作者、身份、时间、前后值、原因、哈希和请求ID,关键审计失败则阻断,全流程,规则版本、命中结果、输入摘要、处理结果
P001,统一登录与多岗位身份切换,技术后台端,,,,,,
P002,权限申请、复核与回收,技术后台端,R01,唯一性与幂等,同一业务对象、节点和幂等键不得重复创建有效单据,阻断并返回已有单号,所有提交/接口,规则版本、命中结果、输入摘要、处理结果
P002,权限申请、复核与回收,技术后台端,R02,身份与任职有效性,经办人须通过统一认证，当前任职身份在办理时点有效,阻断；重新选择身份或转授权,所有人工节点,规则版本、命中结果、输入摘要、处理结果
P002,权限申请、复核与回收,技术后台端,R03,组织数据范围,仅能查看和处理授权中心、部门、岗位或本人数据,拒绝访问并审计,查询/处理/导出,规则版本、命中结果、输入摘要、处理结果
P002,权限申请、复核与回收,技术后台端,R04,必填与格式,必填、类型、长度、时间区间、金额精度须通过服务端校验,退回当前表单,提交前,规则版本、命中结果、输入摘要、处理结果
P002,权限申请、复核与回收,技术后台端,R05,状态迁移,仅允许按已发布状态机迁移；重复回调返回原结果,阻断非法迁移,节点提交/回调,规则版本、命中结果、输入摘要、处理结果
P002,权限申请、复核与回收,技术后台端,R06,附件安全,附件完成病毒、格式、大小、敏感内容和权限校验,隔离附件并要求补充,上传/下载,规则版本、命中结果、输入摘要、处理结果
P002,权限申请、复核与回收,技术后台端,R07,敏感字段,P2/P3字段按最小必要显示；导出需审批、水印、短链和二次认证,拒绝或脱敏,查看/导出,规则版本、命中结果、输入摘要、处理结果
P002,权限申请、复核与回收,技术后台端,R08,版本一致性,历史实例固定流程、规则、表单和字典版本,版本冲突时禁止提交,保存/提交,规则版本、命中结果、输入摘要、处理结果
P002,权限申请、复核与回收,技术后台端,R09,关闭条件,关闭前必须完成必选子任务、结算/回执、异常和归档检查,转整改/待关闭,关闭节点,规则版本、命中结果、输入摘要、处理结果
P002,权限申请、复核与回收,技术后台端,R10,审计证据链,关键操作保留操作者、身份、时间、前后值、原因、哈希和请求ID,关键审计失败则阻断,全流程,规则版本、命中结果、输入摘要、处理结果
P002,权限申请、复核与回收,技术后台端,R11,先行止险,人员安全优先；重大事件允许先处置后补单，但不得删除证据,立即升级并锁证,事件触发,规则版本、命中结果、输入摘要、处理结果
P002,权限申请、复核与回收,技术后台端,R12,唯一案件,同一事件保留一个主案件，相关工单、投诉、维修、赔付为子单,合并或关联已有案件,立案,规则版本、命中结果、输入摘要、处理结果
P002,权限申请、复核与回收,技术后台端,,,,,,
P003,个人资料变更,技术后台端,R01,唯一性与幂等,同一业务对象、节点和幂等键不得重复创建有效单据,阻断并返回已有单号,所有提交/接口,规则版本、命中结果、输入摘要、处理结果
P003,个人资料变更,技术后台端,R02,身份与任职有效性,经办人须通过统一认证，当前任职身份在办理时点有效,阻断；重新选择身份或转授权,所有人工节点,规则版本、命中结果、输入摘要、处理结果
P003,个人资料变更,技术后台端,R03,组织数据范围,仅能查看和处理授权中心、部门、岗位或本人数据,拒绝访问并审计,查询/处理/导出,规则版本、命中结果、输入摘要、处理结果
P003,个人资料变更,技术后台端,R04,必填与格式,必填、类型、长度、时间区间、金额精度须通过服务端校验,退回当前表单,提交前,规则版本、命中结果、输入摘要、处理结果
P003,个人资料变更,技术后台端,R05,状态迁移,仅允许按已发布状态机迁移；重复回调返回原结果,阻断非法迁移,节点提交/回调,规则版本、命中结果、输入摘要、处理结果
P003,个人资料变更,技术后台端,R06,附件安全,附件完成病毒、格式、大小、敏感内容和权限校验,隔离附件并要求补充,上传/下载,规则版本、命中结果、输入摘要、处理结果
P003,个人资料变更,技术后台端,R07,敏感字段,P2/P3字段按最小必要显示；导出需审批、水印、短链和二次认证,拒绝或脱敏,查看/导出,规则版本、命中结果、输入摘要、处理结果
P003,个人资料变更,技术后台端,R08,版本一致性,历史实例固定流程、规则、表单和字典版本,版本冲突时禁止提交,保存/提交,规则版本、命中结果、输入摘要、处理结果
P003,个人资料变更,技术后台端,R09,关闭条件,关闭前必须完成必选子任务、结算/回执、异常和归档检查,转整改/待关闭,关闭节点,规则版本、命中结果、输入摘要、处理结果
P003,个人资料变更,技术后台端,R10,审计证据链,关键操作保留操作者、身份、时间、前后值、原因、哈希和请求ID,关键审计失败则阻断,全流程,规则版本、命中结果、输入摘要、处理结果
P003,个人资料变更,技术后台端,,,,,,
P004,通用申请与审批,技术后台端,R01,唯一性与幂等,同一业务对象、节点和幂等键不得重复创建有效单据,阻断并返回已有单号,所有提交/接口,规则版本、命中结果、输入摘要、处理结果
P004,通用申请与审批,技术后台端,R02,身份与任职有效性,经办人须通过统一认证，当前任职身份在办理时点有效,阻断；重新选择身份或转授权,所有人工节点,规则版本、命中结果、输入摘要、处理结果
P004,通用申请与审批,技术后台端,R03,组织数据范围,仅能查看和处理授权中心、部门、岗位或本人数据,拒绝访问并审计,查询/处理/导出,规则版本、命中结果、输入摘要、处理结果
P004,通用申请与审批,技术后台端,R04,必填与格式,必填、类型、长度、时间区间、金额精度须通过服务端校验,退回当前表单,提交前,规则版本、命中结果、输入摘要、处理结果
P004,通用申请与审批,技术后台端,R05,状态迁移,仅允许按已发布状态机迁移；重复回调返回原结果,阻断非法迁移,节点提交/回调,规则版本、命中结果、输入摘要、处理结果
P004,通用申请与审批,技术后台端,R06,附件安全,附件完成病毒、格式、大小、敏感内容和权限校验,隔离附件并要求补充,上传/下载,规则版本、命中结果、输入摘要、处理结果
P004,通用申请与审批,技术后台端,R07,敏感字段,P2/P3字段按最小必要显示；导出需审批、水印、短链和二次认证,拒绝或脱敏,查看/导出,规则版本、命中结果、输入摘要、处理结果
P004,通用申请与审批,技术后台端,R08,版本一致性,历史实例固定流程、规则、表单和字典版本,版本冲突时禁止提交,保存/提交,规则版本、命中结果、输入摘要、处理结果
P004,通用申请与审批,技术后台端,R09,关闭条件,关闭前必须完成必选子任务、结算/回执、异常和归档检查,转整改/待关闭,关闭节点,规则版本、命中结果、输入摘要、处理结果
P004,通用申请与审批,技术后台端,R10,审计证据链,关键操作保留操作者、身份、时间、前后值、原因、哈希和请求ID,关键审计失败则阻断,全流程,规则版本、命中结果、输入摘要、处理结果
P004,通用申请与审批,技术后台端,,,,,,
P005,制度、通知与执行回执,技术后台端,R01,唯一性与幂等,同一业务对象、节点和幂等键不得重复创建有效单据,阻断并返回已有单号,所有提交/接口,规则版本、命中结果、输入摘要、处理结果
P005,制度、通知与执行回执,技术后台端,R02,身份与任职有效性,经办人须通过统一认证，当前任职身份在办理时点有效,阻断；重新选择身份或转授权,所有人工节点,规则版本、命中结果、输入摘要、处理结果
P005,制度、通知与执行回执,技术后台端,R03,组织数据范围,仅能查看和处理授权中心、部门、岗位或本人数据,拒绝访问并审计,查询/处理/导出,规则版本、命中结果、输入摘要、处理结果
P005,制度、通知与执行回执,技术后台端,R04,必填与格式,必填、类型、长度、时间区间、金额精度须通过服务端校验,退回当前表单,提交前,规则版本、命中结果、输入摘要、处理结果
P005,制度、通知与执行回执,技术后台端,R05,状态迁移,仅允许按已发布状态机迁移；重复回调返回原结果,阻断非法迁移,节点提交/回调,规则版本、命中结果、输入摘要、处理结果
P005,制度、通知与执行回执,技术后台端,R06,附件安全,附件完成病毒、格式、大小、敏感内容和权限校验,隔离附件并要求补充,上传/下载,规则版本、命中结果、输入摘要、处理结果
P005,制度、通知与执行回执,技术后台端,R07,敏感字段,P2/P3字段按最小必要显示；导出需审批、水印、短链和二次认证,拒绝或脱敏,查看/导出,规则版本、命中结果、输入摘要、处理结果
P005,制度、通知与执行回执,技术后台端,R08,版本一致性,历史实例固定流程、规则、表单和字典版本,版本冲突时禁止提交,保存/提交,规则版本、命中结果、输入摘要、处理结果
P005,制度、通知与执行回执,技术后台端,R09,关闭条件,关闭前必须完成必选子任务、结算/回执、异常和归档检查,转整改/待关闭,关闭节点,规则版本、命中结果、输入摘要、处理结果
P005,制度、通知与执行回执,技术后台端,R10,审计证据链,关键操作保留操作者、身份、时间、前后值、原因、哈希和请求ID,关键审计失败则阻断,全流程,规则版本、命中结果、输入摘要、处理结果
P005,制度、通知与执行回执,技术后台端,,,,,,
P006,会议与行动项,技术后台端,R01,唯一性与幂等,同一业务对象、节点和幂等键不得重复创建有效单据,阻断并返回已有单号,所有提交/接口,规则版本、命中结果、输入摘要、处理结果
P006,会议与行动项,技术后台端,R02,身份与任职有效性,经办人须通过统一认证，当前任职身份在办理时点有效,阻断；重新选择身份或转授权,所有人工节点,规则版本、命中结果、输入摘要、处理结果
P006,会议与行动项,技术后台端,R03,组织数据范围,仅能查看和处理授权中心、部门、岗位或本人数据,拒绝访问并审计,查询/处理/导出,规则版本、命中结果、输入摘要、处理结果
P006,会议与行动项,技术后台端,R04,必填与格式,必填、类型、长度、时间区间、金额精度须通过服务端校验,退回当前表单,提交前,规则版本、命中结果、输入摘要、处理结果
P006,会议与行动项,技术后台端,R05,状态迁移,仅允许按已发布状态机迁移；重复回调返回原结果,阻断非法迁移,节点提交/回调,规则版本、命中结果、输入摘要、处理结果
P006,会议与行动项,技术后台端,R06,附件安全,附件完成病毒、格式、大小、敏感内容和权限校验,隔离附件并要求补充,上传/下载,规则版本、命中结果、输入摘要、处理结果
P006,会议与行动项,技术后台端,R07,敏感字段,P2/P3字段按最小必要显示；导出需审批、水印、短链和二次认证,拒绝或脱敏,查看/导出,规则版本、命中结果、输入摘要、处理结果
P006,会议与行动项,技术后台端,R08,版本一致性,历史实例固定流程、规则、表单和字典版本,版本冲突时禁止提交,保存/提交,规则版本、命中结果、输入摘要、处理结果
P006,会议与行动项,技术后台端,R09,关闭条件,关闭前必须完成必选子任务、结算/回执、异常和归档检查,转整改/待关闭,关闭节点,规则版本、命中结果、输入摘要、处理结果
P006,会议与行动项,技术后台端,R10,审计证据链,关键操作保留操作者、身份、时间、前后值、原因、哈希和请求ID,关键审计失败则阻断,全流程,规则版本、命中结果、输入摘要、处理结果
P006,会议与行动项,技术后台端,R11,时间重叠,假勤、排班、加班区间不得与已生效记录冲突,阻断或转例外审批,时间提交,规则版本、命中结果、输入摘要、处理结果
P006,会议与行动项,技术后台端,R12,额度账本,额度只通过预占、扣减、释放和差额调整流水变更,转账本调整单,审批/销假,规则版本、命中结果、输入摘要、处理结果
P006,会议与行动项,技术后台端,,,,,,
P007,排班与班次调整,技术后台端,R01,唯一性与幂等,同一业务对象、节点和幂等键不得重复创建有效单据,阻断并返回已有单号,所有提交/接口,规则版本、命中结果、输入摘要、处理结果
P007,排班与班次调整,技术后台端,R02,身份与任职有效性,经办人须通过统一认证，当前任职身份在办理时点有效,阻断；重新选择身份或转授权,所有人工节点,规则版本、命中结果、输入摘要、处理结果
P007,排班与班次调整,技术后台端,R03,组织数据范围,仅能查看和处理授权中心、部门、岗位或本人数据,拒绝访问并审计,查询/处理/导出,规则版本、命中结果、输入摘要、处理结果
P007,排班与班次调整,技术后台端,R04,必填与格式,必填、类型、长度、时间区间、金额精度须通过服务端校验,退回当前表单,提交前,规则版本、命中结果、输入摘要、处理结果
P007,排班与班次调整,技术后台端,R05,状态迁移,仅允许按已发布状态机迁移；重复回调返回原结果,阻断非法迁移,节点提交/回调,规则版本、命中结果、输入摘要、处理结果
P007,排班与班次调整,技术后台端,R06,附件安全,附件完成病毒、格式、大小、敏感内容和权限校验,隔离附件并要求补充,上传/下载,规则版本、命中结果、输入摘要、处理结果
P007,排班与班次调整,技术后台端,R07,敏感字段,P2/P3字段按最小必要显示；导出需审批、水印、短链和二次认证,拒绝或脱敏,查看/导出,规则版本、命中结果、输入摘要、处理结果
P007,排班与班次调整,技术后台端,R08,版本一致性,历史实例固定流程、规则、表单和字典版本,版本冲突时禁止提交,保存/提交,规则版本、命中结果、输入摘要、处理结果
P007,排班与班次调整,技术后台端,R09,关闭条件,关闭前必须完成必选子任务、结算/回执、异常和归档检查,转整改/待关闭,关闭节点,规则版本、命中结果、输入摘要、处理结果
P007,排班与班次调整,技术后台端,R10,审计证据链,关键操作保留操作者、身份、时间、前后值、原因、哈希和请求ID,关键审计失败则阻断,全流程,规则版本、命中结果、输入摘要、处理结果
P007,排班与班次调整,技术后台端,R11,时间重叠,假勤、排班、加班区间不得与已生效记录冲突,阻断或转例外审批,时间提交,规则版本、命中结果、输入摘要、处理结果
P007,排班与班次调整,技术后台端,R12,额度账本,额度只通过预占、扣减、释放和差额调整流水变更,转账本调整单,审批/销假,规则版本、命中结果、输入摘要、处理结果
P007,排班与班次调整,技术后台端,,,,,,
P008,请假与考勤,技术后台端,R01,唯一性与幂等,同一业务对象、节点和幂等键不得重复创建有效单据,阻断并返回已有单号,所有提交/接口,规则版本、命中结果、输入摘要、处理结果
P008,请假与考勤,技术后台端,R02,身份与任职有效性,经办人须通过统一认证，当前任职身份在办理时点有效,阻断；重新选择身份或转授权,所有人工节点,规则版本、命中结果、输入摘要、处理结果
P008,请假与考勤,技术后台端,R03,组织数据范围,仅能查看和处理授权中心、部门、岗位或本人数据,拒绝访问并审计,查询/处理/导出,规则版本、命中结果、输入摘要、处理结果
P008,请假与考勤,技术后台端,R04,必填与格式,必填、类型、长度、时间区间、金额精度须通过服务端校验,退回当前表单,提交前,规则版本、命中结果、输入摘要、处理结果
P008,请假与考勤,技术后台端,R05,状态迁移,仅允许按已发布状态机迁移；重复回调返回原结果,阻断非法迁移,节点提交/回调,规则版本、命中结果、输入摘要、处理结果
P008,请假与考勤,技术后台端,R06,附件安全,附件完成病毒、格式、大小、敏感内容和权限校验,隔离附件并要求补充,上传/下载,规则版本、命中结果、输入摘要、处理结果
P008,请假与考勤,技术后台端,R07,敏感字段,P2/P3字段按最小必要显示；导出需审批、水印、短链和二次认证,拒绝或脱敏,查看/导出,规则版本、命中结果、输入摘要、处理结果
P008,请假与考勤,技术后台端,R08,版本一致性,历史实例固定流程、规则、表单和字典版本,版本冲突时禁止提交,保存/提交,规则版本、命中结果、输入摘要、处理结果
P008,请假与考勤,技术后台端,R09,关闭条件,关闭前必须完成必选子任务、结算/回执、异常和归档检查,转整改/待关闭,关闭节点,规则版本、命中结果、输入摘要、处理结果
P008,请假与考勤,技术后台端,R10,审计证据链,关键操作保留操作者、身份、时间、前后值、原因、哈希和请求ID,关键审计失败则阻断,全流程,规则版本、命中结果、输入摘要、处理结果
P008,请假与考勤,技术后台端,R11,时间重叠,假勤、排班、加班区间不得与已生效记录冲突,阻断或转例外审批,时间提交,规则版本、命中结果、输入摘要、处理结果
P008,请假与考勤,技术后台端,R12,额度账本,额度只通过预占、扣减、释放和差额调整流水变更,转账本调整单,审批/销假,规则版本、命中结果、输入摘要、处理结果
P008,请假与考勤,技术后台端,,,,,,
P009,加班与调休,技术后台端,R01,唯一性与幂等,同一业务对象、节点和幂等键不得重复创建有效单据,阻断并返回已有单号,所有提交/接口,规则版本、命中结果、输入摘要、处理结果
P009,加班与调休,技术后台端,R02,身份与任职有效性,经办人须通过统一认证，当前任职身份在办理时点有效,阻断；重新选择身份或转授权,所有人工节点,规则版本、命中结果、输入摘要、处理结果
P009,加班与调休,技术后台端,R03,组织数据范围,仅能查看和处理授权中心、部门、岗位或本人数据,拒绝访问并审计,查询/处理/导出,规则版本、命中结果、输入摘要、处理结果
P009,加班与调休,技术后台端,R04,必填与格式,必填、类型、长度、时间区间、金额精度须通过服务端校验,退回当前表单,提交前,规则版本、命中结果、输入摘要、处理结果
P009,加班与调休,技术后台端,R05,状态迁移,仅允许按已发布状态机迁移；重复回调返回原结果,阻断非法迁移,节点提交/回调,规则版本、命中结果、输入摘要、处理结果
P009,加班与调休,技术后台端,R06,附件安全,附件完成病毒、格式、大小、敏感内容和权限校验,隔离附件并要求补充,上传/下载,规则版本、命中结果、输入摘要、处理结果
P009,加班与调休,技术后台端,R07,敏感字段,P2/P3字段按最小必要显示；导出需审批、水印、短链和二次认证,拒绝或脱敏,查看/导出,规则版本、命中结果、输入摘要、处理结果
P009,加班与调休,技术后台端,R08,版本一致性,历史实例固定流程、规则、表单和字典版本,版本冲突时禁止提交,保存/提交,规则版本、命中结果、输入摘要、处理结果
P009,加班与调休,技术后台端,R09,关闭条件,关闭前必须完成必选子任务、结算/回执、异常和归档检查,转整改/待关闭,关闭节点,规则版本、命中结果、输入摘要、处理结果
P009,加班与调休,技术后台端,R10,审计证据链,关键操作保留操作者、身份、时间、前后值、原因、哈希和请求ID,关键审计失败则阻断,全流程,规则版本、命中结果、输入摘要、处理结果
P009,加班与调休,技术后台端,R11,时间重叠,假勤、排班、加班区间不得与已生效记录冲突,阻断或转例外审批,时间提交,规则版本、命中结果、输入摘要、处理结果
P009,加班与调休,技术后台端,R12,额度账本,额度只通过预占、扣减、释放和差额调整流水变更,转账本调整单,审批/销假,规则版本、命中结果、输入摘要、处理结果
P009,加班与调休,技术后台端,,,,,,
P010,员工学习、考试与资格,技术后台端,R01,唯一性与幂等,同一业务对象、节点和幂等键不得重复创建有效单据,阻断并返回已有单号,所有提交/接口,规则版本、命中结果、输入摘要、处理结果
P010,员工学习、考试与资格,技术后台端,R02,身份与任职有效性,经办人须通过统一认证，当前任职身份在办理时点有效,阻断；重新选择身份或转授权,所有人工节点,规则版本、命中结果、输入摘要、处理结果
P010,员工学习、考试与资格,技术后台端,R03,组织数据范围,仅能查看和处理授权中心、部门、岗位或本人数据,拒绝访问并审计,查询/处理/导出,规则版本、命中结果、输入摘要、处理结果
P010,员工学习、考试与资格,技术后台端,R04,必填与格式,必填、类型、长度、时间区间、金额精度须通过服务端校验,退回当前表单,提交前,规则版本、命中结果、输入摘要、处理结果
P010,员工学习、考试与资格,技术后台端,R05,状态迁移,仅允许按已发布状态机迁移；重复回调返回原结果,阻断非法迁移,节点提交/回调,规则版本、命中结果、输入摘要、处理结果
P010,员工学习、考试与资格,技术后台端,R06,附件安全,附件完成病毒、格式、大小、敏感内容和权限校验,隔离附件并要求补充,上传/下载,规则版本、命中结果、输入摘要、处理结果
P010,员工学习、考试与资格,技术后台端,R07,敏感字段,P2/P3字段按最小必要显示；导出需审批、水印、短链和二次认证,拒绝或脱敏,查看/导出,规则版本、命中结果、输入摘要、处理结果
P010,员工学习、考试与资格,技术后台端,R08,版本一致性,历史实例固定流程、规则、表单和字典版本,版本冲突时禁止提交,保存/提交,规则版本、命中结果、输入摘要、处理结果
P010,员工学习、考试与资格,技术后台端,R09,关闭条件,关闭前必须完成必选子任务、结算/回执、异常和归档检查,转整改/待关闭,关闭节点,规则版本、命中结果、输入摘要、处理结果
P010,员工学习、考试与资格,技术后台端,R10,审计证据链,关键操作保留操作者、身份、时间、前后值、原因、哈希和请求ID,关键审计失败则阻断,全流程,规则版本、命中结果、输入摘要、处理结果
P010,员工学习、考试与资格,技术后台端,R11,先行止险,人员安全优先；重大事件允许先处置后补单，但不得删除证据,立即升级并锁证,事件触发,规则版本、命中结果、输入摘要、处理结果
P010,员工学习、考试与资格,技术后台端,R12,唯一案件,同一事件保留一个主案件，相关工单、投诉、维修、赔付为子单,合并或关联已有案件,立案,规则版本、命中结果、输入摘要、处理结果
P010,员工学习、考试与资格,技术后台端,,,,,,
P011,绩效管理,技术后台端,R01,唯一性与幂等,同一业务对象、节点和幂等键不得重复创建有效单据,阻断并返回已有单号,所有提交/接口,规则版本、命中结果、输入摘要、处理结果
P011,绩效管理,技术后台端,R02,身份与任职有效性,经办人须通过统一认证，当前任职身份在办理时点有效,阻断；重新选择身份或转授权,所有人工节点,规则版本、命中结果、输入摘要、处理结果
P011,绩效管理,技术后台端,R03,组织数据范围,仅能查看和处理授权中心、部门、岗位或本人数据,拒绝访问并审计,查询/处理/导出,规则版本、命中结果、输入摘要、处理结果
P011,绩效管理,技术后台端,R04,必填与格式,必填、类型、长度、时间区间、金额精度须通过服务端校验,退回当前表单,提交前,规则版本、命中结果、输入摘要、处理结果
P011,绩效管理,技术后台端,R05,状态迁移,仅允许按已发布状态机迁移；重复回调返回原结果,阻断非法迁移,节点提交/回调,规则版本、命中结果、输入摘要、处理结果
P011,绩效管理,技术后台端,R06,附件安全,附件完成病毒、格式、大小、敏感内容和权限校验,隔离附件并要求补充,上传/下载,规则版本、命中结果、输入摘要、处理结果
P011,绩效管理,技术后台端,R07,敏感字段,P2/P3字段按最小必要显示；导出需审批、水印、短链和二次认证,拒绝或脱敏,查看/导出,规则版本、命中结果、输入摘要、处理结果
P011,绩效管理,技术后台端,R08,版本一致性,历史实例固定流程、规则、表单和字典版本,版本冲突时禁止提交,保存/提交,规则版本、命中结果、输入摘要、处理结果
P011,绩效管理,技术后台端,R09,关闭条件,关闭前必须完成必选子任务、结算/回执、异常和归档检查,转整改/待关闭,关闭节点,规则版本、命中结果、输入摘要、处理结果
P011,绩效管理,技术后台端,R10,审计证据链,关键操作保留操作者、身份、时间、前后值、原因、哈希和请求ID,关键审计失败则阻断,全流程,规则版本、命中结果、输入摘要、处理结果
P011,绩效管理,技术后台端,,,,,,
P012,晋升与任职发展,技术后台端,R01,唯一性与幂等,同一业务对象、节点和幂等键不得重复创建有效单据,阻断并返回已有单号,所有提交/接口,规则版本、命中结果、输入摘要、处理结果
P012,晋升与任职发展,技术后台端,R02,身份与任职有效性,经办人须通过统一认证，当前任职身份在办理时点有效,阻断；重新选择身份或转授权,所有人工节点,规则版本、命中结果、输入摘要、处理结果
P012,晋升与任职发展,技术后台端,R03,组织数据范围,仅能查看和处理授权中心、部门、岗位或本人数据,拒绝访问并审计,查询/处理/导出,规则版本、命中结果、输入摘要、处理结果
P012,晋升与任职发展,技术后台端,R04,必填与格式,必填、类型、长度、时间区间、金额精度须通过服务端校验,退回当前表单,提交前,规则版本、命中结果、输入摘要、处理结果
P012,晋升与任职发展,技术后台端,R05,状态迁移,仅允许按已发布状态机迁移；重复回调返回原结果,阻断非法迁移,节点提交/回调,规则版本、命中结果、输入摘要、处理结果
P012,晋升与任职发展,技术后台端,R06,附件安全,附件完成病毒、格式、大小、敏感内容和权限校验,隔离附件并要求补充,上传/下载,规则版本、命中结果、输入摘要、处理结果
P012,晋升与任职发展,技术后台端,R07,敏感字段,P2/P3字段按最小必要显示；导出需审批、水印、短链和二次认证,拒绝或脱敏,查看/导出,规则版本、命中结果、输入摘要、处理结果
P012,晋升与任职发展,技术后台端,R08,版本一致性,历史实例固定流程、规则、表单和字典版本,版本冲突时禁止提交,保存/提交,规则版本、命中结果、输入摘要、处理结果
P012,晋升与任职发展,技术后台端,R09,关闭条件,关闭前必须完成必选子任务、结算/回执、异常和归档检查,转整改/待关闭,关闭节点,规则版本、命中结果、输入摘要、处理结果
P012,晋升与任职发展,技术后台端,R10,审计证据链,关键操作保留操作者、身份、时间、前后值、原因、哈希和请求ID,关键审计失败则阻断,全流程,规则版本、命中结果、输入摘要、处理结果
P012,晋升与任职发展,技术后台端,R11,金额与预算,金额非负，核定金额不超申请与可用预算，币种税率匹配规则,阻断并提示差异,金额保存/付款前,规则版本、命中结果、输入摘要、处理结果
P012,晋升与任职发展,技术后台端,R12,票据防重,发票代码、号码、日期、金额和影像哈希联合防重,阻断重复报销/付款,票据提交,规则版本、命中结果、输入摘要、处理结果
P012,晋升与任职发展,技术后台端,,,,,,
P013,奖励,技术后台端,R01,唯一性与幂等,同一业务对象、节点和幂等键不得重复创建有效单据,阻断并返回已有单号,所有提交/接口,规则版本、命中结果、输入摘要、处理结果
P013,奖励,技术后台端,R02,身份与任职有效性,经办人须通过统一认证，当前任职身份在办理时点有效,阻断；重新选择身份或转授权,所有人工节点,规则版本、命中结果、输入摘要、处理结果
P013,奖励,技术后台端,R03,组织数据范围,仅能查看和处理授权中心、部门、岗位或本人数据,拒绝访问并审计,查询/处理/导出,规则版本、命中结果、输入摘要、处理结果
P013,奖励,技术后台端,R04,必填与格式,必填、类型、长度、时间区间、金额精度须通过服务端校验,退回当前表单,提交前,规则版本、命中结果、输入摘要、处理结果
P013,奖励,技术后台端,R05,状态迁移,仅允许按已发布状态机迁移；重复回调返回原结果,阻断非法迁移,节点提交/回调,规则版本、命中结果、输入摘要、处理结果
P013,奖励,技术后台端,R06,附件安全,附件完成病毒、格式、大小、敏感内容和权限校验,隔离附件并要求补充,上传/下载,规则版本、命中结果、输入摘要、处理结果
P013,奖励,技术后台端,R07,敏感字段,P2/P3字段按最小必要显示；导出需审批、水印、短链和二次认证,拒绝或脱敏,查看/导出,规则版本、命中结果、输入摘要、处理结果
P013,奖励,技术后台端,R08,版本一致性,历史实例固定流程、规则、表单和字典版本,版本冲突时禁止提交,保存/提交,规则版本、命中结果、输入摘要、处理结果
P013,奖励,技术后台端,R09,关闭条件,关闭前必须完成必选子任务、结算/回执、异常和归档检查,转整改/待关闭,关闭节点,规则版本、命中结果、输入摘要、处理结果
P013,奖励,技术后台端,R10,审计证据链,关键操作保留操作者、身份、时间、前后值、原因、哈希和请求ID,关键审计失败则阻断,全流程,规则版本、命中结果、输入摘要、处理结果
P013,奖励,技术后台端,,,,,,
P014,纪律、责任与申诉,技术后台端,R01,唯一性与幂等,同一业务对象、节点和幂等键不得重复创建有效单据,阻断并返回已有单号,所有提交/接口,规则版本、命中结果、输入摘要、处理结果
P014,纪律、责任与申诉,技术后台端,R02,身份与任职有效性,经办人须通过统一认证，当前任职身份在办理时点有效,阻断；重新选择身份或转授权,所有人工节点,规则版本、命中结果、输入摘要、处理结果
P014,纪律、责任与申诉,技术后台端,R03,组织数据范围,仅能查看和处理授权中心、部门、岗位或本人数据,拒绝访问并审计,查询/处理/导出,规则版本、命中结果、输入摘要、处理结果
P014,纪律、责任与申诉,技术后台端,R04,必填与格式,必填、类型、长度、时间区间、金额精度须通过服务端校验,退回当前表单,提交前,规则版本、命中结果、输入摘要、处理结果
P014,纪律、责任与申诉,技术后台端,R05,状态迁移,仅允许按已发布状态机迁移；重复回调返回原结果,阻断非法迁移,节点提交/回调,规则版本、命中结果、输入摘要、处理结果
P014,纪律、责任与申诉,技术后台端,R06,附件安全,附件完成病毒、格式、大小、敏感内容和权限校验,隔离附件并要求补充,上传/下载,规则版本、命中结果、输入摘要、处理结果
P014,纪律、责任与申诉,技术后台端,R07,敏感字段,P2/P3字段按最小必要显示；导出需审批、水印、短链和二次认证,拒绝或脱敏,查看/导出,规则版本、命中结果、输入摘要、处理结果
P014,纪律、责任与申诉,技术后台端,R08,版本一致性,历史实例固定流程、规则、表单和字典版本,版本冲突时禁止提交,保存/提交,规则版本、命中结果、输入摘要、处理结果
P014,纪律、责任与申诉,技术后台端,R09,关闭条件,关闭前必须完成必选子任务、结算/回执、异常和归档检查,转整改/待关闭,关闭节点,规则版本、命中结果、输入摘要、处理结果
P014,纪律、责任与申诉,技术后台端,R10,审计证据链,关键操作保留操作者、身份、时间、前后值、原因、哈希和请求ID,关键审计失败则阻断,全流程,规则版本、命中结果、输入摘要、处理结果
P014,纪律、责任与申诉,技术后台端,,,,,,
P015,成长积分与荣誉积分,技术后台端,R01,唯一性与幂等,同一业务对象、节点和幂等键不得重复创建有效单据,阻断并返回已有单号,所有提交/接口,规则版本、命中结果、输入摘要、处理结果
P015,成长积分与荣誉积分,技术后台端,R02,身份与任职有效性,经办人须通过统一认证，当前任职身份在办理时点有效,阻断；重新选择身份或转授权,所有人工节点,规则版本、命中结果、输入摘要、处理结果
P015,成长积分与荣誉积分,技术后台端,R03,组织数据范围,仅能查看和处理授权中心、部门、岗位或本人数据,拒绝访问并审计,查询/处理/导出,规则版本、命中结果、输入摘要、处理结果
P015,成长积分与荣誉积分,技术后台端,R04,必填与格式,必填、类型、长度、时间区间、金额精度须通过服务端校验,退回当前表单,提交前,规则版本、命中结果、输入摘要、处理结果
P015,成长积分与荣誉积分,技术后台端,R05,状态迁移,仅允许按已发布状态机迁移；重复回调返回原结果,阻断非法迁移,节点提交/回调,规则版本、命中结果、输入摘要、处理结果
P015,成长积分与荣誉积分,技术后台端,R06,附件安全,附件完成病毒、格式、大小、敏感内容和权限校验,隔离附件并要求补充,上传/下载,规则版本、命中结果、输入摘要、处理结果
P015,成长积分与荣誉积分,技术后台端,R07,敏感字段,P2/P3字段按最小必要显示；导出需审批、水印、短链和二次认证,拒绝或脱敏,查看/导出,规则版本、命中结果、输入摘要、处理结果
P015,成长积分与荣誉积分,技术后台端,R08,版本一致性,历史实例固定流程、规则、表单和字典版本,版本冲突时禁止提交,保存/提交,规则版本、命中结果、输入摘要、处理结果
P015,成长积分与荣誉积分,技术后台端,R09,关闭条件,关闭前必须完成必选子任务、结算/回执、异常和归档检查,转整改/待关闭,关闭节点,规则版本、命中结果、输入摘要、处理结果
P015,成长积分与荣誉积分,技术后台端,R10,审计证据链,关键操作保留操作者、身份、时间、前后值、原因、哈希和请求ID,关键审计失败则阻断,全流程,规则版本、命中结果、输入摘要、处理结果
P015,成长积分与荣誉积分,技术后台端,R11,先行止险,人员安全优先；重大事件允许先处置后补单，但不得删除证据,立即升级并锁证,事件触发,规则版本、命中结果、输入摘要、处理结果
P015,成长积分与荣誉积分,技术后台端,R12,唯一案件,同一事件保留一个主案件，相关工单、投诉、维修、赔付为子单,合并或关联已有案件,立案,规则版本、命中结果、输入摘要、处理结果
P015,成长积分与荣誉积分,技术后台端,,,,,,
P016,员工福利与关怀,技术后台端,R01,唯一性与幂等,同一业务对象、节点和幂等键不得重复创建有效单据,阻断并返回已有单号,所有提交/接口,规则版本、命中结果、输入摘要、处理结果
P016,员工福利与关怀,技术后台端,R02,身份与任职有效性,经办人须通过统一认证，当前任职身份在办理时点有效,阻断；重新选择身份或转授权,所有人工节点,规则版本、命中结果、输入摘要、处理结果
P016,员工福利与关怀,技术后台端,R03,组织数据范围,仅能查看和处理授权中心、部门、岗位或本人数据,拒绝访问并审计,查询/处理/导出,规则版本、命中结果、输入摘要、处理结果
P016,员工福利与关怀,技术后台端,R04,必填与格式,必填、类型、长度、时间区间、金额精度须通过服务端校验,退回当前表单,提交前,规则版本、命中结果、输入摘要、处理结果
P016,员工福利与关怀,技术后台端,R05,状态迁移,仅允许按已发布状态机迁移；重复回调返回原结果,阻断非法迁移,节点提交/回调,规则版本、命中结果、输入摘要、处理结果
P016,员工福利与关怀,技术后台端,R06,附件安全,附件完成病毒、格式、大小、敏感内容和权限校验,隔离附件并要求补充,上传/下载,规则版本、命中结果、输入摘要、处理结果
P016,员工福利与关怀,技术后台端,R07,敏感字段,P2/P3字段按最小必要显示；导出需审批、水印、短链和二次认证,拒绝或脱敏,查看/导出,规则版本、命中结果、输入摘要、处理结果
P016,员工福利与关怀,技术后台端,R08,版本一致性,历史实例固定流程、规则、表单和字典版本,版本冲突时禁止提交,保存/提交,规则版本、命中结果、输入摘要、处理结果
P016,员工福利与关怀,技术后台端,R09,关闭条件,关闭前必须完成必选子任务、结算/回执、异常和归档检查,转整改/待关闭,关闭节点,规则版本、命中结果、输入摘要、处理结果
P016,员工福利与关怀,技术后台端,R10,审计证据链,关键操作保留操作者、身份、时间、前后值、原因、哈希和请求ID,关键审计失败则阻断,全流程,规则版本、命中结果、输入摘要、处理结果
P016,员工福利与关怀,技术后台端,R11,金额与预算,金额非负，核定金额不超申请与可用预算，币种税率匹配规则,阻断并提示差异,金额保存/付款前,规则版本、命中结果、输入摘要、处理结果
P016,员工福利与关怀,技术后台端,R12,票据防重,发票代码、号码、日期、金额和影像哈希联合防重,阻断重复报销/付款,票据提交,规则版本、命中结果、输入摘要、处理结果
P016,员工福利与关怀,技术后台端,,,,,,
P017,电子签署,技术后台端,R01,唯一性与幂等,同一业务对象、节点和幂等键不得重复创建有效单据,阻断并返回已有单号,所有提交/接口,规则版本、命中结果、输入摘要、处理结果
P017,电子签署,技术后台端,R02,身份与任职有效性,经办人须通过统一认证，当前任职身份在办理时点有效,阻断；重新选择身份或转授权,所有人工节点,规则版本、命中结果、输入摘要、处理结果
P017,电子签署,技术后台端,R03,组织数据范围,仅能查看和处理授权中心、部门、岗位或本人数据,拒绝访问并审计,查询/处理/导出,规则版本、命中结果、输入摘要、处理结果
P017,电子签署,技术后台端,R04,必填与格式,必填、类型、长度、时间区间、金额精度须通过服务端校验,退回当前表单,提交前,规则版本、命中结果、输入摘要、处理结果
P017,电子签署,技术后台端,R05,状态迁移,仅允许按已发布状态机迁移；重复回调返回原结果,阻断非法迁移,节点提交/回调,规则版本、命中结果、输入摘要、处理结果
P017,电子签署,技术后台端,R06,附件安全,附件完成病毒、格式、大小、敏感内容和权限校验,隔离附件并要求补充,上传/下载,规则版本、命中结果、输入摘要、处理结果
P017,电子签署,技术后台端,R07,敏感字段,P2/P3字段按最小必要显示；导出需审批、水印、短链和二次认证,拒绝或脱敏,查看/导出,规则版本、命中结果、输入摘要、处理结果
P017,电子签署,技术后台端,R08,版本一致性,历史实例固定流程、规则、表单和字典版本,版本冲突时禁止提交,保存/提交,规则版本、命中结果、输入摘要、处理结果
P017,电子签署,技术后台端,R09,关闭条件,关闭前必须完成必选子任务、结算/回执、异常和归档检查,转整改/待关闭,关闭节点,规则版本、命中结果、输入摘要、处理结果
P017,电子签署,技术后台端,R10,审计证据链,关键操作保留操作者、身份、时间、前后值、原因、哈希和请求ID,关键审计失败则阻断,全流程,规则版本、命中结果、输入摘要、处理结果
P017,电子签署,技术后台端,R11,文档不可变,签署发起后哈希、主体、顺序和关键数据不可修改,作废并新建批次,签署发起后,规则版本、命中结果、输入摘要、处理结果
P017,电子签署,技术后台端,R12,证据归档,文件、证书、时间戳、回调报文和验签结果成套归档,不得更新为已签署,签署完成,规则版本、命中结果、输入摘要、处理结果
P017,电子签署,技术后台端,,,,,,
P018,数据导入,技术后台端,R01,唯一性与幂等,同一业务对象、节点和幂等键不得重复创建有效单据,阻断并返回已有单号,所有提交/接口,规则版本、命中结果、输入摘要、处理结果
P018,数据导入,技术后台端,R02,身份与任职有效性,经办人须通过统一认证，当前任职身份在办理时点有效,阻断；重新选择身份或转授权,所有人工节点,规则版本、命中结果、输入摘要、处理结果
P018,数据导入,技术后台端,R03,组织数据范围,仅能查看和处理授权中心、部门、岗位或本人数据,拒绝访问并审计,查询/处理/导出,规则版本、命中结果、输入摘要、处理结果
P018,数据导入,技术后台端,R04,必填与格式,必填、类型、长度、时间区间、金额精度须通过服务端校验,退回当前表单,提交前,规则版本、命中结果、输入摘要、处理结果
P018,数据导入,技术后台端,R05,状态迁移,仅允许按已发布状态机迁移；重复回调返回原结果,阻断非法迁移,节点提交/回调,规则版本、命中结果、输入摘要、处理结果
P018,数据导入,技术后台端,R06,附件安全,附件完成病毒、格式、大小、敏感内容和权限校验,隔离附件并要求补充,上传/下载,规则版本、命中结果、输入摘要、处理结果
P018,数据导入,技术后台端,R07,敏感字段,P2/P3字段按最小必要显示；导出需审批、水印、短链和二次认证,拒绝或脱敏,查看/导出,规则版本、命中结果、输入摘要、处理结果
P018,数据导入,技术后台端,R08,版本一致性,历史实例固定流程、规则、表单和字典版本,版本冲突时禁止提交,保存/提交,规则版本、命中结果、输入摘要、处理结果
P018,数据导入,技术后台端,R09,关闭条件,关闭前必须完成必选子任务、结算/回执、异常和归档检查,转整改/待关闭,关闭节点,规则版本、命中结果、输入摘要、处理结果
P018,数据导入,技术后台端,R10,审计证据链,关键操作保留操作者、身份、时间、前后值、原因、哈希和请求ID,关键审计失败则阻断,全流程,规则版本、命中结果、输入摘要、处理结果
P018,数据导入,技术后台端,,,,,,
P019,敏感导出与文件下载,技术后台端,R01,唯一性与幂等,同一业务对象、节点和幂等键不得重复创建有效单据,阻断并返回已有单号,所有提交/接口,规则版本、命中结果、输入摘要、处理结果
P019,敏感导出与文件下载,技术后台端,R02,身份与任职有效性,经办人须通过统一认证，当前任职身份在办理时点有效,阻断；重新选择身份或转授权,所有人工节点,规则版本、命中结果、输入摘要、处理结果
P019,敏感导出与文件下载,技术后台端,R03,组织数据范围,仅能查看和处理授权中心、部门、岗位或本人数据,拒绝访问并审计,查询/处理/导出,规则版本、命中结果、输入摘要、处理结果
P019,敏感导出与文件下载,技术后台端,R04,必填与格式,必填、类型、长度、时间区间、金额精度须通过服务端校验,退回当前表单,提交前,规则版本、命中结果、输入摘要、处理结果
P019,敏感导出与文件下载,技术后台端,R05,状态迁移,仅允许按已发布状态机迁移；重复回调返回原结果,阻断非法迁移,节点提交/回调,规则版本、命中结果、输入摘要、处理结果
P019,敏感导出与文件下载,技术后台端,R06,附件安全,附件完成病毒、格式、大小、敏感内容和权限校验,隔离附件并要求补充,上传/下载,规则版本、命中结果、输入摘要、处理结果
P019,敏感导出与文件下载,技术后台端,R07,敏感字段,P2/P3字段按最小必要显示；导出需审批、水印、短链和二次认证,拒绝或脱敏,查看/导出,规则版本、命中结果、输入摘要、处理结果
P019,敏感导出与文件下载,技术后台端,R08,版本一致性,历史实例固定流程、规则、表单和字典版本,版本冲突时禁止提交,保存/提交,规则版本、命中结果、输入摘要、处理结果
P019,敏感导出与文件下载,技术后台端,R09,关闭条件,关闭前必须完成必选子任务、结算/回执、异常和归档检查,转整改/待关闭,关闭节点,规则版本、命中结果、输入摘要、处理结果
P019,敏感导出与文件下载,技术后台端,R10,审计证据链,关键操作保留操作者、身份、时间、前后值、原因、哈希和请求ID,关键审计失败则阻断,全流程,规则版本、命中结果、输入摘要、处理结果
P019,敏感导出与文件下载,技术后台端,,,,,,
P020,数据质量与修复,技术后台端,R01,唯一性与幂等,同一业务对象、节点和幂等键不得重复创建有效单据,阻断并返回已有单号,所有提交/接口,规则版本、命中结果、输入摘要、处理结果
P020,数据质量与修复,技术后台端,R02,身份与任职有效性,经办人须通过统一认证，当前任职身份在办理时点有效,阻断；重新选择身份或转授权,所有人工节点,规则版本、命中结果、输入摘要、处理结果
P020,数据质量与修复,技术后台端,R03,组织数据范围,仅能查看和处理授权中心、部门、岗位或本人数据,拒绝访问并审计,查询/处理/导出,规则版本、命中结果、输入摘要、处理结果
P020,数据质量与修复,技术后台端,R04,必填与格式,必填、类型、长度、时间区间、金额精度须通过服务端校验,退回当前表单,提交前,规则版本、命中结果、输入摘要、处理结果
P020,数据质量与修复,技术后台端,R05,状态迁移,仅允许按已发布状态机迁移；重复回调返回原结果,阻断非法迁移,节点提交/回调,规则版本、命中结果、输入摘要、处理结果
P020,数据质量与修复,技术后台端,R06,附件安全,附件完成病毒、格式、大小、敏感内容和权限校验,隔离附件并要求补充,上传/下载,规则版本、命中结果、输入摘要、处理结果
P020,数据质量与修复,技术后台端,R07,敏感字段,P2/P3字段按最小必要显示；导出需审批、水印、短链和二次认证,拒绝或脱敏,查看/导出,规则版本、命中结果、输入摘要、处理结果
P020,数据质量与修复,技术后台端,R08,版本一致性,历史实例固定流程、规则、表单和字典版本,版本冲突时禁止提交,保存/提交,规则版本、命中结果、输入摘要、处理结果
P020,数据质量与修复,技术后台端,R09,关闭条件,关闭前必须完成必选子任务、结算/回执、异常和归档检查,转整改/待关闭,关闭节点,规则版本、命中结果、输入摘要、处理结果
P020,数据质量与修复,技术后台端,R10,审计证据链,关键操作保留操作者、身份、时间、前后值、原因、哈希和请求ID,关键审计失败则阻断,全流程,规则版本、命中结果、输入摘要、处理结果
P020,数据质量与修复,技术后台端,,,,,,
P021,经营会议闭环,技术后台端,R01,唯一性与幂等,同一业务对象、节点和幂等键不得重复创建有效单据,阻断并返回已有单号,所有提交/接口,规则版本、命中结果、输入摘要、处理结果
P021,经营会议闭环,技术后台端,R02,身份与任职有效性,经办人须通过统一认证，当前任职身份在办理时点有效,阻断；重新选择身份或转授权,所有人工节点,规则版本、命中结果、输入摘要、处理结果
P021,经营会议闭环,技术后台端,R03,组织数据范围,仅能查看和处理授权中心、部门、岗位或本人数据,拒绝访问并审计,查询/处理/导出,规则版本、命中结果、输入摘要、处理结果
P021,经营会议闭环,技术后台端,R04,必填与格式,必填、类型、长度、时间区间、金额精度须通过服务端校验,退回当前表单,提交前,规则版本、命中结果、输入摘要、处理结果
P021,经营会议闭环,技术后台端,R05,状态迁移,仅允许按已发布状态机迁移；重复回调返回原结果,阻断非法迁移,节点提交/回调,规则版本、命中结果、输入摘要、处理结果
P021,经营会议闭环,技术后台端,R06,附件安全,附件完成病毒、格式、大小、敏感内容和权限校验,隔离附件并要求补充,上传/下载,规则版本、命中结果、输入摘要、处理结果
P021,经营会议闭环,技术后台端,R07,敏感字段,P2/P3字段按最小必要显示；导出需审批、水印、短链和二次认证,拒绝或脱敏,查看/导出,规则版本、命中结果、输入摘要、处理结果
P021,经营会议闭环,技术后台端,R08,版本一致性,历史实例固定流程、规则、表单和字典版本,版本冲突时禁止提交,保存/提交,规则版本、命中结果、输入摘要、处理结果
P021,经营会议闭环,技术后台端,R09,关闭条件,关闭前必须完成必选子任务、结算/回执、异常和归档检查,转整改/待关闭,关闭节点,规则版本、命中结果、输入摘要、处理结果
P021,经营会议闭环,技术后台端,R10,审计证据链,关键操作保留操作者、身份、时间、前后值、原因、哈希和请求ID,关键审计失败则阻断,全流程,规则版本、命中结果、输入摘要、处理结果
P021,经营会议闭环,技术后台端,,,,,,
P022,总裁指令闭环,技术后台端,R01,唯一性与幂等,同一业务对象、节点和幂等键不得重复创建有效单据,阻断并返回已有单号,所有提交/接口,规则版本、命中结果、输入摘要、处理结果
P022,总裁指令闭环,技术后台端,R02,身份与任职有效性,经办人须通过统一认证，当前任职身份在办理时点有效,阻断；重新选择身份或转授权,所有人工节点,规则版本、命中结果、输入摘要、处理结果
P022,总裁指令闭环,技术后台端,R03,组织数据范围,仅能查看和处理授权中心、部门、岗位或本人数据,拒绝访问并审计,查询/处理/导出,规则版本、命中结果、输入摘要、处理结果
P022,总裁指令闭环,技术后台端,R04,必填与格式,必填、类型、长度、时间区间、金额精度须通过服务端校验,退回当前表单,提交前,规则版本、命中结果、输入摘要、处理结果
P022,总裁指令闭环,技术后台端,R05,状态迁移,仅允许按已发布状态机迁移；重复回调返回原结果,阻断非法迁移,节点提交/回调,规则版本、命中结果、输入摘要、处理结果
P022,总裁指令闭环,技术后台端,R06,附件安全,附件完成病毒、格式、大小、敏感内容和权限校验,隔离附件并要求补充,上传/下载,规则版本、命中结果、输入摘要、处理结果
P022,总裁指令闭环,技术后台端,R07,敏感字段,P2/P3字段按最小必要显示；导出需审批、水印、短链和二次认证,拒绝或脱敏,查看/导出,规则版本、命中结果、输入摘要、处理结果
P022,总裁指令闭环,技术后台端,R08,版本一致性,历史实例固定流程、规则、表单和字典版本,版本冲突时禁止提交,保存/提交,规则版本、命中结果、输入摘要、处理结果
P022,总裁指令闭环,技术后台端,R09,关闭条件,关闭前必须完成必选子任务、结算/回执、异常和归档检查,转整改/待关闭,关闭节点,规则版本、命中结果、输入摘要、处理结果
P022,总裁指令闭环,技术后台端,R10,审计证据链,关键操作保留操作者、身份、时间、前后值、原因、哈希和请求ID,关键审计失败则阻断,全流程,规则版本、命中结果、输入摘要、处理结果
P022,总裁指令闭环,技术后台端,,,,,,
P023,重大事项升级,技术后台端,R01,唯一性与幂等,同一业务对象、节点和幂等键不得重复创建有效单据,阻断并返回已有单号,所有提交/接口,规则版本、命中结果、输入摘要、处理结果
P023,重大事项升级,技术后台端,R02,身份与任职有效性,经办人须通过统一认证，当前任职身份在办理时点有效,阻断；重新选择身份或转授权,所有人工节点,规则版本、命中结果、输入摘要、处理结果
P023,重大事项升级,技术后台端,R03,组织数据范围,仅能查看和处理授权中心、部门、岗位或本人数据,拒绝访问并审计,查询/处理/导出,规则版本、命中结果、输入摘要、处理结果
P023,重大事项升级,技术后台端,R04,必填与格式,必填、类型、长度、时间区间、金额精度须通过服务端校验,退回当前表单,提交前,规则版本、命中结果、输入摘要、处理结果
P023,重大事项升级,技术后台端,R05,状态迁移,仅允许按已发布状态机迁移；重复回调返回原结果,阻断非法迁移,节点提交/回调,规则版本、命中结果、输入摘要、处理结果
P023,重大事项升级,技术后台端,R06,附件安全,附件完成病毒、格式、大小、敏感内容和权限校验,隔离附件并要求补充,上传/下载,规则版本、命中结果、输入摘要、处理结果
P023,重大事项升级,技术后台端,R07,敏感字段,P2/P3字段按最小必要显示；导出需审批、水印、短链和二次认证,拒绝或脱敏,查看/导出,规则版本、命中结果、输入摘要、处理结果
P023,重大事项升级,技术后台端,R08,版本一致性,历史实例固定流程、规则、表单和字典版本,版本冲突时禁止提交,保存/提交,规则版本、命中结果、输入摘要、处理结果
P023,重大事项升级,技术后台端,R09,关闭条件,关闭前必须完成必选子任务、结算/回执、异常和归档检查,转整改/待关闭,关闭节点,规则版本、命中结果、输入摘要、处理结果
P023,重大事项升级,技术后台端,R10,审计证据链,关键操作保留操作者、身份、时间、前后值、原因、哈希和请求ID,关键审计失败则阻断,全流程,规则版本、命中结果、输入摘要、处理结果
P023,重大事项升级,技术后台端,R11,先行止险,人员安全优先；重大事件允许先处置后补单，但不得删除证据,立即升级并锁证,事件触发,规则版本、命中结果、输入摘要、处理结果
P023,重大事项升级,技术后台端,R12,唯一案件,同一事件保留一个主案件，相关工单、投诉、维修、赔付为子单,合并或关联已有案件,立案,规则版本、命中结果、输入摘要、处理结果
P023,重大事项升级,技术后台端,,,,,,
P024,预算闭环,技术后台端,R01,唯一性与幂等,同一业务对象、节点和幂等键不得重复创建有效单据,阻断并返回已有单号,所有提交/接口,规则版本、命中结果、输入摘要、处理结果
P024,预算闭环,技术后台端,R02,身份与任职有效性,经办人须通过统一认证，当前任职身份在办理时点有效,阻断；重新选择身份或转授权,所有人工节点,规则版本、命中结果、输入摘要、处理结果
P024,预算闭环,技术后台端,R03,组织数据范围,仅能查看和处理授权中心、部门、岗位或本人数据,拒绝访问并审计,查询/处理/导出,规则版本、命中结果、输入摘要、处理结果
P024,预算闭环,技术后台端,R04,必填与格式,必填、类型、长度、时间区间、金额精度须通过服务端校验,退回当前表单,提交前,规则版本、命中结果、输入摘要、处理结果
P024,预算闭环,技术后台端,R05,状态迁移,仅允许按已发布状态机迁移；重复回调返回原结果,阻断非法迁移,节点提交/回调,规则版本、命中结果、输入摘要、处理结果
P024,预算闭环,技术后台端,R06,附件安全,附件完成病毒、格式、大小、敏感内容和权限校验,隔离附件并要求补充,上传/下载,规则版本、命中结果、输入摘要、处理结果
P024,预算闭环,技术后台端,R07,敏感字段,P2/P3字段按最小必要显示；导出需审批、水印、短链和二次认证,拒绝或脱敏,查看/导出,规则版本、命中结果、输入摘要、处理结果
P024,预算闭环,技术后台端,R08,版本一致性,历史实例固定流程、规则、表单和字典版本,版本冲突时禁止提交,保存/提交,规则版本、命中结果、输入摘要、处理结果
P024,预算闭环,技术后台端,R09,关闭条件,关闭前必须完成必选子任务、结算/回执、异常和归档检查,转整改/待关闭,关闭节点,规则版本、命中结果、输入摘要、处理结果
P024,预算闭环,技术后台端,R10,审计证据链,关键操作保留操作者、身份、时间、前后值、原因、哈希和请求ID,关键审计失败则阻断,全流程,规则版本、命中结果、输入摘要、处理结果
P024,预算闭环,技术后台端,R11,金额与预算,金额非负，核定金额不超申请与可用预算，币种税率匹配规则,阻断并提示差异,金额保存/付款前,规则版本、命中结果、输入摘要、处理结果
P024,预算闭环,技术后台端,R12,票据防重,发票代码、号码、日期、金额和影像哈希联合防重,阻断重复报销/付款,票据提交,规则版本、命中结果、输入摘要、处理结果
P024,预算闭环,技术后台端,,,,,,
P025,报销闭环,技术后台端,R01,唯一性与幂等,同一业务对象、节点和幂等键不得重复创建有效单据,阻断并返回已有单号,所有提交/接口,规则版本、命中结果、输入摘要、处理结果
P025,报销闭环,技术后台端,R02,身份与任职有效性,经办人须通过统一认证，当前任职身份在办理时点有效,阻断；重新选择身份或转授权,所有人工节点,规则版本、命中结果、输入摘要、处理结果
P025,报销闭环,技术后台端,R03,组织数据范围,仅能查看和处理授权中心、部门、岗位或本人数据,拒绝访问并审计,查询/处理/导出,规则版本、命中结果、输入摘要、处理结果
P025,报销闭环,技术后台端,R04,必填与格式,必填、类型、长度、时间区间、金额精度须通过服务端校验,退回当前表单,提交前,规则版本、命中结果、输入摘要、处理结果
P025,报销闭环,技术后台端,R05,状态迁移,仅允许按已发布状态机迁移；重复回调返回原结果,阻断非法迁移,节点提交/回调,规则版本、命中结果、输入摘要、处理结果
P025,报销闭环,技术后台端,R06,附件安全,附件完成病毒、格式、大小、敏感内容和权限校验,隔离附件并要求补充,上传/下载,规则版本、命中结果、输入摘要、处理结果
P025,报销闭环,技术后台端,R07,敏感字段,P2/P3字段按最小必要显示；导出需审批、水印、短链和二次认证,拒绝或脱敏,查看/导出,规则版本、命中结果、输入摘要、处理结果
P025,报销闭环,技术后台端,R08,版本一致性,历史实例固定流程、规则、表单和字典版本,版本冲突时禁止提交,保存/提交,规则版本、命中结果、输入摘要、处理结果
P025,报销闭环,技术后台端,R09,关闭条件,关闭前必须完成必选子任务、结算/回执、异常和归档检查,转整改/待关闭,关闭节点,规则版本、命中结果、输入摘要、处理结果
P025,报销闭环,技术后台端,R10,审计证据链,关键操作保留操作者、身份、时间、前后值、原因、哈希和请求ID,关键审计失败则阻断,全流程,规则版本、命中结果、输入摘要、处理结果
P025,报销闭环,技术后台端,R11,金额与预算,金额非负，核定金额不超申请与可用预算，币种税率匹配规则,阻断并提示差异,金额保存/付款前,规则版本、命中结果、输入摘要、处理结果
P025,报销闭环,技术后台端,R12,票据防重,发票代码、号码、日期、金额和影像哈希联合防重,阻断重复报销/付款,票据提交,规则版本、命中结果、输入摘要、处理结果
P025,报销闭环,技术后台端,,,,,,
P026,借款核销,技术后台端,R01,唯一性与幂等,同一业务对象、节点和幂等键不得重复创建有效单据,阻断并返回已有单号,所有提交/接口,规则版本、命中结果、输入摘要、处理结果
P026,借款核销,技术后台端,R02,身份与任职有效性,经办人须通过统一认证，当前任职身份在办理时点有效,阻断；重新选择身份或转授权,所有人工节点,规则版本、命中结果、输入摘要、处理结果
P026,借款核销,技术后台端,R03,组织数据范围,仅能查看和处理授权中心、部门、岗位或本人数据,拒绝访问并审计,查询/处理/导出,规则版本、命中结果、输入摘要、处理结果
P026,借款核销,技术后台端,R04,必填与格式,必填、类型、长度、时间区间、金额精度须通过服务端校验,退回当前表单,提交前,规则版本、命中结果、输入摘要、处理结果
P026,借款核销,技术后台端,R05,状态迁移,仅允许按已发布状态机迁移；重复回调返回原结果,阻断非法迁移,节点提交/回调,规则版本、命中结果、输入摘要、处理结果
P026,借款核销,技术后台端,R06,附件安全,附件完成病毒、格式、大小、敏感内容和权限校验,隔离附件并要求补充,上传/下载,规则版本、命中结果、输入摘要、处理结果
P026,借款核销,技术后台端,R07,敏感字段,P2/P3字段按最小必要显示；导出需审批、水印、短链和二次认证,拒绝或脱敏,查看/导出,规则版本、命中结果、输入摘要、处理结果
P026,借款核销,技术后台端,R08,版本一致性,历史实例固定流程、规则、表单和字典版本,版本冲突时禁止提交,保存/提交,规则版本、命中结果、输入摘要、处理结果
P026,借款核销,技术后台端,R09,关闭条件,关闭前必须完成必选子任务、结算/回执、异常和归档检查,转整改/待关闭,关闭节点,规则版本、命中结果、输入摘要、处理结果
P026,借款核销,技术后台端,R10,审计证据链,关键操作保留操作者、身份、时间、前后值、原因、哈希和请求ID,关键审计失败则阻断,全流程,规则版本、命中结果、输入摘要、处理结果
P026,借款核销,技术后台端,R11,金额与预算,金额非负，核定金额不超申请与可用预算，币种税率匹配规则,阻断并提示差异,金额保存/付款前,规则版本、命中结果、输入摘要、处理结果
P026,借款核销,技术后台端,R12,票据防重,发票代码、号码、日期、金额和影像哈希联合防重,阻断重复报销/付款,票据提交,规则版本、命中结果、输入摘要、处理结果
P026,借款核销,技术后台端,R11,订单票码一致性,订单、支付、票码、核销、退款状态最终一致；冻结票码不得核销,进入差异队列,核销/退款,规则版本、命中结果、输入摘要、处理结果
P026,借款核销,技术后台端,R12,防重复核销,同一票码同一权益仅成功核销一次，离线回传幂等合并,返回原结果/转差异,核销,规则版本、命中结果、输入摘要、处理结果
P026,借款核销,技术后台端,,,,,,
P027,跨系统对账,技术后台端,R01,唯一性与幂等,同一业务对象、节点和幂等键不得重复创建有效单据,阻断并返回已有单号,所有提交/接口,规则版本、命中结果、输入摘要、处理结果
P027,跨系统对账,技术后台端,R02,身份与任职有效性,经办人须通过统一认证，当前任职身份在办理时点有效,阻断；重新选择身份或转授权,所有人工节点,规则版本、命中结果、输入摘要、处理结果
P027,跨系统对账,技术后台端,R03,组织数据范围,仅能查看和处理授权中心、部门、岗位或本人数据,拒绝访问并审计,查询/处理/导出,规则版本、命中结果、输入摘要、处理结果
P027,跨系统对账,技术后台端,R04,必填与格式,必填、类型、长度、时间区间、金额精度须通过服务端校验,退回当前表单,提交前,规则版本、命中结果、输入摘要、处理结果
P027,跨系统对账,技术后台端,R05,状态迁移,仅允许按已发布状态机迁移；重复回调返回原结果,阻断非法迁移,节点提交/回调,规则版本、命中结果、输入摘要、处理结果
P027,跨系统对账,技术后台端,R06,附件安全,附件完成病毒、格式、大小、敏感内容和权限校验,隔离附件并要求补充,上传/下载,规则版本、命中结果、输入摘要、处理结果
P027,跨系统对账,技术后台端,R07,敏感字段,P2/P3字段按最小必要显示；导出需审批、水印、短链和二次认证,拒绝或脱敏,查看/导出,规则版本、命中结果、输入摘要、处理结果
P027,跨系统对账,技术后台端,R08,版本一致性,历史实例固定流程、规则、表单和字典版本,版本冲突时禁止提交,保存/提交,规则版本、命中结果、输入摘要、处理结果
P027,跨系统对账,技术后台端,R09,关闭条件,关闭前必须完成必选子任务、结算/回执、异常和归档检查,转整改/待关闭,关闭节点,规则版本、命中结果、输入摘要、处理结果
P027,跨系统对账,技术后台端,R10,审计证据链,关键操作保留操作者、身份、时间、前后值、原因、哈希和请求ID,关键审计失败则阻断,全流程,规则版本、命中结果、输入摘要、处理结果
P027,跨系统对账,技术后台端,R11,金额与预算,金额非负，核定金额不超申请与可用预算，币种税率匹配规则,阻断并提示差异,金额保存/付款前,规则版本、命中结果、输入摘要、处理结果
P027,跨系统对账,技术后台端,R12,票据防重,发票代码、号码、日期、金额和影像哈希联合防重,阻断重复报销/付款,票据提交,规则版本、命中结果、输入摘要、处理结果
P027,跨系统对账,技术后台端,,,,,,
P028,录用入职闭环,技术后台端,R01,唯一性与幂等,同一业务对象、节点和幂等键不得重复创建有效单据,阻断并返回已有单号,所有提交/接口,规则版本、命中结果、输入摘要、处理结果
P028,录用入职闭环,技术后台端,R02,身份与任职有效性,经办人须通过统一认证，当前任职身份在办理时点有效,阻断；重新选择身份或转授权,所有人工节点,规则版本、命中结果、输入摘要、处理结果
P028,录用入职闭环,技术后台端,R03,组织数据范围,仅能查看和处理授权中心、部门、岗位或本人数据,拒绝访问并审计,查询/处理/导出,规则版本、命中结果、输入摘要、处理结果
P028,录用入职闭环,技术后台端,R04,必填与格式,必填、类型、长度、时间区间、金额精度须通过服务端校验,退回当前表单,提交前,规则版本、命中结果、输入摘要、处理结果
P028,录用入职闭环,技术后台端,R05,状态迁移,仅允许按已发布状态机迁移；重复回调返回原结果,阻断非法迁移,节点提交/回调,规则版本、命中结果、输入摘要、处理结果
P028,录用入职闭环,技术后台端,R06,附件安全,附件完成病毒、格式、大小、敏感内容和权限校验,隔离附件并要求补充,上传/下载,规则版本、命中结果、输入摘要、处理结果
P028,录用入职闭环,技术后台端,R07,敏感字段,P2/P3字段按最小必要显示；导出需审批、水印、短链和二次认证,拒绝或脱敏,查看/导出,规则版本、命中结果、输入摘要、处理结果
P028,录用入职闭环,技术后台端,R08,版本一致性,历史实例固定流程、规则、表单和字典版本,版本冲突时禁止提交,保存/提交,规则版本、命中结果、输入摘要、处理结果
P028,录用入职闭环,技术后台端,R09,关闭条件,关闭前必须完成必选子任务、结算/回执、异常和归档检查,转整改/待关闭,关闭节点,规则版本、命中结果、输入摘要、处理结果
P028,录用入职闭环,技术后台端,R10,审计证据链,关键操作保留操作者、身份、时间、前后值、原因、哈希和请求ID,关键审计失败则阻断,全流程,规则版本、命中结果、输入摘要、处理结果
P028,录用入职闭环,技术后台端,R11,金额与预算,金额非负，核定金额不超申请与可用预算，币种税率匹配规则,阻断并提示差异,金额保存/付款前,规则版本、命中结果、输入摘要、处理结果
P028,录用入职闭环,技术后台端,R12,票据防重,发票代码、号码、日期、金额和影像哈希联合防重,阻断重复报销/付款,票据提交,规则版本、命中结果、输入摘要、处理结果
P028,录用入职闭环,技术后台端,R11,文档不可变,签署发起后哈希、主体、顺序和关键数据不可修改,作废并新建批次,签署发起后,规则版本、命中结果、输入摘要、处理结果
P028,录用入职闭环,技术后台端,R12,证据归档,文件、证书、时间戳、回调报文和验签结果成套归档,不得更新为已签署,签署完成,规则版本、命中结果、输入摘要、处理结果
P028,录用入职闭环,技术后台端,,,,,,
P029,调岗闭环,技术后台端,R01,唯一性与幂等,同一业务对象、节点和幂等键不得重复创建有效单据,阻断并返回已有单号,所有提交/接口,规则版本、命中结果、输入摘要、处理结果
P029,调岗闭环,技术后台端,R02,身份与任职有效性,经办人须通过统一认证，当前任职身份在办理时点有效,阻断；重新选择身份或转授权,所有人工节点,规则版本、命中结果、输入摘要、处理结果
P029,调岗闭环,技术后台端,R03,组织数据范围,仅能查看和处理授权中心、部门、岗位或本人数据,拒绝访问并审计,查询/处理/导出,规则版本、命中结果、输入摘要、处理结果
P029,调岗闭环,技术后台端,R04,必填与格式,必填、类型、长度、时间区间、金额精度须通过服务端校验,退回当前表单,提交前,规则版本、命中结果、输入摘要、处理结果
P029,调岗闭环,技术后台端,R05,状态迁移,仅允许按已发布状态机迁移；重复回调返回原结果,阻断非法迁移,节点提交/回调,规则版本、命中结果、输入摘要、处理结果
P029,调岗闭环,技术后台端,R06,附件安全,附件完成病毒、格式、大小、敏感内容和权限校验,隔离附件并要求补充,上传/下载,规则版本、命中结果、输入摘要、处理结果
P029,调岗闭环,技术后台端,R07,敏感字段,P2/P3字段按最小必要显示；导出需审批、水印、短链和二次认证,拒绝或脱敏,查看/导出,规则版本、命中结果、输入摘要、处理结果
P029,调岗闭环,技术后台端,R08,版本一致性,历史实例固定流程、规则、表单和字典版本,版本冲突时禁止提交,保存/提交,规则版本、命中结果、输入摘要、处理结果
P029,调岗闭环,技术后台端,R09,关闭条件,关闭前必须完成必选子任务、结算/回执、异常和归档检查,转整改/待关闭,关闭节点,规则版本、命中结果、输入摘要、处理结果
P029,调岗闭环,技术后台端,R10,审计证据链,关键操作保留操作者、身份、时间、前后值、原因、哈希和请求ID,关键审计失败则阻断,全流程,规则版本、命中结果、输入摘要、处理结果
P029,调岗闭环,技术后台端,R11,时间重叠,假勤、排班、加班区间不得与已生效记录冲突,阻断或转例外审批,时间提交,规则版本、命中结果、输入摘要、处理结果
P029,调岗闭环,技术后台端,R12,额度账本,额度只通过预占、扣减、释放和差额调整流水变更,转账本调整单,审批/销假,规则版本、命中结果、输入摘要、处理结果
P029,调岗闭环,技术后台端,R11,文档不可变,签署发起后哈希、主体、顺序和关键数据不可修改,作废并新建批次,签署发起后,规则版本、命中结果、输入摘要、处理结果
P029,调岗闭环,技术后台端,R12,证据归档,文件、证书、时间戳、回调报文和验签结果成套归档,不得更新为已签署,签署完成,规则版本、命中结果、输入摘要、处理结果
P029,调岗闭环,技术后台端,,,,,,
P030,离职闭环,技术后台端,R01,唯一性与幂等,同一业务对象、节点和幂等键不得重复创建有效单据,阻断并返回已有单号,所有提交/接口,规则版本、命中结果、输入摘要、处理结果
P030,离职闭环,技术后台端,R02,身份与任职有效性,经办人须通过统一认证，当前任职身份在办理时点有效,阻断；重新选择身份或转授权,所有人工节点,规则版本、命中结果、输入摘要、处理结果
P030,离职闭环,技术后台端,R03,组织数据范围,仅能查看和处理授权中心、部门、岗位或本人数据,拒绝访问并审计,查询/处理/导出,规则版本、命中结果、输入摘要、处理结果
P030,离职闭环,技术后台端,R04,必填与格式,必填、类型、长度、时间区间、金额精度须通过服务端校验,退回当前表单,提交前,规则版本、命中结果、输入摘要、处理结果
P030,离职闭环,技术后台端,R05,状态迁移,仅允许按已发布状态机迁移；重复回调返回原结果,阻断非法迁移,节点提交/回调,规则版本、命中结果、输入摘要、处理结果
P030,离职闭环,技术后台端,R06,附件安全,附件完成病毒、格式、大小、敏感内容和权限校验,隔离附件并要求补充,上传/下载,规则版本、命中结果、输入摘要、处理结果
P030,离职闭环,技术后台端,R07,敏感字段,P2/P3字段按最小必要显示；导出需审批、水印、短链和二次认证,拒绝或脱敏,查看/导出,规则版本、命中结果、输入摘要、处理结果
P030,离职闭环,技术后台端,R08,版本一致性,历史实例固定流程、规则、表单和字典版本,版本冲突时禁止提交,保存/提交,规则版本、命中结果、输入摘要、处理结果
P030,离职闭环,技术后台端,R09,关闭条件,关闭前必须完成必选子任务、结算/回执、异常和归档检查,转整改/待关闭,关闭节点,规则版本、命中结果、输入摘要、处理结果
P030,离职闭环,技术后台端,R10,审计证据链,关键操作保留操作者、身份、时间、前后值、原因、哈希和请求ID,关键审计失败则阻断,全流程,规则版本、命中结果、输入摘要、处理结果
P030,离职闭环,技术后台端,R11,金额与预算,金额非负，核定金额不超申请与可用预算，币种税率匹配规则,阻断并提示差异,金额保存/付款前,规则版本、命中结果、输入摘要、处理结果
P030,离职闭环,技术后台端,R12,票据防重,发票代码、号码、日期、金额和影像哈希联合防重,阻断重复报销/付款,票据提交,规则版本、命中结果、输入摘要、处理结果
P030,离职闭环,技术后台端,R11,库存非负与锁定,可用量=账面量-锁定量，出库不得导致负库存,阻断并提示缺口,锁定/出库,规则版本、命中结果、输入摘要、处理结果
P030,离职闭环,技术后台端,R12,批次序列追溯,需追溯物品必须一物一码/一批一码，状态变更保留流水,阻断无编码操作,入库/出库/报损,规则版本、命中结果、输入摘要、处理结果
P030,离职闭环,技术后台端,,,,,,
P031,归档接收,技术后台端,R01,唯一性与幂等,同一业务对象、节点和幂等键不得重复创建有效单据,阻断并返回已有单号,所有提交/接口,规则版本、命中结果、输入摘要、处理结果
P031,归档接收,技术后台端,R02,身份与任职有效性,经办人须通过统一认证，当前任职身份在办理时点有效,阻断；重新选择身份或转授权,所有人工节点,规则版本、命中结果、输入摘要、处理结果
P031,归档接收,技术后台端,R03,组织数据范围,仅能查看和处理授权中心、部门、岗位或本人数据,拒绝访问并审计,查询/处理/导出,规则版本、命中结果、输入摘要、处理结果
P031,归档接收,技术后台端,R04,必填与格式,必填、类型、长度、时间区间、金额精度须通过服务端校验,退回当前表单,提交前,规则版本、命中结果、输入摘要、处理结果
P031,归档接收,技术后台端,R05,状态迁移,仅允许按已发布状态机迁移；重复回调返回原结果,阻断非法迁移,节点提交/回调,规则版本、命中结果、输入摘要、处理结果
P031,归档接收,技术后台端,R06,附件安全,附件完成病毒、格式、大小、敏感内容和权限校验,隔离附件并要求补充,上传/下载,规则版本、命中结果、输入摘要、处理结果
P031,归档接收,技术后台端,R07,敏感字段,P2/P3字段按最小必要显示；导出需审批、水印、短链和二次认证,拒绝或脱敏,查看/导出,规则版本、命中结果、输入摘要、处理结果
P031,归档接收,技术后台端,R08,版本一致性,历史实例固定流程、规则、表单和字典版本,版本冲突时禁止提交,保存/提交,规则版本、命中结果、输入摘要、处理结果
P031,归档接收,技术后台端,R09,关闭条件,关闭前必须完成必选子任务、结算/回执、异常和归档检查,转整改/待关闭,关闭节点,规则版本、命中结果、输入摘要、处理结果
P031,归档接收,技术后台端,R10,审计证据链,关键操作保留操作者、身份、时间、前后值、原因、哈希和请求ID,关键审计失败则阻断,全流程,规则版本、命中结果、输入摘要、处理结果
P031,归档接收,技术后台端,R11,库存非负与锁定,可用量=账面量-锁定量，出库不得导致负库存,阻断并提示缺口,锁定/出库,规则版本、命中结果、输入摘要、处理结果
P031,归档接收,技术后台端,R12,批次序列追溯,需追溯物品必须一物一码/一批一码，状态变更保留流水,阻断无编码操作,入库/出库/报损,规则版本、命中结果、输入摘要、处理结果
P031,归档接收,技术后台端,,,,,,
P032,借阅归还,技术后台端,R01,唯一性与幂等,同一业务对象、节点和幂等键不得重复创建有效单据,阻断并返回已有单号,所有提交/接口,规则版本、命中结果、输入摘要、处理结果
P032,借阅归还,技术后台端,R02,身份与任职有效性,经办人须通过统一认证，当前任职身份在办理时点有效,阻断；重新选择身份或转授权,所有人工节点,规则版本、命中结果、输入摘要、处理结果
P032,借阅归还,技术后台端,R03,组织数据范围,仅能查看和处理授权中心、部门、岗位或本人数据,拒绝访问并审计,查询/处理/导出,规则版本、命中结果、输入摘要、处理结果
P032,借阅归还,技术后台端,R04,必填与格式,必填、类型、长度、时间区间、金额精度须通过服务端校验,退回当前表单,提交前,规则版本、命中结果、输入摘要、处理结果
P032,借阅归还,技术后台端,R05,状态迁移,仅允许按已发布状态机迁移；重复回调返回原结果,阻断非法迁移,节点提交/回调,规则版本、命中结果、输入摘要、处理结果
P032,借阅归还,技术后台端,R06,附件安全,附件完成病毒、格式、大小、敏感内容和权限校验,隔离附件并要求补充,上传/下载,规则版本、命中结果、输入摘要、处理结果
P032,借阅归还,技术后台端,R07,敏感字段,P2/P3字段按最小必要显示；导出需审批、水印、短链和二次认证,拒绝或脱敏,查看/导出,规则版本、命中结果、输入摘要、处理结果
P032,借阅归还,技术后台端,R08,版本一致性,历史实例固定流程、规则、表单和字典版本,版本冲突时禁止提交,保存/提交,规则版本、命中结果、输入摘要、处理结果
P032,借阅归还,技术后台端,R09,关闭条件,关闭前必须完成必选子任务、结算/回执、异常和归档检查,转整改/待关闭,关闭节点,规则版本、命中结果、输入摘要、处理结果
P032,借阅归还,技术后台端,R10,审计证据链,关键操作保留操作者、身份、时间、前后值、原因、哈希和请求ID,关键审计失败则阻断,全流程,规则版本、命中结果、输入摘要、处理结果
P032,借阅归还,技术后台端,R11,库存非负与锁定,可用量=账面量-锁定量，出库不得导致负库存,阻断并提示缺口,锁定/出库,规则版本、命中结果、输入摘要、处理结果
P032,借阅归还,技术后台端,R12,批次序列追溯,需追溯物品必须一物一码/一批一码，状态变更保留流水,阻断无编码操作,入库/出库/报损,规则版本、命中结果、输入摘要、处理结果
P032,借阅归还,技术后台端,,,,,,
P033,销毁鉴定,技术后台端,R01,唯一性与幂等,同一业务对象、节点和幂等键不得重复创建有效单据,阻断并返回已有单号,所有提交/接口,规则版本、命中结果、输入摘要、处理结果
P033,销毁鉴定,技术后台端,R02,身份与任职有效性,经办人须通过统一认证，当前任职身份在办理时点有效,阻断；重新选择身份或转授权,所有人工节点,规则版本、命中结果、输入摘要、处理结果
P033,销毁鉴定,技术后台端,R03,组织数据范围,仅能查看和处理授权中心、部门、岗位或本人数据,拒绝访问并审计,查询/处理/导出,规则版本、命中结果、输入摘要、处理结果
P033,销毁鉴定,技术后台端,R04,必填与格式,必填、类型、长度、时间区间、金额精度须通过服务端校验,退回当前表单,提交前,规则版本、命中结果、输入摘要、处理结果
P033,销毁鉴定,技术后台端,R05,状态迁移,仅允许按已发布状态机迁移；重复回调返回原结果,阻断非法迁移,节点提交/回调,规则版本、命中结果、输入摘要、处理结果
P033,销毁鉴定,技术后台端,R06,附件安全,附件完成病毒、格式、大小、敏感内容和权限校验,隔离附件并要求补充,上传/下载,规则版本、命中结果、输入摘要、处理结果
P033,销毁鉴定,技术后台端,R07,敏感字段,P2/P3字段按最小必要显示；导出需审批、水印、短链和二次认证,拒绝或脱敏,查看/导出,规则版本、命中结果、输入摘要、处理结果
P033,销毁鉴定,技术后台端,R08,版本一致性,历史实例固定流程、规则、表单和字典版本,版本冲突时禁止提交,保存/提交,规则版本、命中结果、输入摘要、处理结果
P033,销毁鉴定,技术后台端,R09,关闭条件,关闭前必须完成必选子任务、结算/回执、异常和归档检查,转整改/待关闭,关闭节点,规则版本、命中结果、输入摘要、处理结果
P033,销毁鉴定,技术后台端,R10,审计证据链,关键操作保留操作者、身份、时间、前后值、原因、哈希和请求ID,关键审计失败则阻断,全流程,规则版本、命中结果、输入摘要、处理结果
P033,销毁鉴定,技术后台端,,,,,,
P034,标准采购,技术后台端,R01,唯一性与幂等,同一业务对象、节点和幂等键不得重复创建有效单据,阻断并返回已有单号,所有提交/接口,规则版本、命中结果、输入摘要、处理结果
P034,标准采购,技术后台端,R02,身份与任职有效性,经办人须通过统一认证，当前任职身份在办理时点有效,阻断；重新选择身份或转授权,所有人工节点,规则版本、命中结果、输入摘要、处理结果
P034,标准采购,技术后台端,R03,组织数据范围,仅能查看和处理授权中心、部门、岗位或本人数据,拒绝访问并审计,查询/处理/导出,规则版本、命中结果、输入摘要、处理结果
P034,标准采购,技术后台端,R04,必填与格式,必填、类型、长度、时间区间、金额精度须通过服务端校验,退回当前表单,提交前,规则版本、命中结果、输入摘要、处理结果
P034,标准采购,技术后台端,R05,状态迁移,仅允许按已发布状态机迁移；重复回调返回原结果,阻断非法迁移,节点提交/回调,规则版本、命中结果、输入摘要、处理结果
P034,标准采购,技术后台端,R06,附件安全,附件完成病毒、格式、大小、敏感内容和权限校验,隔离附件并要求补充,上传/下载,规则版本、命中结果、输入摘要、处理结果
P034,标准采购,技术后台端,R07,敏感字段,P2/P3字段按最小必要显示；导出需审批、水印、短链和二次认证,拒绝或脱敏,查看/导出,规则版本、命中结果、输入摘要、处理结果
P034,标准采购,技术后台端,R08,版本一致性,历史实例固定流程、规则、表单和字典版本,版本冲突时禁止提交,保存/提交,规则版本、命中结果、输入摘要、处理结果
P034,标准采购,技术后台端,R09,关闭条件,关闭前必须完成必选子任务、结算/回执、异常和归档检查,转整改/待关闭,关闭节点,规则版本、命中结果、输入摘要、处理结果
P034,标准采购,技术后台端,R10,审计证据链,关键操作保留操作者、身份、时间、前后值、原因、哈希和请求ID,关键审计失败则阻断,全流程,规则版本、命中结果、输入摘要、处理结果
P034,标准采购,技术后台端,R11,金额与预算,金额非负，核定金额不超申请与可用预算，币种税率匹配规则,阻断并提示差异,金额保存/付款前,规则版本、命中结果、输入摘要、处理结果
P034,标准采购,技术后台端,R12,票据防重,发票代码、号码、日期、金额和影像哈希联合防重,阻断重复报销/付款,票据提交,规则版本、命中结果、输入摘要、处理结果
P034,标准采购,技术后台端,R11,订单票码一致性,订单、支付、票码、核销、退款状态最终一致；冻结票码不得核销,进入差异队列,核销/退款,规则版本、命中结果、输入摘要、处理结果
P034,标准采购,技术后台端,R12,防重复核销,同一票码同一权益仅成功核销一次，离线回传幂等合并,返回原结果/转差异,核销,规则版本、命中结果、输入摘要、处理结果
P034,标准采购,技术后台端,R11,库存非负与锁定,可用量=账面量-锁定量，出库不得导致负库存,阻断并提示缺口,锁定/出库,规则版本、命中结果、输入摘要、处理结果
P034,标准采购,技术后台端,R12,批次序列追溯,需追溯物品必须一物一码/一批一码，状态变更保留流水,阻断无编码操作,入库/出库/报损,规则版本、命中结果、输入摘要、处理结果
P034,标准采购,技术后台端,,,,,,
P035,紧急采购,技术后台端,R01,唯一性与幂等,同一业务对象、节点和幂等键不得重复创建有效单据,阻断并返回已有单号,所有提交/接口,规则版本、命中结果、输入摘要、处理结果
P035,紧急采购,技术后台端,R02,身份与任职有效性,经办人须通过统一认证，当前任职身份在办理时点有效,阻断；重新选择身份或转授权,所有人工节点,规则版本、命中结果、输入摘要、处理结果
P035,紧急采购,技术后台端,R03,组织数据范围,仅能查看和处理授权中心、部门、岗位或本人数据,拒绝访问并审计,查询/处理/导出,规则版本、命中结果、输入摘要、处理结果
P035,紧急采购,技术后台端,R04,必填与格式,必填、类型、长度、时间区间、金额精度须通过服务端校验,退回当前表单,提交前,规则版本、命中结果、输入摘要、处理结果
P035,紧急采购,技术后台端,R05,状态迁移,仅允许按已发布状态机迁移；重复回调返回原结果,阻断非法迁移,节点提交/回调,规则版本、命中结果、输入摘要、处理结果
P035,紧急采购,技术后台端,R06,附件安全,附件完成病毒、格式、大小、敏感内容和权限校验,隔离附件并要求补充,上传/下载,规则版本、命中结果、输入摘要、处理结果
P035,紧急采购,技术后台端,R07,敏感字段,P2/P3字段按最小必要显示；导出需审批、水印、短链和二次认证,拒绝或脱敏,查看/导出,规则版本、命中结果、输入摘要、处理结果
P035,紧急采购,技术后台端,R08,版本一致性,历史实例固定流程、规则、表单和字典版本,版本冲突时禁止提交,保存/提交,规则版本、命中结果、输入摘要、处理结果
P035,紧急采购,技术后台端,R09,关闭条件,关闭前必须完成必选子任务、结算/回执、异常和归档检查,转整改/待关闭,关闭节点,规则版本、命中结果、输入摘要、处理结果
P035,紧急采购,技术后台端,R10,审计证据链,关键操作保留操作者、身份、时间、前后值、原因、哈希和请求ID,关键审计失败则阻断,全流程,规则版本、命中结果、输入摘要、处理结果
P035,紧急采购,技术后台端,,,,,,
P036,退换货,技术后台端,R01,唯一性与幂等,同一业务对象、节点和幂等键不得重复创建有效单据,阻断并返回已有单号,所有提交/接口,规则版本、命中结果、输入摘要、处理结果
P036,退换货,技术后台端,R02,身份与任职有效性,经办人须通过统一认证，当前任职身份在办理时点有效,阻断；重新选择身份或转授权,所有人工节点,规则版本、命中结果、输入摘要、处理结果
P036,退换货,技术后台端,R03,组织数据范围,仅能查看和处理授权中心、部门、岗位或本人数据,拒绝访问并审计,查询/处理/导出,规则版本、命中结果、输入摘要、处理结果
P036,退换货,技术后台端,R04,必填与格式,必填、类型、长度、时间区间、金额精度须通过服务端校验,退回当前表单,提交前,规则版本、命中结果、输入摘要、处理结果
P036,退换货,技术后台端,R05,状态迁移,仅允许按已发布状态机迁移；重复回调返回原结果,阻断非法迁移,节点提交/回调,规则版本、命中结果、输入摘要、处理结果
P036,退换货,技术后台端,R06,附件安全,附件完成病毒、格式、大小、敏感内容和权限校验,隔离附件并要求补充,上传/下载,规则版本、命中结果、输入摘要、处理结果
P036,退换货,技术后台端,R07,敏感字段,P2/P3字段按最小必要显示；导出需审批、水印、短链和二次认证,拒绝或脱敏,查看/导出,规则版本、命中结果、输入摘要、处理结果
P036,退换货,技术后台端,R08,版本一致性,历史实例固定流程、规则、表单和字典版本,版本冲突时禁止提交,保存/提交,规则版本、命中结果、输入摘要、处理结果
P036,退换货,技术后台端,R09,关闭条件,关闭前必须完成必选子任务、结算/回执、异常和归档检查,转整改/待关闭,关闭节点,规则版本、命中结果、输入摘要、处理结果
P036,退换货,技术后台端,R10,审计证据链,关键操作保留操作者、身份、时间、前后值、原因、哈希和请求ID,关键审计失败则阻断,全流程,规则版本、命中结果、输入摘要、处理结果
P036,退换货,技术后台端,R11,金额与预算,金额非负，核定金额不超申请与可用预算，币种税率匹配规则,阻断并提示差异,金额保存/付款前,规则版本、命中结果、输入摘要、处理结果
P036,退换货,技术后台端,R12,票据防重,发票代码、号码、日期、金额和影像哈希联合防重,阻断重复报销/付款,票据提交,规则版本、命中结果、输入摘要、处理结果
P036,退换货,技术后台端,R11,订单票码一致性,订单、支付、票码、核销、退款状态最终一致；冻结票码不得核销,进入差异队列,核销/退款,规则版本、命中结果、输入摘要、处理结果
P036,退换货,技术后台端,R12,防重复核销,同一票码同一权益仅成功核销一次，离线回传幂等合并,返回原结果/转差异,核销,规则版本、命中结果、输入摘要、处理结果
P036,退换货,技术后台端,R11,库存非负与锁定,可用量=账面量-锁定量，出库不得导致负库存,阻断并提示缺口,锁定/出库,规则版本、命中结果、输入摘要、处理结果
P036,退换货,技术后台端,R12,批次序列追溯,需追溯物品必须一物一码/一批一码，状态变更保留流水,阻断无编码操作,入库/出库/报损,规则版本、命中结果、输入摘要、处理结果
P036,退换货,技术后台端,,,,,,
P037,售检票闭环,技术后台端,R01,唯一性与幂等,同一业务对象、节点和幂等键不得重复创建有效单据,阻断并返回已有单号,所有提交/接口,规则版本、命中结果、输入摘要、处理结果
P037,售检票闭环,技术后台端,R02,身份与任职有效性,经办人须通过统一认证，当前任职身份在办理时点有效,阻断；重新选择身份或转授权,所有人工节点,规则版本、命中结果、输入摘要、处理结果
P037,售检票闭环,技术后台端,R03,组织数据范围,仅能查看和处理授权中心、部门、岗位或本人数据,拒绝访问并审计,查询/处理/导出,规则版本、命中结果、输入摘要、处理结果
P037,售检票闭环,技术后台端,R04,必填与格式,必填、类型、长度、时间区间、金额精度须通过服务端校验,退回当前表单,提交前,规则版本、命中结果、输入摘要、处理结果
P037,售检票闭环,技术后台端,R05,状态迁移,仅允许按已发布状态机迁移；重复回调返回原结果,阻断非法迁移,节点提交/回调,规则版本、命中结果、输入摘要、处理结果
P037,售检票闭环,技术后台端,R06,附件安全,附件完成病毒、格式、大小、敏感内容和权限校验,隔离附件并要求补充,上传/下载,规则版本、命中结果、输入摘要、处理结果
P037,售检票闭环,技术后台端,R07,敏感字段,P2/P3字段按最小必要显示；导出需审批、水印、短链和二次认证,拒绝或脱敏,查看/导出,规则版本、命中结果、输入摘要、处理结果
P037,售检票闭环,技术后台端,R08,版本一致性,历史实例固定流程、规则、表单和字典版本,版本冲突时禁止提交,保存/提交,规则版本、命中结果、输入摘要、处理结果
P037,售检票闭环,技术后台端,R09,关闭条件,关闭前必须完成必选子任务、结算/回执、异常和归档检查,转整改/待关闭,关闭节点,规则版本、命中结果、输入摘要、处理结果
P037,售检票闭环,技术后台端,R10,审计证据链,关键操作保留操作者、身份、时间、前后值、原因、哈希和请求ID,关键审计失败则阻断,全流程,规则版本、命中结果、输入摘要、处理结果
P037,售检票闭环,技术后台端,R11,金额与预算,金额非负，核定金额不超申请与可用预算，币种税率匹配规则,阻断并提示差异,金额保存/付款前,规则版本、命中结果、输入摘要、处理结果
P037,售检票闭环,技术后台端,R12,票据防重,发票代码、号码、日期、金额和影像哈希联合防重,阻断重复报销/付款,票据提交,规则版本、命中结果、输入摘要、处理结果
P037,售检票闭环,技术后台端,R11,订单票码一致性,订单、支付、票码、核销、退款状态最终一致；冻结票码不得核销,进入差异队列,核销/退款,规则版本、命中结果、输入摘要、处理结果
P037,售检票闭环,技术后台端,R12,防重复核销,同一票码同一权益仅成功核销一次，离线回传幂等合并,返回原结果/转差异,核销,规则版本、命中结果、输入摘要、处理结果
P037,售检票闭环,技术后台端,,,,,,
P038,退款改签,技术后台端,R01,唯一性与幂等,同一业务对象、节点和幂等键不得重复创建有效单据,阻断并返回已有单号,所有提交/接口,规则版本、命中结果、输入摘要、处理结果
P038,退款改签,技术后台端,R02,身份与任职有效性,经办人须通过统一认证，当前任职身份在办理时点有效,阻断；重新选择身份或转授权,所有人工节点,规则版本、命中结果、输入摘要、处理结果
P038,退款改签,技术后台端,R03,组织数据范围,仅能查看和处理授权中心、部门、岗位或本人数据,拒绝访问并审计,查询/处理/导出,规则版本、命中结果、输入摘要、处理结果
P038,退款改签,技术后台端,R04,必填与格式,必填、类型、长度、时间区间、金额精度须通过服务端校验,退回当前表单,提交前,规则版本、命中结果、输入摘要、处理结果
P038,退款改签,技术后台端,R05,状态迁移,仅允许按已发布状态机迁移；重复回调返回原结果,阻断非法迁移,节点提交/回调,规则版本、命中结果、输入摘要、处理结果
P038,退款改签,技术后台端,R06,附件安全,附件完成病毒、格式、大小、敏感内容和权限校验,隔离附件并要求补充,上传/下载,规则版本、命中结果、输入摘要、处理结果
P038,退款改签,技术后台端,R07,敏感字段,P2/P3字段按最小必要显示；导出需审批、水印、短链和二次认证,拒绝或脱敏,查看/导出,规则版本、命中结果、输入摘要、处理结果
P038,退款改签,技术后台端,R08,版本一致性,历史实例固定流程、规则、表单和字典版本,版本冲突时禁止提交,保存/提交,规则版本、命中结果、输入摘要、处理结果
P038,退款改签,技术后台端,R09,关闭条件,关闭前必须完成必选子任务、结算/回执、异常和归档检查,转整改/待关闭,关闭节点,规则版本、命中结果、输入摘要、处理结果
P038,退款改签,技术后台端,R10,审计证据链,关键操作保留操作者、身份、时间、前后值、原因、哈希和请求ID,关键审计失败则阻断,全流程,规则版本、命中结果、输入摘要、处理结果
P038,退款改签,技术后台端,R11,金额与预算,金额非负，核定金额不超申请与可用预算，币种税率匹配规则,阻断并提示差异,金额保存/付款前,规则版本、命中结果、输入摘要、处理结果
P038,退款改签,技术后台端,R12,票据防重,发票代码、号码、日期、金额和影像哈希联合防重,阻断重复报销/付款,票据提交,规则版本、命中结果、输入摘要、处理结果
P038,退款改签,技术后台端,R11,订单票码一致性,订单、支付、票码、核销、退款状态最终一致；冻结票码不得核销,进入差异队列,核销/退款,规则版本、命中结果、输入摘要、处理结果
P038,退款改签,技术后台端,R12,防重复核销,同一票码同一权益仅成功核销一次，离线回传幂等合并,返回原结果/转差异,核销,规则版本、命中结果、输入摘要、处理结果
P038,退款改签,技术后台端,,,,,,
P039,离线检票,技术后台端,R01,唯一性与幂等,同一业务对象、节点和幂等键不得重复创建有效单据,阻断并返回已有单号,所有提交/接口,规则版本、命中结果、输入摘要、处理结果
P039,离线检票,技术后台端,R02,身份与任职有效性,经办人须通过统一认证，当前任职身份在办理时点有效,阻断；重新选择身份或转授权,所有人工节点,规则版本、命中结果、输入摘要、处理结果
P039,离线检票,技术后台端,R03,组织数据范围,仅能查看和处理授权中心、部门、岗位或本人数据,拒绝访问并审计,查询/处理/导出,规则版本、命中结果、输入摘要、处理结果
P039,离线检票,技术后台端,R04,必填与格式,必填、类型、长度、时间区间、金额精度须通过服务端校验,退回当前表单,提交前,规则版本、命中结果、输入摘要、处理结果
P039,离线检票,技术后台端,R05,状态迁移,仅允许按已发布状态机迁移；重复回调返回原结果,阻断非法迁移,节点提交/回调,规则版本、命中结果、输入摘要、处理结果
P039,离线检票,技术后台端,R06,附件安全,附件完成病毒、格式、大小、敏感内容和权限校验,隔离附件并要求补充,上传/下载,规则版本、命中结果、输入摘要、处理结果
P039,离线检票,技术后台端,R07,敏感字段,P2/P3字段按最小必要显示；导出需审批、水印、短链和二次认证,拒绝或脱敏,查看/导出,规则版本、命中结果、输入摘要、处理结果
P039,离线检票,技术后台端,R08,版本一致性,历史实例固定流程、规则、表单和字典版本,版本冲突时禁止提交,保存/提交,规则版本、命中结果、输入摘要、处理结果
P039,离线检票,技术后台端,R09,关闭条件,关闭前必须完成必选子任务、结算/回执、异常和归档检查,转整改/待关闭,关闭节点,规则版本、命中结果、输入摘要、处理结果
P039,离线检票,技术后台端,R10,审计证据链,关键操作保留操作者、身份、时间、前后值、原因、哈希和请求ID,关键审计失败则阻断,全流程,规则版本、命中结果、输入摘要、处理结果
P039,离线检票,技术后台端,R11,订单票码一致性,订单、支付、票码、核销、退款状态最终一致；冻结票码不得核销,进入差异队列,核销/退款,规则版本、命中结果、输入摘要、处理结果
P039,离线检票,技术后台端,R12,防重复核销,同一票码同一权益仅成功核销一次，离线回传幂等合并,返回原结果/转差异,核销,规则版本、命中结果、输入摘要、处理结果
P039,离线检票,技术后台端,,,,,,
P040,商机推进,技术后台端,R01,唯一性与幂等,同一业务对象、节点和幂等键不得重复创建有效单据,阻断并返回已有单号,所有提交/接口,规则版本、命中结果、输入摘要、处理结果
P040,商机推进,技术后台端,R02,身份与任职有效性,经办人须通过统一认证，当前任职身份在办理时点有效,阻断；重新选择身份或转授权,所有人工节点,规则版本、命中结果、输入摘要、处理结果
P040,商机推进,技术后台端,R03,组织数据范围,仅能查看和处理授权中心、部门、岗位或本人数据,拒绝访问并审计,查询/处理/导出,规则版本、命中结果、输入摘要、处理结果
P040,商机推进,技术后台端,R04,必填与格式,必填、类型、长度、时间区间、金额精度须通过服务端校验,退回当前表单,提交前,规则版本、命中结果、输入摘要、处理结果
P040,商机推进,技术后台端,R05,状态迁移,仅允许按已发布状态机迁移；重复回调返回原结果,阻断非法迁移,节点提交/回调,规则版本、命中结果、输入摘要、处理结果
P040,商机推进,技术后台端,R06,附件安全,附件完成病毒、格式、大小、敏感内容和权限校验,隔离附件并要求补充,上传/下载,规则版本、命中结果、输入摘要、处理结果
P040,商机推进,技术后台端,R07,敏感字段,P2/P3字段按最小必要显示；导出需审批、水印、短链和二次认证,拒绝或脱敏,查看/导出,规则版本、命中结果、输入摘要、处理结果
P040,商机推进,技术后台端,R08,版本一致性,历史实例固定流程、规则、表单和字典版本,版本冲突时禁止提交,保存/提交,规则版本、命中结果、输入摘要、处理结果
P040,商机推进,技术后台端,R09,关闭条件,关闭前必须完成必选子任务、结算/回执、异常和归档检查,转整改/待关闭,关闭节点,规则版本、命中结果、输入摘要、处理结果
P040,商机推进,技术后台端,R10,审计证据链,关键操作保留操作者、身份、时间、前后值、原因、哈希和请求ID,关键审计失败则阻断,全流程,规则版本、命中结果、输入摘要、处理结果
P040,商机推进,技术后台端,R11,金额与预算,金额非负，核定金额不超申请与可用预算，币种税率匹配规则,阻断并提示差异,金额保存/付款前,规则版本、命中结果、输入摘要、处理结果
P040,商机推进,技术后台端,R12,票据防重,发票代码、号码、日期、金额和影像哈希联合防重,阻断重复报销/付款,票据提交,规则版本、命中结果、输入摘要、处理结果
P040,商机推进,技术后台端,R11,文档不可变,签署发起后哈希、主体、顺序和关键数据不可修改,作废并新建批次,签署发起后,规则版本、命中结果、输入摘要、处理结果
P040,商机推进,技术后台端,R12,证据归档,文件、证书、时间戳、回调报文和验签结果成套归档,不得更新为已签署,签署完成,规则版本、命中结果、输入摘要、处理结果
P040,商机推进,技术后台端,,,,,,
P041,市场活动,技术后台端,R01,唯一性与幂等,同一业务对象、节点和幂等键不得重复创建有效单据,阻断并返回已有单号,所有提交/接口,规则版本、命中结果、输入摘要、处理结果
P041,市场活动,技术后台端,R02,身份与任职有效性,经办人须通过统一认证，当前任职身份在办理时点有效,阻断；重新选择身份或转授权,所有人工节点,规则版本、命中结果、输入摘要、处理结果
P041,市场活动,技术后台端,R03,组织数据范围,仅能查看和处理授权中心、部门、岗位或本人数据,拒绝访问并审计,查询/处理/导出,规则版本、命中结果、输入摘要、处理结果
P041,市场活动,技术后台端,R04,必填与格式,必填、类型、长度、时间区间、金额精度须通过服务端校验,退回当前表单,提交前,规则版本、命中结果、输入摘要、处理结果
P041,市场活动,技术后台端,R05,状态迁移,仅允许按已发布状态机迁移；重复回调返回原结果,阻断非法迁移,节点提交/回调,规则版本、命中结果、输入摘要、处理结果
P041,市场活动,技术后台端,R06,附件安全,附件完成病毒、格式、大小、敏感内容和权限校验,隔离附件并要求补充,上传/下载,规则版本、命中结果、输入摘要、处理结果
P041,市场活动,技术后台端,R07,敏感字段,P2/P3字段按最小必要显示；导出需审批、水印、短链和二次认证,拒绝或脱敏,查看/导出,规则版本、命中结果、输入摘要、处理结果
P041,市场活动,技术后台端,R08,版本一致性,历史实例固定流程、规则、表单和字典版本,版本冲突时禁止提交,保存/提交,规则版本、命中结果、输入摘要、处理结果
P041,市场活动,技术后台端,R09,关闭条件,关闭前必须完成必选子任务、结算/回执、异常和归档检查,转整改/待关闭,关闭节点,规则版本、命中结果、输入摘要、处理结果
P041,市场活动,技术后台端,R10,审计证据链,关键操作保留操作者、身份、时间、前后值、原因、哈希和请求ID,关键审计失败则阻断,全流程,规则版本、命中结果、输入摘要、处理结果
P041,市场活动,技术后台端,R11,金额与预算,金额非负，核定金额不超申请与可用预算，币种税率匹配规则,阻断并提示差异,金额保存/付款前,规则版本、命中结果、输入摘要、处理结果
P041,市场活动,技术后台端,R12,票据防重,发票代码、号码、日期、金额和影像哈希联合防重,阻断重复报销/付款,票据提交,规则版本、命中结果、输入摘要、处理结果
P041,市场活动,技术后台端,,,,,,
P042,渠道准入,技术后台端,R01,唯一性与幂等,同一业务对象、节点和幂等键不得重复创建有效单据,阻断并返回已有单号,所有提交/接口,规则版本、命中结果、输入摘要、处理结果
P042,渠道准入,技术后台端,R02,身份与任职有效性,经办人须通过统一认证，当前任职身份在办理时点有效,阻断；重新选择身份或转授权,所有人工节点,规则版本、命中结果、输入摘要、处理结果
P042,渠道准入,技术后台端,R03,组织数据范围,仅能查看和处理授权中心、部门、岗位或本人数据,拒绝访问并审计,查询/处理/导出,规则版本、命中结果、输入摘要、处理结果
P042,渠道准入,技术后台端,R04,必填与格式,必填、类型、长度、时间区间、金额精度须通过服务端校验,退回当前表单,提交前,规则版本、命中结果、输入摘要、处理结果
P042,渠道准入,技术后台端,R05,状态迁移,仅允许按已发布状态机迁移；重复回调返回原结果,阻断非法迁移,节点提交/回调,规则版本、命中结果、输入摘要、处理结果
P042,渠道准入,技术后台端,R06,附件安全,附件完成病毒、格式、大小、敏感内容和权限校验,隔离附件并要求补充,上传/下载,规则版本、命中结果、输入摘要、处理结果
P042,渠道准入,技术后台端,R07,敏感字段,P2/P3字段按最小必要显示；导出需审批、水印、短链和二次认证,拒绝或脱敏,查看/导出,规则版本、命中结果、输入摘要、处理结果
P042,渠道准入,技术后台端,R08,版本一致性,历史实例固定流程、规则、表单和字典版本,版本冲突时禁止提交,保存/提交,规则版本、命中结果、输入摘要、处理结果
P042,渠道准入,技术后台端,R09,关闭条件,关闭前必须完成必选子任务、结算/回执、异常和归档检查,转整改/待关闭,关闭节点,规则版本、命中结果、输入摘要、处理结果
P042,渠道准入,技术后台端,R10,审计证据链,关键操作保留操作者、身份、时间、前后值、原因、哈希和请求ID,关键审计失败则阻断,全流程,规则版本、命中结果、输入摘要、处理结果
P042,渠道准入,技术后台端,R11,先行止险,人员安全优先；重大事件允许先处置后补单，但不得删除证据,立即升级并锁证,事件触发,规则版本、命中结果、输入摘要、处理结果
P042,渠道准入,技术后台端,R12,唯一案件,同一事件保留一个主案件，相关工单、投诉、维修、赔付为子单,合并或关联已有案件,立案,规则版本、命中结果、输入摘要、处理结果
P042,渠道准入,技术后台端,R11,文档不可变,签署发起后哈希、主体、顺序和关键数据不可修改,作废并新建批次,签署发起后,规则版本、命中结果、输入摘要、处理结果
P042,渠道准入,技术后台端,R12,证据归档,文件、证书、时间戳、回调报文和验签结果成套归档,不得更新为已签署,签署完成,规则版本、命中结果、输入摘要、处理结果
P042,渠道准入,技术后台端,,,,,,
P043,课程产品上线,技术后台端,R01,唯一性与幂等,同一业务对象、节点和幂等键不得重复创建有效单据,阻断并返回已有单号,所有提交/接口,规则版本、命中结果、输入摘要、处理结果
P043,课程产品上线,技术后台端,R02,身份与任职有效性,经办人须通过统一认证，当前任职身份在办理时点有效,阻断；重新选择身份或转授权,所有人工节点,规则版本、命中结果、输入摘要、处理结果
P043,课程产品上线,技术后台端,R03,组织数据范围,仅能查看和处理授权中心、部门、岗位或本人数据,拒绝访问并审计,查询/处理/导出,规则版本、命中结果、输入摘要、处理结果
P043,课程产品上线,技术后台端,R04,必填与格式,必填、类型、长度、时间区间、金额精度须通过服务端校验,退回当前表单,提交前,规则版本、命中结果、输入摘要、处理结果
P043,课程产品上线,技术后台端,R05,状态迁移,仅允许按已发布状态机迁移；重复回调返回原结果,阻断非法迁移,节点提交/回调,规则版本、命中结果、输入摘要、处理结果
P043,课程产品上线,技术后台端,R06,附件安全,附件完成病毒、格式、大小、敏感内容和权限校验,隔离附件并要求补充,上传/下载,规则版本、命中结果、输入摘要、处理结果
P043,课程产品上线,技术后台端,R07,敏感字段,P2/P3字段按最小必要显示；导出需审批、水印、短链和二次认证,拒绝或脱敏,查看/导出,规则版本、命中结果、输入摘要、处理结果
P043,课程产品上线,技术后台端,R08,版本一致性,历史实例固定流程、规则、表单和字典版本,版本冲突时禁止提交,保存/提交,规则版本、命中结果、输入摘要、处理结果
P043,课程产品上线,技术后台端,R09,关闭条件,关闭前必须完成必选子任务、结算/回执、异常和归档检查,转整改/待关闭,关闭节点,规则版本、命中结果、输入摘要、处理结果
P043,课程产品上线,技术后台端,R10,审计证据链,关键操作保留操作者、身份、时间、前后值、原因、哈希和请求ID,关键审计失败则阻断,全流程,规则版本、命中结果、输入摘要、处理结果
P043,课程产品上线,技术后台端,,,,,,
P044,研学团队交付,技术后台端,R01,唯一性与幂等,同一业务对象、节点和幂等键不得重复创建有效单据,阻断并返回已有单号,所有提交/接口,规则版本、命中结果、输入摘要、处理结果
P044,研学团队交付,技术后台端,R02,身份与任职有效性,经办人须通过统一认证，当前任职身份在办理时点有效,阻断；重新选择身份或转授权,所有人工节点,规则版本、命中结果、输入摘要、处理结果
P044,研学团队交付,技术后台端,R03,组织数据范围,仅能查看和处理授权中心、部门、岗位或本人数据,拒绝访问并审计,查询/处理/导出,规则版本、命中结果、输入摘要、处理结果
P044,研学团队交付,技术后台端,R04,必填与格式,必填、类型、长度、时间区间、金额精度须通过服务端校验,退回当前表单,提交前,规则版本、命中结果、输入摘要、处理结果
P044,研学团队交付,技术后台端,R05,状态迁移,仅允许按已发布状态机迁移；重复回调返回原结果,阻断非法迁移,节点提交/回调,规则版本、命中结果、输入摘要、处理结果
P044,研学团队交付,技术后台端,R06,附件安全,附件完成病毒、格式、大小、敏感内容和权限校验,隔离附件并要求补充,上传/下载,规则版本、命中结果、输入摘要、处理结果
P044,研学团队交付,技术后台端,R07,敏感字段,P2/P3字段按最小必要显示；导出需审批、水印、短链和二次认证,拒绝或脱敏,查看/导出,规则版本、命中结果、输入摘要、处理结果
P044,研学团队交付,技术后台端,R08,版本一致性,历史实例固定流程、规则、表单和字典版本,版本冲突时禁止提交,保存/提交,规则版本、命中结果、输入摘要、处理结果
P044,研学团队交付,技术后台端,R09,关闭条件,关闭前必须完成必选子任务、结算/回执、异常和归档检查,转整改/待关闭,关闭节点,规则版本、命中结果、输入摘要、处理结果
P044,研学团队交付,技术后台端,R10,审计证据链,关键操作保留操作者、身份、时间、前后值、原因、哈希和请求ID,关键审计失败则阻断,全流程,规则版本、命中结果、输入摘要、处理结果
P044,研学团队交付,技术后台端,R11,金额与预算,金额非负，核定金额不超申请与可用预算，币种税率匹配规则,阻断并提示差异,金额保存/付款前,规则版本、命中结果、输入摘要、处理结果
P044,研学团队交付,技术后台端,R12,票据防重,发票代码、号码、日期、金额和影像哈希联合防重,阻断重复报销/付款,票据提交,规则版本、命中结果、输入摘要、处理结果
P044,研学团队交付,技术后台端,R11,订单票码一致性,订单、支付、票码、核销、退款状态最终一致；冻结票码不得核销,进入差异队列,核销/退款,规则版本、命中结果、输入摘要、处理结果
P044,研学团队交付,技术后台端,R12,防重复核销,同一票码同一权益仅成功核销一次，离线回传幂等合并,返回原结果/转差异,核销,规则版本、命中结果、输入摘要、处理结果
P044,研学团队交付,技术后台端,,,,,,
P045,讲师排课,技术后台端,R01,唯一性与幂等,同一业务对象、节点和幂等键不得重复创建有效单据,阻断并返回已有单号,所有提交/接口,规则版本、命中结果、输入摘要、处理结果
P045,讲师排课,技术后台端,R02,身份与任职有效性,经办人须通过统一认证，当前任职身份在办理时点有效,阻断；重新选择身份或转授权,所有人工节点,规则版本、命中结果、输入摘要、处理结果
P045,讲师排课,技术后台端,R03,组织数据范围,仅能查看和处理授权中心、部门、岗位或本人数据,拒绝访问并审计,查询/处理/导出,规则版本、命中结果、输入摘要、处理结果
P045,讲师排课,技术后台端,R04,必填与格式,必填、类型、长度、时间区间、金额精度须通过服务端校验,退回当前表单,提交前,规则版本、命中结果、输入摘要、处理结果
P045,讲师排课,技术后台端,R05,状态迁移,仅允许按已发布状态机迁移；重复回调返回原结果,阻断非法迁移,节点提交/回调,规则版本、命中结果、输入摘要、处理结果
P045,讲师排课,技术后台端,R06,附件安全,附件完成病毒、格式、大小、敏感内容和权限校验,隔离附件并要求补充,上传/下载,规则版本、命中结果、输入摘要、处理结果
P045,讲师排课,技术后台端,R07,敏感字段,P2/P3字段按最小必要显示；导出需审批、水印、短链和二次认证,拒绝或脱敏,查看/导出,规则版本、命中结果、输入摘要、处理结果
P045,讲师排课,技术后台端,R08,版本一致性,历史实例固定流程、规则、表单和字典版本,版本冲突时禁止提交,保存/提交,规则版本、命中结果、输入摘要、处理结果
P045,讲师排课,技术后台端,R09,关闭条件,关闭前必须完成必选子任务、结算/回执、异常和归档检查,转整改/待关闭,关闭节点,规则版本、命中结果、输入摘要、处理结果
P045,讲师排课,技术后台端,R10,审计证据链,关键操作保留操作者、身份、时间、前后值、原因、哈希和请求ID,关键审计失败则阻断,全流程,规则版本、命中结果、输入摘要、处理结果
P045,讲师排课,技术后台端,,,,,,
P046,通知执行,技术后台端,R01,唯一性与幂等,同一业务对象、节点和幂等键不得重复创建有效单据,阻断并返回已有单号,所有提交/接口,规则版本、命中结果、输入摘要、处理结果
P046,通知执行,技术后台端,R02,身份与任职有效性,经办人须通过统一认证，当前任职身份在办理时点有效,阻断；重新选择身份或转授权,所有人工节点,规则版本、命中结果、输入摘要、处理结果
P046,通知执行,技术后台端,R03,组织数据范围,仅能查看和处理授权中心、部门、岗位或本人数据,拒绝访问并审计,查询/处理/导出,规则版本、命中结果、输入摘要、处理结果
P046,通知执行,技术后台端,R04,必填与格式,必填、类型、长度、时间区间、金额精度须通过服务端校验,退回当前表单,提交前,规则版本、命中结果、输入摘要、处理结果
P046,通知执行,技术后台端,R05,状态迁移,仅允许按已发布状态机迁移；重复回调返回原结果,阻断非法迁移,节点提交/回调,规则版本、命中结果、输入摘要、处理结果
P046,通知执行,技术后台端,R06,附件安全,附件完成病毒、格式、大小、敏感内容和权限校验,隔离附件并要求补充,上传/下载,规则版本、命中结果、输入摘要、处理结果
P046,通知执行,技术后台端,R07,敏感字段,P2/P3字段按最小必要显示；导出需审批、水印、短链和二次认证,拒绝或脱敏,查看/导出,规则版本、命中结果、输入摘要、处理结果
P046,通知执行,技术后台端,R08,版本一致性,历史实例固定流程、规则、表单和字典版本,版本冲突时禁止提交,保存/提交,规则版本、命中结果、输入摘要、处理结果
P046,通知执行,技术后台端,R09,关闭条件,关闭前必须完成必选子任务、结算/回执、异常和归档检查,转整改/待关闭,关闭节点,规则版本、命中结果、输入摘要、处理结果
P046,通知执行,技术后台端,R10,审计证据链,关键操作保留操作者、身份、时间、前后值、原因、哈希和请求ID,关键审计失败则阻断,全流程,规则版本、命中结果、输入摘要、处理结果
P046,通知执行,技术后台端,,,,,,
P047,正式公文,技术后台端,R01,唯一性与幂等,同一业务对象、节点和幂等键不得重复创建有效单据,阻断并返回已有单号,所有提交/接口,规则版本、命中结果、输入摘要、处理结果
P047,正式公文,技术后台端,R02,身份与任职有效性,经办人须通过统一认证，当前任职身份在办理时点有效,阻断；重新选择身份或转授权,所有人工节点,规则版本、命中结果、输入摘要、处理结果
P047,正式公文,技术后台端,R03,组织数据范围,仅能查看和处理授权中心、部门、岗位或本人数据,拒绝访问并审计,查询/处理/导出,规则版本、命中结果、输入摘要、处理结果
P047,正式公文,技术后台端,R04,必填与格式,必填、类型、长度、时间区间、金额精度须通过服务端校验,退回当前表单,提交前,规则版本、命中结果、输入摘要、处理结果
P047,正式公文,技术后台端,R05,状态迁移,仅允许按已发布状态机迁移；重复回调返回原结果,阻断非法迁移,节点提交/回调,规则版本、命中结果、输入摘要、处理结果
P047,正式公文,技术后台端,R06,附件安全,附件完成病毒、格式、大小、敏感内容和权限校验,隔离附件并要求补充,上传/下载,规则版本、命中结果、输入摘要、处理结果
P047,正式公文,技术后台端,R07,敏感字段,P2/P3字段按最小必要显示；导出需审批、水印、短链和二次认证,拒绝或脱敏,查看/导出,规则版本、命中结果、输入摘要、处理结果
P047,正式公文,技术后台端,R08,版本一致性,历史实例固定流程、规则、表单和字典版本,版本冲突时禁止提交,保存/提交,规则版本、命中结果、输入摘要、处理结果
P047,正式公文,技术后台端,R09,关闭条件,关闭前必须完成必选子任务、结算/回执、异常和归档检查,转整改/待关闭,关闭节点,规则版本、命中结果、输入摘要、处理结果
P047,正式公文,技术后台端,R10,审计证据链,关键操作保留操作者、身份、时间、前后值、原因、哈希和请求ID,关键审计失败则阻断,全流程,规则版本、命中结果、输入摘要、处理结果
P047,正式公文,技术后台端,R11,文档不可变,签署发起后哈希、主体、顺序和关键数据不可修改,作废并新建批次,签署发起后,规则版本、命中结果、输入摘要、处理结果
P047,正式公文,技术后台端,R12,证据归档,文件、证书、时间戳、回调报文和验签结果成套归档,不得更新为已签署,签署完成,规则版本、命中结果、输入摘要、处理结果
P047,正式公文,技术后台端,,,,,,
P048,会议行动,技术后台端,R01,唯一性与幂等,同一业务对象、节点和幂等键不得重复创建有效单据,阻断并返回已有单号,所有提交/接口,规则版本、命中结果、输入摘要、处理结果
P048,会议行动,技术后台端,R02,身份与任职有效性,经办人须通过统一认证，当前任职身份在办理时点有效,阻断；重新选择身份或转授权,所有人工节点,规则版本、命中结果、输入摘要、处理结果
P048,会议行动,技术后台端,R03,组织数据范围,仅能查看和处理授权中心、部门、岗位或本人数据,拒绝访问并审计,查询/处理/导出,规则版本、命中结果、输入摘要、处理结果
P048,会议行动,技术后台端,R04,必填与格式,必填、类型、长度、时间区间、金额精度须通过服务端校验,退回当前表单,提交前,规则版本、命中结果、输入摘要、处理结果
P048,会议行动,技术后台端,R05,状态迁移,仅允许按已发布状态机迁移；重复回调返回原结果,阻断非法迁移,节点提交/回调,规则版本、命中结果、输入摘要、处理结果
P048,会议行动,技术后台端,R06,附件安全,附件完成病毒、格式、大小、敏感内容和权限校验,隔离附件并要求补充,上传/下载,规则版本、命中结果、输入摘要、处理结果
P048,会议行动,技术后台端,R07,敏感字段,P2/P3字段按最小必要显示；导出需审批、水印、短链和二次认证,拒绝或脱敏,查看/导出,规则版本、命中结果、输入摘要、处理结果
P048,会议行动,技术后台端,R08,版本一致性,历史实例固定流程、规则、表单和字典版本,版本冲突时禁止提交,保存/提交,规则版本、命中结果、输入摘要、处理结果
P048,会议行动,技术后台端,R09,关闭条件,关闭前必须完成必选子任务、结算/回执、异常和归档检查,转整改/待关闭,关闭节点,规则版本、命中结果、输入摘要、处理结果
P048,会议行动,技术后台端,R10,审计证据链,关键操作保留操作者、身份、时间、前后值、原因、哈希和请求ID,关键审计失败则阻断,全流程,规则版本、命中结果、输入摘要、处理结果
P048,会议行动,技术后台端,,,,,,
P049,大型活动,技术后台端,R01,唯一性与幂等,同一业务对象、节点和幂等键不得重复创建有效单据,阻断并返回已有单号,所有提交/接口,规则版本、命中结果、输入摘要、处理结果
P049,大型活动,技术后台端,R02,身份与任职有效性,经办人须通过统一认证，当前任职身份在办理时点有效,阻断；重新选择身份或转授权,所有人工节点,规则版本、命中结果、输入摘要、处理结果
P049,大型活动,技术后台端,R03,组织数据范围,仅能查看和处理授权中心、部门、岗位或本人数据,拒绝访问并审计,查询/处理/导出,规则版本、命中结果、输入摘要、处理结果
P049,大型活动,技术后台端,R04,必填与格式,必填、类型、长度、时间区间、金额精度须通过服务端校验,退回当前表单,提交前,规则版本、命中结果、输入摘要、处理结果
P049,大型活动,技术后台端,R05,状态迁移,仅允许按已发布状态机迁移；重复回调返回原结果,阻断非法迁移,节点提交/回调,规则版本、命中结果、输入摘要、处理结果
P049,大型活动,技术后台端,R06,附件安全,附件完成病毒、格式、大小、敏感内容和权限校验,隔离附件并要求补充,上传/下载,规则版本、命中结果、输入摘要、处理结果
P049,大型活动,技术后台端,R07,敏感字段,P2/P3字段按最小必要显示；导出需审批、水印、短链和二次认证,拒绝或脱敏,查看/导出,规则版本、命中结果、输入摘要、处理结果
P049,大型活动,技术后台端,R08,版本一致性,历史实例固定流程、规则、表单和字典版本,版本冲突时禁止提交,保存/提交,规则版本、命中结果、输入摘要、处理结果
P049,大型活动,技术后台端,R09,关闭条件,关闭前必须完成必选子任务、结算/回执、异常和归档检查,转整改/待关闭,关闭节点,规则版本、命中结果、输入摘要、处理结果
P049,大型活动,技术后台端,R10,审计证据链,关键操作保留操作者、身份、时间、前后值、原因、哈希和请求ID,关键审计失败则阻断,全流程,规则版本、命中结果、输入摘要、处理结果
P049,大型活动,技术后台端,,,,,,
P050,入库,技术后台端,R01,唯一性与幂等,同一业务对象、节点和幂等键不得重复创建有效单据,阻断并返回已有单号,所有提交/接口,规则版本、命中结果、输入摘要、处理结果
P050,入库,技术后台端,R02,身份与任职有效性,经办人须通过统一认证，当前任职身份在办理时点有效,阻断；重新选择身份或转授权,所有人工节点,规则版本、命中结果、输入摘要、处理结果
P050,入库,技术后台端,R03,组织数据范围,仅能查看和处理授权中心、部门、岗位或本人数据,拒绝访问并审计,查询/处理/导出,规则版本、命中结果、输入摘要、处理结果
P050,入库,技术后台端,R04,必填与格式,必填、类型、长度、时间区间、金额精度须通过服务端校验,退回当前表单,提交前,规则版本、命中结果、输入摘要、处理结果
P050,入库,技术后台端,R05,状态迁移,仅允许按已发布状态机迁移；重复回调返回原结果,阻断非法迁移,节点提交/回调,规则版本、命中结果、输入摘要、处理结果
P050,入库,技术后台端,R06,附件安全,附件完成病毒、格式、大小、敏感内容和权限校验,隔离附件并要求补充,上传/下载,规则版本、命中结果、输入摘要、处理结果
P050,入库,技术后台端,R07,敏感字段,P2/P3字段按最小必要显示；导出需审批、水印、短链和二次认证,拒绝或脱敏,查看/导出,规则版本、命中结果、输入摘要、处理结果
P050,入库,技术后台端,R08,版本一致性,历史实例固定流程、规则、表单和字典版本,版本冲突时禁止提交,保存/提交,规则版本、命中结果、输入摘要、处理结果
P050,入库,技术后台端,R09,关闭条件,关闭前必须完成必选子任务、结算/回执、异常和归档检查,转整改/待关闭,关闭节点,规则版本、命中结果、输入摘要、处理结果
P050,入库,技术后台端,R10,审计证据链,关键操作保留操作者、身份、时间、前后值、原因、哈希和请求ID,关键审计失败则阻断,全流程,规则版本、命中结果、输入摘要、处理结果
P050,入库,技术后台端,R11,库存非负与锁定,可用量=账面量-锁定量，出库不得导致负库存,阻断并提示缺口,锁定/出库,规则版本、命中结果、输入摘要、处理结果
P050,入库,技术后台端,R12,批次序列追溯,需追溯物品必须一物一码/一批一码，状态变更保留流水,阻断无编码操作,入库/出库/报损,规则版本、命中结果、输入摘要、处理结果
P050,入库,技术后台端,,,,,,
P051,领借调还,技术后台端,R01,唯一性与幂等,同一业务对象、节点和幂等键不得重复创建有效单据,阻断并返回已有单号,所有提交/接口,规则版本、命中结果、输入摘要、处理结果
P051,领借调还,技术后台端,R02,身份与任职有效性,经办人须通过统一认证，当前任职身份在办理时点有效,阻断；重新选择身份或转授权,所有人工节点,规则版本、命中结果、输入摘要、处理结果
P051,领借调还,技术后台端,R03,组织数据范围,仅能查看和处理授权中心、部门、岗位或本人数据,拒绝访问并审计,查询/处理/导出,规则版本、命中结果、输入摘要、处理结果
P051,领借调还,技术后台端,R04,必填与格式,必填、类型、长度、时间区间、金额精度须通过服务端校验,退回当前表单,提交前,规则版本、命中结果、输入摘要、处理结果
P051,领借调还,技术后台端,R05,状态迁移,仅允许按已发布状态机迁移；重复回调返回原结果,阻断非法迁移,节点提交/回调,规则版本、命中结果、输入摘要、处理结果
P051,领借调还,技术后台端,R06,附件安全,附件完成病毒、格式、大小、敏感内容和权限校验,隔离附件并要求补充,上传/下载,规则版本、命中结果、输入摘要、处理结果
P051,领借调还,技术后台端,R07,敏感字段,P2/P3字段按最小必要显示；导出需审批、水印、短链和二次认证,拒绝或脱敏,查看/导出,规则版本、命中结果、输入摘要、处理结果
P051,领借调还,技术后台端,R08,版本一致性,历史实例固定流程、规则、表单和字典版本,版本冲突时禁止提交,保存/提交,规则版本、命中结果、输入摘要、处理结果
P051,领借调还,技术后台端,R09,关闭条件,关闭前必须完成必选子任务、结算/回执、异常和归档检查,转整改/待关闭,关闭节点,规则版本、命中结果、输入摘要、处理结果
P051,领借调还,技术后台端,R10,审计证据链,关键操作保留操作者、身份、时间、前后值、原因、哈希和请求ID,关键审计失败则阻断,全流程,规则版本、命中结果、输入摘要、处理结果
P051,领借调还,技术后台端,R11,库存非负与锁定,可用量=账面量-锁定量，出库不得导致负库存,阻断并提示缺口,锁定/出库,规则版本、命中结果、输入摘要、处理结果
P051,领借调还,技术后台端,R12,批次序列追溯,需追溯物品必须一物一码/一批一码，状态变更保留流水,阻断无编码操作,入库/出库/报损,规则版本、命中结果、输入摘要、处理结果
P051,领借调还,技术后台端,,,,,,
P052,盘点,技术后台端,R01,唯一性与幂等,同一业务对象、节点和幂等键不得重复创建有效单据,阻断并返回已有单号,所有提交/接口,规则版本、命中结果、输入摘要、处理结果
P052,盘点,技术后台端,R02,身份与任职有效性,经办人须通过统一认证，当前任职身份在办理时点有效,阻断；重新选择身份或转授权,所有人工节点,规则版本、命中结果、输入摘要、处理结果
P052,盘点,技术后台端,R03,组织数据范围,仅能查看和处理授权中心、部门、岗位或本人数据,拒绝访问并审计,查询/处理/导出,规则版本、命中结果、输入摘要、处理结果
P052,盘点,技术后台端,R04,必填与格式,必填、类型、长度、时间区间、金额精度须通过服务端校验,退回当前表单,提交前,规则版本、命中结果、输入摘要、处理结果
P052,盘点,技术后台端,R05,状态迁移,仅允许按已发布状态机迁移；重复回调返回原结果,阻断非法迁移,节点提交/回调,规则版本、命中结果、输入摘要、处理结果
P052,盘点,技术后台端,R06,附件安全,附件完成病毒、格式、大小、敏感内容和权限校验,隔离附件并要求补充,上传/下载,规则版本、命中结果、输入摘要、处理结果
P052,盘点,技术后台端,R07,敏感字段,P2/P3字段按最小必要显示；导出需审批、水印、短链和二次认证,拒绝或脱敏,查看/导出,规则版本、命中结果、输入摘要、处理结果
P052,盘点,技术后台端,R08,版本一致性,历史实例固定流程、规则、表单和字典版本,版本冲突时禁止提交,保存/提交,规则版本、命中结果、输入摘要、处理结果
P052,盘点,技术后台端,R09,关闭条件,关闭前必须完成必选子任务、结算/回执、异常和归档检查,转整改/待关闭,关闭节点,规则版本、命中结果、输入摘要、处理结果
P052,盘点,技术后台端,R10,审计证据链,关键操作保留操作者、身份、时间、前后值、原因、哈希和请求ID,关键审计失败则阻断,全流程,规则版本、命中结果、输入摘要、处理结果
P052,盘点,技术后台端,R11,库存非负与锁定,可用量=账面量-锁定量，出库不得导致负库存,阻断并提示缺口,锁定/出库,规则版本、命中结果、输入摘要、处理结果
P052,盘点,技术后台端,R12,批次序列追溯,需追溯物品必须一物一码/一批一码，状态变更保留流水,阻断无编码操作,入库/出库/报损,规则版本、命中结果、输入摘要、处理结果
P052,盘点,技术后台端,,,,,,
P053,报废处置,技术后台端,R01,唯一性与幂等,同一业务对象、节点和幂等键不得重复创建有效单据,阻断并返回已有单号,所有提交/接口,规则版本、命中结果、输入摘要、处理结果
P053,报废处置,技术后台端,R02,身份与任职有效性,经办人须通过统一认证，当前任职身份在办理时点有效,阻断；重新选择身份或转授权,所有人工节点,规则版本、命中结果、输入摘要、处理结果
P053,报废处置,技术后台端,R03,组织数据范围,仅能查看和处理授权中心、部门、岗位或本人数据,拒绝访问并审计,查询/处理/导出,规则版本、命中结果、输入摘要、处理结果
P053,报废处置,技术后台端,R04,必填与格式,必填、类型、长度、时间区间、金额精度须通过服务端校验,退回当前表单,提交前,规则版本、命中结果、输入摘要、处理结果
P053,报废处置,技术后台端,R05,状态迁移,仅允许按已发布状态机迁移；重复回调返回原结果,阻断非法迁移,节点提交/回调,规则版本、命中结果、输入摘要、处理结果
P053,报废处置,技术后台端,R06,附件安全,附件完成病毒、格式、大小、敏感内容和权限校验,隔离附件并要求补充,上传/下载,规则版本、命中结果、输入摘要、处理结果
P053,报废处置,技术后台端,R07,敏感字段,P2/P3字段按最小必要显示；导出需审批、水印、短链和二次认证,拒绝或脱敏,查看/导出,规则版本、命中结果、输入摘要、处理结果
P053,报废处置,技术后台端,R08,版本一致性,历史实例固定流程、规则、表单和字典版本,版本冲突时禁止提交,保存/提交,规则版本、命中结果、输入摘要、处理结果
P053,报废处置,技术后台端,R09,关闭条件,关闭前必须完成必选子任务、结算/回执、异常和归档检查,转整改/待关闭,关闭节点,规则版本、命中结果、输入摘要、处理结果
P053,报废处置,技术后台端,R10,审计证据链,关键操作保留操作者、身份、时间、前后值、原因、哈希和请求ID,关键审计失败则阻断,全流程,规则版本、命中结果、输入摘要、处理结果
P053,报废处置,技术后台端,R11,先行止险,人员安全优先；重大事件允许先处置后补单，但不得删除证据,立即升级并锁证,事件触发,规则版本、命中结果、输入摘要、处理结果
P053,报废处置,技术后台端,R12,唯一案件,同一事件保留一个主案件，相关工单、投诉、维修、赔付为子单,合并或关联已有案件,立案,规则版本、命中结果、输入摘要、处理结果
P053,报废处置,技术后台端,R11,库存非负与锁定,可用量=账面量-锁定量，出库不得导致负库存,阻断并提示缺口,锁定/出库,规则版本、命中结果、输入摘要、处理结果
P053,报废处置,技术后台端,R12,批次序列追溯,需追溯物品必须一物一码/一批一码，状态变更保留流水,阻断无编码操作,入库/出库/报损,规则版本、命中结果、输入摘要、处理结果
P053,报废处置,技术后台端,,,,,,
P054,派车,技术后台端,R01,唯一性与幂等,同一业务对象、节点和幂等键不得重复创建有效单据,阻断并返回已有单号,所有提交/接口,规则版本、命中结果、输入摘要、处理结果
P054,派车,技术后台端,R02,身份与任职有效性,经办人须通过统一认证，当前任职身份在办理时点有效,阻断；重新选择身份或转授权,所有人工节点,规则版本、命中结果、输入摘要、处理结果
P054,派车,技术后台端,R03,组织数据范围,仅能查看和处理授权中心、部门、岗位或本人数据,拒绝访问并审计,查询/处理/导出,规则版本、命中结果、输入摘要、处理结果
P054,派车,技术后台端,R04,必填与格式,必填、类型、长度、时间区间、金额精度须通过服务端校验,退回当前表单,提交前,规则版本、命中结果、输入摘要、处理结果
P054,派车,技术后台端,R05,状态迁移,仅允许按已发布状态机迁移；重复回调返回原结果,阻断非法迁移,节点提交/回调,规则版本、命中结果、输入摘要、处理结果
P054,派车,技术后台端,R06,附件安全,附件完成病毒、格式、大小、敏感内容和权限校验,隔离附件并要求补充,上传/下载,规则版本、命中结果、输入摘要、处理结果
P054,派车,技术后台端,R07,敏感字段,P2/P3字段按最小必要显示；导出需审批、水印、短链和二次认证,拒绝或脱敏,查看/导出,规则版本、命中结果、输入摘要、处理结果
P054,派车,技术后台端,R08,版本一致性,历史实例固定流程、规则、表单和字典版本,版本冲突时禁止提交,保存/提交,规则版本、命中结果、输入摘要、处理结果
P054,派车,技术后台端,R09,关闭条件,关闭前必须完成必选子任务、结算/回执、异常和归档检查,转整改/待关闭,关闭节点,规则版本、命中结果、输入摘要、处理结果
P054,派车,技术后台端,R10,审计证据链,关键操作保留操作者、身份、时间、前后值、原因、哈希和请求ID,关键审计失败则阻断,全流程,规则版本、命中结果、输入摘要、处理结果
P054,派车,技术后台端,,,,,,
P055,车辆事故,技术后台端,R01,唯一性与幂等,同一业务对象、节点和幂等键不得重复创建有效单据,阻断并返回已有单号,所有提交/接口,规则版本、命中结果、输入摘要、处理结果
P055,车辆事故,技术后台端,R02,身份与任职有效性,经办人须通过统一认证，当前任职身份在办理时点有效,阻断；重新选择身份或转授权,所有人工节点,规则版本、命中结果、输入摘要、处理结果
P055,车辆事故,技术后台端,R03,组织数据范围,仅能查看和处理授权中心、部门、岗位或本人数据,拒绝访问并审计,查询/处理/导出,规则版本、命中结果、输入摘要、处理结果
P055,车辆事故,技术后台端,R04,必填与格式,必填、类型、长度、时间区间、金额精度须通过服务端校验,退回当前表单,提交前,规则版本、命中结果、输入摘要、处理结果
P055,车辆事故,技术后台端,R05,状态迁移,仅允许按已发布状态机迁移；重复回调返回原结果,阻断非法迁移,节点提交/回调,规则版本、命中结果、输入摘要、处理结果
P055,车辆事故,技术后台端,R06,附件安全,附件完成病毒、格式、大小、敏感内容和权限校验,隔离附件并要求补充,上传/下载,规则版本、命中结果、输入摘要、处理结果
P055,车辆事故,技术后台端,R07,敏感字段,P2/P3字段按最小必要显示；导出需审批、水印、短链和二次认证,拒绝或脱敏,查看/导出,规则版本、命中结果、输入摘要、处理结果
P055,车辆事故,技术后台端,R08,版本一致性,历史实例固定流程、规则、表单和字典版本,版本冲突时禁止提交,保存/提交,规则版本、命中结果、输入摘要、处理结果
P055,车辆事故,技术后台端,R09,关闭条件,关闭前必须完成必选子任务、结算/回执、异常和归档检查,转整改/待关闭,关闭节点,规则版本、命中结果、输入摘要、处理结果
P055,车辆事故,技术后台端,R10,审计证据链,关键操作保留操作者、身份、时间、前后值、原因、哈希和请求ID,关键审计失败则阻断,全流程,规则版本、命中结果、输入摘要、处理结果
P055,车辆事故,技术后台端,R11,先行止险,人员安全优先；重大事件允许先处置后补单，但不得删除证据,立即升级并锁证,事件触发,规则版本、命中结果、输入摘要、处理结果
P055,车辆事故,技术后台端,R12,唯一案件,同一事件保留一个主案件，相关工单、投诉、维修、赔付为子单,合并或关联已有案件,立案,规则版本、命中结果、输入摘要、处理结果
P055,车辆事故,技术后台端,,,,,,
P056,宿舍入住退宿,技术后台端,R01,唯一性与幂等,同一业务对象、节点和幂等键不得重复创建有效单据,阻断并返回已有单号,所有提交/接口,规则版本、命中结果、输入摘要、处理结果
P056,宿舍入住退宿,技术后台端,R02,身份与任职有效性,经办人须通过统一认证，当前任职身份在办理时点有效,阻断；重新选择身份或转授权,所有人工节点,规则版本、命中结果、输入摘要、处理结果
P056,宿舍入住退宿,技术后台端,R03,组织数据范围,仅能查看和处理授权中心、部门、岗位或本人数据,拒绝访问并审计,查询/处理/导出,规则版本、命中结果、输入摘要、处理结果
P056,宿舍入住退宿,技术后台端,R04,必填与格式,必填、类型、长度、时间区间、金额精度须通过服务端校验,退回当前表单,提交前,规则版本、命中结果、输入摘要、处理结果
P056,宿舍入住退宿,技术后台端,R05,状态迁移,仅允许按已发布状态机迁移；重复回调返回原结果,阻断非法迁移,节点提交/回调,规则版本、命中结果、输入摘要、处理结果
P056,宿舍入住退宿,技术后台端,R06,附件安全,附件完成病毒、格式、大小、敏感内容和权限校验,隔离附件并要求补充,上传/下载,规则版本、命中结果、输入摘要、处理结果
P056,宿舍入住退宿,技术后台端,R07,敏感字段,P2/P3字段按最小必要显示；导出需审批、水印、短链和二次认证,拒绝或脱敏,查看/导出,规则版本、命中结果、输入摘要、处理结果
P056,宿舍入住退宿,技术后台端,R08,版本一致性,历史实例固定流程、规则、表单和字典版本,版本冲突时禁止提交,保存/提交,规则版本、命中结果、输入摘要、处理结果
P056,宿舍入住退宿,技术后台端,R09,关闭条件,关闭前必须完成必选子任务、结算/回执、异常和归档检查,转整改/待关闭,关闭节点,规则版本、命中结果、输入摘要、处理结果
P056,宿舍入住退宿,技术后台端,R10,审计证据链,关键操作保留操作者、身份、时间、前后值、原因、哈希和请求ID,关键审计失败则阻断,全流程,规则版本、命中结果、输入摘要、处理结果
P056,宿舍入住退宿,技术后台端,,,,,,
P057,报修,技术后台端,R01,唯一性与幂等,同一业务对象、节点和幂等键不得重复创建有效单据,阻断并返回已有单号,所有提交/接口,规则版本、命中结果、输入摘要、处理结果
P057,报修,技术后台端,R02,身份与任职有效性,经办人须通过统一认证，当前任职身份在办理时点有效,阻断；重新选择身份或转授权,所有人工节点,规则版本、命中结果、输入摘要、处理结果
P057,报修,技术后台端,R03,组织数据范围,仅能查看和处理授权中心、部门、岗位或本人数据,拒绝访问并审计,查询/处理/导出,规则版本、命中结果、输入摘要、处理结果
P057,报修,技术后台端,R04,必填与格式,必填、类型、长度、时间区间、金额精度须通过服务端校验,退回当前表单,提交前,规则版本、命中结果、输入摘要、处理结果
P057,报修,技术后台端,R05,状态迁移,仅允许按已发布状态机迁移；重复回调返回原结果,阻断非法迁移,节点提交/回调,规则版本、命中结果、输入摘要、处理结果
P057,报修,技术后台端,R06,附件安全,附件完成病毒、格式、大小、敏感内容和权限校验,隔离附件并要求补充,上传/下载,规则版本、命中结果、输入摘要、处理结果
P057,报修,技术后台端,R07,敏感字段,P2/P3字段按最小必要显示；导出需审批、水印、短链和二次认证,拒绝或脱敏,查看/导出,规则版本、命中结果、输入摘要、处理结果
P057,报修,技术后台端,R08,版本一致性,历史实例固定流程、规则、表单和字典版本,版本冲突时禁止提交,保存/提交,规则版本、命中结果、输入摘要、处理结果
P057,报修,技术后台端,R09,关闭条件,关闭前必须完成必选子任务、结算/回执、异常和归档检查,转整改/待关闭,关闭节点,规则版本、命中结果、输入摘要、处理结果
P057,报修,技术后台端,R10,审计证据链,关键操作保留操作者、身份、时间、前后值、原因、哈希和请求ID,关键审计失败则阻断,全流程,规则版本、命中结果、输入摘要、处理结果
P057,报修,技术后台端,R11,先行止险,人员安全优先；重大事件允许先处置后补单，但不得删除证据,立即升级并锁证,事件触发,规则版本、命中结果、输入摘要、处理结果
P057,报修,技术后台端,R12,唯一案件,同一事件保留一个主案件，相关工单、投诉、维修、赔付为子单,合并或关联已有案件,立案,规则版本、命中结果、输入摘要、处理结果
P057,报修,技术后台端,,,,,,
P058,团餐交付,技术后台端,R01,唯一性与幂等,同一业务对象、节点和幂等键不得重复创建有效单据,阻断并返回已有单号,所有提交/接口,规则版本、命中结果、输入摘要、处理结果
P058,团餐交付,技术后台端,R02,身份与任职有效性,经办人须通过统一认证，当前任职身份在办理时点有效,阻断；重新选择身份或转授权,所有人工节点,规则版本、命中结果、输入摘要、处理结果
P058,团餐交付,技术后台端,R03,组织数据范围,仅能查看和处理授权中心、部门、岗位或本人数据,拒绝访问并审计,查询/处理/导出,规则版本、命中结果、输入摘要、处理结果
P058,团餐交付,技术后台端,R04,必填与格式,必填、类型、长度、时间区间、金额精度须通过服务端校验,退回当前表单,提交前,规则版本、命中结果、输入摘要、处理结果
P058,团餐交付,技术后台端,R05,状态迁移,仅允许按已发布状态机迁移；重复回调返回原结果,阻断非法迁移,节点提交/回调,规则版本、命中结果、输入摘要、处理结果
P058,团餐交付,技术后台端,R06,附件安全,附件完成病毒、格式、大小、敏感内容和权限校验,隔离附件并要求补充,上传/下载,规则版本、命中结果、输入摘要、处理结果
P058,团餐交付,技术后台端,R07,敏感字段,P2/P3字段按最小必要显示；导出需审批、水印、短链和二次认证,拒绝或脱敏,查看/导出,规则版本、命中结果、输入摘要、处理结果
P058,团餐交付,技术后台端,R08,版本一致性,历史实例固定流程、规则、表单和字典版本,版本冲突时禁止提交,保存/提交,规则版本、命中结果、输入摘要、处理结果
P058,团餐交付,技术后台端,R09,关闭条件,关闭前必须完成必选子任务、结算/回执、异常和归档检查,转整改/待关闭,关闭节点,规则版本、命中结果、输入摘要、处理结果
P058,团餐交付,技术后台端,R10,审计证据链,关键操作保留操作者、身份、时间、前后值、原因、哈希和请求ID,关键审计失败则阻断,全流程,规则版本、命中结果、输入摘要、处理结果
P058,团餐交付,技术后台端,R11,金额与预算,金额非负，核定金额不超申请与可用预算，币种税率匹配规则,阻断并提示差异,金额保存/付款前,规则版本、命中结果、输入摘要、处理结果
P058,团餐交付,技术后台端,R12,票据防重,发票代码、号码、日期、金额和影像哈希联合防重,阻断重复报销/付款,票据提交,规则版本、命中结果、输入摘要、处理结果
P058,团餐交付,技术后台端,,,,,,
P059,食材验收,技术后台端,R01,唯一性与幂等,同一业务对象、节点和幂等键不得重复创建有效单据,阻断并返回已有单号,所有提交/接口,规则版本、命中结果、输入摘要、处理结果
P059,食材验收,技术后台端,R02,身份与任职有效性,经办人须通过统一认证，当前任职身份在办理时点有效,阻断；重新选择身份或转授权,所有人工节点,规则版本、命中结果、输入摘要、处理结果
P059,食材验收,技术后台端,R03,组织数据范围,仅能查看和处理授权中心、部门、岗位或本人数据,拒绝访问并审计,查询/处理/导出,规则版本、命中结果、输入摘要、处理结果
P059,食材验收,技术后台端,R04,必填与格式,必填、类型、长度、时间区间、金额精度须通过服务端校验,退回当前表单,提交前,规则版本、命中结果、输入摘要、处理结果
P059,食材验收,技术后台端,R05,状态迁移,仅允许按已发布状态机迁移；重复回调返回原结果,阻断非法迁移,节点提交/回调,规则版本、命中结果、输入摘要、处理结果
P059,食材验收,技术后台端,R06,附件安全,附件完成病毒、格式、大小、敏感内容和权限校验,隔离附件并要求补充,上传/下载,规则版本、命中结果、输入摘要、处理结果
P059,食材验收,技术后台端,R07,敏感字段,P2/P3字段按最小必要显示；导出需审批、水印、短链和二次认证,拒绝或脱敏,查看/导出,规则版本、命中结果、输入摘要、处理结果
P059,食材验收,技术后台端,R08,版本一致性,历史实例固定流程、规则、表单和字典版本,版本冲突时禁止提交,保存/提交,规则版本、命中结果、输入摘要、处理结果
P059,食材验收,技术后台端,R09,关闭条件,关闭前必须完成必选子任务、结算/回执、异常和归档检查,转整改/待关闭,关闭节点,规则版本、命中结果、输入摘要、处理结果
P059,食材验收,技术后台端,R10,审计证据链,关键操作保留操作者、身份、时间、前后值、原因、哈希和请求ID,关键审计失败则阻断,全流程,规则版本、命中结果、输入摘要、处理结果
P059,食材验收,技术后台端,R11,库存非负与锁定,可用量=账面量-锁定量，出库不得导致负库存,阻断并提示缺口,锁定/出库,规则版本、命中结果、输入摘要、处理结果
P059,食材验收,技术后台端,R12,批次序列追溯,需追溯物品必须一物一码/一批一码，状态变更保留流水,阻断无编码操作,入库/出库/报损,规则版本、命中结果、输入摘要、处理结果
P059,食材验收,技术后台端,,,,,,
P060,食品安全事件,技术后台端,R01,唯一性与幂等,同一业务对象、节点和幂等键不得重复创建有效单据,阻断并返回已有单号,所有提交/接口,规则版本、命中结果、输入摘要、处理结果
P060,食品安全事件,技术后台端,R02,身份与任职有效性,经办人须通过统一认证，当前任职身份在办理时点有效,阻断；重新选择身份或转授权,所有人工节点,规则版本、命中结果、输入摘要、处理结果
P060,食品安全事件,技术后台端,R03,组织数据范围,仅能查看和处理授权中心、部门、岗位或本人数据,拒绝访问并审计,查询/处理/导出,规则版本、命中结果、输入摘要、处理结果
P060,食品安全事件,技术后台端,R04,必填与格式,必填、类型、长度、时间区间、金额精度须通过服务端校验,退回当前表单,提交前,规则版本、命中结果、输入摘要、处理结果
P060,食品安全事件,技术后台端,R05,状态迁移,仅允许按已发布状态机迁移；重复回调返回原结果,阻断非法迁移,节点提交/回调,规则版本、命中结果、输入摘要、处理结果
P060,食品安全事件,技术后台端,R06,附件安全,附件完成病毒、格式、大小、敏感内容和权限校验,隔离附件并要求补充,上传/下载,规则版本、命中结果、输入摘要、处理结果
P060,食品安全事件,技术后台端,R07,敏感字段,P2/P3字段按最小必要显示；导出需审批、水印、短链和二次认证,拒绝或脱敏,查看/导出,规则版本、命中结果、输入摘要、处理结果
P060,食品安全事件,技术后台端,R08,版本一致性,历史实例固定流程、规则、表单和字典版本,版本冲突时禁止提交,保存/提交,规则版本、命中结果、输入摘要、处理结果
P060,食品安全事件,技术后台端,R09,关闭条件,关闭前必须完成必选子任务、结算/回执、异常和归档检查,转整改/待关闭,关闭节点,规则版本、命中结果、输入摘要、处理结果
P060,食品安全事件,技术后台端,R10,审计证据链,关键操作保留操作者、身份、时间、前后值、原因、哈希和请求ID,关键审计失败则阻断,全流程,规则版本、命中结果、输入摘要、处理结果
P060,食品安全事件,技术后台端,R11,先行止险,人员安全优先；重大事件允许先处置后补单，但不得删除证据,立即升级并锁证,事件触发,规则版本、命中结果、输入摘要、处理结果
P060,食品安全事件,技术后台端,R12,唯一案件,同一事件保留一个主案件，相关工单、投诉、维修、赔付为子单,合并或关联已有案件,立案,规则版本、命中结果、输入摘要、处理结果
P060,食品安全事件,技术后台端,,,,,,
P061,餐卡结算,技术后台端,R01,唯一性与幂等,同一业务对象、节点和幂等键不得重复创建有效单据,阻断并返回已有单号,所有提交/接口,规则版本、命中结果、输入摘要、处理结果
P061,餐卡结算,技术后台端,R02,身份与任职有效性,经办人须通过统一认证，当前任职身份在办理时点有效,阻断；重新选择身份或转授权,所有人工节点,规则版本、命中结果、输入摘要、处理结果
P061,餐卡结算,技术后台端,R03,组织数据范围,仅能查看和处理授权中心、部门、岗位或本人数据,拒绝访问并审计,查询/处理/导出,规则版本、命中结果、输入摘要、处理结果
P061,餐卡结算,技术后台端,R04,必填与格式,必填、类型、长度、时间区间、金额精度须通过服务端校验,退回当前表单,提交前,规则版本、命中结果、输入摘要、处理结果
P061,餐卡结算,技术后台端,R05,状态迁移,仅允许按已发布状态机迁移；重复回调返回原结果,阻断非法迁移,节点提交/回调,规则版本、命中结果、输入摘要、处理结果
P061,餐卡结算,技术后台端,R06,附件安全,附件完成病毒、格式、大小、敏感内容和权限校验,隔离附件并要求补充,上传/下载,规则版本、命中结果、输入摘要、处理结果
P061,餐卡结算,技术后台端,R07,敏感字段,P2/P3字段按最小必要显示；导出需审批、水印、短链和二次认证,拒绝或脱敏,查看/导出,规则版本、命中结果、输入摘要、处理结果
P061,餐卡结算,技术后台端,R08,版本一致性,历史实例固定流程、规则、表单和字典版本,版本冲突时禁止提交,保存/提交,规则版本、命中结果、输入摘要、处理结果
P061,餐卡结算,技术后台端,R09,关闭条件,关闭前必须完成必选子任务、结算/回执、异常和归档检查,转整改/待关闭,关闭节点,规则版本、命中结果、输入摘要、处理结果
P061,餐卡结算,技术后台端,R10,审计证据链,关键操作保留操作者、身份、时间、前后值、原因、哈希和请求ID,关键审计失败则阻断,全流程,规则版本、命中结果、输入摘要、处理结果
P061,餐卡结算,技术后台端,R11,金额与预算,金额非负，核定金额不超申请与可用预算，币种税率匹配规则,阻断并提示差异,金额保存/付款前,规则版本、命中结果、输入摘要、处理结果
P061,餐卡结算,技术后台端,R12,票据防重,发票代码、号码、日期、金额和影像哈希联合防重,阻断重复报销/付款,票据提交,规则版本、命中结果、输入摘要、处理结果
P061,餐卡结算,技术后台端,,,,,,
P062,日常巡逻,技术后台端,R01,唯一性与幂等,同一业务对象、节点和幂等键不得重复创建有效单据,阻断并返回已有单号,所有提交/接口,规则版本、命中结果、输入摘要、处理结果
P062,日常巡逻,技术后台端,R02,身份与任职有效性,经办人须通过统一认证，当前任职身份在办理时点有效,阻断；重新选择身份或转授权,所有人工节点,规则版本、命中结果、输入摘要、处理结果
P062,日常巡逻,技术后台端,R03,组织数据范围,仅能查看和处理授权中心、部门、岗位或本人数据,拒绝访问并审计,查询/处理/导出,规则版本、命中结果、输入摘要、处理结果
P062,日常巡逻,技术后台端,R04,必填与格式,必填、类型、长度、时间区间、金额精度须通过服务端校验,退回当前表单,提交前,规则版本、命中结果、输入摘要、处理结果
P062,日常巡逻,技术后台端,R05,状态迁移,仅允许按已发布状态机迁移；重复回调返回原结果,阻断非法迁移,节点提交/回调,规则版本、命中结果、输入摘要、处理结果
P062,日常巡逻,技术后台端,R06,附件安全,附件完成病毒、格式、大小、敏感内容和权限校验,隔离附件并要求补充,上传/下载,规则版本、命中结果、输入摘要、处理结果
P062,日常巡逻,技术后台端,R07,敏感字段,P2/P3字段按最小必要显示；导出需审批、水印、短链和二次认证,拒绝或脱敏,查看/导出,规则版本、命中结果、输入摘要、处理结果
P062,日常巡逻,技术后台端,R08,版本一致性,历史实例固定流程、规则、表单和字典版本,版本冲突时禁止提交,保存/提交,规则版本、命中结果、输入摘要、处理结果
P062,日常巡逻,技术后台端,R09,关闭条件,关闭前必须完成必选子任务、结算/回执、异常和归档检查,转整改/待关闭,关闭节点,规则版本、命中结果、输入摘要、处理结果
P062,日常巡逻,技术后台端,R10,审计证据链,关键操作保留操作者、身份、时间、前后值、原因、哈希和请求ID,关键审计失败则阻断,全流程,规则版本、命中结果、输入摘要、处理结果
P062,日常巡逻,技术后台端,,,,,,
P063,客流预警,技术后台端,R01,唯一性与幂等,同一业务对象、节点和幂等键不得重复创建有效单据,阻断并返回已有单号,所有提交/接口,规则版本、命中结果、输入摘要、处理结果
P063,客流预警,技术后台端,R02,身份与任职有效性,经办人须通过统一认证，当前任职身份在办理时点有效,阻断；重新选择身份或转授权,所有人工节点,规则版本、命中结果、输入摘要、处理结果
P063,客流预警,技术后台端,R03,组织数据范围,仅能查看和处理授权中心、部门、岗位或本人数据,拒绝访问并审计,查询/处理/导出,规则版本、命中结果、输入摘要、处理结果
P063,客流预警,技术后台端,R04,必填与格式,必填、类型、长度、时间区间、金额精度须通过服务端校验,退回当前表单,提交前,规则版本、命中结果、输入摘要、处理结果
P063,客流预警,技术后台端,R05,状态迁移,仅允许按已发布状态机迁移；重复回调返回原结果,阻断非法迁移,节点提交/回调,规则版本、命中结果、输入摘要、处理结果
P063,客流预警,技术后台端,R06,附件安全,附件完成病毒、格式、大小、敏感内容和权限校验,隔离附件并要求补充,上传/下载,规则版本、命中结果、输入摘要、处理结果
P063,客流预警,技术后台端,R07,敏感字段,P2/P3字段按最小必要显示；导出需审批、水印、短链和二次认证,拒绝或脱敏,查看/导出,规则版本、命中结果、输入摘要、处理结果
P063,客流预警,技术后台端,R08,版本一致性,历史实例固定流程、规则、表单和字典版本,版本冲突时禁止提交,保存/提交,规则版本、命中结果、输入摘要、处理结果
P063,客流预警,技术后台端,R09,关闭条件,关闭前必须完成必选子任务、结算/回执、异常和归档检查,转整改/待关闭,关闭节点,规则版本、命中结果、输入摘要、处理结果
P063,客流预警,技术后台端,R10,审计证据链,关键操作保留操作者、身份、时间、前后值、原因、哈希和请求ID,关键审计失败则阻断,全流程,规则版本、命中结果、输入摘要、处理结果
P063,客流预警,技术后台端,,,,,,
P064,安全事件,技术后台端,R01,唯一性与幂等,同一业务对象、节点和幂等键不得重复创建有效单据,阻断并返回已有单号,所有提交/接口,规则版本、命中结果、输入摘要、处理结果
P064,安全事件,技术后台端,R02,身份与任职有效性,经办人须通过统一认证，当前任职身份在办理时点有效,阻断；重新选择身份或转授权,所有人工节点,规则版本、命中结果、输入摘要、处理结果
P064,安全事件,技术后台端,R03,组织数据范围,仅能查看和处理授权中心、部门、岗位或本人数据,拒绝访问并审计,查询/处理/导出,规则版本、命中结果、输入摘要、处理结果
P064,安全事件,技术后台端,R04,必填与格式,必填、类型、长度、时间区间、金额精度须通过服务端校验,退回当前表单,提交前,规则版本、命中结果、输入摘要、处理结果
P064,安全事件,技术后台端,R05,状态迁移,仅允许按已发布状态机迁移；重复回调返回原结果,阻断非法迁移,节点提交/回调,规则版本、命中结果、输入摘要、处理结果
P064,安全事件,技术后台端,R06,附件安全,附件完成病毒、格式、大小、敏感内容和权限校验,隔离附件并要求补充,上传/下载,规则版本、命中结果、输入摘要、处理结果
P064,安全事件,技术后台端,R07,敏感字段,P2/P3字段按最小必要显示；导出需审批、水印、短链和二次认证,拒绝或脱敏,查看/导出,规则版本、命中结果、输入摘要、处理结果
P064,安全事件,技术后台端,R08,版本一致性,历史实例固定流程、规则、表单和字典版本,版本冲突时禁止提交,保存/提交,规则版本、命中结果、输入摘要、处理结果
P064,安全事件,技术后台端,R09,关闭条件,关闭前必须完成必选子任务、结算/回执、异常和归档检查,转整改/待关闭,关闭节点,规则版本、命中结果、输入摘要、处理结果
P064,安全事件,技术后台端,R10,审计证据链,关键操作保留操作者、身份、时间、前后值、原因、哈希和请求ID,关键审计失败则阻断,全流程,规则版本、命中结果、输入摘要、处理结果
P064,安全事件,技术后台端,R11,先行止险,人员安全优先；重大事件允许先处置后补单，但不得删除证据,立即升级并锁证,事件触发,规则版本、命中结果、输入摘要、处理结果
P064,安全事件,技术后台端,R12,唯一案件,同一事件保留一个主案件，相关工单、投诉、维修、赔付为子单,合并或关联已有案件,立案,规则版本、命中结果、输入摘要、处理结果
P064,安全事件,技术后台端,,,,,,
P065,活动安保,技术后台端,R01,唯一性与幂等,同一业务对象、节点和幂等键不得重复创建有效单据,阻断并返回已有单号,所有提交/接口,规则版本、命中结果、输入摘要、处理结果
P065,活动安保,技术后台端,R02,身份与任职有效性,经办人须通过统一认证，当前任职身份在办理时点有效,阻断；重新选择身份或转授权,所有人工节点,规则版本、命中结果、输入摘要、处理结果
P065,活动安保,技术后台端,R03,组织数据范围,仅能查看和处理授权中心、部门、岗位或本人数据,拒绝访问并审计,查询/处理/导出,规则版本、命中结果、输入摘要、处理结果
P065,活动安保,技术后台端,R04,必填与格式,必填、类型、长度、时间区间、金额精度须通过服务端校验,退回当前表单,提交前,规则版本、命中结果、输入摘要、处理结果
P065,活动安保,技术后台端,R05,状态迁移,仅允许按已发布状态机迁移；重复回调返回原结果,阻断非法迁移,节点提交/回调,规则版本、命中结果、输入摘要、处理结果
P065,活动安保,技术后台端,R06,附件安全,附件完成病毒、格式、大小、敏感内容和权限校验,隔离附件并要求补充,上传/下载,规则版本、命中结果、输入摘要、处理结果
P065,活动安保,技术后台端,R07,敏感字段,P2/P3字段按最小必要显示；导出需审批、水印、短链和二次认证,拒绝或脱敏,查看/导出,规则版本、命中结果、输入摘要、处理结果
P065,活动安保,技术后台端,R08,版本一致性,历史实例固定流程、规则、表单和字典版本,版本冲突时禁止提交,保存/提交,规则版本、命中结果、输入摘要、处理结果
P065,活动安保,技术后台端,R09,关闭条件,关闭前必须完成必选子任务、结算/回执、异常和归档检查,转整改/待关闭,关闭节点,规则版本、命中结果、输入摘要、处理结果
P065,活动安保,技术后台端,R10,审计证据链,关键操作保留操作者、身份、时间、前后值、原因、哈希和请求ID,关键审计失败则阻断,全流程,规则版本、命中结果、输入摘要、处理结果
P065,活动安保,技术后台端,R11,先行止险,人员安全优先；重大事件允许先处置后补单，但不得删除证据,立即升级并锁证,事件触发,规则版本、命中结果、输入摘要、处理结果
P065,活动安保,技术后台端,R12,唯一案件,同一事件保留一个主案件，相关工单、投诉、维修、赔付为子单,合并或关联已有案件,立案,规则版本、命中结果、输入摘要、处理结果
P065,活动安保,技术后台端,,,,,,
P066,日常清洁,技术后台端,R01,唯一性与幂等,同一业务对象、节点和幂等键不得重复创建有效单据,阻断并返回已有单号,所有提交/接口,规则版本、命中结果、输入摘要、处理结果
P066,日常清洁,技术后台端,R02,身份与任职有效性,经办人须通过统一认证，当前任职身份在办理时点有效,阻断；重新选择身份或转授权,所有人工节点,规则版本、命中结果、输入摘要、处理结果
P066,日常清洁,技术后台端,R03,组织数据范围,仅能查看和处理授权中心、部门、岗位或本人数据,拒绝访问并审计,查询/处理/导出,规则版本、命中结果、输入摘要、处理结果
P066,日常清洁,技术后台端,R04,必填与格式,必填、类型、长度、时间区间、金额精度须通过服务端校验,退回当前表单,提交前,规则版本、命中结果、输入摘要、处理结果
P066,日常清洁,技术后台端,R05,状态迁移,仅允许按已发布状态机迁移；重复回调返回原结果,阻断非法迁移,节点提交/回调,规则版本、命中结果、输入摘要、处理结果
P066,日常清洁,技术后台端,R06,附件安全,附件完成病毒、格式、大小、敏感内容和权限校验,隔离附件并要求补充,上传/下载,规则版本、命中结果、输入摘要、处理结果
P066,日常清洁,技术后台端,R07,敏感字段,P2/P3字段按最小必要显示；导出需审批、水印、短链和二次认证,拒绝或脱敏,查看/导出,规则版本、命中结果、输入摘要、处理结果
P066,日常清洁,技术后台端,R08,版本一致性,历史实例固定流程、规则、表单和字典版本,版本冲突时禁止提交,保存/提交,规则版本、命中结果、输入摘要、处理结果
P066,日常清洁,技术后台端,R09,关闭条件,关闭前必须完成必选子任务、结算/回执、异常和归档检查,转整改/待关闭,关闭节点,规则版本、命中结果、输入摘要、处理结果
P066,日常清洁,技术后台端,R10,审计证据链,关键操作保留操作者、身份、时间、前后值、原因、哈希和请求ID,关键审计失败则阻断,全流程,规则版本、命中结果、输入摘要、处理结果
P066,日常清洁,技术后台端,,,,,,
P067,污染应急,技术后台端,R01,唯一性与幂等,同一业务对象、节点和幂等键不得重复创建有效单据,阻断并返回已有单号,所有提交/接口,规则版本、命中结果、输入摘要、处理结果
P067,污染应急,技术后台端,R02,身份与任职有效性,经办人须通过统一认证，当前任职身份在办理时点有效,阻断；重新选择身份或转授权,所有人工节点,规则版本、命中结果、输入摘要、处理结果
P067,污染应急,技术后台端,R03,组织数据范围,仅能查看和处理授权中心、部门、岗位或本人数据,拒绝访问并审计,查询/处理/导出,规则版本、命中结果、输入摘要、处理结果
P067,污染应急,技术后台端,R04,必填与格式,必填、类型、长度、时间区间、金额精度须通过服务端校验,退回当前表单,提交前,规则版本、命中结果、输入摘要、处理结果
P067,污染应急,技术后台端,R05,状态迁移,仅允许按已发布状态机迁移；重复回调返回原结果,阻断非法迁移,节点提交/回调,规则版本、命中结果、输入摘要、处理结果
P067,污染应急,技术后台端,R06,附件安全,附件完成病毒、格式、大小、敏感内容和权限校验,隔离附件并要求补充,上传/下载,规则版本、命中结果、输入摘要、处理结果
P067,污染应急,技术后台端,R07,敏感字段,P2/P3字段按最小必要显示；导出需审批、水印、短链和二次认证,拒绝或脱敏,查看/导出,规则版本、命中结果、输入摘要、处理结果
P067,污染应急,技术后台端,R08,版本一致性,历史实例固定流程、规则、表单和字典版本,版本冲突时禁止提交,保存/提交,规则版本、命中结果、输入摘要、处理结果
P067,污染应急,技术后台端,R09,关闭条件,关闭前必须完成必选子任务、结算/回执、异常和归档检查,转整改/待关闭,关闭节点,规则版本、命中结果、输入摘要、处理结果
P067,污染应急,技术后台端,R10,审计证据链,关键操作保留操作者、身份、时间、前后值、原因、哈希和请求ID,关键审计失败则阻断,全流程,规则版本、命中结果、输入摘要、处理结果
P067,污染应急,技术后台端,,,,,,
P068,活动保障,技术后台端,R01,唯一性与幂等,同一业务对象、节点和幂等键不得重复创建有效单据,阻断并返回已有单号,所有提交/接口,规则版本、命中结果、输入摘要、处理结果
P068,活动保障,技术后台端,R02,身份与任职有效性,经办人须通过统一认证，当前任职身份在办理时点有效,阻断；重新选择身份或转授权,所有人工节点,规则版本、命中结果、输入摘要、处理结果
P068,活动保障,技术后台端,R03,组织数据范围,仅能查看和处理授权中心、部门、岗位或本人数据,拒绝访问并审计,查询/处理/导出,规则版本、命中结果、输入摘要、处理结果
P068,活动保障,技术后台端,R04,必填与格式,必填、类型、长度、时间区间、金额精度须通过服务端校验,退回当前表单,提交前,规则版本、命中结果、输入摘要、处理结果
P068,活动保障,技术后台端,R05,状态迁移,仅允许按已发布状态机迁移；重复回调返回原结果,阻断非法迁移,节点提交/回调,规则版本、命中结果、输入摘要、处理结果
P068,活动保障,技术后台端,R06,附件安全,附件完成病毒、格式、大小、敏感内容和权限校验,隔离附件并要求补充,上传/下载,规则版本、命中结果、输入摘要、处理结果
P068,活动保障,技术后台端,R07,敏感字段,P2/P3字段按最小必要显示；导出需审批、水印、短链和二次认证,拒绝或脱敏,查看/导出,规则版本、命中结果、输入摘要、处理结果
P068,活动保障,技术后台端,R08,版本一致性,历史实例固定流程、规则、表单和字典版本,版本冲突时禁止提交,保存/提交,规则版本、命中结果、输入摘要、处理结果
P068,活动保障,技术后台端,R09,关闭条件,关闭前必须完成必选子任务、结算/回执、异常和归档检查,转整改/待关闭,关闭节点,规则版本、命中结果、输入摘要、处理结果
P068,活动保障,技术后台端,R10,审计证据链,关键操作保留操作者、身份、时间、前后值、原因、哈希和请求ID,关键审计失败则阻断,全流程,规则版本、命中结果、输入摘要、处理结果
P068,活动保障,技术后台端,,,,,,
P069,商户准入,技术后台端,R01,唯一性与幂等,同一业务对象、节点和幂等键不得重复创建有效单据,阻断并返回已有单号,所有提交/接口,规则版本、命中结果、输入摘要、处理结果
P069,商户准入,技术后台端,R02,身份与任职有效性,经办人须通过统一认证，当前任职身份在办理时点有效,阻断；重新选择身份或转授权,所有人工节点,规则版本、命中结果、输入摘要、处理结果
P069,商户准入,技术后台端,R03,组织数据范围,仅能查看和处理授权中心、部门、岗位或本人数据,拒绝访问并审计,查询/处理/导出,规则版本、命中结果、输入摘要、处理结果
P069,商户准入,技术后台端,R04,必填与格式,必填、类型、长度、时间区间、金额精度须通过服务端校验,退回当前表单,提交前,规则版本、命中结果、输入摘要、处理结果
P069,商户准入,技术后台端,R05,状态迁移,仅允许按已发布状态机迁移；重复回调返回原结果,阻断非法迁移,节点提交/回调,规则版本、命中结果、输入摘要、处理结果
P069,商户准入,技术后台端,R06,附件安全,附件完成病毒、格式、大小、敏感内容和权限校验,隔离附件并要求补充,上传/下载,规则版本、命中结果、输入摘要、处理结果
P069,商户准入,技术后台端,R07,敏感字段,P2/P3字段按最小必要显示；导出需审批、水印、短链和二次认证,拒绝或脱敏,查看/导出,规则版本、命中结果、输入摘要、处理结果
P069,商户准入,技术后台端,R08,版本一致性,历史实例固定流程、规则、表单和字典版本,版本冲突时禁止提交,保存/提交,规则版本、命中结果、输入摘要、处理结果
P069,商户准入,技术后台端,R09,关闭条件,关闭前必须完成必选子任务、结算/回执、异常和归档检查,转整改/待关闭,关闭节点,规则版本、命中结果、输入摘要、处理结果
P069,商户准入,技术后台端,R10,审计证据链,关键操作保留操作者、身份、时间、前后值、原因、哈希和请求ID,关键审计失败则阻断,全流程,规则版本、命中结果、输入摘要、处理结果
P069,商户准入,技术后台端,R11,文档不可变,签署发起后哈希、主体、顺序和关键数据不可修改,作废并新建批次,签署发起后,规则版本、命中结果、输入摘要、处理结果
P069,商户准入,技术后台端,R12,证据归档,文件、证书、时间戳、回调报文和验签结果成套归档,不得更新为已签署,签署完成,规则版本、命中结果、输入摘要、处理结果
P069,商户准入,技术后台端,,,,,,
P070,日常巡检,技术后台端,R01,唯一性与幂等,同一业务对象、节点和幂等键不得重复创建有效单据,阻断并返回已有单号,所有提交/接口,规则版本、命中结果、输入摘要、处理结果
P070,日常巡检,技术后台端,R02,身份与任职有效性,经办人须通过统一认证，当前任职身份在办理时点有效,阻断；重新选择身份或转授权,所有人工节点,规则版本、命中结果、输入摘要、处理结果
P070,日常巡检,技术后台端,R03,组织数据范围,仅能查看和处理授权中心、部门、岗位或本人数据,拒绝访问并审计,查询/处理/导出,规则版本、命中结果、输入摘要、处理结果
P070,日常巡检,技术后台端,R04,必填与格式,必填、类型、长度、时间区间、金额精度须通过服务端校验,退回当前表单,提交前,规则版本、命中结果、输入摘要、处理结果
P070,日常巡检,技术后台端,R05,状态迁移,仅允许按已发布状态机迁移；重复回调返回原结果,阻断非法迁移,节点提交/回调,规则版本、命中结果、输入摘要、处理结果
P070,日常巡检,技术后台端,R06,附件安全,附件完成病毒、格式、大小、敏感内容和权限校验,隔离附件并要求补充,上传/下载,规则版本、命中结果、输入摘要、处理结果
P070,日常巡检,技术后台端,R07,敏感字段,P2/P3字段按最小必要显示；导出需审批、水印、短链和二次认证,拒绝或脱敏,查看/导出,规则版本、命中结果、输入摘要、处理结果
P070,日常巡检,技术后台端,R08,版本一致性,历史实例固定流程、规则、表单和字典版本,版本冲突时禁止提交,保存/提交,规则版本、命中结果、输入摘要、处理结果
P070,日常巡检,技术后台端,R09,关闭条件,关闭前必须完成必选子任务、结算/回执、异常和归档检查,转整改/待关闭,关闭节点,规则版本、命中结果、输入摘要、处理结果
P070,日常巡检,技术后台端,R10,审计证据链,关键操作保留操作者、身份、时间、前后值、原因、哈希和请求ID,关键审计失败则阻断,全流程,规则版本、命中结果、输入摘要、处理结果
P070,日常巡检,技术后台端,,,,,,
P071,退场,技术后台端,R01,唯一性与幂等,同一业务对象、节点和幂等键不得重复创建有效单据,阻断并返回已有单号,所有提交/接口,规则版本、命中结果、输入摘要、处理结果
P071,退场,技术后台端,R02,身份与任职有效性,经办人须通过统一认证，当前任职身份在办理时点有效,阻断；重新选择身份或转授权,所有人工节点,规则版本、命中结果、输入摘要、处理结果
P071,退场,技术后台端,R03,组织数据范围,仅能查看和处理授权中心、部门、岗位或本人数据,拒绝访问并审计,查询/处理/导出,规则版本、命中结果、输入摘要、处理结果
P071,退场,技术后台端,R04,必填与格式,必填、类型、长度、时间区间、金额精度须通过服务端校验,退回当前表单,提交前,规则版本、命中结果、输入摘要、处理结果
P071,退场,技术后台端,R05,状态迁移,仅允许按已发布状态机迁移；重复回调返回原结果,阻断非法迁移,节点提交/回调,规则版本、命中结果、输入摘要、处理结果
P071,退场,技术后台端,R06,附件安全,附件完成病毒、格式、大小、敏感内容和权限校验,隔离附件并要求补充,上传/下载,规则版本、命中结果、输入摘要、处理结果
P071,退场,技术后台端,R07,敏感字段,P2/P3字段按最小必要显示；导出需审批、水印、短链和二次认证,拒绝或脱敏,查看/导出,规则版本、命中结果、输入摘要、处理结果
P071,退场,技术后台端,R08,版本一致性,历史实例固定流程、规则、表单和字典版本,版本冲突时禁止提交,保存/提交,规则版本、命中结果、输入摘要、处理结果
P071,退场,技术后台端,R09,关闭条件,关闭前必须完成必选子任务、结算/回执、异常和归档检查,转整改/待关闭,关闭节点,规则版本、命中结果、输入摘要、处理结果
P071,退场,技术后台端,R10,审计证据链,关键操作保留操作者、身份、时间、前后值、原因、哈希和请求ID,关键审计失败则阻断,全流程,规则版本、命中结果、输入摘要、处理结果
P071,退场,技术后台端,R11,文档不可变,签署发起后哈希、主体、顺序和关键数据不可修改,作废并新建批次,签署发起后,规则版本、命中结果、输入摘要、处理结果
P071,退场,技术后台端,R12,证据归档,文件、证书、时间戳、回调报文和验签结果成套归档,不得更新为已签署,签署完成,规则版本、命中结果、输入摘要、处理结果
P071,退场,技术后台端,R11,库存非负与锁定,可用量=账面量-锁定量，出库不得导致负库存,阻断并提示缺口,锁定/出库,规则版本、命中结果、输入摘要、处理结果
P071,退场,技术后台端,R12,批次序列追溯,需追溯物品必须一物一码/一批一码，状态变更保留流水,阻断无编码操作,入库/出库/报损,规则版本、命中结果、输入摘要、处理结果
P071,退场,技术后台端,,,,,,
P072,节目上线,技术后台端,R01,唯一性与幂等,同一业务对象、节点和幂等键不得重复创建有效单据,阻断并返回已有单号,所有提交/接口,规则版本、命中结果、输入摘要、处理结果
P072,节目上线,技术后台端,R02,身份与任职有效性,经办人须通过统一认证，当前任职身份在办理时点有效,阻断；重新选择身份或转授权,所有人工节点,规则版本、命中结果、输入摘要、处理结果
P072,节目上线,技术后台端,R03,组织数据范围,仅能查看和处理授权中心、部门、岗位或本人数据,拒绝访问并审计,查询/处理/导出,规则版本、命中结果、输入摘要、处理结果
P072,节目上线,技术后台端,R04,必填与格式,必填、类型、长度、时间区间、金额精度须通过服务端校验,退回当前表单,提交前,规则版本、命中结果、输入摘要、处理结果
P072,节目上线,技术后台端,R05,状态迁移,仅允许按已发布状态机迁移；重复回调返回原结果,阻断非法迁移,节点提交/回调,规则版本、命中结果、输入摘要、处理结果
P072,节目上线,技术后台端,R06,附件安全,附件完成病毒、格式、大小、敏感内容和权限校验,隔离附件并要求补充,上传/下载,规则版本、命中结果、输入摘要、处理结果
P072,节目上线,技术后台端,R07,敏感字段,P2/P3字段按最小必要显示；导出需审批、水印、短链和二次认证,拒绝或脱敏,查看/导出,规则版本、命中结果、输入摘要、处理结果
P072,节目上线,技术后台端,R08,版本一致性,历史实例固定流程、规则、表单和字典版本,版本冲突时禁止提交,保存/提交,规则版本、命中结果、输入摘要、处理结果
P072,节目上线,技术后台端,R09,关闭条件,关闭前必须完成必选子任务、结算/回执、异常和归档检查,转整改/待关闭,关闭节点,规则版本、命中结果、输入摘要、处理结果
P072,节目上线,技术后台端,R10,审计证据链,关键操作保留操作者、身份、时间、前后值、原因、哈希和请求ID,关键审计失败则阻断,全流程,规则版本、命中结果、输入摘要、处理结果
P072,节目上线,技术后台端,,,,,,
P073,场次执行,技术后台端,R01,唯一性与幂等,同一业务对象、节点和幂等键不得重复创建有效单据,阻断并返回已有单号,所有提交/接口,规则版本、命中结果、输入摘要、处理结果
P073,场次执行,技术后台端,R02,身份与任职有效性,经办人须通过统一认证，当前任职身份在办理时点有效,阻断；重新选择身份或转授权,所有人工节点,规则版本、命中结果、输入摘要、处理结果
P073,场次执行,技术后台端,R03,组织数据范围,仅能查看和处理授权中心、部门、岗位或本人数据,拒绝访问并审计,查询/处理/导出,规则版本、命中结果、输入摘要、处理结果
P073,场次执行,技术后台端,R04,必填与格式,必填、类型、长度、时间区间、金额精度须通过服务端校验,退回当前表单,提交前,规则版本、命中结果、输入摘要、处理结果
P073,场次执行,技术后台端,R05,状态迁移,仅允许按已发布状态机迁移；重复回调返回原结果,阻断非法迁移,节点提交/回调,规则版本、命中结果、输入摘要、处理结果
P073,场次执行,技术后台端,R06,附件安全,附件完成病毒、格式、大小、敏感内容和权限校验,隔离附件并要求补充,上传/下载,规则版本、命中结果、输入摘要、处理结果
P073,场次执行,技术后台端,R07,敏感字段,P2/P3字段按最小必要显示；导出需审批、水印、短链和二次认证,拒绝或脱敏,查看/导出,规则版本、命中结果、输入摘要、处理结果
P073,场次执行,技术后台端,R08,版本一致性,历史实例固定流程、规则、表单和字典版本,版本冲突时禁止提交,保存/提交,规则版本、命中结果、输入摘要、处理结果
P073,场次执行,技术后台端,R09,关闭条件,关闭前必须完成必选子任务、结算/回执、异常和归档检查,转整改/待关闭,关闭节点,规则版本、命中结果、输入摘要、处理结果
P073,场次执行,技术后台端,R10,审计证据链,关键操作保留操作者、身份、时间、前后值、原因、哈希和请求ID,关键审计失败则阻断,全流程,规则版本、命中结果、输入摘要、处理结果
P073,场次执行,技术后台端,R11,时间重叠,假勤、排班、加班区间不得与已生效记录冲突,阻断或转例外审批,时间提交,规则版本、命中结果、输入摘要、处理结果
P073,场次执行,技术后台端,R12,额度账本,额度只通过预占、扣减、释放和差额调整流水变更,转账本调整单,审批/销假,规则版本、命中结果、输入摘要、处理结果
P073,场次执行,技术后台端,,,,,,
P074,临时缺员,技术后台端,R01,唯一性与幂等,同一业务对象、节点和幂等键不得重复创建有效单据,阻断并返回已有单号,所有提交/接口,规则版本、命中结果、输入摘要、处理结果
P074,临时缺员,技术后台端,R02,身份与任职有效性,经办人须通过统一认证，当前任职身份在办理时点有效,阻断；重新选择身份或转授权,所有人工节点,规则版本、命中结果、输入摘要、处理结果
P074,临时缺员,技术后台端,R03,组织数据范围,仅能查看和处理授权中心、部门、岗位或本人数据,拒绝访问并审计,查询/处理/导出,规则版本、命中结果、输入摘要、处理结果
P074,临时缺员,技术后台端,R04,必填与格式,必填、类型、长度、时间区间、金额精度须通过服务端校验,退回当前表单,提交前,规则版本、命中结果、输入摘要、处理结果
P074,临时缺员,技术后台端,R05,状态迁移,仅允许按已发布状态机迁移；重复回调返回原结果,阻断非法迁移,节点提交/回调,规则版本、命中结果、输入摘要、处理结果
P074,临时缺员,技术后台端,R06,附件安全,附件完成病毒、格式、大小、敏感内容和权限校验,隔离附件并要求补充,上传/下载,规则版本、命中结果、输入摘要、处理结果
P074,临时缺员,技术后台端,R07,敏感字段,P2/P3字段按最小必要显示；导出需审批、水印、短链和二次认证,拒绝或脱敏,查看/导出,规则版本、命中结果、输入摘要、处理结果
P074,临时缺员,技术后台端,R08,版本一致性,历史实例固定流程、规则、表单和字典版本,版本冲突时禁止提交,保存/提交,规则版本、命中结果、输入摘要、处理结果
P074,临时缺员,技术后台端,R09,关闭条件,关闭前必须完成必选子任务、结算/回执、异常和归档检查,转整改/待关闭,关闭节点,规则版本、命中结果、输入摘要、处理结果
P074,临时缺员,技术后台端,R10,审计证据链,关键操作保留操作者、身份、时间、前后值、原因、哈希和请求ID,关键审计失败则阻断,全流程,规则版本、命中结果、输入摘要、处理结果
P074,临时缺员,技术后台端,R11,时间重叠,假勤、排班、加班区间不得与已生效记录冲突,阻断或转例外审批,时间提交,规则版本、命中结果、输入摘要、处理结果
P074,临时缺员,技术后台端,R12,额度账本,额度只通过预占、扣减、释放和差额调整流水变更,转账本调整单,审批/销假,规则版本、命中结果、输入摘要、处理结果
P074,临时缺员,技术后台端,,,,,,
P075,停演,技术后台端,R01,唯一性与幂等,同一业务对象、节点和幂等键不得重复创建有效单据,阻断并返回已有单号,所有提交/接口,规则版本、命中结果、输入摘要、处理结果
P075,停演,技术后台端,R02,身份与任职有效性,经办人须通过统一认证，当前任职身份在办理时点有效,阻断；重新选择身份或转授权,所有人工节点,规则版本、命中结果、输入摘要、处理结果
P075,停演,技术后台端,R03,组织数据范围,仅能查看和处理授权中心、部门、岗位或本人数据,拒绝访问并审计,查询/处理/导出,规则版本、命中结果、输入摘要、处理结果
P075,停演,技术后台端,R04,必填与格式,必填、类型、长度、时间区间、金额精度须通过服务端校验,退回当前表单,提交前,规则版本、命中结果、输入摘要、处理结果
P075,停演,技术后台端,R05,状态迁移,仅允许按已发布状态机迁移；重复回调返回原结果,阻断非法迁移,节点提交/回调,规则版本、命中结果、输入摘要、处理结果
P075,停演,技术后台端,R06,附件安全,附件完成病毒、格式、大小、敏感内容和权限校验,隔离附件并要求补充,上传/下载,规则版本、命中结果、输入摘要、处理结果
P075,停演,技术后台端,R07,敏感字段,P2/P3字段按最小必要显示；导出需审批、水印、短链和二次认证,拒绝或脱敏,查看/导出,规则版本、命中结果、输入摘要、处理结果
P075,停演,技术后台端,R08,版本一致性,历史实例固定流程、规则、表单和字典版本,版本冲突时禁止提交,保存/提交,规则版本、命中结果、输入摘要、处理结果
P075,停演,技术后台端,R09,关闭条件,关闭前必须完成必选子任务、结算/回执、异常和归档检查,转整改/待关闭,关闭节点,规则版本、命中结果、输入摘要、处理结果
P075,停演,技术后台端,R10,审计证据链,关键操作保留操作者、身份、时间、前后值、原因、哈希和请求ID,关键审计失败则阻断,全流程,规则版本、命中结果、输入摘要、处理结果
P075,停演,技术后台端,R11,订单票码一致性,订单、支付、票码、核销、退款状态最终一致；冻结票码不得核销,进入差异队列,核销/退款,规则版本、命中结果、输入摘要、处理结果
P075,停演,技术后台端,R12,防重复核销,同一票码同一权益仅成功核销一次，离线回传幂等合并,返回原结果/转差异,核销,规则版本、命中结果、输入摘要、处理结果
P075,停演,技术后台端,R11,先行止险,人员安全优先；重大事件允许先处置后补单，但不得删除证据,立即升级并锁证,事件触发,规则版本、命中结果、输入摘要、处理结果
P075,停演,技术后台端,R12,唯一案件,同一事件保留一个主案件，相关工单、投诉、维修、赔付为子单,合并或关联已有案件,立案,规则版本、命中结果、输入摘要、处理结果
P075,停演,技术后台端,,,,,,
P076,场次准备,技术后台端,R01,唯一性与幂等,同一业务对象、节点和幂等键不得重复创建有效单据,阻断并返回已有单号,所有提交/接口,规则版本、命中结果、输入摘要、处理结果
P076,场次准备,技术后台端,R02,身份与任职有效性,经办人须通过统一认证，当前任职身份在办理时点有效,阻断；重新选择身份或转授权,所有人工节点,规则版本、命中结果、输入摘要、处理结果
P076,场次准备,技术后台端,R03,组织数据范围,仅能查看和处理授权中心、部门、岗位或本人数据,拒绝访问并审计,查询/处理/导出,规则版本、命中结果、输入摘要、处理结果
P076,场次准备,技术后台端,R04,必填与格式,必填、类型、长度、时间区间、金额精度须通过服务端校验,退回当前表单,提交前,规则版本、命中结果、输入摘要、处理结果
P076,场次准备,技术后台端,R05,状态迁移,仅允许按已发布状态机迁移；重复回调返回原结果,阻断非法迁移,节点提交/回调,规则版本、命中结果、输入摘要、处理结果
P076,场次准备,技术后台端,R06,附件安全,附件完成病毒、格式、大小、敏感内容和权限校验,隔离附件并要求补充,上传/下载,规则版本、命中结果、输入摘要、处理结果
P076,场次准备,技术后台端,R07,敏感字段,P2/P3字段按最小必要显示；导出需审批、水印、短链和二次认证,拒绝或脱敏,查看/导出,规则版本、命中结果、输入摘要、处理结果
P076,场次准备,技术后台端,R08,版本一致性,历史实例固定流程、规则、表单和字典版本,版本冲突时禁止提交,保存/提交,规则版本、命中结果、输入摘要、处理结果
P076,场次准备,技术后台端,R09,关闭条件,关闭前必须完成必选子任务、结算/回执、异常和归档检查,转整改/待关闭,关闭节点,规则版本、命中结果、输入摘要、处理结果
P076,场次准备,技术后台端,R10,审计证据链,关键操作保留操作者、身份、时间、前后值、原因、哈希和请求ID,关键审计失败则阻断,全流程,规则版本、命中结果、输入摘要、处理结果
P076,场次准备,技术后台端,R11,库存非负与锁定,可用量=账面量-锁定量，出库不得导致负库存,阻断并提示缺口,锁定/出库,规则版本、命中结果、输入摘要、处理结果
P076,场次准备,技术后台端,R12,批次序列追溯,需追溯物品必须一物一码/一批一码，状态变更保留流水,阻断无编码操作,入库/出库/报损,规则版本、命中结果、输入摘要、处理结果
P076,场次准备,技术后台端,,,,,,
P077,损坏报损,技术后台端,R01,唯一性与幂等,同一业务对象、节点和幂等键不得重复创建有效单据,阻断并返回已有单号,所有提交/接口,规则版本、命中结果、输入摘要、处理结果
P077,损坏报损,技术后台端,R02,身份与任职有效性,经办人须通过统一认证，当前任职身份在办理时点有效,阻断；重新选择身份或转授权,所有人工节点,规则版本、命中结果、输入摘要、处理结果
P077,损坏报损,技术后台端,R03,组织数据范围,仅能查看和处理授权中心、部门、岗位或本人数据,拒绝访问并审计,查询/处理/导出,规则版本、命中结果、输入摘要、处理结果
P077,损坏报损,技术后台端,R04,必填与格式,必填、类型、长度、时间区间、金额精度须通过服务端校验,退回当前表单,提交前,规则版本、命中结果、输入摘要、处理结果
P077,损坏报损,技术后台端,R05,状态迁移,仅允许按已发布状态机迁移；重复回调返回原结果,阻断非法迁移,节点提交/回调,规则版本、命中结果、输入摘要、处理结果
P077,损坏报损,技术后台端,R06,附件安全,附件完成病毒、格式、大小、敏感内容和权限校验,隔离附件并要求补充,上传/下载,规则版本、命中结果、输入摘要、处理结果
P077,损坏报损,技术后台端,R07,敏感字段,P2/P3字段按最小必要显示；导出需审批、水印、短链和二次认证,拒绝或脱敏,查看/导出,规则版本、命中结果、输入摘要、处理结果
P077,损坏报损,技术后台端,R08,版本一致性,历史实例固定流程、规则、表单和字典版本,版本冲突时禁止提交,保存/提交,规则版本、命中结果、输入摘要、处理结果
P077,损坏报损,技术后台端,R09,关闭条件,关闭前必须完成必选子任务、结算/回执、异常和归档检查,转整改/待关闭,关闭节点,规则版本、命中结果、输入摘要、处理结果
P077,损坏报损,技术后台端,R10,审计证据链,关键操作保留操作者、身份、时间、前后值、原因、哈希和请求ID,关键审计失败则阻断,全流程,规则版本、命中结果、输入摘要、处理结果
P077,损坏报损,技术后台端,R11,库存非负与锁定,可用量=账面量-锁定量，出库不得导致负库存,阻断并提示缺口,锁定/出库,规则版本、命中结果、输入摘要、处理结果
P077,损坏报损,技术后台端,R12,批次序列追溯,需追溯物品必须一物一码/一批一码，状态变更保留流水,阻断无编码操作,入库/出库/报损,规则版本、命中结果、输入摘要、处理结果
P077,损坏报损,技术后台端,,,,,,
P078,盘点,技术后台端,R01,唯一性与幂等,同一业务对象、节点和幂等键不得重复创建有效单据,阻断并返回已有单号,所有提交/接口,规则版本、命中结果、输入摘要、处理结果
P078,盘点,技术后台端,R02,身份与任职有效性,经办人须通过统一认证，当前任职身份在办理时点有效,阻断；重新选择身份或转授权,所有人工节点,规则版本、命中结果、输入摘要、处理结果
P078,盘点,技术后台端,R03,组织数据范围,仅能查看和处理授权中心、部门、岗位或本人数据,拒绝访问并审计,查询/处理/导出,规则版本、命中结果、输入摘要、处理结果
P078,盘点,技术后台端,R04,必填与格式,必填、类型、长度、时间区间、金额精度须通过服务端校验,退回当前表单,提交前,规则版本、命中结果、输入摘要、处理结果
P078,盘点,技术后台端,R05,状态迁移,仅允许按已发布状态机迁移；重复回调返回原结果,阻断非法迁移,节点提交/回调,规则版本、命中结果、输入摘要、处理结果
P078,盘点,技术后台端,R06,附件安全,附件完成病毒、格式、大小、敏感内容和权限校验,隔离附件并要求补充,上传/下载,规则版本、命中结果、输入摘要、处理结果
P078,盘点,技术后台端,R07,敏感字段,P2/P3字段按最小必要显示；导出需审批、水印、短链和二次认证,拒绝或脱敏,查看/导出,规则版本、命中结果、输入摘要、处理结果
P078,盘点,技术后台端,R08,版本一致性,历史实例固定流程、规则、表单和字典版本,版本冲突时禁止提交,保存/提交,规则版本、命中结果、输入摘要、处理结果
P078,盘点,技术后台端,R09,关闭条件,关闭前必须完成必选子任务、结算/回执、异常和归档检查,转整改/待关闭,关闭节点,规则版本、命中结果、输入摘要、处理结果
P078,盘点,技术后台端,R10,审计证据链,关键操作保留操作者、身份、时间、前后值、原因、哈希和请求ID,关键审计失败则阻断,全流程,规则版本、命中结果、输入摘要、处理结果
P078,盘点,技术后台端,R11,库存非负与锁定,可用量=账面量-锁定量，出库不得导致负库存,阻断并提示缺口,锁定/出库,规则版本、命中结果、输入摘要、处理结果
P078,盘点,技术后台端,R12,批次序列追溯,需追溯物品必须一物一码/一批一码，状态变更保留流水,阻断无编码操作,入库/出库/报损,规则版本、命中结果、输入摘要、处理结果
P078,盘点,技术后台端,,,,,,
P079,飞行任务,技术后台端,R01,唯一性与幂等,同一业务对象、节点和幂等键不得重复创建有效单据,阻断并返回已有单号,所有提交/接口,规则版本、命中结果、输入摘要、处理结果
P079,飞行任务,技术后台端,R02,身份与任职有效性,经办人须通过统一认证，当前任职身份在办理时点有效,阻断；重新选择身份或转授权,所有人工节点,规则版本、命中结果、输入摘要、处理结果
P079,飞行任务,技术后台端,R03,组织数据范围,仅能查看和处理授权中心、部门、岗位或本人数据,拒绝访问并审计,查询/处理/导出,规则版本、命中结果、输入摘要、处理结果
P079,飞行任务,技术后台端,R04,必填与格式,必填、类型、长度、时间区间、金额精度须通过服务端校验,退回当前表单,提交前,规则版本、命中结果、输入摘要、处理结果
P079,飞行任务,技术后台端,R05,状态迁移,仅允许按已发布状态机迁移；重复回调返回原结果,阻断非法迁移,节点提交/回调,规则版本、命中结果、输入摘要、处理结果
P079,飞行任务,技术后台端,R06,附件安全,附件完成病毒、格式、大小、敏感内容和权限校验,隔离附件并要求补充,上传/下载,规则版本、命中结果、输入摘要、处理结果
P079,飞行任务,技术后台端,R07,敏感字段,P2/P3字段按最小必要显示；导出需审批、水印、短链和二次认证,拒绝或脱敏,查看/导出,规则版本、命中结果、输入摘要、处理结果
P079,飞行任务,技术后台端,R08,版本一致性,历史实例固定流程、规则、表单和字典版本,版本冲突时禁止提交,保存/提交,规则版本、命中结果、输入摘要、处理结果
P079,飞行任务,技术后台端,R09,关闭条件,关闭前必须完成必选子任务、结算/回执、异常和归档检查,转整改/待关闭,关闭节点,规则版本、命中结果、输入摘要、处理结果
P079,飞行任务,技术后台端,R10,审计证据链,关键操作保留操作者、身份、时间、前后值、原因、哈希和请求ID,关键审计失败则阻断,全流程,规则版本、命中结果、输入摘要、处理结果
P079,飞行任务,技术后台端,,,,,,
P080,任务取消,技术后台端,R01,唯一性与幂等,同一业务对象、节点和幂等键不得重复创建有效单据,阻断并返回已有单号,所有提交/接口,规则版本、命中结果、输入摘要、处理结果
P080,任务取消,技术后台端,R02,身份与任职有效性,经办人须通过统一认证，当前任职身份在办理时点有效,阻断；重新选择身份或转授权,所有人工节点,规则版本、命中结果、输入摘要、处理结果
P080,任务取消,技术后台端,R03,组织数据范围,仅能查看和处理授权中心、部门、岗位或本人数据,拒绝访问并审计,查询/处理/导出,规则版本、命中结果、输入摘要、处理结果
P080,任务取消,技术后台端,R04,必填与格式,必填、类型、长度、时间区间、金额精度须通过服务端校验,退回当前表单,提交前,规则版本、命中结果、输入摘要、处理结果
P080,任务取消,技术后台端,R05,状态迁移,仅允许按已发布状态机迁移；重复回调返回原结果,阻断非法迁移,节点提交/回调,规则版本、命中结果、输入摘要、处理结果
P080,任务取消,技术后台端,R06,附件安全,附件完成病毒、格式、大小、敏感内容和权限校验,隔离附件并要求补充,上传/下载,规则版本、命中结果、输入摘要、处理结果
P080,任务取消,技术后台端,R07,敏感字段,P2/P3字段按最小必要显示；导出需审批、水印、短链和二次认证,拒绝或脱敏,查看/导出,规则版本、命中结果、输入摘要、处理结果
P080,任务取消,技术后台端,R08,版本一致性,历史实例固定流程、规则、表单和字典版本,版本冲突时禁止提交,保存/提交,规则版本、命中结果、输入摘要、处理结果
P080,任务取消,技术后台端,R09,关闭条件,关闭前必须完成必选子任务、结算/回执、异常和归档检查,转整改/待关闭,关闭节点,规则版本、命中结果、输入摘要、处理结果
P080,任务取消,技术后台端,R10,审计证据链,关键操作保留操作者、身份、时间、前后值、原因、哈希和请求ID,关键审计失败则阻断,全流程,规则版本、命中结果、输入摘要、处理结果
P080,任务取消,技术后台端,R11,订单票码一致性,订单、支付、票码、核销、退款状态最终一致；冻结票码不得核销,进入差异队列,核销/退款,规则版本、命中结果、输入摘要、处理结果
P080,任务取消,技术后台端,R12,防重复核销,同一票码同一权益仅成功核销一次，离线回传幂等合并,返回原结果/转差异,核销,规则版本、命中结果、输入摘要、处理结果
P080,任务取消,技术后台端,R11,先行止险,人员安全优先；重大事件允许先处置后补单，但不得删除证据,立即升级并锁证,事件触发,规则版本、命中结果、输入摘要、处理结果
P080,任务取消,技术后台端,R12,唯一案件,同一事件保留一个主案件，相关工单、投诉、维修、赔付为子单,合并或关联已有案件,立案,规则版本、命中结果、输入摘要、处理结果
P080,任务取消,技术后台端,,,,,,
P081,飞行事故,技术后台端,R01,唯一性与幂等,同一业务对象、节点和幂等键不得重复创建有效单据,阻断并返回已有单号,所有提交/接口,规则版本、命中结果、输入摘要、处理结果
P081,飞行事故,技术后台端,R02,身份与任职有效性,经办人须通过统一认证，当前任职身份在办理时点有效,阻断；重新选择身份或转授权,所有人工节点,规则版本、命中结果、输入摘要、处理结果
P081,飞行事故,技术后台端,R03,组织数据范围,仅能查看和处理授权中心、部门、岗位或本人数据,拒绝访问并审计,查询/处理/导出,规则版本、命中结果、输入摘要、处理结果
P081,飞行事故,技术后台端,R04,必填与格式,必填、类型、长度、时间区间、金额精度须通过服务端校验,退回当前表单,提交前,规则版本、命中结果、输入摘要、处理结果
P081,飞行事故,技术后台端,R05,状态迁移,仅允许按已发布状态机迁移；重复回调返回原结果,阻断非法迁移,节点提交/回调,规则版本、命中结果、输入摘要、处理结果
P081,飞行事故,技术后台端,R06,附件安全,附件完成病毒、格式、大小、敏感内容和权限校验,隔离附件并要求补充,上传/下载,规则版本、命中结果、输入摘要、处理结果
P081,飞行事故,技术后台端,R07,敏感字段,P2/P3字段按最小必要显示；导出需审批、水印、短链和二次认证,拒绝或脱敏,查看/导出,规则版本、命中结果、输入摘要、处理结果
P081,飞行事故,技术后台端,R08,版本一致性,历史实例固定流程、规则、表单和字典版本,版本冲突时禁止提交,保存/提交,规则版本、命中结果、输入摘要、处理结果
P081,飞行事故,技术后台端,R09,关闭条件,关闭前必须完成必选子任务、结算/回执、异常和归档检查,转整改/待关闭,关闭节点,规则版本、命中结果、输入摘要、处理结果
P081,飞行事故,技术后台端,R10,审计证据链,关键操作保留操作者、身份、时间、前后值、原因、哈希和请求ID,关键审计失败则阻断,全流程,规则版本、命中结果、输入摘要、处理结果
P081,飞行事故,技术后台端,R11,先行止险,人员安全优先；重大事件允许先处置后补单，但不得删除证据,立即升级并锁证,事件触发,规则版本、命中结果、输入摘要、处理结果
P081,飞行事故,技术后台端,R12,唯一案件,同一事件保留一个主案件，相关工单、投诉、维修、赔付为子单,合并或关联已有案件,立案,规则版本、命中结果、输入摘要、处理结果
P081,飞行事故,技术后台端,,,,,,
P082,场次技术保障,技术后台端,R01,唯一性与幂等,同一业务对象、节点和幂等键不得重复创建有效单据,阻断并返回已有单号,所有提交/接口,规则版本、命中结果、输入摘要、处理结果
P082,场次技术保障,技术后台端,R02,身份与任职有效性,经办人须通过统一认证，当前任职身份在办理时点有效,阻断；重新选择身份或转授权,所有人工节点,规则版本、命中结果、输入摘要、处理结果
P082,场次技术保障,技术后台端,R03,组织数据范围,仅能查看和处理授权中心、部门、岗位或本人数据,拒绝访问并审计,查询/处理/导出,规则版本、命中结果、输入摘要、处理结果
P082,场次技术保障,技术后台端,R04,必填与格式,必填、类型、长度、时间区间、金额精度须通过服务端校验,退回当前表单,提交前,规则版本、命中结果、输入摘要、处理结果
P082,场次技术保障,技术后台端,R05,状态迁移,仅允许按已发布状态机迁移；重复回调返回原结果,阻断非法迁移,节点提交/回调,规则版本、命中结果、输入摘要、处理结果
P082,场次技术保障,技术后台端,R06,附件安全,附件完成病毒、格式、大小、敏感内容和权限校验,隔离附件并要求补充,上传/下载,规则版本、命中结果、输入摘要、处理结果
P082,场次技术保障,技术后台端,R07,敏感字段,P2/P3字段按最小必要显示；导出需审批、水印、短链和二次认证,拒绝或脱敏,查看/导出,规则版本、命中结果、输入摘要、处理结果
P082,场次技术保障,技术后台端,R08,版本一致性,历史实例固定流程、规则、表单和字典版本,版本冲突时禁止提交,保存/提交,规则版本、命中结果、输入摘要、处理结果
P082,场次技术保障,技术后台端,R09,关闭条件,关闭前必须完成必选子任务、结算/回执、异常和归档检查,转整改/待关闭,关闭节点,规则版本、命中结果、输入摘要、处理结果
P082,场次技术保障,技术后台端,R10,审计证据链,关键操作保留操作者、身份、时间、前后值、原因、哈希和请求ID,关键审计失败则阻断,全流程,规则版本、命中结果、输入摘要、处理结果
P082,场次技术保障,技术后台端,R11,时间重叠,假勤、排班、加班区间不得与已生效记录冲突,阻断或转例外审批,时间提交,规则版本、命中结果、输入摘要、处理结果
P082,场次技术保障,技术后台端,R12,额度账本,额度只通过预占、扣减、释放和差额调整流水变更,转账本调整单,审批/销假,规则版本、命中结果、输入摘要、处理结果
P082,场次技术保障,技术后台端,,,,,,
P083,设备故障,技术后台端,R01,唯一性与幂等,同一业务对象、节点和幂等键不得重复创建有效单据,阻断并返回已有单号,所有提交/接口,规则版本、命中结果、输入摘要、处理结果
P083,设备故障,技术后台端,R02,身份与任职有效性,经办人须通过统一认证，当前任职身份在办理时点有效,阻断；重新选择身份或转授权,所有人工节点,规则版本、命中结果、输入摘要、处理结果
P083,设备故障,技术后台端,R03,组织数据范围,仅能查看和处理授权中心、部门、岗位或本人数据,拒绝访问并审计,查询/处理/导出,规则版本、命中结果、输入摘要、处理结果
P083,设备故障,技术后台端,R04,必填与格式,必填、类型、长度、时间区间、金额精度须通过服务端校验,退回当前表单,提交前,规则版本、命中结果、输入摘要、处理结果
P083,设备故障,技术后台端,R05,状态迁移,仅允许按已发布状态机迁移；重复回调返回原结果,阻断非法迁移,节点提交/回调,规则版本、命中结果、输入摘要、处理结果
P083,设备故障,技术后台端,R06,附件安全,附件完成病毒、格式、大小、敏感内容和权限校验,隔离附件并要求补充,上传/下载,规则版本、命中结果、输入摘要、处理结果
P083,设备故障,技术后台端,R07,敏感字段,P2/P3字段按最小必要显示；导出需审批、水印、短链和二次认证,拒绝或脱敏,查看/导出,规则版本、命中结果、输入摘要、处理结果
P083,设备故障,技术后台端,R08,版本一致性,历史实例固定流程、规则、表单和字典版本,版本冲突时禁止提交,保存/提交,规则版本、命中结果、输入摘要、处理结果
P083,设备故障,技术后台端,R09,关闭条件,关闭前必须完成必选子任务、结算/回执、异常和归档检查,转整改/待关闭,关闭节点,规则版本、命中结果、输入摘要、处理结果
P083,设备故障,技术后台端,R10,审计证据链,关键操作保留操作者、身份、时间、前后值、原因、哈希和请求ID,关键审计失败则阻断,全流程,规则版本、命中结果、输入摘要、处理结果
P083,设备故障,技术后台端,R11,先行止险,人员安全优先；重大事件允许先处置后补单，但不得删除证据,立即升级并锁证,事件触发,规则版本、命中结果、输入摘要、处理结果
P083,设备故障,技术后台端,R12,唯一案件,同一事件保留一个主案件，相关工单、投诉、维修、赔付为子单,合并或关联已有案件,立案,规则版本、命中结果、输入摘要、处理结果
P083,设备故障,技术后台端,,,,,,
P084,停演技术建议,技术后台端,R01,唯一性与幂等,同一业务对象、节点和幂等键不得重复创建有效单据,阻断并返回已有单号,所有提交/接口,规则版本、命中结果、输入摘要、处理结果
P084,停演技术建议,技术后台端,R02,身份与任职有效性,经办人须通过统一认证，当前任职身份在办理时点有效,阻断；重新选择身份或转授权,所有人工节点,规则版本、命中结果、输入摘要、处理结果
P084,停演技术建议,技术后台端,R03,组织数据范围,仅能查看和处理授权中心、部门、岗位或本人数据,拒绝访问并审计,查询/处理/导出,规则版本、命中结果、输入摘要、处理结果
P084,停演技术建议,技术后台端,R04,必填与格式,必填、类型、长度、时间区间、金额精度须通过服务端校验,退回当前表单,提交前,规则版本、命中结果、输入摘要、处理结果
P084,停演技术建议,技术后台端,R05,状态迁移,仅允许按已发布状态机迁移；重复回调返回原结果,阻断非法迁移,节点提交/回调,规则版本、命中结果、输入摘要、处理结果
P084,停演技术建议,技术后台端,R06,附件安全,附件完成病毒、格式、大小、敏感内容和权限校验,隔离附件并要求补充,上传/下载,规则版本、命中结果、输入摘要、处理结果
P084,停演技术建议,技术后台端,R07,敏感字段,P2/P3字段按最小必要显示；导出需审批、水印、短链和二次认证,拒绝或脱敏,查看/导出,规则版本、命中结果、输入摘要、处理结果
P084,停演技术建议,技术后台端,R08,版本一致性,历史实例固定流程、规则、表单和字典版本,版本冲突时禁止提交,保存/提交,规则版本、命中结果、输入摘要、处理结果
P084,停演技术建议,技术后台端,R09,关闭条件,关闭前必须完成必选子任务、结算/回执、异常和归档检查,转整改/待关闭,关闭节点,规则版本、命中结果、输入摘要、处理结果
P084,停演技术建议,技术后台端,R10,审计证据链,关键操作保留操作者、身份、时间、前后值、原因、哈希和请求ID,关键审计失败则阻断,全流程,规则版本、命中结果、输入摘要、处理结果
P084,停演技术建议,技术后台端,R11,先行止险,人员安全优先；重大事件允许先处置后补单，但不得删除证据,立即升级并锁证,事件触发,规则版本、命中结果、输入摘要、处理结果
P084,停演技术建议,技术后台端,R12,唯一案件,同一事件保留一个主案件，相关工单、投诉、维修、赔付为子单,合并或关联已有案件,立案,规则版本、命中结果、输入摘要、处理结果
P084,停演技术建议,技术后台端,,,,,,
P085,网络故障,技术后台端,R01,唯一性与幂等,同一业务对象、节点和幂等键不得重复创建有效单据,阻断并返回已有单号,所有提交/接口,规则版本、命中结果、输入摘要、处理结果
P085,网络故障,技术后台端,R02,身份与任职有效性,经办人须通过统一认证，当前任职身份在办理时点有效,阻断；重新选择身份或转授权,所有人工节点,规则版本、命中结果、输入摘要、处理结果
P085,网络故障,技术后台端,R03,组织数据范围,仅能查看和处理授权中心、部门、岗位或本人数据,拒绝访问并审计,查询/处理/导出,规则版本、命中结果、输入摘要、处理结果
P085,网络故障,技术后台端,R04,必填与格式,必填、类型、长度、时间区间、金额精度须通过服务端校验,退回当前表单,提交前,规则版本、命中结果、输入摘要、处理结果
P085,网络故障,技术后台端,R05,状态迁移,仅允许按已发布状态机迁移；重复回调返回原结果,阻断非法迁移,节点提交/回调,规则版本、命中结果、输入摘要、处理结果
P085,网络故障,技术后台端,R06,附件安全,附件完成病毒、格式、大小、敏感内容和权限校验,隔离附件并要求补充,上传/下载,规则版本、命中结果、输入摘要、处理结果
P085,网络故障,技术后台端,R07,敏感字段,P2/P3字段按最小必要显示；导出需审批、水印、短链和二次认证,拒绝或脱敏,查看/导出,规则版本、命中结果、输入摘要、处理结果
P085,网络故障,技术后台端,R08,版本一致性,历史实例固定流程、规则、表单和字典版本,版本冲突时禁止提交,保存/提交,规则版本、命中结果、输入摘要、处理结果
P085,网络故障,技术后台端,R09,关闭条件,关闭前必须完成必选子任务、结算/回执、异常和归档检查,转整改/待关闭,关闭节点,规则版本、命中结果、输入摘要、处理结果
P085,网络故障,技术后台端,R10,审计证据链,关键操作保留操作者、身份、时间、前后值、原因、哈希和请求ID,关键审计失败则阻断,全流程,规则版本、命中结果、输入摘要、处理结果
P085,网络故障,技术后台端,R11,先行止险,人员安全优先；重大事件允许先处置后补单，但不得删除证据,立即升级并锁证,事件触发,规则版本、命中结果、输入摘要、处理结果
P085,网络故障,技术后台端,R12,唯一案件,同一事件保留一个主案件，相关工单、投诉、维修、赔付为子单,合并或关联已有案件,立案,规则版本、命中结果、输入摘要、处理结果
P085,网络故障,技术后台端,,,,,,
P086,网络变更,技术后台端,R01,唯一性与幂等,同一业务对象、节点和幂等键不得重复创建有效单据,阻断并返回已有单号,所有提交/接口,规则版本、命中结果、输入摘要、处理结果
P086,网络变更,技术后台端,R02,身份与任职有效性,经办人须通过统一认证，当前任职身份在办理时点有效,阻断；重新选择身份或转授权,所有人工节点,规则版本、命中结果、输入摘要、处理结果
P086,网络变更,技术后台端,R03,组织数据范围,仅能查看和处理授权中心、部门、岗位或本人数据,拒绝访问并审计,查询/处理/导出,规则版本、命中结果、输入摘要、处理结果
P086,网络变更,技术后台端,R04,必填与格式,必填、类型、长度、时间区间、金额精度须通过服务端校验,退回当前表单,提交前,规则版本、命中结果、输入摘要、处理结果
P086,网络变更,技术后台端,R05,状态迁移,仅允许按已发布状态机迁移；重复回调返回原结果,阻断非法迁移,节点提交/回调,规则版本、命中结果、输入摘要、处理结果
P086,网络变更,技术后台端,R06,附件安全,附件完成病毒、格式、大小、敏感内容和权限校验,隔离附件并要求补充,上传/下载,规则版本、命中结果、输入摘要、处理结果
P086,网络变更,技术后台端,R07,敏感字段,P2/P3字段按最小必要显示；导出需审批、水印、短链和二次认证,拒绝或脱敏,查看/导出,规则版本、命中结果、输入摘要、处理结果
P086,网络变更,技术后台端,R08,版本一致性,历史实例固定流程、规则、表单和字典版本,版本冲突时禁止提交,保存/提交,规则版本、命中结果、输入摘要、处理结果
P086,网络变更,技术后台端,R09,关闭条件,关闭前必须完成必选子任务、结算/回执、异常和归档检查,转整改/待关闭,关闭节点,规则版本、命中结果、输入摘要、处理结果
P086,网络变更,技术后台端,R10,审计证据链,关键操作保留操作者、身份、时间、前后值、原因、哈希和请求ID,关键审计失败则阻断,全流程,规则版本、命中结果、输入摘要、处理结果
P086,网络变更,技术后台端,R11,先行止险,人员安全优先；重大事件允许先处置后补单，但不得删除证据,立即升级并锁证,事件触发,规则版本、命中结果、输入摘要、处理结果
P086,网络变更,技术后台端,R12,唯一案件,同一事件保留一个主案件，相关工单、投诉、维修、赔付为子单,合并或关联已有案件,立案,规则版本、命中结果、输入摘要、处理结果
P086,网络变更,技术后台端,,,,,,
P087,活动保障,技术后台端,R01,唯一性与幂等,同一业务对象、节点和幂等键不得重复创建有效单据,阻断并返回已有单号,所有提交/接口,规则版本、命中结果、输入摘要、处理结果
P087,活动保障,技术后台端,R02,身份与任职有效性,经办人须通过统一认证，当前任职身份在办理时点有效,阻断；重新选择身份或转授权,所有人工节点,规则版本、命中结果、输入摘要、处理结果
P087,活动保障,技术后台端,R03,组织数据范围,仅能查看和处理授权中心、部门、岗位或本人数据,拒绝访问并审计,查询/处理/导出,规则版本、命中结果、输入摘要、处理结果
P087,活动保障,技术后台端,R04,必填与格式,必填、类型、长度、时间区间、金额精度须通过服务端校验,退回当前表单,提交前,规则版本、命中结果、输入摘要、处理结果
P087,活动保障,技术后台端,R05,状态迁移,仅允许按已发布状态机迁移；重复回调返回原结果,阻断非法迁移,节点提交/回调,规则版本、命中结果、输入摘要、处理结果
P087,活动保障,技术后台端,R06,附件安全,附件完成病毒、格式、大小、敏感内容和权限校验,隔离附件并要求补充,上传/下载,规则版本、命中结果、输入摘要、处理结果
P087,活动保障,技术后台端,R07,敏感字段,P2/P3字段按最小必要显示；导出需审批、水印、短链和二次认证,拒绝或脱敏,查看/导出,规则版本、命中结果、输入摘要、处理结果
P087,活动保障,技术后台端,R08,版本一致性,历史实例固定流程、规则、表单和字典版本,版本冲突时禁止提交,保存/提交,规则版本、命中结果、输入摘要、处理结果
P087,活动保障,技术后台端,R09,关闭条件,关闭前必须完成必选子任务、结算/回执、异常和归档检查,转整改/待关闭,关闭节点,规则版本、命中结果、输入摘要、处理结果
P087,活动保障,技术后台端,R10,审计证据链,关键操作保留操作者、身份、时间、前后值、原因、哈希和请求ID,关键审计失败则阻断,全流程,规则版本、命中结果、输入摘要、处理结果
P087,活动保障,技术后台端,,,,,,
P088,IT服务请求,技术后台端,R01,唯一性与幂等,同一业务对象、节点和幂等键不得重复创建有效单据,阻断并返回已有单号,所有提交/接口,规则版本、命中结果、输入摘要、处理结果
P088,IT服务请求,技术后台端,R02,身份与任职有效性,经办人须通过统一认证，当前任职身份在办理时点有效,阻断；重新选择身份或转授权,所有人工节点,规则版本、命中结果、输入摘要、处理结果
P088,IT服务请求,技术后台端,R03,组织数据范围,仅能查看和处理授权中心、部门、岗位或本人数据,拒绝访问并审计,查询/处理/导出,规则版本、命中结果、输入摘要、处理结果
P088,IT服务请求,技术后台端,R04,必填与格式,必填、类型、长度、时间区间、金额精度须通过服务端校验,退回当前表单,提交前,规则版本、命中结果、输入摘要、处理结果
P088,IT服务请求,技术后台端,R05,状态迁移,仅允许按已发布状态机迁移；重复回调返回原结果,阻断非法迁移,节点提交/回调,规则版本、命中结果、输入摘要、处理结果
P088,IT服务请求,技术后台端,R06,附件安全,附件完成病毒、格式、大小、敏感内容和权限校验,隔离附件并要求补充,上传/下载,规则版本、命中结果、输入摘要、处理结果
P088,IT服务请求,技术后台端,R07,敏感字段,P2/P3字段按最小必要显示；导出需审批、水印、短链和二次认证,拒绝或脱敏,查看/导出,规则版本、命中结果、输入摘要、处理结果
P088,IT服务请求,技术后台端,R08,版本一致性,历史实例固定流程、规则、表单和字典版本,版本冲突时禁止提交,保存/提交,规则版本、命中结果、输入摘要、处理结果
P088,IT服务请求,技术后台端,R09,关闭条件,关闭前必须完成必选子任务、结算/回执、异常和归档检查,转整改/待关闭,关闭节点,规则版本、命中结果、输入摘要、处理结果
P088,IT服务请求,技术后台端,R10,审计证据链,关键操作保留操作者、身份、时间、前后值、原因、哈希和请求ID,关键审计失败则阻断,全流程,规则版本、命中结果、输入摘要、处理结果
P088,IT服务请求,技术后台端,,,,,,
P089,生产发布,技术后台端,R01,唯一性与幂等,同一业务对象、节点和幂等键不得重复创建有效单据,阻断并返回已有单号,所有提交/接口,规则版本、命中结果、输入摘要、处理结果
P089,生产发布,技术后台端,R02,身份与任职有效性,经办人须通过统一认证，当前任职身份在办理时点有效,阻断；重新选择身份或转授权,所有人工节点,规则版本、命中结果、输入摘要、处理结果
P089,生产发布,技术后台端,R03,组织数据范围,仅能查看和处理授权中心、部门、岗位或本人数据,拒绝访问并审计,查询/处理/导出,规则版本、命中结果、输入摘要、处理结果
P089,生产发布,技术后台端,R04,必填与格式,必填、类型、长度、时间区间、金额精度须通过服务端校验,退回当前表单,提交前,规则版本、命中结果、输入摘要、处理结果
P089,生产发布,技术后台端,R05,状态迁移,仅允许按已发布状态机迁移；重复回调返回原结果,阻断非法迁移,节点提交/回调,规则版本、命中结果、输入摘要、处理结果
P089,生产发布,技术后台端,R06,附件安全,附件完成病毒、格式、大小、敏感内容和权限校验,隔离附件并要求补充,上传/下载,规则版本、命中结果、输入摘要、处理结果
P089,生产发布,技术后台端,R07,敏感字段,P2/P3字段按最小必要显示；导出需审批、水印、短链和二次认证,拒绝或脱敏,查看/导出,规则版本、命中结果、输入摘要、处理结果
P089,生产发布,技术后台端,R08,版本一致性,历史实例固定流程、规则、表单和字典版本,版本冲突时禁止提交,保存/提交,规则版本、命中结果、输入摘要、处理结果
P089,生产发布,技术后台端,R09,关闭条件,关闭前必须完成必选子任务、结算/回执、异常和归档检查,转整改/待关闭,关闭节点,规则版本、命中结果、输入摘要、处理结果
P089,生产发布,技术后台端,R10,审计证据链,关键操作保留操作者、身份、时间、前后值、原因、哈希和请求ID,关键审计失败则阻断,全流程,规则版本、命中结果、输入摘要、处理结果
P089,生产发布,技术后台端,,,,,,
P090,账号执行,技术后台端,R01,唯一性与幂等,同一业务对象、节点和幂等键不得重复创建有效单据,阻断并返回已有单号,所有提交/接口,规则版本、命中结果、输入摘要、处理结果
P090,账号执行,技术后台端,R02,身份与任职有效性,经办人须通过统一认证，当前任职身份在办理时点有效,阻断；重新选择身份或转授权,所有人工节点,规则版本、命中结果、输入摘要、处理结果
P090,账号执行,技术后台端,R03,组织数据范围,仅能查看和处理授权中心、部门、岗位或本人数据,拒绝访问并审计,查询/处理/导出,规则版本、命中结果、输入摘要、处理结果
P090,账号执行,技术后台端,R04,必填与格式,必填、类型、长度、时间区间、金额精度须通过服务端校验,退回当前表单,提交前,规则版本、命中结果、输入摘要、处理结果
P090,账号执行,技术后台端,R05,状态迁移,仅允许按已发布状态机迁移；重复回调返回原结果,阻断非法迁移,节点提交/回调,规则版本、命中结果、输入摘要、处理结果
P090,账号执行,技术后台端,R06,附件安全,附件完成病毒、格式、大小、敏感内容和权限校验,隔离附件并要求补充,上传/下载,规则版本、命中结果、输入摘要、处理结果
P090,账号执行,技术后台端,R07,敏感字段,P2/P3字段按最小必要显示；导出需审批、水印、短链和二次认证,拒绝或脱敏,查看/导出,规则版本、命中结果、输入摘要、处理结果
P090,账号执行,技术后台端,R08,版本一致性,历史实例固定流程、规则、表单和字典版本,版本冲突时禁止提交,保存/提交,规则版本、命中结果、输入摘要、处理结果
P090,账号执行,技术后台端,R09,关闭条件,关闭前必须完成必选子任务、结算/回执、异常和归档检查,转整改/待关闭,关闭节点,规则版本、命中结果、输入摘要、处理结果
P090,账号执行,技术后台端,R10,审计证据链,关键操作保留操作者、身份、时间、前后值、原因、哈希和请求ID,关键审计失败则阻断,全流程,规则版本、命中结果、输入摘要、处理结果
P090,账号执行,技术后台端,,,,,,
P091,恢复演练,技术后台端,R01,唯一性与幂等,同一业务对象、节点和幂等键不得重复创建有效单据,阻断并返回已有单号,所有提交/接口,规则版本、命中结果、输入摘要、处理结果
P091,恢复演练,技术后台端,R02,身份与任职有效性,经办人须通过统一认证，当前任职身份在办理时点有效,阻断；重新选择身份或转授权,所有人工节点,规则版本、命中结果、输入摘要、处理结果
P091,恢复演练,技术后台端,R03,组织数据范围,仅能查看和处理授权中心、部门、岗位或本人数据,拒绝访问并审计,查询/处理/导出,规则版本、命中结果、输入摘要、处理结果
P091,恢复演练,技术后台端,R04,必填与格式,必填、类型、长度、时间区间、金额精度须通过服务端校验,退回当前表单,提交前,规则版本、命中结果、输入摘要、处理结果
P091,恢复演练,技术后台端,R05,状态迁移,仅允许按已发布状态机迁移；重复回调返回原结果,阻断非法迁移,节点提交/回调,规则版本、命中结果、输入摘要、处理结果
P091,恢复演练,技术后台端,R06,附件安全,附件完成病毒、格式、大小、敏感内容和权限校验,隔离附件并要求补充,上传/下载,规则版本、命中结果、输入摘要、处理结果
P091,恢复演练,技术后台端,R07,敏感字段,P2/P3字段按最小必要显示；导出需审批、水印、短链和二次认证,拒绝或脱敏,查看/导出,规则版本、命中结果、输入摘要、处理结果
P091,恢复演练,技术后台端,R08,版本一致性,历史实例固定流程、规则、表单和字典版本,版本冲突时禁止提交,保存/提交,规则版本、命中结果、输入摘要、处理结果
P091,恢复演练,技术后台端,R09,关闭条件,关闭前必须完成必选子任务、结算/回执、异常和归档检查,转整改/待关闭,关闭节点,规则版本、命中结果、输入摘要、处理结果
P091,恢复演练,技术后台端,R10,审计证据链,关键操作保留操作者、身份、时间、前后值、原因、哈希和请求ID,关键审计失败则阻断,全流程,规则版本、命中结果、输入摘要、处理结果
P091,恢复演练,技术后台端,,,,,,
P092,需求开发,技术后台端,R01,唯一性与幂等,同一业务对象、节点和幂等键不得重复创建有效单据,阻断并返回已有单号,所有提交/接口,规则版本、命中结果、输入摘要、处理结果
P092,需求开发,技术后台端,R02,身份与任职有效性,经办人须通过统一认证，当前任职身份在办理时点有效,阻断；重新选择身份或转授权,所有人工节点,规则版本、命中结果、输入摘要、处理结果
P092,需求开发,技术后台端,R03,组织数据范围,仅能查看和处理授权中心、部门、岗位或本人数据,拒绝访问并审计,查询/处理/导出,规则版本、命中结果、输入摘要、处理结果
P092,需求开发,技术后台端,R04,必填与格式,必填、类型、长度、时间区间、金额精度须通过服务端校验,退回当前表单,提交前,规则版本、命中结果、输入摘要、处理结果
P092,需求开发,技术后台端,R05,状态迁移,仅允许按已发布状态机迁移；重复回调返回原结果,阻断非法迁移,节点提交/回调,规则版本、命中结果、输入摘要、处理结果
P092,需求开发,技术后台端,R06,附件安全,附件完成病毒、格式、大小、敏感内容和权限校验,隔离附件并要求补充,上传/下载,规则版本、命中结果、输入摘要、处理结果
P092,需求开发,技术后台端,R07,敏感字段,P2/P3字段按最小必要显示；导出需审批、水印、短链和二次认证,拒绝或脱敏,查看/导出,规则版本、命中结果、输入摘要、处理结果
P092,需求开发,技术后台端,R08,版本一致性,历史实例固定流程、规则、表单和字典版本,版本冲突时禁止提交,保存/提交,规则版本、命中结果、输入摘要、处理结果
P092,需求开发,技术后台端,R09,关闭条件,关闭前必须完成必选子任务、结算/回执、异常和归档检查,转整改/待关闭,关闭节点,规则版本、命中结果、输入摘要、处理结果
P092,需求开发,技术后台端,R10,审计证据链,关键操作保留操作者、身份、时间、前后值、原因、哈希和请求ID,关键审计失败则阻断,全流程,规则版本、命中结果、输入摘要、处理结果
P092,需求开发,技术后台端,,,,,,
P093,缺陷修复,技术后台端,R01,唯一性与幂等,同一业务对象、节点和幂等键不得重复创建有效单据,阻断并返回已有单号,所有提交/接口,规则版本、命中结果、输入摘要、处理结果
P093,缺陷修复,技术后台端,R02,身份与任职有效性,经办人须通过统一认证，当前任职身份在办理时点有效,阻断；重新选择身份或转授权,所有人工节点,规则版本、命中结果、输入摘要、处理结果
P093,缺陷修复,技术后台端,R03,组织数据范围,仅能查看和处理授权中心、部门、岗位或本人数据,拒绝访问并审计,查询/处理/导出,规则版本、命中结果、输入摘要、处理结果
P093,缺陷修复,技术后台端,R04,必填与格式,必填、类型、长度、时间区间、金额精度须通过服务端校验,退回当前表单,提交前,规则版本、命中结果、输入摘要、处理结果
P093,缺陷修复,技术后台端,R05,状态迁移,仅允许按已发布状态机迁移；重复回调返回原结果,阻断非法迁移,节点提交/回调,规则版本、命中结果、输入摘要、处理结果
P093,缺陷修复,技术后台端,R06,附件安全,附件完成病毒、格式、大小、敏感内容和权限校验,隔离附件并要求补充,上传/下载,规则版本、命中结果、输入摘要、处理结果
P093,缺陷修复,技术后台端,R07,敏感字段,P2/P3字段按最小必要显示；导出需审批、水印、短链和二次认证,拒绝或脱敏,查看/导出,规则版本、命中结果、输入摘要、处理结果
P093,缺陷修复,技术后台端,R08,版本一致性,历史实例固定流程、规则、表单和字典版本,版本冲突时禁止提交,保存/提交,规则版本、命中结果、输入摘要、处理结果
P093,缺陷修复,技术后台端,R09,关闭条件,关闭前必须完成必选子任务、结算/回执、异常和归档检查,转整改/待关闭,关闭节点,规则版本、命中结果、输入摘要、处理结果
P093,缺陷修复,技术后台端,R10,审计证据链,关键操作保留操作者、身份、时间、前后值、原因、哈希和请求ID,关键审计失败则阻断,全流程,规则版本、命中结果、输入摘要、处理结果
P093,缺陷修复,技术后台端,,,,,,
P094,版本发布,技术后台端,R01,唯一性与幂等,同一业务对象、节点和幂等键不得重复创建有效单据,阻断并返回已有单号,所有提交/接口,规则版本、命中结果、输入摘要、处理结果
P094,版本发布,技术后台端,R02,身份与任职有效性,经办人须通过统一认证，当前任职身份在办理时点有效,阻断；重新选择身份或转授权,所有人工节点,规则版本、命中结果、输入摘要、处理结果
P094,版本发布,技术后台端,R03,组织数据范围,仅能查看和处理授权中心、部门、岗位或本人数据,拒绝访问并审计,查询/处理/导出,规则版本、命中结果、输入摘要、处理结果
P094,版本发布,技术后台端,R04,必填与格式,必填、类型、长度、时间区间、金额精度须通过服务端校验,退回当前表单,提交前,规则版本、命中结果、输入摘要、处理结果
P094,版本发布,技术后台端,R05,状态迁移,仅允许按已发布状态机迁移；重复回调返回原结果,阻断非法迁移,节点提交/回调,规则版本、命中结果、输入摘要、处理结果
P094,版本发布,技术后台端,R06,附件安全,附件完成病毒、格式、大小、敏感内容和权限校验,隔离附件并要求补充,上传/下载,规则版本、命中结果、输入摘要、处理结果
P094,版本发布,技术后台端,R07,敏感字段,P2/P3字段按最小必要显示；导出需审批、水印、短链和二次认证,拒绝或脱敏,查看/导出,规则版本、命中结果、输入摘要、处理结果
P094,版本发布,技术后台端,R08,版本一致性,历史实例固定流程、规则、表单和字典版本,版本冲突时禁止提交,保存/提交,规则版本、命中结果、输入摘要、处理结果
P094,版本发布,技术后台端,R09,关闭条件,关闭前必须完成必选子任务、结算/回执、异常和归档检查,转整改/待关闭,关闭节点,规则版本、命中结果、输入摘要、处理结果
P094,版本发布,技术后台端,R10,审计证据链,关键操作保留操作者、身份、时间、前后值、原因、哈希和请求ID,关键审计失败则阻断,全流程,规则版本、命中结果、输入摘要、处理结果
P094,版本发布,技术后台端,,,,,,
P095,宣传物料制作,技术后台端,R01,唯一性与幂等,同一业务对象、节点和幂等键不得重复创建有效单据,阻断并返回已有单号,所有提交/接口,规则版本、命中结果、输入摘要、处理结果
P095,宣传物料制作,技术后台端,R02,身份与任职有效性,经办人须通过统一认证，当前任职身份在办理时点有效,阻断；重新选择身份或转授权,所有人工节点,规则版本、命中结果、输入摘要、处理结果
P095,宣传物料制作,技术后台端,R03,组织数据范围,仅能查看和处理授权中心、部门、岗位或本人数据,拒绝访问并审计,查询/处理/导出,规则版本、命中结果、输入摘要、处理结果
P095,宣传物料制作,技术后台端,R04,必填与格式,必填、类型、长度、时间区间、金额精度须通过服务端校验,退回当前表单,提交前,规则版本、命中结果、输入摘要、处理结果
P095,宣传物料制作,技术后台端,R05,状态迁移,仅允许按已发布状态机迁移；重复回调返回原结果,阻断非法迁移,节点提交/回调,规则版本、命中结果、输入摘要、处理结果
P095,宣传物料制作,技术后台端,R06,附件安全,附件完成病毒、格式、大小、敏感内容和权限校验,隔离附件并要求补充,上传/下载,规则版本、命中结果、输入摘要、处理结果
P095,宣传物料制作,技术后台端,R07,敏感字段,P2/P3字段按最小必要显示；导出需审批、水印、短链和二次认证,拒绝或脱敏,查看/导出,规则版本、命中结果、输入摘要、处理结果
P095,宣传物料制作,技术后台端,R08,版本一致性,历史实例固定流程、规则、表单和字典版本,版本冲突时禁止提交,保存/提交,规则版本、命中结果、输入摘要、处理结果
P095,宣传物料制作,技术后台端,R09,关闭条件,关闭前必须完成必选子任务、结算/回执、异常和归档检查,转整改/待关闭,关闭节点,规则版本、命中结果、输入摘要、处理结果
P095,宣传物料制作,技术后台端,R10,审计证据链,关键操作保留操作者、身份、时间、前后值、原因、哈希和请求ID,关键审计失败则阻断,全流程,规则版本、命中结果、输入摘要、处理结果
P095,宣传物料制作,技术后台端,R11,库存非负与锁定,可用量=账面量-锁定量，出库不得导致负库存,阻断并提示缺口,锁定/出库,规则版本、命中结果、输入摘要、处理结果
P095,宣传物料制作,技术后台端,R12,批次序列追溯,需追溯物品必须一物一码/一批一码，状态变更保留流水,阻断无编码操作,入库/出库/报损,规则版本、命中结果、输入摘要、处理结果
P095,宣传物料制作,技术后台端,,,,,,
P096,拍摄任务,技术后台端,R01,唯一性与幂等,同一业务对象、节点和幂等键不得重复创建有效单据,阻断并返回已有单号,所有提交/接口,规则版本、命中结果、输入摘要、处理结果
P096,拍摄任务,技术后台端,R02,身份与任职有效性,经办人须通过统一认证，当前任职身份在办理时点有效,阻断；重新选择身份或转授权,所有人工节点,规则版本、命中结果、输入摘要、处理结果
P096,拍摄任务,技术后台端,R03,组织数据范围,仅能查看和处理授权中心、部门、岗位或本人数据,拒绝访问并审计,查询/处理/导出,规则版本、命中结果、输入摘要、处理结果
P096,拍摄任务,技术后台端,R04,必填与格式,必填、类型、长度、时间区间、金额精度须通过服务端校验,退回当前表单,提交前,规则版本、命中结果、输入摘要、处理结果
P096,拍摄任务,技术后台端,R05,状态迁移,仅允许按已发布状态机迁移；重复回调返回原结果,阻断非法迁移,节点提交/回调,规则版本、命中结果、输入摘要、处理结果
P096,拍摄任务,技术后台端,R06,附件安全,附件完成病毒、格式、大小、敏感内容和权限校验,隔离附件并要求补充,上传/下载,规则版本、命中结果、输入摘要、处理结果
P096,拍摄任务,技术后台端,R07,敏感字段,P2/P3字段按最小必要显示；导出需审批、水印、短链和二次认证,拒绝或脱敏,查看/导出,规则版本、命中结果、输入摘要、处理结果
P096,拍摄任务,技术后台端,R08,版本一致性,历史实例固定流程、规则、表单和字典版本,版本冲突时禁止提交,保存/提交,规则版本、命中结果、输入摘要、处理结果
P096,拍摄任务,技术后台端,R09,关闭条件,关闭前必须完成必选子任务、结算/回执、异常和归档检查,转整改/待关闭,关闭节点,规则版本、命中结果、输入摘要、处理结果
P096,拍摄任务,技术后台端,R10,审计证据链,关键操作保留操作者、身份、时间、前后值、原因、哈希和请求ID,关键审计失败则阻断,全流程,规则版本、命中结果、输入摘要、处理结果
P096,拍摄任务,技术后台端,,,,,,
P097,返工变更,技术后台端,R01,唯一性与幂等,同一业务对象、节点和幂等键不得重复创建有效单据,阻断并返回已有单号,所有提交/接口,规则版本、命中结果、输入摘要、处理结果
P097,返工变更,技术后台端,R02,身份与任职有效性,经办人须通过统一认证，当前任职身份在办理时点有效,阻断；重新选择身份或转授权,所有人工节点,规则版本、命中结果、输入摘要、处理结果
P097,返工变更,技术后台端,R03,组织数据范围,仅能查看和处理授权中心、部门、岗位或本人数据,拒绝访问并审计,查询/处理/导出,规则版本、命中结果、输入摘要、处理结果
P097,返工变更,技术后台端,R04,必填与格式,必填、类型、长度、时间区间、金额精度须通过服务端校验,退回当前表单,提交前,规则版本、命中结果、输入摘要、处理结果
P097,返工变更,技术后台端,R05,状态迁移,仅允许按已发布状态机迁移；重复回调返回原结果,阻断非法迁移,节点提交/回调,规则版本、命中结果、输入摘要、处理结果
P097,返工变更,技术后台端,R06,附件安全,附件完成病毒、格式、大小、敏感内容和权限校验,隔离附件并要求补充,上传/下载,规则版本、命中结果、输入摘要、处理结果
P097,返工变更,技术后台端,R07,敏感字段,P2/P3字段按最小必要显示；导出需审批、水印、短链和二次认证,拒绝或脱敏,查看/导出,规则版本、命中结果、输入摘要、处理结果
P097,返工变更,技术后台端,R08,版本一致性,历史实例固定流程、规则、表单和字典版本,版本冲突时禁止提交,保存/提交,规则版本、命中结果、输入摘要、处理结果
P097,返工变更,技术后台端,R09,关闭条件,关闭前必须完成必选子任务、结算/回执、异常和归档检查,转整改/待关闭,关闭节点,规则版本、命中结果、输入摘要、处理结果
P097,返工变更,技术后台端,R10,审计证据链,关键操作保留操作者、身份、时间、前后值、原因、哈希和请求ID,关键审计失败则阻断,全流程,规则版本、命中结果、输入摘要、处理结果
P097,返工变更,技术后台端,,,,,,
P098,策划项目,技术后台端,R01,唯一性与幂等,同一业务对象、节点和幂等键不得重复创建有效单据,阻断并返回已有单号,所有提交/接口,规则版本、命中结果、输入摘要、处理结果
P098,策划项目,技术后台端,R02,身份与任职有效性,经办人须通过统一认证，当前任职身份在办理时点有效,阻断；重新选择身份或转授权,所有人工节点,规则版本、命中结果、输入摘要、处理结果
P098,策划项目,技术后台端,R03,组织数据范围,仅能查看和处理授权中心、部门、岗位或本人数据,拒绝访问并审计,查询/处理/导出,规则版本、命中结果、输入摘要、处理结果
P098,策划项目,技术后台端,R04,必填与格式,必填、类型、长度、时间区间、金额精度须通过服务端校验,退回当前表单,提交前,规则版本、命中结果、输入摘要、处理结果
P098,策划项目,技术后台端,R05,状态迁移,仅允许按已发布状态机迁移；重复回调返回原结果,阻断非法迁移,节点提交/回调,规则版本、命中结果、输入摘要、处理结果
P098,策划项目,技术后台端,R06,附件安全,附件完成病毒、格式、大小、敏感内容和权限校验,隔离附件并要求补充,上传/下载,规则版本、命中结果、输入摘要、处理结果
P098,策划项目,技术后台端,R07,敏感字段,P2/P3字段按最小必要显示；导出需审批、水印、短链和二次认证,拒绝或脱敏,查看/导出,规则版本、命中结果、输入摘要、处理结果
P098,策划项目,技术后台端,R08,版本一致性,历史实例固定流程、规则、表单和字典版本,版本冲突时禁止提交,保存/提交,规则版本、命中结果、输入摘要、处理结果
P098,策划项目,技术后台端,R09,关闭条件,关闭前必须完成必选子任务、结算/回执、异常和归档检查,转整改/待关闭,关闭节点,规则版本、命中结果、输入摘要、处理结果
P098,策划项目,技术后台端,R10,审计证据链,关键操作保留操作者、身份、时间、前后值、原因、哈希和请求ID,关键审计失败则阻断,全流程,规则版本、命中结果、输入摘要、处理结果
P098,策划项目,技术后台端,R11,金额与预算,金额非负，核定金额不超申请与可用预算，币种税率匹配规则,阻断并提示差异,金额保存/付款前,规则版本、命中结果、输入摘要、处理结果
P098,策划项目,技术后台端,R12,票据防重,发票代码、号码、日期、金额和影像哈希联合防重,阻断重复报销/付款,票据提交,规则版本、命中结果、输入摘要、处理结果
P098,策划项目,技术后台端,,,,,,
P099,方案变更,技术后台端,R01,唯一性与幂等,同一业务对象、节点和幂等键不得重复创建有效单据,阻断并返回已有单号,所有提交/接口,规则版本、命中结果、输入摘要、处理结果
P099,方案变更,技术后台端,R02,身份与任职有效性,经办人须通过统一认证，当前任职身份在办理时点有效,阻断；重新选择身份或转授权,所有人工节点,规则版本、命中结果、输入摘要、处理结果
P099,方案变更,技术后台端,R03,组织数据范围,仅能查看和处理授权中心、部门、岗位或本人数据,拒绝访问并审计,查询/处理/导出,规则版本、命中结果、输入摘要、处理结果
P099,方案变更,技术后台端,R04,必填与格式,必填、类型、长度、时间区间、金额精度须通过服务端校验,退回当前表单,提交前,规则版本、命中结果、输入摘要、处理结果
P099,方案变更,技术后台端,R05,状态迁移,仅允许按已发布状态机迁移；重复回调返回原结果,阻断非法迁移,节点提交/回调,规则版本、命中结果、输入摘要、处理结果
P099,方案变更,技术后台端,R06,附件安全,附件完成病毒、格式、大小、敏感内容和权限校验,隔离附件并要求补充,上传/下载,规则版本、命中结果、输入摘要、处理结果
P099,方案变更,技术后台端,R07,敏感字段,P2/P3字段按最小必要显示；导出需审批、水印、短链和二次认证,拒绝或脱敏,查看/导出,规则版本、命中结果、输入摘要、处理结果
P099,方案变更,技术后台端,R08,版本一致性,历史实例固定流程、规则、表单和字典版本,版本冲突时禁止提交,保存/提交,规则版本、命中结果、输入摘要、处理结果
P099,方案变更,技术后台端,R09,关闭条件,关闭前必须完成必选子任务、结算/回执、异常和归档检查,转整改/待关闭,关闭节点,规则版本、命中结果、输入摘要、处理结果
P099,方案变更,技术后台端,R10,审计证据链,关键操作保留操作者、身份、时间、前后值、原因、哈希和请求ID,关键审计失败则阻断,全流程,规则版本、命中结果、输入摘要、处理结果
P099,方案变更,技术后台端,R11,金额与预算,金额非负，核定金额不超申请与可用预算，币种税率匹配规则,阻断并提示差异,金额保存/付款前,规则版本、命中结果、输入摘要、处理结果
P099,方案变更,技术后台端,R12,票据防重,发票代码、号码、日期、金额和影像哈希联合防重,阻断重复报销/付款,票据提交,规则版本、命中结果、输入摘要、处理结果
P099,方案变更,技术后台端,,,,,,
P100,活动策划移交,技术后台端,R01,唯一性与幂等,同一业务对象、节点和幂等键不得重复创建有效单据,阻断并返回已有单号,所有提交/接口,规则版本、命中结果、输入摘要、处理结果
P100,活动策划移交,技术后台端,R02,身份与任职有效性,经办人须通过统一认证，当前任职身份在办理时点有效,阻断；重新选择身份或转授权,所有人工节点,规则版本、命中结果、输入摘要、处理结果
P100,活动策划移交,技术后台端,R03,组织数据范围,仅能查看和处理授权中心、部门、岗位或本人数据,拒绝访问并审计,查询/处理/导出,规则版本、命中结果、输入摘要、处理结果
P100,活动策划移交,技术后台端,R04,必填与格式,必填、类型、长度、时间区间、金额精度须通过服务端校验,退回当前表单,提交前,规则版本、命中结果、输入摘要、处理结果
P100,活动策划移交,技术后台端,R05,状态迁移,仅允许按已发布状态机迁移；重复回调返回原结果,阻断非法迁移,节点提交/回调,规则版本、命中结果、输入摘要、处理结果
P100,活动策划移交,技术后台端,R06,附件安全,附件完成病毒、格式、大小、敏感内容和权限校验,隔离附件并要求补充,上传/下载,规则版本、命中结果、输入摘要、处理结果
P100,活动策划移交,技术后台端,R07,敏感字段,P2/P3字段按最小必要显示；导出需审批、水印、短链和二次认证,拒绝或脱敏,查看/导出,规则版本、命中结果、输入摘要、处理结果
P100,活动策划移交,技术后台端,R08,版本一致性,历史实例固定流程、规则、表单和字典版本,版本冲突时禁止提交,保存/提交,规则版本、命中结果、输入摘要、处理结果
P100,活动策划移交,技术后台端,R09,关闭条件,关闭前必须完成必选子任务、结算/回执、异常和归档检查,转整改/待关闭,关闭节点,规则版本、命中结果、输入摘要、处理结果
P100,活动策划移交,技术后台端,R10,审计证据链,关键操作保留操作者、身份、时间、前后值、原因、哈希和请求ID,关键审计失败则阻断,全流程,规则版本、命中结果、输入摘要、处理结果
P100,活动策划移交,技术后台端,,,,,,
P101,产品上架,技术后台端,R01,唯一性与幂等,同一业务对象、节点和幂等键不得重复创建有效单据,阻断并返回已有单号,所有提交/接口,规则版本、命中结果、输入摘要、处理结果
P101,产品上架,技术后台端,R02,身份与任职有效性,经办人须通过统一认证，当前任职身份在办理时点有效,阻断；重新选择身份或转授权,所有人工节点,规则版本、命中结果、输入摘要、处理结果
P101,产品上架,技术后台端,R03,组织数据范围,仅能查看和处理授权中心、部门、岗位或本人数据,拒绝访问并审计,查询/处理/导出,规则版本、命中结果、输入摘要、处理结果
P101,产品上架,技术后台端,R04,必填与格式,必填、类型、长度、时间区间、金额精度须通过服务端校验,退回当前表单,提交前,规则版本、命中结果、输入摘要、处理结果
P101,产品上架,技术后台端,R05,状态迁移,仅允许按已发布状态机迁移；重复回调返回原结果,阻断非法迁移,节点提交/回调,规则版本、命中结果、输入摘要、处理结果
P101,产品上架,技术后台端,R06,附件安全,附件完成病毒、格式、大小、敏感内容和权限校验,隔离附件并要求补充,上传/下载,规则版本、命中结果、输入摘要、处理结果
P101,产品上架,技术后台端,R07,敏感字段,P2/P3字段按最小必要显示；导出需审批、水印、短链和二次认证,拒绝或脱敏,查看/导出,规则版本、命中结果、输入摘要、处理结果
P101,产品上架,技术后台端,R08,版本一致性,历史实例固定流程、规则、表单和字典版本,版本冲突时禁止提交,保存/提交,规则版本、命中结果、输入摘要、处理结果
P101,产品上架,技术后台端,R09,关闭条件,关闭前必须完成必选子任务、结算/回执、异常和归档检查,转整改/待关闭,关闭节点,规则版本、命中结果、输入摘要、处理结果
P101,产品上架,技术后台端,R10,审计证据链,关键操作保留操作者、身份、时间、前后值、原因、哈希和请求ID,关键审计失败则阻断,全流程,规则版本、命中结果、输入摘要、处理结果
P101,产品上架,技术后台端,R11,订单票码一致性,订单、支付、票码、核销、退款状态最终一致；冻结票码不得核销,进入差异队列,核销/退款,规则版本、命中结果、输入摘要、处理结果
P101,产品上架,技术后台端,R12,防重复核销,同一票码同一权益仅成功核销一次，离线回传幂等合并,返回原结果/转差异,核销,规则版本、命中结果、输入摘要、处理结果
P101,产品上架,技术后台端,R11,库存非负与锁定,可用量=账面量-锁定量，出库不得导致负库存,阻断并提示缺口,锁定/出库,规则版本、命中结果、输入摘要、处理结果
P101,产品上架,技术后台端,R12,批次序列追溯,需追溯物品必须一物一码/一批一码，状态变更保留流水,阻断无编码操作,入库/出库/报损,规则版本、命中结果、输入摘要、处理结果
P101,产品上架,技术后台端,,,,,,
P102,OTA订单,技术后台端,R01,唯一性与幂等,同一业务对象、节点和幂等键不得重复创建有效单据,阻断并返回已有单号,所有提交/接口,规则版本、命中结果、输入摘要、处理结果
P102,OTA订单,技术后台端,R02,身份与任职有效性,经办人须通过统一认证，当前任职身份在办理时点有效,阻断；重新选择身份或转授权,所有人工节点,规则版本、命中结果、输入摘要、处理结果
P102,OTA订单,技术后台端,R03,组织数据范围,仅能查看和处理授权中心、部门、岗位或本人数据,拒绝访问并审计,查询/处理/导出,规则版本、命中结果、输入摘要、处理结果
P102,OTA订单,技术后台端,R04,必填与格式,必填、类型、长度、时间区间、金额精度须通过服务端校验,退回当前表单,提交前,规则版本、命中结果、输入摘要、处理结果
P102,OTA订单,技术后台端,R05,状态迁移,仅允许按已发布状态机迁移；重复回调返回原结果,阻断非法迁移,节点提交/回调,规则版本、命中结果、输入摘要、处理结果
P102,OTA订单,技术后台端,R06,附件安全,附件完成病毒、格式、大小、敏感内容和权限校验,隔离附件并要求补充,上传/下载,规则版本、命中结果、输入摘要、处理结果
P102,OTA订单,技术后台端,R07,敏感字段,P2/P3字段按最小必要显示；导出需审批、水印、短链和二次认证,拒绝或脱敏,查看/导出,规则版本、命中结果、输入摘要、处理结果
P102,OTA订单,技术后台端,R08,版本一致性,历史实例固定流程、规则、表单和字典版本,版本冲突时禁止提交,保存/提交,规则版本、命中结果、输入摘要、处理结果
P102,OTA订单,技术后台端,R09,关闭条件,关闭前必须完成必选子任务、结算/回执、异常和归档检查,转整改/待关闭,关闭节点,规则版本、命中结果、输入摘要、处理结果
P102,OTA订单,技术后台端,R10,审计证据链,关键操作保留操作者、身份、时间、前后值、原因、哈希和请求ID,关键审计失败则阻断,全流程,规则版本、命中结果、输入摘要、处理结果
P102,OTA订单,技术后台端,R11,金额与预算,金额非负，核定金额不超申请与可用预算，币种税率匹配规则,阻断并提示差异,金额保存/付款前,规则版本、命中结果、输入摘要、处理结果
P102,OTA订单,技术后台端,R12,票据防重,发票代码、号码、日期、金额和影像哈希联合防重,阻断重复报销/付款,票据提交,规则版本、命中结果、输入摘要、处理结果
P102,OTA订单,技术后台端,R11,订单票码一致性,订单、支付、票码、核销、退款状态最终一致；冻结票码不得核销,进入差异队列,核销/退款,规则版本、命中结果、输入摘要、处理结果
P102,OTA订单,技术后台端,R12,防重复核销,同一票码同一权益仅成功核销一次，离线回传幂等合并,返回原结果/转差异,核销,规则版本、命中结果、输入摘要、处理结果
P102,OTA订单,技术后台端,R11,库存非负与锁定,可用量=账面量-锁定量，出库不得导致负库存,阻断并提示缺口,锁定/出库,规则版本、命中结果、输入摘要、处理结果
P102,OTA订单,技术后台端,R12,批次序列追溯,需追溯物品必须一物一码/一批一码，状态变更保留流水,阻断无编码操作,入库/出库/报损,规则版本、命中结果、输入摘要、处理结果
P102,OTA订单,技术后台端,,,,,,
P103,退款,技术后台端,R01,唯一性与幂等,同一业务对象、节点和幂等键不得重复创建有效单据,阻断并返回已有单号,所有提交/接口,规则版本、命中结果、输入摘要、处理结果
P103,退款,技术后台端,R02,身份与任职有效性,经办人须通过统一认证，当前任职身份在办理时点有效,阻断；重新选择身份或转授权,所有人工节点,规则版本、命中结果、输入摘要、处理结果
P103,退款,技术后台端,R03,组织数据范围,仅能查看和处理授权中心、部门、岗位或本人数据,拒绝访问并审计,查询/处理/导出,规则版本、命中结果、输入摘要、处理结果
P103,退款,技术后台端,R04,必填与格式,必填、类型、长度、时间区间、金额精度须通过服务端校验,退回当前表单,提交前,规则版本、命中结果、输入摘要、处理结果
P103,退款,技术后台端,R05,状态迁移,仅允许按已发布状态机迁移；重复回调返回原结果,阻断非法迁移,节点提交/回调,规则版本、命中结果、输入摘要、处理结果
P103,退款,技术后台端,R06,附件安全,附件完成病毒、格式、大小、敏感内容和权限校验,隔离附件并要求补充,上传/下载,规则版本、命中结果、输入摘要、处理结果
P103,退款,技术后台端,R07,敏感字段,P2/P3字段按最小必要显示；导出需审批、水印、短链和二次认证,拒绝或脱敏,查看/导出,规则版本、命中结果、输入摘要、处理结果
P103,退款,技术后台端,R08,版本一致性,历史实例固定流程、规则、表单和字典版本,版本冲突时禁止提交,保存/提交,规则版本、命中结果、输入摘要、处理结果
P103,退款,技术后台端,R09,关闭条件,关闭前必须完成必选子任务、结算/回执、异常和归档检查,转整改/待关闭,关闭节点,规则版本、命中结果、输入摘要、处理结果
P103,退款,技术后台端,R10,审计证据链,关键操作保留操作者、身份、时间、前后值、原因、哈希和请求ID,关键审计失败则阻断,全流程,规则版本、命中结果、输入摘要、处理结果
P103,退款,技术后台端,R11,金额与预算,金额非负，核定金额不超申请与可用预算，币种税率匹配规则,阻断并提示差异,金额保存/付款前,规则版本、命中结果、输入摘要、处理结果
P103,退款,技术后台端,R12,票据防重,发票代码、号码、日期、金额和影像哈希联合防重,阻断重复报销/付款,票据提交,规则版本、命中结果、输入摘要、处理结果
P103,退款,技术后台端,R11,订单票码一致性,订单、支付、票码、核销、退款状态最终一致；冻结票码不得核销,进入差异队列,核销/退款,规则版本、命中结果、输入摘要、处理结果
P103,退款,技术后台端,R12,防重复核销,同一票码同一权益仅成功核销一次，离线回传幂等合并,返回原结果/转差异,核销,规则版本、命中结果、输入摘要、处理结果
P103,退款,技术后台端,,,,,,
P104,评价客诉,技术后台端,R01,唯一性与幂等,同一业务对象、节点和幂等键不得重复创建有效单据,阻断并返回已有单号,所有提交/接口,规则版本、命中结果、输入摘要、处理结果
P104,评价客诉,技术后台端,R02,身份与任职有效性,经办人须通过统一认证，当前任职身份在办理时点有效,阻断；重新选择身份或转授权,所有人工节点,规则版本、命中结果、输入摘要、处理结果
P104,评价客诉,技术后台端,R03,组织数据范围,仅能查看和处理授权中心、部门、岗位或本人数据,拒绝访问并审计,查询/处理/导出,规则版本、命中结果、输入摘要、处理结果
P104,评价客诉,技术后台端,R04,必填与格式,必填、类型、长度、时间区间、金额精度须通过服务端校验,退回当前表单,提交前,规则版本、命中结果、输入摘要、处理结果
P104,评价客诉,技术后台端,R05,状态迁移,仅允许按已发布状态机迁移；重复回调返回原结果,阻断非法迁移,节点提交/回调,规则版本、命中结果、输入摘要、处理结果
P104,评价客诉,技术后台端,R06,附件安全,附件完成病毒、格式、大小、敏感内容和权限校验,隔离附件并要求补充,上传/下载,规则版本、命中结果、输入摘要、处理结果
P104,评价客诉,技术后台端,R07,敏感字段,P2/P3字段按最小必要显示；导出需审批、水印、短链和二次认证,拒绝或脱敏,查看/导出,规则版本、命中结果、输入摘要、处理结果
P104,评价客诉,技术后台端,R08,版本一致性,历史实例固定流程、规则、表单和字典版本,版本冲突时禁止提交,保存/提交,规则版本、命中结果、输入摘要、处理结果
P104,评价客诉,技术后台端,R09,关闭条件,关闭前必须完成必选子任务、结算/回执、异常和归档检查,转整改/待关闭,关闭节点,规则版本、命中结果、输入摘要、处理结果
P104,评价客诉,技术后台端,R10,审计证据链,关键操作保留操作者、身份、时间、前后值、原因、哈希和请求ID,关键审计失败则阻断,全流程,规则版本、命中结果、输入摘要、处理结果
P104,评价客诉,技术后台端,R11,订单票码一致性,订单、支付、票码、核销、退款状态最终一致；冻结票码不得核销,进入差异队列,核销/退款,规则版本、命中结果、输入摘要、处理结果
P104,评价客诉,技术后台端,R12,防重复核销,同一票码同一权益仅成功核销一次，离线回传幂等合并,返回原结果/转差异,核销,规则版本、命中结果、输入摘要、处理结果
P104,评价客诉,技术后台端,R11,先行止险,人员安全优先；重大事件允许先处置后补单，但不得删除证据,立即升级并锁证,事件触发,规则版本、命中结果、输入摘要、处理结果
P104,评价客诉,技术后台端,R12,唯一案件,同一事件保留一个主案件，相关工单、投诉、维修、赔付为子单,合并或关联已有案件,立案,规则版本、命中结果、输入摘要、处理结果
P104,评价客诉,技术后台端,,,,,,
P105,短视频发布,技术后台端,R01,唯一性与幂等,同一业务对象、节点和幂等键不得重复创建有效单据,阻断并返回已有单号,所有提交/接口,规则版本、命中结果、输入摘要、处理结果
P105,短视频发布,技术后台端,R02,身份与任职有效性,经办人须通过统一认证，当前任职身份在办理时点有效,阻断；重新选择身份或转授权,所有人工节点,规则版本、命中结果、输入摘要、处理结果
P105,短视频发布,技术后台端,R03,组织数据范围,仅能查看和处理授权中心、部门、岗位或本人数据,拒绝访问并审计,查询/处理/导出,规则版本、命中结果、输入摘要、处理结果
P105,短视频发布,技术后台端,R04,必填与格式,必填、类型、长度、时间区间、金额精度须通过服务端校验,退回当前表单,提交前,规则版本、命中结果、输入摘要、处理结果
P105,短视频发布,技术后台端,R05,状态迁移,仅允许按已发布状态机迁移；重复回调返回原结果,阻断非法迁移,节点提交/回调,规则版本、命中结果、输入摘要、处理结果
P105,短视频发布,技术后台端,R06,附件安全,附件完成病毒、格式、大小、敏感内容和权限校验,隔离附件并要求补充,上传/下载,规则版本、命中结果、输入摘要、处理结果
P105,短视频发布,技术后台端,R07,敏感字段,P2/P3字段按最小必要显示；导出需审批、水印、短链和二次认证,拒绝或脱敏,查看/导出,规则版本、命中结果、输入摘要、处理结果
P105,短视频发布,技术后台端,R08,版本一致性,历史实例固定流程、规则、表单和字典版本,版本冲突时禁止提交,保存/提交,规则版本、命中结果、输入摘要、处理结果
P105,短视频发布,技术后台端,R09,关闭条件,关闭前必须完成必选子任务、结算/回执、异常和归档检查,转整改/待关闭,关闭节点,规则版本、命中结果、输入摘要、处理结果
P105,短视频发布,技术后台端,R10,审计证据链,关键操作保留操作者、身份、时间、前后值、原因、哈希和请求ID,关键审计失败则阻断,全流程,规则版本、命中结果、输入摘要、处理结果
P105,短视频发布,技术后台端,,,,,,
P106,直播执行,技术后台端,R01,唯一性与幂等,同一业务对象、节点和幂等键不得重复创建有效单据,阻断并返回已有单号,所有提交/接口,规则版本、命中结果、输入摘要、处理结果
P106,直播执行,技术后台端,R02,身份与任职有效性,经办人须通过统一认证，当前任职身份在办理时点有效,阻断；重新选择身份或转授权,所有人工节点,规则版本、命中结果、输入摘要、处理结果
P106,直播执行,技术后台端,R03,组织数据范围,仅能查看和处理授权中心、部门、岗位或本人数据,拒绝访问并审计,查询/处理/导出,规则版本、命中结果、输入摘要、处理结果
P106,直播执行,技术后台端,R04,必填与格式,必填、类型、长度、时间区间、金额精度须通过服务端校验,退回当前表单,提交前,规则版本、命中结果、输入摘要、处理结果
P106,直播执行,技术后台端,R05,状态迁移,仅允许按已发布状态机迁移；重复回调返回原结果,阻断非法迁移,节点提交/回调,规则版本、命中结果、输入摘要、处理结果
P106,直播执行,技术后台端,R06,附件安全,附件完成病毒、格式、大小、敏感内容和权限校验,隔离附件并要求补充,上传/下载,规则版本、命中结果、输入摘要、处理结果
P106,直播执行,技术后台端,R07,敏感字段,P2/P3字段按最小必要显示；导出需审批、水印、短链和二次认证,拒绝或脱敏,查看/导出,规则版本、命中结果、输入摘要、处理结果
P106,直播执行,技术后台端,R08,版本一致性,历史实例固定流程、规则、表单和字典版本,版本冲突时禁止提交,保存/提交,规则版本、命中结果、输入摘要、处理结果
P106,直播执行,技术后台端,R09,关闭条件,关闭前必须完成必选子任务、结算/回执、异常和归档检查,转整改/待关闭,关闭节点,规则版本、命中结果、输入摘要、处理结果
P106,直播执行,技术后台端,R10,审计证据链,关键操作保留操作者、身份、时间、前后值、原因、哈希和请求ID,关键审计失败则阻断,全流程,规则版本、命中结果、输入摘要、处理结果
P106,直播执行,技术后台端,R11,时间重叠,假勤、排班、加班区间不得与已生效记录冲突,阻断或转例外审批,时间提交,规则版本、命中结果、输入摘要、处理结果
P106,直播执行,技术后台端,R12,额度账本,额度只通过预占、扣减、释放和差额调整流水变更,转账本调整单,审批/销假,规则版本、命中结果、输入摘要、处理结果
P106,直播执行,技术后台端,R11,订单票码一致性,订单、支付、票码、核销、退款状态最终一致；冻结票码不得核销,进入差异队列,核销/退款,规则版本、命中结果、输入摘要、处理结果
P106,直播执行,技术后台端,R12,防重复核销,同一票码同一权益仅成功核销一次，离线回传幂等合并,返回原结果/转差异,核销,规则版本、命中结果、输入摘要、处理结果
P106,直播执行,技术后台端,,,,,,
P107,投放,技术后台端,R01,唯一性与幂等,同一业务对象、节点和幂等键不得重复创建有效单据,阻断并返回已有单号,所有提交/接口,规则版本、命中结果、输入摘要、处理结果
P107,投放,技术后台端,R02,身份与任职有效性,经办人须通过统一认证，当前任职身份在办理时点有效,阻断；重新选择身份或转授权,所有人工节点,规则版本、命中结果、输入摘要、处理结果
P107,投放,技术后台端,R03,组织数据范围,仅能查看和处理授权中心、部门、岗位或本人数据,拒绝访问并审计,查询/处理/导出,规则版本、命中结果、输入摘要、处理结果
P107,投放,技术后台端,R04,必填与格式,必填、类型、长度、时间区间、金额精度须通过服务端校验,退回当前表单,提交前,规则版本、命中结果、输入摘要、处理结果
P107,投放,技术后台端,R05,状态迁移,仅允许按已发布状态机迁移；重复回调返回原结果,阻断非法迁移,节点提交/回调,规则版本、命中结果、输入摘要、处理结果
P107,投放,技术后台端,R06,附件安全,附件完成病毒、格式、大小、敏感内容和权限校验,隔离附件并要求补充,上传/下载,规则版本、命中结果、输入摘要、处理结果
P107,投放,技术后台端,R07,敏感字段,P2/P3字段按最小必要显示；导出需审批、水印、短链和二次认证,拒绝或脱敏,查看/导出,规则版本、命中结果、输入摘要、处理结果
P107,投放,技术后台端,R08,版本一致性,历史实例固定流程、规则、表单和字典版本,版本冲突时禁止提交,保存/提交,规则版本、命中结果、输入摘要、处理结果
P107,投放,技术后台端,R09,关闭条件,关闭前必须完成必选子任务、结算/回执、异常和归档检查,转整改/待关闭,关闭节点,规则版本、命中结果、输入摘要、处理结果
P107,投放,技术后台端,R10,审计证据链,关键操作保留操作者、身份、时间、前后值、原因、哈希和请求ID,关键审计失败则阻断,全流程,规则版本、命中结果、输入摘要、处理结果
P107,投放,技术后台端,R11,金额与预算,金额非负，核定金额不超申请与可用预算，币种税率匹配规则,阻断并提示差异,金额保存/付款前,规则版本、命中结果、输入摘要、处理结果
P107,投放,技术后台端,R12,票据防重,发票代码、号码、日期、金额和影像哈希联合防重,阻断重复报销/付款,票据提交,规则版本、命中结果、输入摘要、处理结果
P107,投放,技术后台端,,,,,,
P108,舆情,技术后台端,R01,唯一性与幂等,同一业务对象、节点和幂等键不得重复创建有效单据,阻断并返回已有单号,所有提交/接口,规则版本、命中结果、输入摘要、处理结果
P108,舆情,技术后台端,R02,身份与任职有效性,经办人须通过统一认证，当前任职身份在办理时点有效,阻断；重新选择身份或转授权,所有人工节点,规则版本、命中结果、输入摘要、处理结果
P108,舆情,技术后台端,R03,组织数据范围,仅能查看和处理授权中心、部门、岗位或本人数据,拒绝访问并审计,查询/处理/导出,规则版本、命中结果、输入摘要、处理结果
P108,舆情,技术后台端,R04,必填与格式,必填、类型、长度、时间区间、金额精度须通过服务端校验,退回当前表单,提交前,规则版本、命中结果、输入摘要、处理结果
P108,舆情,技术后台端,R05,状态迁移,仅允许按已发布状态机迁移；重复回调返回原结果,阻断非法迁移,节点提交/回调,规则版本、命中结果、输入摘要、处理结果
P108,舆情,技术后台端,R06,附件安全,附件完成病毒、格式、大小、敏感内容和权限校验,隔离附件并要求补充,上传/下载,规则版本、命中结果、输入摘要、处理结果
P108,舆情,技术后台端,R07,敏感字段,P2/P3字段按最小必要显示；导出需审批、水印、短链和二次认证,拒绝或脱敏,查看/导出,规则版本、命中结果、输入摘要、处理结果
P108,舆情,技术后台端,R08,版本一致性,历史实例固定流程、规则、表单和字典版本,版本冲突时禁止提交,保存/提交,规则版本、命中结果、输入摘要、处理结果
P108,舆情,技术后台端,R09,关闭条件,关闭前必须完成必选子任务、结算/回执、异常和归档检查,转整改/待关闭,关闭节点,规则版本、命中结果、输入摘要、处理结果
P108,舆情,技术后台端,R10,审计证据链,关键操作保留操作者、身份、时间、前后值、原因、哈希和请求ID,关键审计失败则阻断,全流程,规则版本、命中结果、输入摘要、处理结果
P108,舆情,技术后台端,R11,先行止险,人员安全优先；重大事件允许先处置后补单，但不得删除证据,立即升级并锁证,事件触发,规则版本、命中结果、输入摘要、处理结果
P108,舆情,技术后台端,R12,唯一案件,同一事件保留一个主案件，相关工单、投诉、维修、赔付为子单,合并或关联已有案件,立案,规则版本、命中结果、输入摘要、处理结果
P108,舆情,技术后台端,,,,,,
P109,品牌授权,技术后台端,R01,唯一性与幂等,同一业务对象、节点和幂等键不得重复创建有效单据,阻断并返回已有单号,所有提交/接口,规则版本、命中结果、输入摘要、处理结果
P109,品牌授权,技术后台端,R02,身份与任职有效性,经办人须通过统一认证，当前任职身份在办理时点有效,阻断；重新选择身份或转授权,所有人工节点,规则版本、命中结果、输入摘要、处理结果
P109,品牌授权,技术后台端,R03,组织数据范围,仅能查看和处理授权中心、部门、岗位或本人数据,拒绝访问并审计,查询/处理/导出,规则版本、命中结果、输入摘要、处理结果
P109,品牌授权,技术后台端,R04,必填与格式,必填、类型、长度、时间区间、金额精度须通过服务端校验,退回当前表单,提交前,规则版本、命中结果、输入摘要、处理结果
P109,品牌授权,技术后台端,R05,状态迁移,仅允许按已发布状态机迁移；重复回调返回原结果,阻断非法迁移,节点提交/回调,规则版本、命中结果、输入摘要、处理结果
P109,品牌授权,技术后台端,R06,附件安全,附件完成病毒、格式、大小、敏感内容和权限校验,隔离附件并要求补充,上传/下载,规则版本、命中结果、输入摘要、处理结果
P109,品牌授权,技术后台端,R07,敏感字段,P2/P3字段按最小必要显示；导出需审批、水印、短链和二次认证,拒绝或脱敏,查看/导出,规则版本、命中结果、输入摘要、处理结果
P109,品牌授权,技术后台端,R08,版本一致性,历史实例固定流程、规则、表单和字典版本,版本冲突时禁止提交,保存/提交,规则版本、命中结果、输入摘要、处理结果
P109,品牌授权,技术后台端,R09,关闭条件,关闭前必须完成必选子任务、结算/回执、异常和归档检查,转整改/待关闭,关闭节点,规则版本、命中结果、输入摘要、处理结果
P109,品牌授权,技术后台端,R10,审计证据链,关键操作保留操作者、身份、时间、前后值、原因、哈希和请求ID,关键审计失败则阻断,全流程,规则版本、命中结果、输入摘要、处理结果
P109,品牌授权,技术后台端,R11,先行止险,人员安全优先；重大事件允许先处置后补单，但不得删除证据,立即升级并锁证,事件触发,规则版本、命中结果、输入摘要、处理结果
P109,品牌授权,技术后台端,R12,唯一案件,同一事件保留一个主案件，相关工单、投诉、维修、赔付为子单,合并或关联已有案件,立案,规则版本、命中结果、输入摘要、处理结果
P109,品牌授权,技术后台端,,,,,,
P110,物料审核,技术后台端,R01,唯一性与幂等,同一业务对象、节点和幂等键不得重复创建有效单据,阻断并返回已有单号,所有提交/接口,规则版本、命中结果、输入摘要、处理结果
P110,物料审核,技术后台端,R02,身份与任职有效性,经办人须通过统一认证，当前任职身份在办理时点有效,阻断；重新选择身份或转授权,所有人工节点,规则版本、命中结果、输入摘要、处理结果
P110,物料审核,技术后台端,R03,组织数据范围,仅能查看和处理授权中心、部门、岗位或本人数据,拒绝访问并审计,查询/处理/导出,规则版本、命中结果、输入摘要、处理结果
P110,物料审核,技术后台端,R04,必填与格式,必填、类型、长度、时间区间、金额精度须通过服务端校验,退回当前表单,提交前,规则版本、命中结果、输入摘要、处理结果
P110,物料审核,技术后台端,R05,状态迁移,仅允许按已发布状态机迁移；重复回调返回原结果,阻断非法迁移,节点提交/回调,规则版本、命中结果、输入摘要、处理结果
P110,物料审核,技术后台端,R06,附件安全,附件完成病毒、格式、大小、敏感内容和权限校验,隔离附件并要求补充,上传/下载,规则版本、命中结果、输入摘要、处理结果
P110,物料审核,技术后台端,R07,敏感字段,P2/P3字段按最小必要显示；导出需审批、水印、短链和二次认证,拒绝或脱敏,查看/导出,规则版本、命中结果、输入摘要、处理结果
P110,物料审核,技术后台端,R08,版本一致性,历史实例固定流程、规则、表单和字典版本,版本冲突时禁止提交,保存/提交,规则版本、命中结果、输入摘要、处理结果
P110,物料审核,技术后台端,R09,关闭条件,关闭前必须完成必选子任务、结算/回执、异常和归档检查,转整改/待关闭,关闭节点,规则版本、命中结果、输入摘要、处理结果
P110,物料审核,技术后台端,R10,审计证据链,关键操作保留操作者、身份、时间、前后值、原因、哈希和请求ID,关键审计失败则阻断,全流程,规则版本、命中结果、输入摘要、处理结果
P110,物料审核,技术后台端,,,,,,
P111,侵权处理,技术后台端,R01,唯一性与幂等,同一业务对象、节点和幂等键不得重复创建有效单据,阻断并返回已有单号,所有提交/接口,规则版本、命中结果、输入摘要、处理结果
P111,侵权处理,技术后台端,R02,身份与任职有效性,经办人须通过统一认证，当前任职身份在办理时点有效,阻断；重新选择身份或转授权,所有人工节点,规则版本、命中结果、输入摘要、处理结果
P111,侵权处理,技术后台端,R03,组织数据范围,仅能查看和处理授权中心、部门、岗位或本人数据,拒绝访问并审计,查询/处理/导出,规则版本、命中结果、输入摘要、处理结果
P111,侵权处理,技术后台端,R04,必填与格式,必填、类型、长度、时间区间、金额精度须通过服务端校验,退回当前表单,提交前,规则版本、命中结果、输入摘要、处理结果
P111,侵权处理,技术后台端,R05,状态迁移,仅允许按已发布状态机迁移；重复回调返回原结果,阻断非法迁移,节点提交/回调,规则版本、命中结果、输入摘要、处理结果
P111,侵权处理,技术后台端,R06,附件安全,附件完成病毒、格式、大小、敏感内容和权限校验,隔离附件并要求补充,上传/下载,规则版本、命中结果、输入摘要、处理结果
P111,侵权处理,技术后台端,R07,敏感字段,P2/P3字段按最小必要显示；导出需审批、水印、短链和二次认证,拒绝或脱敏,查看/导出,规则版本、命中结果、输入摘要、处理结果
P111,侵权处理,技术后台端,R08,版本一致性,历史实例固定流程、规则、表单和字典版本,版本冲突时禁止提交,保存/提交,规则版本、命中结果、输入摘要、处理结果
P111,侵权处理,技术后台端,R09,关闭条件,关闭前必须完成必选子任务、结算/回执、异常和归档检查,转整改/待关闭,关闭节点,规则版本、命中结果、输入摘要、处理结果
P111,侵权处理,技术后台端,R10,审计证据链,关键操作保留操作者、身份、时间、前后值、原因、哈希和请求ID,关键审计失败则阻断,全流程,规则版本、命中结果、输入摘要、处理结果
P111,侵权处理,技术后台端,R11,先行止险,人员安全优先；重大事件允许先处置后补单，但不得删除证据,立即升级并锁证,事件触发,规则版本、命中结果、输入摘要、处理结果
P111,侵权处理,技术后台端,R12,唯一案件,同一事件保留一个主案件，相关工单、投诉、维修、赔付为子单,合并或关联已有案件,立案,规则版本、命中结果、输入摘要、处理结果
P111,侵权处理,技术后台端,,,,,,
P112,标准接待,技术后台端,R01,唯一性与幂等,同一业务对象、节点和幂等键不得重复创建有效单据,阻断并返回已有单号,所有提交/接口,规则版本、命中结果、输入摘要、处理结果
P112,标准接待,技术后台端,R02,身份与任职有效性,经办人须通过统一认证，当前任职身份在办理时点有效,阻断；重新选择身份或转授权,所有人工节点,规则版本、命中结果、输入摘要、处理结果
P112,标准接待,技术后台端,R03,组织数据范围,仅能查看和处理授权中心、部门、岗位或本人数据,拒绝访问并审计,查询/处理/导出,规则版本、命中结果、输入摘要、处理结果
P112,标准接待,技术后台端,R04,必填与格式,必填、类型、长度、时间区间、金额精度须通过服务端校验,退回当前表单,提交前,规则版本、命中结果、输入摘要、处理结果
P112,标准接待,技术后台端,R05,状态迁移,仅允许按已发布状态机迁移；重复回调返回原结果,阻断非法迁移,节点提交/回调,规则版本、命中结果、输入摘要、处理结果
P112,标准接待,技术后台端,R06,附件安全,附件完成病毒、格式、大小、敏感内容和权限校验,隔离附件并要求补充,上传/下载,规则版本、命中结果、输入摘要、处理结果
P112,标准接待,技术后台端,R07,敏感字段,P2/P3字段按最小必要显示；导出需审批、水印、短链和二次认证,拒绝或脱敏,查看/导出,规则版本、命中结果、输入摘要、处理结果
P112,标准接待,技术后台端,R08,版本一致性,历史实例固定流程、规则、表单和字典版本,版本冲突时禁止提交,保存/提交,规则版本、命中结果、输入摘要、处理结果
P112,标准接待,技术后台端,R09,关闭条件,关闭前必须完成必选子任务、结算/回执、异常和归档检查,转整改/待关闭,关闭节点,规则版本、命中结果、输入摘要、处理结果
P112,标准接待,技术后台端,R10,审计证据链,关键操作保留操作者、身份、时间、前后值、原因、哈希和请求ID,关键审计失败则阻断,全流程,规则版本、命中结果、输入摘要、处理结果
P112,标准接待,技术后台端,R11,金额与预算,金额非负，核定金额不超申请与可用预算，币种税率匹配规则,阻断并提示差异,金额保存/付款前,规则版本、命中结果、输入摘要、处理结果
P112,标准接待,技术后台端,R12,票据防重,发票代码、号码、日期、金额和影像哈希联合防重,阻断重复报销/付款,票据提交,规则版本、命中结果、输入摘要、处理结果
P112,标准接待,技术后台端,,,,,,
P113,临时变更,技术后台端,R01,唯一性与幂等,同一业务对象、节点和幂等键不得重复创建有效单据,阻断并返回已有单号,所有提交/接口,规则版本、命中结果、输入摘要、处理结果
P113,临时变更,技术后台端,R02,身份与任职有效性,经办人须通过统一认证，当前任职身份在办理时点有效,阻断；重新选择身份或转授权,所有人工节点,规则版本、命中结果、输入摘要、处理结果
P113,临时变更,技术后台端,R03,组织数据范围,仅能查看和处理授权中心、部门、岗位或本人数据,拒绝访问并审计,查询/处理/导出,规则版本、命中结果、输入摘要、处理结果
P113,临时变更,技术后台端,R04,必填与格式,必填、类型、长度、时间区间、金额精度须通过服务端校验,退回当前表单,提交前,规则版本、命中结果、输入摘要、处理结果
P113,临时变更,技术后台端,R05,状态迁移,仅允许按已发布状态机迁移；重复回调返回原结果,阻断非法迁移,节点提交/回调,规则版本、命中结果、输入摘要、处理结果
P113,临时变更,技术后台端,R06,附件安全,附件完成病毒、格式、大小、敏感内容和权限校验,隔离附件并要求补充,上传/下载,规则版本、命中结果、输入摘要、处理结果
P113,临时变更,技术后台端,R07,敏感字段,P2/P3字段按最小必要显示；导出需审批、水印、短链和二次认证,拒绝或脱敏,查看/导出,规则版本、命中结果、输入摘要、处理结果
P113,临时变更,技术后台端,R08,版本一致性,历史实例固定流程、规则、表单和字典版本,版本冲突时禁止提交,保存/提交,规则版本、命中结果、输入摘要、处理结果
P113,临时变更,技术后台端,R09,关闭条件,关闭前必须完成必选子任务、结算/回执、异常和归档检查,转整改/待关闭,关闭节点,规则版本、命中结果、输入摘要、处理结果
P113,临时变更,技术后台端,R10,审计证据链,关键操作保留操作者、身份、时间、前后值、原因、哈希和请求ID,关键审计失败则阻断,全流程,规则版本、命中结果、输入摘要、处理结果
P113,临时变更,技术后台端,,,,,,
P114,导游执行,技术后台端,R01,唯一性与幂等,同一业务对象、节点和幂等键不得重复创建有效单据,阻断并返回已有单号,所有提交/接口,规则版本、命中结果、输入摘要、处理结果
P114,导游执行,技术后台端,R02,身份与任职有效性,经办人须通过统一认证，当前任职身份在办理时点有效,阻断；重新选择身份或转授权,所有人工节点,规则版本、命中结果、输入摘要、处理结果
P114,导游执行,技术后台端,R03,组织数据范围,仅能查看和处理授权中心、部门、岗位或本人数据,拒绝访问并审计,查询/处理/导出,规则版本、命中结果、输入摘要、处理结果
P114,导游执行,技术后台端,R04,必填与格式,必填、类型、长度、时间区间、金额精度须通过服务端校验,退回当前表单,提交前,规则版本、命中结果、输入摘要、处理结果
P114,导游执行,技术后台端,R05,状态迁移,仅允许按已发布状态机迁移；重复回调返回原结果,阻断非法迁移,节点提交/回调,规则版本、命中结果、输入摘要、处理结果
P114,导游执行,技术后台端,R06,附件安全,附件完成病毒、格式、大小、敏感内容和权限校验,隔离附件并要求补充,上传/下载,规则版本、命中结果、输入摘要、处理结果
P114,导游执行,技术后台端,R07,敏感字段,P2/P3字段按最小必要显示；导出需审批、水印、短链和二次认证,拒绝或脱敏,查看/导出,规则版本、命中结果、输入摘要、处理结果
P114,导游执行,技术后台端,R08,版本一致性,历史实例固定流程、规则、表单和字典版本,版本冲突时禁止提交,保存/提交,规则版本、命中结果、输入摘要、处理结果
P114,导游执行,技术后台端,R09,关闭条件,关闭前必须完成必选子任务、结算/回执、异常和归档检查,转整改/待关闭,关闭节点,规则版本、命中结果、输入摘要、处理结果
P114,导游执行,技术后台端,R10,审计证据链,关键操作保留操作者、身份、时间、前后值、原因、哈希和请求ID,关键审计失败则阻断,全流程,规则版本、命中结果、输入摘要、处理结果
P114,导游执行,技术后台端,R11,时间重叠,假勤、排班、加班区间不得与已生效记录冲突,阻断或转例外审批,时间提交,规则版本、命中结果、输入摘要、处理结果
P114,导游执行,技术后台端,R12,额度账本,额度只通过预占、扣减、释放和差额调整流水变更,转账本调整单,审批/销假,规则版本、命中结果、输入摘要、处理结果
P114,导游执行,技术后台端,R11,订单票码一致性,订单、支付、票码、核销、退款状态最终一致；冻结票码不得核销,进入差异队列,核销/退款,规则版本、命中结果、输入摘要、处理结果
P114,导游执行,技术后台端,R12,防重复核销,同一票码同一权益仅成功核销一次，离线回传幂等合并,返回原结果/转差异,核销,规则版本、命中结果、输入摘要、处理结果
P114,导游执行,技术后台端,,,,,,
P115,接待客诉,技术后台端,R01,唯一性与幂等,同一业务对象、节点和幂等键不得重复创建有效单据,阻断并返回已有单号,所有提交/接口,规则版本、命中结果、输入摘要、处理结果
P115,接待客诉,技术后台端,R02,身份与任职有效性,经办人须通过统一认证，当前任职身份在办理时点有效,阻断；重新选择身份或转授权,所有人工节点,规则版本、命中结果、输入摘要、处理结果
P115,接待客诉,技术后台端,R03,组织数据范围,仅能查看和处理授权中心、部门、岗位或本人数据,拒绝访问并审计,查询/处理/导出,规则版本、命中结果、输入摘要、处理结果
P115,接待客诉,技术后台端,R04,必填与格式,必填、类型、长度、时间区间、金额精度须通过服务端校验,退回当前表单,提交前,规则版本、命中结果、输入摘要、处理结果
P115,接待客诉,技术后台端,R05,状态迁移,仅允许按已发布状态机迁移；重复回调返回原结果,阻断非法迁移,节点提交/回调,规则版本、命中结果、输入摘要、处理结果
P115,接待客诉,技术后台端,R06,附件安全,附件完成病毒、格式、大小、敏感内容和权限校验,隔离附件并要求补充,上传/下载,规则版本、命中结果、输入摘要、处理结果
P115,接待客诉,技术后台端,R07,敏感字段,P2/P3字段按最小必要显示；导出需审批、水印、短链和二次认证,拒绝或脱敏,查看/导出,规则版本、命中结果、输入摘要、处理结果
P115,接待客诉,技术后台端,R08,版本一致性,历史实例固定流程、规则、表单和字典版本,版本冲突时禁止提交,保存/提交,规则版本、命中结果、输入摘要、处理结果
P115,接待客诉,技术后台端,R09,关闭条件,关闭前必须完成必选子任务、结算/回执、异常和归档检查,转整改/待关闭,关闭节点,规则版本、命中结果、输入摘要、处理结果
P115,接待客诉,技术后台端,R10,审计证据链,关键操作保留操作者、身份、时间、前后值、原因、哈希和请求ID,关键审计失败则阻断,全流程,规则版本、命中结果、输入摘要、处理结果
P115,接待客诉,技术后台端,R11,先行止险,人员安全优先；重大事件允许先处置后补单，但不得删除证据,立即升级并锁证,事件触发,规则版本、命中结果、输入摘要、处理结果
P115,接待客诉,技术后台端,R12,唯一案件,同一事件保留一个主案件，相关工单、投诉、维修、赔付为子单,合并或关联已有案件,立案,规则版本、命中结果、输入摘要、处理结果
P115,接待客诉,技术后台端,,,,,,
P116,线索转商机,技术后台端,R01,唯一性与幂等,同一业务对象、节点和幂等键不得重复创建有效单据,阻断并返回已有单号,所有提交/接口,规则版本、命中结果、输入摘要、处理结果
P116,线索转商机,技术后台端,R02,身份与任职有效性,经办人须通过统一认证，当前任职身份在办理时点有效,阻断；重新选择身份或转授权,所有人工节点,规则版本、命中结果、输入摘要、处理结果
P116,线索转商机,技术后台端,R03,组织数据范围,仅能查看和处理授权中心、部门、岗位或本人数据,拒绝访问并审计,查询/处理/导出,规则版本、命中结果、输入摘要、处理结果
P116,线索转商机,技术后台端,R04,必填与格式,必填、类型、长度、时间区间、金额精度须通过服务端校验,退回当前表单,提交前,规则版本、命中结果、输入摘要、处理结果
P116,线索转商机,技术后台端,R05,状态迁移,仅允许按已发布状态机迁移；重复回调返回原结果,阻断非法迁移,节点提交/回调,规则版本、命中结果、输入摘要、处理结果
P116,线索转商机,技术后台端,R06,附件安全,附件完成病毒、格式、大小、敏感内容和权限校验,隔离附件并要求补充,上传/下载,规则版本、命中结果、输入摘要、处理结果
P116,线索转商机,技术后台端,R07,敏感字段,P2/P3字段按最小必要显示；导出需审批、水印、短链和二次认证,拒绝或脱敏,查看/导出,规则版本、命中结果、输入摘要、处理结果
P116,线索转商机,技术后台端,R08,版本一致性,历史实例固定流程、规则、表单和字典版本,版本冲突时禁止提交,保存/提交,规则版本、命中结果、输入摘要、处理结果
P116,线索转商机,技术后台端,R09,关闭条件,关闭前必须完成必选子任务、结算/回执、异常和归档检查,转整改/待关闭,关闭节点,规则版本、命中结果、输入摘要、处理结果
P116,线索转商机,技术后台端,R10,审计证据链,关键操作保留操作者、身份、时间、前后值、原因、哈希和请求ID,关键审计失败则阻断,全流程,规则版本、命中结果、输入摘要、处理结果
P116,线索转商机,技术后台端,,,,,,
P117,销售成交,技术后台端,R01,唯一性与幂等,同一业务对象、节点和幂等键不得重复创建有效单据,阻断并返回已有单号,所有提交/接口,规则版本、命中结果、输入摘要、处理结果
P117,销售成交,技术后台端,R02,身份与任职有效性,经办人须通过统一认证，当前任职身份在办理时点有效,阻断；重新选择身份或转授权,所有人工节点,规则版本、命中结果、输入摘要、处理结果
P117,销售成交,技术后台端,R03,组织数据范围,仅能查看和处理授权中心、部门、岗位或本人数据,拒绝访问并审计,查询/处理/导出,规则版本、命中结果、输入摘要、处理结果
P117,销售成交,技术后台端,R04,必填与格式,必填、类型、长度、时间区间、金额精度须通过服务端校验,退回当前表单,提交前,规则版本、命中结果、输入摘要、处理结果
P117,销售成交,技术后台端,R05,状态迁移,仅允许按已发布状态机迁移；重复回调返回原结果,阻断非法迁移,节点提交/回调,规则版本、命中结果、输入摘要、处理结果
P117,销售成交,技术后台端,R06,附件安全,附件完成病毒、格式、大小、敏感内容和权限校验,隔离附件并要求补充,上传/下载,规则版本、命中结果、输入摘要、处理结果
P117,销售成交,技术后台端,R07,敏感字段,P2/P3字段按最小必要显示；导出需审批、水印、短链和二次认证,拒绝或脱敏,查看/导出,规则版本、命中结果、输入摘要、处理结果
P117,销售成交,技术后台端,R08,版本一致性,历史实例固定流程、规则、表单和字典版本,版本冲突时禁止提交,保存/提交,规则版本、命中结果、输入摘要、处理结果
P117,销售成交,技术后台端,R09,关闭条件,关闭前必须完成必选子任务、结算/回执、异常和归档检查,转整改/待关闭,关闭节点,规则版本、命中结果、输入摘要、处理结果
P117,销售成交,技术后台端,R10,审计证据链,关键操作保留操作者、身份、时间、前后值、原因、哈希和请求ID,关键审计失败则阻断,全流程,规则版本、命中结果、输入摘要、处理结果
P117,销售成交,技术后台端,R11,金额与预算,金额非负，核定金额不超申请与可用预算，币种税率匹配规则,阻断并提示差异,金额保存/付款前,规则版本、命中结果、输入摘要、处理结果
P117,销售成交,技术后台端,R12,票据防重,发票代码、号码、日期、金额和影像哈希联合防重,阻断重复报销/付款,票据提交,规则版本、命中结果、输入摘要、处理结果
P117,销售成交,技术后台端,R11,订单票码一致性,订单、支付、票码、核销、退款状态最终一致；冻结票码不得核销,进入差异队列,核销/退款,规则版本、命中结果、输入摘要、处理结果
P117,销售成交,技术后台端,R12,防重复核销,同一票码同一权益仅成功核销一次，离线回传幂等合并,返回原结果/转差异,核销,规则版本、命中结果、输入摘要、处理结果
P117,销售成交,技术后台端,R11,文档不可变,签署发起后哈希、主体、顺序和关键数据不可修改,作废并新建批次,签署发起后,规则版本、命中结果、输入摘要、处理结果
P117,销售成交,技术后台端,R12,证据归档,文件、证书、时间戳、回调报文和验签结果成套归档,不得更新为已签署,签署完成,规则版本、命中结果、输入摘要、处理结果
P117,销售成交,技术后台端,,,,,,
P118,二次销售,技术后台端,R01,唯一性与幂等,同一业务对象、节点和幂等键不得重复创建有效单据,阻断并返回已有单号,所有提交/接口,规则版本、命中结果、输入摘要、处理结果
P118,二次销售,技术后台端,R02,身份与任职有效性,经办人须通过统一认证，当前任职身份在办理时点有效,阻断；重新选择身份或转授权,所有人工节点,规则版本、命中结果、输入摘要、处理结果
P118,二次销售,技术后台端,R03,组织数据范围,仅能查看和处理授权中心、部门、岗位或本人数据,拒绝访问并审计,查询/处理/导出,规则版本、命中结果、输入摘要、处理结果
P118,二次销售,技术后台端,R04,必填与格式,必填、类型、长度、时间区间、金额精度须通过服务端校验,退回当前表单,提交前,规则版本、命中结果、输入摘要、处理结果
P118,二次销售,技术后台端,R05,状态迁移,仅允许按已发布状态机迁移；重复回调返回原结果,阻断非法迁移,节点提交/回调,规则版本、命中结果、输入摘要、处理结果
P118,二次销售,技术后台端,R06,附件安全,附件完成病毒、格式、大小、敏感内容和权限校验,隔离附件并要求补充,上传/下载,规则版本、命中结果、输入摘要、处理结果
P118,二次销售,技术后台端,R07,敏感字段,P2/P3字段按最小必要显示；导出需审批、水印、短链和二次认证,拒绝或脱敏,查看/导出,规则版本、命中结果、输入摘要、处理结果
P118,二次销售,技术后台端,R08,版本一致性,历史实例固定流程、规则、表单和字典版本,版本冲突时禁止提交,保存/提交,规则版本、命中结果、输入摘要、处理结果
P118,二次销售,技术后台端,R09,关闭条件,关闭前必须完成必选子任务、结算/回执、异常和归档检查,转整改/待关闭,关闭节点,规则版本、命中结果、输入摘要、处理结果
P118,二次销售,技术后台端,R10,审计证据链,关键操作保留操作者、身份、时间、前后值、原因、哈希和请求ID,关键审计失败则阻断,全流程,规则版本、命中结果、输入摘要、处理结果
P118,二次销售,技术后台端,R11,金额与预算,金额非负，核定金额不超申请与可用预算，币种税率匹配规则,阻断并提示差异,金额保存/付款前,规则版本、命中结果、输入摘要、处理结果
P118,二次销售,技术后台端,R12,票据防重,发票代码、号码、日期、金额和影像哈希联合防重,阻断重复报销/付款,票据提交,规则版本、命中结果、输入摘要、处理结果
P118,二次销售,技术后台端,R11,订单票码一致性,订单、支付、票码、核销、退款状态最终一致；冻结票码不得核销,进入差异队列,核销/退款,规则版本、命中结果、输入摘要、处理结果
P118,二次销售,技术后台端,R12,防重复核销,同一票码同一权益仅成功核销一次，离线回传幂等合并,返回原结果/转差异,核销,规则版本、命中结果、输入摘要、处理结果
P118,二次销售,技术后台端,,,,,,
P119,客户移交,技术后台端,R01,唯一性与幂等,同一业务对象、节点和幂等键不得重复创建有效单据,阻断并返回已有单号,所有提交/接口,规则版本、命中结果、输入摘要、处理结果
P119,客户移交,技术后台端,R02,身份与任职有效性,经办人须通过统一认证，当前任职身份在办理时点有效,阻断；重新选择身份或转授权,所有人工节点,规则版本、命中结果、输入摘要、处理结果
P119,客户移交,技术后台端,R03,组织数据范围,仅能查看和处理授权中心、部门、岗位或本人数据,拒绝访问并审计,查询/处理/导出,规则版本、命中结果、输入摘要、处理结果
P119,客户移交,技术后台端,R04,必填与格式,必填、类型、长度、时间区间、金额精度须通过服务端校验,退回当前表单,提交前,规则版本、命中结果、输入摘要、处理结果
P119,客户移交,技术后台端,R05,状态迁移,仅允许按已发布状态机迁移；重复回调返回原结果,阻断非法迁移,节点提交/回调,规则版本、命中结果、输入摘要、处理结果
P119,客户移交,技术后台端,R06,附件安全,附件完成病毒、格式、大小、敏感内容和权限校验,隔离附件并要求补充,上传/下载,规则版本、命中结果、输入摘要、处理结果
P119,客户移交,技术后台端,R07,敏感字段,P2/P3字段按最小必要显示；导出需审批、水印、短链和二次认证,拒绝或脱敏,查看/导出,规则版本、命中结果、输入摘要、处理结果
P119,客户移交,技术后台端,R08,版本一致性,历史实例固定流程、规则、表单和字典版本,版本冲突时禁止提交,保存/提交,规则版本、命中结果、输入摘要、处理结果
P119,客户移交,技术后台端,R09,关闭条件,关闭前必须完成必选子任务、结算/回执、异常和归档检查,转整改/待关闭,关闭节点,规则版本、命中结果、输入摘要、处理结果
P119,客户移交,技术后台端,R10,审计证据链,关键操作保留操作者、身份、时间、前后值、原因、哈希和请求ID,关键审计失败则阻断,全流程,规则版本、命中结果、输入摘要、处理结果
P119,客户移交,技术后台端,,,,,,
P120,全员生命周期闭环,技术后台端,R01,唯一性与幂等,同一业务对象、节点和幂等键不得重复创建有效单据,阻断并返回已有单号,所有提交/接口,规则版本、命中结果、输入摘要、处理结果
P120,全员生命周期闭环,技术后台端,R02,身份与任职有效性,经办人须通过统一认证，当前任职身份在办理时点有效,阻断；重新选择身份或转授权,所有人工节点,规则版本、命中结果、输入摘要、处理结果
P120,全员生命周期闭环,技术后台端,R03,组织数据范围,仅能查看和处理授权中心、部门、岗位或本人数据,拒绝访问并审计,查询/处理/导出,规则版本、命中结果、输入摘要、处理结果
P120,全员生命周期闭环,技术后台端,R04,必填与格式,必填、类型、长度、时间区间、金额精度须通过服务端校验,退回当前表单,提交前,规则版本、命中结果、输入摘要、处理结果
P120,全员生命周期闭环,技术后台端,R05,状态迁移,仅允许按已发布状态机迁移；重复回调返回原结果,阻断非法迁移,节点提交/回调,规则版本、命中结果、输入摘要、处理结果
P120,全员生命周期闭环,技术后台端,R06,附件安全,附件完成病毒、格式、大小、敏感内容和权限校验,隔离附件并要求补充,上传/下载,规则版本、命中结果、输入摘要、处理结果
P120,全员生命周期闭环,技术后台端,R07,敏感字段,P2/P3字段按最小必要显示；导出需审批、水印、短链和二次认证,拒绝或脱敏,查看/导出,规则版本、命中结果、输入摘要、处理结果
P120,全员生命周期闭环,技术后台端,R08,版本一致性,历史实例固定流程、规则、表单和字典版本,版本冲突时禁止提交,保存/提交,规则版本、命中结果、输入摘要、处理结果
P120,全员生命周期闭环,技术后台端,R09,关闭条件,关闭前必须完成必选子任务、结算/回执、异常和归档检查,转整改/待关闭,关闭节点,规则版本、命中结果、输入摘要、处理结果
P120,全员生命周期闭环,技术后台端,R10,审计证据链,关键操作保留操作者、身份、时间、前后值、原因、哈希和请求ID,关键审计失败则阻断,全流程,规则版本、命中结果、输入摘要、处理结果
P120,全员生命周期闭环,技术后台端,,,,,,
P121,市场获客到交付回款闭环,技术后台端,R01,唯一性与幂等,同一业务对象、节点和幂等键不得重复创建有效单据,阻断并返回已有单号,所有提交/接口,规则版本、命中结果、输入摘要、处理结果
P121,市场获客到交付回款闭环,技术后台端,R02,身份与任职有效性,经办人须通过统一认证，当前任职身份在办理时点有效,阻断；重新选择身份或转授权,所有人工节点,规则版本、命中结果、输入摘要、处理结果
P121,市场获客到交付回款闭环,技术后台端,R03,组织数据范围,仅能查看和处理授权中心、部门、岗位或本人数据,拒绝访问并审计,查询/处理/导出,规则版本、命中结果、输入摘要、处理结果
P121,市场获客到交付回款闭环,技术后台端,R04,必填与格式,必填、类型、长度、时间区间、金额精度须通过服务端校验,退回当前表单,提交前,规则版本、命中结果、输入摘要、处理结果
P121,市场获客到交付回款闭环,技术后台端,R05,状态迁移,仅允许按已发布状态机迁移；重复回调返回原结果,阻断非法迁移,节点提交/回调,规则版本、命中结果、输入摘要、处理结果
P121,市场获客到交付回款闭环,技术后台端,R06,附件安全,附件完成病毒、格式、大小、敏感内容和权限校验,隔离附件并要求补充,上传/下载,规则版本、命中结果、输入摘要、处理结果
P121,市场获客到交付回款闭环,技术后台端,R07,敏感字段,P2/P3字段按最小必要显示；导出需审批、水印、短链和二次认证,拒绝或脱敏,查看/导出,规则版本、命中结果、输入摘要、处理结果
P121,市场获客到交付回款闭环,技术后台端,R08,版本一致性,历史实例固定流程、规则、表单和字典版本,版本冲突时禁止提交,保存/提交,规则版本、命中结果、输入摘要、处理结果
P121,市场获客到交付回款闭环,技术后台端,R09,关闭条件,关闭前必须完成必选子任务、结算/回执、异常和归档检查,转整改/待关闭,关闭节点,规则版本、命中结果、输入摘要、处理结果
P121,市场获客到交付回款闭环,技术后台端,R10,审计证据链,关键操作保留操作者、身份、时间、前后值、原因、哈希和请求ID,关键审计失败则阻断,全流程,规则版本、命中结果、输入摘要、处理结果
P121,市场获客到交付回款闭环,技术后台端,R11,金额与预算,金额非负，核定金额不超申请与可用预算，币种税率匹配规则,阻断并提示差异,金额保存/付款前,规则版本、命中结果、输入摘要、处理结果
P121,市场获客到交付回款闭环,技术后台端,R12,票据防重,发票代码、号码、日期、金额和影像哈希联合防重,阻断重复报销/付款,票据提交,规则版本、命中结果、输入摘要、处理结果
P121,市场获客到交付回款闭环,技术后台端,R11,订单票码一致性,订单、支付、票码、核销、退款状态最终一致；冻结票码不得核销,进入差异队列,核销/退款,规则版本、命中结果、输入摘要、处理结果
P121,市场获客到交付回款闭环,技术后台端,R12,防重复核销,同一票码同一权益仅成功核销一次，离线回传幂等合并,返回原结果/转差异,核销,规则版本、命中结果、输入摘要、处理结果
P121,市场获客到交付回款闭环,技术后台端,R11,文档不可变,签署发起后哈希、主体、顺序和关键数据不可修改,作废并新建批次,签署发起后,规则版本、命中结果、输入摘要、处理结果
P121,市场获客到交付回款闭环,技术后台端,R12,证据归档,文件、证书、时间戳、回调报文和验签结果成套归档,不得更新为已签署,签署完成,规则版本、命中结果、输入摘要、处理结果
P121,市场获客到交付回款闭环,技术后台端,,,,,,
P122,接待资源闭环,技术后台端,R01,唯一性与幂等,同一业务对象、节点和幂等键不得重复创建有效单据,阻断并返回已有单号,所有提交/接口,规则版本、命中结果、输入摘要、处理结果
P122,接待资源闭环,技术后台端,R02,身份与任职有效性,经办人须通过统一认证，当前任职身份在办理时点有效,阻断；重新选择身份或转授权,所有人工节点,规则版本、命中结果、输入摘要、处理结果
P122,接待资源闭环,技术后台端,R03,组织数据范围,仅能查看和处理授权中心、部门、岗位或本人数据,拒绝访问并审计,查询/处理/导出,规则版本、命中结果、输入摘要、处理结果
P122,接待资源闭环,技术后台端,R04,必填与格式,必填、类型、长度、时间区间、金额精度须通过服务端校验,退回当前表单,提交前,规则版本、命中结果、输入摘要、处理结果
P122,接待资源闭环,技术后台端,R05,状态迁移,仅允许按已发布状态机迁移；重复回调返回原结果,阻断非法迁移,节点提交/回调,规则版本、命中结果、输入摘要、处理结果
P122,接待资源闭环,技术后台端,R06,附件安全,附件完成病毒、格式、大小、敏感内容和权限校验,隔离附件并要求补充,上传/下载,规则版本、命中结果、输入摘要、处理结果
P122,接待资源闭环,技术后台端,R07,敏感字段,P2/P3字段按最小必要显示；导出需审批、水印、短链和二次认证,拒绝或脱敏,查看/导出,规则版本、命中结果、输入摘要、处理结果
P122,接待资源闭环,技术后台端,R08,版本一致性,历史实例固定流程、规则、表单和字典版本,版本冲突时禁止提交,保存/提交,规则版本、命中结果、输入摘要、处理结果
P122,接待资源闭环,技术后台端,R09,关闭条件,关闭前必须完成必选子任务、结算/回执、异常和归档检查,转整改/待关闭,关闭节点,规则版本、命中结果、输入摘要、处理结果
P122,接待资源闭环,技术后台端,R10,审计证据链,关键操作保留操作者、身份、时间、前后值、原因、哈希和请求ID,关键审计失败则阻断,全流程,规则版本、命中结果、输入摘要、处理结果
P122,接待资源闭环,技术后台端,R11,订单票码一致性,订单、支付、票码、核销、退款状态最终一致；冻结票码不得核销,进入差异队列,核销/退款,规则版本、命中结果、输入摘要、处理结果
P122,接待资源闭环,技术后台端,R12,防重复核销,同一票码同一权益仅成功核销一次，离线回传幂等合并,返回原结果/转差异,核销,规则版本、命中结果、输入摘要、处理结果
P122,接待资源闭环,技术后台端,R11,先行止险,人员安全优先；重大事件允许先处置后补单，但不得删除证据,立即升级并锁证,事件触发,规则版本、命中结果、输入摘要、处理结果
P122,接待资源闭环,技术后台端,R12,唯一案件,同一事件保留一个主案件，相关工单、投诉、维修、赔付为子单,合并或关联已有案件,立案,规则版本、命中结果、输入摘要、处理结果
P122,接待资源闭环,技术后台端,,,,,,
P123,演艺场次闭环,技术后台端,R01,唯一性与幂等,同一业务对象、节点和幂等键不得重复创建有效单据,阻断并返回已有单号,所有提交/接口,规则版本、命中结果、输入摘要、处理结果
P123,演艺场次闭环,技术后台端,R02,身份与任职有效性,经办人须通过统一认证，当前任职身份在办理时点有效,阻断；重新选择身份或转授权,所有人工节点,规则版本、命中结果、输入摘要、处理结果
P123,演艺场次闭环,技术后台端,R03,组织数据范围,仅能查看和处理授权中心、部门、岗位或本人数据,拒绝访问并审计,查询/处理/导出,规则版本、命中结果、输入摘要、处理结果
P123,演艺场次闭环,技术后台端,R04,必填与格式,必填、类型、长度、时间区间、金额精度须通过服务端校验,退回当前表单,提交前,规则版本、命中结果、输入摘要、处理结果
P123,演艺场次闭环,技术后台端,R05,状态迁移,仅允许按已发布状态机迁移；重复回调返回原结果,阻断非法迁移,节点提交/回调,规则版本、命中结果、输入摘要、处理结果
P123,演艺场次闭环,技术后台端,R06,附件安全,附件完成病毒、格式、大小、敏感内容和权限校验,隔离附件并要求补充,上传/下载,规则版本、命中结果、输入摘要、处理结果
P123,演艺场次闭环,技术后台端,R07,敏感字段,P2/P3字段按最小必要显示；导出需审批、水印、短链和二次认证,拒绝或脱敏,查看/导出,规则版本、命中结果、输入摘要、处理结果
P123,演艺场次闭环,技术后台端,R08,版本一致性,历史实例固定流程、规则、表单和字典版本,版本冲突时禁止提交,保存/提交,规则版本、命中结果、输入摘要、处理结果
P123,演艺场次闭环,技术后台端,R09,关闭条件,关闭前必须完成必选子任务、结算/回执、异常和归档检查,转整改/待关闭,关闭节点,规则版本、命中结果、输入摘要、处理结果
P123,演艺场次闭环,技术后台端,R10,审计证据链,关键操作保留操作者、身份、时间、前后值、原因、哈希和请求ID,关键审计失败则阻断,全流程,规则版本、命中结果、输入摘要、处理结果
P123,演艺场次闭环,技术后台端,R11,时间重叠,假勤、排班、加班区间不得与已生效记录冲突,阻断或转例外审批,时间提交,规则版本、命中结果、输入摘要、处理结果
P123,演艺场次闭环,技术后台端,R12,额度账本,额度只通过预占、扣减、释放和差额调整流水变更,转账本调整单,审批/销假,规则版本、命中结果、输入摘要、处理结果
P123,演艺场次闭环,技术后台端,R11,先行止险,人员安全优先；重大事件允许先处置后补单，但不得删除证据,立即升级并锁证,事件触发,规则版本、命中结果、输入摘要、处理结果
P123,演艺场次闭环,技术后台端,R12,唯一案件,同一事件保留一个主案件，相关工单、投诉、维修、赔付为子单,合并或关联已有案件,立案,规则版本、命中结果、输入摘要、处理结果
P123,演艺场次闭环,技术后台端,R11,库存非负与锁定,可用量=账面量-锁定量，出库不得导致负库存,阻断并提示缺口,锁定/出库,规则版本、命中结果、输入摘要、处理结果
P123,演艺场次闭环,技术后台端,R12,批次序列追溯,需追溯物品必须一物一码/一批一码，状态变更保留流水,阻断无编码操作,入库/出库/报损,规则版本、命中结果、输入摘要、处理结果
P123,演艺场次闭环,技术后台端,,,,,,
P124,采购资产财务闭环,技术后台端,R01,唯一性与幂等,同一业务对象、节点和幂等键不得重复创建有效单据,阻断并返回已有单号,所有提交/接口,规则版本、命中结果、输入摘要、处理结果
P124,采购资产财务闭环,技术后台端,R02,身份与任职有效性,经办人须通过统一认证，当前任职身份在办理时点有效,阻断；重新选择身份或转授权,所有人工节点,规则版本、命中结果、输入摘要、处理结果
P124,采购资产财务闭环,技术后台端,R03,组织数据范围,仅能查看和处理授权中心、部门、岗位或本人数据,拒绝访问并审计,查询/处理/导出,规则版本、命中结果、输入摘要、处理结果
P124,采购资产财务闭环,技术后台端,R04,必填与格式,必填、类型、长度、时间区间、金额精度须通过服务端校验,退回当前表单,提交前,规则版本、命中结果、输入摘要、处理结果
P124,采购资产财务闭环,技术后台端,R05,状态迁移,仅允许按已发布状态机迁移；重复回调返回原结果,阻断非法迁移,节点提交/回调,规则版本、命中结果、输入摘要、处理结果
P124,采购资产财务闭环,技术后台端,R06,附件安全,附件完成病毒、格式、大小、敏感内容和权限校验,隔离附件并要求补充,上传/下载,规则版本、命中结果、输入摘要、处理结果
P124,采购资产财务闭环,技术后台端,R07,敏感字段,P2/P3字段按最小必要显示；导出需审批、水印、短链和二次认证,拒绝或脱敏,查看/导出,规则版本、命中结果、输入摘要、处理结果
P124,采购资产财务闭环,技术后台端,R08,版本一致性,历史实例固定流程、规则、表单和字典版本,版本冲突时禁止提交,保存/提交,规则版本、命中结果、输入摘要、处理结果
P124,采购资产财务闭环,技术后台端,R09,关闭条件,关闭前必须完成必选子任务、结算/回执、异常和归档检查,转整改/待关闭,关闭节点,规则版本、命中结果、输入摘要、处理结果
P124,采购资产财务闭环,技术后台端,R10,审计证据链,关键操作保留操作者、身份、时间、前后值、原因、哈希和请求ID,关键审计失败则阻断,全流程,规则版本、命中结果、输入摘要、处理结果
P124,采购资产财务闭环,技术后台端,R11,金额与预算,金额非负，核定金额不超申请与可用预算，币种税率匹配规则,阻断并提示差异,金额保存/付款前,规则版本、命中结果、输入摘要、处理结果
P124,采购资产财务闭环,技术后台端,R12,票据防重,发票代码、号码、日期、金额和影像哈希联合防重,阻断重复报销/付款,票据提交,规则版本、命中结果、输入摘要、处理结果
P124,采购资产财务闭环,技术后台端,R11,库存非负与锁定,可用量=账面量-锁定量，出库不得导致负库存,阻断并提示缺口,锁定/出库,规则版本、命中结果、输入摘要、处理结果
P124,采购资产财务闭环,技术后台端,R12,批次序列追溯,需追溯物品必须一物一码/一批一码，状态变更保留流水,阻断无编码操作,入库/出库/报损,规则版本、命中结果、输入摘要、处理结果
P124,采购资产财务闭环,技术后台端,,,,,,
P125,内容生产发布闭环,技术后台端,R01,唯一性与幂等,同一业务对象、节点和幂等键不得重复创建有效单据,阻断并返回已有单号,所有提交/接口,规则版本、命中结果、输入摘要、处理结果
P125,内容生产发布闭环,技术后台端,R02,身份与任职有效性,经办人须通过统一认证，当前任职身份在办理时点有效,阻断；重新选择身份或转授权,所有人工节点,规则版本、命中结果、输入摘要、处理结果
P125,内容生产发布闭环,技术后台端,R03,组织数据范围,仅能查看和处理授权中心、部门、岗位或本人数据,拒绝访问并审计,查询/处理/导出,规则版本、命中结果、输入摘要、处理结果
P125,内容生产发布闭环,技术后台端,R04,必填与格式,必填、类型、长度、时间区间、金额精度须通过服务端校验,退回当前表单,提交前,规则版本、命中结果、输入摘要、处理结果
P125,内容生产发布闭环,技术后台端,R05,状态迁移,仅允许按已发布状态机迁移；重复回调返回原结果,阻断非法迁移,节点提交/回调,规则版本、命中结果、输入摘要、处理结果
P125,内容生产发布闭环,技术后台端,R06,附件安全,附件完成病毒、格式、大小、敏感内容和权限校验,隔离附件并要求补充,上传/下载,规则版本、命中结果、输入摘要、处理结果
P125,内容生产发布闭环,技术后台端,R07,敏感字段,P2/P3字段按最小必要显示；导出需审批、水印、短链和二次认证,拒绝或脱敏,查看/导出,规则版本、命中结果、输入摘要、处理结果
P125,内容生产发布闭环,技术后台端,R08,版本一致性,历史实例固定流程、规则、表单和字典版本,版本冲突时禁止提交,保存/提交,规则版本、命中结果、输入摘要、处理结果
P125,内容生产发布闭环,技术后台端,R09,关闭条件,关闭前必须完成必选子任务、结算/回执、异常和归档检查,转整改/待关闭,关闭节点,规则版本、命中结果、输入摘要、处理结果
P125,内容生产发布闭环,技术后台端,R10,审计证据链,关键操作保留操作者、身份、时间、前后值、原因、哈希和请求ID,关键审计失败则阻断,全流程,规则版本、命中结果、输入摘要、处理结果
P125,内容生产发布闭环,技术后台端,R11,订单票码一致性,订单、支付、票码、核销、退款状态最终一致；冻结票码不得核销,进入差异队列,核销/退款,规则版本、命中结果、输入摘要、处理结果
P125,内容生产发布闭环,技术后台端,R12,防重复核销,同一票码同一权益仅成功核销一次，离线回传幂等合并,返回原结果/转差异,核销,规则版本、命中结果、输入摘要、处理结果
P125,内容生产发布闭环,技术后台端,,,,,,
P126,事件与整改闭环,技术后台端,R01,唯一性与幂等,同一业务对象、节点和幂等键不得重复创建有效单据,阻断并返回已有单号,所有提交/接口,规则版本、命中结果、输入摘要、处理结果
P126,事件与整改闭环,技术后台端,R02,身份与任职有效性,经办人须通过统一认证，当前任职身份在办理时点有效,阻断；重新选择身份或转授权,所有人工节点,规则版本、命中结果、输入摘要、处理结果
P126,事件与整改闭环,技术后台端,R03,组织数据范围,仅能查看和处理授权中心、部门、岗位或本人数据,拒绝访问并审计,查询/处理/导出,规则版本、命中结果、输入摘要、处理结果
P126,事件与整改闭环,技术后台端,R04,必填与格式,必填、类型、长度、时间区间、金额精度须通过服务端校验,退回当前表单,提交前,规则版本、命中结果、输入摘要、处理结果
P126,事件与整改闭环,技术后台端,R05,状态迁移,仅允许按已发布状态机迁移；重复回调返回原结果,阻断非法迁移,节点提交/回调,规则版本、命中结果、输入摘要、处理结果
P126,事件与整改闭环,技术后台端,R06,附件安全,附件完成病毒、格式、大小、敏感内容和权限校验,隔离附件并要求补充,上传/下载,规则版本、命中结果、输入摘要、处理结果
P126,事件与整改闭环,技术后台端,R07,敏感字段,P2/P3字段按最小必要显示；导出需审批、水印、短链和二次认证,拒绝或脱敏,查看/导出,规则版本、命中结果、输入摘要、处理结果
P126,事件与整改闭环,技术后台端,R08,版本一致性,历史实例固定流程、规则、表单和字典版本,版本冲突时禁止提交,保存/提交,规则版本、命中结果、输入摘要、处理结果
P126,事件与整改闭环,技术后台端,R09,关闭条件,关闭前必须完成必选子任务、结算/回执、异常和归档检查,转整改/待关闭,关闭节点,规则版本、命中结果、输入摘要、处理结果
P126,事件与整改闭环,技术后台端,R10,审计证据链,关键操作保留操作者、身份、时间、前后值、原因、哈希和请求ID,关键审计失败则阻断,全流程,规则版本、命中结果、输入摘要、处理结果
P126,事件与整改闭环,技术后台端,R11,先行止险,人员安全优先；重大事件允许先处置后补单，但不得删除证据,立即升级并锁证,事件触发,规则版本、命中结果、输入摘要、处理结果
P126,事件与整改闭环,技术后台端,R12,唯一案件,同一事件保留一个主案件，相关工单、投诉、维修、赔付为子单,合并或关联已有案件,立案,规则版本、命中结果、输入摘要、处理结果
P126,事件与整改闭环,技术后台端,,,,,,
