process_code,process_name,endpoint,interface_code,external_system,purpose,interaction,key_data,idempotency_key,retry_policy,compensation,audit
P001,统一登录与多岗位身份切换,员工端,I01,统一身份与MFA,认证、任职身份、二次认证,同步调用,用户ID/身份ID/认证级别,P001-01-{业务主键},指数退避3次；超限转死信/人工,超时拒绝高风险操作,请求ID、响应码、耗时、摘要、重试和最终结果
P001,统一登录与多岗位身份切换,员工端,I02,组织与员工主数据,中心、部门、岗位、员工关系,同步查询+事件订阅,组织ID/员工ID/有效期,P001-02-{业务主键},指数退避3次；超限转死信/人工,缓存降级；变更事件补偿,请求ID、响应码、耗时、摘要、重试和最终结果
P001,统一登录与多岗位身份切换,员工端,I03,流程任务中心,实例、任务、状态、待办,内部事务+消息,实例号/任务号/状态,P001-03-{业务主键},指数退避3次；超限转死信/人工,幂等重试；死信队列,请求ID、响应码、耗时、摘要、重试和最终结果
P001,统一登录与多岗位身份切换,员工端,I04,消息通知中心,站内信、短信、邮件、企业微信,异步消息,模板变量/接收人/业务链接,P001-04-{业务主键},指数退避3次；超限转死信/人工,重试3次；失败告警,请求ID、响应码、耗时、摘要、重试和最终结果
P001,统一登录与多岗位身份切换,员工端,I05,文件与电子证据,附件、哈希、水印、短时下载,对象存储+签名URL,文件ID/哈希/敏感级别,P001-05-{业务主键},指数退避3次；超限转死信/人工,病毒隔离；链接过期,请求ID、响应码、耗时、摘要、重试和最终结果
P001,统一登录与多岗位身份切换,员工端,I06,审计日志平台,操作、前后值、接口请求ID,异步不可篡改日志,操作者/身份/时间/设备/IP,P001-06-{业务主键},指数退避3次；超限转死信/人工,关键审计失败阻断,请求ID、响应码、耗时、摘要、重试和最终结果
P001,统一登录与多岗位身份切换,员工端,I07,人力资源与考勤,员工、编制、合同、假勤、排班、绩效,API+事件,员工ID/岗位/时间/分数,P001-07-{业务主键},指数退避3次；超限转死信/人工,对账补偿；差异工单,请求ID、响应码、耗时、摘要、重试和最终结果
P002,权限申请、复核与回收,员工端,I01,统一身份与MFA,认证、任职身份、二次认证,同步调用,用户ID/身份ID/认证级别,P002-01-{业务主键},指数退避3次；超限转死信/人工,超时拒绝高风险操作,请求ID、响应码、耗时、摘要、重试和最终结果
P002,权限申请、复核与回收,员工端,I02,组织与员工主数据,中心、部门、岗位、员工关系,同步查询+事件订阅,组织ID/员工ID/有效期,P002-02-{业务主键},指数退避3次；超限转死信/人工,缓存降级；变更事件补偿,请求ID、响应码、耗时、摘要、重试和最终结果
P002,权限申请、复核与回收,员工端,I03,流程任务中心,实例、任务、状态、待办,内部事务+消息,实例号/任务号/状态,P002-03-{业务主键},指数退避3次；超限转死信/人工,幂等重试；死信队列,请求ID、响应码、耗时、摘要、重试和最终结果
P002,权限申请、复核与回收,员工端,I04,消息通知中心,站内信、短信、邮件、企业微信,异步消息,模板变量/接收人/业务链接,P002-04-{业务主键},指数退避3次；超限转死信/人工,重试3次；失败告警,请求ID、响应码、耗时、摘要、重试和最终结果
P002,权限申请、复核与回收,员工端,I05,文件与电子证据,附件、哈希、水印、短时下载,对象存储+签名URL,文件ID/哈希/敏感级别,P002-05-{业务主键},指数退避3次；超限转死信/人工,病毒隔离；链接过期,请求ID、响应码、耗时、摘要、重试和最终结果
P002,权限申请、复核与回收,员工端,I06,审计日志平台,操作、前后值、接口请求ID,异步不可篡改日志,操作者/身份/时间/设备/IP,P002-06-{业务主键},指数退避3次；超限转死信/人工,关键审计失败阻断,请求ID、响应码、耗时、摘要、重试和最终结果
P002,权限申请、复核与回收,员工端,I07,人力资源与考勤,员工、编制、合同、假勤、排班、绩效,API+事件,员工ID/岗位/时间/分数,P002-07-{业务主键},指数退避3次；超限转死信/人工,对账补偿；差异工单,请求ID、响应码、耗时、摘要、重试和最终结果
P003,个人资料变更,员工端,I01,统一身份与MFA,认证、任职身份、二次认证,同步调用,用户ID/身份ID/认证级别,P003-01-{业务主键},指数退避3次；超限转死信/人工,超时拒绝高风险操作,请求ID、响应码、耗时、摘要、重试和最终结果
P003,个人资料变更,员工端,I02,组织与员工主数据,中心、部门、岗位、员工关系,同步查询+事件订阅,组织ID/员工ID/有效期,P003-02-{业务主键},指数退避3次；超限转死信/人工,缓存降级；变更事件补偿,请求ID、响应码、耗时、摘要、重试和最终结果
P003,个人资料变更,员工端,I03,流程任务中心,实例、任务、状态、待办,内部事务+消息,实例号/任务号/状态,P003-03-{业务主键},指数退避3次；超限转死信/人工,幂等重试；死信队列,请求ID、响应码、耗时、摘要、重试和最终结果
P003,个人资料变更,员工端,I04,消息通知中心,站内信、短信、邮件、企业微信,异步消息,模板变量/接收人/业务链接,P003-04-{业务主键},指数退避3次；超限转死信/人工,重试3次；失败告警,请求ID、响应码、耗时、摘要、重试和最终结果
P003,个人资料变更,员工端,I05,文件与电子证据,附件、哈希、水印、短时下载,对象存储+签名URL,文件ID/哈希/敏感级别,P003-05-{业务主键},指数退避3次；超限转死信/人工,病毒隔离；链接过期,请求ID、响应码、耗时、摘要、重试和最终结果
P003,个人资料变更,员工端,I06,审计日志平台,操作、前后值、接口请求ID,异步不可篡改日志,操作者/身份/时间/设备/IP,P003-06-{业务主键},指数退避3次；超限转死信/人工,关键审计失败阻断,请求ID、响应码、耗时、摘要、重试和最终结果
P003,个人资料变更,员工端,I07,人力资源与考勤,员工、编制、合同、假勤、排班、绩效,API+事件,员工ID/岗位/时间/分数,P003-07-{业务主键},指数退避3次；超限转死信/人工,对账补偿；差异工单,请求ID、响应码、耗时、摘要、重试和最终结果
P004,通用申请与审批,员工端,I01,统一身份与MFA,认证、任职身份、二次认证,同步调用,用户ID/身份ID/认证级别,P004-01-{业务主键},指数退避3次；超限转死信/人工,超时拒绝高风险操作,请求ID、响应码、耗时、摘要、重试和最终结果
P004,通用申请与审批,员工端,I02,组织与员工主数据,中心、部门、岗位、员工关系,同步查询+事件订阅,组织ID/员工ID/有效期,P004-02-{业务主键},指数退避3次；超限转死信/人工,缓存降级；变更事件补偿,请求ID、响应码、耗时、摘要、重试和最终结果
P004,通用申请与审批,员工端,I03,流程任务中心,实例、任务、状态、待办,内部事务+消息,实例号/任务号/状态,P004-03-{业务主键},指数退避3次；超限转死信/人工,幂等重试；死信队列,请求ID、响应码、耗时、摘要、重试和最终结果
P004,通用申请与审批,员工端,I04,消息通知中心,站内信、短信、邮件、企业微信,异步消息,模板变量/接收人/业务链接,P004-04-{业务主键},指数退避3次；超限转死信/人工,重试3次；失败告警,请求ID、响应码、耗时、摘要、重试和最终结果
P004,通用申请与审批,员工端,I05,文件与电子证据,附件、哈希、水印、短时下载,对象存储+签名URL,文件ID/哈希/敏感级别,P004-05-{业务主键},指数退避3次；超限转死信/人工,病毒隔离；链接过期,请求ID、响应码、耗时、摘要、重试和最终结果
P004,通用申请与审批,员工端,I06,审计日志平台,操作、前后值、接口请求ID,异步不可篡改日志,操作者/身份/时间/设备/IP,P004-06-{业务主键},指数退避3次；超限转死信/人工,关键审计失败阻断,请求ID、响应码、耗时、摘要、重试和最终结果
P005,制度、通知与执行回执,员工端,I01,统一身份与MFA,认证、任职身份、二次认证,同步调用,用户ID/身份ID/认证级别,P005-01-{业务主键},指数退避3次；超限转死信/人工,超时拒绝高风险操作,请求ID、响应码、耗时、摘要、重试和最终结果
P005,制度、通知与执行回执,员工端,I02,组织与员工主数据,中心、部门、岗位、员工关系,同步查询+事件订阅,组织ID/员工ID/有效期,P005-02-{业务主键},指数退避3次；超限转死信/人工,缓存降级；变更事件补偿,请求ID、响应码、耗时、摘要、重试和最终结果
P005,制度、通知与执行回执,员工端,I03,流程任务中心,实例、任务、状态、待办,内部事务+消息,实例号/任务号/状态,P005-03-{业务主键},指数退避3次；超限转死信/人工,幂等重试；死信队列,请求ID、响应码、耗时、摘要、重试和最终结果
P005,制度、通知与执行回执,员工端,I04,消息通知中心,站内信、短信、邮件、企业微信,异步消息,模板变量/接收人/业务链接,P005-04-{业务主键},指数退避3次；超限转死信/人工,重试3次；失败告警,请求ID、响应码、耗时、摘要、重试和最终结果
P005,制度、通知与执行回执,员工端,I05,文件与电子证据,附件、哈希、水印、短时下载,对象存储+签名URL,文件ID/哈希/敏感级别,P005-05-{业务主键},指数退避3次；超限转死信/人工,病毒隔离；链接过期,请求ID、响应码、耗时、摘要、重试和最终结果
P005,制度、通知与执行回执,员工端,I06,审计日志平台,操作、前后值、接口请求ID,异步不可篡改日志,操作者/身份/时间/设备/IP,P005-06-{业务主键},指数退避3次；超限转死信/人工,关键审计失败阻断,请求ID、响应码、耗时、摘要、重试和最终结果
P005,制度、通知与执行回执,员工端,I07,人力资源与考勤,员工、编制、合同、假勤、排班、绩效,API+事件,员工ID/岗位/时间/分数,P005-07-{业务主键},指数退避3次；超限转死信/人工,对账补偿；差异工单,请求ID、响应码、耗时、摘要、重试和最终结果
P005,制度、通知与执行回执,员工端,I08,CMDB/研发/CI-CD,配置项、代码、构建、测试、发布、监控,API+Webhook,工作项/构建号/版本/环境,P005-08-{业务主键},指数退避3次；超限转死信/人工,回退流水；发布门禁,请求ID、响应码、耗时、摘要、重试和最终结果
P006,会议与行动项,员工端,I01,统一身份与MFA,认证、任职身份、二次认证,同步调用,用户ID/身份ID/认证级别,P006-01-{业务主键},指数退避3次；超限转死信/人工,超时拒绝高风险操作,请求ID、响应码、耗时、摘要、重试和最终结果
P006,会议与行动项,员工端,I02,组织与员工主数据,中心、部门、岗位、员工关系,同步查询+事件订阅,组织ID/员工ID/有效期,P006-02-{业务主键},指数退避3次；超限转死信/人工,缓存降级；变更事件补偿,请求ID、响应码、耗时、摘要、重试和最终结果
P006,会议与行动项,员工端,I03,流程任务中心,实例、任务、状态、待办,内部事务+消息,实例号/任务号/状态,P006-03-{业务主键},指数退避3次；超限转死信/人工,幂等重试；死信队列,请求ID、响应码、耗时、摘要、重试和最终结果
P006,会议与行动项,员工端,I04,消息通知中心,站内信、短信、邮件、企业微信,异步消息,模板变量/接收人/业务链接,P006-04-{业务主键},指数退避3次；超限转死信/人工,重试3次；失败告警,请求ID、响应码、耗时、摘要、重试和最终结果
P006,会议与行动项,员工端,I05,文件与电子证据,附件、哈希、水印、短时下载,对象存储+签名URL,文件ID/哈希/敏感级别,P006-05-{业务主键},指数退避3次；超限转死信/人工,病毒隔离；链接过期,请求ID、响应码、耗时、摘要、重试和最终结果
P006,会议与行动项,员工端,I06,审计日志平台,操作、前后值、接口请求ID,异步不可篡改日志,操作者/身份/时间/设备/IP,P006-06-{业务主键},指数退避3次；超限转死信/人工,关键审计失败阻断,请求ID、响应码、耗时、摘要、重试和最终结果
P006,会议与行动项,员工端,I07,人力资源与考勤,员工、编制、合同、假勤、排班、绩效,API+事件,员工ID/岗位/时间/分数,P006-07-{业务主键},指数退避3次；超限转死信/人工,对账补偿；差异工单,请求ID、响应码、耗时、摘要、重试和最终结果
P007,排班与班次调整,员工端,I01,统一身份与MFA,认证、任职身份、二次认证,同步调用,用户ID/身份ID/认证级别,P007-01-{业务主键},指数退避3次；超限转死信/人工,超时拒绝高风险操作,请求ID、响应码、耗时、摘要、重试和最终结果
P007,排班与班次调整,员工端,I02,组织与员工主数据,中心、部门、岗位、员工关系,同步查询+事件订阅,组织ID/员工ID/有效期,P007-02-{业务主键},指数退避3次；超限转死信/人工,缓存降级；变更事件补偿,请求ID、响应码、耗时、摘要、重试和最终结果
P007,排班与班次调整,员工端,I03,流程任务中心,实例、任务、状态、待办,内部事务+消息,实例号/任务号/状态,P007-03-{业务主键},指数退避3次；超限转死信/人工,幂等重试；死信队列,请求ID、响应码、耗时、摘要、重试和最终结果
P007,排班与班次调整,员工端,I04,消息通知中心,站内信、短信、邮件、企业微信,异步消息,模板变量/接收人/业务链接,P007-04-{业务主键},指数退避3次；超限转死信/人工,重试3次；失败告警,请求ID、响应码、耗时、摘要、重试和最终结果
P007,排班与班次调整,员工端,I05,文件与电子证据,附件、哈希、水印、短时下载,对象存储+签名URL,文件ID/哈希/敏感级别,P007-05-{业务主键},指数退避3次；超限转死信/人工,病毒隔离；链接过期,请求ID、响应码、耗时、摘要、重试和最终结果
P007,排班与班次调整,员工端,I06,审计日志平台,操作、前后值、接口请求ID,异步不可篡改日志,操作者/身份/时间/设备/IP,P007-06-{业务主键},指数退避3次；超限转死信/人工,关键审计失败阻断,请求ID、响应码、耗时、摘要、重试和最终结果
P007,排班与班次调整,员工端,I07,人力资源与考勤,员工、编制、合同、假勤、排班、绩效,API+事件,员工ID/岗位/时间/分数,P007-07-{业务主键},指数退避3次；超限转死信/人工,对账补偿；差异工单,请求ID、响应码、耗时、摘要、重试和最终结果
P008,请假与考勤,员工端,I01,统一身份与MFA,认证、任职身份、二次认证,同步调用,用户ID/身份ID/认证级别,P008-01-{业务主键},指数退避3次；超限转死信/人工,超时拒绝高风险操作,请求ID、响应码、耗时、摘要、重试和最终结果
P008,请假与考勤,员工端,I02,组织与员工主数据,中心、部门、岗位、员工关系,同步查询+事件订阅,组织ID/员工ID/有效期,P008-02-{业务主键},指数退避3次；超限转死信/人工,缓存降级；变更事件补偿,请求ID、响应码、耗时、摘要、重试和最终结果
P008,请假与考勤,员工端,I03,流程任务中心,实例、任务、状态、待办,内部事务+消息,实例号/任务号/状态,P008-03-{业务主键},指数退避3次；超限转死信/人工,幂等重试；死信队列,请求ID、响应码、耗时、摘要、重试和最终结果
P008,请假与考勤,员工端,I04,消息通知中心,站内信、短信、邮件、企业微信,异步消息,模板变量/接收人/业务链接,P008-04-{业务主键},指数退避3次；超限转死信/人工,重试3次；失败告警,请求ID、响应码、耗时、摘要、重试和最终结果
P008,请假与考勤,员工端,I05,文件与电子证据,附件、哈希、水印、短时下载,对象存储+签名URL,文件ID/哈希/敏感级别,P008-05-{业务主键},指数退避3次；超限转死信/人工,病毒隔离；链接过期,请求ID、响应码、耗时、摘要、重试和最终结果
P008,请假与考勤,员工端,I06,审计日志平台,操作、前后值、接口请求ID,异步不可篡改日志,操作者/身份/时间/设备/IP,P008-06-{业务主键},指数退避3次；超限转死信/人工,关键审计失败阻断,请求ID、响应码、耗时、摘要、重试和最终结果
P008,请假与考勤,员工端,I07,人力资源与考勤,员工、编制、合同、假勤、排班、绩效,API+事件,员工ID/岗位/时间/分数,P008-07-{业务主键},指数退避3次；超限转死信/人工,对账补偿；差异工单,请求ID、响应码、耗时、摘要、重试和最终结果
P009,加班与调休,员工端,I01,统一身份与MFA,认证、任职身份、二次认证,同步调用,用户ID/身份ID/认证级别,P009-01-{业务主键},指数退避3次；超限转死信/人工,超时拒绝高风险操作,请求ID、响应码、耗时、摘要、重试和最终结果
P009,加班与调休,员工端,I02,组织与员工主数据,中心、部门、岗位、员工关系,同步查询+事件订阅,组织ID/员工ID/有效期,P009-02-{业务主键},指数退避3次；超限转死信/人工,缓存降级；变更事件补偿,请求ID、响应码、耗时、摘要、重试和最终结果
P009,加班与调休,员工端,I03,流程任务中心,实例、任务、状态、待办,内部事务+消息,实例号/任务号/状态,P009-03-{业务主键},指数退避3次；超限转死信/人工,幂等重试；死信队列,请求ID、响应码、耗时、摘要、重试和最终结果
P009,加班与调休,员工端,I04,消息通知中心,站内信、短信、邮件、企业微信,异步消息,模板变量/接收人/业务链接,P009-04-{业务主键},指数退避3次；超限转死信/人工,重试3次；失败告警,请求ID、响应码、耗时、摘要、重试和最终结果
P009,加班与调休,员工端,I05,文件与电子证据,附件、哈希、水印、短时下载,对象存储+签名URL,文件ID/哈希/敏感级别,P009-05-{业务主键},指数退避3次；超限转死信/人工,病毒隔离；链接过期,请求ID、响应码、耗时、摘要、重试和最终结果
P009,加班与调休,员工端,I06,审计日志平台,操作、前后值、接口请求ID,异步不可篡改日志,操作者/身份/时间/设备/IP,P009-06-{业务主键},指数退避3次；超限转死信/人工,关键审计失败阻断,请求ID、响应码、耗时、摘要、重试和最终结果
P009,加班与调休,员工端,I07,人力资源与考勤,员工、编制、合同、假勤、排班、绩效,API+事件,员工ID/岗位/时间/分数,P009-07-{业务主键},指数退避3次；超限转死信/人工,对账补偿；差异工单,请求ID、响应码、耗时、摘要、重试和最终结果
P010,员工学习、考试与资格,员工端,I01,统一身份与MFA,认证、任职身份、二次认证,同步调用,用户ID/身份ID/认证级别,P010-01-{业务主键},指数退避3次；超限转死信/人工,超时拒绝高风险操作,请求ID、响应码、耗时、摘要、重试和最终结果
P010,员工学习、考试与资格,员工端,I02,组织与员工主数据,中心、部门、岗位、员工关系,同步查询+事件订阅,组织ID/员工ID/有效期,P010-02-{业务主键},指数退避3次；超限转死信/人工,缓存降级；变更事件补偿,请求ID、响应码、耗时、摘要、重试和最终结果
P010,员工学习、考试与资格,员工端,I03,流程任务中心,实例、任务、状态、待办,内部事务+消息,实例号/任务号/状态,P010-03-{业务主键},指数退避3次；超限转死信/人工,幂等重试；死信队列,请求ID、响应码、耗时、摘要、重试和最终结果
P010,员工学习、考试与资格,员工端,I04,消息通知中心,站内信、短信、邮件、企业微信,异步消息,模板变量/接收人/业务链接,P010-04-{业务主键},指数退避3次；超限转死信/人工,重试3次；失败告警,请求ID、响应码、耗时、摘要、重试和最终结果
P010,员工学习、考试与资格,员工端,I05,文件与电子证据,附件、哈希、水印、短时下载,对象存储+签名URL,文件ID/哈希/敏感级别,P010-05-{业务主键},指数退避3次；超限转死信/人工,病毒隔离；链接过期,请求ID、响应码、耗时、摘要、重试和最终结果
P010,员工学习、考试与资格,员工端,I06,审计日志平台,操作、前后值、接口请求ID,异步不可篡改日志,操作者/身份/时间/设备/IP,P010-06-{业务主键},指数退避3次；超限转死信/人工,关键审计失败阻断,请求ID、响应码、耗时、摘要、重试和最终结果
P010,员工学习、考试与资格,员工端,I07,人力资源与考勤,员工、编制、合同、假勤、排班、绩效,API+事件,员工ID/岗位/时间/分数,P010-07-{业务主键},指数退避3次；超限转死信/人工,对账补偿；差异工单,请求ID、响应码、耗时、摘要、重试和最终结果
P010,员工学习、考试与资格,员工端,I08,课程与排课系统,课程版本、讲师资格、场地与排课,API+事件,课程版本/讲师/时间/场地,P010-08-{业务主键},指数退避3次；超限转死信/人工,冲突校验；自动释放锁,请求ID、响应码、耗时、摘要、重试和最终结果
P010,员工学习、考试与资格,员工端,I09,CMDB/研发/CI-CD,配置项、代码、构建、测试、发布、监控,API+Webhook,工作项/构建号/版本/环境,P010-09-{业务主键},指数退避3次；超限转死信/人工,回退流水；发布门禁,请求ID、响应码、耗时、摘要、重试和最终结果
P011,绩效管理,员工端,I01,统一身份与MFA,认证、任职身份、二次认证,同步调用,用户ID/身份ID/认证级别,P011-01-{业务主键},指数退避3次；超限转死信/人工,超时拒绝高风险操作,请求ID、响应码、耗时、摘要、重试和最终结果
P011,绩效管理,员工端,I02,组织与员工主数据,中心、部门、岗位、员工关系,同步查询+事件订阅,组织ID/员工ID/有效期,P011-02-{业务主键},指数退避3次；超限转死信/人工,缓存降级；变更事件补偿,请求ID、响应码、耗时、摘要、重试和最终结果
P011,绩效管理,员工端,I03,流程任务中心,实例、任务、状态、待办,内部事务+消息,实例号/任务号/状态,P011-03-{业务主键},指数退避3次；超限转死信/人工,幂等重试；死信队列,请求ID、响应码、耗时、摘要、重试和最终结果
P011,绩效管理,员工端,I04,消息通知中心,站内信、短信、邮件、企业微信,异步消息,模板变量/接收人/业务链接,P011-04-{业务主键},指数退避3次；超限转死信/人工,重试3次；失败告警,请求ID、响应码、耗时、摘要、重试和最终结果
P011,绩效管理,员工端,I05,文件与电子证据,附件、哈希、水印、短时下载,对象存储+签名URL,文件ID/哈希/敏感级别,P011-05-{业务主键},指数退避3次；超限转死信/人工,病毒隔离；链接过期,请求ID、响应码、耗时、摘要、重试和最终结果
P011,绩效管理,员工端,I06,审计日志平台,操作、前后值、接口请求ID,异步不可篡改日志,操作者/身份/时间/设备/IP,P011-06-{业务主键},指数退避3次；超限转死信/人工,关键审计失败阻断,请求ID、响应码、耗时、摘要、重试和最终结果
P011,绩效管理,员工端,I07,人力资源与考勤,员工、编制、合同、假勤、排班、绩效,API+事件,员工ID/岗位/时间/分数,P011-07-{业务主键},指数退避3次；超限转死信/人工,对账补偿；差异工单,请求ID、响应码、耗时、摘要、重试和最终结果
P012,晋升与任职发展,员工端,I01,统一身份与MFA,认证、任职身份、二次认证,同步调用,用户ID/身份ID/认证级别,P012-01-{业务主键},指数退避3次；超限转死信/人工,超时拒绝高风险操作,请求ID、响应码、耗时、摘要、重试和最终结果
P012,晋升与任职发展,员工端,I02,组织与员工主数据,中心、部门、岗位、员工关系,同步查询+事件订阅,组织ID/员工ID/有效期,P012-02-{业务主键},指数退避3次；超限转死信/人工,缓存降级；变更事件补偿,请求ID、响应码、耗时、摘要、重试和最终结果
P012,晋升与任职发展,员工端,I03,流程任务中心,实例、任务、状态、待办,内部事务+消息,实例号/任务号/状态,P012-03-{业务主键},指数退避3次；超限转死信/人工,幂等重试；死信队列,请求ID、响应码、耗时、摘要、重试和最终结果
P012,晋升与任职发展,员工端,I04,消息通知中心,站内信、短信、邮件、企业微信,异步消息,模板变量/接收人/业务链接,P012-04-{业务主键},指数退避3次；超限转死信/人工,重试3次；失败告警,请求ID、响应码、耗时、摘要、重试和最终结果
P012,晋升与任职发展,员工端,I05,文件与电子证据,附件、哈希、水印、短时下载,对象存储+签名URL,文件ID/哈希/敏感级别,P012-05-{业务主键},指数退避3次；超限转死信/人工,病毒隔离；链接过期,请求ID、响应码、耗时、摘要、重试和最终结果
P012,晋升与任职发展,员工端,I06,审计日志平台,操作、前后值、接口请求ID,异步不可篡改日志,操作者/身份/时间/设备/IP,P012-06-{业务主键},指数退避3次；超限转死信/人工,关键审计失败阻断,请求ID、响应码、耗时、摘要、重试和最终结果
P012,晋升与任职发展,员工端,I07,人力资源与考勤,员工、编制、合同、假勤、排班、绩效,API+事件,员工ID/岗位/时间/分数,P012-07-{业务主键},指数退避3次；超限转死信/人工,对账补偿；差异工单,请求ID、响应码、耗时、摘要、重试和最终结果
P012,晋升与任职发展,员工端,I08,财务预算与支付,预算占用、票据、付款、凭证、对账,API+批次,预算项/金额/凭证号,P012-08-{业务主键},指数退避3次；超限转死信/人工,冲销补偿；T+1对账,请求ID、响应码、耗时、摘要、重试和最终结果
P013,奖励,员工端,I01,统一身份与MFA,认证、任职身份、二次认证,同步调用,用户ID/身份ID/认证级别,P013-01-{业务主键},指数退避3次；超限转死信/人工,超时拒绝高风险操作,请求ID、响应码、耗时、摘要、重试和最终结果
P013,奖励,员工端,I02,组织与员工主数据,中心、部门、岗位、员工关系,同步查询+事件订阅,组织ID/员工ID/有效期,P013-02-{业务主键},指数退避3次；超限转死信/人工,缓存降级；变更事件补偿,请求ID、响应码、耗时、摘要、重试和最终结果
P013,奖励,员工端,I03,流程任务中心,实例、任务、状态、待办,内部事务+消息,实例号/任务号/状态,P013-03-{业务主键},指数退避3次；超限转死信/人工,幂等重试；死信队列,请求ID、响应码、耗时、摘要、重试和最终结果
P013,奖励,员工端,I04,消息通知中心,站内信、短信、邮件、企业微信,异步消息,模板变量/接收人/业务链接,P013-04-{业务主键},指数退避3次；超限转死信/人工,重试3次；失败告警,请求ID、响应码、耗时、摘要、重试和最终结果
P013,奖励,员工端,I05,文件与电子证据,附件、哈希、水印、短时下载,对象存储+签名URL,文件ID/哈希/敏感级别,P013-05-{业务主键},指数退避3次；超限转死信/人工,病毒隔离；链接过期,请求ID、响应码、耗时、摘要、重试和最终结果
P013,奖励,员工端,I06,审计日志平台,操作、前后值、接口请求ID,异步不可篡改日志,操作者/身份/时间/设备/IP,P013-06-{业务主键},指数退避3次；超限转死信/人工,关键审计失败阻断,请求ID、响应码、耗时、摘要、重试和最终结果
P013,奖励,员工端,I07,人力资源与考勤,员工、编制、合同、假勤、排班、绩效,API+事件,员工ID/岗位/时间/分数,P013-07-{业务主键},指数退避3次；超限转死信/人工,对账补偿；差异工单,请求ID、响应码、耗时、摘要、重试和最终结果
P014,纪律、责任与申诉,员工端,I01,统一身份与MFA,认证、任职身份、二次认证,同步调用,用户ID/身份ID/认证级别,P014-01-{业务主键},指数退避3次；超限转死信/人工,超时拒绝高风险操作,请求ID、响应码、耗时、摘要、重试和最终结果
P014,纪律、责任与申诉,员工端,I02,组织与员工主数据,中心、部门、岗位、员工关系,同步查询+事件订阅,组织ID/员工ID/有效期,P014-02-{业务主键},指数退避3次；超限转死信/人工,缓存降级；变更事件补偿,请求ID、响应码、耗时、摘要、重试和最终结果
P014,纪律、责任与申诉,员工端,I03,流程任务中心,实例、任务、状态、待办,内部事务+消息,实例号/任务号/状态,P014-03-{业务主键},指数退避3次；超限转死信/人工,幂等重试；死信队列,请求ID、响应码、耗时、摘要、重试和最终结果
P014,纪律、责任与申诉,员工端,I04,消息通知中心,站内信、短信、邮件、企业微信,异步消息,模板变量/接收人/业务链接,P014-04-{业务主键},指数退避3次；超限转死信/人工,重试3次；失败告警,请求ID、响应码、耗时、摘要、重试和最终结果
P014,纪律、责任与申诉,员工端,I05,文件与电子证据,附件、哈希、水印、短时下载,对象存储+签名URL,文件ID/哈希/敏感级别,P014-05-{业务主键},指数退避3次；超限转死信/人工,病毒隔离；链接过期,请求ID、响应码、耗时、摘要、重试和最终结果
P014,纪律、责任与申诉,员工端,I06,审计日志平台,操作、前后值、接口请求ID,异步不可篡改日志,操作者/身份/时间/设备/IP,P014-06-{业务主键},指数退避3次；超限转死信/人工,关键审计失败阻断,请求ID、响应码、耗时、摘要、重试和最终结果
P014,纪律、责任与申诉,员工端,I07,人力资源与考勤,员工、编制、合同、假勤、排班、绩效,API+事件,员工ID/岗位/时间/分数,P014-07-{业务主键},指数退避3次；超限转死信/人工,对账补偿；差异工单,请求ID、响应码、耗时、摘要、重试和最终结果
P014,纪律、责任与申诉,员工端,I08,CRM与客户主数据,客户、联系人、线索、商机、归属,API+事件,客户ID/商机号/负责人,P014-08-{业务主键},指数退避3次；超限转死信/人工,查重合并；归属冲突工单,请求ID、响应码、耗时、摘要、重试和最终结果
P015,成长积分与荣誉积分,员工端,I01,统一身份与MFA,认证、任职身份、二次认证,同步调用,用户ID/身份ID/认证级别,P015-01-{业务主键},指数退避3次；超限转死信/人工,超时拒绝高风险操作,请求ID、响应码、耗时、摘要、重试和最终结果
P015,成长积分与荣誉积分,员工端,I02,组织与员工主数据,中心、部门、岗位、员工关系,同步查询+事件订阅,组织ID/员工ID/有效期,P015-02-{业务主键},指数退避3次；超限转死信/人工,缓存降级；变更事件补偿,请求ID、响应码、耗时、摘要、重试和最终结果
P015,成长积分与荣誉积分,员工端,I03,流程任务中心,实例、任务、状态、待办,内部事务+消息,实例号/任务号/状态,P015-03-{业务主键},指数退避3次；超限转死信/人工,幂等重试；死信队列,请求ID、响应码、耗时、摘要、重试和最终结果
P015,成长积分与荣誉积分,员工端,I04,消息通知中心,站内信、短信、邮件、企业微信,异步消息,模板变量/接收人/业务链接,P015-04-{业务主键},指数退避3次；超限转死信/人工,重试3次；失败告警,请求ID、响应码、耗时、摘要、重试和最终结果
P015,成长积分与荣誉积分,员工端,I05,文件与电子证据,附件、哈希、水印、短时下载,对象存储+签名URL,文件ID/哈希/敏感级别,P015-05-{业务主键},指数退避3次；超限转死信/人工,病毒隔离；链接过期,请求ID、响应码、耗时、摘要、重试和最终结果
P015,成长积分与荣誉积分,员工端,I06,审计日志平台,操作、前后值、接口请求ID,异步不可篡改日志,操作者/身份/时间/设备/IP,P015-06-{业务主键},指数退避3次；超限转死信/人工,关键审计失败阻断,请求ID、响应码、耗时、摘要、重试和最终结果
P015,成长积分与荣誉积分,员工端,I07,人力资源与考勤,员工、编制、合同、假勤、排班、绩效,API+事件,员工ID/岗位/时间/分数,P015-07-{业务主键},指数退避3次；超限转死信/人工,对账补偿；差异工单,请求ID、响应码、耗时、摘要、重试和最终结果
P016,员工福利与关怀,员工端,I01,统一身份与MFA,认证、任职身份、二次认证,同步调用,用户ID/身份ID/认证级别,P016-01-{业务主键},指数退避3次；超限转死信/人工,超时拒绝高风险操作,请求ID、响应码、耗时、摘要、重试和最终结果
P016,员工福利与关怀,员工端,I02,组织与员工主数据,中心、部门、岗位、员工关系,同步查询+事件订阅,组织ID/员工ID/有效期,P016-02-{业务主键},指数退避3次；超限转死信/人工,缓存降级；变更事件补偿,请求ID、响应码、耗时、摘要、重试和最终结果
P016,员工福利与关怀,员工端,I03,流程任务中心,实例、任务、状态、待办,内部事务+消息,实例号/任务号/状态,P016-03-{业务主键},指数退避3次；超限转死信/人工,幂等重试；死信队列,请求ID、响应码、耗时、摘要、重试和最终结果
P016,员工福利与关怀,员工端,I04,消息通知中心,站内信、短信、邮件、企业微信,异步消息,模板变量/接收人/业务链接,P016-04-{业务主键},指数退避3次；超限转死信/人工,重试3次；失败告警,请求ID、响应码、耗时、摘要、重试和最终结果
P016,员工福利与关怀,员工端,I05,文件与电子证据,附件、哈希、水印、短时下载,对象存储+签名URL,文件ID/哈希/敏感级别,P016-05-{业务主键},指数退避3次；超限转死信/人工,病毒隔离；链接过期,请求ID、响应码、耗时、摘要、重试和最终结果
P016,员工福利与关怀,员工端,I06,审计日志平台,操作、前后值、接口请求ID,异步不可篡改日志,操作者/身份/时间/设备/IP,P016-06-{业务主键},指数退避3次；超限转死信/人工,关键审计失败阻断,请求ID、响应码、耗时、摘要、重试和最终结果
P016,员工福利与关怀,员工端,I07,人力资源与考勤,员工、编制、合同、假勤、排班、绩效,API+事件,员工ID/岗位/时间/分数,P016-07-{业务主键},指数退避3次；超限转死信/人工,对账补偿；差异工单,请求ID、响应码、耗时、摘要、重试和最终结果
P016,员工福利与关怀,员工端,I08,财务预算与支付,预算占用、票据、付款、凭证、对账,API+批次,预算项/金额/凭证号,P016-08-{业务主键},指数退避3次；超限转死信/人工,冲销补偿；T+1对账,请求ID、响应码、耗时、摘要、重试和最终结果
P017,电子签署,员工端,I01,统一身份与MFA,认证、任职身份、二次认证,同步调用,用户ID/身份ID/认证级别,P017-01-{业务主键},指数退避3次；超限转死信/人工,超时拒绝高风险操作,请求ID、响应码、耗时、摘要、重试和最终结果
P017,电子签署,员工端,I02,组织与员工主数据,中心、部门、岗位、员工关系,同步查询+事件订阅,组织ID/员工ID/有效期,P017-02-{业务主键},指数退避3次；超限转死信/人工,缓存降级；变更事件补偿,请求ID、响应码、耗时、摘要、重试和最终结果
P017,电子签署,员工端,I03,流程任务中心,实例、任务、状态、待办,内部事务+消息,实例号/任务号/状态,P017-03-{业务主键},指数退避3次；超限转死信/人工,幂等重试；死信队列,请求ID、响应码、耗时、摘要、重试和最终结果
P017,电子签署,员工端,I04,消息通知中心,站内信、短信、邮件、企业微信,异步消息,模板变量/接收人/业务链接,P017-04-{业务主键},指数退避3次；超限转死信/人工,重试3次；失败告警,请求ID、响应码、耗时、摘要、重试和最终结果
P017,电子签署,员工端,I05,文件与电子证据,附件、哈希、水印、短时下载,对象存储+签名URL,文件ID/哈希/敏感级别,P017-05-{业务主键},指数退避3次；超限转死信/人工,病毒隔离；链接过期,请求ID、响应码、耗时、摘要、重试和最终结果
P017,电子签署,员工端,I06,审计日志平台,操作、前后值、接口请求ID,异步不可篡改日志,操作者/身份/时间/设备/IP,P017-06-{业务主键},指数退避3次；超限转死信/人工,关键审计失败阻断,请求ID、响应码、耗时、摘要、重试和最终结果
P018,数据导入,员工端,I01,统一身份与MFA,认证、任职身份、二次认证,同步调用,用户ID/身份ID/认证级别,P018-01-{业务主键},指数退避3次；超限转死信/人工,超时拒绝高风险操作,请求ID、响应码、耗时、摘要、重试和最终结果
P018,数据导入,员工端,I02,组织与员工主数据,中心、部门、岗位、员工关系,同步查询+事件订阅,组织ID/员工ID/有效期,P018-02-{业务主键},指数退避3次；超限转死信/人工,缓存降级；变更事件补偿,请求ID、响应码、耗时、摘要、重试和最终结果
P018,数据导入,员工端,I03,流程任务中心,实例、任务、状态、待办,内部事务+消息,实例号/任务号/状态,P018-03-{业务主键},指数退避3次；超限转死信/人工,幂等重试；死信队列,请求ID、响应码、耗时、摘要、重试和最终结果
P018,数据导入,员工端,I04,消息通知中心,站内信、短信、邮件、企业微信,异步消息,模板变量/接收人/业务链接,P018-04-{业务主键},指数退避3次；超限转死信/人工,重试3次；失败告警,请求ID、响应码、耗时、摘要、重试和最终结果
P018,数据导入,员工端,I05,文件与电子证据,附件、哈希、水印、短时下载,对象存储+签名URL,文件ID/哈希/敏感级别,P018-05-{业务主键},指数退避3次；超限转死信/人工,病毒隔离；链接过期,请求ID、响应码、耗时、摘要、重试和最终结果
P018,数据导入,员工端,I06,审计日志平台,操作、前后值、接口请求ID,异步不可篡改日志,操作者/身份/时间/设备/IP,P018-06-{业务主键},指数退避3次；超限转死信/人工,关键审计失败阻断,请求ID、响应码、耗时、摘要、重试和最终结果
P019,敏感导出与文件下载,员工端,I01,统一身份与MFA,认证、任职身份、二次认证,同步调用,用户ID/身份ID/认证级别,P019-01-{业务主键},指数退避3次；超限转死信/人工,超时拒绝高风险操作,请求ID、响应码、耗时、摘要、重试和最终结果
P019,敏感导出与文件下载,员工端,I02,组织与员工主数据,中心、部门、岗位、员工关系,同步查询+事件订阅,组织ID/员工ID/有效期,P019-02-{业务主键},指数退避3次；超限转死信/人工,缓存降级；变更事件补偿,请求ID、响应码、耗时、摘要、重试和最终结果
P019,敏感导出与文件下载,员工端,I03,流程任务中心,实例、任务、状态、待办,内部事务+消息,实例号/任务号/状态,P019-03-{业务主键},指数退避3次；超限转死信/人工,幂等重试；死信队列,请求ID、响应码、耗时、摘要、重试和最终结果
P019,敏感导出与文件下载,员工端,I04,消息通知中心,站内信、短信、邮件、企业微信,异步消息,模板变量/接收人/业务链接,P019-04-{业务主键},指数退避3次；超限转死信/人工,重试3次；失败告警,请求ID、响应码、耗时、摘要、重试和最终结果
P019,敏感导出与文件下载,员工端,I05,文件与电子证据,附件、哈希、水印、短时下载,对象存储+签名URL,文件ID/哈希/敏感级别,P019-05-{业务主键},指数退避3次；超限转死信/人工,病毒隔离；链接过期,请求ID、响应码、耗时、摘要、重试和最终结果
P019,敏感导出与文件下载,员工端,I06,审计日志平台,操作、前后值、接口请求ID,异步不可篡改日志,操作者/身份/时间/设备/IP,P019-06-{业务主键},指数退避3次；超限转死信/人工,关键审计失败阻断,请求ID、响应码、耗时、摘要、重试和最终结果
P020,数据质量与修复,员工端,I01,统一身份与MFA,认证、任职身份、二次认证,同步调用,用户ID/身份ID/认证级别,P020-01-{业务主键},指数退避3次；超限转死信/人工,超时拒绝高风险操作,请求ID、响应码、耗时、摘要、重试和最终结果
P020,数据质量与修复,员工端,I02,组织与员工主数据,中心、部门、岗位、员工关系,同步查询+事件订阅,组织ID/员工ID/有效期,P020-02-{业务主键},指数退避3次；超限转死信/人工,缓存降级；变更事件补偿,请求ID、响应码、耗时、摘要、重试和最终结果
P020,数据质量与修复,员工端,I03,流程任务中心,实例、任务、状态、待办,内部事务+消息,实例号/任务号/状态,P020-03-{业务主键},指数退避3次；超限转死信/人工,幂等重试；死信队列,请求ID、响应码、耗时、摘要、重试和最终结果
P020,数据质量与修复,员工端,I04,消息通知中心,站内信、短信、邮件、企业微信,异步消息,模板变量/接收人/业务链接,P020-04-{业务主键},指数退避3次；超限转死信/人工,重试3次；失败告警,请求ID、响应码、耗时、摘要、重试和最终结果
P020,数据质量与修复,员工端,I05,文件与电子证据,附件、哈希、水印、短时下载,对象存储+签名URL,文件ID/哈希/敏感级别,P020-05-{业务主键},指数退避3次；超限转死信/人工,病毒隔离；链接过期,请求ID、响应码、耗时、摘要、重试和最终结果
P020,数据质量与修复,员工端,I06,审计日志平台,操作、前后值、接口请求ID,异步不可篡改日志,操作者/身份/时间/设备/IP,P020-06-{业务主键},指数退避3次；超限转死信/人工,关键审计失败阻断,请求ID、响应码、耗时、摘要、重试和最终结果
P021,经营会议闭环,员工端,I01,统一身份与MFA,认证、任职身份、二次认证,同步调用,用户ID/身份ID/认证级别,P021-01-{业务主键},指数退避3次；超限转死信/人工,超时拒绝高风险操作,请求ID、响应码、耗时、摘要、重试和最终结果
P021,经营会议闭环,员工端,I02,组织与员工主数据,中心、部门、岗位、员工关系,同步查询+事件订阅,组织ID/员工ID/有效期,P021-02-{业务主键},指数退避3次；超限转死信/人工,缓存降级；变更事件补偿,请求ID、响应码、耗时、摘要、重试和最终结果
P021,经营会议闭环,员工端,I03,流程任务中心,实例、任务、状态、待办,内部事务+消息,实例号/任务号/状态,P021-03-{业务主键},指数退避3次；超限转死信/人工,幂等重试；死信队列,请求ID、响应码、耗时、摘要、重试和最终结果
P021,经营会议闭环,员工端,I04,消息通知中心,站内信、短信、邮件、企业微信,异步消息,模板变量/接收人/业务链接,P021-04-{业务主键},指数退避3次；超限转死信/人工,重试3次；失败告警,请求ID、响应码、耗时、摘要、重试和最终结果
P021,经营会议闭环,员工端,I05,文件与电子证据,附件、哈希、水印、短时下载,对象存储+签名URL,文件ID/哈希/敏感级别,P021-05-{业务主键},指数退避3次；超限转死信/人工,病毒隔离；链接过期,请求ID、响应码、耗时、摘要、重试和最终结果
P021,经营会议闭环,员工端,I06,审计日志平台,操作、前后值、接口请求ID,异步不可篡改日志,操作者/身份/时间/设备/IP,P021-06-{业务主键},指数退避3次；超限转死信/人工,关键审计失败阻断,请求ID、响应码、耗时、摘要、重试和最终结果
P022,总裁指令闭环,员工端,I01,统一身份与MFA,认证、任职身份、二次认证,同步调用,用户ID/身份ID/认证级别,P022-01-{业务主键},指数退避3次；超限转死信/人工,超时拒绝高风险操作,请求ID、响应码、耗时、摘要、重试和最终结果
P022,总裁指令闭环,员工端,I02,组织与员工主数据,中心、部门、岗位、员工关系,同步查询+事件订阅,组织ID/员工ID/有效期,P022-02-{业务主键},指数退避3次；超限转死信/人工,缓存降级；变更事件补偿,请求ID、响应码、耗时、摘要、重试和最终结果
P022,总裁指令闭环,员工端,I03,流程任务中心,实例、任务、状态、待办,内部事务+消息,实例号/任务号/状态,P022-03-{业务主键},指数退避3次；超限转死信/人工,幂等重试；死信队列,请求ID、响应码、耗时、摘要、重试和最终结果
P022,总裁指令闭环,员工端,I04,消息通知中心,站内信、短信、邮件、企业微信,异步消息,模板变量/接收人/业务链接,P022-04-{业务主键},指数退避3次；超限转死信/人工,重试3次；失败告警,请求ID、响应码、耗时、摘要、重试和最终结果
P022,总裁指令闭环,员工端,I05,文件与电子证据,附件、哈希、水印、短时下载,对象存储+签名URL,文件ID/哈希/敏感级别,P022-05-{业务主键},指数退避3次；超限转死信/人工,病毒隔离；链接过期,请求ID、响应码、耗时、摘要、重试和最终结果
P022,总裁指令闭环,员工端,I06,审计日志平台,操作、前后值、接口请求ID,异步不可篡改日志,操作者/身份/时间/设备/IP,P022-06-{业务主键},指数退避3次；超限转死信/人工,关键审计失败阻断,请求ID、响应码、耗时、摘要、重试和最终结果
P023,重大事项升级,员工端,I01,统一身份与MFA,认证、任职身份、二次认证,同步调用,用户ID/身份ID/认证级别,P023-01-{业务主键},指数退避3次；超限转死信/人工,超时拒绝高风险操作,请求ID、响应码、耗时、摘要、重试和最终结果
P023,重大事项升级,员工端,I02,组织与员工主数据,中心、部门、岗位、员工关系,同步查询+事件订阅,组织ID/员工ID/有效期,P023-02-{业务主键},指数退避3次；超限转死信/人工,缓存降级；变更事件补偿,请求ID、响应码、耗时、摘要、重试和最终结果
P023,重大事项升级,员工端,I03,流程任务中心,实例、任务、状态、待办,内部事务+消息,实例号/任务号/状态,P023-03-{业务主键},指数退避3次；超限转死信/人工,幂等重试；死信队列,请求ID、响应码、耗时、摘要、重试和最终结果
P023,重大事项升级,员工端,I04,消息通知中心,站内信、短信、邮件、企业微信,异步消息,模板变量/接收人/业务链接,P023-04-{业务主键},指数退避3次；超限转死信/人工,重试3次；失败告警,请求ID、响应码、耗时、摘要、重试和最终结果
P023,重大事项升级,员工端,I05,文件与电子证据,附件、哈希、水印、短时下载,对象存储+签名URL,文件ID/哈希/敏感级别,P023-05-{业务主键},指数退避3次；超限转死信/人工,病毒隔离；链接过期,请求ID、响应码、耗时、摘要、重试和最终结果
P023,重大事项升级,员工端,I06,审计日志平台,操作、前后值、接口请求ID,异步不可篡改日志,操作者/身份/时间/设备/IP,P023-06-{业务主键},指数退避3次；超限转死信/人工,关键审计失败阻断,请求ID、响应码、耗时、摘要、重试和最终结果
P024,预算闭环,员工端,I01,统一身份与MFA,认证、任职身份、二次认证,同步调用,用户ID/身份ID/认证级别,P024-01-{业务主键},指数退避3次；超限转死信/人工,超时拒绝高风险操作,请求ID、响应码、耗时、摘要、重试和最终结果
P024,预算闭环,员工端,I02,组织与员工主数据,中心、部门、岗位、员工关系,同步查询+事件订阅,组织ID/员工ID/有效期,P024-02-{业务主键},指数退避3次；超限转死信/人工,缓存降级；变更事件补偿,请求ID、响应码、耗时、摘要、重试和最终结果
P024,预算闭环,员工端,I03,流程任务中心,实例、任务、状态、待办,内部事务+消息,实例号/任务号/状态,P024-03-{业务主键},指数退避3次；超限转死信/人工,幂等重试；死信队列,请求ID、响应码、耗时、摘要、重试和最终结果
P024,预算闭环,员工端,I04,消息通知中心,站内信、短信、邮件、企业微信,异步消息,模板变量/接收人/业务链接,P024-04-{业务主键},指数退避3次；超限转死信/人工,重试3次；失败告警,请求ID、响应码、耗时、摘要、重试和最终结果
P024,预算闭环,员工端,I05,文件与电子证据,附件、哈希、水印、短时下载,对象存储+签名URL,文件ID/哈希/敏感级别,P024-05-{业务主键},指数退避3次；超限转死信/人工,病毒隔离；链接过期,请求ID、响应码、耗时、摘要、重试和最终结果
P024,预算闭环,员工端,I06,审计日志平台,操作、前后值、接口请求ID,异步不可篡改日志,操作者/身份/时间/设备/IP,P024-06-{业务主键},指数退避3次；超限转死信/人工,关键审计失败阻断,请求ID、响应码、耗时、摘要、重试和最终结果
P024,预算闭环,员工端,I07,财务预算与支付,预算占用、票据、付款、凭证、对账,API+批次,预算项/金额/凭证号,P024-07-{业务主键},指数退避3次；超限转死信/人工,冲销补偿；T+1对账,请求ID、响应码、耗时、摘要、重试和最终结果
P025,报销闭环,员工端,I01,统一身份与MFA,认证、任职身份、二次认证,同步调用,用户ID/身份ID/认证级别,P025-01-{业务主键},指数退避3次；超限转死信/人工,超时拒绝高风险操作,请求ID、响应码、耗时、摘要、重试和最终结果
P025,报销闭环,员工端,I02,组织与员工主数据,中心、部门、岗位、员工关系,同步查询+事件订阅,组织ID/员工ID/有效期,P025-02-{业务主键},指数退避3次；超限转死信/人工,缓存降级；变更事件补偿,请求ID、响应码、耗时、摘要、重试和最终结果
P025,报销闭环,员工端,I03,流程任务中心,实例、任务、状态、待办,内部事务+消息,实例号/任务号/状态,P025-03-{业务主键},指数退避3次；超限转死信/人工,幂等重试；死信队列,请求ID、响应码、耗时、摘要、重试和最终结果
P025,报销闭环,员工端,I04,消息通知中心,站内信、短信、邮件、企业微信,异步消息,模板变量/接收人/业务链接,P025-04-{业务主键},指数退避3次；超限转死信/人工,重试3次；失败告警,请求ID、响应码、耗时、摘要、重试和最终结果
P025,报销闭环,员工端,I05,文件与电子证据,附件、哈希、水印、短时下载,对象存储+签名URL,文件ID/哈希/敏感级别,P025-05-{业务主键},指数退避3次；超限转死信/人工,病毒隔离；链接过期,请求ID、响应码、耗时、摘要、重试和最终结果
P025,报销闭环,员工端,I06,审计日志平台,操作、前后值、接口请求ID,异步不可篡改日志,操作者/身份/时间/设备/IP,P025-06-{业务主键},指数退避3次；超限转死信/人工,关键审计失败阻断,请求ID、响应码、耗时、摘要、重试和最终结果
P025,报销闭环,员工端,I07,财务预算与支付,预算占用、票据、付款、凭证、对账,API+批次,预算项/金额/凭证号,P025-07-{业务主键},指数退避3次；超限转死信/人工,冲销补偿；T+1对账,请求ID、响应码、耗时、摘要、重试和最终结果
P026,借款核销,员工端,I01,统一身份与MFA,认证、任职身份、二次认证,同步调用,用户ID/身份ID/认证级别,P026-01-{业务主键},指数退避3次；超限转死信/人工,超时拒绝高风险操作,请求ID、响应码、耗时、摘要、重试和最终结果
P026,借款核销,员工端,I02,组织与员工主数据,中心、部门、岗位、员工关系,同步查询+事件订阅,组织ID/员工ID/有效期,P026-02-{业务主键},指数退避3次；超限转死信/人工,缓存降级；变更事件补偿,请求ID、响应码、耗时、摘要、重试和最终结果
P026,借款核销,员工端,I03,流程任务中心,实例、任务、状态、待办,内部事务+消息,实例号/任务号/状态,P026-03-{业务主键},指数退避3次；超限转死信/人工,幂等重试；死信队列,请求ID、响应码、耗时、摘要、重试和最终结果
P026,借款核销,员工端,I04,消息通知中心,站内信、短信、邮件、企业微信,异步消息,模板变量/接收人/业务链接,P026-04-{业务主键},指数退避3次；超限转死信/人工,重试3次；失败告警,请求ID、响应码、耗时、摘要、重试和最终结果
P026,借款核销,员工端,I05,文件与电子证据,附件、哈希、水印、短时下载,对象存储+签名URL,文件ID/哈希/敏感级别,P026-05-{业务主键},指数退避3次；超限转死信/人工,病毒隔离；链接过期,请求ID、响应码、耗时、摘要、重试和最终结果
P026,借款核销,员工端,I06,审计日志平台,操作、前后值、接口请求ID,异步不可篡改日志,操作者/身份/时间/设备/IP,P026-06-{业务主键},指数退避3次；超限转死信/人工,关键审计失败阻断,请求ID、响应码、耗时、摘要、重试和最终结果
P026,借款核销,员工端,I07,财务预算与支付,预算占用、票据、付款、凭证、对账,API+批次,预算项/金额/凭证号,P026-07-{业务主键},指数退避3次；超限转死信/人工,冲销补偿；T+1对账,请求ID、响应码、耗时、摘要、重试和最终结果
P026,借款核销,员工端,I08,订单票务与支付,订单、支付、出票、核销、退款,API+消息,订单号/票码/金额/状态,P026-08-{业务主键},指数退避3次；超限转死信/人工,幂等回调；差异队列,请求ID、响应码、耗时、摘要、重试和最终结果
P027,跨系统对账,员工端,I01,统一身份与MFA,认证、任职身份、二次认证,同步调用,用户ID/身份ID/认证级别,P027-01-{业务主键},指数退避3次；超限转死信/人工,超时拒绝高风险操作,请求ID、响应码、耗时、摘要、重试和最终结果
P027,跨系统对账,员工端,I02,组织与员工主数据,中心、部门、岗位、员工关系,同步查询+事件订阅,组织ID/员工ID/有效期,P027-02-{业务主键},指数退避3次；超限转死信/人工,缓存降级；变更事件补偿,请求ID、响应码、耗时、摘要、重试和最终结果
P027,跨系统对账,员工端,I03,流程任务中心,实例、任务、状态、待办,内部事务+消息,实例号/任务号/状态,P027-03-{业务主键},指数退避3次；超限转死信/人工,幂等重试；死信队列,请求ID、响应码、耗时、摘要、重试和最终结果
P027,跨系统对账,员工端,I04,消息通知中心,站内信、短信、邮件、企业微信,异步消息,模板变量/接收人/业务链接,P027-04-{业务主键},指数退避3次；超限转死信/人工,重试3次；失败告警,请求ID、响应码、耗时、摘要、重试和最终结果
P027,跨系统对账,员工端,I05,文件与电子证据,附件、哈希、水印、短时下载,对象存储+签名URL,文件ID/哈希/敏感级别,P027-05-{业务主键},指数退避3次；超限转死信/人工,病毒隔离；链接过期,请求ID、响应码、耗时、摘要、重试和最终结果
P027,跨系统对账,员工端,I06,审计日志平台,操作、前后值、接口请求ID,异步不可篡改日志,操作者/身份/时间/设备/IP,P027-06-{业务主键},指数退避3次；超限转死信/人工,关键审计失败阻断,请求ID、响应码、耗时、摘要、重试和最终结果
P027,跨系统对账,员工端,I07,财务预算与支付,预算占用、票据、付款、凭证、对账,API+批次,预算项/金额/凭证号,P027-07-{业务主键},指数退避3次；超限转死信/人工,冲销补偿；T+1对账,请求ID、响应码、耗时、摘要、重试和最终结果
P028,录用入职闭环,员工端,I01,统一身份与MFA,认证、任职身份、二次认证,同步调用,用户ID/身份ID/认证级别,P028-01-{业务主键},指数退避3次；超限转死信/人工,超时拒绝高风险操作,请求ID、响应码、耗时、摘要、重试和最终结果
P028,录用入职闭环,员工端,I02,组织与员工主数据,中心、部门、岗位、员工关系,同步查询+事件订阅,组织ID/员工ID/有效期,P028-02-{业务主键},指数退避3次；超限转死信/人工,缓存降级；变更事件补偿,请求ID、响应码、耗时、摘要、重试和最终结果
P028,录用入职闭环,员工端,I03,流程任务中心,实例、任务、状态、待办,内部事务+消息,实例号/任务号/状态,P028-03-{业务主键},指数退避3次；超限转死信/人工,幂等重试；死信队列,请求ID、响应码、耗时、摘要、重试和最终结果
P028,录用入职闭环,员工端,I04,消息通知中心,站内信、短信、邮件、企业微信,异步消息,模板变量/接收人/业务链接,P028-04-{业务主键},指数退避3次；超限转死信/人工,重试3次；失败告警,请求ID、响应码、耗时、摘要、重试和最终结果
P028,录用入职闭环,员工端,I05,文件与电子证据,附件、哈希、水印、短时下载,对象存储+签名URL,文件ID/哈希/敏感级别,P028-05-{业务主键},指数退避3次；超限转死信/人工,病毒隔离；链接过期,请求ID、响应码、耗时、摘要、重试和最终结果
P028,录用入职闭环,员工端,I06,审计日志平台,操作、前后值、接口请求ID,异步不可篡改日志,操作者/身份/时间/设备/IP,P028-06-{业务主键},指数退避3次；超限转死信/人工,关键审计失败阻断,请求ID、响应码、耗时、摘要、重试和最终结果
P028,录用入职闭环,员工端,I07,人力资源与考勤,员工、编制、合同、假勤、排班、绩效,API+事件,员工ID/岗位/时间/分数,P028-07-{业务主键},指数退避3次；超限转死信/人工,对账补偿；差异工单,请求ID、响应码、耗时、摘要、重试和最终结果
P028,录用入职闭环,员工端,I08,财务预算与支付,预算占用、票据、付款、凭证、对账,API+批次,预算项/金额/凭证号,P028-08-{业务主键},指数退避3次；超限转死信/人工,冲销补偿；T+1对账,请求ID、响应码、耗时、摘要、重试和最终结果
P029,调岗闭环,员工端,I01,统一身份与MFA,认证、任职身份、二次认证,同步调用,用户ID/身份ID/认证级别,P029-01-{业务主键},指数退避3次；超限转死信/人工,超时拒绝高风险操作,请求ID、响应码、耗时、摘要、重试和最终结果
P029,调岗闭环,员工端,I02,组织与员工主数据,中心、部门、岗位、员工关系,同步查询+事件订阅,组织ID/员工ID/有效期,P029-02-{业务主键},指数退避3次；超限转死信/人工,缓存降级；变更事件补偿,请求ID、响应码、耗时、摘要、重试和最终结果
P029,调岗闭环,员工端,I03,流程任务中心,实例、任务、状态、待办,内部事务+消息,实例号/任务号/状态,P029-03-{业务主键},指数退避3次；超限转死信/人工,幂等重试；死信队列,请求ID、响应码、耗时、摘要、重试和最终结果
P029,调岗闭环,员工端,I04,消息通知中心,站内信、短信、邮件、企业微信,异步消息,模板变量/接收人/业务链接,P029-04-{业务主键},指数退避3次；超限转死信/人工,重试3次；失败告警,请求ID、响应码、耗时、摘要、重试和最终结果
P029,调岗闭环,员工端,I05,文件与电子证据,附件、哈希、水印、短时下载,对象存储+签名URL,文件ID/哈希/敏感级别,P029-05-{业务主键},指数退避3次；超限转死信/人工,病毒隔离；链接过期,请求ID、响应码、耗时、摘要、重试和最终结果
P029,调岗闭环,员工端,I06,审计日志平台,操作、前后值、接口请求ID,异步不可篡改日志,操作者/身份/时间/设备/IP,P029-06-{业务主键},指数退避3次；超限转死信/人工,关键审计失败阻断,请求ID、响应码、耗时、摘要、重试和最终结果
P029,调岗闭环,员工端,I07,人力资源与考勤,员工、编制、合同、假勤、排班、绩效,API+事件,员工ID/岗位/时间/分数,P029-07-{业务主键},指数退避3次；超限转死信/人工,对账补偿；差异工单,请求ID、响应码、耗时、摘要、重试和最终结果
P030,离职闭环,员工端,I01,统一身份与MFA,认证、任职身份、二次认证,同步调用,用户ID/身份ID/认证级别,P030-01-{业务主键},指数退避3次；超限转死信/人工,超时拒绝高风险操作,请求ID、响应码、耗时、摘要、重试和最终结果
P030,离职闭环,员工端,I02,组织与员工主数据,中心、部门、岗位、员工关系,同步查询+事件订阅,组织ID/员工ID/有效期,P030-02-{业务主键},指数退避3次；超限转死信/人工,缓存降级；变更事件补偿,请求ID、响应码、耗时、摘要、重试和最终结果
P030,离职闭环,员工端,I03,流程任务中心,实例、任务、状态、待办,内部事务+消息,实例号/任务号/状态,P030-03-{业务主键},指数退避3次；超限转死信/人工,幂等重试；死信队列,请求ID、响应码、耗时、摘要、重试和最终结果
P030,离职闭环,员工端,I04,消息通知中心,站内信、短信、邮件、企业微信,异步消息,模板变量/接收人/业务链接,P030-04-{业务主键},指数退避3次；超限转死信/人工,重试3次；失败告警,请求ID、响应码、耗时、摘要、重试和最终结果
P030,离职闭环,员工端,I05,文件与电子证据,附件、哈希、水印、短时下载,对象存储+签名URL,文件ID/哈希/敏感级别,P030-05-{业务主键},指数退避3次；超限转死信/人工,病毒隔离；链接过期,请求ID、响应码、耗时、摘要、重试和最终结果
P030,离职闭环,员工端,I06,审计日志平台,操作、前后值、接口请求ID,异步不可篡改日志,操作者/身份/时间/设备/IP,P030-06-{业务主键},指数退避3次；超限转死信/人工,关键审计失败阻断,请求ID、响应码、耗时、摘要、重试和最终结果
P030,离职闭环,员工端,I07,人力资源与考勤,员工、编制、合同、假勤、排班、绩效,API+事件,员工ID/岗位/时间/分数,P030-07-{业务主键},指数退避3次；超限转死信/人工,对账补偿；差异工单,请求ID、响应码、耗时、摘要、重试和最终结果
P030,离职闭环,员工端,I08,财务预算与支付,预算占用、票据、付款、凭证、对账,API+批次,预算项/金额/凭证号,P030-08-{业务主键},指数退避3次；超限转死信/人工,冲销补偿；T+1对账,请求ID、响应码、耗时、摘要、重试和最终结果
P030,离职闭环,员工端,I09,资产仓储系统,物料、批次、序列号、库存与资产状态,API+事件,物料/资产ID/数量/库位,P030-09-{业务主键},指数退避3次；超限转死信/人工,库存锁补偿；负库存阻断,请求ID、响应码、耗时、摘要、重试和最终结果
P031,归档接收,员工端,I01,统一身份与MFA,认证、任职身份、二次认证,同步调用,用户ID/身份ID/认证级别,P031-01-{业务主键},指数退避3次；超限转死信/人工,超时拒绝高风险操作,请求ID、响应码、耗时、摘要、重试和最终结果
P031,归档接收,员工端,I02,组织与员工主数据,中心、部门、岗位、员工关系,同步查询+事件订阅,组织ID/员工ID/有效期,P031-02-{业务主键},指数退避3次；超限转死信/人工,缓存降级；变更事件补偿,请求ID、响应码、耗时、摘要、重试和最终结果
P031,归档接收,员工端,I03,流程任务中心,实例、任务、状态、待办,内部事务+消息,实例号/任务号/状态,P031-03-{业务主键},指数退避3次；超限转死信/人工,幂等重试；死信队列,请求ID、响应码、耗时、摘要、重试和最终结果
P031,归档接收,员工端,I04,消息通知中心,站内信、短信、邮件、企业微信,异步消息,模板变量/接收人/业务链接,P031-04-{业务主键},指数退避3次；超限转死信/人工,重试3次；失败告警,请求ID、响应码、耗时、摘要、重试和最终结果
P031,归档接收,员工端,I05,文件与电子证据,附件、哈希、水印、短时下载,对象存储+签名URL,文件ID/哈希/敏感级别,P031-05-{业务主键},指数退避3次；超限转死信/人工,病毒隔离；链接过期,请求ID、响应码、耗时、摘要、重试和最终结果
P031,归档接收,员工端,I06,审计日志平台,操作、前后值、接口请求ID,异步不可篡改日志,操作者/身份/时间/设备/IP,P031-06-{业务主键},指数退避3次；超限转死信/人工,关键审计失败阻断,请求ID、响应码、耗时、摘要、重试和最终结果
P031,归档接收,员工端,I07,资产仓储系统,物料、批次、序列号、库存与资产状态,API+事件,物料/资产ID/数量/库位,P031-07-{业务主键},指数退避3次；超限转死信/人工,库存锁补偿；负库存阻断,请求ID、响应码、耗时、摘要、重试和最终结果
P032,借阅归还,员工端,I01,统一身份与MFA,认证、任职身份、二次认证,同步调用,用户ID/身份ID/认证级别,P032-01-{业务主键},指数退避3次；超限转死信/人工,超时拒绝高风险操作,请求ID、响应码、耗时、摘要、重试和最终结果
P032,借阅归还,员工端,I02,组织与员工主数据,中心、部门、岗位、员工关系,同步查询+事件订阅,组织ID/员工ID/有效期,P032-02-{业务主键},指数退避3次；超限转死信/人工,缓存降级；变更事件补偿,请求ID、响应码、耗时、摘要、重试和最终结果
P032,借阅归还,员工端,I03,流程任务中心,实例、任务、状态、待办,内部事务+消息,实例号/任务号/状态,P032-03-{业务主键},指数退避3次；超限转死信/人工,幂等重试；死信队列,请求ID、响应码、耗时、摘要、重试和最终结果
P032,借阅归还,员工端,I04,消息通知中心,站内信、短信、邮件、企业微信,异步消息,模板变量/接收人/业务链接,P032-04-{业务主键},指数退避3次；超限转死信/人工,重试3次；失败告警,请求ID、响应码、耗时、摘要、重试和最终结果
P032,借阅归还,员工端,I05,文件与电子证据,附件、哈希、水印、短时下载,对象存储+签名URL,文件ID/哈希/敏感级别,P032-05-{业务主键},指数退避3次；超限转死信/人工,病毒隔离；链接过期,请求ID、响应码、耗时、摘要、重试和最终结果
P032,借阅归还,员工端,I06,审计日志平台,操作、前后值、接口请求ID,异步不可篡改日志,操作者/身份/时间/设备/IP,P032-06-{业务主键},指数退避3次；超限转死信/人工,关键审计失败阻断,请求ID、响应码、耗时、摘要、重试和最终结果
P032,借阅归还,员工端,I07,资产仓储系统,物料、批次、序列号、库存与资产状态,API+事件,物料/资产ID/数量/库位,P032-07-{业务主键},指数退避3次；超限转死信/人工,库存锁补偿；负库存阻断,请求ID、响应码、耗时、摘要、重试和最终结果
P033,销毁鉴定,员工端,I01,统一身份与MFA,认证、任职身份、二次认证,同步调用,用户ID/身份ID/认证级别,P033-01-{业务主键},指数退避3次；超限转死信/人工,超时拒绝高风险操作,请求ID、响应码、耗时、摘要、重试和最终结果
P033,销毁鉴定,员工端,I02,组织与员工主数据,中心、部门、岗位、员工关系,同步查询+事件订阅,组织ID/员工ID/有效期,P033-02-{业务主键},指数退避3次；超限转死信/人工,缓存降级；变更事件补偿,请求ID、响应码、耗时、摘要、重试和最终结果
P033,销毁鉴定,员工端,I03,流程任务中心,实例、任务、状态、待办,内部事务+消息,实例号/任务号/状态,P033-03-{业务主键},指数退避3次；超限转死信/人工,幂等重试；死信队列,请求ID、响应码、耗时、摘要、重试和最终结果
P033,销毁鉴定,员工端,I04,消息通知中心,站内信、短信、邮件、企业微信,异步消息,模板变量/接收人/业务链接,P033-04-{业务主键},指数退避3次；超限转死信/人工,重试3次；失败告警,请求ID、响应码、耗时、摘要、重试和最终结果
P033,销毁鉴定,员工端,I05,文件与电子证据,附件、哈希、水印、短时下载,对象存储+签名URL,文件ID/哈希/敏感级别,P033-05-{业务主键},指数退避3次；超限转死信/人工,病毒隔离；链接过期,请求ID、响应码、耗时、摘要、重试和最终结果
P033,销毁鉴定,员工端,I06,审计日志平台,操作、前后值、接口请求ID,异步不可篡改日志,操作者/身份/时间/设备/IP,P033-06-{业务主键},指数退避3次；超限转死信/人工,关键审计失败阻断,请求ID、响应码、耗时、摘要、重试和最终结果
P034,标准采购,员工端,I01,统一身份与MFA,认证、任职身份、二次认证,同步调用,用户ID/身份ID/认证级别,P034-01-{业务主键},指数退避3次；超限转死信/人工,超时拒绝高风险操作,请求ID、响应码、耗时、摘要、重试和最终结果
P034,标准采购,员工端,I02,组织与员工主数据,中心、部门、岗位、员工关系,同步查询+事件订阅,组织ID/员工ID/有效期,P034-02-{业务主键},指数退避3次；超限转死信/人工,缓存降级；变更事件补偿,请求ID、响应码、耗时、摘要、重试和最终结果
P034,标准采购,员工端,I03,流程任务中心,实例、任务、状态、待办,内部事务+消息,实例号/任务号/状态,P034-03-{业务主键},指数退避3次；超限转死信/人工,幂等重试；死信队列,请求ID、响应码、耗时、摘要、重试和最终结果
P034,标准采购,员工端,I04,消息通知中心,站内信、短信、邮件、企业微信,异步消息,模板变量/接收人/业务链接,P034-04-{业务主键},指数退避3次；超限转死信/人工,重试3次；失败告警,请求ID、响应码、耗时、摘要、重试和最终结果
P034,标准采购,员工端,I05,文件与电子证据,附件、哈希、水印、短时下载,对象存储+签名URL,文件ID/哈希/敏感级别,P034-05-{业务主键},指数退避3次；超限转死信/人工,病毒隔离；链接过期,请求ID、响应码、耗时、摘要、重试和最终结果
P034,标准采购,员工端,I06,审计日志平台,操作、前后值、接口请求ID,异步不可篡改日志,操作者/身份/时间/设备/IP,P034-06-{业务主键},指数退避3次；超限转死信/人工,关键审计失败阻断,请求ID、响应码、耗时、摘要、重试和最终结果
P034,标准采购,员工端,I07,财务预算与支付,预算占用、票据、付款、凭证、对账,API+批次,预算项/金额/凭证号,P034-07-{业务主键},指数退避3次；超限转死信/人工,冲销补偿；T+1对账,请求ID、响应码、耗时、摘要、重试和最终结果
P034,标准采购,员工端,I08,订单票务与支付,订单、支付、出票、核销、退款,API+消息,订单号/票码/金额/状态,P034-08-{业务主键},指数退避3次；超限转死信/人工,幂等回调；差异队列,请求ID、响应码、耗时、摘要、重试和最终结果
P034,标准采购,员工端,I09,资产仓储系统,物料、批次、序列号、库存与资产状态,API+事件,物料/资产ID/数量/库位,P034-09-{业务主键},指数退避3次；超限转死信/人工,库存锁补偿；负库存阻断,请求ID、响应码、耗时、摘要、重试和最终结果
P035,紧急采购,员工端,I01,统一身份与MFA,认证、任职身份、二次认证,同步调用,用户ID/身份ID/认证级别,P035-01-{业务主键},指数退避3次；超限转死信/人工,超时拒绝高风险操作,请求ID、响应码、耗时、摘要、重试和最终结果
P035,紧急采购,员工端,I02,组织与员工主数据,中心、部门、岗位、员工关系,同步查询+事件订阅,组织ID/员工ID/有效期,P035-02-{业务主键},指数退避3次；超限转死信/人工,缓存降级；变更事件补偿,请求ID、响应码、耗时、摘要、重试和最终结果
P035,紧急采购,员工端,I03,流程任务中心,实例、任务、状态、待办,内部事务+消息,实例号/任务号/状态,P035-03-{业务主键},指数退避3次；超限转死信/人工,幂等重试；死信队列,请求ID、响应码、耗时、摘要、重试和最终结果
P035,紧急采购,员工端,I04,消息通知中心,站内信、短信、邮件、企业微信,异步消息,模板变量/接收人/业务链接,P035-04-{业务主键},指数退避3次；超限转死信/人工,重试3次；失败告警,请求ID、响应码、耗时、摘要、重试和最终结果
P035,紧急采购,员工端,I05,文件与电子证据,附件、哈希、水印、短时下载,对象存储+签名URL,文件ID/哈希/敏感级别,P035-05-{业务主键},指数退避3次；超限转死信/人工,病毒隔离；链接过期,请求ID、响应码、耗时、摘要、重试和最终结果
P035,紧急采购,员工端,I06,审计日志平台,操作、前后值、接口请求ID,异步不可篡改日志,操作者/身份/时间/设备/IP,P035-06-{业务主键},指数退避3次；超限转死信/人工,关键审计失败阻断,请求ID、响应码、耗时、摘要、重试和最终结果
P035,紧急采购,员工端,I07,财务预算与支付,预算占用、票据、付款、凭证、对账,API+批次,预算项/金额/凭证号,P035-07-{业务主键},指数退避3次；超限转死信/人工,冲销补偿；T+1对账,请求ID、响应码、耗时、摘要、重试和最终结果
P036,退换货,员工端,I01,统一身份与MFA,认证、任职身份、二次认证,同步调用,用户ID/身份ID/认证级别,P036-01-{业务主键},指数退避3次；超限转死信/人工,超时拒绝高风险操作,请求ID、响应码、耗时、摘要、重试和最终结果
P036,退换货,员工端,I02,组织与员工主数据,中心、部门、岗位、员工关系,同步查询+事件订阅,组织ID/员工ID/有效期,P036-02-{业务主键},指数退避3次；超限转死信/人工,缓存降级；变更事件补偿,请求ID、响应码、耗时、摘要、重试和最终结果
P036,退换货,员工端,I03,流程任务中心,实例、任务、状态、待办,内部事务+消息,实例号/任务号/状态,P036-03-{业务主键},指数退避3次；超限转死信/人工,幂等重试；死信队列,请求ID、响应码、耗时、摘要、重试和最终结果
P036,退换货,员工端,I04,消息通知中心,站内信、短信、邮件、企业微信,异步消息,模板变量/接收人/业务链接,P036-04-{业务主键},指数退避3次；超限转死信/人工,重试3次；失败告警,请求ID、响应码、耗时、摘要、重试和最终结果
P036,退换货,员工端,I05,文件与电子证据,附件、哈希、水印、短时下载,对象存储+签名URL,文件ID/哈希/敏感级别,P036-05-{业务主键},指数退避3次；超限转死信/人工,病毒隔离；链接过期,请求ID、响应码、耗时、摘要、重试和最终结果
P036,退换货,员工端,I06,审计日志平台,操作、前后值、接口请求ID,异步不可篡改日志,操作者/身份/时间/设备/IP,P036-06-{业务主键},指数退避3次；超限转死信/人工,关键审计失败阻断,请求ID、响应码、耗时、摘要、重试和最终结果
P036,退换货,员工端,I07,财务预算与支付,预算占用、票据、付款、凭证、对账,API+批次,预算项/金额/凭证号,P036-07-{业务主键},指数退避3次；超限转死信/人工,冲销补偿；T+1对账,请求ID、响应码、耗时、摘要、重试和最终结果
P036,退换货,员工端,I08,资产仓储系统,物料、批次、序列号、库存与资产状态,API+事件,物料/资产ID/数量/库位,P036-08-{业务主键},指数退避3次；超限转死信/人工,库存锁补偿；负库存阻断,请求ID、响应码、耗时、摘要、重试和最终结果
P037,售检票闭环,员工端,I01,统一身份与MFA,认证、任职身份、二次认证,同步调用,用户ID/身份ID/认证级别,P037-01-{业务主键},指数退避3次；超限转死信/人工,超时拒绝高风险操作,请求ID、响应码、耗时、摘要、重试和最终结果
P037,售检票闭环,员工端,I02,组织与员工主数据,中心、部门、岗位、员工关系,同步查询+事件订阅,组织ID/员工ID/有效期,P037-02-{业务主键},指数退避3次；超限转死信/人工,缓存降级；变更事件补偿,请求ID、响应码、耗时、摘要、重试和最终结果
P037,售检票闭环,员工端,I03,流程任务中心,实例、任务、状态、待办,内部事务+消息,实例号/任务号/状态,P037-03-{业务主键},指数退避3次；超限转死信/人工,幂等重试；死信队列,请求ID、响应码、耗时、摘要、重试和最终结果
P037,售检票闭环,员工端,I04,消息通知中心,站内信、短信、邮件、企业微信,异步消息,模板变量/接收人/业务链接,P037-04-{业务主键},指数退避3次；超限转死信/人工,重试3次；失败告警,请求ID、响应码、耗时、摘要、重试和最终结果
P037,售检票闭环,员工端,I05,文件与电子证据,附件、哈希、水印、短时下载,对象存储+签名URL,文件ID/哈希/敏感级别,P037-05-{业务主键},指数退避3次；超限转死信/人工,病毒隔离；链接过期,请求ID、响应码、耗时、摘要、重试和最终结果
P037,售检票闭环,员工端,I06,审计日志平台,操作、前后值、接口请求ID,异步不可篡改日志,操作者/身份/时间/设备/IP,P037-06-{业务主键},指数退避3次；超限转死信/人工,关键审计失败阻断,请求ID、响应码、耗时、摘要、重试和最终结果
P037,售检票闭环,员工端,I07,财务预算与支付,预算占用、票据、付款、凭证、对账,API+批次,预算项/金额/凭证号,P037-07-{业务主键},指数退避3次；超限转死信/人工,冲销补偿；T+1对账,请求ID、响应码、耗时、摘要、重试和最终结果
P037,售检票闭环,员工端,I08,订单票务与支付,订单、支付、出票、核销、退款,API+消息,订单号/票码/金额/状态,P037-08-{业务主键},指数退避3次；超限转死信/人工,幂等回调；差异队列,请求ID、响应码、耗时、摘要、重试和最终结果
P038,退款改签,员工端,I01,统一身份与MFA,认证、任职身份、二次认证,同步调用,用户ID/身份ID/认证级别,P038-01-{业务主键},指数退避3次；超限转死信/人工,超时拒绝高风险操作,请求ID、响应码、耗时、摘要、重试和最终结果
P038,退款改签,员工端,I02,组织与员工主数据,中心、部门、岗位、员工关系,同步查询+事件订阅,组织ID/员工ID/有效期,P038-02-{业务主键},指数退避3次；超限转死信/人工,缓存降级；变更事件补偿,请求ID、响应码、耗时、摘要、重试和最终结果
P038,退款改签,员工端,I03,流程任务中心,实例、任务、状态、待办,内部事务+消息,实例号/任务号/状态,P038-03-{业务主键},指数退避3次；超限转死信/人工,幂等重试；死信队列,请求ID、响应码、耗时、摘要、重试和最终结果
P038,退款改签,员工端,I04,消息通知中心,站内信、短信、邮件、企业微信,异步消息,模板变量/接收人/业务链接,P038-04-{业务主键},指数退避3次；超限转死信/人工,重试3次；失败告警,请求ID、响应码、耗时、摘要、重试和最终结果
P038,退款改签,员工端,I05,文件与电子证据,附件、哈希、水印、短时下载,对象存储+签名URL,文件ID/哈希/敏感级别,P038-05-{业务主键},指数退避3次；超限转死信/人工,病毒隔离；链接过期,请求ID、响应码、耗时、摘要、重试和最终结果
P038,退款改签,员工端,I06,审计日志平台,操作、前后值、接口请求ID,异步不可篡改日志,操作者/身份/时间/设备/IP,P038-06-{业务主键},指数退避3次；超限转死信/人工,关键审计失败阻断,请求ID、响应码、耗时、摘要、重试和最终结果
P038,退款改签,员工端,I07,财务预算与支付,预算占用、票据、付款、凭证、对账,API+批次,预算项/金额/凭证号,P038-07-{业务主键},指数退避3次；超限转死信/人工,冲销补偿；T+1对账,请求ID、响应码、耗时、摘要、重试和最终结果
P038,退款改签,员工端,I08,订单票务与支付,订单、支付、出票、核销、退款,API+消息,订单号/票码/金额/状态,P038-08-{业务主键},指数退避3次；超限转死信/人工,幂等回调；差异队列,请求ID、响应码、耗时、摘要、重试和最终结果
P039,离线检票,员工端,I01,统一身份与MFA,认证、任职身份、二次认证,同步调用,用户ID/身份ID/认证级别,P039-01-{业务主键},指数退避3次；超限转死信/人工,超时拒绝高风险操作,请求ID、响应码、耗时、摘要、重试和最终结果
P039,离线检票,员工端,I02,组织与员工主数据,中心、部门、岗位、员工关系,同步查询+事件订阅,组织ID/员工ID/有效期,P039-02-{业务主键},指数退避3次；超限转死信/人工,缓存降级；变更事件补偿,请求ID、响应码、耗时、摘要、重试和最终结果
P039,离线检票,员工端,I03,流程任务中心,实例、任务、状态、待办,内部事务+消息,实例号/任务号/状态,P039-03-{业务主键},指数退避3次；超限转死信/人工,幂等重试；死信队列,请求ID、响应码、耗时、摘要、重试和最终结果
P039,离线检票,员工端,I04,消息通知中心,站内信、短信、邮件、企业微信,异步消息,模板变量/接收人/业务链接,P039-04-{业务主键},指数退避3次；超限转死信/人工,重试3次；失败告警,请求ID、响应码、耗时、摘要、重试和最终结果
P039,离线检票,员工端,I05,文件与电子证据,附件、哈希、水印、短时下载,对象存储+签名URL,文件ID/哈希/敏感级别,P039-05-{业务主键},指数退避3次；超限转死信/人工,病毒隔离；链接过期,请求ID、响应码、耗时、摘要、重试和最终结果
P039,离线检票,员工端,I06,审计日志平台,操作、前后值、接口请求ID,异步不可篡改日志,操作者/身份/时间/设备/IP,P039-06-{业务主键},指数退避3次；超限转死信/人工,关键审计失败阻断,请求ID、响应码、耗时、摘要、重试和最终结果
P039,离线检票,员工端,I07,订单票务与支付,订单、支付、出票、核销、退款,API+消息,订单号/票码/金额/状态,P039-07-{业务主键},指数退避3次；超限转死信/人工,幂等回调；差异队列,请求ID、响应码、耗时、摘要、重试和最终结果
P039,离线检票,员工端,I08,CMDB/研发/CI-CD,配置项、代码、构建、测试、发布、监控,API+Webhook,工作项/构建号/版本/环境,P039-08-{业务主键},指数退避3次；超限转死信/人工,回退流水；发布门禁,请求ID、响应码、耗时、摘要、重试和最终结果
P040,商机推进,员工端,I01,统一身份与MFA,认证、任职身份、二次认证,同步调用,用户ID/身份ID/认证级别,P040-01-{业务主键},指数退避3次；超限转死信/人工,超时拒绝高风险操作,请求ID、响应码、耗时、摘要、重试和最终结果
P040,商机推进,员工端,I02,组织与员工主数据,中心、部门、岗位、员工关系,同步查询+事件订阅,组织ID/员工ID/有效期,P040-02-{业务主键},指数退避3次；超限转死信/人工,缓存降级；变更事件补偿,请求ID、响应码、耗时、摘要、重试和最终结果
P040,商机推进,员工端,I03,流程任务中心,实例、任务、状态、待办,内部事务+消息,实例号/任务号/状态,P040-03-{业务主键},指数退避3次；超限转死信/人工,幂等重试；死信队列,请求ID、响应码、耗时、摘要、重试和最终结果
P040,商机推进,员工端,I04,消息通知中心,站内信、短信、邮件、企业微信,异步消息,模板变量/接收人/业务链接,P040-04-{业务主键},指数退避3次；超限转死信/人工,重试3次；失败告警,请求ID、响应码、耗时、摘要、重试和最终结果
P040,商机推进,员工端,I05,文件与电子证据,附件、哈希、水印、短时下载,对象存储+签名URL,文件ID/哈希/敏感级别,P040-05-{业务主键},指数退避3次；超限转死信/人工,病毒隔离；链接过期,请求ID、响应码、耗时、摘要、重试和最终结果
P040,商机推进,员工端,I06,审计日志平台,操作、前后值、接口请求ID,异步不可篡改日志,操作者/身份/时间/设备/IP,P040-06-{业务主键},指数退避3次；超限转死信/人工,关键审计失败阻断,请求ID、响应码、耗时、摘要、重试和最终结果
P040,商机推进,员工端,I07,财务预算与支付,预算占用、票据、付款、凭证、对账,API+批次,预算项/金额/凭证号,P040-07-{业务主键},指数退避3次；超限转死信/人工,冲销补偿；T+1对账,请求ID、响应码、耗时、摘要、重试和最终结果
P040,商机推进,员工端,I08,CRM与客户主数据,客户、联系人、线索、商机、归属,API+事件,客户ID/商机号/负责人,P040-08-{业务主键},指数退避3次；超限转死信/人工,查重合并；归属冲突工单,请求ID、响应码、耗时、摘要、重试和最终结果
P041,市场活动,员工端,I01,统一身份与MFA,认证、任职身份、二次认证,同步调用,用户ID/身份ID/认证级别,P041-01-{业务主键},指数退避3次；超限转死信/人工,超时拒绝高风险操作,请求ID、响应码、耗时、摘要、重试和最终结果
P041,市场活动,员工端,I02,组织与员工主数据,中心、部门、岗位、员工关系,同步查询+事件订阅,组织ID/员工ID/有效期,P041-02-{业务主键},指数退避3次；超限转死信/人工,缓存降级；变更事件补偿,请求ID、响应码、耗时、摘要、重试和最终结果
P041,市场活动,员工端,I03,流程任务中心,实例、任务、状态、待办,内部事务+消息,实例号/任务号/状态,P041-03-{业务主键},指数退避3次；超限转死信/人工,幂等重试；死信队列,请求ID、响应码、耗时、摘要、重试和最终结果
P041,市场活动,员工端,I04,消息通知中心,站内信、短信、邮件、企业微信,异步消息,模板变量/接收人/业务链接,P041-04-{业务主键},指数退避3次；超限转死信/人工,重试3次；失败告警,请求ID、响应码、耗时、摘要、重试和最终结果
P041,市场活动,员工端,I05,文件与电子证据,附件、哈希、水印、短时下载,对象存储+签名URL,文件ID/哈希/敏感级别,P041-05-{业务主键},指数退避3次；超限转死信/人工,病毒隔离；链接过期,请求ID、响应码、耗时、摘要、重试和最终结果
P041,市场活动,员工端,I06,审计日志平台,操作、前后值、接口请求ID,异步不可篡改日志,操作者/身份/时间/设备/IP,P041-06-{业务主键},指数退避3次；超限转死信/人工,关键审计失败阻断,请求ID、响应码、耗时、摘要、重试和最终结果
P041,市场活动,员工端,I07,财务预算与支付,预算占用、票据、付款、凭证、对账,API+批次,预算项/金额/凭证号,P041-07-{业务主键},指数退避3次；超限转死信/人工,冲销补偿；T+1对账,请求ID、响应码、耗时、摘要、重试和最终结果
P041,市场活动,员工端,I08,CRM与客户主数据,客户、联系人、线索、商机、归属,API+事件,客户ID/商机号/负责人,P041-08-{业务主键},指数退避3次；超限转死信/人工,查重合并；归属冲突工单,请求ID、响应码、耗时、摘要、重试和最终结果
P041,市场活动,员工端,I09,内容资产与渠道平台,素材、版本、版权、发布与数据回流,API+平台回调,内容ID/渠道ID/发布状态/指标,P041-09-{业务主键},指数退避3次；超限转死信/人工,回调验签；平台差异对账,请求ID、响应码、耗时、摘要、重试和最终结果
P042,渠道准入,员工端,I01,统一身份与MFA,认证、任职身份、二次认证,同步调用,用户ID/身份ID/认证级别,P042-01-{业务主键},指数退避3次；超限转死信/人工,超时拒绝高风险操作,请求ID、响应码、耗时、摘要、重试和最终结果
P042,渠道准入,员工端,I02,组织与员工主数据,中心、部门、岗位、员工关系,同步查询+事件订阅,组织ID/员工ID/有效期,P042-02-{业务主键},指数退避3次；超限转死信/人工,缓存降级；变更事件补偿,请求ID、响应码、耗时、摘要、重试和最终结果
P042,渠道准入,员工端,I03,流程任务中心,实例、任务、状态、待办,内部事务+消息,实例号/任务号/状态,P042-03-{业务主键},指数退避3次；超限转死信/人工,幂等重试；死信队列,请求ID、响应码、耗时、摘要、重试和最终结果
P042,渠道准入,员工端,I04,消息通知中心,站内信、短信、邮件、企业微信,异步消息,模板变量/接收人/业务链接,P042-04-{业务主键},指数退避3次；超限转死信/人工,重试3次；失败告警,请求ID、响应码、耗时、摘要、重试和最终结果
P042,渠道准入,员工端,I05,文件与电子证据,附件、哈希、水印、短时下载,对象存储+签名URL,文件ID/哈希/敏感级别,P042-05-{业务主键},指数退避3次；超限转死信/人工,病毒隔离；链接过期,请求ID、响应码、耗时、摘要、重试和最终结果
P042,渠道准入,员工端,I06,审计日志平台,操作、前后值、接口请求ID,异步不可篡改日志,操作者/身份/时间/设备/IP,P042-06-{业务主键},指数退避3次；超限转死信/人工,关键审计失败阻断,请求ID、响应码、耗时、摘要、重试和最终结果
P042,渠道准入,员工端,I07,CRM与客户主数据,客户、联系人、线索、商机、归属,API+事件,客户ID/商机号/负责人,P042-07-{业务主键},指数退避3次；超限转死信/人工,查重合并；归属冲突工单,请求ID、响应码、耗时、摘要、重试和最终结果
P043,课程产品上线,员工端,I01,统一身份与MFA,认证、任职身份、二次认证,同步调用,用户ID/身份ID/认证级别,P043-01-{业务主键},指数退避3次；超限转死信/人工,超时拒绝高风险操作,请求ID、响应码、耗时、摘要、重试和最终结果
P043,课程产品上线,员工端,I02,组织与员工主数据,中心、部门、岗位、员工关系,同步查询+事件订阅,组织ID/员工ID/有效期,P043-02-{业务主键},指数退避3次；超限转死信/人工,缓存降级；变更事件补偿,请求ID、响应码、耗时、摘要、重试和最终结果
P043,课程产品上线,员工端,I03,流程任务中心,实例、任务、状态、待办,内部事务+消息,实例号/任务号/状态,P043-03-{业务主键},指数退避3次；超限转死信/人工,幂等重试；死信队列,请求ID、响应码、耗时、摘要、重试和最终结果
P043,课程产品上线,员工端,I04,消息通知中心,站内信、短信、邮件、企业微信,异步消息,模板变量/接收人/业务链接,P043-04-{业务主键},指数退避3次；超限转死信/人工,重试3次；失败告警,请求ID、响应码、耗时、摘要、重试和最终结果
P043,课程产品上线,员工端,I05,文件与电子证据,附件、哈希、水印、短时下载,对象存储+签名URL,文件ID/哈希/敏感级别,P043-05-{业务主键},指数退避3次；超限转死信/人工,病毒隔离；链接过期,请求ID、响应码、耗时、摘要、重试和最终结果
P043,课程产品上线,员工端,I06,审计日志平台,操作、前后值、接口请求ID,异步不可篡改日志,操作者/身份/时间/设备/IP,P043-06-{业务主键},指数退避3次；超限转死信/人工,关键审计失败阻断,请求ID、响应码、耗时、摘要、重试和最终结果
P043,课程产品上线,员工端,I07,课程与排课系统,课程版本、讲师资格、场地与排课,API+事件,课程版本/讲师/时间/场地,P043-07-{业务主键},指数退避3次；超限转死信/人工,冲突校验；自动释放锁,请求ID、响应码、耗时、摘要、重试和最终结果
P043,课程产品上线,员工端,I08,内容资产与渠道平台,素材、版本、版权、发布与数据回流,API+平台回调,内容ID/渠道ID/发布状态/指标,P043-08-{业务主键},指数退避3次；超限转死信/人工,回调验签；平台差异对账,请求ID、响应码、耗时、摘要、重试和最终结果
P044,研学团队交付,员工端,I01,统一身份与MFA,认证、任职身份、二次认证,同步调用,用户ID/身份ID/认证级别,P044-01-{业务主键},指数退避3次；超限转死信/人工,超时拒绝高风险操作,请求ID、响应码、耗时、摘要、重试和最终结果
P044,研学团队交付,员工端,I02,组织与员工主数据,中心、部门、岗位、员工关系,同步查询+事件订阅,组织ID/员工ID/有效期,P044-02-{业务主键},指数退避3次；超限转死信/人工,缓存降级；变更事件补偿,请求ID、响应码、耗时、摘要、重试和最终结果
P044,研学团队交付,员工端,I03,流程任务中心,实例、任务、状态、待办,内部事务+消息,实例号/任务号/状态,P044-03-{业务主键},指数退避3次；超限转死信/人工,幂等重试；死信队列,请求ID、响应码、耗时、摘要、重试和最终结果
P044,研学团队交付,员工端,I04,消息通知中心,站内信、短信、邮件、企业微信,异步消息,模板变量/接收人/业务链接,P044-04-{业务主键},指数退避3次；超限转死信/人工,重试3次；失败告警,请求ID、响应码、耗时、摘要、重试和最终结果
P044,研学团队交付,员工端,I05,文件与电子证据,附件、哈希、水印、短时下载,对象存储+签名URL,文件ID/哈希/敏感级别,P044-05-{业务主键},指数退避3次；超限转死信/人工,病毒隔离；链接过期,请求ID、响应码、耗时、摘要、重试和最终结果
P044,研学团队交付,员工端,I06,审计日志平台,操作、前后值、接口请求ID,异步不可篡改日志,操作者/身份/时间/设备/IP,P044-06-{业务主键},指数退避3次；超限转死信/人工,关键审计失败阻断,请求ID、响应码、耗时、摘要、重试和最终结果
P044,研学团队交付,员工端,I07,财务预算与支付,预算占用、票据、付款、凭证、对账,API+批次,预算项/金额/凭证号,P044-07-{业务主键},指数退避3次；超限转死信/人工,冲销补偿；T+1对账,请求ID、响应码、耗时、摘要、重试和最终结果
P044,研学团队交付,员工端,I08,订单票务与支付,订单、支付、出票、核销、退款,API+消息,订单号/票码/金额/状态,P044-08-{业务主键},指数退避3次；超限转死信/人工,幂等回调；差异队列,请求ID、响应码、耗时、摘要、重试和最终结果
P044,研学团队交付,员工端,I09,课程与排课系统,课程版本、讲师资格、场地与排课,API+事件,课程版本/讲师/时间/场地,P044-09-{业务主键},指数退避3次；超限转死信/人工,冲突校验；自动释放锁,请求ID、响应码、耗时、摘要、重试和最终结果
P045,讲师排课,员工端,I01,统一身份与MFA,认证、任职身份、二次认证,同步调用,用户ID/身份ID/认证级别,P045-01-{业务主键},指数退避3次；超限转死信/人工,超时拒绝高风险操作,请求ID、响应码、耗时、摘要、重试和最终结果
P045,讲师排课,员工端,I02,组织与员工主数据,中心、部门、岗位、员工关系,同步查询+事件订阅,组织ID/员工ID/有效期,P045-02-{业务主键},指数退避3次；超限转死信/人工,缓存降级；变更事件补偿,请求ID、响应码、耗时、摘要、重试和最终结果
P045,讲师排课,员工端,I03,流程任务中心,实例、任务、状态、待办,内部事务+消息,实例号/任务号/状态,P045-03-{业务主键},指数退避3次；超限转死信/人工,幂等重试；死信队列,请求ID、响应码、耗时、摘要、重试和最终结果
P045,讲师排课,员工端,I04,消息通知中心,站内信、短信、邮件、企业微信,异步消息,模板变量/接收人/业务链接,P045-04-{业务主键},指数退避3次；超限转死信/人工,重试3次；失败告警,请求ID、响应码、耗时、摘要、重试和最终结果
P045,讲师排课,员工端,I05,文件与电子证据,附件、哈希、水印、短时下载,对象存储+签名URL,文件ID/哈希/敏感级别,P045-05-{业务主键},指数退避3次；超限转死信/人工,病毒隔离；链接过期,请求ID、响应码、耗时、摘要、重试和最终结果
P045,讲师排课,员工端,I06,审计日志平台,操作、前后值、接口请求ID,异步不可篡改日志,操作者/身份/时间/设备/IP,P045-06-{业务主键},指数退避3次；超限转死信/人工,关键审计失败阻断,请求ID、响应码、耗时、摘要、重试和最终结果
P045,讲师排课,员工端,I07,课程与排课系统,课程版本、讲师资格、场地与排课,API+事件,课程版本/讲师/时间/场地,P045-07-{业务主键},指数退避3次；超限转死信/人工,冲突校验；自动释放锁,请求ID、响应码、耗时、摘要、重试和最终结果
P046,通知执行,员工端,I01,统一身份与MFA,认证、任职身份、二次认证,同步调用,用户ID/身份ID/认证级别,P046-01-{业务主键},指数退避3次；超限转死信/人工,超时拒绝高风险操作,请求ID、响应码、耗时、摘要、重试和最终结果
P046,通知执行,员工端,I02,组织与员工主数据,中心、部门、岗位、员工关系,同步查询+事件订阅,组织ID/员工ID/有效期,P046-02-{业务主键},指数退避3次；超限转死信/人工,缓存降级；变更事件补偿,请求ID、响应码、耗时、摘要、重试和最终结果
P046,通知执行,员工端,I03,流程任务中心,实例、任务、状态、待办,内部事务+消息,实例号/任务号/状态,P046-03-{业务主键},指数退避3次；超限转死信/人工,幂等重试；死信队列,请求ID、响应码、耗时、摘要、重试和最终结果
P046,通知执行,员工端,I04,消息通知中心,站内信、短信、邮件、企业微信,异步消息,模板变量/接收人/业务链接,P046-04-{业务主键},指数退避3次；超限转死信/人工,重试3次；失败告警,请求ID、响应码、耗时、摘要、重试和最终结果
P046,通知执行,员工端,I05,文件与电子证据,附件、哈希、水印、短时下载,对象存储+签名URL,文件ID/哈希/敏感级别,P046-05-{业务主键},指数退避3次；超限转死信/人工,病毒隔离；链接过期,请求ID、响应码、耗时、摘要、重试和最终结果
P046,通知执行,员工端,I06,审计日志平台,操作、前后值、接口请求ID,异步不可篡改日志,操作者/身份/时间/设备/IP,P046-06-{业务主键},指数退避3次；超限转死信/人工,关键审计失败阻断,请求ID、响应码、耗时、摘要、重试和最终结果
P047,正式公文,员工端,I01,统一身份与MFA,认证、任职身份、二次认证,同步调用,用户ID/身份ID/认证级别,P047-01-{业务主键},指数退避3次；超限转死信/人工,超时拒绝高风险操作,请求ID、响应码、耗时、摘要、重试和最终结果
P047,正式公文,员工端,I02,组织与员工主数据,中心、部门、岗位、员工关系,同步查询+事件订阅,组织ID/员工ID/有效期,P047-02-{业务主键},指数退避3次；超限转死信/人工,缓存降级；变更事件补偿,请求ID、响应码、耗时、摘要、重试和最终结果
P047,正式公文,员工端,I03,流程任务中心,实例、任务、状态、待办,内部事务+消息,实例号/任务号/状态,P047-03-{业务主键},指数退避3次；超限转死信/人工,幂等重试；死信队列,请求ID、响应码、耗时、摘要、重试和最终结果
P047,正式公文,员工端,I04,消息通知中心,站内信、短信、邮件、企业微信,异步消息,模板变量/接收人/业务链接,P047-04-{业务主键},指数退避3次；超限转死信/人工,重试3次；失败告警,请求ID、响应码、耗时、摘要、重试和最终结果
P047,正式公文,员工端,I05,文件与电子证据,附件、哈希、水印、短时下载,对象存储+签名URL,文件ID/哈希/敏感级别,P047-05-{业务主键},指数退避3次；超限转死信/人工,病毒隔离；链接过期,请求ID、响应码、耗时、摘要、重试和最终结果
P047,正式公文,员工端,I06,审计日志平台,操作、前后值、接口请求ID,异步不可篡改日志,操作者/身份/时间/设备/IP,P047-06-{业务主键},指数退避3次；超限转死信/人工,关键审计失败阻断,请求ID、响应码、耗时、摘要、重试和最终结果
P048,会议行动,员工端,I01,统一身份与MFA,认证、任职身份、二次认证,同步调用,用户ID/身份ID/认证级别,P048-01-{业务主键},指数退避3次；超限转死信/人工,超时拒绝高风险操作,请求ID、响应码、耗时、摘要、重试和最终结果
P048,会议行动,员工端,I02,组织与员工主数据,中心、部门、岗位、员工关系,同步查询+事件订阅,组织ID/员工ID/有效期,P048-02-{业务主键},指数退避3次；超限转死信/人工,缓存降级；变更事件补偿,请求ID、响应码、耗时、摘要、重试和最终结果
P048,会议行动,员工端,I03,流程任务中心,实例、任务、状态、待办,内部事务+消息,实例号/任务号/状态,P048-03-{业务主键},指数退避3次；超限转死信/人工,幂等重试；死信队列,请求ID、响应码、耗时、摘要、重试和最终结果
P048,会议行动,员工端,I04,消息通知中心,站内信、短信、邮件、企业微信,异步消息,模板变量/接收人/业务链接,P048-04-{业务主键},指数退避3次；超限转死信/人工,重试3次；失败告警,请求ID、响应码、耗时、摘要、重试和最终结果
P048,会议行动,员工端,I05,文件与电子证据,附件、哈希、水印、短时下载,对象存储+签名URL,文件ID/哈希/敏感级别,P048-05-{业务主键},指数退避3次；超限转死信/人工,病毒隔离；链接过期,请求ID、响应码、耗时、摘要、重试和最终结果
P048,会议行动,员工端,I06,审计日志平台,操作、前后值、接口请求ID,异步不可篡改日志,操作者/身份/时间/设备/IP,P048-06-{业务主键},指数退避3次；超限转死信/人工,关键审计失败阻断,请求ID、响应码、耗时、摘要、重试和最终结果
P049,大型活动,员工端,I01,统一身份与MFA,认证、任职身份、二次认证,同步调用,用户ID/身份ID/认证级别,P049-01-{业务主键},指数退避3次；超限转死信/人工,超时拒绝高风险操作,请求ID、响应码、耗时、摘要、重试和最终结果
P049,大型活动,员工端,I02,组织与员工主数据,中心、部门、岗位、员工关系,同步查询+事件订阅,组织ID/员工ID/有效期,P049-02-{业务主键},指数退避3次；超限转死信/人工,缓存降级；变更事件补偿,请求ID、响应码、耗时、摘要、重试和最终结果
P049,大型活动,员工端,I03,流程任务中心,实例、任务、状态、待办,内部事务+消息,实例号/任务号/状态,P049-03-{业务主键},指数退避3次；超限转死信/人工,幂等重试；死信队列,请求ID、响应码、耗时、摘要、重试和最终结果
P049,大型活动,员工端,I04,消息通知中心,站内信、短信、邮件、企业微信,异步消息,模板变量/接收人/业务链接,P049-04-{业务主键},指数退避3次；超限转死信/人工,重试3次；失败告警,请求ID、响应码、耗时、摘要、重试和最终结果
P049,大型活动,员工端,I05,文件与电子证据,附件、哈希、水印、短时下载,对象存储+签名URL,文件ID/哈希/敏感级别,P049-05-{业务主键},指数退避3次；超限转死信/人工,病毒隔离；链接过期,请求ID、响应码、耗时、摘要、重试和最终结果
P049,大型活动,员工端,I06,审计日志平台,操作、前后值、接口请求ID,异步不可篡改日志,操作者/身份/时间/设备/IP,P049-06-{业务主键},指数退避3次；超限转死信/人工,关键审计失败阻断,请求ID、响应码、耗时、摘要、重试和最终结果
P050,入库,员工端,I01,统一身份与MFA,认证、任职身份、二次认证,同步调用,用户ID/身份ID/认证级别,P050-01-{业务主键},指数退避3次；超限转死信/人工,超时拒绝高风险操作,请求ID、响应码、耗时、摘要、重试和最终结果
P050,入库,员工端,I02,组织与员工主数据,中心、部门、岗位、员工关系,同步查询+事件订阅,组织ID/员工ID/有效期,P050-02-{业务主键},指数退避3次；超限转死信/人工,缓存降级；变更事件补偿,请求ID、响应码、耗时、摘要、重试和最终结果
P050,入库,员工端,I03,流程任务中心,实例、任务、状态、待办,内部事务+消息,实例号/任务号/状态,P050-03-{业务主键},指数退避3次；超限转死信/人工,幂等重试；死信队列,请求ID、响应码、耗时、摘要、重试和最终结果
P050,入库,员工端,I04,消息通知中心,站内信、短信、邮件、企业微信,异步消息,模板变量/接收人/业务链接,P050-04-{业务主键},指数退避3次；超限转死信/人工,重试3次；失败告警,请求ID、响应码、耗时、摘要、重试和最终结果
P050,入库,员工端,I05,文件与电子证据,附件、哈希、水印、短时下载,对象存储+签名URL,文件ID/哈希/敏感级别,P050-05-{业务主键},指数退避3次；超限转死信/人工,病毒隔离；链接过期,请求ID、响应码、耗时、摘要、重试和最终结果
P050,入库,员工端,I06,审计日志平台,操作、前后值、接口请求ID,异步不可篡改日志,操作者/身份/时间/设备/IP,P050-06-{业务主键},指数退避3次；超限转死信/人工,关键审计失败阻断,请求ID、响应码、耗时、摘要、重试和最终结果
P050,入库,员工端,I07,资产仓储系统,物料、批次、序列号、库存与资产状态,API+事件,物料/资产ID/数量/库位,P050-07-{业务主键},指数退避3次；超限转死信/人工,库存锁补偿；负库存阻断,请求ID、响应码、耗时、摘要、重试和最终结果
P051,领借调还,员工端,I01,统一身份与MFA,认证、任职身份、二次认证,同步调用,用户ID/身份ID/认证级别,P051-01-{业务主键},指数退避3次；超限转死信/人工,超时拒绝高风险操作,请求ID、响应码、耗时、摘要、重试和最终结果
P051,领借调还,员工端,I02,组织与员工主数据,中心、部门、岗位、员工关系,同步查询+事件订阅,组织ID/员工ID/有效期,P051-02-{业务主键},指数退避3次；超限转死信/人工,缓存降级；变更事件补偿,请求ID、响应码、耗时、摘要、重试和最终结果
P051,领借调还,员工端,I03,流程任务中心,实例、任务、状态、待办,内部事务+消息,实例号/任务号/状态,P051-03-{业务主键},指数退避3次；超限转死信/人工,幂等重试；死信队列,请求ID、响应码、耗时、摘要、重试和最终结果
P051,领借调还,员工端,I04,消息通知中心,站内信、短信、邮件、企业微信,异步消息,模板变量/接收人/业务链接,P051-04-{业务主键},指数退避3次；超限转死信/人工,重试3次；失败告警,请求ID、响应码、耗时、摘要、重试和最终结果
P051,领借调还,员工端,I05,文件与电子证据,附件、哈希、水印、短时下载,对象存储+签名URL,文件ID/哈希/敏感级别,P051-05-{业务主键},指数退避3次；超限转死信/人工,病毒隔离；链接过期,请求ID、响应码、耗时、摘要、重试和最终结果
P051,领借调还,员工端,I06,审计日志平台,操作、前后值、接口请求ID,异步不可篡改日志,操作者/身份/时间/设备/IP,P051-06-{业务主键},指数退避3次；超限转死信/人工,关键审计失败阻断,请求ID、响应码、耗时、摘要、重试和最终结果
P051,领借调还,员工端,I07,资产仓储系统,物料、批次、序列号、库存与资产状态,API+事件,物料/资产ID/数量/库位,P051-07-{业务主键},指数退避3次；超限转死信/人工,库存锁补偿；负库存阻断,请求ID、响应码、耗时、摘要、重试和最终结果
P052,盘点,员工端,I01,统一身份与MFA,认证、任职身份、二次认证,同步调用,用户ID/身份ID/认证级别,P052-01-{业务主键},指数退避3次；超限转死信/人工,超时拒绝高风险操作,请求ID、响应码、耗时、摘要、重试和最终结果
P052,盘点,员工端,I02,组织与员工主数据,中心、部门、岗位、员工关系,同步查询+事件订阅,组织ID/员工ID/有效期,P052-02-{业务主键},指数退避3次；超限转死信/人工,缓存降级；变更事件补偿,请求ID、响应码、耗时、摘要、重试和最终结果
P052,盘点,员工端,I03,流程任务中心,实例、任务、状态、待办,内部事务+消息,实例号/任务号/状态,P052-03-{业务主键},指数退避3次；超限转死信/人工,幂等重试；死信队列,请求ID、响应码、耗时、摘要、重试和最终结果
P052,盘点,员工端,I04,消息通知中心,站内信、短信、邮件、企业微信,异步消息,模板变量/接收人/业务链接,P052-04-{业务主键},指数退避3次；超限转死信/人工,重试3次；失败告警,请求ID、响应码、耗时、摘要、重试和最终结果
P052,盘点,员工端,I05,文件与电子证据,附件、哈希、水印、短时下载,对象存储+签名URL,文件ID/哈希/敏感级别,P052-05-{业务主键},指数退避3次；超限转死信/人工,病毒隔离；链接过期,请求ID、响应码、耗时、摘要、重试和最终结果
P052,盘点,员工端,I06,审计日志平台,操作、前后值、接口请求ID,异步不可篡改日志,操作者/身份/时间/设备/IP,P052-06-{业务主键},指数退避3次；超限转死信/人工,关键审计失败阻断,请求ID、响应码、耗时、摘要、重试和最终结果
P052,盘点,员工端,I07,资产仓储系统,物料、批次、序列号、库存与资产状态,API+事件,物料/资产ID/数量/库位,P052-07-{业务主键},指数退避3次；超限转死信/人工,库存锁补偿；负库存阻断,请求ID、响应码、耗时、摘要、重试和最终结果
P053,报废处置,员工端,I01,统一身份与MFA,认证、任职身份、二次认证,同步调用,用户ID/身份ID/认证级别,P053-01-{业务主键},指数退避3次；超限转死信/人工,超时拒绝高风险操作,请求ID、响应码、耗时、摘要、重试和最终结果
P053,报废处置,员工端,I02,组织与员工主数据,中心、部门、岗位、员工关系,同步查询+事件订阅,组织ID/员工ID/有效期,P053-02-{业务主键},指数退避3次；超限转死信/人工,缓存降级；变更事件补偿,请求ID、响应码、耗时、摘要、重试和最终结果
P053,报废处置,员工端,I03,流程任务中心,实例、任务、状态、待办,内部事务+消息,实例号/任务号/状态,P053-03-{业务主键},指数退避3次；超限转死信/人工,幂等重试；死信队列,请求ID、响应码、耗时、摘要、重试和最终结果
P053,报废处置,员工端,I04,消息通知中心,站内信、短信、邮件、企业微信,异步消息,模板变量/接收人/业务链接,P053-04-{业务主键},指数退避3次；超限转死信/人工,重试3次；失败告警,请求ID、响应码、耗时、摘要、重试和最终结果
P053,报废处置,员工端,I05,文件与电子证据,附件、哈希、水印、短时下载,对象存储+签名URL,文件ID/哈希/敏感级别,P053-05-{业务主键},指数退避3次；超限转死信/人工,病毒隔离；链接过期,请求ID、响应码、耗时、摘要、重试和最终结果
P053,报废处置,员工端,I06,审计日志平台,操作、前后值、接口请求ID,异步不可篡改日志,操作者/身份/时间/设备/IP,P053-06-{业务主键},指数退避3次；超限转死信/人工,关键审计失败阻断,请求ID、响应码、耗时、摘要、重试和最终结果
P053,报废处置,员工端,I07,资产仓储系统,物料、批次、序列号、库存与资产状态,API+事件,物料/资产ID/数量/库位,P053-07-{业务主键},指数退避3次；超限转死信/人工,库存锁补偿；负库存阻断,请求ID、响应码、耗时、摘要、重试和最终结果
P054,派车,员工端,I01,统一身份与MFA,认证、任职身份、二次认证,同步调用,用户ID/身份ID/认证级别,P054-01-{业务主键},指数退避3次；超限转死信/人工,超时拒绝高风险操作,请求ID、响应码、耗时、摘要、重试和最终结果
P054,派车,员工端,I02,组织与员工主数据,中心、部门、岗位、员工关系,同步查询+事件订阅,组织ID/员工ID/有效期,P054-02-{业务主键},指数退避3次；超限转死信/人工,缓存降级；变更事件补偿,请求ID、响应码、耗时、摘要、重试和最终结果
P054,派车,员工端,I03,流程任务中心,实例、任务、状态、待办,内部事务+消息,实例号/任务号/状态,P054-03-{业务主键},指数退避3次；超限转死信/人工,幂等重试；死信队列,请求ID、响应码、耗时、摘要、重试和最终结果
P054,派车,员工端,I04,消息通知中心,站内信、短信、邮件、企业微信,异步消息,模板变量/接收人/业务链接,P054-04-{业务主键},指数退避3次；超限转死信/人工,重试3次；失败告警,请求ID、响应码、耗时、摘要、重试和最终结果
P054,派车,员工端,I05,文件与电子证据,附件、哈希、水印、短时下载,对象存储+签名URL,文件ID/哈希/敏感级别,P054-05-{业务主键},指数退避3次；超限转死信/人工,病毒隔离；链接过期,请求ID、响应码、耗时、摘要、重试和最终结果
P054,派车,员工端,I06,审计日志平台,操作、前后值、接口请求ID,异步不可篡改日志,操作者/身份/时间/设备/IP,P054-06-{业务主键},指数退避3次；超限转死信/人工,关键审计失败阻断,请求ID、响应码、耗时、摘要、重试和最终结果
P055,车辆事故,员工端,I01,统一身份与MFA,认证、任职身份、二次认证,同步调用,用户ID/身份ID/认证级别,P055-01-{业务主键},指数退避3次；超限转死信/人工,超时拒绝高风险操作,请求ID、响应码、耗时、摘要、重试和最终结果
P055,车辆事故,员工端,I02,组织与员工主数据,中心、部门、岗位、员工关系,同步查询+事件订阅,组织ID/员工ID/有效期,P055-02-{业务主键},指数退避3次；超限转死信/人工,缓存降级；变更事件补偿,请求ID、响应码、耗时、摘要、重试和最终结果
P055,车辆事故,员工端,I03,流程任务中心,实例、任务、状态、待办,内部事务+消息,实例号/任务号/状态,P055-03-{业务主键},指数退避3次；超限转死信/人工,幂等重试；死信队列,请求ID、响应码、耗时、摘要、重试和最终结果
P055,车辆事故,员工端,I04,消息通知中心,站内信、短信、邮件、企业微信,异步消息,模板变量/接收人/业务链接,P055-04-{业务主键},指数退避3次；超限转死信/人工,重试3次；失败告警,请求ID、响应码、耗时、摘要、重试和最终结果
P055,车辆事故,员工端,I05,文件与电子证据,附件、哈希、水印、短时下载,对象存储+签名URL,文件ID/哈希/敏感级别,P055-05-{业务主键},指数退避3次；超限转死信/人工,病毒隔离；链接过期,请求ID、响应码、耗时、摘要、重试和最终结果
P055,车辆事故,员工端,I06,审计日志平台,操作、前后值、接口请求ID,异步不可篡改日志,操作者/身份/时间/设备/IP,P055-06-{业务主键},指数退避3次；超限转死信/人工,关键审计失败阻断,请求ID、响应码、耗时、摘要、重试和最终结果
P056,宿舍入住退宿,员工端,I01,统一身份与MFA,认证、任职身份、二次认证,同步调用,用户ID/身份ID/认证级别,P056-01-{业务主键},指数退避3次；超限转死信/人工,超时拒绝高风险操作,请求ID、响应码、耗时、摘要、重试和最终结果
P056,宿舍入住退宿,员工端,I02,组织与员工主数据,中心、部门、岗位、员工关系,同步查询+事件订阅,组织ID/员工ID/有效期,P056-02-{业务主键},指数退避3次；超限转死信/人工,缓存降级；变更事件补偿,请求ID、响应码、耗时、摘要、重试和最终结果
P056,宿舍入住退宿,员工端,I03,流程任务中心,实例、任务、状态、待办,内部事务+消息,实例号/任务号/状态,P056-03-{业务主键},指数退避3次；超限转死信/人工,幂等重试；死信队列,请求ID、响应码、耗时、摘要、重试和最终结果
P056,宿舍入住退宿,员工端,I04,消息通知中心,站内信、短信、邮件、企业微信,异步消息,模板变量/接收人/业务链接,P056-04-{业务主键},指数退避3次；超限转死信/人工,重试3次；失败告警,请求ID、响应码、耗时、摘要、重试和最终结果
P056,宿舍入住退宿,员工端,I05,文件与电子证据,附件、哈希、水印、短时下载,对象存储+签名URL,文件ID/哈希/敏感级别,P056-05-{业务主键},指数退避3次；超限转死信/人工,病毒隔离；链接过期,请求ID、响应码、耗时、摘要、重试和最终结果
P056,宿舍入住退宿,员工端,I06,审计日志平台,操作、前后值、接口请求ID,异步不可篡改日志,操作者/身份/时间/设备/IP,P056-06-{业务主键},指数退避3次；超限转死信/人工,关键审计失败阻断,请求ID、响应码、耗时、摘要、重试和最终结果
P056,宿舍入住退宿,员工端,I07,人力资源与考勤,员工、编制、合同、假勤、排班、绩效,API+事件,员工ID/岗位/时间/分数,P056-07-{业务主键},指数退避3次；超限转死信/人工,对账补偿；差异工单,请求ID、响应码、耗时、摘要、重试和最终结果
P057,报修,员工端,I01,统一身份与MFA,认证、任职身份、二次认证,同步调用,用户ID/身份ID/认证级别,P057-01-{业务主键},指数退避3次；超限转死信/人工,超时拒绝高风险操作,请求ID、响应码、耗时、摘要、重试和最终结果
P057,报修,员工端,I02,组织与员工主数据,中心、部门、岗位、员工关系,同步查询+事件订阅,组织ID/员工ID/有效期,P057-02-{业务主键},指数退避3次；超限转死信/人工,缓存降级；变更事件补偿,请求ID、响应码、耗时、摘要、重试和最终结果
P057,报修,员工端,I03,流程任务中心,实例、任务、状态、待办,内部事务+消息,实例号/任务号/状态,P057-03-{业务主键},指数退避3次；超限转死信/人工,幂等重试；死信队列,请求ID、响应码、耗时、摘要、重试和最终结果
P057,报修,员工端,I04,消息通知中心,站内信、短信、邮件、企业微信,异步消息,模板变量/接收人/业务链接,P057-04-{业务主键},指数退避3次；超限转死信/人工,重试3次；失败告警,请求ID、响应码、耗时、摘要、重试和最终结果
P057,报修,员工端,I05,文件与电子证据,附件、哈希、水印、短时下载,对象存储+签名URL,文件ID/哈希/敏感级别,P057-05-{业务主键},指数退避3次；超限转死信/人工,病毒隔离；链接过期,请求ID、响应码、耗时、摘要、重试和最终结果
P057,报修,员工端,I06,审计日志平台,操作、前后值、接口请求ID,异步不可篡改日志,操作者/身份/时间/设备/IP,P057-06-{业务主键},指数退避3次；超限转死信/人工,关键审计失败阻断,请求ID、响应码、耗时、摘要、重试和最终结果
P058,团餐交付,员工端,I01,统一身份与MFA,认证、任职身份、二次认证,同步调用,用户ID/身份ID/认证级别,P058-01-{业务主键},指数退避3次；超限转死信/人工,超时拒绝高风险操作,请求ID、响应码、耗时、摘要、重试和最终结果
P058,团餐交付,员工端,I02,组织与员工主数据,中心、部门、岗位、员工关系,同步查询+事件订阅,组织ID/员工ID/有效期,P058-02-{业务主键},指数退避3次；超限转死信/人工,缓存降级；变更事件补偿,请求ID、响应码、耗时、摘要、重试和最终结果
P058,团餐交付,员工端,I03,流程任务中心,实例、任务、状态、待办,内部事务+消息,实例号/任务号/状态,P058-03-{业务主键},指数退避3次；超限转死信/人工,幂等重试；死信队列,请求ID、响应码、耗时、摘要、重试和最终结果
P058,团餐交付,员工端,I04,消息通知中心,站内信、短信、邮件、企业微信,异步消息,模板变量/接收人/业务链接,P058-04-{业务主键},指数退避3次；超限转死信/人工,重试3次；失败告警,请求ID、响应码、耗时、摘要、重试和最终结果
P058,团餐交付,员工端,I05,文件与电子证据,附件、哈希、水印、短时下载,对象存储+签名URL,文件ID/哈希/敏感级别,P058-05-{业务主键},指数退避3次；超限转死信/人工,病毒隔离；链接过期,请求ID、响应码、耗时、摘要、重试和最终结果
P058,团餐交付,员工端,I06,审计日志平台,操作、前后值、接口请求ID,异步不可篡改日志,操作者/身份/时间/设备/IP,P058-06-{业务主键},指数退避3次；超限转死信/人工,关键审计失败阻断,请求ID、响应码、耗时、摘要、重试和最终结果
P058,团餐交付,员工端,I07,财务预算与支付,预算占用、票据、付款、凭证、对账,API+批次,预算项/金额/凭证号,P058-07-{业务主键},指数退避3次；超限转死信/人工,冲销补偿；T+1对账,请求ID、响应码、耗时、摘要、重试和最终结果
P058,团餐交付,员工端,I08,资产仓储系统,物料、批次、序列号、库存与资产状态,API+事件,物料/资产ID/数量/库位,P058-08-{业务主键},指数退避3次；超限转死信/人工,库存锁补偿；负库存阻断,请求ID、响应码、耗时、摘要、重试和最终结果
P059,食材验收,员工端,I01,统一身份与MFA,认证、任职身份、二次认证,同步调用,用户ID/身份ID/认证级别,P059-01-{业务主键},指数退避3次；超限转死信/人工,超时拒绝高风险操作,请求ID、响应码、耗时、摘要、重试和最终结果
P059,食材验收,员工端,I02,组织与员工主数据,中心、部门、岗位、员工关系,同步查询+事件订阅,组织ID/员工ID/有效期,P059-02-{业务主键},指数退避3次；超限转死信/人工,缓存降级；变更事件补偿,请求ID、响应码、耗时、摘要、重试和最终结果
P059,食材验收,员工端,I03,流程任务中心,实例、任务、状态、待办,内部事务+消息,实例号/任务号/状态,P059-03-{业务主键},指数退避3次；超限转死信/人工,幂等重试；死信队列,请求ID、响应码、耗时、摘要、重试和最终结果
P059,食材验收,员工端,I04,消息通知中心,站内信、短信、邮件、企业微信,异步消息,模板变量/接收人/业务链接,P059-04-{业务主键},指数退避3次；超限转死信/人工,重试3次；失败告警,请求ID、响应码、耗时、摘要、重试和最终结果
P059,食材验收,员工端,I05,文件与电子证据,附件、哈希、水印、短时下载,对象存储+签名URL,文件ID/哈希/敏感级别,P059-05-{业务主键},指数退避3次；超限转死信/人工,病毒隔离；链接过期,请求ID、响应码、耗时、摘要、重试和最终结果
P059,食材验收,员工端,I06,审计日志平台,操作、前后值、接口请求ID,异步不可篡改日志,操作者/身份/时间/设备/IP,P059-06-{业务主键},指数退避3次；超限转死信/人工,关键审计失败阻断,请求ID、响应码、耗时、摘要、重试和最终结果
P059,食材验收,员工端,I07,资产仓储系统,物料、批次、序列号、库存与资产状态,API+事件,物料/资产ID/数量/库位,P059-07-{业务主键},指数退避3次；超限转死信/人工,库存锁补偿；负库存阻断,请求ID、响应码、耗时、摘要、重试和最终结果
P060,食品安全事件,员工端,I01,统一身份与MFA,认证、任职身份、二次认证,同步调用,用户ID/身份ID/认证级别,P060-01-{业务主键},指数退避3次；超限转死信/人工,超时拒绝高风险操作,请求ID、响应码、耗时、摘要、重试和最终结果
P060,食品安全事件,员工端,I02,组织与员工主数据,中心、部门、岗位、员工关系,同步查询+事件订阅,组织ID/员工ID/有效期,P060-02-{业务主键},指数退避3次；超限转死信/人工,缓存降级；变更事件补偿,请求ID、响应码、耗时、摘要、重试和最终结果
P060,食品安全事件,员工端,I03,流程任务中心,实例、任务、状态、待办,内部事务+消息,实例号/任务号/状态,P060-03-{业务主键},指数退避3次；超限转死信/人工,幂等重试；死信队列,请求ID、响应码、耗时、摘要、重试和最终结果
P060,食品安全事件,员工端,I04,消息通知中心,站内信、短信、邮件、企业微信,异步消息,模板变量/接收人/业务链接,P060-04-{业务主键},指数退避3次；超限转死信/人工,重试3次；失败告警,请求ID、响应码、耗时、摘要、重试和最终结果
P060,食品安全事件,员工端,I05,文件与电子证据,附件、哈希、水印、短时下载,对象存储+签名URL,文件ID/哈希/敏感级别,P060-05-{业务主键},指数退避3次；超限转死信/人工,病毒隔离；链接过期,请求ID、响应码、耗时、摘要、重试和最终结果
P060,食品安全事件,员工端,I06,审计日志平台,操作、前后值、接口请求ID,异步不可篡改日志,操作者/身份/时间/设备/IP,P060-06-{业务主键},指数退避3次；超限转死信/人工,关键审计失败阻断,请求ID、响应码、耗时、摘要、重试和最终结果
P061,餐卡结算,员工端,I01,统一身份与MFA,认证、任职身份、二次认证,同步调用,用户ID/身份ID/认证级别,P061-01-{业务主键},指数退避3次；超限转死信/人工,超时拒绝高风险操作,请求ID、响应码、耗时、摘要、重试和最终结果
P061,餐卡结算,员工端,I02,组织与员工主数据,中心、部门、岗位、员工关系,同步查询+事件订阅,组织ID/员工ID/有效期,P061-02-{业务主键},指数退避3次；超限转死信/人工,缓存降级；变更事件补偿,请求ID、响应码、耗时、摘要、重试和最终结果
P061,餐卡结算,员工端,I03,流程任务中心,实例、任务、状态、待办,内部事务+消息,实例号/任务号/状态,P061-03-{业务主键},指数退避3次；超限转死信/人工,幂等重试；死信队列,请求ID、响应码、耗时、摘要、重试和最终结果
P061,餐卡结算,员工端,I04,消息通知中心,站内信、短信、邮件、企业微信,异步消息,模板变量/接收人/业务链接,P061-04-{业务主键},指数退避3次；超限转死信/人工,重试3次；失败告警,请求ID、响应码、耗时、摘要、重试和最终结果
P061,餐卡结算,员工端,I05,文件与电子证据,附件、哈希、水印、短时下载,对象存储+签名URL,文件ID/哈希/敏感级别,P061-05-{业务主键},指数退避3次；超限转死信/人工,病毒隔离；链接过期,请求ID、响应码、耗时、摘要、重试和最终结果
P061,餐卡结算,员工端,I06,审计日志平台,操作、前后值、接口请求ID,异步不可篡改日志,操作者/身份/时间/设备/IP,P061-06-{业务主键},指数退避3次；超限转死信/人工,关键审计失败阻断,请求ID、响应码、耗时、摘要、重试和最终结果
P061,餐卡结算,员工端,I07,财务预算与支付,预算占用、票据、付款、凭证、对账,API+批次,预算项/金额/凭证号,P061-07-{业务主键},指数退避3次；超限转死信/人工,冲销补偿；T+1对账,请求ID、响应码、耗时、摘要、重试和最终结果
P062,日常巡逻,员工端,I01,统一身份与MFA,认证、任职身份、二次认证,同步调用,用户ID/身份ID/认证级别,P062-01-{业务主键},指数退避3次；超限转死信/人工,超时拒绝高风险操作,请求ID、响应码、耗时、摘要、重试和最终结果
P062,日常巡逻,员工端,I02,组织与员工主数据,中心、部门、岗位、员工关系,同步查询+事件订阅,组织ID/员工ID/有效期,P062-02-{业务主键},指数退避3次；超限转死信/人工,缓存降级；变更事件补偿,请求ID、响应码、耗时、摘要、重试和最终结果
P062,日常巡逻,员工端,I03,流程任务中心,实例、任务、状态、待办,内部事务+消息,实例号/任务号/状态,P062-03-{业务主键},指数退避3次；超限转死信/人工,幂等重试；死信队列,请求ID、响应码、耗时、摘要、重试和最终结果
P062,日常巡逻,员工端,I04,消息通知中心,站内信、短信、邮件、企业微信,异步消息,模板变量/接收人/业务链接,P062-04-{业务主键},指数退避3次；超限转死信/人工,重试3次；失败告警,请求ID、响应码、耗时、摘要、重试和最终结果
P062,日常巡逻,员工端,I05,文件与电子证据,附件、哈希、水印、短时下载,对象存储+签名URL,文件ID/哈希/敏感级别,P062-05-{业务主键},指数退避3次；超限转死信/人工,病毒隔离；链接过期,请求ID、响应码、耗时、摘要、重试和最终结果
P062,日常巡逻,员工端,I06,审计日志平台,操作、前后值、接口请求ID,异步不可篡改日志,操作者/身份/时间/设备/IP,P062-06-{业务主键},指数退避3次；超限转死信/人工,关键审计失败阻断,请求ID、响应码、耗时、摘要、重试和最终结果
P063,客流预警,员工端,I01,统一身份与MFA,认证、任职身份、二次认证,同步调用,用户ID/身份ID/认证级别,P063-01-{业务主键},指数退避3次；超限转死信/人工,超时拒绝高风险操作,请求ID、响应码、耗时、摘要、重试和最终结果
P063,客流预警,员工端,I02,组织与员工主数据,中心、部门、岗位、员工关系,同步查询+事件订阅,组织ID/员工ID/有效期,P063-02-{业务主键},指数退避3次；超限转死信/人工,缓存降级；变更事件补偿,请求ID、响应码、耗时、摘要、重试和最终结果
P063,客流预警,员工端,I03,流程任务中心,实例、任务、状态、待办,内部事务+消息,实例号/任务号/状态,P063-03-{业务主键},指数退避3次；超限转死信/人工,幂等重试；死信队列,请求ID、响应码、耗时、摘要、重试和最终结果
P063,客流预警,员工端,I04,消息通知中心,站内信、短信、邮件、企业微信,异步消息,模板变量/接收人/业务链接,P063-04-{业务主键},指数退避3次；超限转死信/人工,重试3次；失败告警,请求ID、响应码、耗时、摘要、重试和最终结果
P063,客流预警,员工端,I05,文件与电子证据,附件、哈希、水印、短时下载,对象存储+签名URL,文件ID/哈希/敏感级别,P063-05-{业务主键},指数退避3次；超限转死信/人工,病毒隔离；链接过期,请求ID、响应码、耗时、摘要、重试和最终结果
P063,客流预警,员工端,I06,审计日志平台,操作、前后值、接口请求ID,异步不可篡改日志,操作者/身份/时间/设备/IP,P063-06-{业务主键},指数退避3次；超限转死信/人工,关键审计失败阻断,请求ID、响应码、耗时、摘要、重试和最终结果
P064,安全事件,员工端,I01,统一身份与MFA,认证、任职身份、二次认证,同步调用,用户ID/身份ID/认证级别,P064-01-{业务主键},指数退避3次；超限转死信/人工,超时拒绝高风险操作,请求ID、响应码、耗时、摘要、重试和最终结果
P064,安全事件,员工端,I02,组织与员工主数据,中心、部门、岗位、员工关系,同步查询+事件订阅,组织ID/员工ID/有效期,P064-02-{业务主键},指数退避3次；超限转死信/人工,缓存降级；变更事件补偿,请求ID、响应码、耗时、摘要、重试和最终结果
P064,安全事件,员工端,I03,流程任务中心,实例、任务、状态、待办,内部事务+消息,实例号/任务号/状态,P064-03-{业务主键},指数退避3次；超限转死信/人工,幂等重试；死信队列,请求ID、响应码、耗时、摘要、重试和最终结果
P064,安全事件,员工端,I04,消息通知中心,站内信、短信、邮件、企业微信,异步消息,模板变量/接收人/业务链接,P064-04-{业务主键},指数退避3次；超限转死信/人工,重试3次；失败告警,请求ID、响应码、耗时、摘要、重试和最终结果
P064,安全事件,员工端,I05,文件与电子证据,附件、哈希、水印、短时下载,对象存储+签名URL,文件ID/哈希/敏感级别,P064-05-{业务主键},指数退避3次；超限转死信/人工,病毒隔离；链接过期,请求ID、响应码、耗时、摘要、重试和最终结果
P064,安全事件,员工端,I06,审计日志平台,操作、前后值、接口请求ID,异步不可篡改日志,操作者/身份/时间/设备/IP,P064-06-{业务主键},指数退避3次；超限转死信/人工,关键审计失败阻断,请求ID、响应码、耗时、摘要、重试和最终结果
P065,活动安保,员工端,I01,统一身份与MFA,认证、任职身份、二次认证,同步调用,用户ID/身份ID/认证级别,P065-01-{业务主键},指数退避3次；超限转死信/人工,超时拒绝高风险操作,请求ID、响应码、耗时、摘要、重试和最终结果
P065,活动安保,员工端,I02,组织与员工主数据,中心、部门、岗位、员工关系,同步查询+事件订阅,组织ID/员工ID/有效期,P065-02-{业务主键},指数退避3次；超限转死信/人工,缓存降级；变更事件补偿,请求ID、响应码、耗时、摘要、重试和最终结果
P065,活动安保,员工端,I03,流程任务中心,实例、任务、状态、待办,内部事务+消息,实例号/任务号/状态,P065-03-{业务主键},指数退避3次；超限转死信/人工,幂等重试；死信队列,请求ID、响应码、耗时、摘要、重试和最终结果
P065,活动安保,员工端,I04,消息通知中心,站内信、短信、邮件、企业微信,异步消息,模板变量/接收人/业务链接,P065-04-{业务主键},指数退避3次；超限转死信/人工,重试3次；失败告警,请求ID、响应码、耗时、摘要、重试和最终结果
P065,活动安保,员工端,I05,文件与电子证据,附件、哈希、水印、短时下载,对象存储+签名URL,文件ID/哈希/敏感级别,P065-05-{业务主键},指数退避3次；超限转死信/人工,病毒隔离；链接过期,请求ID、响应码、耗时、摘要、重试和最终结果
P065,活动安保,员工端,I06,审计日志平台,操作、前后值、接口请求ID,异步不可篡改日志,操作者/身份/时间/设备/IP,P065-06-{业务主键},指数退避3次；超限转死信/人工,关键审计失败阻断,请求ID、响应码、耗时、摘要、重试和最终结果
P066,日常清洁,员工端,I01,统一身份与MFA,认证、任职身份、二次认证,同步调用,用户ID/身份ID/认证级别,P066-01-{业务主键},指数退避3次；超限转死信/人工,超时拒绝高风险操作,请求ID、响应码、耗时、摘要、重试和最终结果
P066,日常清洁,员工端,I02,组织与员工主数据,中心、部门、岗位、员工关系,同步查询+事件订阅,组织ID/员工ID/有效期,P066-02-{业务主键},指数退避3次；超限转死信/人工,缓存降级；变更事件补偿,请求ID、响应码、耗时、摘要、重试和最终结果
P066,日常清洁,员工端,I03,流程任务中心,实例、任务、状态、待办,内部事务+消息,实例号/任务号/状态,P066-03-{业务主键},指数退避3次；超限转死信/人工,幂等重试；死信队列,请求ID、响应码、耗时、摘要、重试和最终结果
P066,日常清洁,员工端,I04,消息通知中心,站内信、短信、邮件、企业微信,异步消息,模板变量/接收人/业务链接,P066-04-{业务主键},指数退避3次；超限转死信/人工,重试3次；失败告警,请求ID、响应码、耗时、摘要、重试和最终结果
P066,日常清洁,员工端,I05,文件与电子证据,附件、哈希、水印、短时下载,对象存储+签名URL,文件ID/哈希/敏感级别,P066-05-{业务主键},指数退避3次；超限转死信/人工,病毒隔离；链接过期,请求ID、响应码、耗时、摘要、重试和最终结果
P066,日常清洁,员工端,I06,审计日志平台,操作、前后值、接口请求ID,异步不可篡改日志,操作者/身份/时间/设备/IP,P066-06-{业务主键},指数退避3次；超限转死信/人工,关键审计失败阻断,请求ID、响应码、耗时、摘要、重试和最终结果
P067,污染应急,员工端,I01,统一身份与MFA,认证、任职身份、二次认证,同步调用,用户ID/身份ID/认证级别,P067-01-{业务主键},指数退避3次；超限转死信/人工,超时拒绝高风险操作,请求ID、响应码、耗时、摘要、重试和最终结果
P067,污染应急,员工端,I02,组织与员工主数据,中心、部门、岗位、员工关系,同步查询+事件订阅,组织ID/员工ID/有效期,P067-02-{业务主键},指数退避3次；超限转死信/人工,缓存降级；变更事件补偿,请求ID、响应码、耗时、摘要、重试和最终结果
P067,污染应急,员工端,I03,流程任务中心,实例、任务、状态、待办,内部事务+消息,实例号/任务号/状态,P067-03-{业务主键},指数退避3次；超限转死信/人工,幂等重试；死信队列,请求ID、响应码、耗时、摘要、重试和最终结果
P067,污染应急,员工端,I04,消息通知中心,站内信、短信、邮件、企业微信,异步消息,模板变量/接收人/业务链接,P067-04-{业务主键},指数退避3次；超限转死信/人工,重试3次；失败告警,请求ID、响应码、耗时、摘要、重试和最终结果
P067,污染应急,员工端,I05,文件与电子证据,附件、哈希、水印、短时下载,对象存储+签名URL,文件ID/哈希/敏感级别,P067-05-{业务主键},指数退避3次；超限转死信/人工,病毒隔离；链接过期,请求ID、响应码、耗时、摘要、重试和最终结果
P067,污染应急,员工端,I06,审计日志平台,操作、前后值、接口请求ID,异步不可篡改日志,操作者/身份/时间/设备/IP,P067-06-{业务主键},指数退避3次；超限转死信/人工,关键审计失败阻断,请求ID、响应码、耗时、摘要、重试和最终结果
P068,活动保障,员工端,I01,统一身份与MFA,认证、任职身份、二次认证,同步调用,用户ID/身份ID/认证级别,P068-01-{业务主键},指数退避3次；超限转死信/人工,超时拒绝高风险操作,请求ID、响应码、耗时、摘要、重试和最终结果
P068,活动保障,员工端,I02,组织与员工主数据,中心、部门、岗位、员工关系,同步查询+事件订阅,组织ID/员工ID/有效期,P068-02-{业务主键},指数退避3次；超限转死信/人工,缓存降级；变更事件补偿,请求ID、响应码、耗时、摘要、重试和最终结果
P068,活动保障,员工端,I03,流程任务中心,实例、任务、状态、待办,内部事务+消息,实例号/任务号/状态,P068-03-{业务主键},指数退避3次；超限转死信/人工,幂等重试；死信队列,请求ID、响应码、耗时、摘要、重试和最终结果
P068,活动保障,员工端,I04,消息通知中心,站内信、短信、邮件、企业微信,异步消息,模板变量/接收人/业务链接,P068-04-{业务主键},指数退避3次；超限转死信/人工,重试3次；失败告警,请求ID、响应码、耗时、摘要、重试和最终结果
P068,活动保障,员工端,I05,文件与电子证据,附件、哈希、水印、短时下载,对象存储+签名URL,文件ID/哈希/敏感级别,P068-05-{业务主键},指数退避3次；超限转死信/人工,病毒隔离；链接过期,请求ID、响应码、耗时、摘要、重试和最终结果
P068,活动保障,员工端,I06,审计日志平台,操作、前后值、接口请求ID,异步不可篡改日志,操作者/身份/时间/设备/IP,P068-06-{业务主键},指数退避3次；超限转死信/人工,关键审计失败阻断,请求ID、响应码、耗时、摘要、重试和最终结果
P069,商户准入,员工端,I01,统一身份与MFA,认证、任职身份、二次认证,同步调用,用户ID/身份ID/认证级别,P069-01-{业务主键},指数退避3次；超限转死信/人工,超时拒绝高风险操作,请求ID、响应码、耗时、摘要、重试和最终结果
P069,商户准入,员工端,I02,组织与员工主数据,中心、部门、岗位、员工关系,同步查询+事件订阅,组织ID/员工ID/有效期,P069-02-{业务主键},指数退避3次；超限转死信/人工,缓存降级；变更事件补偿,请求ID、响应码、耗时、摘要、重试和最终结果
P069,商户准入,员工端,I03,流程任务中心,实例、任务、状态、待办,内部事务+消息,实例号/任务号/状态,P069-03-{业务主键},指数退避3次；超限转死信/人工,幂等重试；死信队列,请求ID、响应码、耗时、摘要、重试和最终结果
P069,商户准入,员工端,I04,消息通知中心,站内信、短信、邮件、企业微信,异步消息,模板变量/接收人/业务链接,P069-04-{业务主键},指数退避3次；超限转死信/人工,重试3次；失败告警,请求ID、响应码、耗时、摘要、重试和最终结果
P069,商户准入,员工端,I05,文件与电子证据,附件、哈希、水印、短时下载,对象存储+签名URL,文件ID/哈希/敏感级别,P069-05-{业务主键},指数退避3次；超限转死信/人工,病毒隔离；链接过期,请求ID、响应码、耗时、摘要、重试和最终结果
P069,商户准入,员工端,I06,审计日志平台,操作、前后值、接口请求ID,异步不可篡改日志,操作者/身份/时间/设备/IP,P069-06-{业务主键},指数退避3次；超限转死信/人工,关键审计失败阻断,请求ID、响应码、耗时、摘要、重试和最终结果
P070,日常巡检,员工端,I01,统一身份与MFA,认证、任职身份、二次认证,同步调用,用户ID/身份ID/认证级别,P070-01-{业务主键},指数退避3次；超限转死信/人工,超时拒绝高风险操作,请求ID、响应码、耗时、摘要、重试和最终结果
P070,日常巡检,员工端,I02,组织与员工主数据,中心、部门、岗位、员工关系,同步查询+事件订阅,组织ID/员工ID/有效期,P070-02-{业务主键},指数退避3次；超限转死信/人工,缓存降级；变更事件补偿,请求ID、响应码、耗时、摘要、重试和最终结果
P070,日常巡检,员工端,I03,流程任务中心,实例、任务、状态、待办,内部事务+消息,实例号/任务号/状态,P070-03-{业务主键},指数退避3次；超限转死信/人工,幂等重试；死信队列,请求ID、响应码、耗时、摘要、重试和最终结果
P070,日常巡检,员工端,I04,消息通知中心,站内信、短信、邮件、企业微信,异步消息,模板变量/接收人/业务链接,P070-04-{业务主键},指数退避3次；超限转死信/人工,重试3次；失败告警,请求ID、响应码、耗时、摘要、重试和最终结果
P070,日常巡检,员工端,I05,文件与电子证据,附件、哈希、水印、短时下载,对象存储+签名URL,文件ID/哈希/敏感级别,P070-05-{业务主键},指数退避3次；超限转死信/人工,病毒隔离；链接过期,请求ID、响应码、耗时、摘要、重试和最终结果
P070,日常巡检,员工端,I06,审计日志平台,操作、前后值、接口请求ID,异步不可篡改日志,操作者/身份/时间/设备/IP,P070-06-{业务主键},指数退避3次；超限转死信/人工,关键审计失败阻断,请求ID、响应码、耗时、摘要、重试和最终结果
P071,退场,员工端,I01,统一身份与MFA,认证、任职身份、二次认证,同步调用,用户ID/身份ID/认证级别,P071-01-{业务主键},指数退避3次；超限转死信/人工,超时拒绝高风险操作,请求ID、响应码、耗时、摘要、重试和最终结果
P071,退场,员工端,I02,组织与员工主数据,中心、部门、岗位、员工关系,同步查询+事件订阅,组织ID/员工ID/有效期,P071-02-{业务主键},指数退避3次；超限转死信/人工,缓存降级；变更事件补偿,请求ID、响应码、耗时、摘要、重试和最终结果
P071,退场,员工端,I03,流程任务中心,实例、任务、状态、待办,内部事务+消息,实例号/任务号/状态,P071-03-{业务主键},指数退避3次；超限转死信/人工,幂等重试；死信队列,请求ID、响应码、耗时、摘要、重试和最终结果
P071,退场,员工端,I04,消息通知中心,站内信、短信、邮件、企业微信,异步消息,模板变量/接收人/业务链接,P071-04-{业务主键},指数退避3次；超限转死信/人工,重试3次；失败告警,请求ID、响应码、耗时、摘要、重试和最终结果
P071,退场,员工端,I05,文件与电子证据,附件、哈希、水印、短时下载,对象存储+签名URL,文件ID/哈希/敏感级别,P071-05-{业务主键},指数退避3次；超限转死信/人工,病毒隔离；链接过期,请求ID、响应码、耗时、摘要、重试和最终结果
P071,退场,员工端,I06,审计日志平台,操作、前后值、接口请求ID,异步不可篡改日志,操作者/身份/时间/设备/IP,P071-06-{业务主键},指数退避3次；超限转死信/人工,关键审计失败阻断,请求ID、响应码、耗时、摘要、重试和最终结果
P071,退场,员工端,I07,资产仓储系统,物料、批次、序列号、库存与资产状态,API+事件,物料/资产ID/数量/库位,P071-07-{业务主键},指数退避3次；超限转死信/人工,库存锁补偿；负库存阻断,请求ID、响应码、耗时、摘要、重试和最终结果
P072,节目上线,员工端,I01,统一身份与MFA,认证、任职身份、二次认证,同步调用,用户ID/身份ID/认证级别,P072-01-{业务主键},指数退避3次；超限转死信/人工,超时拒绝高风险操作,请求ID、响应码、耗时、摘要、重试和最终结果
P072,节目上线,员工端,I02,组织与员工主数据,中心、部门、岗位、员工关系,同步查询+事件订阅,组织ID/员工ID/有效期,P072-02-{业务主键},指数退避3次；超限转死信/人工,缓存降级；变更事件补偿,请求ID、响应码、耗时、摘要、重试和最终结果
P072,节目上线,员工端,I03,流程任务中心,实例、任务、状态、待办,内部事务+消息,实例号/任务号/状态,P072-03-{业务主键},指数退避3次；超限转死信/人工,幂等重试；死信队列,请求ID、响应码、耗时、摘要、重试和最终结果
P072,节目上线,员工端,I04,消息通知中心,站内信、短信、邮件、企业微信,异步消息,模板变量/接收人/业务链接,P072-04-{业务主键},指数退避3次；超限转死信/人工,重试3次；失败告警,请求ID、响应码、耗时、摘要、重试和最终结果
P072,节目上线,员工端,I05,文件与电子证据,附件、哈希、水印、短时下载,对象存储+签名URL,文件ID/哈希/敏感级别,P072-05-{业务主键},指数退避3次；超限转死信/人工,病毒隔离；链接过期,请求ID、响应码、耗时、摘要、重试和最终结果
P072,节目上线,员工端,I06,审计日志平台,操作、前后值、接口请求ID,异步不可篡改日志,操作者/身份/时间/设备/IP,P072-06-{业务主键},指数退避3次；超限转死信/人工,关键审计失败阻断,请求ID、响应码、耗时、摘要、重试和最终结果
P073,场次执行,员工端,I01,统一身份与MFA,认证、任职身份、二次认证,同步调用,用户ID/身份ID/认证级别,P073-01-{业务主键},指数退避3次；超限转死信/人工,超时拒绝高风险操作,请求ID、响应码、耗时、摘要、重试和最终结果
P073,场次执行,员工端,I02,组织与员工主数据,中心、部门、岗位、员工关系,同步查询+事件订阅,组织ID/员工ID/有效期,P073-02-{业务主键},指数退避3次；超限转死信/人工,缓存降级；变更事件补偿,请求ID、响应码、耗时、摘要、重试和最终结果
P073,场次执行,员工端,I03,流程任务中心,实例、任务、状态、待办,内部事务+消息,实例号/任务号/状态,P073-03-{业务主键},指数退避3次；超限转死信/人工,幂等重试；死信队列,请求ID、响应码、耗时、摘要、重试和最终结果
P073,场次执行,员工端,I04,消息通知中心,站内信、短信、邮件、企业微信,异步消息,模板变量/接收人/业务链接,P073-04-{业务主键},指数退避3次；超限转死信/人工,重试3次；失败告警,请求ID、响应码、耗时、摘要、重试和最终结果
P073,场次执行,员工端,I05,文件与电子证据,附件、哈希、水印、短时下载,对象存储+签名URL,文件ID/哈希/敏感级别,P073-05-{业务主键},指数退避3次；超限转死信/人工,病毒隔离；链接过期,请求ID、响应码、耗时、摘要、重试和最终结果
P073,场次执行,员工端,I06,审计日志平台,操作、前后值、接口请求ID,异步不可篡改日志,操作者/身份/时间/设备/IP,P073-06-{业务主键},指数退避3次；超限转死信/人工,关键审计失败阻断,请求ID、响应码、耗时、摘要、重试和最终结果
P074,临时缺员,员工端,I01,统一身份与MFA,认证、任职身份、二次认证,同步调用,用户ID/身份ID/认证级别,P074-01-{业务主键},指数退避3次；超限转死信/人工,超时拒绝高风险操作,请求ID、响应码、耗时、摘要、重试和最终结果
P074,临时缺员,员工端,I02,组织与员工主数据,中心、部门、岗位、员工关系,同步查询+事件订阅,组织ID/员工ID/有效期,P074-02-{业务主键},指数退避3次；超限转死信/人工,缓存降级；变更事件补偿,请求ID、响应码、耗时、摘要、重试和最终结果
P074,临时缺员,员工端,I03,流程任务中心,实例、任务、状态、待办,内部事务+消息,实例号/任务号/状态,P074-03-{业务主键},指数退避3次；超限转死信/人工,幂等重试；死信队列,请求ID、响应码、耗时、摘要、重试和最终结果
P074,临时缺员,员工端,I04,消息通知中心,站内信、短信、邮件、企业微信,异步消息,模板变量/接收人/业务链接,P074-04-{业务主键},指数退避3次；超限转死信/人工,重试3次；失败告警,请求ID、响应码、耗时、摘要、重试和最终结果
P074,临时缺员,员工端,I05,文件与电子证据,附件、哈希、水印、短时下载,对象存储+签名URL,文件ID/哈希/敏感级别,P074-05-{业务主键},指数退避3次；超限转死信/人工,病毒隔离；链接过期,请求ID、响应码、耗时、摘要、重试和最终结果
P074,临时缺员,员工端,I06,审计日志平台,操作、前后值、接口请求ID,异步不可篡改日志,操作者/身份/时间/设备/IP,P074-06-{业务主键},指数退避3次；超限转死信/人工,关键审计失败阻断,请求ID、响应码、耗时、摘要、重试和最终结果
P075,停演,员工端,I01,统一身份与MFA,认证、任职身份、二次认证,同步调用,用户ID/身份ID/认证级别,P075-01-{业务主键},指数退避3次；超限转死信/人工,超时拒绝高风险操作,请求ID、响应码、耗时、摘要、重试和最终结果
P075,停演,员工端,I02,组织与员工主数据,中心、部门、岗位、员工关系,同步查询+事件订阅,组织ID/员工ID/有效期,P075-02-{业务主键},指数退避3次；超限转死信/人工,缓存降级；变更事件补偿,请求ID、响应码、耗时、摘要、重试和最终结果
P075,停演,员工端,I03,流程任务中心,实例、任务、状态、待办,内部事务+消息,实例号/任务号/状态,P075-03-{业务主键},指数退避3次；超限转死信/人工,幂等重试；死信队列,请求ID、响应码、耗时、摘要、重试和最终结果
P075,停演,员工端,I04,消息通知中心,站内信、短信、邮件、企业微信,异步消息,模板变量/接收人/业务链接,P075-04-{业务主键},指数退避3次；超限转死信/人工,重试3次；失败告警,请求ID、响应码、耗时、摘要、重试和最终结果
P075,停演,员工端,I05,文件与电子证据,附件、哈希、水印、短时下载,对象存储+签名URL,文件ID/哈希/敏感级别,P075-05-{业务主键},指数退避3次；超限转死信/人工,病毒隔离；链接过期,请求ID、响应码、耗时、摘要、重试和最终结果
P075,停演,员工端,I06,审计日志平台,操作、前后值、接口请求ID,异步不可篡改日志,操作者/身份/时间/设备/IP,P075-06-{业务主键},指数退避3次；超限转死信/人工,关键审计失败阻断,请求ID、响应码、耗时、摘要、重试和最终结果
P075,停演,员工端,I07,订单票务与支付,订单、支付、出票、核销、退款,API+消息,订单号/票码/金额/状态,P075-07-{业务主键},指数退避3次；超限转死信/人工,幂等回调；差异队列,请求ID、响应码、耗时、摘要、重试和最终结果
P076,场次准备,员工端,I01,统一身份与MFA,认证、任职身份、二次认证,同步调用,用户ID/身份ID/认证级别,P076-01-{业务主键},指数退避3次；超限转死信/人工,超时拒绝高风险操作,请求ID、响应码、耗时、摘要、重试和最终结果
P076,场次准备,员工端,I02,组织与员工主数据,中心、部门、岗位、员工关系,同步查询+事件订阅,组织ID/员工ID/有效期,P076-02-{业务主键},指数退避3次；超限转死信/人工,缓存降级；变更事件补偿,请求ID、响应码、耗时、摘要、重试和最终结果
P076,场次准备,员工端,I03,流程任务中心,实例、任务、状态、待办,内部事务+消息,实例号/任务号/状态,P076-03-{业务主键},指数退避3次；超限转死信/人工,幂等重试；死信队列,请求ID、响应码、耗时、摘要、重试和最终结果
P076,场次准备,员工端,I04,消息通知中心,站内信、短信、邮件、企业微信,异步消息,模板变量/接收人/业务链接,P076-04-{业务主键},指数退避3次；超限转死信/人工,重试3次；失败告警,请求ID、响应码、耗时、摘要、重试和最终结果
P076,场次准备,员工端,I05,文件与电子证据,附件、哈希、水印、短时下载,对象存储+签名URL,文件ID/哈希/敏感级别,P076-05-{业务主键},指数退避3次；超限转死信/人工,病毒隔离；链接过期,请求ID、响应码、耗时、摘要、重试和最终结果
P076,场次准备,员工端,I06,审计日志平台,操作、前后值、接口请求ID,异步不可篡改日志,操作者/身份/时间/设备/IP,P076-06-{业务主键},指数退避3次；超限转死信/人工,关键审计失败阻断,请求ID、响应码、耗时、摘要、重试和最终结果
P076,场次准备,员工端,I07,资产仓储系统,物料、批次、序列号、库存与资产状态,API+事件,物料/资产ID/数量/库位,P076-07-{业务主键},指数退避3次；超限转死信/人工,库存锁补偿；负库存阻断,请求ID、响应码、耗时、摘要、重试和最终结果
P077,损坏报损,员工端,I01,统一身份与MFA,认证、任职身份、二次认证,同步调用,用户ID/身份ID/认证级别,P077-01-{业务主键},指数退避3次；超限转死信/人工,超时拒绝高风险操作,请求ID、响应码、耗时、摘要、重试和最终结果
P077,损坏报损,员工端,I02,组织与员工主数据,中心、部门、岗位、员工关系,同步查询+事件订阅,组织ID/员工ID/有效期,P077-02-{业务主键},指数退避3次；超限转死信/人工,缓存降级；变更事件补偿,请求ID、响应码、耗时、摘要、重试和最终结果
P077,损坏报损,员工端,I03,流程任务中心,实例、任务、状态、待办,内部事务+消息,实例号/任务号/状态,P077-03-{业务主键},指数退避3次；超限转死信/人工,幂等重试；死信队列,请求ID、响应码、耗时、摘要、重试和最终结果
P077,损坏报损,员工端,I04,消息通知中心,站内信、短信、邮件、企业微信,异步消息,模板变量/接收人/业务链接,P077-04-{业务主键},指数退避3次；超限转死信/人工,重试3次；失败告警,请求ID、响应码、耗时、摘要、重试和最终结果
P077,损坏报损,员工端,I05,文件与电子证据,附件、哈希、水印、短时下载,对象存储+签名URL,文件ID/哈希/敏感级别,P077-05-{业务主键},指数退避3次；超限转死信/人工,病毒隔离；链接过期,请求ID、响应码、耗时、摘要、重试和最终结果
P077,损坏报损,员工端,I06,审计日志平台,操作、前后值、接口请求ID,异步不可篡改日志,操作者/身份/时间/设备/IP,P077-06-{业务主键},指数退避3次；超限转死信/人工,关键审计失败阻断,请求ID、响应码、耗时、摘要、重试和最终结果
P077,损坏报损,员工端,I07,资产仓储系统,物料、批次、序列号、库存与资产状态,API+事件,物料/资产ID/数量/库位,P077-07-{业务主键},指数退避3次；超限转死信/人工,库存锁补偿；负库存阻断,请求ID、响应码、耗时、摘要、重试和最终结果
P078,盘点,员工端,I01,统一身份与MFA,认证、任职身份、二次认证,同步调用,用户ID/身份ID/认证级别,P078-01-{业务主键},指数退避3次；超限转死信/人工,超时拒绝高风险操作,请求ID、响应码、耗时、摘要、重试和最终结果
P078,盘点,员工端,I02,组织与员工主数据,中心、部门、岗位、员工关系,同步查询+事件订阅,组织ID/员工ID/有效期,P078-02-{业务主键},指数退避3次；超限转死信/人工,缓存降级；变更事件补偿,请求ID、响应码、耗时、摘要、重试和最终结果
P078,盘点,员工端,I03,流程任务中心,实例、任务、状态、待办,内部事务+消息,实例号/任务号/状态,P078-03-{业务主键},指数退避3次；超限转死信/人工,幂等重试；死信队列,请求ID、响应码、耗时、摘要、重试和最终结果
P078,盘点,员工端,I04,消息通知中心,站内信、短信、邮件、企业微信,异步消息,模板变量/接收人/业务链接,P078-04-{业务主键},指数退避3次；超限转死信/人工,重试3次；失败告警,请求ID、响应码、耗时、摘要、重试和最终结果
P078,盘点,员工端,I05,文件与电子证据,附件、哈希、水印、短时下载,对象存储+签名URL,文件ID/哈希/敏感级别,P078-05-{业务主键},指数退避3次；超限转死信/人工,病毒隔离；链接过期,请求ID、响应码、耗时、摘要、重试和最终结果
P078,盘点,员工端,I06,审计日志平台,操作、前后值、接口请求ID,异步不可篡改日志,操作者/身份/时间/设备/IP,P078-06-{业务主键},指数退避3次；超限转死信/人工,关键审计失败阻断,请求ID、响应码、耗时、摘要、重试和最终结果
P078,盘点,员工端,I07,资产仓储系统,物料、批次、序列号、库存与资产状态,API+事件,物料/资产ID/数量/库位,P078-07-{业务主键},指数退避3次；超限转死信/人工,库存锁补偿；负库存阻断,请求ID、响应码、耗时、摘要、重试和最终结果
P079,飞行任务,员工端,I01,统一身份与MFA,认证、任职身份、二次认证,同步调用,用户ID/身份ID/认证级别,P079-01-{业务主键},指数退避3次；超限转死信/人工,超时拒绝高风险操作,请求ID、响应码、耗时、摘要、重试和最终结果
P079,飞行任务,员工端,I02,组织与员工主数据,中心、部门、岗位、员工关系,同步查询+事件订阅,组织ID/员工ID/有效期,P079-02-{业务主键},指数退避3次；超限转死信/人工,缓存降级；变更事件补偿,请求ID、响应码、耗时、摘要、重试和最终结果
P079,飞行任务,员工端,I03,流程任务中心,实例、任务、状态、待办,内部事务+消息,实例号/任务号/状态,P079-03-{业务主键},指数退避3次；超限转死信/人工,幂等重试；死信队列,请求ID、响应码、耗时、摘要、重试和最终结果
P079,飞行任务,员工端,I04,消息通知中心,站内信、短信、邮件、企业微信,异步消息,模板变量/接收人/业务链接,P079-04-{业务主键},指数退避3次；超限转死信/人工,重试3次；失败告警,请求ID、响应码、耗时、摘要、重试和最终结果
P079,飞行任务,员工端,I05,文件与电子证据,附件、哈希、水印、短时下载,对象存储+签名URL,文件ID/哈希/敏感级别,P079-05-{业务主键},指数退避3次；超限转死信/人工,病毒隔离；链接过期,请求ID、响应码、耗时、摘要、重试和最终结果
P079,飞行任务,员工端,I06,审计日志平台,操作、前后值、接口请求ID,异步不可篡改日志,操作者/身份/时间/设备/IP,P079-06-{业务主键},指数退避3次；超限转死信/人工,关键审计失败阻断,请求ID、响应码、耗时、摘要、重试和最终结果
P080,任务取消,员工端,I01,统一身份与MFA,认证、任职身份、二次认证,同步调用,用户ID/身份ID/认证级别,P080-01-{业务主键},指数退避3次；超限转死信/人工,超时拒绝高风险操作,请求ID、响应码、耗时、摘要、重试和最终结果
P080,任务取消,员工端,I02,组织与员工主数据,中心、部门、岗位、员工关系,同步查询+事件订阅,组织ID/员工ID/有效期,P080-02-{业务主键},指数退避3次；超限转死信/人工,缓存降级；变更事件补偿,请求ID、响应码、耗时、摘要、重试和最终结果
P080,任务取消,员工端,I03,流程任务中心,实例、任务、状态、待办,内部事务+消息,实例号/任务号/状态,P080-03-{业务主键},指数退避3次；超限转死信/人工,幂等重试；死信队列,请求ID、响应码、耗时、摘要、重试和最终结果
P080,任务取消,员工端,I04,消息通知中心,站内信、短信、邮件、企业微信,异步消息,模板变量/接收人/业务链接,P080-04-{业务主键},指数退避3次；超限转死信/人工,重试3次；失败告警,请求ID、响应码、耗时、摘要、重试和最终结果
P080,任务取消,员工端,I05,文件与电子证据,附件、哈希、水印、短时下载,对象存储+签名URL,文件ID/哈希/敏感级别,P080-05-{业务主键},指数退避3次；超限转死信/人工,病毒隔离；链接过期,请求ID、响应码、耗时、摘要、重试和最终结果
P080,任务取消,员工端,I06,审计日志平台,操作、前后值、接口请求ID,异步不可篡改日志,操作者/身份/时间/设备/IP,P080-06-{业务主键},指数退避3次；超限转死信/人工,关键审计失败阻断,请求ID、响应码、耗时、摘要、重试和最终结果
P080,任务取消,员工端,I07,订单票务与支付,订单、支付、出票、核销、退款,API+消息,订单号/票码/金额/状态,P080-07-{业务主键},指数退避3次；超限转死信/人工,幂等回调；差异队列,请求ID、响应码、耗时、摘要、重试和最终结果
P081,飞行事故,员工端,I01,统一身份与MFA,认证、任职身份、二次认证,同步调用,用户ID/身份ID/认证级别,P081-01-{业务主键},指数退避3次；超限转死信/人工,超时拒绝高风险操作,请求ID、响应码、耗时、摘要、重试和最终结果
P081,飞行事故,员工端,I02,组织与员工主数据,中心、部门、岗位、员工关系,同步查询+事件订阅,组织ID/员工ID/有效期,P081-02-{业务主键},指数退避3次；超限转死信/人工,缓存降级；变更事件补偿,请求ID、响应码、耗时、摘要、重试和最终结果
P081,飞行事故,员工端,I03,流程任务中心,实例、任务、状态、待办,内部事务+消息,实例号/任务号/状态,P081-03-{业务主键},指数退避3次；超限转死信/人工,幂等重试；死信队列,请求ID、响应码、耗时、摘要、重试和最终结果
P081,飞行事故,员工端,I04,消息通知中心,站内信、短信、邮件、企业微信,异步消息,模板变量/接收人/业务链接,P081-04-{业务主键},指数退避3次；超限转死信/人工,重试3次；失败告警,请求ID、响应码、耗时、摘要、重试和最终结果
P081,飞行事故,员工端,I05,文件与电子证据,附件、哈希、水印、短时下载,对象存储+签名URL,文件ID/哈希/敏感级别,P081-05-{业务主键},指数退避3次；超限转死信/人工,病毒隔离；链接过期,请求ID、响应码、耗时、摘要、重试和最终结果
P081,飞行事故,员工端,I06,审计日志平台,操作、前后值、接口请求ID,异步不可篡改日志,操作者/身份/时间/设备/IP,P081-06-{业务主键},指数退避3次；超限转死信/人工,关键审计失败阻断,请求ID、响应码、耗时、摘要、重试和最终结果
P082,场次技术保障,员工端,I01,统一身份与MFA,认证、任职身份、二次认证,同步调用,用户ID/身份ID/认证级别,P082-01-{业务主键},指数退避3次；超限转死信/人工,超时拒绝高风险操作,请求ID、响应码、耗时、摘要、重试和最终结果
P082,场次技术保障,员工端,I02,组织与员工主数据,中心、部门、岗位、员工关系,同步查询+事件订阅,组织ID/员工ID/有效期,P082-02-{业务主键},指数退避3次；超限转死信/人工,缓存降级；变更事件补偿,请求ID、响应码、耗时、摘要、重试和最终结果
P082,场次技术保障,员工端,I03,流程任务中心,实例、任务、状态、待办,内部事务+消息,实例号/任务号/状态,P082-03-{业务主键},指数退避3次；超限转死信/人工,幂等重试；死信队列,请求ID、响应码、耗时、摘要、重试和最终结果
P082,场次技术保障,员工端,I04,消息通知中心,站内信、短信、邮件、企业微信,异步消息,模板变量/接收人/业务链接,P082-04-{业务主键},指数退避3次；超限转死信/人工,重试3次；失败告警,请求ID、响应码、耗时、摘要、重试和最终结果
P082,场次技术保障,员工端,I05,文件与电子证据,附件、哈希、水印、短时下载,对象存储+签名URL,文件ID/哈希/敏感级别,P082-05-{业务主键},指数退避3次；超限转死信/人工,病毒隔离；链接过期,请求ID、响应码、耗时、摘要、重试和最终结果
P082,场次技术保障,员工端,I06,审计日志平台,操作、前后值、接口请求ID,异步不可篡改日志,操作者/身份/时间/设备/IP,P082-06-{业务主键},指数退避3次；超限转死信/人工,关键审计失败阻断,请求ID、响应码、耗时、摘要、重试和最终结果
P083,设备故障,员工端,I01,统一身份与MFA,认证、任职身份、二次认证,同步调用,用户ID/身份ID/认证级别,P083-01-{业务主键},指数退避3次；超限转死信/人工,超时拒绝高风险操作,请求ID、响应码、耗时、摘要、重试和最终结果
P083,设备故障,员工端,I02,组织与员工主数据,中心、部门、岗位、员工关系,同步查询+事件订阅,组织ID/员工ID/有效期,P083-02-{业务主键},指数退避3次；超限转死信/人工,缓存降级；变更事件补偿,请求ID、响应码、耗时、摘要、重试和最终结果
P083,设备故障,员工端,I03,流程任务中心,实例、任务、状态、待办,内部事务+消息,实例号/任务号/状态,P083-03-{业务主键},指数退避3次；超限转死信/人工,幂等重试；死信队列,请求ID、响应码、耗时、摘要、重试和最终结果
P083,设备故障,员工端,I04,消息通知中心,站内信、短信、邮件、企业微信,异步消息,模板变量/接收人/业务链接,P083-04-{业务主键},指数退避3次；超限转死信/人工,重试3次；失败告警,请求ID、响应码、耗时、摘要、重试和最终结果
P083,设备故障,员工端,I05,文件与电子证据,附件、哈希、水印、短时下载,对象存储+签名URL,文件ID/哈希/敏感级别,P083-05-{业务主键},指数退避3次；超限转死信/人工,病毒隔离；链接过期,请求ID、响应码、耗时、摘要、重试和最终结果
P083,设备故障,员工端,I06,审计日志平台,操作、前后值、接口请求ID,异步不可篡改日志,操作者/身份/时间/设备/IP,P083-06-{业务主键},指数退避3次；超限转死信/人工,关键审计失败阻断,请求ID、响应码、耗时、摘要、重试和最终结果
P084,停演技术建议,员工端,I01,统一身份与MFA,认证、任职身份、二次认证,同步调用,用户ID/身份ID/认证级别,P084-01-{业务主键},指数退避3次；超限转死信/人工,超时拒绝高风险操作,请求ID、响应码、耗时、摘要、重试和最终结果
P084,停演技术建议,员工端,I02,组织与员工主数据,中心、部门、岗位、员工关系,同步查询+事件订阅,组织ID/员工ID/有效期,P084-02-{业务主键},指数退避3次；超限转死信/人工,缓存降级；变更事件补偿,请求ID、响应码、耗时、摘要、重试和最终结果
P084,停演技术建议,员工端,I03,流程任务中心,实例、任务、状态、待办,内部事务+消息,实例号/任务号/状态,P084-03-{业务主键},指数退避3次；超限转死信/人工,幂等重试；死信队列,请求ID、响应码、耗时、摘要、重试和最终结果
P084,停演技术建议,员工端,I04,消息通知中心,站内信、短信、邮件、企业微信,异步消息,模板变量/接收人/业务链接,P084-04-{业务主键},指数退避3次；超限转死信/人工,重试3次；失败告警,请求ID、响应码、耗时、摘要、重试和最终结果
P084,停演技术建议,员工端,I05,文件与电子证据,附件、哈希、水印、短时下载,对象存储+签名URL,文件ID/哈希/敏感级别,P084-05-{业务主键},指数退避3次；超限转死信/人工,病毒隔离；链接过期,请求ID、响应码、耗时、摘要、重试和最终结果
P084,停演技术建议,员工端,I06,审计日志平台,操作、前后值、接口请求ID,异步不可篡改日志,操作者/身份/时间/设备/IP,P084-06-{业务主键},指数退避3次；超限转死信/人工,关键审计失败阻断,请求ID、响应码、耗时、摘要、重试和最终结果
P085,网络故障,员工端,I01,统一身份与MFA,认证、任职身份、二次认证,同步调用,用户ID/身份ID/认证级别,P085-01-{业务主键},指数退避3次；超限转死信/人工,超时拒绝高风险操作,请求ID、响应码、耗时、摘要、重试和最终结果
P085,网络故障,员工端,I02,组织与员工主数据,中心、部门、岗位、员工关系,同步查询+事件订阅,组织ID/员工ID/有效期,P085-02-{业务主键},指数退避3次；超限转死信/人工,缓存降级；变更事件补偿,请求ID、响应码、耗时、摘要、重试和最终结果
P085,网络故障,员工端,I03,流程任务中心,实例、任务、状态、待办,内部事务+消息,实例号/任务号/状态,P085-03-{业务主键},指数退避3次；超限转死信/人工,幂等重试；死信队列,请求ID、响应码、耗时、摘要、重试和最终结果
P085,网络故障,员工端,I04,消息通知中心,站内信、短信、邮件、企业微信,异步消息,模板变量/接收人/业务链接,P085-04-{业务主键},指数退避3次；超限转死信/人工,重试3次；失败告警,请求ID、响应码、耗时、摘要、重试和最终结果
P085,网络故障,员工端,I05,文件与电子证据,附件、哈希、水印、短时下载,对象存储+签名URL,文件ID/哈希/敏感级别,P085-05-{业务主键},指数退避3次；超限转死信/人工,病毒隔离；链接过期,请求ID、响应码、耗时、摘要、重试和最终结果
P085,网络故障,员工端,I06,审计日志平台,操作、前后值、接口请求ID,异步不可篡改日志,操作者/身份/时间/设备/IP,P085-06-{业务主键},指数退避3次；超限转死信/人工,关键审计失败阻断,请求ID、响应码、耗时、摘要、重试和最终结果
P085,网络故障,员工端,I07,CMDB/研发/CI-CD,配置项、代码、构建、测试、发布、监控,API+Webhook,工作项/构建号/版本/环境,P085-07-{业务主键},指数退避3次；超限转死信/人工,回退流水；发布门禁,请求ID、响应码、耗时、摘要、重试和最终结果
P086,网络变更,员工端,I01,统一身份与MFA,认证、任职身份、二次认证,同步调用,用户ID/身份ID/认证级别,P086-01-{业务主键},指数退避3次；超限转死信/人工,超时拒绝高风险操作,请求ID、响应码、耗时、摘要、重试和最终结果
P086,网络变更,员工端,I02,组织与员工主数据,中心、部门、岗位、员工关系,同步查询+事件订阅,组织ID/员工ID/有效期,P086-02-{业务主键},指数退避3次；超限转死信/人工,缓存降级；变更事件补偿,请求ID、响应码、耗时、摘要、重试和最终结果
P086,网络变更,员工端,I03,流程任务中心,实例、任务、状态、待办,内部事务+消息,实例号/任务号/状态,P086-03-{业务主键},指数退避3次；超限转死信/人工,幂等重试；死信队列,请求ID、响应码、耗时、摘要、重试和最终结果
P086,网络变更,员工端,I04,消息通知中心,站内信、短信、邮件、企业微信,异步消息,模板变量/接收人/业务链接,P086-04-{业务主键},指数退避3次；超限转死信/人工,重试3次；失败告警,请求ID、响应码、耗时、摘要、重试和最终结果
P086,网络变更,员工端,I05,文件与电子证据,附件、哈希、水印、短时下载,对象存储+签名URL,文件ID/哈希/敏感级别,P086-05-{业务主键},指数退避3次；超限转死信/人工,病毒隔离；链接过期,请求ID、响应码、耗时、摘要、重试和最终结果
P086,网络变更,员工端,I06,审计日志平台,操作、前后值、接口请求ID,异步不可篡改日志,操作者/身份/时间/设备/IP,P086-06-{业务主键},指数退避3次；超限转死信/人工,关键审计失败阻断,请求ID、响应码、耗时、摘要、重试和最终结果
P086,网络变更,员工端,I07,CMDB/研发/CI-CD,配置项、代码、构建、测试、发布、监控,API+Webhook,工作项/构建号/版本/环境,P086-07-{业务主键},指数退避3次；超限转死信/人工,回退流水；发布门禁,请求ID、响应码、耗时、摘要、重试和最终结果
P087,活动保障,员工端,I01,统一身份与MFA,认证、任职身份、二次认证,同步调用,用户ID/身份ID/认证级别,P087-01-{业务主键},指数退避3次；超限转死信/人工,超时拒绝高风险操作,请求ID、响应码、耗时、摘要、重试和最终结果
P087,活动保障,员工端,I02,组织与员工主数据,中心、部门、岗位、员工关系,同步查询+事件订阅,组织ID/员工ID/有效期,P087-02-{业务主键},指数退避3次；超限转死信/人工,缓存降级；变更事件补偿,请求ID、响应码、耗时、摘要、重试和最终结果
P087,活动保障,员工端,I03,流程任务中心,实例、任务、状态、待办,内部事务+消息,实例号/任务号/状态,P087-03-{业务主键},指数退避3次；超限转死信/人工,幂等重试；死信队列,请求ID、响应码、耗时、摘要、重试和最终结果
P087,活动保障,员工端,I04,消息通知中心,站内信、短信、邮件、企业微信,异步消息,模板变量/接收人/业务链接,P087-04-{业务主键},指数退避3次；超限转死信/人工,重试3次；失败告警,请求ID、响应码、耗时、摘要、重试和最终结果
P087,活动保障,员工端,I05,文件与电子证据,附件、哈希、水印、短时下载,对象存储+签名URL,文件ID/哈希/敏感级别,P087-05-{业务主键},指数退避3次；超限转死信/人工,病毒隔离；链接过期,请求ID、响应码、耗时、摘要、重试和最终结果
P087,活动保障,员工端,I06,审计日志平台,操作、前后值、接口请求ID,异步不可篡改日志,操作者/身份/时间/设备/IP,P087-06-{业务主键},指数退避3次；超限转死信/人工,关键审计失败阻断,请求ID、响应码、耗时、摘要、重试和最终结果
P087,活动保障,员工端,I07,CMDB/研发/CI-CD,配置项、代码、构建、测试、发布、监控,API+Webhook,工作项/构建号/版本/环境,P087-07-{业务主键},指数退避3次；超限转死信/人工,回退流水；发布门禁,请求ID、响应码、耗时、摘要、重试和最终结果
P088,IT服务请求,员工端,I01,统一身份与MFA,认证、任职身份、二次认证,同步调用,用户ID/身份ID/认证级别,P088-01-{业务主键},指数退避3次；超限转死信/人工,超时拒绝高风险操作,请求ID、响应码、耗时、摘要、重试和最终结果
P088,IT服务请求,员工端,I02,组织与员工主数据,中心、部门、岗位、员工关系,同步查询+事件订阅,组织ID/员工ID/有效期,P088-02-{业务主键},指数退避3次；超限转死信/人工,缓存降级；变更事件补偿,请求ID、响应码、耗时、摘要、重试和最终结果
P088,IT服务请求,员工端,I03,流程任务中心,实例、任务、状态、待办,内部事务+消息,实例号/任务号/状态,P088-03-{业务主键},指数退避3次；超限转死信/人工,幂等重试；死信队列,请求ID、响应码、耗时、摘要、重试和最终结果
P088,IT服务请求,员工端,I04,消息通知中心,站内信、短信、邮件、企业微信,异步消息,模板变量/接收人/业务链接,P088-04-{业务主键},指数退避3次；超限转死信/人工,重试3次；失败告警,请求ID、响应码、耗时、摘要、重试和最终结果
P088,IT服务请求,员工端,I05,文件与电子证据,附件、哈希、水印、短时下载,对象存储+签名URL,文件ID/哈希/敏感级别,P088-05-{业务主键},指数退避3次；超限转死信/人工,病毒隔离；链接过期,请求ID、响应码、耗时、摘要、重试和最终结果
P088,IT服务请求,员工端,I06,审计日志平台,操作、前后值、接口请求ID,异步不可篡改日志,操作者/身份/时间/设备/IP,P088-06-{业务主键},指数退避3次；超限转死信/人工,关键审计失败阻断,请求ID、响应码、耗时、摘要、重试和最终结果
P088,IT服务请求,员工端,I07,CMDB/研发/CI-CD,配置项、代码、构建、测试、发布、监控,API+Webhook,工作项/构建号/版本/环境,P088-07-{业务主键},指数退避3次；超限转死信/人工,回退流水；发布门禁,请求ID、响应码、耗时、摘要、重试和最终结果
P089,生产发布,员工端,I01,统一身份与MFA,认证、任职身份、二次认证,同步调用,用户ID/身份ID/认证级别,P089-01-{业务主键},指数退避3次；超限转死信/人工,超时拒绝高风险操作,请求ID、响应码、耗时、摘要、重试和最终结果
P089,生产发布,员工端,I02,组织与员工主数据,中心、部门、岗位、员工关系,同步查询+事件订阅,组织ID/员工ID/有效期,P089-02-{业务主键},指数退避3次；超限转死信/人工,缓存降级；变更事件补偿,请求ID、响应码、耗时、摘要、重试和最终结果
P089,生产发布,员工端,I03,流程任务中心,实例、任务、状态、待办,内部事务+消息,实例号/任务号/状态,P089-03-{业务主键},指数退避3次；超限转死信/人工,幂等重试；死信队列,请求ID、响应码、耗时、摘要、重试和最终结果
P089,生产发布,员工端,I04,消息通知中心,站内信、短信、邮件、企业微信,异步消息,模板变量/接收人/业务链接,P089-04-{业务主键},指数退避3次；超限转死信/人工,重试3次；失败告警,请求ID、响应码、耗时、摘要、重试和最终结果
P089,生产发布,员工端,I05,文件与电子证据,附件、哈希、水印、短时下载,对象存储+签名URL,文件ID/哈希/敏感级别,P089-05-{业务主键},指数退避3次；超限转死信/人工,病毒隔离；链接过期,请求ID、响应码、耗时、摘要、重试和最终结果
P089,生产发布,员工端,I06,审计日志平台,操作、前后值、接口请求ID,异步不可篡改日志,操作者/身份/时间/设备/IP,P089-06-{业务主键},指数退避3次；超限转死信/人工,关键审计失败阻断,请求ID、响应码、耗时、摘要、重试和最终结果
P089,生产发布,员工端,I07,CMDB/研发/CI-CD,配置项、代码、构建、测试、发布、监控,API+Webhook,工作项/构建号/版本/环境,P089-07-{业务主键},指数退避3次；超限转死信/人工,回退流水；发布门禁,请求ID、响应码、耗时、摘要、重试和最终结果
P090,账号执行,员工端,I01,统一身份与MFA,认证、任职身份、二次认证,同步调用,用户ID/身份ID/认证级别,P090-01-{业务主键},指数退避3次；超限转死信/人工,超时拒绝高风险操作,请求ID、响应码、耗时、摘要、重试和最终结果
P090,账号执行,员工端,I02,组织与员工主数据,中心、部门、岗位、员工关系,同步查询+事件订阅,组织ID/员工ID/有效期,P090-02-{业务主键},指数退避3次；超限转死信/人工,缓存降级；变更事件补偿,请求ID、响应码、耗时、摘要、重试和最终结果
P090,账号执行,员工端,I03,流程任务中心,实例、任务、状态、待办,内部事务+消息,实例号/任务号/状态,P090-03-{业务主键},指数退避3次；超限转死信/人工,幂等重试；死信队列,请求ID、响应码、耗时、摘要、重试和最终结果
P090,账号执行,员工端,I04,消息通知中心,站内信、短信、邮件、企业微信,异步消息,模板变量/接收人/业务链接,P090-04-{业务主键},指数退避3次；超限转死信/人工,重试3次；失败告警,请求ID、响应码、耗时、摘要、重试和最终结果
P090,账号执行,员工端,I05,文件与电子证据,附件、哈希、水印、短时下载,对象存储+签名URL,文件ID/哈希/敏感级别,P090-05-{业务主键},指数退避3次；超限转死信/人工,病毒隔离；链接过期,请求ID、响应码、耗时、摘要、重试和最终结果
P090,账号执行,员工端,I06,审计日志平台,操作、前后值、接口请求ID,异步不可篡改日志,操作者/身份/时间/设备/IP,P090-06-{业务主键},指数退避3次；超限转死信/人工,关键审计失败阻断,请求ID、响应码、耗时、摘要、重试和最终结果
P090,账号执行,员工端,I07,人力资源与考勤,员工、编制、合同、假勤、排班、绩效,API+事件,员工ID/岗位/时间/分数,P090-07-{业务主键},指数退避3次；超限转死信/人工,对账补偿；差异工单,请求ID、响应码、耗时、摘要、重试和最终结果
P090,账号执行,员工端,I08,CMDB/研发/CI-CD,配置项、代码、构建、测试、发布、监控,API+Webhook,工作项/构建号/版本/环境,P090-08-{业务主键},指数退避3次；超限转死信/人工,回退流水；发布门禁,请求ID、响应码、耗时、摘要、重试和最终结果
P091,恢复演练,员工端,I01,统一身份与MFA,认证、任职身份、二次认证,同步调用,用户ID/身份ID/认证级别,P091-01-{业务主键},指数退避3次；超限转死信/人工,超时拒绝高风险操作,请求ID、响应码、耗时、摘要、重试和最终结果
P091,恢复演练,员工端,I02,组织与员工主数据,中心、部门、岗位、员工关系,同步查询+事件订阅,组织ID/员工ID/有效期,P091-02-{业务主键},指数退避3次；超限转死信/人工,缓存降级；变更事件补偿,请求ID、响应码、耗时、摘要、重试和最终结果
P091,恢复演练,员工端,I03,流程任务中心,实例、任务、状态、待办,内部事务+消息,实例号/任务号/状态,P091-03-{业务主键},指数退避3次；超限转死信/人工,幂等重试；死信队列,请求ID、响应码、耗时、摘要、重试和最终结果
P091,恢复演练,员工端,I04,消息通知中心,站内信、短信、邮件、企业微信,异步消息,模板变量/接收人/业务链接,P091-04-{业务主键},指数退避3次；超限转死信/人工,重试3次；失败告警,请求ID、响应码、耗时、摘要、重试和最终结果
P091,恢复演练,员工端,I05,文件与电子证据,附件、哈希、水印、短时下载,对象存储+签名URL,文件ID/哈希/敏感级别,P091-05-{业务主键},指数退避3次；超限转死信/人工,病毒隔离；链接过期,请求ID、响应码、耗时、摘要、重试和最终结果
P091,恢复演练,员工端,I06,审计日志平台,操作、前后值、接口请求ID,异步不可篡改日志,操作者/身份/时间/设备/IP,P091-06-{业务主键},指数退避3次；超限转死信/人工,关键审计失败阻断,请求ID、响应码、耗时、摘要、重试和最终结果
P091,恢复演练,员工端,I07,CMDB/研发/CI-CD,配置项、代码、构建、测试、发布、监控,API+Webhook,工作项/构建号/版本/环境,P091-07-{业务主键},指数退避3次；超限转死信/人工,回退流水；发布门禁,请求ID、响应码、耗时、摘要、重试和最终结果
P092,需求开发,员工端,I01,统一身份与MFA,认证、任职身份、二次认证,同步调用,用户ID/身份ID/认证级别,P092-01-{业务主键},指数退避3次；超限转死信/人工,超时拒绝高风险操作,请求ID、响应码、耗时、摘要、重试和最终结果
P092,需求开发,员工端,I02,组织与员工主数据,中心、部门、岗位、员工关系,同步查询+事件订阅,组织ID/员工ID/有效期,P092-02-{业务主键},指数退避3次；超限转死信/人工,缓存降级；变更事件补偿,请求ID、响应码、耗时、摘要、重试和最终结果
P092,需求开发,员工端,I03,流程任务中心,实例、任务、状态、待办,内部事务+消息,实例号/任务号/状态,P092-03-{业务主键},指数退避3次；超限转死信/人工,幂等重试；死信队列,请求ID、响应码、耗时、摘要、重试和最终结果
P092,需求开发,员工端,I04,消息通知中心,站内信、短信、邮件、企业微信,异步消息,模板变量/接收人/业务链接,P092-04-{业务主键},指数退避3次；超限转死信/人工,重试3次；失败告警,请求ID、响应码、耗时、摘要、重试和最终结果
P092,需求开发,员工端,I05,文件与电子证据,附件、哈希、水印、短时下载,对象存储+签名URL,文件ID/哈希/敏感级别,P092-05-{业务主键},指数退避3次；超限转死信/人工,病毒隔离；链接过期,请求ID、响应码、耗时、摘要、重试和最终结果
P092,需求开发,员工端,I06,审计日志平台,操作、前后值、接口请求ID,异步不可篡改日志,操作者/身份/时间/设备/IP,P092-06-{业务主键},指数退避3次；超限转死信/人工,关键审计失败阻断,请求ID、响应码、耗时、摘要、重试和最终结果
P092,需求开发,员工端,I07,CMDB/研发/CI-CD,配置项、代码、构建、测试、发布、监控,API+Webhook,工作项/构建号/版本/环境,P092-07-{业务主键},指数退避3次；超限转死信/人工,回退流水；发布门禁,请求ID、响应码、耗时、摘要、重试和最终结果
P093,缺陷修复,员工端,I01,统一身份与MFA,认证、任职身份、二次认证,同步调用,用户ID/身份ID/认证级别,P093-01-{业务主键},指数退避3次；超限转死信/人工,超时拒绝高风险操作,请求ID、响应码、耗时、摘要、重试和最终结果
P093,缺陷修复,员工端,I02,组织与员工主数据,中心、部门、岗位、员工关系,同步查询+事件订阅,组织ID/员工ID/有效期,P093-02-{业务主键},指数退避3次；超限转死信/人工,缓存降级；变更事件补偿,请求ID、响应码、耗时、摘要、重试和最终结果
P093,缺陷修复,员工端,I03,流程任务中心,实例、任务、状态、待办,内部事务+消息,实例号/任务号/状态,P093-03-{业务主键},指数退避3次；超限转死信/人工,幂等重试；死信队列,请求ID、响应码、耗时、摘要、重试和最终结果
P093,缺陷修复,员工端,I04,消息通知中心,站内信、短信、邮件、企业微信,异步消息,模板变量/接收人/业务链接,P093-04-{业务主键},指数退避3次；超限转死信/人工,重试3次；失败告警,请求ID、响应码、耗时、摘要、重试和最终结果
P093,缺陷修复,员工端,I05,文件与电子证据,附件、哈希、水印、短时下载,对象存储+签名URL,文件ID/哈希/敏感级别,P093-05-{业务主键},指数退避3次；超限转死信/人工,病毒隔离；链接过期,请求ID、响应码、耗时、摘要、重试和最终结果
P093,缺陷修复,员工端,I06,审计日志平台,操作、前后值、接口请求ID,异步不可篡改日志,操作者/身份/时间/设备/IP,P093-06-{业务主键},指数退避3次；超限转死信/人工,关键审计失败阻断,请求ID、响应码、耗时、摘要、重试和最终结果
P093,缺陷修复,员工端,I07,CMDB/研发/CI-CD,配置项、代码、构建、测试、发布、监控,API+Webhook,工作项/构建号/版本/环境,P093-07-{业务主键},指数退避3次；超限转死信/人工,回退流水；发布门禁,请求ID、响应码、耗时、摘要、重试和最终结果
P094,版本发布,员工端,I01,统一身份与MFA,认证、任职身份、二次认证,同步调用,用户ID/身份ID/认证级别,P094-01-{业务主键},指数退避3次；超限转死信/人工,超时拒绝高风险操作,请求ID、响应码、耗时、摘要、重试和最终结果
P094,版本发布,员工端,I02,组织与员工主数据,中心、部门、岗位、员工关系,同步查询+事件订阅,组织ID/员工ID/有效期,P094-02-{业务主键},指数退避3次；超限转死信/人工,缓存降级；变更事件补偿,请求ID、响应码、耗时、摘要、重试和最终结果
P094,版本发布,员工端,I03,流程任务中心,实例、任务、状态、待办,内部事务+消息,实例号/任务号/状态,P094-03-{业务主键},指数退避3次；超限转死信/人工,幂等重试；死信队列,请求ID、响应码、耗时、摘要、重试和最终结果
P094,版本发布,员工端,I04,消息通知中心,站内信、短信、邮件、企业微信,异步消息,模板变量/接收人/业务链接,P094-04-{业务主键},指数退避3次；超限转死信/人工,重试3次；失败告警,请求ID、响应码、耗时、摘要、重试和最终结果
P094,版本发布,员工端,I05,文件与电子证据,附件、哈希、水印、短时下载,对象存储+签名URL,文件ID/哈希/敏感级别,P094-05-{业务主键},指数退避3次；超限转死信/人工,病毒隔离；链接过期,请求ID、响应码、耗时、摘要、重试和最终结果
P094,版本发布,员工端,I06,审计日志平台,操作、前后值、接口请求ID,异步不可篡改日志,操作者/身份/时间/设备/IP,P094-06-{业务主键},指数退避3次；超限转死信/人工,关键审计失败阻断,请求ID、响应码、耗时、摘要、重试和最终结果
P094,版本发布,员工端,I07,CMDB/研发/CI-CD,配置项、代码、构建、测试、发布、监控,API+Webhook,工作项/构建号/版本/环境,P094-07-{业务主键},指数退避3次；超限转死信/人工,回退流水；发布门禁,请求ID、响应码、耗时、摘要、重试和最终结果
P095,宣传物料制作,员工端,I01,统一身份与MFA,认证、任职身份、二次认证,同步调用,用户ID/身份ID/认证级别,P095-01-{业务主键},指数退避3次；超限转死信/人工,超时拒绝高风险操作,请求ID、响应码、耗时、摘要、重试和最终结果
P095,宣传物料制作,员工端,I02,组织与员工主数据,中心、部门、岗位、员工关系,同步查询+事件订阅,组织ID/员工ID/有效期,P095-02-{业务主键},指数退避3次；超限转死信/人工,缓存降级；变更事件补偿,请求ID、响应码、耗时、摘要、重试和最终结果
P095,宣传物料制作,员工端,I03,流程任务中心,实例、任务、状态、待办,内部事务+消息,实例号/任务号/状态,P095-03-{业务主键},指数退避3次；超限转死信/人工,幂等重试；死信队列,请求ID、响应码、耗时、摘要、重试和最终结果
P095,宣传物料制作,员工端,I04,消息通知中心,站内信、短信、邮件、企业微信,异步消息,模板变量/接收人/业务链接,P095-04-{业务主键},指数退避3次；超限转死信/人工,重试3次；失败告警,请求ID、响应码、耗时、摘要、重试和最终结果
P095,宣传物料制作,员工端,I05,文件与电子证据,附件、哈希、水印、短时下载,对象存储+签名URL,文件ID/哈希/敏感级别,P095-05-{业务主键},指数退避3次；超限转死信/人工,病毒隔离；链接过期,请求ID、响应码、耗时、摘要、重试和最终结果
P095,宣传物料制作,员工端,I06,审计日志平台,操作、前后值、接口请求ID,异步不可篡改日志,操作者/身份/时间/设备/IP,P095-06-{业务主键},指数退避3次；超限转死信/人工,关键审计失败阻断,请求ID、响应码、耗时、摘要、重试和最终结果
P095,宣传物料制作,员工端,I07,资产仓储系统,物料、批次、序列号、库存与资产状态,API+事件,物料/资产ID/数量/库位,P095-07-{业务主键},指数退避3次；超限转死信/人工,库存锁补偿；负库存阻断,请求ID、响应码、耗时、摘要、重试和最终结果
P095,宣传物料制作,员工端,I08,内容资产与渠道平台,素材、版本、版权、发布与数据回流,API+平台回调,内容ID/渠道ID/发布状态/指标,P095-08-{业务主键},指数退避3次；超限转死信/人工,回调验签；平台差异对账,请求ID、响应码、耗时、摘要、重试和最终结果
P096,拍摄任务,员工端,I01,统一身份与MFA,认证、任职身份、二次认证,同步调用,用户ID/身份ID/认证级别,P096-01-{业务主键},指数退避3次；超限转死信/人工,超时拒绝高风险操作,请求ID、响应码、耗时、摘要、重试和最终结果
P096,拍摄任务,员工端,I02,组织与员工主数据,中心、部门、岗位、员工关系,同步查询+事件订阅,组织ID/员工ID/有效期,P096-02-{业务主键},指数退避3次；超限转死信/人工,缓存降级；变更事件补偿,请求ID、响应码、耗时、摘要、重试和最终结果
P096,拍摄任务,员工端,I03,流程任务中心,实例、任务、状态、待办,内部事务+消息,实例号/任务号/状态,P096-03-{业务主键},指数退避3次；超限转死信/人工,幂等重试；死信队列,请求ID、响应码、耗时、摘要、重试和最终结果
P096,拍摄任务,员工端,I04,消息通知中心,站内信、短信、邮件、企业微信,异步消息,模板变量/接收人/业务链接,P096-04-{业务主键},指数退避3次；超限转死信/人工,重试3次；失败告警,请求ID、响应码、耗时、摘要、重试和最终结果
P096,拍摄任务,员工端,I05,文件与电子证据,附件、哈希、水印、短时下载,对象存储+签名URL,文件ID/哈希/敏感级别,P096-05-{业务主键},指数退避3次；超限转死信/人工,病毒隔离；链接过期,请求ID、响应码、耗时、摘要、重试和最终结果
P096,拍摄任务,员工端,I06,审计日志平台,操作、前后值、接口请求ID,异步不可篡改日志,操作者/身份/时间/设备/IP,P096-06-{业务主键},指数退避3次；超限转死信/人工,关键审计失败阻断,请求ID、响应码、耗时、摘要、重试和最终结果
P096,拍摄任务,员工端,I07,内容资产与渠道平台,素材、版本、版权、发布与数据回流,API+平台回调,内容ID/渠道ID/发布状态/指标,P096-07-{业务主键},指数退避3次；超限转死信/人工,回调验签；平台差异对账,请求ID、响应码、耗时、摘要、重试和最终结果
P097,返工变更,员工端,I01,统一身份与MFA,认证、任职身份、二次认证,同步调用,用户ID/身份ID/认证级别,P097-01-{业务主键},指数退避3次；超限转死信/人工,超时拒绝高风险操作,请求ID、响应码、耗时、摘要、重试和最终结果
P097,返工变更,员工端,I02,组织与员工主数据,中心、部门、岗位、员工关系,同步查询+事件订阅,组织ID/员工ID/有效期,P097-02-{业务主键},指数退避3次；超限转死信/人工,缓存降级；变更事件补偿,请求ID、响应码、耗时、摘要、重试和最终结果
P097,返工变更,员工端,I03,流程任务中心,实例、任务、状态、待办,内部事务+消息,实例号/任务号/状态,P097-03-{业务主键},指数退避3次；超限转死信/人工,幂等重试；死信队列,请求ID、响应码、耗时、摘要、重试和最终结果
P097,返工变更,员工端,I04,消息通知中心,站内信、短信、邮件、企业微信,异步消息,模板变量/接收人/业务链接,P097-04-{业务主键},指数退避3次；超限转死信/人工,重试3次；失败告警,请求ID、响应码、耗时、摘要、重试和最终结果
P097,返工变更,员工端,I05,文件与电子证据,附件、哈希、水印、短时下载,对象存储+签名URL,文件ID/哈希/敏感级别,P097-05-{业务主键},指数退避3次；超限转死信/人工,病毒隔离；链接过期,请求ID、响应码、耗时、摘要、重试和最终结果
P097,返工变更,员工端,I06,审计日志平台,操作、前后值、接口请求ID,异步不可篡改日志,操作者/身份/时间/设备/IP,P097-06-{业务主键},指数退避3次；超限转死信/人工,关键审计失败阻断,请求ID、响应码、耗时、摘要、重试和最终结果
P098,策划项目,员工端,I01,统一身份与MFA,认证、任职身份、二次认证,同步调用,用户ID/身份ID/认证级别,P098-01-{业务主键},指数退避3次；超限转死信/人工,超时拒绝高风险操作,请求ID、响应码、耗时、摘要、重试和最终结果
P098,策划项目,员工端,I02,组织与员工主数据,中心、部门、岗位、员工关系,同步查询+事件订阅,组织ID/员工ID/有效期,P098-02-{业务主键},指数退避3次；超限转死信/人工,缓存降级；变更事件补偿,请求ID、响应码、耗时、摘要、重试和最终结果
P098,策划项目,员工端,I03,流程任务中心,实例、任务、状态、待办,内部事务+消息,实例号/任务号/状态,P098-03-{业务主键},指数退避3次；超限转死信/人工,幂等重试；死信队列,请求ID、响应码、耗时、摘要、重试和最终结果
P098,策划项目,员工端,I04,消息通知中心,站内信、短信、邮件、企业微信,异步消息,模板变量/接收人/业务链接,P098-04-{业务主键},指数退避3次；超限转死信/人工,重试3次；失败告警,请求ID、响应码、耗时、摘要、重试和最终结果
P098,策划项目,员工端,I05,文件与电子证据,附件、哈希、水印、短时下载,对象存储+签名URL,文件ID/哈希/敏感级别,P098-05-{业务主键},指数退避3次；超限转死信/人工,病毒隔离；链接过期,请求ID、响应码、耗时、摘要、重试和最终结果
P098,策划项目,员工端,I06,审计日志平台,操作、前后值、接口请求ID,异步不可篡改日志,操作者/身份/时间/设备/IP,P098-06-{业务主键},指数退避3次；超限转死信/人工,关键审计失败阻断,请求ID、响应码、耗时、摘要、重试和最终结果
P098,策划项目,员工端,I07,财务预算与支付,预算占用、票据、付款、凭证、对账,API+批次,预算项/金额/凭证号,P098-07-{业务主键},指数退避3次；超限转死信/人工,冲销补偿；T+1对账,请求ID、响应码、耗时、摘要、重试和最终结果
P099,方案变更,员工端,I01,统一身份与MFA,认证、任职身份、二次认证,同步调用,用户ID/身份ID/认证级别,P099-01-{业务主键},指数退避3次；超限转死信/人工,超时拒绝高风险操作,请求ID、响应码、耗时、摘要、重试和最终结果
P099,方案变更,员工端,I02,组织与员工主数据,中心、部门、岗位、员工关系,同步查询+事件订阅,组织ID/员工ID/有效期,P099-02-{业务主键},指数退避3次；超限转死信/人工,缓存降级；变更事件补偿,请求ID、响应码、耗时、摘要、重试和最终结果
P099,方案变更,员工端,I03,流程任务中心,实例、任务、状态、待办,内部事务+消息,实例号/任务号/状态,P099-03-{业务主键},指数退避3次；超限转死信/人工,幂等重试；死信队列,请求ID、响应码、耗时、摘要、重试和最终结果
P099,方案变更,员工端,I04,消息通知中心,站内信、短信、邮件、企业微信,异步消息,模板变量/接收人/业务链接,P099-04-{业务主键},指数退避3次；超限转死信/人工,重试3次；失败告警,请求ID、响应码、耗时、摘要、重试和最终结果
P099,方案变更,员工端,I05,文件与电子证据,附件、哈希、水印、短时下载,对象存储+签名URL,文件ID/哈希/敏感级别,P099-05-{业务主键},指数退避3次；超限转死信/人工,病毒隔离；链接过期,请求ID、响应码、耗时、摘要、重试和最终结果
P099,方案变更,员工端,I06,审计日志平台,操作、前后值、接口请求ID,异步不可篡改日志,操作者/身份/时间/设备/IP,P099-06-{业务主键},指数退避3次；超限转死信/人工,关键审计失败阻断,请求ID、响应码、耗时、摘要、重试和最终结果
P099,方案变更,员工端,I07,财务预算与支付,预算占用、票据、付款、凭证、对账,API+批次,预算项/金额/凭证号,P099-07-{业务主键},指数退避3次；超限转死信/人工,冲销补偿；T+1对账,请求ID、响应码、耗时、摘要、重试和最终结果
P100,活动策划移交,员工端,I01,统一身份与MFA,认证、任职身份、二次认证,同步调用,用户ID/身份ID/认证级别,P100-01-{业务主键},指数退避3次；超限转死信/人工,超时拒绝高风险操作,请求ID、响应码、耗时、摘要、重试和最终结果
P100,活动策划移交,员工端,I02,组织与员工主数据,中心、部门、岗位、员工关系,同步查询+事件订阅,组织ID/员工ID/有效期,P100-02-{业务主键},指数退避3次；超限转死信/人工,缓存降级；变更事件补偿,请求ID、响应码、耗时、摘要、重试和最终结果
P100,活动策划移交,员工端,I03,流程任务中心,实例、任务、状态、待办,内部事务+消息,实例号/任务号/状态,P100-03-{业务主键},指数退避3次；超限转死信/人工,幂等重试；死信队列,请求ID、响应码、耗时、摘要、重试和最终结果
P100,活动策划移交,员工端,I04,消息通知中心,站内信、短信、邮件、企业微信,异步消息,模板变量/接收人/业务链接,P100-04-{业务主键},指数退避3次；超限转死信/人工,重试3次；失败告警,请求ID、响应码、耗时、摘要、重试和最终结果
P100,活动策划移交,员工端,I05,文件与电子证据,附件、哈希、水印、短时下载,对象存储+签名URL,文件ID/哈希/敏感级别,P100-05-{业务主键},指数退避3次；超限转死信/人工,病毒隔离；链接过期,请求ID、响应码、耗时、摘要、重试和最终结果
P100,活动策划移交,员工端,I06,审计日志平台,操作、前后值、接口请求ID,异步不可篡改日志,操作者/身份/时间/设备/IP,P100-06-{业务主键},指数退避3次；超限转死信/人工,关键审计失败阻断,请求ID、响应码、耗时、摘要、重试和最终结果
P101,产品上架,员工端,I01,统一身份与MFA,认证、任职身份、二次认证,同步调用,用户ID/身份ID/认证级别,P101-01-{业务主键},指数退避3次；超限转死信/人工,超时拒绝高风险操作,请求ID、响应码、耗时、摘要、重试和最终结果
P101,产品上架,员工端,I02,组织与员工主数据,中心、部门、岗位、员工关系,同步查询+事件订阅,组织ID/员工ID/有效期,P101-02-{业务主键},指数退避3次；超限转死信/人工,缓存降级；变更事件补偿,请求ID、响应码、耗时、摘要、重试和最终结果
P101,产品上架,员工端,I03,流程任务中心,实例、任务、状态、待办,内部事务+消息,实例号/任务号/状态,P101-03-{业务主键},指数退避3次；超限转死信/人工,幂等重试；死信队列,请求ID、响应码、耗时、摘要、重试和最终结果
P101,产品上架,员工端,I04,消息通知中心,站内信、短信、邮件、企业微信,异步消息,模板变量/接收人/业务链接,P101-04-{业务主键},指数退避3次；超限转死信/人工,重试3次；失败告警,请求ID、响应码、耗时、摘要、重试和最终结果
P101,产品上架,员工端,I05,文件与电子证据,附件、哈希、水印、短时下载,对象存储+签名URL,文件ID/哈希/敏感级别,P101-05-{业务主键},指数退避3次；超限转死信/人工,病毒隔离；链接过期,请求ID、响应码、耗时、摘要、重试和最终结果
P101,产品上架,员工端,I06,审计日志平台,操作、前后值、接口请求ID,异步不可篡改日志,操作者/身份/时间/设备/IP,P101-06-{业务主键},指数退避3次；超限转死信/人工,关键审计失败阻断,请求ID、响应码、耗时、摘要、重试和最终结果
P101,产品上架,员工端,I07,订单票务与支付,订单、支付、出票、核销、退款,API+消息,订单号/票码/金额/状态,P101-07-{业务主键},指数退避3次；超限转死信/人工,幂等回调；差异队列,请求ID、响应码、耗时、摘要、重试和最终结果
P101,产品上架,员工端,I08,资产仓储系统,物料、批次、序列号、库存与资产状态,API+事件,物料/资产ID/数量/库位,P101-08-{业务主键},指数退避3次；超限转死信/人工,库存锁补偿；负库存阻断,请求ID、响应码、耗时、摘要、重试和最终结果
P101,产品上架,员工端,I09,内容资产与渠道平台,素材、版本、版权、发布与数据回流,API+平台回调,内容ID/渠道ID/发布状态/指标,P101-09-{业务主键},指数退避3次；超限转死信/人工,回调验签；平台差异对账,请求ID、响应码、耗时、摘要、重试和最终结果
P102,OTA订单,员工端,I01,统一身份与MFA,认证、任职身份、二次认证,同步调用,用户ID/身份ID/认证级别,P102-01-{业务主键},指数退避3次；超限转死信/人工,超时拒绝高风险操作,请求ID、响应码、耗时、摘要、重试和最终结果
P102,OTA订单,员工端,I02,组织与员工主数据,中心、部门、岗位、员工关系,同步查询+事件订阅,组织ID/员工ID/有效期,P102-02-{业务主键},指数退避3次；超限转死信/人工,缓存降级；变更事件补偿,请求ID、响应码、耗时、摘要、重试和最终结果
P102,OTA订单,员工端,I03,流程任务中心,实例、任务、状态、待办,内部事务+消息,实例号/任务号/状态,P102-03-{业务主键},指数退避3次；超限转死信/人工,幂等重试；死信队列,请求ID、响应码、耗时、摘要、重试和最终结果
P102,OTA订单,员工端,I04,消息通知中心,站内信、短信、邮件、企业微信,异步消息,模板变量/接收人/业务链接,P102-04-{业务主键},指数退避3次；超限转死信/人工,重试3次；失败告警,请求ID、响应码、耗时、摘要、重试和最终结果
P102,OTA订单,员工端,I05,文件与电子证据,附件、哈希、水印、短时下载,对象存储+签名URL,文件ID/哈希/敏感级别,P102-05-{业务主键},指数退避3次；超限转死信/人工,病毒隔离；链接过期,请求ID、响应码、耗时、摘要、重试和最终结果
P102,OTA订单,员工端,I06,审计日志平台,操作、前后值、接口请求ID,异步不可篡改日志,操作者/身份/时间/设备/IP,P102-06-{业务主键},指数退避3次；超限转死信/人工,关键审计失败阻断,请求ID、响应码、耗时、摘要、重试和最终结果
P102,OTA订单,员工端,I07,财务预算与支付,预算占用、票据、付款、凭证、对账,API+批次,预算项/金额/凭证号,P102-07-{业务主键},指数退避3次；超限转死信/人工,冲销补偿；T+1对账,请求ID、响应码、耗时、摘要、重试和最终结果
P102,OTA订单,员工端,I08,订单票务与支付,订单、支付、出票、核销、退款,API+消息,订单号/票码/金额/状态,P102-08-{业务主键},指数退避3次；超限转死信/人工,幂等回调；差异队列,请求ID、响应码、耗时、摘要、重试和最终结果
P102,OTA订单,员工端,I09,资产仓储系统,物料、批次、序列号、库存与资产状态,API+事件,物料/资产ID/数量/库位,P102-09-{业务主键},指数退避3次；超限转死信/人工,库存锁补偿；负库存阻断,请求ID、响应码、耗时、摘要、重试和最终结果
P102,OTA订单,员工端,I10,内容资产与渠道平台,素材、版本、版权、发布与数据回流,API+平台回调,内容ID/渠道ID/发布状态/指标,P102-10-{业务主键},指数退避3次；超限转死信/人工,回调验签；平台差异对账,请求ID、响应码、耗时、摘要、重试和最终结果
P103,退款,员工端,I01,统一身份与MFA,认证、任职身份、二次认证,同步调用,用户ID/身份ID/认证级别,P103-01-{业务主键},指数退避3次；超限转死信/人工,超时拒绝高风险操作,请求ID、响应码、耗时、摘要、重试和最终结果
P103,退款,员工端,I02,组织与员工主数据,中心、部门、岗位、员工关系,同步查询+事件订阅,组织ID/员工ID/有效期,P103-02-{业务主键},指数退避3次；超限转死信/人工,缓存降级；变更事件补偿,请求ID、响应码、耗时、摘要、重试和最终结果
P103,退款,员工端,I03,流程任务中心,实例、任务、状态、待办,内部事务+消息,实例号/任务号/状态,P103-03-{业务主键},指数退避3次；超限转死信/人工,幂等重试；死信队列,请求ID、响应码、耗时、摘要、重试和最终结果
P103,退款,员工端,I04,消息通知中心,站内信、短信、邮件、企业微信,异步消息,模板变量/接收人/业务链接,P103-04-{业务主键},指数退避3次；超限转死信/人工,重试3次；失败告警,请求ID、响应码、耗时、摘要、重试和最终结果
P103,退款,员工端,I05,文件与电子证据,附件、哈希、水印、短时下载,对象存储+签名URL,文件ID/哈希/敏感级别,P103-05-{业务主键},指数退避3次；超限转死信/人工,病毒隔离；链接过期,请求ID、响应码、耗时、摘要、重试和最终结果
P103,退款,员工端,I06,审计日志平台,操作、前后值、接口请求ID,异步不可篡改日志,操作者/身份/时间/设备/IP,P103-06-{业务主键},指数退避3次；超限转死信/人工,关键审计失败阻断,请求ID、响应码、耗时、摘要、重试和最终结果
P103,退款,员工端,I07,财务预算与支付,预算占用、票据、付款、凭证、对账,API+批次,预算项/金额/凭证号,P103-07-{业务主键},指数退避3次；超限转死信/人工,冲销补偿；T+1对账,请求ID、响应码、耗时、摘要、重试和最终结果
P103,退款,员工端,I08,订单票务与支付,订单、支付、出票、核销、退款,API+消息,订单号/票码/金额/状态,P103-08-{业务主键},指数退避3次；超限转死信/人工,幂等回调；差异队列,请求ID、响应码、耗时、摘要、重试和最终结果
P103,退款,员工端,I09,内容资产与渠道平台,素材、版本、版权、发布与数据回流,API+平台回调,内容ID/渠道ID/发布状态/指标,P103-09-{业务主键},指数退避3次；超限转死信/人工,回调验签；平台差异对账,请求ID、响应码、耗时、摘要、重试和最终结果
P104,评价客诉,员工端,I01,统一身份与MFA,认证、任职身份、二次认证,同步调用,用户ID/身份ID/认证级别,P104-01-{业务主键},指数退避3次；超限转死信/人工,超时拒绝高风险操作,请求ID、响应码、耗时、摘要、重试和最终结果
P104,评价客诉,员工端,I02,组织与员工主数据,中心、部门、岗位、员工关系,同步查询+事件订阅,组织ID/员工ID/有效期,P104-02-{业务主键},指数退避3次；超限转死信/人工,缓存降级；变更事件补偿,请求ID、响应码、耗时、摘要、重试和最终结果
P104,评价客诉,员工端,I03,流程任务中心,实例、任务、状态、待办,内部事务+消息,实例号/任务号/状态,P104-03-{业务主键},指数退避3次；超限转死信/人工,幂等重试；死信队列,请求ID、响应码、耗时、摘要、重试和最终结果
P104,评价客诉,员工端,I04,消息通知中心,站内信、短信、邮件、企业微信,异步消息,模板变量/接收人/业务链接,P104-04-{业务主键},指数退避3次；超限转死信/人工,重试3次；失败告警,请求ID、响应码、耗时、摘要、重试和最终结果
P104,评价客诉,员工端,I05,文件与电子证据,附件、哈希、水印、短时下载,对象存储+签名URL,文件ID/哈希/敏感级别,P104-05-{业务主键},指数退避3次；超限转死信/人工,病毒隔离；链接过期,请求ID、响应码、耗时、摘要、重试和最终结果
P104,评价客诉,员工端,I06,审计日志平台,操作、前后值、接口请求ID,异步不可篡改日志,操作者/身份/时间/设备/IP,P104-06-{业务主键},指数退避3次；超限转死信/人工,关键审计失败阻断,请求ID、响应码、耗时、摘要、重试和最终结果
P104,评价客诉,员工端,I07,订单票务与支付,订单、支付、出票、核销、退款,API+消息,订单号/票码/金额/状态,P104-07-{业务主键},指数退避3次；超限转死信/人工,幂等回调；差异队列,请求ID、响应码、耗时、摘要、重试和最终结果
P104,评价客诉,员工端,I08,内容资产与渠道平台,素材、版本、版权、发布与数据回流,API+平台回调,内容ID/渠道ID/发布状态/指标,P104-08-{业务主键},指数退避3次；超限转死信/人工,回调验签；平台差异对账,请求ID、响应码、耗时、摘要、重试和最终结果
P105,短视频发布,员工端,I01,统一身份与MFA,认证、任职身份、二次认证,同步调用,用户ID/身份ID/认证级别,P105-01-{业务主键},指数退避3次；超限转死信/人工,超时拒绝高风险操作,请求ID、响应码、耗时、摘要、重试和最终结果
P105,短视频发布,员工端,I02,组织与员工主数据,中心、部门、岗位、员工关系,同步查询+事件订阅,组织ID/员工ID/有效期,P105-02-{业务主键},指数退避3次；超限转死信/人工,缓存降级；变更事件补偿,请求ID、响应码、耗时、摘要、重试和最终结果
P105,短视频发布,员工端,I03,流程任务中心,实例、任务、状态、待办,内部事务+消息,实例号/任务号/状态,P105-03-{业务主键},指数退避3次；超限转死信/人工,幂等重试；死信队列,请求ID、响应码、耗时、摘要、重试和最终结果
P105,短视频发布,员工端,I04,消息通知中心,站内信、短信、邮件、企业微信,异步消息,模板变量/接收人/业务链接,P105-04-{业务主键},指数退避3次；超限转死信/人工,重试3次；失败告警,请求ID、响应码、耗时、摘要、重试和最终结果
P105,短视频发布,员工端,I05,文件与电子证据,附件、哈希、水印、短时下载,对象存储+签名URL,文件ID/哈希/敏感级别,P105-05-{业务主键},指数退避3次；超限转死信/人工,病毒隔离；链接过期,请求ID、响应码、耗时、摘要、重试和最终结果
P105,短视频发布,员工端,I06,审计日志平台,操作、前后值、接口请求ID,异步不可篡改日志,操作者/身份/时间/设备/IP,P105-06-{业务主键},指数退避3次；超限转死信/人工,关键审计失败阻断,请求ID、响应码、耗时、摘要、重试和最终结果
P105,短视频发布,员工端,I07,内容资产与渠道平台,素材、版本、版权、发布与数据回流,API+平台回调,内容ID/渠道ID/发布状态/指标,P105-07-{业务主键},指数退避3次；超限转死信/人工,回调验签；平台差异对账,请求ID、响应码、耗时、摘要、重试和最终结果
P106,直播执行,员工端,I01,统一身份与MFA,认证、任职身份、二次认证,同步调用,用户ID/身份ID/认证级别,P106-01-{业务主键},指数退避3次；超限转死信/人工,超时拒绝高风险操作,请求ID、响应码、耗时、摘要、重试和最终结果
P106,直播执行,员工端,I02,组织与员工主数据,中心、部门、岗位、员工关系,同步查询+事件订阅,组织ID/员工ID/有效期,P106-02-{业务主键},指数退避3次；超限转死信/人工,缓存降级；变更事件补偿,请求ID、响应码、耗时、摘要、重试和最终结果
P106,直播执行,员工端,I03,流程任务中心,实例、任务、状态、待办,内部事务+消息,实例号/任务号/状态,P106-03-{业务主键},指数退避3次；超限转死信/人工,幂等重试；死信队列,请求ID、响应码、耗时、摘要、重试和最终结果
P106,直播执行,员工端,I04,消息通知中心,站内信、短信、邮件、企业微信,异步消息,模板变量/接收人/业务链接,P106-04-{业务主键},指数退避3次；超限转死信/人工,重试3次；失败告警,请求ID、响应码、耗时、摘要、重试和最终结果
P106,直播执行,员工端,I05,文件与电子证据,附件、哈希、水印、短时下载,对象存储+签名URL,文件ID/哈希/敏感级别,P106-05-{业务主键},指数退避3次；超限转死信/人工,病毒隔离；链接过期,请求ID、响应码、耗时、摘要、重试和最终结果
P106,直播执行,员工端,I06,审计日志平台,操作、前后值、接口请求ID,异步不可篡改日志,操作者/身份/时间/设备/IP,P106-06-{业务主键},指数退避3次；超限转死信/人工,关键审计失败阻断,请求ID、响应码、耗时、摘要、重试和最终结果
P106,直播执行,员工端,I07,订单票务与支付,订单、支付、出票、核销、退款,API+消息,订单号/票码/金额/状态,P106-07-{业务主键},指数退避3次；超限转死信/人工,幂等回调；差异队列,请求ID、响应码、耗时、摘要、重试和最终结果
P106,直播执行,员工端,I08,CRM与客户主数据,客户、联系人、线索、商机、归属,API+事件,客户ID/商机号/负责人,P106-08-{业务主键},指数退避3次；超限转死信/人工,查重合并；归属冲突工单,请求ID、响应码、耗时、摘要、重试和最终结果
P106,直播执行,员工端,I09,内容资产与渠道平台,素材、版本、版权、发布与数据回流,API+平台回调,内容ID/渠道ID/发布状态/指标,P106-09-{业务主键},指数退避3次；超限转死信/人工,回调验签；平台差异对账,请求ID、响应码、耗时、摘要、重试和最终结果
P107,投放,员工端,I01,统一身份与MFA,认证、任职身份、二次认证,同步调用,用户ID/身份ID/认证级别,P107-01-{业务主键},指数退避3次；超限转死信/人工,超时拒绝高风险操作,请求ID、响应码、耗时、摘要、重试和最终结果
P107,投放,员工端,I02,组织与员工主数据,中心、部门、岗位、员工关系,同步查询+事件订阅,组织ID/员工ID/有效期,P107-02-{业务主键},指数退避3次；超限转死信/人工,缓存降级；变更事件补偿,请求ID、响应码、耗时、摘要、重试和最终结果
P107,投放,员工端,I03,流程任务中心,实例、任务、状态、待办,内部事务+消息,实例号/任务号/状态,P107-03-{业务主键},指数退避3次；超限转死信/人工,幂等重试；死信队列,请求ID、响应码、耗时、摘要、重试和最终结果
P107,投放,员工端,I04,消息通知中心,站内信、短信、邮件、企业微信,异步消息,模板变量/接收人/业务链接,P107-04-{业务主键},指数退避3次；超限转死信/人工,重试3次；失败告警,请求ID、响应码、耗时、摘要、重试和最终结果
P107,投放,员工端,I05,文件与电子证据,附件、哈希、水印、短时下载,对象存储+签名URL,文件ID/哈希/敏感级别,P107-05-{业务主键},指数退避3次；超限转死信/人工,病毒隔离；链接过期,请求ID、响应码、耗时、摘要、重试和最终结果
P107,投放,员工端,I06,审计日志平台,操作、前后值、接口请求ID,异步不可篡改日志,操作者/身份/时间/设备/IP,P107-06-{业务主键},指数退避3次；超限转死信/人工,关键审计失败阻断,请求ID、响应码、耗时、摘要、重试和最终结果
P107,投放,员工端,I07,财务预算与支付,预算占用、票据、付款、凭证、对账,API+批次,预算项/金额/凭证号,P107-07-{业务主键},指数退避3次；超限转死信/人工,冲销补偿；T+1对账,请求ID、响应码、耗时、摘要、重试和最终结果
P107,投放,员工端,I08,内容资产与渠道平台,素材、版本、版权、发布与数据回流,API+平台回调,内容ID/渠道ID/发布状态/指标,P107-08-{业务主键},指数退避3次；超限转死信/人工,回调验签；平台差异对账,请求ID、响应码、耗时、摘要、重试和最终结果
P108,舆情,员工端,I01,统一身份与MFA,认证、任职身份、二次认证,同步调用,用户ID/身份ID/认证级别,P108-01-{业务主键},指数退避3次；超限转死信/人工,超时拒绝高风险操作,请求ID、响应码、耗时、摘要、重试和最终结果
P108,舆情,员工端,I02,组织与员工主数据,中心、部门、岗位、员工关系,同步查询+事件订阅,组织ID/员工ID/有效期,P108-02-{业务主键},指数退避3次；超限转死信/人工,缓存降级；变更事件补偿,请求ID、响应码、耗时、摘要、重试和最终结果
P108,舆情,员工端,I03,流程任务中心,实例、任务、状态、待办,内部事务+消息,实例号/任务号/状态,P108-03-{业务主键},指数退避3次；超限转死信/人工,幂等重试；死信队列,请求ID、响应码、耗时、摘要、重试和最终结果
P108,舆情,员工端,I04,消息通知中心,站内信、短信、邮件、企业微信,异步消息,模板变量/接收人/业务链接,P108-04-{业务主键},指数退避3次；超限转死信/人工,重试3次；失败告警,请求ID、响应码、耗时、摘要、重试和最终结果
P108,舆情,员工端,I05,文件与电子证据,附件、哈希、水印、短时下载,对象存储+签名URL,文件ID/哈希/敏感级别,P108-05-{业务主键},指数退避3次；超限转死信/人工,病毒隔离；链接过期,请求ID、响应码、耗时、摘要、重试和最终结果
P108,舆情,员工端,I06,审计日志平台,操作、前后值、接口请求ID,异步不可篡改日志,操作者/身份/时间/设备/IP,P108-06-{业务主键},指数退避3次；超限转死信/人工,关键审计失败阻断,请求ID、响应码、耗时、摘要、重试和最终结果
P108,舆情,员工端,I07,内容资产与渠道平台,素材、版本、版权、发布与数据回流,API+平台回调,内容ID/渠道ID/发布状态/指标,P108-07-{业务主键},指数退避3次；超限转死信/人工,回调验签；平台差异对账,请求ID、响应码、耗时、摘要、重试和最终结果
P109,品牌授权,员工端,I01,统一身份与MFA,认证、任职身份、二次认证,同步调用,用户ID/身份ID/认证级别,P109-01-{业务主键},指数退避3次；超限转死信/人工,超时拒绝高风险操作,请求ID、响应码、耗时、摘要、重试和最终结果
P109,品牌授权,员工端,I02,组织与员工主数据,中心、部门、岗位、员工关系,同步查询+事件订阅,组织ID/员工ID/有效期,P109-02-{业务主键},指数退避3次；超限转死信/人工,缓存降级；变更事件补偿,请求ID、响应码、耗时、摘要、重试和最终结果
P109,品牌授权,员工端,I03,流程任务中心,实例、任务、状态、待办,内部事务+消息,实例号/任务号/状态,P109-03-{业务主键},指数退避3次；超限转死信/人工,幂等重试；死信队列,请求ID、响应码、耗时、摘要、重试和最终结果
P109,品牌授权,员工端,I04,消息通知中心,站内信、短信、邮件、企业微信,异步消息,模板变量/接收人/业务链接,P109-04-{业务主键},指数退避3次；超限转死信/人工,重试3次；失败告警,请求ID、响应码、耗时、摘要、重试和最终结果
P109,品牌授权,员工端,I05,文件与电子证据,附件、哈希、水印、短时下载,对象存储+签名URL,文件ID/哈希/敏感级别,P109-05-{业务主键},指数退避3次；超限转死信/人工,病毒隔离；链接过期,请求ID、响应码、耗时、摘要、重试和最终结果
P109,品牌授权,员工端,I06,审计日志平台,操作、前后值、接口请求ID,异步不可篡改日志,操作者/身份/时间/设备/IP,P109-06-{业务主键},指数退避3次；超限转死信/人工,关键审计失败阻断,请求ID、响应码、耗时、摘要、重试和最终结果
P109,品牌授权,员工端,I07,内容资产与渠道平台,素材、版本、版权、发布与数据回流,API+平台回调,内容ID/渠道ID/发布状态/指标,P109-07-{业务主键},指数退避3次；超限转死信/人工,回调验签；平台差异对账,请求ID、响应码、耗时、摘要、重试和最终结果
P110,物料审核,员工端,I01,统一身份与MFA,认证、任职身份、二次认证,同步调用,用户ID/身份ID/认证级别,P110-01-{业务主键},指数退避3次；超限转死信/人工,超时拒绝高风险操作,请求ID、响应码、耗时、摘要、重试和最终结果
P110,物料审核,员工端,I02,组织与员工主数据,中心、部门、岗位、员工关系,同步查询+事件订阅,组织ID/员工ID/有效期,P110-02-{业务主键},指数退避3次；超限转死信/人工,缓存降级；变更事件补偿,请求ID、响应码、耗时、摘要、重试和最终结果
P110,物料审核,员工端,I03,流程任务中心,实例、任务、状态、待办,内部事务+消息,实例号/任务号/状态,P110-03-{业务主键},指数退避3次；超限转死信/人工,幂等重试；死信队列,请求ID、响应码、耗时、摘要、重试和最终结果
P110,物料审核,员工端,I04,消息通知中心,站内信、短信、邮件、企业微信,异步消息,模板变量/接收人/业务链接,P110-04-{业务主键},指数退避3次；超限转死信/人工,重试3次；失败告警,请求ID、响应码、耗时、摘要、重试和最终结果
P110,物料审核,员工端,I05,文件与电子证据,附件、哈希、水印、短时下载,对象存储+签名URL,文件ID/哈希/敏感级别,P110-05-{业务主键},指数退避3次；超限转死信/人工,病毒隔离；链接过期,请求ID、响应码、耗时、摘要、重试和最终结果
P110,物料审核,员工端,I06,审计日志平台,操作、前后值、接口请求ID,异步不可篡改日志,操作者/身份/时间/设备/IP,P110-06-{业务主键},指数退避3次；超限转死信/人工,关键审计失败阻断,请求ID、响应码、耗时、摘要、重试和最终结果
P110,物料审核,员工端,I07,内容资产与渠道平台,素材、版本、版权、发布与数据回流,API+平台回调,内容ID/渠道ID/发布状态/指标,P110-07-{业务主键},指数退避3次；超限转死信/人工,回调验签；平台差异对账,请求ID、响应码、耗时、摘要、重试和最终结果
P111,侵权处理,员工端,I01,统一身份与MFA,认证、任职身份、二次认证,同步调用,用户ID/身份ID/认证级别,P111-01-{业务主键},指数退避3次；超限转死信/人工,超时拒绝高风险操作,请求ID、响应码、耗时、摘要、重试和最终结果
P111,侵权处理,员工端,I02,组织与员工主数据,中心、部门、岗位、员工关系,同步查询+事件订阅,组织ID/员工ID/有效期,P111-02-{业务主键},指数退避3次；超限转死信/人工,缓存降级；变更事件补偿,请求ID、响应码、耗时、摘要、重试和最终结果
P111,侵权处理,员工端,I03,流程任务中心,实例、任务、状态、待办,内部事务+消息,实例号/任务号/状态,P111-03-{业务主键},指数退避3次；超限转死信/人工,幂等重试；死信队列,请求ID、响应码、耗时、摘要、重试和最终结果
P111,侵权处理,员工端,I04,消息通知中心,站内信、短信、邮件、企业微信,异步消息,模板变量/接收人/业务链接,P111-04-{业务主键},指数退避3次；超限转死信/人工,重试3次；失败告警,请求ID、响应码、耗时、摘要、重试和最终结果
P111,侵权处理,员工端,I05,文件与电子证据,附件、哈希、水印、短时下载,对象存储+签名URL,文件ID/哈希/敏感级别,P111-05-{业务主键},指数退避3次；超限转死信/人工,病毒隔离；链接过期,请求ID、响应码、耗时、摘要、重试和最终结果
P111,侵权处理,员工端,I06,审计日志平台,操作、前后值、接口请求ID,异步不可篡改日志,操作者/身份/时间/设备/IP,P111-06-{业务主键},指数退避3次；超限转死信/人工,关键审计失败阻断,请求ID、响应码、耗时、摘要、重试和最终结果
P111,侵权处理,员工端,I07,CRM与客户主数据,客户、联系人、线索、商机、归属,API+事件,客户ID/商机号/负责人,P111-07-{业务主键},指数退避3次；超限转死信/人工,查重合并；归属冲突工单,请求ID、响应码、耗时、摘要、重试和最终结果
P111,侵权处理,员工端,I08,内容资产与渠道平台,素材、版本、版权、发布与数据回流,API+平台回调,内容ID/渠道ID/发布状态/指标,P111-08-{业务主键},指数退避3次；超限转死信/人工,回调验签；平台差异对账,请求ID、响应码、耗时、摘要、重试和最终结果
P112,标准接待,员工端,I01,统一身份与MFA,认证、任职身份、二次认证,同步调用,用户ID/身份ID/认证级别,P112-01-{业务主键},指数退避3次；超限转死信/人工,超时拒绝高风险操作,请求ID、响应码、耗时、摘要、重试和最终结果
P112,标准接待,员工端,I02,组织与员工主数据,中心、部门、岗位、员工关系,同步查询+事件订阅,组织ID/员工ID/有效期,P112-02-{业务主键},指数退避3次；超限转死信/人工,缓存降级；变更事件补偿,请求ID、响应码、耗时、摘要、重试和最终结果
P112,标准接待,员工端,I03,流程任务中心,实例、任务、状态、待办,内部事务+消息,实例号/任务号/状态,P112-03-{业务主键},指数退避3次；超限转死信/人工,幂等重试；死信队列,请求ID、响应码、耗时、摘要、重试和最终结果
P112,标准接待,员工端,I04,消息通知中心,站内信、短信、邮件、企业微信,异步消息,模板变量/接收人/业务链接,P112-04-{业务主键},指数退避3次；超限转死信/人工,重试3次；失败告警,请求ID、响应码、耗时、摘要、重试和最终结果
P112,标准接待,员工端,I05,文件与电子证据,附件、哈希、水印、短时下载,对象存储+签名URL,文件ID/哈希/敏感级别,P112-05-{业务主键},指数退避3次；超限转死信/人工,病毒隔离；链接过期,请求ID、响应码、耗时、摘要、重试和最终结果
P112,标准接待,员工端,I06,审计日志平台,操作、前后值、接口请求ID,异步不可篡改日志,操作者/身份/时间/设备/IP,P112-06-{业务主键},指数退避3次；超限转死信/人工,关键审计失败阻断,请求ID、响应码、耗时、摘要、重试和最终结果
P112,标准接待,员工端,I07,财务预算与支付,预算占用、票据、付款、凭证、对账,API+批次,预算项/金额/凭证号,P112-07-{业务主键},指数退避3次；超限转死信/人工,冲销补偿；T+1对账,请求ID、响应码、耗时、摘要、重试和最终结果
P112,标准接待,员工端,I08,CRM与客户主数据,客户、联系人、线索、商机、归属,API+事件,客户ID/商机号/负责人,P112-08-{业务主键},指数退避3次；超限转死信/人工,查重合并；归属冲突工单,请求ID、响应码、耗时、摘要、重试和最终结果
P113,临时变更,员工端,I01,统一身份与MFA,认证、任职身份、二次认证,同步调用,用户ID/身份ID/认证级别,P113-01-{业务主键},指数退避3次；超限转死信/人工,超时拒绝高风险操作,请求ID、响应码、耗时、摘要、重试和最终结果
P113,临时变更,员工端,I02,组织与员工主数据,中心、部门、岗位、员工关系,同步查询+事件订阅,组织ID/员工ID/有效期,P113-02-{业务主键},指数退避3次；超限转死信/人工,缓存降级；变更事件补偿,请求ID、响应码、耗时、摘要、重试和最终结果
P113,临时变更,员工端,I03,流程任务中心,实例、任务、状态、待办,内部事务+消息,实例号/任务号/状态,P113-03-{业务主键},指数退避3次；超限转死信/人工,幂等重试；死信队列,请求ID、响应码、耗时、摘要、重试和最终结果
P113,临时变更,员工端,I04,消息通知中心,站内信、短信、邮件、企业微信,异步消息,模板变量/接收人/业务链接,P113-04-{业务主键},指数退避3次；超限转死信/人工,重试3次；失败告警,请求ID、响应码、耗时、摘要、重试和最终结果
P113,临时变更,员工端,I05,文件与电子证据,附件、哈希、水印、短时下载,对象存储+签名URL,文件ID/哈希/敏感级别,P113-05-{业务主键},指数退避3次；超限转死信/人工,病毒隔离；链接过期,请求ID、响应码、耗时、摘要、重试和最终结果
P113,临时变更,员工端,I06,审计日志平台,操作、前后值、接口请求ID,异步不可篡改日志,操作者/身份/时间/设备/IP,P113-06-{业务主键},指数退避3次；超限转死信/人工,关键审计失败阻断,请求ID、响应码、耗时、摘要、重试和最终结果
P113,临时变更,员工端,I07,CRM与客户主数据,客户、联系人、线索、商机、归属,API+事件,客户ID/商机号/负责人,P113-07-{业务主键},指数退避3次；超限转死信/人工,查重合并；归属冲突工单,请求ID、响应码、耗时、摘要、重试和最终结果
P114,导游执行,员工端,I01,统一身份与MFA,认证、任职身份、二次认证,同步调用,用户ID/身份ID/认证级别,P114-01-{业务主键},指数退避3次；超限转死信/人工,超时拒绝高风险操作,请求ID、响应码、耗时、摘要、重试和最终结果
P114,导游执行,员工端,I02,组织与员工主数据,中心、部门、岗位、员工关系,同步查询+事件订阅,组织ID/员工ID/有效期,P114-02-{业务主键},指数退避3次；超限转死信/人工,缓存降级；变更事件补偿,请求ID、响应码、耗时、摘要、重试和最终结果
P114,导游执行,员工端,I03,流程任务中心,实例、任务、状态、待办,内部事务+消息,实例号/任务号/状态,P114-03-{业务主键},指数退避3次；超限转死信/人工,幂等重试；死信队列,请求ID、响应码、耗时、摘要、重试和最终结果
P114,导游执行,员工端,I04,消息通知中心,站内信、短信、邮件、企业微信,异步消息,模板变量/接收人/业务链接,P114-04-{业务主键},指数退避3次；超限转死信/人工,重试3次；失败告警,请求ID、响应码、耗时、摘要、重试和最终结果
P114,导游执行,员工端,I05,文件与电子证据,附件、哈希、水印、短时下载,对象存储+签名URL,文件ID/哈希/敏感级别,P114-05-{业务主键},指数退避3次；超限转死信/人工,病毒隔离；链接过期,请求ID、响应码、耗时、摘要、重试和最终结果
P114,导游执行,员工端,I06,审计日志平台,操作、前后值、接口请求ID,异步不可篡改日志,操作者/身份/时间/设备/IP,P114-06-{业务主键},指数退避3次；超限转死信/人工,关键审计失败阻断,请求ID、响应码、耗时、摘要、重试和最终结果
P114,导游执行,员工端,I07,订单票务与支付,订单、支付、出票、核销、退款,API+消息,订单号/票码/金额/状态,P114-07-{业务主键},指数退避3次；超限转死信/人工,幂等回调；差异队列,请求ID、响应码、耗时、摘要、重试和最终结果
P114,导游执行,员工端,I08,CRM与客户主数据,客户、联系人、线索、商机、归属,API+事件,客户ID/商机号/负责人,P114-08-{业务主键},指数退避3次；超限转死信/人工,查重合并；归属冲突工单,请求ID、响应码、耗时、摘要、重试和最终结果
P115,接待客诉,员工端,I01,统一身份与MFA,认证、任职身份、二次认证,同步调用,用户ID/身份ID/认证级别,P115-01-{业务主键},指数退避3次；超限转死信/人工,超时拒绝高风险操作,请求ID、响应码、耗时、摘要、重试和最终结果
P115,接待客诉,员工端,I02,组织与员工主数据,中心、部门、岗位、员工关系,同步查询+事件订阅,组织ID/员工ID/有效期,P115-02-{业务主键},指数退避3次；超限转死信/人工,缓存降级；变更事件补偿,请求ID、响应码、耗时、摘要、重试和最终结果
P115,接待客诉,员工端,I03,流程任务中心,实例、任务、状态、待办,内部事务+消息,实例号/任务号/状态,P115-03-{业务主键},指数退避3次；超限转死信/人工,幂等重试；死信队列,请求ID、响应码、耗时、摘要、重试和最终结果
P115,接待客诉,员工端,I04,消息通知中心,站内信、短信、邮件、企业微信,异步消息,模板变量/接收人/业务链接,P115-04-{业务主键},指数退避3次；超限转死信/人工,重试3次；失败告警,请求ID、响应码、耗时、摘要、重试和最终结果
P115,接待客诉,员工端,I05,文件与电子证据,附件、哈希、水印、短时下载,对象存储+签名URL,文件ID/哈希/敏感级别,P115-05-{业务主键},指数退避3次；超限转死信/人工,病毒隔离；链接过期,请求ID、响应码、耗时、摘要、重试和最终结果
P115,接待客诉,员工端,I06,审计日志平台,操作、前后值、接口请求ID,异步不可篡改日志,操作者/身份/时间/设备/IP,P115-06-{业务主键},指数退避3次；超限转死信/人工,关键审计失败阻断,请求ID、响应码、耗时、摘要、重试和最终结果
P115,接待客诉,员工端,I07,CRM与客户主数据,客户、联系人、线索、商机、归属,API+事件,客户ID/商机号/负责人,P115-07-{业务主键},指数退避3次；超限转死信/人工,查重合并；归属冲突工单,请求ID、响应码、耗时、摘要、重试和最终结果
P116,线索转商机,员工端,I01,统一身份与MFA,认证、任职身份、二次认证,同步调用,用户ID/身份ID/认证级别,P116-01-{业务主键},指数退避3次；超限转死信/人工,超时拒绝高风险操作,请求ID、响应码、耗时、摘要、重试和最终结果
P116,线索转商机,员工端,I02,组织与员工主数据,中心、部门、岗位、员工关系,同步查询+事件订阅,组织ID/员工ID/有效期,P116-02-{业务主键},指数退避3次；超限转死信/人工,缓存降级；变更事件补偿,请求ID、响应码、耗时、摘要、重试和最终结果
P116,线索转商机,员工端,I03,流程任务中心,实例、任务、状态、待办,内部事务+消息,实例号/任务号/状态,P116-03-{业务主键},指数退避3次；超限转死信/人工,幂等重试；死信队列,请求ID、响应码、耗时、摘要、重试和最终结果
P116,线索转商机,员工端,I04,消息通知中心,站内信、短信、邮件、企业微信,异步消息,模板变量/接收人/业务链接,P116-04-{业务主键},指数退避3次；超限转死信/人工,重试3次；失败告警,请求ID、响应码、耗时、摘要、重试和最终结果
P116,线索转商机,员工端,I05,文件与电子证据,附件、哈希、水印、短时下载,对象存储+签名URL,文件ID/哈希/敏感级别,P116-05-{业务主键},指数退避3次；超限转死信/人工,病毒隔离；链接过期,请求ID、响应码、耗时、摘要、重试和最终结果
P116,线索转商机,员工端,I06,审计日志平台,操作、前后值、接口请求ID,异步不可篡改日志,操作者/身份/时间/设备/IP,P116-06-{业务主键},指数退避3次；超限转死信/人工,关键审计失败阻断,请求ID、响应码、耗时、摘要、重试和最终结果
P116,线索转商机,员工端,I07,CRM与客户主数据,客户、联系人、线索、商机、归属,API+事件,客户ID/商机号/负责人,P116-07-{业务主键},指数退避3次；超限转死信/人工,查重合并；归属冲突工单,请求ID、响应码、耗时、摘要、重试和最终结果
P117,销售成交,员工端,I01,统一身份与MFA,认证、任职身份、二次认证,同步调用,用户ID/身份ID/认证级别,P117-01-{业务主键},指数退避3次；超限转死信/人工,超时拒绝高风险操作,请求ID、响应码、耗时、摘要、重试和最终结果
P117,销售成交,员工端,I02,组织与员工主数据,中心、部门、岗位、员工关系,同步查询+事件订阅,组织ID/员工ID/有效期,P117-02-{业务主键},指数退避3次；超限转死信/人工,缓存降级；变更事件补偿,请求ID、响应码、耗时、摘要、重试和最终结果
P117,销售成交,员工端,I03,流程任务中心,实例、任务、状态、待办,内部事务+消息,实例号/任务号/状态,P117-03-{业务主键},指数退避3次；超限转死信/人工,幂等重试；死信队列,请求ID、响应码、耗时、摘要、重试和最终结果
P117,销售成交,员工端,I04,消息通知中心,站内信、短信、邮件、企业微信,异步消息,模板变量/接收人/业务链接,P117-04-{业务主键},指数退避3次；超限转死信/人工,重试3次；失败告警,请求ID、响应码、耗时、摘要、重试和最终结果
P117,销售成交,员工端,I05,文件与电子证据,附件、哈希、水印、短时下载,对象存储+签名URL,文件ID/哈希/敏感级别,P117-05-{业务主键},指数退避3次；超限转死信/人工,病毒隔离；链接过期,请求ID、响应码、耗时、摘要、重试和最终结果
P117,销售成交,员工端,I06,审计日志平台,操作、前后值、接口请求ID,异步不可篡改日志,操作者/身份/时间/设备/IP,P117-06-{业务主键},指数退避3次；超限转死信/人工,关键审计失败阻断,请求ID、响应码、耗时、摘要、重试和最终结果
P117,销售成交,员工端,I07,财务预算与支付,预算占用、票据、付款、凭证、对账,API+批次,预算项/金额/凭证号,P117-07-{业务主键},指数退避3次；超限转死信/人工,冲销补偿；T+1对账,请求ID、响应码、耗时、摘要、重试和最终结果
P117,销售成交,员工端,I08,订单票务与支付,订单、支付、出票、核销、退款,API+消息,订单号/票码/金额/状态,P117-08-{业务主键},指数退避3次；超限转死信/人工,幂等回调；差异队列,请求ID、响应码、耗时、摘要、重试和最终结果
P117,销售成交,员工端,I09,CRM与客户主数据,客户、联系人、线索、商机、归属,API+事件,客户ID/商机号/负责人,P117-09-{业务主键},指数退避3次；超限转死信/人工,查重合并；归属冲突工单,请求ID、响应码、耗时、摘要、重试和最终结果
P118,二次销售,员工端,I01,统一身份与MFA,认证、任职身份、二次认证,同步调用,用户ID/身份ID/认证级别,P118-01-{业务主键},指数退避3次；超限转死信/人工,超时拒绝高风险操作,请求ID、响应码、耗时、摘要、重试和最终结果
P118,二次销售,员工端,I02,组织与员工主数据,中心、部门、岗位、员工关系,同步查询+事件订阅,组织ID/员工ID/有效期,P118-02-{业务主键},指数退避3次；超限转死信/人工,缓存降级；变更事件补偿,请求ID、响应码、耗时、摘要、重试和最终结果
P118,二次销售,员工端,I03,流程任务中心,实例、任务、状态、待办,内部事务+消息,实例号/任务号/状态,P118-03-{业务主键},指数退避3次；超限转死信/人工,幂等重试；死信队列,请求ID、响应码、耗时、摘要、重试和最终结果
P118,二次销售,员工端,I04,消息通知中心,站内信、短信、邮件、企业微信,异步消息,模板变量/接收人/业务链接,P118-04-{业务主键},指数退避3次；超限转死信/人工,重试3次；失败告警,请求ID、响应码、耗时、摘要、重试和最终结果
P118,二次销售,员工端,I05,文件与电子证据,附件、哈希、水印、短时下载,对象存储+签名URL,文件ID/哈希/敏感级别,P118-05-{业务主键},指数退避3次；超限转死信/人工,病毒隔离；链接过期,请求ID、响应码、耗时、摘要、重试和最终结果
P118,二次销售,员工端,I06,审计日志平台,操作、前后值、接口请求ID,异步不可篡改日志,操作者/身份/时间/设备/IP,P118-06-{业务主键},指数退避3次；超限转死信/人工,关键审计失败阻断,请求ID、响应码、耗时、摘要、重试和最终结果
P118,二次销售,员工端,I07,人力资源与考勤,员工、编制、合同、假勤、排班、绩效,API+事件,员工ID/岗位/时间/分数,P118-07-{业务主键},指数退避3次；超限转死信/人工,对账补偿；差异工单,请求ID、响应码、耗时、摘要、重试和最终结果
P118,二次销售,员工端,I08,财务预算与支付,预算占用、票据、付款、凭证、对账,API+批次,预算项/金额/凭证号,P118-08-{业务主键},指数退避3次；超限转死信/人工,冲销补偿；T+1对账,请求ID、响应码、耗时、摘要、重试和最终结果
P118,二次销售,员工端,I09,订单票务与支付,订单、支付、出票、核销、退款,API+消息,订单号/票码/金额/状态,P118-09-{业务主键},指数退避3次；超限转死信/人工,幂等回调；差异队列,请求ID、响应码、耗时、摘要、重试和最终结果
P118,二次销售,员工端,I10,CRM与客户主数据,客户、联系人、线索、商机、归属,API+事件,客户ID/商机号/负责人,P118-10-{业务主键},指数退避3次；超限转死信/人工,查重合并；归属冲突工单,请求ID、响应码、耗时、摘要、重试和最终结果
P119,客户移交,员工端,I01,统一身份与MFA,认证、任职身份、二次认证,同步调用,用户ID/身份ID/认证级别,P119-01-{业务主键},指数退避3次；超限转死信/人工,超时拒绝高风险操作,请求ID、响应码、耗时、摘要、重试和最终结果
P119,客户移交,员工端,I02,组织与员工主数据,中心、部门、岗位、员工关系,同步查询+事件订阅,组织ID/员工ID/有效期,P119-02-{业务主键},指数退避3次；超限转死信/人工,缓存降级；变更事件补偿,请求ID、响应码、耗时、摘要、重试和最终结果
P119,客户移交,员工端,I03,流程任务中心,实例、任务、状态、待办,内部事务+消息,实例号/任务号/状态,P119-03-{业务主键},指数退避3次；超限转死信/人工,幂等重试；死信队列,请求ID、响应码、耗时、摘要、重试和最终结果
P119,客户移交,员工端,I04,消息通知中心,站内信、短信、邮件、企业微信,异步消息,模板变量/接收人/业务链接,P119-04-{业务主键},指数退避3次；超限转死信/人工,重试3次；失败告警,请求ID、响应码、耗时、摘要、重试和最终结果
P119,客户移交,员工端,I05,文件与电子证据,附件、哈希、水印、短时下载,对象存储+签名URL,文件ID/哈希/敏感级别,P119-05-{业务主键},指数退避3次；超限转死信/人工,病毒隔离；链接过期,请求ID、响应码、耗时、摘要、重试和最终结果
P119,客户移交,员工端,I06,审计日志平台,操作、前后值、接口请求ID,异步不可篡改日志,操作者/身份/时间/设备/IP,P119-06-{业务主键},指数退避3次；超限转死信/人工,关键审计失败阻断,请求ID、响应码、耗时、摘要、重试和最终结果
P119,客户移交,员工端,I07,人力资源与考勤,员工、编制、合同、假勤、排班、绩效,API+事件,员工ID/岗位/时间/分数,P119-07-{业务主键},指数退避3次；超限转死信/人工,对账补偿；差异工单,请求ID、响应码、耗时、摘要、重试和最终结果
P119,客户移交,员工端,I08,CRM与客户主数据,客户、联系人、线索、商机、归属,API+事件,客户ID/商机号/负责人,P119-08-{业务主键},指数退避3次；超限转死信/人工,查重合并；归属冲突工单,请求ID、响应码、耗时、摘要、重试和最终结果
P120,全员生命周期闭环,员工端,I01,统一身份与MFA,认证、任职身份、二次认证,同步调用,用户ID/身份ID/认证级别,P120-01-{业务主键},指数退避3次；超限转死信/人工,超时拒绝高风险操作,请求ID、响应码、耗时、摘要、重试和最终结果
P120,全员生命周期闭环,员工端,I02,组织与员工主数据,中心、部门、岗位、员工关系,同步查询+事件订阅,组织ID/员工ID/有效期,P120-02-{业务主键},指数退避3次；超限转死信/人工,缓存降级；变更事件补偿,请求ID、响应码、耗时、摘要、重试和最终结果
P120,全员生命周期闭环,员工端,I03,流程任务中心,实例、任务、状态、待办,内部事务+消息,实例号/任务号/状态,P120-03-{业务主键},指数退避3次；超限转死信/人工,幂等重试；死信队列,请求ID、响应码、耗时、摘要、重试和最终结果
P120,全员生命周期闭环,员工端,I04,消息通知中心,站内信、短信、邮件、企业微信,异步消息,模板变量/接收人/业务链接,P120-04-{业务主键},指数退避3次；超限转死信/人工,重试3次；失败告警,请求ID、响应码、耗时、摘要、重试和最终结果
P120,全员生命周期闭环,员工端,I05,文件与电子证据,附件、哈希、水印、短时下载,对象存储+签名URL,文件ID/哈希/敏感级别,P120-05-{业务主键},指数退避3次；超限转死信/人工,病毒隔离；链接过期,请求ID、响应码、耗时、摘要、重试和最终结果
P120,全员生命周期闭环,员工端,I06,审计日志平台,操作、前后值、接口请求ID,异步不可篡改日志,操作者/身份/时间/设备/IP,P120-06-{业务主键},指数退避3次；超限转死信/人工,关键审计失败阻断,请求ID、响应码、耗时、摘要、重试和最终结果
P120,全员生命周期闭环,员工端,I07,人力资源与考勤,员工、编制、合同、假勤、排班、绩效,API+事件,员工ID/岗位/时间/分数,P120-07-{业务主键},指数退避3次；超限转死信/人工,对账补偿；差异工单,请求ID、响应码、耗时、摘要、重试和最终结果
P121,市场获客到交付回款闭环,员工端,I01,统一身份与MFA,认证、任职身份、二次认证,同步调用,用户ID/身份ID/认证级别,P121-01-{业务主键},指数退避3次；超限转死信/人工,超时拒绝高风险操作,请求ID、响应码、耗时、摘要、重试和最终结果
P121,市场获客到交付回款闭环,员工端,I02,组织与员工主数据,中心、部门、岗位、员工关系,同步查询+事件订阅,组织ID/员工ID/有效期,P121-02-{业务主键},指数退避3次；超限转死信/人工,缓存降级；变更事件补偿,请求ID、响应码、耗时、摘要、重试和最终结果
P121,市场获客到交付回款闭环,员工端,I03,流程任务中心,实例、任务、状态、待办,内部事务+消息,实例号/任务号/状态,P121-03-{业务主键},指数退避3次；超限转死信/人工,幂等重试；死信队列,请求ID、响应码、耗时、摘要、重试和最终结果
P121,市场获客到交付回款闭环,员工端,I04,消息通知中心,站内信、短信、邮件、企业微信,异步消息,模板变量/接收人/业务链接,P121-04-{业务主键},指数退避3次；超限转死信/人工,重试3次；失败告警,请求ID、响应码、耗时、摘要、重试和最终结果
P121,市场获客到交付回款闭环,员工端,I05,文件与电子证据,附件、哈希、水印、短时下载,对象存储+签名URL,文件ID/哈希/敏感级别,P121-05-{业务主键},指数退避3次；超限转死信/人工,病毒隔离；链接过期,请求ID、响应码、耗时、摘要、重试和最终结果
P121,市场获客到交付回款闭环,员工端,I06,审计日志平台,操作、前后值、接口请求ID,异步不可篡改日志,操作者/身份/时间/设备/IP,P121-06-{业务主键},指数退避3次；超限转死信/人工,关键审计失败阻断,请求ID、响应码、耗时、摘要、重试和最终结果
P121,市场获客到交付回款闭环,员工端,I07,财务预算与支付,预算占用、票据、付款、凭证、对账,API+批次,预算项/金额/凭证号,P121-07-{业务主键},指数退避3次；超限转死信/人工,冲销补偿；T+1对账,请求ID、响应码、耗时、摘要、重试和最终结果
P121,市场获客到交付回款闭环,员工端,I08,订单票务与支付,订单、支付、出票、核销、退款,API+消息,订单号/票码/金额/状态,P121-08-{业务主键},指数退避3次；超限转死信/人工,幂等回调；差异队列,请求ID、响应码、耗时、摘要、重试和最终结果
P121,市场获客到交付回款闭环,员工端,I09,CRM与客户主数据,客户、联系人、线索、商机、归属,API+事件,客户ID/商机号/负责人,P121-09-{业务主键},指数退避3次；超限转死信/人工,查重合并；归属冲突工单,请求ID、响应码、耗时、摘要、重试和最终结果
P121,市场获客到交付回款闭环,员工端,I10,内容资产与渠道平台,素材、版本、版权、发布与数据回流,API+平台回调,内容ID/渠道ID/发布状态/指标,P121-10-{业务主键},指数退避3次；超限转死信/人工,回调验签；平台差异对账,请求ID、响应码、耗时、摘要、重试和最终结果
P122,接待资源闭环,员工端,I01,统一身份与MFA,认证、任职身份、二次认证,同步调用,用户ID/身份ID/认证级别,P122-01-{业务主键},指数退避3次；超限转死信/人工,超时拒绝高风险操作,请求ID、响应码、耗时、摘要、重试和最终结果
P122,接待资源闭环,员工端,I02,组织与员工主数据,中心、部门、岗位、员工关系,同步查询+事件订阅,组织ID/员工ID/有效期,P122-02-{业务主键},指数退避3次；超限转死信/人工,缓存降级；变更事件补偿,请求ID、响应码、耗时、摘要、重试和最终结果
P122,接待资源闭环,员工端,I03,流程任务中心,实例、任务、状态、待办,内部事务+消息,实例号/任务号/状态,P122-03-{业务主键},指数退避3次；超限转死信/人工,幂等重试；死信队列,请求ID、响应码、耗时、摘要、重试和最终结果
P122,接待资源闭环,员工端,I04,消息通知中心,站内信、短信、邮件、企业微信,异步消息,模板变量/接收人/业务链接,P122-04-{业务主键},指数退避3次；超限转死信/人工,重试3次；失败告警,请求ID、响应码、耗时、摘要、重试和最终结果
P122,接待资源闭环,员工端,I05,文件与电子证据,附件、哈希、水印、短时下载,对象存储+签名URL,文件ID/哈希/敏感级别,P122-05-{业务主键},指数退避3次；超限转死信/人工,病毒隔离；链接过期,请求ID、响应码、耗时、摘要、重试和最终结果
P122,接待资源闭环,员工端,I06,审计日志平台,操作、前后值、接口请求ID,异步不可篡改日志,操作者/身份/时间/设备/IP,P122-06-{业务主键},指数退避3次；超限转死信/人工,关键审计失败阻断,请求ID、响应码、耗时、摘要、重试和最终结果
P122,接待资源闭环,员工端,I07,订单票务与支付,订单、支付、出票、核销、退款,API+消息,订单号/票码/金额/状态,P122-07-{业务主键},指数退避3次；超限转死信/人工,幂等回调；差异队列,请求ID、响应码、耗时、摘要、重试和最终结果
P122,接待资源闭环,员工端,I08,CRM与客户主数据,客户、联系人、线索、商机、归属,API+事件,客户ID/商机号/负责人,P122-08-{业务主键},指数退避3次；超限转死信/人工,查重合并；归属冲突工单,请求ID、响应码、耗时、摘要、重试和最终结果
P123,演艺场次闭环,员工端,I01,统一身份与MFA,认证、任职身份、二次认证,同步调用,用户ID/身份ID/认证级别,P123-01-{业务主键},指数退避3次；超限转死信/人工,超时拒绝高风险操作,请求ID、响应码、耗时、摘要、重试和最终结果
P123,演艺场次闭环,员工端,I02,组织与员工主数据,中心、部门、岗位、员工关系,同步查询+事件订阅,组织ID/员工ID/有效期,P123-02-{业务主键},指数退避3次；超限转死信/人工,缓存降级；变更事件补偿,请求ID、响应码、耗时、摘要、重试和最终结果
P123,演艺场次闭环,员工端,I03,流程任务中心,实例、任务、状态、待办,内部事务+消息,实例号/任务号/状态,P123-03-{业务主键},指数退避3次；超限转死信/人工,幂等重试；死信队列,请求ID、响应码、耗时、摘要、重试和最终结果
P123,演艺场次闭环,员工端,I04,消息通知中心,站内信、短信、邮件、企业微信,异步消息,模板变量/接收人/业务链接,P123-04-{业务主键},指数退避3次；超限转死信/人工,重试3次；失败告警,请求ID、响应码、耗时、摘要、重试和最终结果
P123,演艺场次闭环,员工端,I05,文件与电子证据,附件、哈希、水印、短时下载,对象存储+签名URL,文件ID/哈希/敏感级别,P123-05-{业务主键},指数退避3次；超限转死信/人工,病毒隔离；链接过期,请求ID、响应码、耗时、摘要、重试和最终结果
P123,演艺场次闭环,员工端,I06,审计日志平台,操作、前后值、接口请求ID,异步不可篡改日志,操作者/身份/时间/设备/IP,P123-06-{业务主键},指数退避3次；超限转死信/人工,关键审计失败阻断,请求ID、响应码、耗时、摘要、重试和最终结果
P123,演艺场次闭环,员工端,I07,资产仓储系统,物料、批次、序列号、库存与资产状态,API+事件,物料/资产ID/数量/库位,P123-07-{业务主键},指数退避3次；超限转死信/人工,库存锁补偿；负库存阻断,请求ID、响应码、耗时、摘要、重试和最终结果
P124,采购资产财务闭环,员工端,I01,统一身份与MFA,认证、任职身份、二次认证,同步调用,用户ID/身份ID/认证级别,P124-01-{业务主键},指数退避3次；超限转死信/人工,超时拒绝高风险操作,请求ID、响应码、耗时、摘要、重试和最终结果
P124,采购资产财务闭环,员工端,I02,组织与员工主数据,中心、部门、岗位、员工关系,同步查询+事件订阅,组织ID/员工ID/有效期,P124-02-{业务主键},指数退避3次；超限转死信/人工,缓存降级；变更事件补偿,请求ID、响应码、耗时、摘要、重试和最终结果
P124,采购资产财务闭环,员工端,I03,流程任务中心,实例、任务、状态、待办,内部事务+消息,实例号/任务号/状态,P124-03-{业务主键},指数退避3次；超限转死信/人工,幂等重试；死信队列,请求ID、响应码、耗时、摘要、重试和最终结果
P124,采购资产财务闭环,员工端,I04,消息通知中心,站内信、短信、邮件、企业微信,异步消息,模板变量/接收人/业务链接,P124-04-{业务主键},指数退避3次；超限转死信/人工,重试3次；失败告警,请求ID、响应码、耗时、摘要、重试和最终结果
P124,采购资产财务闭环,员工端,I05,文件与电子证据,附件、哈希、水印、短时下载,对象存储+签名URL,文件ID/哈希/敏感级别,P124-05-{业务主键},指数退避3次；超限转死信/人工,病毒隔离；链接过期,请求ID、响应码、耗时、摘要、重试和最终结果
P124,采购资产财务闭环,员工端,I06,审计日志平台,操作、前后值、接口请求ID,异步不可篡改日志,操作者/身份/时间/设备/IP,P124-06-{业务主键},指数退避3次；超限转死信/人工,关键审计失败阻断,请求ID、响应码、耗时、摘要、重试和最终结果
P124,采购资产财务闭环,员工端,I07,财务预算与支付,预算占用、票据、付款、凭证、对账,API+批次,预算项/金额/凭证号,P124-07-{业务主键},指数退避3次；超限转死信/人工,冲销补偿；T+1对账,请求ID、响应码、耗时、摘要、重试和最终结果
P124,采购资产财务闭环,员工端,I08,资产仓储系统,物料、批次、序列号、库存与资产状态,API+事件,物料/资产ID/数量/库位,P124-08-{业务主键},指数退避3次；超限转死信/人工,库存锁补偿；负库存阻断,请求ID、响应码、耗时、摘要、重试和最终结果
P125,内容生产发布闭环,员工端,I01,统一身份与MFA,认证、任职身份、二次认证,同步调用,用户ID/身份ID/认证级别,P125-01-{业务主键},指数退避3次；超限转死信/人工,超时拒绝高风险操作,请求ID、响应码、耗时、摘要、重试和最终结果
P125,内容生产发布闭环,员工端,I02,组织与员工主数据,中心、部门、岗位、员工关系,同步查询+事件订阅,组织ID/员工ID/有效期,P125-02-{业务主键},指数退避3次；超限转死信/人工,缓存降级；变更事件补偿,请求ID、响应码、耗时、摘要、重试和最终结果
P125,内容生产发布闭环,员工端,I03,流程任务中心,实例、任务、状态、待办,内部事务+消息,实例号/任务号/状态,P125-03-{业务主键},指数退避3次；超限转死信/人工,幂等重试；死信队列,请求ID、响应码、耗时、摘要、重试和最终结果
P125,内容生产发布闭环,员工端,I04,消息通知中心,站内信、短信、邮件、企业微信,异步消息,模板变量/接收人/业务链接,P125-04-{业务主键},指数退避3次；超限转死信/人工,重试3次；失败告警,请求ID、响应码、耗时、摘要、重试和最终结果
P125,内容生产发布闭环,员工端,I05,文件与电子证据,附件、哈希、水印、短时下载,对象存储+签名URL,文件ID/哈希/敏感级别,P125-05-{业务主键},指数退避3次；超限转死信/人工,病毒隔离；链接过期,请求ID、响应码、耗时、摘要、重试和最终结果
P125,内容生产发布闭环,员工端,I06,审计日志平台,操作、前后值、接口请求ID,异步不可篡改日志,操作者/身份/时间/设备/IP,P125-06-{业务主键},指数退避3次；超限转死信/人工,关键审计失败阻断,请求ID、响应码、耗时、摘要、重试和最终结果
P125,内容生产发布闭环,员工端,I07,订单票务与支付,订单、支付、出票、核销、退款,API+消息,订单号/票码/金额/状态,P125-07-{业务主键},指数退避3次；超限转死信/人工,幂等回调；差异队列,请求ID、响应码、耗时、摘要、重试和最终结果
P125,内容生产发布闭环,员工端,I08,CRM与客户主数据,客户、联系人、线索、商机、归属,API+事件,客户ID/商机号/负责人,P125-08-{业务主键},指数退避3次；超限转死信/人工,查重合并；归属冲突工单,请求ID、响应码、耗时、摘要、重试和最终结果
P125,内容生产发布闭环,员工端,I09,CMDB/研发/CI-CD,配置项、代码、构建、测试、发布、监控,API+Webhook,工作项/构建号/版本/环境,P125-09-{业务主键},指数退避3次；超限转死信/人工,回退流水；发布门禁,请求ID、响应码、耗时、摘要、重试和最终结果
P125,内容生产发布闭环,员工端,I10,内容资产与渠道平台,素材、版本、版权、发布与数据回流,API+平台回调,内容ID/渠道ID/发布状态/指标,P125-10-{业务主键},指数退避3次；超限转死信/人工,回调验签；平台差异对账,请求ID、响应码、耗时、摘要、重试和最终结果
P126,事件与整改闭环,员工端,I01,统一身份与MFA,认证、任职身份、二次认证,同步调用,用户ID/身份ID/认证级别,P126-01-{业务主键},指数退避3次；超限转死信/人工,超时拒绝高风险操作,请求ID、响应码、耗时、摘要、重试和最终结果
P126,事件与整改闭环,员工端,I02,组织与员工主数据,中心、部门、岗位、员工关系,同步查询+事件订阅,组织ID/员工ID/有效期,P126-02-{业务主键},指数退避3次；超限转死信/人工,缓存降级；变更事件补偿,请求ID、响应码、耗时、摘要、重试和最终结果
P126,事件与整改闭环,员工端,I03,流程任务中心,实例、任务、状态、待办,内部事务+消息,实例号/任务号/状态,P126-03-{业务主键},指数退避3次；超限转死信/人工,幂等重试；死信队列,请求ID、响应码、耗时、摘要、重试和最终结果
P126,事件与整改闭环,员工端,I04,消息通知中心,站内信、短信、邮件、企业微信,异步消息,模板变量/接收人/业务链接,P126-04-{业务主键},指数退避3次；超限转死信/人工,重试3次；失败告警,请求ID、响应码、耗时、摘要、重试和最终结果
P126,事件与整改闭环,员工端,I05,文件与电子证据,附件、哈希、水印、短时下载,对象存储+签名URL,文件ID/哈希/敏感级别,P126-05-{业务主键},指数退避3次；超限转死信/人工,病毒隔离；链接过期,请求ID、响应码、耗时、摘要、重试和最终结果
P126,事件与整改闭环,员工端,I06,审计日志平台,操作、前后值、接口请求ID,异步不可篡改日志,操作者/身份/时间/设备/IP,P126-06-{业务主键},指数退避3次；超限转死信/人工,关键审计失败阻断,请求ID、响应码、耗时、摘要、重试和最终结果
P126,事件与整改闭环,员工端,I07,CRM与客户主数据,客户、联系人、线索、商机、归属,API+事件,客户ID/商机号/负责人,P126-07-{业务主键},指数退避3次；超限转死信/人工,查重合并；归属冲突工单,请求ID、响应码、耗时、摘要、重试和最终结果
P001,统一登录与多岗位身份切换,中心管理端,I01,统一身份与MFA,认证、任职身份、二次认证,同步调用,用户ID/身份ID/认证级别,P001-01-{业务主键},指数退避3次；超限转死信/人工,超时拒绝高风险操作,请求ID、响应码、耗时、摘要、重试和最终结果
P001,统一登录与多岗位身份切换,中心管理端,I02,组织与员工主数据,中心、部门、岗位、员工关系,同步查询+事件订阅,组织ID/员工ID/有效期,P001-02-{业务主键},指数退避3次；超限转死信/人工,缓存降级；变更事件补偿,请求ID、响应码、耗时、摘要、重试和最终结果
P001,统一登录与多岗位身份切换,中心管理端,I03,流程任务中心,实例、任务、状态、待办,内部事务+消息,实例号/任务号/状态,P001-03-{业务主键},指数退避3次；超限转死信/人工,幂等重试；死信队列,请求ID、响应码、耗时、摘要、重试和最终结果
P001,统一登录与多岗位身份切换,中心管理端,I04,消息通知中心,站内信、短信、邮件、企业微信,异步消息,模板变量/接收人/业务链接,P001-04-{业务主键},指数退避3次；超限转死信/人工,重试3次；失败告警,请求ID、响应码、耗时、摘要、重试和最终结果
P001,统一登录与多岗位身份切换,中心管理端,I05,文件与电子证据,附件、哈希、水印、短时下载,对象存储+签名URL,文件ID/哈希/敏感级别,P001-05-{业务主键},指数退避3次；超限转死信/人工,病毒隔离；链接过期,请求ID、响应码、耗时、摘要、重试和最终结果
P001,统一登录与多岗位身份切换,中心管理端,I06,审计日志平台,操作、前后值、接口请求ID,异步不可篡改日志,操作者/身份/时间/设备/IP,P001-06-{业务主键},指数退避3次；超限转死信/人工,关键审计失败阻断,请求ID、响应码、耗时、摘要、重试和最终结果
P001,统一登录与多岗位身份切换,中心管理端,I07,人力资源与考勤,员工、编制、合同、假勤、排班、绩效,API+事件,员工ID/岗位/时间/分数,P001-07-{业务主键},指数退避3次；超限转死信/人工,对账补偿；差异工单,请求ID、响应码、耗时、摘要、重试和最终结果
P002,权限申请、复核与回收,中心管理端,I01,统一身份与MFA,认证、任职身份、二次认证,同步调用,用户ID/身份ID/认证级别,P002-01-{业务主键},指数退避3次；超限转死信/人工,超时拒绝高风险操作,请求ID、响应码、耗时、摘要、重试和最终结果
P002,权限申请、复核与回收,中心管理端,I02,组织与员工主数据,中心、部门、岗位、员工关系,同步查询+事件订阅,组织ID/员工ID/有效期,P002-02-{业务主键},指数退避3次；超限转死信/人工,缓存降级；变更事件补偿,请求ID、响应码、耗时、摘要、重试和最终结果
P002,权限申请、复核与回收,中心管理端,I03,流程任务中心,实例、任务、状态、待办,内部事务+消息,实例号/任务号/状态,P002-03-{业务主键},指数退避3次；超限转死信/人工,幂等重试；死信队列,请求ID、响应码、耗时、摘要、重试和最终结果
P002,权限申请、复核与回收,中心管理端,I04,消息通知中心,站内信、短信、邮件、企业微信,异步消息,模板变量/接收人/业务链接,P002-04-{业务主键},指数退避3次；超限转死信/人工,重试3次；失败告警,请求ID、响应码、耗时、摘要、重试和最终结果
P002,权限申请、复核与回收,中心管理端,I05,文件与电子证据,附件、哈希、水印、短时下载,对象存储+签名URL,文件ID/哈希/敏感级别,P002-05-{业务主键},指数退避3次；超限转死信/人工,病毒隔离；链接过期,请求ID、响应码、耗时、摘要、重试和最终结果
P002,权限申请、复核与回收,中心管理端,I06,审计日志平台,操作、前后值、接口请求ID,异步不可篡改日志,操作者/身份/时间/设备/IP,P002-06-{业务主键},指数退避3次；超限转死信/人工,关键审计失败阻断,请求ID、响应码、耗时、摘要、重试和最终结果
P002,权限申请、复核与回收,中心管理端,I07,人力资源与考勤,员工、编制、合同、假勤、排班、绩效,API+事件,员工ID/岗位/时间/分数,P002-07-{业务主键},指数退避3次；超限转死信/人工,对账补偿；差异工单,请求ID、响应码、耗时、摘要、重试和最终结果
P003,个人资料变更,中心管理端,I01,统一身份与MFA,认证、任职身份、二次认证,同步调用,用户ID/身份ID/认证级别,P003-01-{业务主键},指数退避3次；超限转死信/人工,超时拒绝高风险操作,请求ID、响应码、耗时、摘要、重试和最终结果
P003,个人资料变更,中心管理端,I02,组织与员工主数据,中心、部门、岗位、员工关系,同步查询+事件订阅,组织ID/员工ID/有效期,P003-02-{业务主键},指数退避3次；超限转死信/人工,缓存降级；变更事件补偿,请求ID、响应码、耗时、摘要、重试和最终结果
P003,个人资料变更,中心管理端,I03,流程任务中心,实例、任务、状态、待办,内部事务+消息,实例号/任务号/状态,P003-03-{业务主键},指数退避3次；超限转死信/人工,幂等重试；死信队列,请求ID、响应码、耗时、摘要、重试和最终结果
P003,个人资料变更,中心管理端,I04,消息通知中心,站内信、短信、邮件、企业微信,异步消息,模板变量/接收人/业务链接,P003-04-{业务主键},指数退避3次；超限转死信/人工,重试3次；失败告警,请求ID、响应码、耗时、摘要、重试和最终结果
P003,个人资料变更,中心管理端,I05,文件与电子证据,附件、哈希、水印、短时下载,对象存储+签名URL,文件ID/哈希/敏感级别,P003-05-{业务主键},指数退避3次；超限转死信/人工,病毒隔离；链接过期,请求ID、响应码、耗时、摘要、重试和最终结果
P003,个人资料变更,中心管理端,I06,审计日志平台,操作、前后值、接口请求ID,异步不可篡改日志,操作者/身份/时间/设备/IP,P003-06-{业务主键},指数退避3次；超限转死信/人工,关键审计失败阻断,请求ID、响应码、耗时、摘要、重试和最终结果
P003,个人资料变更,中心管理端,I07,人力资源与考勤,员工、编制、合同、假勤、排班、绩效,API+事件,员工ID/岗位/时间/分数,P003-07-{业务主键},指数退避3次；超限转死信/人工,对账补偿；差异工单,请求ID、响应码、耗时、摘要、重试和最终结果
P004,通用申请与审批,中心管理端,I01,统一身份与MFA,认证、任职身份、二次认证,同步调用,用户ID/身份ID/认证级别,P004-01-{业务主键},指数退避3次；超限转死信/人工,超时拒绝高风险操作,请求ID、响应码、耗时、摘要、重试和最终结果
P004,通用申请与审批,中心管理端,I02,组织与员工主数据,中心、部门、岗位、员工关系,同步查询+事件订阅,组织ID/员工ID/有效期,P004-02-{业务主键},指数退避3次；超限转死信/人工,缓存降级；变更事件补偿,请求ID、响应码、耗时、摘要、重试和最终结果
P004,通用申请与审批,中心管理端,I03,流程任务中心,实例、任务、状态、待办,内部事务+消息,实例号/任务号/状态,P004-03-{业务主键},指数退避3次；超限转死信/人工,幂等重试；死信队列,请求ID、响应码、耗时、摘要、重试和最终结果
P004,通用申请与审批,中心管理端,I04,消息通知中心,站内信、短信、邮件、企业微信,异步消息,模板变量/接收人/业务链接,P004-04-{业务主键},指数退避3次；超限转死信/人工,重试3次；失败告警,请求ID、响应码、耗时、摘要、重试和最终结果
P004,通用申请与审批,中心管理端,I05,文件与电子证据,附件、哈希、水印、短时下载,对象存储+签名URL,文件ID/哈希/敏感级别,P004-05-{业务主键},指数退避3次；超限转死信/人工,病毒隔离；链接过期,请求ID、响应码、耗时、摘要、重试和最终结果
P004,通用申请与审批,中心管理端,I06,审计日志平台,操作、前后值、接口请求ID,异步不可篡改日志,操作者/身份/时间/设备/IP,P004-06-{业务主键},指数退避3次；超限转死信/人工,关键审计失败阻断,请求ID、响应码、耗时、摘要、重试和最终结果
P005,制度、通知与执行回执,中心管理端,I01,统一身份与MFA,认证、任职身份、二次认证,同步调用,用户ID/身份ID/认证级别,P005-01-{业务主键},指数退避3次；超限转死信/人工,超时拒绝高风险操作,请求ID、响应码、耗时、摘要、重试和最终结果
P005,制度、通知与执行回执,中心管理端,I02,组织与员工主数据,中心、部门、岗位、员工关系,同步查询+事件订阅,组织ID/员工ID/有效期,P005-02-{业务主键},指数退避3次；超限转死信/人工,缓存降级；变更事件补偿,请求ID、响应码、耗时、摘要、重试和最终结果
P005,制度、通知与执行回执,中心管理端,I03,流程任务中心,实例、任务、状态、待办,内部事务+消息,实例号/任务号/状态,P005-03-{业务主键},指数退避3次；超限转死信/人工,幂等重试；死信队列,请求ID、响应码、耗时、摘要、重试和最终结果
P005,制度、通知与执行回执,中心管理端,I04,消息通知中心,站内信、短信、邮件、企业微信,异步消息,模板变量/接收人/业务链接,P005-04-{业务主键},指数退避3次；超限转死信/人工,重试3次；失败告警,请求ID、响应码、耗时、摘要、重试和最终结果
P005,制度、通知与执行回执,中心管理端,I05,文件与电子证据,附件、哈希、水印、短时下载,对象存储+签名URL,文件ID/哈希/敏感级别,P005-05-{业务主键},指数退避3次；超限转死信/人工,病毒隔离；链接过期,请求ID、响应码、耗时、摘要、重试和最终结果
P005,制度、通知与执行回执,中心管理端,I06,审计日志平台,操作、前后值、接口请求ID,异步不可篡改日志,操作者/身份/时间/设备/IP,P005-06-{业务主键},指数退避3次；超限转死信/人工,关键审计失败阻断,请求ID、响应码、耗时、摘要、重试和最终结果
P005,制度、通知与执行回执,中心管理端,I07,人力资源与考勤,员工、编制、合同、假勤、排班、绩效,API+事件,员工ID/岗位/时间/分数,P005-07-{业务主键},指数退避3次；超限转死信/人工,对账补偿；差异工单,请求ID、响应码、耗时、摘要、重试和最终结果
P005,制度、通知与执行回执,中心管理端,I08,CMDB/研发/CI-CD,配置项、代码、构建、测试、发布、监控,API+Webhook,工作项/构建号/版本/环境,P005-08-{业务主键},指数退避3次；超限转死信/人工,回退流水；发布门禁,请求ID、响应码、耗时、摘要、重试和最终结果
P006,会议与行动项,中心管理端,I01,统一身份与MFA,认证、任职身份、二次认证,同步调用,用户ID/身份ID/认证级别,P006-01-{业务主键},指数退避3次；超限转死信/人工,超时拒绝高风险操作,请求ID、响应码、耗时、摘要、重试和最终结果
P006,会议与行动项,中心管理端,I02,组织与员工主数据,中心、部门、岗位、员工关系,同步查询+事件订阅,组织ID/员工ID/有效期,P006-02-{业务主键},指数退避3次；超限转死信/人工,缓存降级；变更事件补偿,请求ID、响应码、耗时、摘要、重试和最终结果
P006,会议与行动项,中心管理端,I03,流程任务中心,实例、任务、状态、待办,内部事务+消息,实例号/任务号/状态,P006-03-{业务主键},指数退避3次；超限转死信/人工,幂等重试；死信队列,请求ID、响应码、耗时、摘要、重试和最终结果
P006,会议与行动项,中心管理端,I04,消息通知中心,站内信、短信、邮件、企业微信,异步消息,模板变量/接收人/业务链接,P006-04-{业务主键},指数退避3次；超限转死信/人工,重试3次；失败告警,请求ID、响应码、耗时、摘要、重试和最终结果
P006,会议与行动项,中心管理端,I05,文件与电子证据,附件、哈希、水印、短时下载,对象存储+签名URL,文件ID/哈希/敏感级别,P006-05-{业务主键},指数退避3次；超限转死信/人工,病毒隔离；链接过期,请求ID、响应码、耗时、摘要、重试和最终结果
P006,会议与行动项,中心管理端,I06,审计日志平台,操作、前后值、接口请求ID,异步不可篡改日志,操作者/身份/时间/设备/IP,P006-06-{业务主键},指数退避3次；超限转死信/人工,关键审计失败阻断,请求ID、响应码、耗时、摘要、重试和最终结果
P006,会议与行动项,中心管理端,I07,人力资源与考勤,员工、编制、合同、假勤、排班、绩效,API+事件,员工ID/岗位/时间/分数,P006-07-{业务主键},指数退避3次；超限转死信/人工,对账补偿；差异工单,请求ID、响应码、耗时、摘要、重试和最终结果
P007,排班与班次调整,中心管理端,I01,统一身份与MFA,认证、任职身份、二次认证,同步调用,用户ID/身份ID/认证级别,P007-01-{业务主键},指数退避3次；超限转死信/人工,超时拒绝高风险操作,请求ID、响应码、耗时、摘要、重试和最终结果
P007,排班与班次调整,中心管理端,I02,组织与员工主数据,中心、部门、岗位、员工关系,同步查询+事件订阅,组织ID/员工ID/有效期,P007-02-{业务主键},指数退避3次；超限转死信/人工,缓存降级；变更事件补偿,请求ID、响应码、耗时、摘要、重试和最终结果
P007,排班与班次调整,中心管理端,I03,流程任务中心,实例、任务、状态、待办,内部事务+消息,实例号/任务号/状态,P007-03-{业务主键},指数退避3次；超限转死信/人工,幂等重试；死信队列,请求ID、响应码、耗时、摘要、重试和最终结果
P007,排班与班次调整,中心管理端,I04,消息通知中心,站内信、短信、邮件、企业微信,异步消息,模板变量/接收人/业务链接,P007-04-{业务主键},指数退避3次；超限转死信/人工,重试3次；失败告警,请求ID、响应码、耗时、摘要、重试和最终结果
P007,排班与班次调整,中心管理端,I05,文件与电子证据,附件、哈希、水印、短时下载,对象存储+签名URL,文件ID/哈希/敏感级别,P007-05-{业务主键},指数退避3次；超限转死信/人工,病毒隔离；链接过期,请求ID、响应码、耗时、摘要、重试和最终结果
P007,排班与班次调整,中心管理端,I06,审计日志平台,操作、前后值、接口请求ID,异步不可篡改日志,操作者/身份/时间/设备/IP,P007-06-{业务主键},指数退避3次；超限转死信/人工,关键审计失败阻断,请求ID、响应码、耗时、摘要、重试和最终结果
P007,排班与班次调整,中心管理端,I07,人力资源与考勤,员工、编制、合同、假勤、排班、绩效,API+事件,员工ID/岗位/时间/分数,P007-07-{业务主键},指数退避3次；超限转死信/人工,对账补偿；差异工单,请求ID、响应码、耗时、摘要、重试和最终结果
P008,请假与考勤,中心管理端,I01,统一身份与MFA,认证、任职身份、二次认证,同步调用,用户ID/身份ID/认证级别,P008-01-{业务主键},指数退避3次；超限转死信/人工,超时拒绝高风险操作,请求ID、响应码、耗时、摘要、重试和最终结果
P008,请假与考勤,中心管理端,I02,组织与员工主数据,中心、部门、岗位、员工关系,同步查询+事件订阅,组织ID/员工ID/有效期,P008-02-{业务主键},指数退避3次；超限转死信/人工,缓存降级；变更事件补偿,请求ID、响应码、耗时、摘要、重试和最终结果
P008,请假与考勤,中心管理端,I03,流程任务中心,实例、任务、状态、待办,内部事务+消息,实例号/任务号/状态,P008-03-{业务主键},指数退避3次；超限转死信/人工,幂等重试；死信队列,请求ID、响应码、耗时、摘要、重试和最终结果
P008,请假与考勤,中心管理端,I04,消息通知中心,站内信、短信、邮件、企业微信,异步消息,模板变量/接收人/业务链接,P008-04-{业务主键},指数退避3次；超限转死信/人工,重试3次；失败告警,请求ID、响应码、耗时、摘要、重试和最终结果
P008,请假与考勤,中心管理端,I05,文件与电子证据,附件、哈希、水印、短时下载,对象存储+签名URL,文件ID/哈希/敏感级别,P008-05-{业务主键},指数退避3次；超限转死信/人工,病毒隔离；链接过期,请求ID、响应码、耗时、摘要、重试和最终结果
P008,请假与考勤,中心管理端,I06,审计日志平台,操作、前后值、接口请求ID,异步不可篡改日志,操作者/身份/时间/设备/IP,P008-06-{业务主键},指数退避3次；超限转死信/人工,关键审计失败阻断,请求ID、响应码、耗时、摘要、重试和最终结果
P008,请假与考勤,中心管理端,I07,人力资源与考勤,员工、编制、合同、假勤、排班、绩效,API+事件,员工ID/岗位/时间/分数,P008-07-{业务主键},指数退避3次；超限转死信/人工,对账补偿；差异工单,请求ID、响应码、耗时、摘要、重试和最终结果
P009,加班与调休,中心管理端,I01,统一身份与MFA,认证、任职身份、二次认证,同步调用,用户ID/身份ID/认证级别,P009-01-{业务主键},指数退避3次；超限转死信/人工,超时拒绝高风险操作,请求ID、响应码、耗时、摘要、重试和最终结果
P009,加班与调休,中心管理端,I02,组织与员工主数据,中心、部门、岗位、员工关系,同步查询+事件订阅,组织ID/员工ID/有效期,P009-02-{业务主键},指数退避3次；超限转死信/人工,缓存降级；变更事件补偿,请求ID、响应码、耗时、摘要、重试和最终结果
P009,加班与调休,中心管理端,I03,流程任务中心,实例、任务、状态、待办,内部事务+消息,实例号/任务号/状态,P009-03-{业务主键},指数退避3次；超限转死信/人工,幂等重试；死信队列,请求ID、响应码、耗时、摘要、重试和最终结果
P009,加班与调休,中心管理端,I04,消息通知中心,站内信、短信、邮件、企业微信,异步消息,模板变量/接收人/业务链接,P009-04-{业务主键},指数退避3次；超限转死信/人工,重试3次；失败告警,请求ID、响应码、耗时、摘要、重试和最终结果
P009,加班与调休,中心管理端,I05,文件与电子证据,附件、哈希、水印、短时下载,对象存储+签名URL,文件ID/哈希/敏感级别,P009-05-{业务主键},指数退避3次；超限转死信/人工,病毒隔离；链接过期,请求ID、响应码、耗时、摘要、重试和最终结果
P009,加班与调休,中心管理端,I06,审计日志平台,操作、前后值、接口请求ID,异步不可篡改日志,操作者/身份/时间/设备/IP,P009-06-{业务主键},指数退避3次；超限转死信/人工,关键审计失败阻断,请求ID、响应码、耗时、摘要、重试和最终结果
P009,加班与调休,中心管理端,I07,人力资源与考勤,员工、编制、合同、假勤、排班、绩效,API+事件,员工ID/岗位/时间/分数,P009-07-{业务主键},指数退避3次；超限转死信/人工,对账补偿；差异工单,请求ID、响应码、耗时、摘要、重试和最终结果
P010,员工学习、考试与资格,中心管理端,I01,统一身份与MFA,认证、任职身份、二次认证,同步调用,用户ID/身份ID/认证级别,P010-01-{业务主键},指数退避3次；超限转死信/人工,超时拒绝高风险操作,请求ID、响应码、耗时、摘要、重试和最终结果
P010,员工学习、考试与资格,中心管理端,I02,组织与员工主数据,中心、部门、岗位、员工关系,同步查询+事件订阅,组织ID/员工ID/有效期,P010-02-{业务主键},指数退避3次；超限转死信/人工,缓存降级；变更事件补偿,请求ID、响应码、耗时、摘要、重试和最终结果
P010,员工学习、考试与资格,中心管理端,I03,流程任务中心,实例、任务、状态、待办,内部事务+消息,实例号/任务号/状态,P010-03-{业务主键},指数退避3次；超限转死信/人工,幂等重试；死信队列,请求ID、响应码、耗时、摘要、重试和最终结果
P010,员工学习、考试与资格,中心管理端,I04,消息通知中心,站内信、短信、邮件、企业微信,异步消息,模板变量/接收人/业务链接,P010-04-{业务主键},指数退避3次；超限转死信/人工,重试3次；失败告警,请求ID、响应码、耗时、摘要、重试和最终结果
P010,员工学习、考试与资格,中心管理端,I05,文件与电子证据,附件、哈希、水印、短时下载,对象存储+签名URL,文件ID/哈希/敏感级别,P010-05-{业务主键},指数退避3次；超限转死信/人工,病毒隔离；链接过期,请求ID、响应码、耗时、摘要、重试和最终结果
P010,员工学习、考试与资格,中心管理端,I06,审计日志平台,操作、前后值、接口请求ID,异步不可篡改日志,操作者/身份/时间/设备/IP,P010-06-{业务主键},指数退避3次；超限转死信/人工,关键审计失败阻断,请求ID、响应码、耗时、摘要、重试和最终结果
P010,员工学习、考试与资格,中心管理端,I07,人力资源与考勤,员工、编制、合同、假勤、排班、绩效,API+事件,员工ID/岗位/时间/分数,P010-07-{业务主键},指数退避3次；超限转死信/人工,对账补偿；差异工单,请求ID、响应码、耗时、摘要、重试和最终结果
P010,员工学习、考试与资格,中心管理端,I08,课程与排课系统,课程版本、讲师资格、场地与排课,API+事件,课程版本/讲师/时间/场地,P010-08-{业务主键},指数退避3次；超限转死信/人工,冲突校验；自动释放锁,请求ID、响应码、耗时、摘要、重试和最终结果
P010,员工学习、考试与资格,中心管理端,I09,CMDB/研发/CI-CD,配置项、代码、构建、测试、发布、监控,API+Webhook,工作项/构建号/版本/环境,P010-09-{业务主键},指数退避3次；超限转死信/人工,回退流水；发布门禁,请求ID、响应码、耗时、摘要、重试和最终结果
P011,绩效管理,中心管理端,I01,统一身份与MFA,认证、任职身份、二次认证,同步调用,用户ID/身份ID/认证级别,P011-01-{业务主键},指数退避3次；超限转死信/人工,超时拒绝高风险操作,请求ID、响应码、耗时、摘要、重试和最终结果
P011,绩效管理,中心管理端,I02,组织与员工主数据,中心、部门、岗位、员工关系,同步查询+事件订阅,组织ID/员工ID/有效期,P011-02-{业务主键},指数退避3次；超限转死信/人工,缓存降级；变更事件补偿,请求ID、响应码、耗时、摘要、重试和最终结果
P011,绩效管理,中心管理端,I03,流程任务中心,实例、任务、状态、待办,内部事务+消息,实例号/任务号/状态,P011-03-{业务主键},指数退避3次；超限转死信/人工,幂等重试；死信队列,请求ID、响应码、耗时、摘要、重试和最终结果
P011,绩效管理,中心管理端,I04,消息通知中心,站内信、短信、邮件、企业微信,异步消息,模板变量/接收人/业务链接,P011-04-{业务主键},指数退避3次；超限转死信/人工,重试3次；失败告警,请求ID、响应码、耗时、摘要、重试和最终结果
P011,绩效管理,中心管理端,I05,文件与电子证据,附件、哈希、水印、短时下载,对象存储+签名URL,文件ID/哈希/敏感级别,P011-05-{业务主键},指数退避3次；超限转死信/人工,病毒隔离；链接过期,请求ID、响应码、耗时、摘要、重试和最终结果
P011,绩效管理,中心管理端,I06,审计日志平台,操作、前后值、接口请求ID,异步不可篡改日志,操作者/身份/时间/设备/IP,P011-06-{业务主键},指数退避3次；超限转死信/人工,关键审计失败阻断,请求ID、响应码、耗时、摘要、重试和最终结果
P011,绩效管理,中心管理端,I07,人力资源与考勤,员工、编制、合同、假勤、排班、绩效,API+事件,员工ID/岗位/时间/分数,P011-07-{业务主键},指数退避3次；超限转死信/人工,对账补偿；差异工单,请求ID、响应码、耗时、摘要、重试和最终结果
P012,晋升与任职发展,中心管理端,I01,统一身份与MFA,认证、任职身份、二次认证,同步调用,用户ID/身份ID/认证级别,P012-01-{业务主键},指数退避3次；超限转死信/人工,超时拒绝高风险操作,请求ID、响应码、耗时、摘要、重试和最终结果
P012,晋升与任职发展,中心管理端,I02,组织与员工主数据,中心、部门、岗位、员工关系,同步查询+事件订阅,组织ID/员工ID/有效期,P012-02-{业务主键},指数退避3次；超限转死信/人工,缓存降级；变更事件补偿,请求ID、响应码、耗时、摘要、重试和最终结果
P012,晋升与任职发展,中心管理端,I03,流程任务中心,实例、任务、状态、待办,内部事务+消息,实例号/任务号/状态,P012-03-{业务主键},指数退避3次；超限转死信/人工,幂等重试；死信队列,请求ID、响应码、耗时、摘要、重试和最终结果
P012,晋升与任职发展,中心管理端,I04,消息通知中心,站内信、短信、邮件、企业微信,异步消息,模板变量/接收人/业务链接,P012-04-{业务主键},指数退避3次；超限转死信/人工,重试3次；失败告警,请求ID、响应码、耗时、摘要、重试和最终结果
P012,晋升与任职发展,中心管理端,I05,文件与电子证据,附件、哈希、水印、短时下载,对象存储+签名URL,文件ID/哈希/敏感级别,P012-05-{业务主键},指数退避3次；超限转死信/人工,病毒隔离；链接过期,请求ID、响应码、耗时、摘要、重试和最终结果
P012,晋升与任职发展,中心管理端,I06,审计日志平台,操作、前后值、接口请求ID,异步不可篡改日志,操作者/身份/时间/设备/IP,P012-06-{业务主键},指数退避3次；超限转死信/人工,关键审计失败阻断,请求ID、响应码、耗时、摘要、重试和最终结果
P012,晋升与任职发展,中心管理端,I07,人力资源与考勤,员工、编制、合同、假勤、排班、绩效,API+事件,员工ID/岗位/时间/分数,P012-07-{业务主键},指数退避3次；超限转死信/人工,对账补偿；差异工单,请求ID、响应码、耗时、摘要、重试和最终结果
P012,晋升与任职发展,中心管理端,I08,财务预算与支付,预算占用、票据、付款、凭证、对账,API+批次,预算项/金额/凭证号,P012-08-{业务主键},指数退避3次；超限转死信/人工,冲销补偿；T+1对账,请求ID、响应码、耗时、摘要、重试和最终结果
P013,奖励,中心管理端,I01,统一身份与MFA,认证、任职身份、二次认证,同步调用,用户ID/身份ID/认证级别,P013-01-{业务主键},指数退避3次；超限转死信/人工,超时拒绝高风险操作,请求ID、响应码、耗时、摘要、重试和最终结果
P013,奖励,中心管理端,I02,组织与员工主数据,中心、部门、岗位、员工关系,同步查询+事件订阅,组织ID/员工ID/有效期,P013-02-{业务主键},指数退避3次；超限转死信/人工,缓存降级；变更事件补偿,请求ID、响应码、耗时、摘要、重试和最终结果
P013,奖励,中心管理端,I03,流程任务中心,实例、任务、状态、待办,内部事务+消息,实例号/任务号/状态,P013-03-{业务主键},指数退避3次；超限转死信/人工,幂等重试；死信队列,请求ID、响应码、耗时、摘要、重试和最终结果
P013,奖励,中心管理端,I04,消息通知中心,站内信、短信、邮件、企业微信,异步消息,模板变量/接收人/业务链接,P013-04-{业务主键},指数退避3次；超限转死信/人工,重试3次；失败告警,请求ID、响应码、耗时、摘要、重试和最终结果
P013,奖励,中心管理端,I05,文件与电子证据,附件、哈希、水印、短时下载,对象存储+签名URL,文件ID/哈希/敏感级别,P013-05-{业务主键},指数退避3次；超限转死信/人工,病毒隔离；链接过期,请求ID、响应码、耗时、摘要、重试和最终结果
P013,奖励,中心管理端,I06,审计日志平台,操作、前后值、接口请求ID,异步不可篡改日志,操作者/身份/时间/设备/IP,P013-06-{业务主键},指数退避3次；超限转死信/人工,关键审计失败阻断,请求ID、响应码、耗时、摘要、重试和最终结果
P013,奖励,中心管理端,I07,人力资源与考勤,员工、编制、合同、假勤、排班、绩效,API+事件,员工ID/岗位/时间/分数,P013-07-{业务主键},指数退避3次；超限转死信/人工,对账补偿；差异工单,请求ID、响应码、耗时、摘要、重试和最终结果
P014,纪律、责任与申诉,中心管理端,I01,统一身份与MFA,认证、任职身份、二次认证,同步调用,用户ID/身份ID/认证级别,P014-01-{业务主键},指数退避3次；超限转死信/人工,超时拒绝高风险操作,请求ID、响应码、耗时、摘要、重试和最终结果
P014,纪律、责任与申诉,中心管理端,I02,组织与员工主数据,中心、部门、岗位、员工关系,同步查询+事件订阅,组织ID/员工ID/有效期,P014-02-{业务主键},指数退避3次；超限转死信/人工,缓存降级；变更事件补偿,请求ID、响应码、耗时、摘要、重试和最终结果
P014,纪律、责任与申诉,中心管理端,I03,流程任务中心,实例、任务、状态、待办,内部事务+消息,实例号/任务号/状态,P014-03-{业务主键},指数退避3次；超限转死信/人工,幂等重试；死信队列,请求ID、响应码、耗时、摘要、重试和最终结果
P014,纪律、责任与申诉,中心管理端,I04,消息通知中心,站内信、短信、邮件、企业微信,异步消息,模板变量/接收人/业务链接,P014-04-{业务主键},指数退避3次；超限转死信/人工,重试3次；失败告警,请求ID、响应码、耗时、摘要、重试和最终结果
P014,纪律、责任与申诉,中心管理端,I05,文件与电子证据,附件、哈希、水印、短时下载,对象存储+签名URL,文件ID/哈希/敏感级别,P014-05-{业务主键},指数退避3次；超限转死信/人工,病毒隔离；链接过期,请求ID、响应码、耗时、摘要、重试和最终结果
P014,纪律、责任与申诉,中心管理端,I06,审计日志平台,操作、前后值、接口请求ID,异步不可篡改日志,操作者/身份/时间/设备/IP,P014-06-{业务主键},指数退避3次；超限转死信/人工,关键审计失败阻断,请求ID、响应码、耗时、摘要、重试和最终结果
P014,纪律、责任与申诉,中心管理端,I07,人力资源与考勤,员工、编制、合同、假勤、排班、绩效,API+事件,员工ID/岗位/时间/分数,P014-07-{业务主键},指数退避3次；超限转死信/人工,对账补偿；差异工单,请求ID、响应码、耗时、摘要、重试和最终结果
P014,纪律、责任与申诉,中心管理端,I08,CRM与客户主数据,客户、联系人、线索、商机、归属,API+事件,客户ID/商机号/负责人,P014-08-{业务主键},指数退避3次；超限转死信/人工,查重合并；归属冲突工单,请求ID、响应码、耗时、摘要、重试和最终结果
P015,成长积分与荣誉积分,中心管理端,I01,统一身份与MFA,认证、任职身份、二次认证,同步调用,用户ID/身份ID/认证级别,P015-01-{业务主键},指数退避3次；超限转死信/人工,超时拒绝高风险操作,请求ID、响应码、耗时、摘要、重试和最终结果
P015,成长积分与荣誉积分,中心管理端,I02,组织与员工主数据,中心、部门、岗位、员工关系,同步查询+事件订阅,组织ID/员工ID/有效期,P015-02-{业务主键},指数退避3次；超限转死信/人工,缓存降级；变更事件补偿,请求ID、响应码、耗时、摘要、重试和最终结果
P015,成长积分与荣誉积分,中心管理端,I03,流程任务中心,实例、任务、状态、待办,内部事务+消息,实例号/任务号/状态,P015-03-{业务主键},指数退避3次；超限转死信/人工,幂等重试；死信队列,请求ID、响应码、耗时、摘要、重试和最终结果
P015,成长积分与荣誉积分,中心管理端,I04,消息通知中心,站内信、短信、邮件、企业微信,异步消息,模板变量/接收人/业务链接,P015-04-{业务主键},指数退避3次；超限转死信/人工,重试3次；失败告警,请求ID、响应码、耗时、摘要、重试和最终结果
P015,成长积分与荣誉积分,中心管理端,I05,文件与电子证据,附件、哈希、水印、短时下载,对象存储+签名URL,文件ID/哈希/敏感级别,P015-05-{业务主键},指数退避3次；超限转死信/人工,病毒隔离；链接过期,请求ID、响应码、耗时、摘要、重试和最终结果
P015,成长积分与荣誉积分,中心管理端,I06,审计日志平台,操作、前后值、接口请求ID,异步不可篡改日志,操作者/身份/时间/设备/IP,P015-06-{业务主键},指数退避3次；超限转死信/人工,关键审计失败阻断,请求ID、响应码、耗时、摘要、重试和最终结果
P015,成长积分与荣誉积分,中心管理端,I07,人力资源与考勤,员工、编制、合同、假勤、排班、绩效,API+事件,员工ID/岗位/时间/分数,P015-07-{业务主键},指数退避3次；超限转死信/人工,对账补偿；差异工单,请求ID、响应码、耗时、摘要、重试和最终结果
P016,员工福利与关怀,中心管理端,I01,统一身份与MFA,认证、任职身份、二次认证,同步调用,用户ID/身份ID/认证级别,P016-01-{业务主键},指数退避3次；超限转死信/人工,超时拒绝高风险操作,请求ID、响应码、耗时、摘要、重试和最终结果
P016,员工福利与关怀,中心管理端,I02,组织与员工主数据,中心、部门、岗位、员工关系,同步查询+事件订阅,组织ID/员工ID/有效期,P016-02-{业务主键},指数退避3次；超限转死信/人工,缓存降级；变更事件补偿,请求ID、响应码、耗时、摘要、重试和最终结果
P016,员工福利与关怀,中心管理端,I03,流程任务中心,实例、任务、状态、待办,内部事务+消息,实例号/任务号/状态,P016-03-{业务主键},指数退避3次；超限转死信/人工,幂等重试；死信队列,请求ID、响应码、耗时、摘要、重试和最终结果
P016,员工福利与关怀,中心管理端,I04,消息通知中心,站内信、短信、邮件、企业微信,异步消息,模板变量/接收人/业务链接,P016-04-{业务主键},指数退避3次；超限转死信/人工,重试3次；失败告警,请求ID、响应码、耗时、摘要、重试和最终结果
P016,员工福利与关怀,中心管理端,I05,文件与电子证据,附件、哈希、水印、短时下载,对象存储+签名URL,文件ID/哈希/敏感级别,P016-05-{业务主键},指数退避3次；超限转死信/人工,病毒隔离；链接过期,请求ID、响应码、耗时、摘要、重试和最终结果
P016,员工福利与关怀,中心管理端,I06,审计日志平台,操作、前后值、接口请求ID,异步不可篡改日志,操作者/身份/时间/设备/IP,P016-06-{业务主键},指数退避3次；超限转死信/人工,关键审计失败阻断,请求ID、响应码、耗时、摘要、重试和最终结果
P016,员工福利与关怀,中心管理端,I07,人力资源与考勤,员工、编制、合同、假勤、排班、绩效,API+事件,员工ID/岗位/时间/分数,P016-07-{业务主键},指数退避3次；超限转死信/人工,对账补偿；差异工单,请求ID、响应码、耗时、摘要、重试和最终结果
P016,员工福利与关怀,中心管理端,I08,财务预算与支付,预算占用、票据、付款、凭证、对账,API+批次,预算项/金额/凭证号,P016-08-{业务主键},指数退避3次；超限转死信/人工,冲销补偿；T+1对账,请求ID、响应码、耗时、摘要、重试和最终结果
P017,电子签署,中心管理端,I01,统一身份与MFA,认证、任职身份、二次认证,同步调用,用户ID/身份ID/认证级别,P017-01-{业务主键},指数退避3次；超限转死信/人工,超时拒绝高风险操作,请求ID、响应码、耗时、摘要、重试和最终结果
P017,电子签署,中心管理端,I02,组织与员工主数据,中心、部门、岗位、员工关系,同步查询+事件订阅,组织ID/员工ID/有效期,P017-02-{业务主键},指数退避3次；超限转死信/人工,缓存降级；变更事件补偿,请求ID、响应码、耗时、摘要、重试和最终结果
P017,电子签署,中心管理端,I03,流程任务中心,实例、任务、状态、待办,内部事务+消息,实例号/任务号/状态,P017-03-{业务主键},指数退避3次；超限转死信/人工,幂等重试；死信队列,请求ID、响应码、耗时、摘要、重试和最终结果
P017,电子签署,中心管理端,I04,消息通知中心,站内信、短信、邮件、企业微信,异步消息,模板变量/接收人/业务链接,P017-04-{业务主键},指数退避3次；超限转死信/人工,重试3次；失败告警,请求ID、响应码、耗时、摘要、重试和最终结果
P017,电子签署,中心管理端,I05,文件与电子证据,附件、哈希、水印、短时下载,对象存储+签名URL,文件ID/哈希/敏感级别,P017-05-{业务主键},指数退避3次；超限转死信/人工,病毒隔离；链接过期,请求ID、响应码、耗时、摘要、重试和最终结果
P017,电子签署,中心管理端,I06,审计日志平台,操作、前后值、接口请求ID,异步不可篡改日志,操作者/身份/时间/设备/IP,P017-06-{业务主键},指数退避3次；超限转死信/人工,关键审计失败阻断,请求ID、响应码、耗时、摘要、重试和最终结果
P018,数据导入,中心管理端,I01,统一身份与MFA,认证、任职身份、二次认证,同步调用,用户ID/身份ID/认证级别,P018-01-{业务主键},指数退避3次；超限转死信/人工,超时拒绝高风险操作,请求ID、响应码、耗时、摘要、重试和最终结果
P018,数据导入,中心管理端,I02,组织与员工主数据,中心、部门、岗位、员工关系,同步查询+事件订阅,组织ID/员工ID/有效期,P018-02-{业务主键},指数退避3次；超限转死信/人工,缓存降级；变更事件补偿,请求ID、响应码、耗时、摘要、重试和最终结果
P018,数据导入,中心管理端,I03,流程任务中心,实例、任务、状态、待办,内部事务+消息,实例号/任务号/状态,P018-03-{业务主键},指数退避3次；超限转死信/人工,幂等重试；死信队列,请求ID、响应码、耗时、摘要、重试和最终结果
P018,数据导入,中心管理端,I04,消息通知中心,站内信、短信、邮件、企业微信,异步消息,模板变量/接收人/业务链接,P018-04-{业务主键},指数退避3次；超限转死信/人工,重试3次；失败告警,请求ID、响应码、耗时、摘要、重试和最终结果
P018,数据导入,中心管理端,I05,文件与电子证据,附件、哈希、水印、短时下载,对象存储+签名URL,文件ID/哈希/敏感级别,P018-05-{业务主键},指数退避3次；超限转死信/人工,病毒隔离；链接过期,请求ID、响应码、耗时、摘要、重试和最终结果
P018,数据导入,中心管理端,I06,审计日志平台,操作、前后值、接口请求ID,异步不可篡改日志,操作者/身份/时间/设备/IP,P018-06-{业务主键},指数退避3次；超限转死信/人工,关键审计失败阻断,请求ID、响应码、耗时、摘要、重试和最终结果
P019,敏感导出与文件下载,中心管理端,I01,统一身份与MFA,认证、任职身份、二次认证,同步调用,用户ID/身份ID/认证级别,P019-01-{业务主键},指数退避3次；超限转死信/人工,超时拒绝高风险操作,请求ID、响应码、耗时、摘要、重试和最终结果
P019,敏感导出与文件下载,中心管理端,I02,组织与员工主数据,中心、部门、岗位、员工关系,同步查询+事件订阅,组织ID/员工ID/有效期,P019-02-{业务主键},指数退避3次；超限转死信/人工,缓存降级；变更事件补偿,请求ID、响应码、耗时、摘要、重试和最终结果
P019,敏感导出与文件下载,中心管理端,I03,流程任务中心,实例、任务、状态、待办,内部事务+消息,实例号/任务号/状态,P019-03-{业务主键},指数退避3次；超限转死信/人工,幂等重试；死信队列,请求ID、响应码、耗时、摘要、重试和最终结果
P019,敏感导出与文件下载,中心管理端,I04,消息通知中心,站内信、短信、邮件、企业微信,异步消息,模板变量/接收人/业务链接,P019-04-{业务主键},指数退避3次；超限转死信/人工,重试3次；失败告警,请求ID、响应码、耗时、摘要、重试和最终结果
P019,敏感导出与文件下载,中心管理端,I05,文件与电子证据,附件、哈希、水印、短时下载,对象存储+签名URL,文件ID/哈希/敏感级别,P019-05-{业务主键},指数退避3次；超限转死信/人工,病毒隔离；链接过期,请求ID、响应码、耗时、摘要、重试和最终结果
P019,敏感导出与文件下载,中心管理端,I06,审计日志平台,操作、前后值、接口请求ID,异步不可篡改日志,操作者/身份/时间/设备/IP,P019-06-{业务主键},指数退避3次；超限转死信/人工,关键审计失败阻断,请求ID、响应码、耗时、摘要、重试和最终结果
P020,数据质量与修复,中心管理端,I01,统一身份与MFA,认证、任职身份、二次认证,同步调用,用户ID/身份ID/认证级别,P020-01-{业务主键},指数退避3次；超限转死信/人工,超时拒绝高风险操作,请求ID、响应码、耗时、摘要、重试和最终结果
P020,数据质量与修复,中心管理端,I02,组织与员工主数据,中心、部门、岗位、员工关系,同步查询+事件订阅,组织ID/员工ID/有效期,P020-02-{业务主键},指数退避3次；超限转死信/人工,缓存降级；变更事件补偿,请求ID、响应码、耗时、摘要、重试和最终结果
P020,数据质量与修复,中心管理端,I03,流程任务中心,实例、任务、状态、待办,内部事务+消息,实例号/任务号/状态,P020-03-{业务主键},指数退避3次；超限转死信/人工,幂等重试；死信队列,请求ID、响应码、耗时、摘要、重试和最终结果
P020,数据质量与修复,中心管理端,I04,消息通知中心,站内信、短信、邮件、企业微信,异步消息,模板变量/接收人/业务链接,P020-04-{业务主键},指数退避3次；超限转死信/人工,重试3次；失败告警,请求ID、响应码、耗时、摘要、重试和最终结果
P020,数据质量与修复,中心管理端,I05,文件与电子证据,附件、哈希、水印、短时下载,对象存储+签名URL,文件ID/哈希/敏感级别,P020-05-{业务主键},指数退避3次；超限转死信/人工,病毒隔离；链接过期,请求ID、响应码、耗时、摘要、重试和最终结果
P020,数据质量与修复,中心管理端,I06,审计日志平台,操作、前后值、接口请求ID,异步不可篡改日志,操作者/身份/时间/设备/IP,P020-06-{业务主键},指数退避3次；超限转死信/人工,关键审计失败阻断,请求ID、响应码、耗时、摘要、重试和最终结果
P021,经营会议闭环,中心管理端,I01,统一身份与MFA,认证、任职身份、二次认证,同步调用,用户ID/身份ID/认证级别,P021-01-{业务主键},指数退避3次；超限转死信/人工,超时拒绝高风险操作,请求ID、响应码、耗时、摘要、重试和最终结果
P021,经营会议闭环,中心管理端,I02,组织与员工主数据,中心、部门、岗位、员工关系,同步查询+事件订阅,组织ID/员工ID/有效期,P021-02-{业务主键},指数退避3次；超限转死信/人工,缓存降级；变更事件补偿,请求ID、响应码、耗时、摘要、重试和最终结果
P021,经营会议闭环,中心管理端,I03,流程任务中心,实例、任务、状态、待办,内部事务+消息,实例号/任务号/状态,P021-03-{业务主键},指数退避3次；超限转死信/人工,幂等重试；死信队列,请求ID、响应码、耗时、摘要、重试和最终结果
P021,经营会议闭环,中心管理端,I04,消息通知中心,站内信、短信、邮件、企业微信,异步消息,模板变量/接收人/业务链接,P021-04-{业务主键},指数退避3次；超限转死信/人工,重试3次；失败告警,请求ID、响应码、耗时、摘要、重试和最终结果
P021,经营会议闭环,中心管理端,I05,文件与电子证据,附件、哈希、水印、短时下载,对象存储+签名URL,文件ID/哈希/敏感级别,P021-05-{业务主键},指数退避3次；超限转死信/人工,病毒隔离；链接过期,请求ID、响应码、耗时、摘要、重试和最终结果
P021,经营会议闭环,中心管理端,I06,审计日志平台,操作、前后值、接口请求ID,异步不可篡改日志,操作者/身份/时间/设备/IP,P021-06-{业务主键},指数退避3次；超限转死信/人工,关键审计失败阻断,请求ID、响应码、耗时、摘要、重试和最终结果
P022,总裁指令闭环,中心管理端,I01,统一身份与MFA,认证、任职身份、二次认证,同步调用,用户ID/身份ID/认证级别,P022-01-{业务主键},指数退避3次；超限转死信/人工,超时拒绝高风险操作,请求ID、响应码、耗时、摘要、重试和最终结果
P022,总裁指令闭环,中心管理端,I02,组织与员工主数据,中心、部门、岗位、员工关系,同步查询+事件订阅,组织ID/员工ID/有效期,P022-02-{业务主键},指数退避3次；超限转死信/人工,缓存降级；变更事件补偿,请求ID、响应码、耗时、摘要、重试和最终结果
P022,总裁指令闭环,中心管理端,I03,流程任务中心,实例、任务、状态、待办,内部事务+消息,实例号/任务号/状态,P022-03-{业务主键},指数退避3次；超限转死信/人工,幂等重试；死信队列,请求ID、响应码、耗时、摘要、重试和最终结果
P022,总裁指令闭环,中心管理端,I04,消息通知中心,站内信、短信、邮件、企业微信,异步消息,模板变量/接收人/业务链接,P022-04-{业务主键},指数退避3次；超限转死信/人工,重试3次；失败告警,请求ID、响应码、耗时、摘要、重试和最终结果
P022,总裁指令闭环,中心管理端,I05,文件与电子证据,附件、哈希、水印、短时下载,对象存储+签名URL,文件ID/哈希/敏感级别,P022-05-{业务主键},指数退避3次；超限转死信/人工,病毒隔离；链接过期,请求ID、响应码、耗时、摘要、重试和最终结果
P022,总裁指令闭环,中心管理端,I06,审计日志平台,操作、前后值、接口请求ID,异步不可篡改日志,操作者/身份/时间/设备/IP,P022-06-{业务主键},指数退避3次；超限转死信/人工,关键审计失败阻断,请求ID、响应码、耗时、摘要、重试和最终结果
P023,重大事项升级,中心管理端,I01,统一身份与MFA,认证、任职身份、二次认证,同步调用,用户ID/身份ID/认证级别,P023-01-{业务主键},指数退避3次；超限转死信/人工,超时拒绝高风险操作,请求ID、响应码、耗时、摘要、重试和最终结果
P023,重大事项升级,中心管理端,I02,组织与员工主数据,中心、部门、岗位、员工关系,同步查询+事件订阅,组织ID/员工ID/有效期,P023-02-{业务主键},指数退避3次；超限转死信/人工,缓存降级；变更事件补偿,请求ID、响应码、耗时、摘要、重试和最终结果
P023,重大事项升级,中心管理端,I03,流程任务中心,实例、任务、状态、待办,内部事务+消息,实例号/任务号/状态,P023-03-{业务主键},指数退避3次；超限转死信/人工,幂等重试；死信队列,请求ID、响应码、耗时、摘要、重试和最终结果
P023,重大事项升级,中心管理端,I04,消息通知中心,站内信、短信、邮件、企业微信,异步消息,模板变量/接收人/业务链接,P023-04-{业务主键},指数退避3次；超限转死信/人工,重试3次；失败告警,请求ID、响应码、耗时、摘要、重试和最终结果
P023,重大事项升级,中心管理端,I05,文件与电子证据,附件、哈希、水印、短时下载,对象存储+签名URL,文件ID/哈希/敏感级别,P023-05-{业务主键},指数退避3次；超限转死信/人工,病毒隔离；链接过期,请求ID、响应码、耗时、摘要、重试和最终结果
P023,重大事项升级,中心管理端,I06,审计日志平台,操作、前后值、接口请求ID,异步不可篡改日志,操作者/身份/时间/设备/IP,P023-06-{业务主键},指数退避3次；超限转死信/人工,关键审计失败阻断,请求ID、响应码、耗时、摘要、重试和最终结果
P024,预算闭环,中心管理端,I01,统一身份与MFA,认证、任职身份、二次认证,同步调用,用户ID/身份ID/认证级别,P024-01-{业务主键},指数退避3次；超限转死信/人工,超时拒绝高风险操作,请求ID、响应码、耗时、摘要、重试和最终结果
P024,预算闭环,中心管理端,I02,组织与员工主数据,中心、部门、岗位、员工关系,同步查询+事件订阅,组织ID/员工ID/有效期,P024-02-{业务主键},指数退避3次；超限转死信/人工,缓存降级；变更事件补偿,请求ID、响应码、耗时、摘要、重试和最终结果
P024,预算闭环,中心管理端,I03,流程任务中心,实例、任务、状态、待办,内部事务+消息,实例号/任务号/状态,P024-03-{业务主键},指数退避3次；超限转死信/人工,幂等重试；死信队列,请求ID、响应码、耗时、摘要、重试和最终结果
P024,预算闭环,中心管理端,I04,消息通知中心,站内信、短信、邮件、企业微信,异步消息,模板变量/接收人/业务链接,P024-04-{业务主键},指数退避3次；超限转死信/人工,重试3次；失败告警,请求ID、响应码、耗时、摘要、重试和最终结果
P024,预算闭环,中心管理端,I05,文件与电子证据,附件、哈希、水印、短时下载,对象存储+签名URL,文件ID/哈希/敏感级别,P024-05-{业务主键},指数退避3次；超限转死信/人工,病毒隔离；链接过期,请求ID、响应码、耗时、摘要、重试和最终结果
P024,预算闭环,中心管理端,I06,审计日志平台,操作、前后值、接口请求ID,异步不可篡改日志,操作者/身份/时间/设备/IP,P024-06-{业务主键},指数退避3次；超限转死信/人工,关键审计失败阻断,请求ID、响应码、耗时、摘要、重试和最终结果
P024,预算闭环,中心管理端,I07,财务预算与支付,预算占用、票据、付款、凭证、对账,API+批次,预算项/金额/凭证号,P024-07-{业务主键},指数退避3次；超限转死信/人工,冲销补偿；T+1对账,请求ID、响应码、耗时、摘要、重试和最终结果
P025,报销闭环,中心管理端,I01,统一身份与MFA,认证、任职身份、二次认证,同步调用,用户ID/身份ID/认证级别,P025-01-{业务主键},指数退避3次；超限转死信/人工,超时拒绝高风险操作,请求ID、响应码、耗时、摘要、重试和最终结果
P025,报销闭环,中心管理端,I02,组织与员工主数据,中心、部门、岗位、员工关系,同步查询+事件订阅,组织ID/员工ID/有效期,P025-02-{业务主键},指数退避3次；超限转死信/人工,缓存降级；变更事件补偿,请求ID、响应码、耗时、摘要、重试和最终结果
P025,报销闭环,中心管理端,I03,流程任务中心,实例、任务、状态、待办,内部事务+消息,实例号/任务号/状态,P025-03-{业务主键},指数退避3次；超限转死信/人工,幂等重试；死信队列,请求ID、响应码、耗时、摘要、重试和最终结果
P025,报销闭环,中心管理端,I04,消息通知中心,站内信、短信、邮件、企业微信,异步消息,模板变量/接收人/业务链接,P025-04-{业务主键},指数退避3次；超限转死信/人工,重试3次；失败告警,请求ID、响应码、耗时、摘要、重试和最终结果
P025,报销闭环,中心管理端,I05,文件与电子证据,附件、哈希、水印、短时下载,对象存储+签名URL,文件ID/哈希/敏感级别,P025-05-{业务主键},指数退避3次；超限转死信/人工,病毒隔离；链接过期,请求ID、响应码、耗时、摘要、重试和最终结果
P025,报销闭环,中心管理端,I06,审计日志平台,操作、前后值、接口请求ID,异步不可篡改日志,操作者/身份/时间/设备/IP,P025-06-{业务主键},指数退避3次；超限转死信/人工,关键审计失败阻断,请求ID、响应码、耗时、摘要、重试和最终结果
P025,报销闭环,中心管理端,I07,财务预算与支付,预算占用、票据、付款、凭证、对账,API+批次,预算项/金额/凭证号,P025-07-{业务主键},指数退避3次；超限转死信/人工,冲销补偿；T+1对账,请求ID、响应码、耗时、摘要、重试和最终结果
P026,借款核销,中心管理端,I01,统一身份与MFA,认证、任职身份、二次认证,同步调用,用户ID/身份ID/认证级别,P026-01-{业务主键},指数退避3次；超限转死信/人工,超时拒绝高风险操作,请求ID、响应码、耗时、摘要、重试和最终结果
P026,借款核销,中心管理端,I02,组织与员工主数据,中心、部门、岗位、员工关系,同步查询+事件订阅,组织ID/员工ID/有效期,P026-02-{业务主键},指数退避3次；超限转死信/人工,缓存降级；变更事件补偿,请求ID、响应码、耗时、摘要、重试和最终结果
P026,借款核销,中心管理端,I03,流程任务中心,实例、任务、状态、待办,内部事务+消息,实例号/任务号/状态,P026-03-{业务主键},指数退避3次；超限转死信/人工,幂等重试；死信队列,请求ID、响应码、耗时、摘要、重试和最终结果
P026,借款核销,中心管理端,I04,消息通知中心,站内信、短信、邮件、企业微信,异步消息,模板变量/接收人/业务链接,P026-04-{业务主键},指数退避3次；超限转死信/人工,重试3次；失败告警,请求ID、响应码、耗时、摘要、重试和最终结果
P026,借款核销,中心管理端,I05,文件与电子证据,附件、哈希、水印、短时下载,对象存储+签名URL,文件ID/哈希/敏感级别,P026-05-{业务主键},指数退避3次；超限转死信/人工,病毒隔离；链接过期,请求ID、响应码、耗时、摘要、重试和最终结果
P026,借款核销,中心管理端,I06,审计日志平台,操作、前后值、接口请求ID,异步不可篡改日志,操作者/身份/时间/设备/IP,P026-06-{业务主键},指数退避3次；超限转死信/人工,关键审计失败阻断,请求ID、响应码、耗时、摘要、重试和最终结果
P026,借款核销,中心管理端,I07,财务预算与支付,预算占用、票据、付款、凭证、对账,API+批次,预算项/金额/凭证号,P026-07-{业务主键},指数退避3次；超限转死信/人工,冲销补偿；T+1对账,请求ID、响应码、耗时、摘要、重试和最终结果
P026,借款核销,中心管理端,I08,订单票务与支付,订单、支付、出票、核销、退款,API+消息,订单号/票码/金额/状态,P026-08-{业务主键},指数退避3次；超限转死信/人工,幂等回调；差异队列,请求ID、响应码、耗时、摘要、重试和最终结果
P027,跨系统对账,中心管理端,I01,统一身份与MFA,认证、任职身份、二次认证,同步调用,用户ID/身份ID/认证级别,P027-01-{业务主键},指数退避3次；超限转死信/人工,超时拒绝高风险操作,请求ID、响应码、耗时、摘要、重试和最终结果
P027,跨系统对账,中心管理端,I02,组织与员工主数据,中心、部门、岗位、员工关系,同步查询+事件订阅,组织ID/员工ID/有效期,P027-02-{业务主键},指数退避3次；超限转死信/人工,缓存降级；变更事件补偿,请求ID、响应码、耗时、摘要、重试和最终结果
P027,跨系统对账,中心管理端,I03,流程任务中心,实例、任务、状态、待办,内部事务+消息,实例号/任务号/状态,P027-03-{业务主键},指数退避3次；超限转死信/人工,幂等重试；死信队列,请求ID、响应码、耗时、摘要、重试和最终结果
P027,跨系统对账,中心管理端,I04,消息通知中心,站内信、短信、邮件、企业微信,异步消息,模板变量/接收人/业务链接,P027-04-{业务主键},指数退避3次；超限转死信/人工,重试3次；失败告警,请求ID、响应码、耗时、摘要、重试和最终结果
P027,跨系统对账,中心管理端,I05,文件与电子证据,附件、哈希、水印、短时下载,对象存储+签名URL,文件ID/哈希/敏感级别,P027-05-{业务主键},指数退避3次；超限转死信/人工,病毒隔离；链接过期,请求ID、响应码、耗时、摘要、重试和最终结果
P027,跨系统对账,中心管理端,I06,审计日志平台,操作、前后值、接口请求ID,异步不可篡改日志,操作者/身份/时间/设备/IP,P027-06-{业务主键},指数退避3次；超限转死信/人工,关键审计失败阻断,请求ID、响应码、耗时、摘要、重试和最终结果
P027,跨系统对账,中心管理端,I07,财务预算与支付,预算占用、票据、付款、凭证、对账,API+批次,预算项/金额/凭证号,P027-07-{业务主键},指数退避3次；超限转死信/人工,冲销补偿；T+1对账,请求ID、响应码、耗时、摘要、重试和最终结果
P028,录用入职闭环,中心管理端,I01,统一身份与MFA,认证、任职身份、二次认证,同步调用,用户ID/身份ID/认证级别,P028-01-{业务主键},指数退避3次；超限转死信/人工,超时拒绝高风险操作,请求ID、响应码、耗时、摘要、重试和最终结果
P028,录用入职闭环,中心管理端,I02,组织与员工主数据,中心、部门、岗位、员工关系,同步查询+事件订阅,组织ID/员工ID/有效期,P028-02-{业务主键},指数退避3次；超限转死信/人工,缓存降级；变更事件补偿,请求ID、响应码、耗时、摘要、重试和最终结果
P028,录用入职闭环,中心管理端,I03,流程任务中心,实例、任务、状态、待办,内部事务+消息,实例号/任务号/状态,P028-03-{业务主键},指数退避3次；超限转死信/人工,幂等重试；死信队列,请求ID、响应码、耗时、摘要、重试和最终结果
P028,录用入职闭环,中心管理端,I04,消息通知中心,站内信、短信、邮件、企业微信,异步消息,模板变量/接收人/业务链接,P028-04-{业务主键},指数退避3次；超限转死信/人工,重试3次；失败告警,请求ID、响应码、耗时、摘要、重试和最终结果
P028,录用入职闭环,中心管理端,I05,文件与电子证据,附件、哈希、水印、短时下载,对象存储+签名URL,文件ID/哈希/敏感级别,P028-05-{业务主键},指数退避3次；超限转死信/人工,病毒隔离；链接过期,请求ID、响应码、耗时、摘要、重试和最终结果
P028,录用入职闭环,中心管理端,I06,审计日志平台,操作、前后值、接口请求ID,异步不可篡改日志,操作者/身份/时间/设备/IP,P028-06-{业务主键},指数退避3次；超限转死信/人工,关键审计失败阻断,请求ID、响应码、耗时、摘要、重试和最终结果
P028,录用入职闭环,中心管理端,I07,人力资源与考勤,员工、编制、合同、假勤、排班、绩效,API+事件,员工ID/岗位/时间/分数,P028-07-{业务主键},指数退避3次；超限转死信/人工,对账补偿；差异工单,请求ID、响应码、耗时、摘要、重试和最终结果
P028,录用入职闭环,中心管理端,I08,财务预算与支付,预算占用、票据、付款、凭证、对账,API+批次,预算项/金额/凭证号,P028-08-{业务主键},指数退避3次；超限转死信/人工,冲销补偿；T+1对账,请求ID、响应码、耗时、摘要、重试和最终结果
P029,调岗闭环,中心管理端,I01,统一身份与MFA,认证、任职身份、二次认证,同步调用,用户ID/身份ID/认证级别,P029-01-{业务主键},指数退避3次；超限转死信/人工,超时拒绝高风险操作,请求ID、响应码、耗时、摘要、重试和最终结果
P029,调岗闭环,中心管理端,I02,组织与员工主数据,中心、部门、岗位、员工关系,同步查询+事件订阅,组织ID/员工ID/有效期,P029-02-{业务主键},指数退避3次；超限转死信/人工,缓存降级；变更事件补偿,请求ID、响应码、耗时、摘要、重试和最终结果
P029,调岗闭环,中心管理端,I03,流程任务中心,实例、任务、状态、待办,内部事务+消息,实例号/任务号/状态,P029-03-{业务主键},指数退避3次；超限转死信/人工,幂等重试；死信队列,请求ID、响应码、耗时、摘要、重试和最终结果
P029,调岗闭环,中心管理端,I04,消息通知中心,站内信、短信、邮件、企业微信,异步消息,模板变量/接收人/业务链接,P029-04-{业务主键},指数退避3次；超限转死信/人工,重试3次；失败告警,请求ID、响应码、耗时、摘要、重试和最终结果
P029,调岗闭环,中心管理端,I05,文件与电子证据,附件、哈希、水印、短时下载,对象存储+签名URL,文件ID/哈希/敏感级别,P029-05-{业务主键},指数退避3次；超限转死信/人工,病毒隔离；链接过期,请求ID、响应码、耗时、摘要、重试和最终结果
P029,调岗闭环,中心管理端,I06,审计日志平台,操作、前后值、接口请求ID,异步不可篡改日志,操作者/身份/时间/设备/IP,P029-06-{业务主键},指数退避3次；超限转死信/人工,关键审计失败阻断,请求ID、响应码、耗时、摘要、重试和最终结果
P029,调岗闭环,中心管理端,I07,人力资源与考勤,员工、编制、合同、假勤、排班、绩效,API+事件,员工ID/岗位/时间/分数,P029-07-{业务主键},指数退避3次；超限转死信/人工,对账补偿；差异工单,请求ID、响应码、耗时、摘要、重试和最终结果
P030,离职闭环,中心管理端,I01,统一身份与MFA,认证、任职身份、二次认证,同步调用,用户ID/身份ID/认证级别,P030-01-{业务主键},指数退避3次；超限转死信/人工,超时拒绝高风险操作,请求ID、响应码、耗时、摘要、重试和最终结果
P030,离职闭环,中心管理端,I02,组织与员工主数据,中心、部门、岗位、员工关系,同步查询+事件订阅,组织ID/员工ID/有效期,P030-02-{业务主键},指数退避3次；超限转死信/人工,缓存降级；变更事件补偿,请求ID、响应码、耗时、摘要、重试和最终结果
P030,离职闭环,中心管理端,I03,流程任务中心,实例、任务、状态、待办,内部事务+消息,实例号/任务号/状态,P030-03-{业务主键},指数退避3次；超限转死信/人工,幂等重试；死信队列,请求ID、响应码、耗时、摘要、重试和最终结果
P030,离职闭环,中心管理端,I04,消息通知中心,站内信、短信、邮件、企业微信,异步消息,模板变量/接收人/业务链接,P030-04-{业务主键},指数退避3次；超限转死信/人工,重试3次；失败告警,请求ID、响应码、耗时、摘要、重试和最终结果
P030,离职闭环,中心管理端,I05,文件与电子证据,附件、哈希、水印、短时下载,对象存储+签名URL,文件ID/哈希/敏感级别,P030-05-{业务主键},指数退避3次；超限转死信/人工,病毒隔离；链接过期,请求ID、响应码、耗时、摘要、重试和最终结果
P030,离职闭环,中心管理端,I06,审计日志平台,操作、前后值、接口请求ID,异步不可篡改日志,操作者/身份/时间/设备/IP,P030-06-{业务主键},指数退避3次；超限转死信/人工,关键审计失败阻断,请求ID、响应码、耗时、摘要、重试和最终结果
P030,离职闭环,中心管理端,I07,人力资源与考勤,员工、编制、合同、假勤、排班、绩效,API+事件,员工ID/岗位/时间/分数,P030-07-{业务主键},指数退避3次；超限转死信/人工,对账补偿；差异工单,请求ID、响应码、耗时、摘要、重试和最终结果
P030,离职闭环,中心管理端,I08,财务预算与支付,预算占用、票据、付款、凭证、对账,API+批次,预算项/金额/凭证号,P030-08-{业务主键},指数退避3次；超限转死信/人工,冲销补偿；T+1对账,请求ID、响应码、耗时、摘要、重试和最终结果
P030,离职闭环,中心管理端,I09,资产仓储系统,物料、批次、序列号、库存与资产状态,API+事件,物料/资产ID/数量/库位,P030-09-{业务主键},指数退避3次；超限转死信/人工,库存锁补偿；负库存阻断,请求ID、响应码、耗时、摘要、重试和最终结果
P031,归档接收,中心管理端,I01,统一身份与MFA,认证、任职身份、二次认证,同步调用,用户ID/身份ID/认证级别,P031-01-{业务主键},指数退避3次；超限转死信/人工,超时拒绝高风险操作,请求ID、响应码、耗时、摘要、重试和最终结果
P031,归档接收,中心管理端,I02,组织与员工主数据,中心、部门、岗位、员工关系,同步查询+事件订阅,组织ID/员工ID/有效期,P031-02-{业务主键},指数退避3次；超限转死信/人工,缓存降级；变更事件补偿,请求ID、响应码、耗时、摘要、重试和最终结果
P031,归档接收,中心管理端,I03,流程任务中心,实例、任务、状态、待办,内部事务+消息,实例号/任务号/状态,P031-03-{业务主键},指数退避3次；超限转死信/人工,幂等重试；死信队列,请求ID、响应码、耗时、摘要、重试和最终结果
P031,归档接收,中心管理端,I04,消息通知中心,站内信、短信、邮件、企业微信,异步消息,模板变量/接收人/业务链接,P031-04-{业务主键},指数退避3次；超限转死信/人工,重试3次；失败告警,请求ID、响应码、耗时、摘要、重试和最终结果
P031,归档接收,中心管理端,I05,文件与电子证据,附件、哈希、水印、短时下载,对象存储+签名URL,文件ID/哈希/敏感级别,P031-05-{业务主键},指数退避3次；超限转死信/人工,病毒隔离；链接过期,请求ID、响应码、耗时、摘要、重试和最终结果
P031,归档接收,中心管理端,I06,审计日志平台,操作、前后值、接口请求ID,异步不可篡改日志,操作者/身份/时间/设备/IP,P031-06-{业务主键},指数退避3次；超限转死信/人工,关键审计失败阻断,请求ID、响应码、耗时、摘要、重试和最终结果
P031,归档接收,中心管理端,I07,资产仓储系统,物料、批次、序列号、库存与资产状态,API+事件,物料/资产ID/数量/库位,P031-07-{业务主键},指数退避3次；超限转死信/人工,库存锁补偿；负库存阻断,请求ID、响应码、耗时、摘要、重试和最终结果
P032,借阅归还,中心管理端,I01,统一身份与MFA,认证、任职身份、二次认证,同步调用,用户ID/身份ID/认证级别,P032-01-{业务主键},指数退避3次；超限转死信/人工,超时拒绝高风险操作,请求ID、响应码、耗时、摘要、重试和最终结果
P032,借阅归还,中心管理端,I02,组织与员工主数据,中心、部门、岗位、员工关系,同步查询+事件订阅,组织ID/员工ID/有效期,P032-02-{业务主键},指数退避3次；超限转死信/人工,缓存降级；变更事件补偿,请求ID、响应码、耗时、摘要、重试和最终结果
P032,借阅归还,中心管理端,I03,流程任务中心,实例、任务、状态、待办,内部事务+消息,实例号/任务号/状态,P032-03-{业务主键},指数退避3次；超限转死信/人工,幂等重试；死信队列,请求ID、响应码、耗时、摘要、重试和最终结果
P032,借阅归还,中心管理端,I04,消息通知中心,站内信、短信、邮件、企业微信,异步消息,模板变量/接收人/业务链接,P032-04-{业务主键},指数退避3次；超限转死信/人工,重试3次；失败告警,请求ID、响应码、耗时、摘要、重试和最终结果
P032,借阅归还,中心管理端,I05,文件与电子证据,附件、哈希、水印、短时下载,对象存储+签名URL,文件ID/哈希/敏感级别,P032-05-{业务主键},指数退避3次；超限转死信/人工,病毒隔离；链接过期,请求ID、响应码、耗时、摘要、重试和最终结果
P032,借阅归还,中心管理端,I06,审计日志平台,操作、前后值、接口请求ID,异步不可篡改日志,操作者/身份/时间/设备/IP,P032-06-{业务主键},指数退避3次；超限转死信/人工,关键审计失败阻断,请求ID、响应码、耗时、摘要、重试和最终结果
P032,借阅归还,中心管理端,I07,资产仓储系统,物料、批次、序列号、库存与资产状态,API+事件,物料/资产ID/数量/库位,P032-07-{业务主键},指数退避3次；超限转死信/人工,库存锁补偿；负库存阻断,请求ID、响应码、耗时、摘要、重试和最终结果
P033,销毁鉴定,中心管理端,I01,统一身份与MFA,认证、任职身份、二次认证,同步调用,用户ID/身份ID/认证级别,P033-01-{业务主键},指数退避3次；超限转死信/人工,超时拒绝高风险操作,请求ID、响应码、耗时、摘要、重试和最终结果
P033,销毁鉴定,中心管理端,I02,组织与员工主数据,中心、部门、岗位、员工关系,同步查询+事件订阅,组织ID/员工ID/有效期,P033-02-{业务主键},指数退避3次；超限转死信/人工,缓存降级；变更事件补偿,请求ID、响应码、耗时、摘要、重试和最终结果
P033,销毁鉴定,中心管理端,I03,流程任务中心,实例、任务、状态、待办,内部事务+消息,实例号/任务号/状态,P033-03-{业务主键},指数退避3次；超限转死信/人工,幂等重试；死信队列,请求ID、响应码、耗时、摘要、重试和最终结果
P033,销毁鉴定,中心管理端,I04,消息通知中心,站内信、短信、邮件、企业微信,异步消息,模板变量/接收人/业务链接,P033-04-{业务主键},指数退避3次；超限转死信/人工,重试3次；失败告警,请求ID、响应码、耗时、摘要、重试和最终结果
P033,销毁鉴定,中心管理端,I05,文件与电子证据,附件、哈希、水印、短时下载,对象存储+签名URL,文件ID/哈希/敏感级别,P033-05-{业务主键},指数退避3次；超限转死信/人工,病毒隔离；链接过期,请求ID、响应码、耗时、摘要、重试和最终结果
P033,销毁鉴定,中心管理端,I06,审计日志平台,操作、前后值、接口请求ID,异步不可篡改日志,操作者/身份/时间/设备/IP,P033-06-{业务主键},指数退避3次；超限转死信/人工,关键审计失败阻断,请求ID、响应码、耗时、摘要、重试和最终结果
P034,标准采购,中心管理端,I01,统一身份与MFA,认证、任职身份、二次认证,同步调用,用户ID/身份ID/认证级别,P034-01-{业务主键},指数退避3次；超限转死信/人工,超时拒绝高风险操作,请求ID、响应码、耗时、摘要、重试和最终结果
P034,标准采购,中心管理端,I02,组织与员工主数据,中心、部门、岗位、员工关系,同步查询+事件订阅,组织ID/员工ID/有效期,P034-02-{业务主键},指数退避3次；超限转死信/人工,缓存降级；变更事件补偿,请求ID、响应码、耗时、摘要、重试和最终结果
P034,标准采购,中心管理端,I03,流程任务中心,实例、任务、状态、待办,内部事务+消息,实例号/任务号/状态,P034-03-{业务主键},指数退避3次；超限转死信/人工,幂等重试；死信队列,请求ID、响应码、耗时、摘要、重试和最终结果
P034,标准采购,中心管理端,I04,消息通知中心,站内信、短信、邮件、企业微信,异步消息,模板变量/接收人/业务链接,P034-04-{业务主键},指数退避3次；超限转死信/人工,重试3次；失败告警,请求ID、响应码、耗时、摘要、重试和最终结果
P034,标准采购,中心管理端,I05,文件与电子证据,附件、哈希、水印、短时下载,对象存储+签名URL,文件ID/哈希/敏感级别,P034-05-{业务主键},指数退避3次；超限转死信/人工,病毒隔离；链接过期,请求ID、响应码、耗时、摘要、重试和最终结果
P034,标准采购,中心管理端,I06,审计日志平台,操作、前后值、接口请求ID,异步不可篡改日志,操作者/身份/时间/设备/IP,P034-06-{业务主键},指数退避3次；超限转死信/人工,关键审计失败阻断,请求ID、响应码、耗时、摘要、重试和最终结果
P034,标准采购,中心管理端,I07,财务预算与支付,预算占用、票据、付款、凭证、对账,API+批次,预算项/金额/凭证号,P034-07-{业务主键},指数退避3次；超限转死信/人工,冲销补偿；T+1对账,请求ID、响应码、耗时、摘要、重试和最终结果
P034,标准采购,中心管理端,I08,订单票务与支付,订单、支付、出票、核销、退款,API+消息,订单号/票码/金额/状态,P034-08-{业务主键},指数退避3次；超限转死信/人工,幂等回调；差异队列,请求ID、响应码、耗时、摘要、重试和最终结果
P034,标准采购,中心管理端,I09,资产仓储系统,物料、批次、序列号、库存与资产状态,API+事件,物料/资产ID/数量/库位,P034-09-{业务主键},指数退避3次；超限转死信/人工,库存锁补偿；负库存阻断,请求ID、响应码、耗时、摘要、重试和最终结果
P035,紧急采购,中心管理端,I01,统一身份与MFA,认证、任职身份、二次认证,同步调用,用户ID/身份ID/认证级别,P035-01-{业务主键},指数退避3次；超限转死信/人工,超时拒绝高风险操作,请求ID、响应码、耗时、摘要、重试和最终结果
P035,紧急采购,中心管理端,I02,组织与员工主数据,中心、部门、岗位、员工关系,同步查询+事件订阅,组织ID/员工ID/有效期,P035-02-{业务主键},指数退避3次；超限转死信/人工,缓存降级；变更事件补偿,请求ID、响应码、耗时、摘要、重试和最终结果
P035,紧急采购,中心管理端,I03,流程任务中心,实例、任务、状态、待办,内部事务+消息,实例号/任务号/状态,P035-03-{业务主键},指数退避3次；超限转死信/人工,幂等重试；死信队列,请求ID、响应码、耗时、摘要、重试和最终结果
P035,紧急采购,中心管理端,I04,消息通知中心,站内信、短信、邮件、企业微信,异步消息,模板变量/接收人/业务链接,P035-04-{业务主键},指数退避3次；超限转死信/人工,重试3次；失败告警,请求ID、响应码、耗时、摘要、重试和最终结果
P035,紧急采购,中心管理端,I05,文件与电子证据,附件、哈希、水印、短时下载,对象存储+签名URL,文件ID/哈希/敏感级别,P035-05-{业务主键},指数退避3次；超限转死信/人工,病毒隔离；链接过期,请求ID、响应码、耗时、摘要、重试和最终结果
P035,紧急采购,中心管理端,I06,审计日志平台,操作、前后值、接口请求ID,异步不可篡改日志,操作者/身份/时间/设备/IP,P035-06-{业务主键},指数退避3次；超限转死信/人工,关键审计失败阻断,请求ID、响应码、耗时、摘要、重试和最终结果
P035,紧急采购,中心管理端,I07,财务预算与支付,预算占用、票据、付款、凭证、对账,API+批次,预算项/金额/凭证号,P035-07-{业务主键},指数退避3次；超限转死信/人工,冲销补偿；T+1对账,请求ID、响应码、耗时、摘要、重试和最终结果
P036,退换货,中心管理端,I01,统一身份与MFA,认证、任职身份、二次认证,同步调用,用户ID/身份ID/认证级别,P036-01-{业务主键},指数退避3次；超限转死信/人工,超时拒绝高风险操作,请求ID、响应码、耗时、摘要、重试和最终结果
P036,退换货,中心管理端,I02,组织与员工主数据,中心、部门、岗位、员工关系,同步查询+事件订阅,组织ID/员工ID/有效期,P036-02-{业务主键},指数退避3次；超限转死信/人工,缓存降级；变更事件补偿,请求ID、响应码、耗时、摘要、重试和最终结果
P036,退换货,中心管理端,I03,流程任务中心,实例、任务、状态、待办,内部事务+消息,实例号/任务号/状态,P036-03-{业务主键},指数退避3次；超限转死信/人工,幂等重试；死信队列,请求ID、响应码、耗时、摘要、重试和最终结果
P036,退换货,中心管理端,I04,消息通知中心,站内信、短信、邮件、企业微信,异步消息,模板变量/接收人/业务链接,P036-04-{业务主键},指数退避3次；超限转死信/人工,重试3次；失败告警,请求ID、响应码、耗时、摘要、重试和最终结果
P036,退换货,中心管理端,I05,文件与电子证据,附件、哈希、水印、短时下载,对象存储+签名URL,文件ID/哈希/敏感级别,P036-05-{业务主键},指数退避3次；超限转死信/人工,病毒隔离；链接过期,请求ID、响应码、耗时、摘要、重试和最终结果
P036,退换货,中心管理端,I06,审计日志平台,操作、前后值、接口请求ID,异步不可篡改日志,操作者/身份/时间/设备/IP,P036-06-{业务主键},指数退避3次；超限转死信/人工,关键审计失败阻断,请求ID、响应码、耗时、摘要、重试和最终结果
P036,退换货,中心管理端,I07,财务预算与支付,预算占用、票据、付款、凭证、对账,API+批次,预算项/金额/凭证号,P036-07-{业务主键},指数退避3次；超限转死信/人工,冲销补偿；T+1对账,请求ID、响应码、耗时、摘要、重试和最终结果
P036,退换货,中心管理端,I08,资产仓储系统,物料、批次、序列号、库存与资产状态,API+事件,物料/资产ID/数量/库位,P036-08-{业务主键},指数退避3次；超限转死信/人工,库存锁补偿；负库存阻断,请求ID、响应码、耗时、摘要、重试和最终结果
P037,售检票闭环,中心管理端,I01,统一身份与MFA,认证、任职身份、二次认证,同步调用,用户ID/身份ID/认证级别,P037-01-{业务主键},指数退避3次；超限转死信/人工,超时拒绝高风险操作,请求ID、响应码、耗时、摘要、重试和最终结果
P037,售检票闭环,中心管理端,I02,组织与员工主数据,中心、部门、岗位、员工关系,同步查询+事件订阅,组织ID/员工ID/有效期,P037-02-{业务主键},指数退避3次；超限转死信/人工,缓存降级；变更事件补偿,请求ID、响应码、耗时、摘要、重试和最终结果
P037,售检票闭环,中心管理端,I03,流程任务中心,实例、任务、状态、待办,内部事务+消息,实例号/任务号/状态,P037-03-{业务主键},指数退避3次；超限转死信/人工,幂等重试；死信队列,请求ID、响应码、耗时、摘要、重试和最终结果
P037,售检票闭环,中心管理端,I04,消息通知中心,站内信、短信、邮件、企业微信,异步消息,模板变量/接收人/业务链接,P037-04-{业务主键},指数退避3次；超限转死信/人工,重试3次；失败告警,请求ID、响应码、耗时、摘要、重试和最终结果
P037,售检票闭环,中心管理端,I05,文件与电子证据,附件、哈希、水印、短时下载,对象存储+签名URL,文件ID/哈希/敏感级别,P037-05-{业务主键},指数退避3次；超限转死信/人工,病毒隔离；链接过期,请求ID、响应码、耗时、摘要、重试和最终结果
P037,售检票闭环,中心管理端,I06,审计日志平台,操作、前后值、接口请求ID,异步不可篡改日志,操作者/身份/时间/设备/IP,P037-06-{业务主键},指数退避3次；超限转死信/人工,关键审计失败阻断,请求ID、响应码、耗时、摘要、重试和最终结果
P037,售检票闭环,中心管理端,I07,财务预算与支付,预算占用、票据、付款、凭证、对账,API+批次,预算项/金额/凭证号,P037-07-{业务主键},指数退避3次；超限转死信/人工,冲销补偿；T+1对账,请求ID、响应码、耗时、摘要、重试和最终结果
P037,售检票闭环,中心管理端,I08,订单票务与支付,订单、支付、出票、核销、退款,API+消息,订单号/票码/金额/状态,P037-08-{业务主键},指数退避3次；超限转死信/人工,幂等回调；差异队列,请求ID、响应码、耗时、摘要、重试和最终结果
P038,退款改签,中心管理端,I01,统一身份与MFA,认证、任职身份、二次认证,同步调用,用户ID/身份ID/认证级别,P038-01-{业务主键},指数退避3次；超限转死信/人工,超时拒绝高风险操作,请求ID、响应码、耗时、摘要、重试和最终结果
P038,退款改签,中心管理端,I02,组织与员工主数据,中心、部门、岗位、员工关系,同步查询+事件订阅,组织ID/员工ID/有效期,P038-02-{业务主键},指数退避3次；超限转死信/人工,缓存降级；变更事件补偿,请求ID、响应码、耗时、摘要、重试和最终结果
P038,退款改签,中心管理端,I03,流程任务中心,实例、任务、状态、待办,内部事务+消息,实例号/任务号/状态,P038-03-{业务主键},指数退避3次；超限转死信/人工,幂等重试；死信队列,请求ID、响应码、耗时、摘要、重试和最终结果
P038,退款改签,中心管理端,I04,消息通知中心,站内信、短信、邮件、企业微信,异步消息,模板变量/接收人/业务链接,P038-04-{业务主键},指数退避3次；超限转死信/人工,重试3次；失败告警,请求ID、响应码、耗时、摘要、重试和最终结果
P038,退款改签,中心管理端,I05,文件与电子证据,附件、哈希、水印、短时下载,对象存储+签名URL,文件ID/哈希/敏感级别,P038-05-{业务主键},指数退避3次；超限转死信/人工,病毒隔离；链接过期,请求ID、响应码、耗时、摘要、重试和最终结果
P038,退款改签,中心管理端,I06,审计日志平台,操作、前后值、接口请求ID,异步不可篡改日志,操作者/身份/时间/设备/IP,P038-06-{业务主键},指数退避3次；超限转死信/人工,关键审计失败阻断,请求ID、响应码、耗时、摘要、重试和最终结果
P038,退款改签,中心管理端,I07,财务预算与支付,预算占用、票据、付款、凭证、对账,API+批次,预算项/金额/凭证号,P038-07-{业务主键},指数退避3次；超限转死信/人工,冲销补偿；T+1对账,请求ID、响应码、耗时、摘要、重试和最终结果
P038,退款改签,中心管理端,I08,订单票务与支付,订单、支付、出票、核销、退款,API+消息,订单号/票码/金额/状态,P038-08-{业务主键},指数退避3次；超限转死信/人工,幂等回调；差异队列,请求ID、响应码、耗时、摘要、重试和最终结果
P039,离线检票,中心管理端,I01,统一身份与MFA,认证、任职身份、二次认证,同步调用,用户ID/身份ID/认证级别,P039-01-{业务主键},指数退避3次；超限转死信/人工,超时拒绝高风险操作,请求ID、响应码、耗时、摘要、重试和最终结果
P039,离线检票,中心管理端,I02,组织与员工主数据,中心、部门、岗位、员工关系,同步查询+事件订阅,组织ID/员工ID/有效期,P039-02-{业务主键},指数退避3次；超限转死信/人工,缓存降级；变更事件补偿,请求ID、响应码、耗时、摘要、重试和最终结果
P039,离线检票,中心管理端,I03,流程任务中心,实例、任务、状态、待办,内部事务+消息,实例号/任务号/状态,P039-03-{业务主键},指数退避3次；超限转死信/人工,幂等重试；死信队列,请求ID、响应码、耗时、摘要、重试和最终结果
P039,离线检票,中心管理端,I04,消息通知中心,站内信、短信、邮件、企业微信,异步消息,模板变量/接收人/业务链接,P039-04-{业务主键},指数退避3次；超限转死信/人工,重试3次；失败告警,请求ID、响应码、耗时、摘要、重试和最终结果
P039,离线检票,中心管理端,I05,文件与电子证据,附件、哈希、水印、短时下载,对象存储+签名URL,文件ID/哈希/敏感级别,P039-05-{业务主键},指数退避3次；超限转死信/人工,病毒隔离；链接过期,请求ID、响应码、耗时、摘要、重试和最终结果
P039,离线检票,中心管理端,I06,审计日志平台,操作、前后值、接口请求ID,异步不可篡改日志,操作者/身份/时间/设备/IP,P039-06-{业务主键},指数退避3次；超限转死信/人工,关键审计失败阻断,请求ID、响应码、耗时、摘要、重试和最终结果
P039,离线检票,中心管理端,I07,订单票务与支付,订单、支付、出票、核销、退款,API+消息,订单号/票码/金额/状态,P039-07-{业务主键},指数退避3次；超限转死信/人工,幂等回调；差异队列,请求ID、响应码、耗时、摘要、重试和最终结果
P039,离线检票,中心管理端,I08,CMDB/研发/CI-CD,配置项、代码、构建、测试、发布、监控,API+Webhook,工作项/构建号/版本/环境,P039-08-{业务主键},指数退避3次；超限转死信/人工,回退流水；发布门禁,请求ID、响应码、耗时、摘要、重试和最终结果
P040,商机推进,中心管理端,I01,统一身份与MFA,认证、任职身份、二次认证,同步调用,用户ID/身份ID/认证级别,P040-01-{业务主键},指数退避3次；超限转死信/人工,超时拒绝高风险操作,请求ID、响应码、耗时、摘要、重试和最终结果
P040,商机推进,中心管理端,I02,组织与员工主数据,中心、部门、岗位、员工关系,同步查询+事件订阅,组织ID/员工ID/有效期,P040-02-{业务主键},指数退避3次；超限转死信/人工,缓存降级；变更事件补偿,请求ID、响应码、耗时、摘要、重试和最终结果
P040,商机推进,中心管理端,I03,流程任务中心,实例、任务、状态、待办,内部事务+消息,实例号/任务号/状态,P040-03-{业务主键},指数退避3次；超限转死信/人工,幂等重试；死信队列,请求ID、响应码、耗时、摘要、重试和最终结果
P040,商机推进,中心管理端,I04,消息通知中心,站内信、短信、邮件、企业微信,异步消息,模板变量/接收人/业务链接,P040-04-{业务主键},指数退避3次；超限转死信/人工,重试3次；失败告警,请求ID、响应码、耗时、摘要、重试和最终结果
P040,商机推进,中心管理端,I05,文件与电子证据,附件、哈希、水印、短时下载,对象存储+签名URL,文件ID/哈希/敏感级别,P040-05-{业务主键},指数退避3次；超限转死信/人工,病毒隔离；链接过期,请求ID、响应码、耗时、摘要、重试和最终结果
P040,商机推进,中心管理端,I06,审计日志平台,操作、前后值、接口请求ID,异步不可篡改日志,操作者/身份/时间/设备/IP,P040-06-{业务主键},指数退避3次；超限转死信/人工,关键审计失败阻断,请求ID、响应码、耗时、摘要、重试和最终结果
P040,商机推进,中心管理端,I07,财务预算与支付,预算占用、票据、付款、凭证、对账,API+批次,预算项/金额/凭证号,P040-07-{业务主键},指数退避3次；超限转死信/人工,冲销补偿；T+1对账,请求ID、响应码、耗时、摘要、重试和最终结果
P040,商机推进,中心管理端,I08,CRM与客户主数据,客户、联系人、线索、商机、归属,API+事件,客户ID/商机号/负责人,P040-08-{业务主键},指数退避3次；超限转死信/人工,查重合并；归属冲突工单,请求ID、响应码、耗时、摘要、重试和最终结果
P041,市场活动,中心管理端,I01,统一身份与MFA,认证、任职身份、二次认证,同步调用,用户ID/身份ID/认证级别,P041-01-{业务主键},指数退避3次；超限转死信/人工,超时拒绝高风险操作,请求ID、响应码、耗时、摘要、重试和最终结果
P041,市场活动,中心管理端,I02,组织与员工主数据,中心、部门、岗位、员工关系,同步查询+事件订阅,组织ID/员工ID/有效期,P041-02-{业务主键},指数退避3次；超限转死信/人工,缓存降级；变更事件补偿,请求ID、响应码、耗时、摘要、重试和最终结果
P041,市场活动,中心管理端,I03,流程任务中心,实例、任务、状态、待办,内部事务+消息,实例号/任务号/状态,P041-03-{业务主键},指数退避3次；超限转死信/人工,幂等重试；死信队列,请求ID、响应码、耗时、摘要、重试和最终结果
P041,市场活动,中心管理端,I04,消息通知中心,站内信、短信、邮件、企业微信,异步消息,模板变量/接收人/业务链接,P041-04-{业务主键},指数退避3次；超限转死信/人工,重试3次；失败告警,请求ID、响应码、耗时、摘要、重试和最终结果
P041,市场活动,中心管理端,I05,文件与电子证据,附件、哈希、水印、短时下载,对象存储+签名URL,文件ID/哈希/敏感级别,P041-05-{业务主键},指数退避3次；超限转死信/人工,病毒隔离；链接过期,请求ID、响应码、耗时、摘要、重试和最终结果
P041,市场活动,中心管理端,I06,审计日志平台,操作、前后值、接口请求ID,异步不可篡改日志,操作者/身份/时间/设备/IP,P041-06-{业务主键},指数退避3次；超限转死信/人工,关键审计失败阻断,请求ID、响应码、耗时、摘要、重试和最终结果
P041,市场活动,中心管理端,I07,财务预算与支付,预算占用、票据、付款、凭证、对账,API+批次,预算项/金额/凭证号,P041-07-{业务主键},指数退避3次；超限转死信/人工,冲销补偿；T+1对账,请求ID、响应码、耗时、摘要、重试和最终结果
P041,市场活动,中心管理端,I08,CRM与客户主数据,客户、联系人、线索、商机、归属,API+事件,客户ID/商机号/负责人,P041-08-{业务主键},指数退避3次；超限转死信/人工,查重合并；归属冲突工单,请求ID、响应码、耗时、摘要、重试和最终结果
P041,市场活动,中心管理端,I09,内容资产与渠道平台,素材、版本、版权、发布与数据回流,API+平台回调,内容ID/渠道ID/发布状态/指标,P041-09-{业务主键},指数退避3次；超限转死信/人工,回调验签；平台差异对账,请求ID、响应码、耗时、摘要、重试和最终结果
P042,渠道准入,中心管理端,I01,统一身份与MFA,认证、任职身份、二次认证,同步调用,用户ID/身份ID/认证级别,P042-01-{业务主键},指数退避3次；超限转死信/人工,超时拒绝高风险操作,请求ID、响应码、耗时、摘要、重试和最终结果
P042,渠道准入,中心管理端,I02,组织与员工主数据,中心、部门、岗位、员工关系,同步查询+事件订阅,组织ID/员工ID/有效期,P042-02-{业务主键},指数退避3次；超限转死信/人工,缓存降级；变更事件补偿,请求ID、响应码、耗时、摘要、重试和最终结果
P042,渠道准入,中心管理端,I03,流程任务中心,实例、任务、状态、待办,内部事务+消息,实例号/任务号/状态,P042-03-{业务主键},指数退避3次；超限转死信/人工,幂等重试；死信队列,请求ID、响应码、耗时、摘要、重试和最终结果
P042,渠道准入,中心管理端,I04,消息通知中心,站内信、短信、邮件、企业微信,异步消息,模板变量/接收人/业务链接,P042-04-{业务主键},指数退避3次；超限转死信/人工,重试3次；失败告警,请求ID、响应码、耗时、摘要、重试和最终结果
P042,渠道准入,中心管理端,I05,文件与电子证据,附件、哈希、水印、短时下载,对象存储+签名URL,文件ID/哈希/敏感级别,P042-05-{业务主键},指数退避3次；超限转死信/人工,病毒隔离；链接过期,请求ID、响应码、耗时、摘要、重试和最终结果
P042,渠道准入,中心管理端,I06,审计日志平台,操作、前后值、接口请求ID,异步不可篡改日志,操作者/身份/时间/设备/IP,P042-06-{业务主键},指数退避3次；超限转死信/人工,关键审计失败阻断,请求ID、响应码、耗时、摘要、重试和最终结果
P042,渠道准入,中心管理端,I07,CRM与客户主数据,客户、联系人、线索、商机、归属,API+事件,客户ID/商机号/负责人,P042-07-{业务主键},指数退避3次；超限转死信/人工,查重合并；归属冲突工单,请求ID、响应码、耗时、摘要、重试和最终结果
P043,课程产品上线,中心管理端,I01,统一身份与MFA,认证、任职身份、二次认证,同步调用,用户ID/身份ID/认证级别,P043-01-{业务主键},指数退避3次；超限转死信/人工,超时拒绝高风险操作,请求ID、响应码、耗时、摘要、重试和最终结果
P043,课程产品上线,中心管理端,I02,组织与员工主数据,中心、部门、岗位、员工关系,同步查询+事件订阅,组织ID/员工ID/有效期,P043-02-{业务主键},指数退避3次；超限转死信/人工,缓存降级；变更事件补偿,请求ID、响应码、耗时、摘要、重试和最终结果
P043,课程产品上线,中心管理端,I03,流程任务中心,实例、任务、状态、待办,内部事务+消息,实例号/任务号/状态,P043-03-{业务主键},指数退避3次；超限转死信/人工,幂等重试；死信队列,请求ID、响应码、耗时、摘要、重试和最终结果
P043,课程产品上线,中心管理端,I04,消息通知中心,站内信、短信、邮件、企业微信,异步消息,模板变量/接收人/业务链接,P043-04-{业务主键},指数退避3次；超限转死信/人工,重试3次；失败告警,请求ID、响应码、耗时、摘要、重试和最终结果
P043,课程产品上线,中心管理端,I05,文件与电子证据,附件、哈希、水印、短时下载,对象存储+签名URL,文件ID/哈希/敏感级别,P043-05-{业务主键},指数退避3次；超限转死信/人工,病毒隔离；链接过期,请求ID、响应码、耗时、摘要、重试和最终结果
P043,课程产品上线,中心管理端,I06,审计日志平台,操作、前后值、接口请求ID,异步不可篡改日志,操作者/身份/时间/设备/IP,P043-06-{业务主键},指数退避3次；超限转死信/人工,关键审计失败阻断,请求ID、响应码、耗时、摘要、重试和最终结果
P043,课程产品上线,中心管理端,I07,课程与排课系统,课程版本、讲师资格、场地与排课,API+事件,课程版本/讲师/时间/场地,P043-07-{业务主键},指数退避3次；超限转死信/人工,冲突校验；自动释放锁,请求ID、响应码、耗时、摘要、重试和最终结果
P043,课程产品上线,中心管理端,I08,内容资产与渠道平台,素材、版本、版权、发布与数据回流,API+平台回调,内容ID/渠道ID/发布状态/指标,P043-08-{业务主键},指数退避3次；超限转死信/人工,回调验签；平台差异对账,请求ID、响应码、耗时、摘要、重试和最终结果
P044,研学团队交付,中心管理端,I01,统一身份与MFA,认证、任职身份、二次认证,同步调用,用户ID/身份ID/认证级别,P044-01-{业务主键},指数退避3次；超限转死信/人工,超时拒绝高风险操作,请求ID、响应码、耗时、摘要、重试和最终结果
P044,研学团队交付,中心管理端,I02,组织与员工主数据,中心、部门、岗位、员工关系,同步查询+事件订阅,组织ID/员工ID/有效期,P044-02-{业务主键},指数退避3次；超限转死信/人工,缓存降级；变更事件补偿,请求ID、响应码、耗时、摘要、重试和最终结果
P044,研学团队交付,中心管理端,I03,流程任务中心,实例、任务、状态、待办,内部事务+消息,实例号/任务号/状态,P044-03-{业务主键},指数退避3次；超限转死信/人工,幂等重试；死信队列,请求ID、响应码、耗时、摘要、重试和最终结果
P044,研学团队交付,中心管理端,I04,消息通知中心,站内信、短信、邮件、企业微信,异步消息,模板变量/接收人/业务链接,P044-04-{业务主键},指数退避3次；超限转死信/人工,重试3次；失败告警,请求ID、响应码、耗时、摘要、重试和最终结果
P044,研学团队交付,中心管理端,I05,文件与电子证据,附件、哈希、水印、短时下载,对象存储+签名URL,文件ID/哈希/敏感级别,P044-05-{业务主键},指数退避3次；超限转死信/人工,病毒隔离；链接过期,请求ID、响应码、耗时、摘要、重试和最终结果
P044,研学团队交付,中心管理端,I06,审计日志平台,操作、前后值、接口请求ID,异步不可篡改日志,操作者/身份/时间/设备/IP,P044-06-{业务主键},指数退避3次；超限转死信/人工,关键审计失败阻断,请求ID、响应码、耗时、摘要、重试和最终结果
P044,研学团队交付,中心管理端,I07,财务预算与支付,预算占用、票据、付款、凭证、对账,API+批次,预算项/金额/凭证号,P044-07-{业务主键},指数退避3次；超限转死信/人工,冲销补偿；T+1对账,请求ID、响应码、耗时、摘要、重试和最终结果
P044,研学团队交付,中心管理端,I08,订单票务与支付,订单、支付、出票、核销、退款,API+消息,订单号/票码/金额/状态,P044-08-{业务主键},指数退避3次；超限转死信/人工,幂等回调；差异队列,请求ID、响应码、耗时、摘要、重试和最终结果
P044,研学团队交付,中心管理端,I09,课程与排课系统,课程版本、讲师资格、场地与排课,API+事件,课程版本/讲师/时间/场地,P044-09-{业务主键},指数退避3次；超限转死信/人工,冲突校验；自动释放锁,请求ID、响应码、耗时、摘要、重试和最终结果
P045,讲师排课,中心管理端,I01,统一身份与MFA,认证、任职身份、二次认证,同步调用,用户ID/身份ID/认证级别,P045-01-{业务主键},指数退避3次；超限转死信/人工,超时拒绝高风险操作,请求ID、响应码、耗时、摘要、重试和最终结果
P045,讲师排课,中心管理端,I02,组织与员工主数据,中心、部门、岗位、员工关系,同步查询+事件订阅,组织ID/员工ID/有效期,P045-02-{业务主键},指数退避3次；超限转死信/人工,缓存降级；变更事件补偿,请求ID、响应码、耗时、摘要、重试和最终结果
P045,讲师排课,中心管理端,I03,流程任务中心,实例、任务、状态、待办,内部事务+消息,实例号/任务号/状态,P045-03-{业务主键},指数退避3次；超限转死信/人工,幂等重试；死信队列,请求ID、响应码、耗时、摘要、重试和最终结果
P045,讲师排课,中心管理端,I04,消息通知中心,站内信、短信、邮件、企业微信,异步消息,模板变量/接收人/业务链接,P045-04-{业务主键},指数退避3次；超限转死信/人工,重试3次；失败告警,请求ID、响应码、耗时、摘要、重试和最终结果
P045,讲师排课,中心管理端,I05,文件与电子证据,附件、哈希、水印、短时下载,对象存储+签名URL,文件ID/哈希/敏感级别,P045-05-{业务主键},指数退避3次；超限转死信/人工,病毒隔离；链接过期,请求ID、响应码、耗时、摘要、重试和最终结果
P045,讲师排课,中心管理端,I06,审计日志平台,操作、前后值、接口请求ID,异步不可篡改日志,操作者/身份/时间/设备/IP,P045-06-{业务主键},指数退避3次；超限转死信/人工,关键审计失败阻断,请求ID、响应码、耗时、摘要、重试和最终结果
P045,讲师排课,中心管理端,I07,课程与排课系统,课程版本、讲师资格、场地与排课,API+事件,课程版本/讲师/时间/场地,P045-07-{业务主键},指数退避3次；超限转死信/人工,冲突校验；自动释放锁,请求ID、响应码、耗时、摘要、重试和最终结果
P046,通知执行,中心管理端,I01,统一身份与MFA,认证、任职身份、二次认证,同步调用,用户ID/身份ID/认证级别,P046-01-{业务主键},指数退避3次；超限转死信/人工,超时拒绝高风险操作,请求ID、响应码、耗时、摘要、重试和最终结果
P046,通知执行,中心管理端,I02,组织与员工主数据,中心、部门、岗位、员工关系,同步查询+事件订阅,组织ID/员工ID/有效期,P046-02-{业务主键},指数退避3次；超限转死信/人工,缓存降级；变更事件补偿,请求ID、响应码、耗时、摘要、重试和最终结果
P046,通知执行,中心管理端,I03,流程任务中心,实例、任务、状态、待办,内部事务+消息,实例号/任务号/状态,P046-03-{业务主键},指数退避3次；超限转死信/人工,幂等重试；死信队列,请求ID、响应码、耗时、摘要、重试和最终结果
P046,通知执行,中心管理端,I04,消息通知中心,站内信、短信、邮件、企业微信,异步消息,模板变量/接收人/业务链接,P046-04-{业务主键},指数退避3次；超限转死信/人工,重试3次；失败告警,请求ID、响应码、耗时、摘要、重试和最终结果
P046,通知执行,中心管理端,I05,文件与电子证据,附件、哈希、水印、短时下载,对象存储+签名URL,文件ID/哈希/敏感级别,P046-05-{业务主键},指数退避3次；超限转死信/人工,病毒隔离；链接过期,请求ID、响应码、耗时、摘要、重试和最终结果
P046,通知执行,中心管理端,I06,审计日志平台,操作、前后值、接口请求ID,异步不可篡改日志,操作者/身份/时间/设备/IP,P046-06-{业务主键},指数退避3次；超限转死信/人工,关键审计失败阻断,请求ID、响应码、耗时、摘要、重试和最终结果
P047,正式公文,中心管理端,I01,统一身份与MFA,认证、任职身份、二次认证,同步调用,用户ID/身份ID/认证级别,P047-01-{业务主键},指数退避3次；超限转死信/人工,超时拒绝高风险操作,请求ID、响应码、耗时、摘要、重试和最终结果
P047,正式公文,中心管理端,I02,组织与员工主数据,中心、部门、岗位、员工关系,同步查询+事件订阅,组织ID/员工ID/有效期,P047-02-{业务主键},指数退避3次；超限转死信/人工,缓存降级；变更事件补偿,请求ID、响应码、耗时、摘要、重试和最终结果
P047,正式公文,中心管理端,I03,流程任务中心,实例、任务、状态、待办,内部事务+消息,实例号/任务号/状态,P047-03-{业务主键},指数退避3次；超限转死信/人工,幂等重试；死信队列,请求ID、响应码、耗时、摘要、重试和最终结果
P047,正式公文,中心管理端,I04,消息通知中心,站内信、短信、邮件、企业微信,异步消息,模板变量/接收人/业务链接,P047-04-{业务主键},指数退避3次；超限转死信/人工,重试3次；失败告警,请求ID、响应码、耗时、摘要、重试和最终结果
P047,正式公文,中心管理端,I05,文件与电子证据,附件、哈希、水印、短时下载,对象存储+签名URL,文件ID/哈希/敏感级别,P047-05-{业务主键},指数退避3次；超限转死信/人工,病毒隔离；链接过期,请求ID、响应码、耗时、摘要、重试和最终结果
P047,正式公文,中心管理端,I06,审计日志平台,操作、前后值、接口请求ID,异步不可篡改日志,操作者/身份/时间/设备/IP,P047-06-{业务主键},指数退避3次；超限转死信/人工,关键审计失败阻断,请求ID、响应码、耗时、摘要、重试和最终结果
P048,会议行动,中心管理端,I01,统一身份与MFA,认证、任职身份、二次认证,同步调用,用户ID/身份ID/认证级别,P048-01-{业务主键},指数退避3次；超限转死信/人工,超时拒绝高风险操作,请求ID、响应码、耗时、摘要、重试和最终结果
P048,会议行动,中心管理端,I02,组织与员工主数据,中心、部门、岗位、员工关系,同步查询+事件订阅,组织ID/员工ID/有效期,P048-02-{业务主键},指数退避3次；超限转死信/人工,缓存降级；变更事件补偿,请求ID、响应码、耗时、摘要、重试和最终结果
P048,会议行动,中心管理端,I03,流程任务中心,实例、任务、状态、待办,内部事务+消息,实例号/任务号/状态,P048-03-{业务主键},指数退避3次；超限转死信/人工,幂等重试；死信队列,请求ID、响应码、耗时、摘要、重试和最终结果
P048,会议行动,中心管理端,I04,消息通知中心,站内信、短信、邮件、企业微信,异步消息,模板变量/接收人/业务链接,P048-04-{业务主键},指数退避3次；超限转死信/人工,重试3次；失败告警,请求ID、响应码、耗时、摘要、重试和最终结果
P048,会议行动,中心管理端,I05,文件与电子证据,附件、哈希、水印、短时下载,对象存储+签名URL,文件ID/哈希/敏感级别,P048-05-{业务主键},指数退避3次；超限转死信/人工,病毒隔离；链接过期,请求ID、响应码、耗时、摘要、重试和最终结果
P048,会议行动,中心管理端,I06,审计日志平台,操作、前后值、接口请求ID,异步不可篡改日志,操作者/身份/时间/设备/IP,P048-06-{业务主键},指数退避3次；超限转死信/人工,关键审计失败阻断,请求ID、响应码、耗时、摘要、重试和最终结果
P049,大型活动,中心管理端,I01,统一身份与MFA,认证、任职身份、二次认证,同步调用,用户ID/身份ID/认证级别,P049-01-{业务主键},指数退避3次；超限转死信/人工,超时拒绝高风险操作,请求ID、响应码、耗时、摘要、重试和最终结果
P049,大型活动,中心管理端,I02,组织与员工主数据,中心、部门、岗位、员工关系,同步查询+事件订阅,组织ID/员工ID/有效期,P049-02-{业务主键},指数退避3次；超限转死信/人工,缓存降级；变更事件补偿,请求ID、响应码、耗时、摘要、重试和最终结果
P049,大型活动,中心管理端,I03,流程任务中心,实例、任务、状态、待办,内部事务+消息,实例号/任务号/状态,P049-03-{业务主键},指数退避3次；超限转死信/人工,幂等重试；死信队列,请求ID、响应码、耗时、摘要、重试和最终结果
P049,大型活动,中心管理端,I04,消息通知中心,站内信、短信、邮件、企业微信,异步消息,模板变量/接收人/业务链接,P049-04-{业务主键},指数退避3次；超限转死信/人工,重试3次；失败告警,请求ID、响应码、耗时、摘要、重试和最终结果
P049,大型活动,中心管理端,I05,文件与电子证据,附件、哈希、水印、短时下载,对象存储+签名URL,文件ID/哈希/敏感级别,P049-05-{业务主键},指数退避3次；超限转死信/人工,病毒隔离；链接过期,请求ID、响应码、耗时、摘要、重试和最终结果
P049,大型活动,中心管理端,I06,审计日志平台,操作、前后值、接口请求ID,异步不可篡改日志,操作者/身份/时间/设备/IP,P049-06-{业务主键},指数退避3次；超限转死信/人工,关键审计失败阻断,请求ID、响应码、耗时、摘要、重试和最终结果
P050,入库,中心管理端,I01,统一身份与MFA,认证、任职身份、二次认证,同步调用,用户ID/身份ID/认证级别,P050-01-{业务主键},指数退避3次；超限转死信/人工,超时拒绝高风险操作,请求ID、响应码、耗时、摘要、重试和最终结果
P050,入库,中心管理端,I02,组织与员工主数据,中心、部门、岗位、员工关系,同步查询+事件订阅,组织ID/员工ID/有效期,P050-02-{业务主键},指数退避3次；超限转死信/人工,缓存降级；变更事件补偿,请求ID、响应码、耗时、摘要、重试和最终结果
P050,入库,中心管理端,I03,流程任务中心,实例、任务、状态、待办,内部事务+消息,实例号/任务号/状态,P050-03-{业务主键},指数退避3次；超限转死信/人工,幂等重试；死信队列,请求ID、响应码、耗时、摘要、重试和最终结果
P050,入库,中心管理端,I04,消息通知中心,站内信、短信、邮件、企业微信,异步消息,模板变量/接收人/业务链接,P050-04-{业务主键},指数退避3次；超限转死信/人工,重试3次；失败告警,请求ID、响应码、耗时、摘要、重试和最终结果
P050,入库,中心管理端,I05,文件与电子证据,附件、哈希、水印、短时下载,对象存储+签名URL,文件ID/哈希/敏感级别,P050-05-{业务主键},指数退避3次；超限转死信/人工,病毒隔离；链接过期,请求ID、响应码、耗时、摘要、重试和最终结果
P050,入库,中心管理端,I06,审计日志平台,操作、前后值、接口请求ID,异步不可篡改日志,操作者/身份/时间/设备/IP,P050-06-{业务主键},指数退避3次；超限转死信/人工,关键审计失败阻断,请求ID、响应码、耗时、摘要、重试和最终结果
P050,入库,中心管理端,I07,资产仓储系统,物料、批次、序列号、库存与资产状态,API+事件,物料/资产ID/数量/库位,P050-07-{业务主键},指数退避3次；超限转死信/人工,库存锁补偿；负库存阻断,请求ID、响应码、耗时、摘要、重试和最终结果
P051,领借调还,中心管理端,I01,统一身份与MFA,认证、任职身份、二次认证,同步调用,用户ID/身份ID/认证级别,P051-01-{业务主键},指数退避3次；超限转死信/人工,超时拒绝高风险操作,请求ID、响应码、耗时、摘要、重试和最终结果
P051,领借调还,中心管理端,I02,组织与员工主数据,中心、部门、岗位、员工关系,同步查询+事件订阅,组织ID/员工ID/有效期,P051-02-{业务主键},指数退避3次；超限转死信/人工,缓存降级；变更事件补偿,请求ID、响应码、耗时、摘要、重试和最终结果
P051,领借调还,中心管理端,I03,流程任务中心,实例、任务、状态、待办,内部事务+消息,实例号/任务号/状态,P051-03-{业务主键},指数退避3次；超限转死信/人工,幂等重试；死信队列,请求ID、响应码、耗时、摘要、重试和最终结果
P051,领借调还,中心管理端,I04,消息通知中心,站内信、短信、邮件、企业微信,异步消息,模板变量/接收人/业务链接,P051-04-{业务主键},指数退避3次；超限转死信/人工,重试3次；失败告警,请求ID、响应码、耗时、摘要、重试和最终结果
P051,领借调还,中心管理端,I05,文件与电子证据,附件、哈希、水印、短时下载,对象存储+签名URL,文件ID/哈希/敏感级别,P051-05-{业务主键},指数退避3次；超限转死信/人工,病毒隔离；链接过期,请求ID、响应码、耗时、摘要、重试和最终结果
P051,领借调还,中心管理端,I06,审计日志平台,操作、前后值、接口请求ID,异步不可篡改日志,操作者/身份/时间/设备/IP,P051-06-{业务主键},指数退避3次；超限转死信/人工,关键审计失败阻断,请求ID、响应码、耗时、摘要、重试和最终结果
P051,领借调还,中心管理端,I07,资产仓储系统,物料、批次、序列号、库存与资产状态,API+事件,物料/资产ID/数量/库位,P051-07-{业务主键},指数退避3次；超限转死信/人工,库存锁补偿；负库存阻断,请求ID、响应码、耗时、摘要、重试和最终结果
P052,盘点,中心管理端,I01,统一身份与MFA,认证、任职身份、二次认证,同步调用,用户ID/身份ID/认证级别,P052-01-{业务主键},指数退避3次；超限转死信/人工,超时拒绝高风险操作,请求ID、响应码、耗时、摘要、重试和最终结果
P052,盘点,中心管理端,I02,组织与员工主数据,中心、部门、岗位、员工关系,同步查询+事件订阅,组织ID/员工ID/有效期,P052-02-{业务主键},指数退避3次；超限转死信/人工,缓存降级；变更事件补偿,请求ID、响应码、耗时、摘要、重试和最终结果
P052,盘点,中心管理端,I03,流程任务中心,实例、任务、状态、待办,内部事务+消息,实例号/任务号/状态,P052-03-{业务主键},指数退避3次；超限转死信/人工,幂等重试；死信队列,请求ID、响应码、耗时、摘要、重试和最终结果
P052,盘点,中心管理端,I04,消息通知中心,站内信、短信、邮件、企业微信,异步消息,模板变量/接收人/业务链接,P052-04-{业务主键},指数退避3次；超限转死信/人工,重试3次；失败告警,请求ID、响应码、耗时、摘要、重试和最终结果
P052,盘点,中心管理端,I05,文件与电子证据,附件、哈希、水印、短时下载,对象存储+签名URL,文件ID/哈希/敏感级别,P052-05-{业务主键},指数退避3次；超限转死信/人工,病毒隔离；链接过期,请求ID、响应码、耗时、摘要、重试和最终结果
P052,盘点,中心管理端,I06,审计日志平台,操作、前后值、接口请求ID,异步不可篡改日志,操作者/身份/时间/设备/IP,P052-06-{业务主键},指数退避3次；超限转死信/人工,关键审计失败阻断,请求ID、响应码、耗时、摘要、重试和最终结果
P052,盘点,中心管理端,I07,资产仓储系统,物料、批次、序列号、库存与资产状态,API+事件,物料/资产ID/数量/库位,P052-07-{业务主键},指数退避3次；超限转死信/人工,库存锁补偿；负库存阻断,请求ID、响应码、耗时、摘要、重试和最终结果
P053,报废处置,中心管理端,I01,统一身份与MFA,认证、任职身份、二次认证,同步调用,用户ID/身份ID/认证级别,P053-01-{业务主键},指数退避3次；超限转死信/人工,超时拒绝高风险操作,请求ID、响应码、耗时、摘要、重试和最终结果
P053,报废处置,中心管理端,I02,组织与员工主数据,中心、部门、岗位、员工关系,同步查询+事件订阅,组织ID/员工ID/有效期,P053-02-{业务主键},指数退避3次；超限转死信/人工,缓存降级；变更事件补偿,请求ID、响应码、耗时、摘要、重试和最终结果
P053,报废处置,中心管理端,I03,流程任务中心,实例、任务、状态、待办,内部事务+消息,实例号/任务号/状态,P053-03-{业务主键},指数退避3次；超限转死信/人工,幂等重试；死信队列,请求ID、响应码、耗时、摘要、重试和最终结果
P053,报废处置,中心管理端,I04,消息通知中心,站内信、短信、邮件、企业微信,异步消息,模板变量/接收人/业务链接,P053-04-{业务主键},指数退避3次；超限转死信/人工,重试3次；失败告警,请求ID、响应码、耗时、摘要、重试和最终结果
P053,报废处置,中心管理端,I05,文件与电子证据,附件、哈希、水印、短时下载,对象存储+签名URL,文件ID/哈希/敏感级别,P053-05-{业务主键},指数退避3次；超限转死信/人工,病毒隔离；链接过期,请求ID、响应码、耗时、摘要、重试和最终结果
P053,报废处置,中心管理端,I06,审计日志平台,操作、前后值、接口请求ID,异步不可篡改日志,操作者/身份/时间/设备/IP,P053-06-{业务主键},指数退避3次；超限转死信/人工,关键审计失败阻断,请求ID、响应码、耗时、摘要、重试和最终结果
P053,报废处置,中心管理端,I07,资产仓储系统,物料、批次、序列号、库存与资产状态,API+事件,物料/资产ID/数量/库位,P053-07-{业务主键},指数退避3次；超限转死信/人工,库存锁补偿；负库存阻断,请求ID、响应码、耗时、摘要、重试和最终结果
P054,派车,中心管理端,I01,统一身份与MFA,认证、任职身份、二次认证,同步调用,用户ID/身份ID/认证级别,P054-01-{业务主键},指数退避3次；超限转死信/人工,超时拒绝高风险操作,请求ID、响应码、耗时、摘要、重试和最终结果
P054,派车,中心管理端,I02,组织与员工主数据,中心、部门、岗位、员工关系,同步查询+事件订阅,组织ID/员工ID/有效期,P054-02-{业务主键},指数退避3次；超限转死信/人工,缓存降级；变更事件补偿,请求ID、响应码、耗时、摘要、重试和最终结果
P054,派车,中心管理端,I03,流程任务中心,实例、任务、状态、待办,内部事务+消息,实例号/任务号/状态,P054-03-{业务主键},指数退避3次；超限转死信/人工,幂等重试；死信队列,请求ID、响应码、耗时、摘要、重试和最终结果
P054,派车,中心管理端,I04,消息通知中心,站内信、短信、邮件、企业微信,异步消息,模板变量/接收人/业务链接,P054-04-{业务主键},指数退避3次；超限转死信/人工,重试3次；失败告警,请求ID、响应码、耗时、摘要、重试和最终结果
P054,派车,中心管理端,I05,文件与电子证据,附件、哈希、水印、短时下载,对象存储+签名URL,文件ID/哈希/敏感级别,P054-05-{业务主键},指数退避3次；超限转死信/人工,病毒隔离；链接过期,请求ID、响应码、耗时、摘要、重试和最终结果
P054,派车,中心管理端,I06,审计日志平台,操作、前后值、接口请求ID,异步不可篡改日志,操作者/身份/时间/设备/IP,P054-06-{业务主键},指数退避3次；超限转死信/人工,关键审计失败阻断,请求ID、响应码、耗时、摘要、重试和最终结果
P055,车辆事故,中心管理端,I01,统一身份与MFA,认证、任职身份、二次认证,同步调用,用户ID/身份ID/认证级别,P055-01-{业务主键},指数退避3次；超限转死信/人工,超时拒绝高风险操作,请求ID、响应码、耗时、摘要、重试和最终结果
P055,车辆事故,中心管理端,I02,组织与员工主数据,中心、部门、岗位、员工关系,同步查询+事件订阅,组织ID/员工ID/有效期,P055-02-{业务主键},指数退避3次；超限转死信/人工,缓存降级；变更事件补偿,请求ID、响应码、耗时、摘要、重试和最终结果
P055,车辆事故,中心管理端,I03,流程任务中心,实例、任务、状态、待办,内部事务+消息,实例号/任务号/状态,P055-03-{业务主键},指数退避3次；超限转死信/人工,幂等重试；死信队列,请求ID、响应码、耗时、摘要、重试和最终结果
P055,车辆事故,中心管理端,I04,消息通知中心,站内信、短信、邮件、企业微信,异步消息,模板变量/接收人/业务链接,P055-04-{业务主键},指数退避3次；超限转死信/人工,重试3次；失败告警,请求ID、响应码、耗时、摘要、重试和最终结果
P055,车辆事故,中心管理端,I05,文件与电子证据,附件、哈希、水印、短时下载,对象存储+签名URL,文件ID/哈希/敏感级别,P055-05-{业务主键},指数退避3次；超限转死信/人工,病毒隔离；链接过期,请求ID、响应码、耗时、摘要、重试和最终结果
P055,车辆事故,中心管理端,I06,审计日志平台,操作、前后值、接口请求ID,异步不可篡改日志,操作者/身份/时间/设备/IP,P055-06-{业务主键},指数退避3次；超限转死信/人工,关键审计失败阻断,请求ID、响应码、耗时、摘要、重试和最终结果
P056,宿舍入住退宿,中心管理端,I01,统一身份与MFA,认证、任职身份、二次认证,同步调用,用户ID/身份ID/认证级别,P056-01-{业务主键},指数退避3次；超限转死信/人工,超时拒绝高风险操作,请求ID、响应码、耗时、摘要、重试和最终结果
P056,宿舍入住退宿,中心管理端,I02,组织与员工主数据,中心、部门、岗位、员工关系,同步查询+事件订阅,组织ID/员工ID/有效期,P056-02-{业务主键},指数退避3次；超限转死信/人工,缓存降级；变更事件补偿,请求ID、响应码、耗时、摘要、重试和最终结果
P056,宿舍入住退宿,中心管理端,I03,流程任务中心,实例、任务、状态、待办,内部事务+消息,实例号/任务号/状态,P056-03-{业务主键},指数退避3次；超限转死信/人工,幂等重试；死信队列,请求ID、响应码、耗时、摘要、重试和最终结果
P056,宿舍入住退宿,中心管理端,I04,消息通知中心,站内信、短信、邮件、企业微信,异步消息,模板变量/接收人/业务链接,P056-04-{业务主键},指数退避3次；超限转死信/人工,重试3次；失败告警,请求ID、响应码、耗时、摘要、重试和最终结果
P056,宿舍入住退宿,中心管理端,I05,文件与电子证据,附件、哈希、水印、短时下载,对象存储+签名URL,文件ID/哈希/敏感级别,P056-05-{业务主键},指数退避3次；超限转死信/人工,病毒隔离；链接过期,请求ID、响应码、耗时、摘要、重试和最终结果
P056,宿舍入住退宿,中心管理端,I06,审计日志平台,操作、前后值、接口请求ID,异步不可篡改日志,操作者/身份/时间/设备/IP,P056-06-{业务主键},指数退避3次；超限转死信/人工,关键审计失败阻断,请求ID、响应码、耗时、摘要、重试和最终结果
P056,宿舍入住退宿,中心管理端,I07,人力资源与考勤,员工、编制、合同、假勤、排班、绩效,API+事件,员工ID/岗位/时间/分数,P056-07-{业务主键},指数退避3次；超限转死信/人工,对账补偿；差异工单,请求ID、响应码、耗时、摘要、重试和最终结果
P057,报修,中心管理端,I01,统一身份与MFA,认证、任职身份、二次认证,同步调用,用户ID/身份ID/认证级别,P057-01-{业务主键},指数退避3次；超限转死信/人工,超时拒绝高风险操作,请求ID、响应码、耗时、摘要、重试和最终结果
P057,报修,中心管理端,I02,组织与员工主数据,中心、部门、岗位、员工关系,同步查询+事件订阅,组织ID/员工ID/有效期,P057-02-{业务主键},指数退避3次；超限转死信/人工,缓存降级；变更事件补偿,请求ID、响应码、耗时、摘要、重试和最终结果
P057,报修,中心管理端,I03,流程任务中心,实例、任务、状态、待办,内部事务+消息,实例号/任务号/状态,P057-03-{业务主键},指数退避3次；超限转死信/人工,幂等重试；死信队列,请求ID、响应码、耗时、摘要、重试和最终结果
P057,报修,中心管理端,I04,消息通知中心,站内信、短信、邮件、企业微信,异步消息,模板变量/接收人/业务链接,P057-04-{业务主键},指数退避3次；超限转死信/人工,重试3次；失败告警,请求ID、响应码、耗时、摘要、重试和最终结果
P057,报修,中心管理端,I05,文件与电子证据,附件、哈希、水印、短时下载,对象存储+签名URL,文件ID/哈希/敏感级别,P057-05-{业务主键},指数退避3次；超限转死信/人工,病毒隔离；链接过期,请求ID、响应码、耗时、摘要、重试和最终结果
P057,报修,中心管理端,I06,审计日志平台,操作、前后值、接口请求ID,异步不可篡改日志,操作者/身份/时间/设备/IP,P057-06-{业务主键},指数退避3次；超限转死信/人工,关键审计失败阻断,请求ID、响应码、耗时、摘要、重试和最终结果
P058,团餐交付,中心管理端,I01,统一身份与MFA,认证、任职身份、二次认证,同步调用,用户ID/身份ID/认证级别,P058-01-{业务主键},指数退避3次；超限转死信/人工,超时拒绝高风险操作,请求ID、响应码、耗时、摘要、重试和最终结果
P058,团餐交付,中心管理端,I02,组织与员工主数据,中心、部门、岗位、员工关系,同步查询+事件订阅,组织ID/员工ID/有效期,P058-02-{业务主键},指数退避3次；超限转死信/人工,缓存降级；变更事件补偿,请求ID、响应码、耗时、摘要、重试和最终结果
P058,团餐交付,中心管理端,I03,流程任务中心,实例、任务、状态、待办,内部事务+消息,实例号/任务号/状态,P058-03-{业务主键},指数退避3次；超限转死信/人工,幂等重试；死信队列,请求ID、响应码、耗时、摘要、重试和最终结果
P058,团餐交付,中心管理端,I04,消息通知中心,站内信、短信、邮件、企业微信,异步消息,模板变量/接收人/业务链接,P058-04-{业务主键},指数退避3次；超限转死信/人工,重试3次；失败告警,请求ID、响应码、耗时、摘要、重试和最终结果
P058,团餐交付,中心管理端,I05,文件与电子证据,附件、哈希、水印、短时下载,对象存储+签名URL,文件ID/哈希/敏感级别,P058-05-{业务主键},指数退避3次；超限转死信/人工,病毒隔离；链接过期,请求ID、响应码、耗时、摘要、重试和最终结果
P058,团餐交付,中心管理端,I06,审计日志平台,操作、前后值、接口请求ID,异步不可篡改日志,操作者/身份/时间/设备/IP,P058-06-{业务主键},指数退避3次；超限转死信/人工,关键审计失败阻断,请求ID、响应码、耗时、摘要、重试和最终结果
P058,团餐交付,中心管理端,I07,财务预算与支付,预算占用、票据、付款、凭证、对账,API+批次,预算项/金额/凭证号,P058-07-{业务主键},指数退避3次；超限转死信/人工,冲销补偿；T+1对账,请求ID、响应码、耗时、摘要、重试和最终结果
P058,团餐交付,中心管理端,I08,资产仓储系统,物料、批次、序列号、库存与资产状态,API+事件,物料/资产ID/数量/库位,P058-08-{业务主键},指数退避3次；超限转死信/人工,库存锁补偿；负库存阻断,请求ID、响应码、耗时、摘要、重试和最终结果
P059,食材验收,中心管理端,I01,统一身份与MFA,认证、任职身份、二次认证,同步调用,用户ID/身份ID/认证级别,P059-01-{业务主键},指数退避3次；超限转死信/人工,超时拒绝高风险操作,请求ID、响应码、耗时、摘要、重试和最终结果
P059,食材验收,中心管理端,I02,组织与员工主数据,中心、部门、岗位、员工关系,同步查询+事件订阅,组织ID/员工ID/有效期,P059-02-{业务主键},指数退避3次；超限转死信/人工,缓存降级；变更事件补偿,请求ID、响应码、耗时、摘要、重试和最终结果
P059,食材验收,中心管理端,I03,流程任务中心,实例、任务、状态、待办,内部事务+消息,实例号/任务号/状态,P059-03-{业务主键},指数退避3次；超限转死信/人工,幂等重试；死信队列,请求ID、响应码、耗时、摘要、重试和最终结果
P059,食材验收,中心管理端,I04,消息通知中心,站内信、短信、邮件、企业微信,异步消息,模板变量/接收人/业务链接,P059-04-{业务主键},指数退避3次；超限转死信/人工,重试3次；失败告警,请求ID、响应码、耗时、摘要、重试和最终结果
P059,食材验收,中心管理端,I05,文件与电子证据,附件、哈希、水印、短时下载,对象存储+签名URL,文件ID/哈希/敏感级别,P059-05-{业务主键},指数退避3次；超限转死信/人工,病毒隔离；链接过期,请求ID、响应码、耗时、摘要、重试和最终结果
P059,食材验收,中心管理端,I06,审计日志平台,操作、前后值、接口请求ID,异步不可篡改日志,操作者/身份/时间/设备/IP,P059-06-{业务主键},指数退避3次；超限转死信/人工,关键审计失败阻断,请求ID、响应码、耗时、摘要、重试和最终结果
P059,食材验收,中心管理端,I07,资产仓储系统,物料、批次、序列号、库存与资产状态,API+事件,物料/资产ID/数量/库位,P059-07-{业务主键},指数退避3次；超限转死信/人工,库存锁补偿；负库存阻断,请求ID、响应码、耗时、摘要、重试和最终结果
P060,食品安全事件,中心管理端,I01,统一身份与MFA,认证、任职身份、二次认证,同步调用,用户ID/身份ID/认证级别,P060-01-{业务主键},指数退避3次；超限转死信/人工,超时拒绝高风险操作,请求ID、响应码、耗时、摘要、重试和最终结果
P060,食品安全事件,中心管理端,I02,组织与员工主数据,中心、部门、岗位、员工关系,同步查询+事件订阅,组织ID/员工ID/有效期,P060-02-{业务主键},指数退避3次；超限转死信/人工,缓存降级；变更事件补偿,请求ID、响应码、耗时、摘要、重试和最终结果
P060,食品安全事件,中心管理端,I03,流程任务中心,实例、任务、状态、待办,内部事务+消息,实例号/任务号/状态,P060-03-{业务主键},指数退避3次；超限转死信/人工,幂等重试；死信队列,请求ID、响应码、耗时、摘要、重试和最终结果
P060,食品安全事件,中心管理端,I04,消息通知中心,站内信、短信、邮件、企业微信,异步消息,模板变量/接收人/业务链接,P060-04-{业务主键},指数退避3次；超限转死信/人工,重试3次；失败告警,请求ID、响应码、耗时、摘要、重试和最终结果
P060,食品安全事件,中心管理端,I05,文件与电子证据,附件、哈希、水印、短时下载,对象存储+签名URL,文件ID/哈希/敏感级别,P060-05-{业务主键},指数退避3次；超限转死信/人工,病毒隔离；链接过期,请求ID、响应码、耗时、摘要、重试和最终结果
P060,食品安全事件,中心管理端,I06,审计日志平台,操作、前后值、接口请求ID,异步不可篡改日志,操作者/身份/时间/设备/IP,P060-06-{业务主键},指数退避3次；超限转死信/人工,关键审计失败阻断,请求ID、响应码、耗时、摘要、重试和最终结果
P061,餐卡结算,中心管理端,I01,统一身份与MFA,认证、任职身份、二次认证,同步调用,用户ID/身份ID/认证级别,P061-01-{业务主键},指数退避3次；超限转死信/人工,超时拒绝高风险操作,请求ID、响应码、耗时、摘要、重试和最终结果
P061,餐卡结算,中心管理端,I02,组织与员工主数据,中心、部门、岗位、员工关系,同步查询+事件订阅,组织ID/员工ID/有效期,P061-02-{业务主键},指数退避3次；超限转死信/人工,缓存降级；变更事件补偿,请求ID、响应码、耗时、摘要、重试和最终结果
P061,餐卡结算,中心管理端,I03,流程任务中心,实例、任务、状态、待办,内部事务+消息,实例号/任务号/状态,P061-03-{业务主键},指数退避3次；超限转死信/人工,幂等重试；死信队列,请求ID、响应码、耗时、摘要、重试和最终结果
P061,餐卡结算,中心管理端,I04,消息通知中心,站内信、短信、邮件、企业微信,异步消息,模板变量/接收人/业务链接,P061-04-{业务主键},指数退避3次；超限转死信/人工,重试3次；失败告警,请求ID、响应码、耗时、摘要、重试和最终结果
P061,餐卡结算,中心管理端,I05,文件与电子证据,附件、哈希、水印、短时下载,对象存储+签名URL,文件ID/哈希/敏感级别,P061-05-{业务主键},指数退避3次；超限转死信/人工,病毒隔离；链接过期,请求ID、响应码、耗时、摘要、重试和最终结果
P061,餐卡结算,中心管理端,I06,审计日志平台,操作、前后值、接口请求ID,异步不可篡改日志,操作者/身份/时间/设备/IP,P061-06-{业务主键},指数退避3次；超限转死信/人工,关键审计失败阻断,请求ID、响应码、耗时、摘要、重试和最终结果
P061,餐卡结算,中心管理端,I07,财务预算与支付,预算占用、票据、付款、凭证、对账,API+批次,预算项/金额/凭证号,P061-07-{业务主键},指数退避3次；超限转死信/人工,冲销补偿；T+1对账,请求ID、响应码、耗时、摘要、重试和最终结果
P062,日常巡逻,中心管理端,I01,统一身份与MFA,认证、任职身份、二次认证,同步调用,用户ID/身份ID/认证级别,P062-01-{业务主键},指数退避3次；超限转死信/人工,超时拒绝高风险操作,请求ID、响应码、耗时、摘要、重试和最终结果
P062,日常巡逻,中心管理端,I02,组织与员工主数据,中心、部门、岗位、员工关系,同步查询+事件订阅,组织ID/员工ID/有效期,P062-02-{业务主键},指数退避3次；超限转死信/人工,缓存降级；变更事件补偿,请求ID、响应码、耗时、摘要、重试和最终结果
P062,日常巡逻,中心管理端,I03,流程任务中心,实例、任务、状态、待办,内部事务+消息,实例号/任务号/状态,P062-03-{业务主键},指数退避3次；超限转死信/人工,幂等重试；死信队列,请求ID、响应码、耗时、摘要、重试和最终结果
P062,日常巡逻,中心管理端,I04,消息通知中心,站内信、短信、邮件、企业微信,异步消息,模板变量/接收人/业务链接,P062-04-{业务主键},指数退避3次；超限转死信/人工,重试3次；失败告警,请求ID、响应码、耗时、摘要、重试和最终结果
P062,日常巡逻,中心管理端,I05,文件与电子证据,附件、哈希、水印、短时下载,对象存储+签名URL,文件ID/哈希/敏感级别,P062-05-{业务主键},指数退避3次；超限转死信/人工,病毒隔离；链接过期,请求ID、响应码、耗时、摘要、重试和最终结果
P062,日常巡逻,中心管理端,I06,审计日志平台,操作、前后值、接口请求ID,异步不可篡改日志,操作者/身份/时间/设备/IP,P062-06-{业务主键},指数退避3次；超限转死信/人工,关键审计失败阻断,请求ID、响应码、耗时、摘要、重试和最终结果
P063,客流预警,中心管理端,I01,统一身份与MFA,认证、任职身份、二次认证,同步调用,用户ID/身份ID/认证级别,P063-01-{业务主键},指数退避3次；超限转死信/人工,超时拒绝高风险操作,请求ID、响应码、耗时、摘要、重试和最终结果
P063,客流预警,中心管理端,I02,组织与员工主数据,中心、部门、岗位、员工关系,同步查询+事件订阅,组织ID/员工ID/有效期,P063-02-{业务主键},指数退避3次；超限转死信/人工,缓存降级；变更事件补偿,请求ID、响应码、耗时、摘要、重试和最终结果
P063,客流预警,中心管理端,I03,流程任务中心,实例、任务、状态、待办,内部事务+消息,实例号/任务号/状态,P063-03-{业务主键},指数退避3次；超限转死信/人工,幂等重试；死信队列,请求ID、响应码、耗时、摘要、重试和最终结果
P063,客流预警,中心管理端,I04,消息通知中心,站内信、短信、邮件、企业微信,异步消息,模板变量/接收人/业务链接,P063-04-{业务主键},指数退避3次；超限转死信/人工,重试3次；失败告警,请求ID、响应码、耗时、摘要、重试和最终结果
P063,客流预警,中心管理端,I05,文件与电子证据,附件、哈希、水印、短时下载,对象存储+签名URL,文件ID/哈希/敏感级别,P063-05-{业务主键},指数退避3次；超限转死信/人工,病毒隔离；链接过期,请求ID、响应码、耗时、摘要、重试和最终结果
P063,客流预警,中心管理端,I06,审计日志平台,操作、前后值、接口请求ID,异步不可篡改日志,操作者/身份/时间/设备/IP,P063-06-{业务主键},指数退避3次；超限转死信/人工,关键审计失败阻断,请求ID、响应码、耗时、摘要、重试和最终结果
P064,安全事件,中心管理端,I01,统一身份与MFA,认证、任职身份、二次认证,同步调用,用户ID/身份ID/认证级别,P064-01-{业务主键},指数退避3次；超限转死信/人工,超时拒绝高风险操作,请求ID、响应码、耗时、摘要、重试和最终结果
P064,安全事件,中心管理端,I02,组织与员工主数据,中心、部门、岗位、员工关系,同步查询+事件订阅,组织ID/员工ID/有效期,P064-02-{业务主键},指数退避3次；超限转死信/人工,缓存降级；变更事件补偿,请求ID、响应码、耗时、摘要、重试和最终结果
P064,安全事件,中心管理端,I03,流程任务中心,实例、任务、状态、待办,内部事务+消息,实例号/任务号/状态,P064-03-{业务主键},指数退避3次；超限转死信/人工,幂等重试；死信队列,请求ID、响应码、耗时、摘要、重试和最终结果
P064,安全事件,中心管理端,I04,消息通知中心,站内信、短信、邮件、企业微信,异步消息,模板变量/接收人/业务链接,P064-04-{业务主键},指数退避3次；超限转死信/人工,重试3次；失败告警,请求ID、响应码、耗时、摘要、重试和最终结果
P064,安全事件,中心管理端,I05,文件与电子证据,附件、哈希、水印、短时下载,对象存储+签名URL,文件ID/哈希/敏感级别,P064-05-{业务主键},指数退避3次；超限转死信/人工,病毒隔离；链接过期,请求ID、响应码、耗时、摘要、重试和最终结果
P064,安全事件,中心管理端,I06,审计日志平台,操作、前后值、接口请求ID,异步不可篡改日志,操作者/身份/时间/设备/IP,P064-06-{业务主键},指数退避3次；超限转死信/人工,关键审计失败阻断,请求ID、响应码、耗时、摘要、重试和最终结果
P065,活动安保,中心管理端,I01,统一身份与MFA,认证、任职身份、二次认证,同步调用,用户ID/身份ID/认证级别,P065-01-{业务主键},指数退避3次；超限转死信/人工,超时拒绝高风险操作,请求ID、响应码、耗时、摘要、重试和最终结果
P065,活动安保,中心管理端,I02,组织与员工主数据,中心、部门、岗位、员工关系,同步查询+事件订阅,组织ID/员工ID/有效期,P065-02-{业务主键},指数退避3次；超限转死信/人工,缓存降级；变更事件补偿,请求ID、响应码、耗时、摘要、重试和最终结果
P065,活动安保,中心管理端,I03,流程任务中心,实例、任务、状态、待办,内部事务+消息,实例号/任务号/状态,P065-03-{业务主键},指数退避3次；超限转死信/人工,幂等重试；死信队列,请求ID、响应码、耗时、摘要、重试和最终结果
P065,活动安保,中心管理端,I04,消息通知中心,站内信、短信、邮件、企业微信,异步消息,模板变量/接收人/业务链接,P065-04-{业务主键},指数退避3次；超限转死信/人工,重试3次；失败告警,请求ID、响应码、耗时、摘要、重试和最终结果
P065,活动安保,中心管理端,I05,文件与电子证据,附件、哈希、水印、短时下载,对象存储+签名URL,文件ID/哈希/敏感级别,P065-05-{业务主键},指数退避3次；超限转死信/人工,病毒隔离；链接过期,请求ID、响应码、耗时、摘要、重试和最终结果
P065,活动安保,中心管理端,I06,审计日志平台,操作、前后值、接口请求ID,异步不可篡改日志,操作者/身份/时间/设备/IP,P065-06-{业务主键},指数退避3次；超限转死信/人工,关键审计失败阻断,请求ID、响应码、耗时、摘要、重试和最终结果
P066,日常清洁,中心管理端,I01,统一身份与MFA,认证、任职身份、二次认证,同步调用,用户ID/身份ID/认证级别,P066-01-{业务主键},指数退避3次；超限转死信/人工,超时拒绝高风险操作,请求ID、响应码、耗时、摘要、重试和最终结果
P066,日常清洁,中心管理端,I02,组织与员工主数据,中心、部门、岗位、员工关系,同步查询+事件订阅,组织ID/员工ID/有效期,P066-02-{业务主键},指数退避3次；超限转死信/人工,缓存降级；变更事件补偿,请求ID、响应码、耗时、摘要、重试和最终结果
P066,日常清洁,中心管理端,I03,流程任务中心,实例、任务、状态、待办,内部事务+消息,实例号/任务号/状态,P066-03-{业务主键},指数退避3次；超限转死信/人工,幂等重试；死信队列,请求ID、响应码、耗时、摘要、重试和最终结果
P066,日常清洁,中心管理端,I04,消息通知中心,站内信、短信、邮件、企业微信,异步消息,模板变量/接收人/业务链接,P066-04-{业务主键},指数退避3次；超限转死信/人工,重试3次；失败告警,请求ID、响应码、耗时、摘要、重试和最终结果
P066,日常清洁,中心管理端,I05,文件与电子证据,附件、哈希、水印、短时下载,对象存储+签名URL,文件ID/哈希/敏感级别,P066-05-{业务主键},指数退避3次；超限转死信/人工,病毒隔离；链接过期,请求ID、响应码、耗时、摘要、重试和最终结果
P066,日常清洁,中心管理端,I06,审计日志平台,操作、前后值、接口请求ID,异步不可篡改日志,操作者/身份/时间/设备/IP,P066-06-{业务主键},指数退避3次；超限转死信/人工,关键审计失败阻断,请求ID、响应码、耗时、摘要、重试和最终结果
P067,污染应急,中心管理端,I01,统一身份与MFA,认证、任职身份、二次认证,同步调用,用户ID/身份ID/认证级别,P067-01-{业务主键},指数退避3次；超限转死信/人工,超时拒绝高风险操作,请求ID、响应码、耗时、摘要、重试和最终结果
P067,污染应急,中心管理端,I02,组织与员工主数据,中心、部门、岗位、员工关系,同步查询+事件订阅,组织ID/员工ID/有效期,P067-02-{业务主键},指数退避3次；超限转死信/人工,缓存降级；变更事件补偿,请求ID、响应码、耗时、摘要、重试和最终结果
P067,污染应急,中心管理端,I03,流程任务中心,实例、任务、状态、待办,内部事务+消息,实例号/任务号/状态,P067-03-{业务主键},指数退避3次；超限转死信/人工,幂等重试；死信队列,请求ID、响应码、耗时、摘要、重试和最终结果
P067,污染应急,中心管理端,I04,消息通知中心,站内信、短信、邮件、企业微信,异步消息,模板变量/接收人/业务链接,P067-04-{业务主键},指数退避3次；超限转死信/人工,重试3次；失败告警,请求ID、响应码、耗时、摘要、重试和最终结果
P067,污染应急,中心管理端,I05,文件与电子证据,附件、哈希、水印、短时下载,对象存储+签名URL,文件ID/哈希/敏感级别,P067-05-{业务主键},指数退避3次；超限转死信/人工,病毒隔离；链接过期,请求ID、响应码、耗时、摘要、重试和最终结果
P067,污染应急,中心管理端,I06,审计日志平台,操作、前后值、接口请求ID,异步不可篡改日志,操作者/身份/时间/设备/IP,P067-06-{业务主键},指数退避3次；超限转死信/人工,关键审计失败阻断,请求ID、响应码、耗时、摘要、重试和最终结果
P068,活动保障,中心管理端,I01,统一身份与MFA,认证、任职身份、二次认证,同步调用,用户ID/身份ID/认证级别,P068-01-{业务主键},指数退避3次；超限转死信/人工,超时拒绝高风险操作,请求ID、响应码、耗时、摘要、重试和最终结果
P068,活动保障,中心管理端,I02,组织与员工主数据,中心、部门、岗位、员工关系,同步查询+事件订阅,组织ID/员工ID/有效期,P068-02-{业务主键},指数退避3次；超限转死信/人工,缓存降级；变更事件补偿,请求ID、响应码、耗时、摘要、重试和最终结果
P068,活动保障,中心管理端,I03,流程任务中心,实例、任务、状态、待办,内部事务+消息,实例号/任务号/状态,P068-03-{业务主键},指数退避3次；超限转死信/人工,幂等重试；死信队列,请求ID、响应码、耗时、摘要、重试和最终结果
P068,活动保障,中心管理端,I04,消息通知中心,站内信、短信、邮件、企业微信,异步消息,模板变量/接收人/业务链接,P068-04-{业务主键},指数退避3次；超限转死信/人工,重试3次；失败告警,请求ID、响应码、耗时、摘要、重试和最终结果
P068,活动保障,中心管理端,I05,文件与电子证据,附件、哈希、水印、短时下载,对象存储+签名URL,文件ID/哈希/敏感级别,P068-05-{业务主键},指数退避3次；超限转死信/人工,病毒隔离；链接过期,请求ID、响应码、耗时、摘要、重试和最终结果
P068,活动保障,中心管理端,I06,审计日志平台,操作、前后值、接口请求ID,异步不可篡改日志,操作者/身份/时间/设备/IP,P068-06-{业务主键},指数退避3次；超限转死信/人工,关键审计失败阻断,请求ID、响应码、耗时、摘要、重试和最终结果
P069,商户准入,中心管理端,I01,统一身份与MFA,认证、任职身份、二次认证,同步调用,用户ID/身份ID/认证级别,P069-01-{业务主键},指数退避3次；超限转死信/人工,超时拒绝高风险操作,请求ID、响应码、耗时、摘要、重试和最终结果
P069,商户准入,中心管理端,I02,组织与员工主数据,中心、部门、岗位、员工关系,同步查询+事件订阅,组织ID/员工ID/有效期,P069-02-{业务主键},指数退避3次；超限转死信/人工,缓存降级；变更事件补偿,请求ID、响应码、耗时、摘要、重试和最终结果
P069,商户准入,中心管理端,I03,流程任务中心,实例、任务、状态、待办,内部事务+消息,实例号/任务号/状态,P069-03-{业务主键},指数退避3次；超限转死信/人工,幂等重试；死信队列,请求ID、响应码、耗时、摘要、重试和最终结果
P069,商户准入,中心管理端,I04,消息通知中心,站内信、短信、邮件、企业微信,异步消息,模板变量/接收人/业务链接,P069-04-{业务主键},指数退避3次；超限转死信/人工,重试3次；失败告警,请求ID、响应码、耗时、摘要、重试和最终结果
P069,商户准入,中心管理端,I05,文件与电子证据,附件、哈希、水印、短时下载,对象存储+签名URL,文件ID/哈希/敏感级别,P069-05-{业务主键},指数退避3次；超限转死信/人工,病毒隔离；链接过期,请求ID、响应码、耗时、摘要、重试和最终结果
P069,商户准入,中心管理端,I06,审计日志平台,操作、前后值、接口请求ID,异步不可篡改日志,操作者/身份/时间/设备/IP,P069-06-{业务主键},指数退避3次；超限转死信/人工,关键审计失败阻断,请求ID、响应码、耗时、摘要、重试和最终结果
P070,日常巡检,中心管理端,I01,统一身份与MFA,认证、任职身份、二次认证,同步调用,用户ID/身份ID/认证级别,P070-01-{业务主键},指数退避3次；超限转死信/人工,超时拒绝高风险操作,请求ID、响应码、耗时、摘要、重试和最终结果
P070,日常巡检,中心管理端,I02,组织与员工主数据,中心、部门、岗位、员工关系,同步查询+事件订阅,组织ID/员工ID/有效期,P070-02-{业务主键},指数退避3次；超限转死信/人工,缓存降级；变更事件补偿,请求ID、响应码、耗时、摘要、重试和最终结果
P070,日常巡检,中心管理端,I03,流程任务中心,实例、任务、状态、待办,内部事务+消息,实例号/任务号/状态,P070-03-{业务主键},指数退避3次；超限转死信/人工,幂等重试；死信队列,请求ID、响应码、耗时、摘要、重试和最终结果
P070,日常巡检,中心管理端,I04,消息通知中心,站内信、短信、邮件、企业微信,异步消息,模板变量/接收人/业务链接,P070-04-{业务主键},指数退避3次；超限转死信/人工,重试3次；失败告警,请求ID、响应码、耗时、摘要、重试和最终结果
P070,日常巡检,中心管理端,I05,文件与电子证据,附件、哈希、水印、短时下载,对象存储+签名URL,文件ID/哈希/敏感级别,P070-05-{业务主键},指数退避3次；超限转死信/人工,病毒隔离；链接过期,请求ID、响应码、耗时、摘要、重试和最终结果
P070,日常巡检,中心管理端,I06,审计日志平台,操作、前后值、接口请求ID,异步不可篡改日志,操作者/身份/时间/设备/IP,P070-06-{业务主键},指数退避3次；超限转死信/人工,关键审计失败阻断,请求ID、响应码、耗时、摘要、重试和最终结果
P071,退场,中心管理端,I01,统一身份与MFA,认证、任职身份、二次认证,同步调用,用户ID/身份ID/认证级别,P071-01-{业务主键},指数退避3次；超限转死信/人工,超时拒绝高风险操作,请求ID、响应码、耗时、摘要、重试和最终结果
P071,退场,中心管理端,I02,组织与员工主数据,中心、部门、岗位、员工关系,同步查询+事件订阅,组织ID/员工ID/有效期,P071-02-{业务主键},指数退避3次；超限转死信/人工,缓存降级；变更事件补偿,请求ID、响应码、耗时、摘要、重试和最终结果
P071,退场,中心管理端,I03,流程任务中心,实例、任务、状态、待办,内部事务+消息,实例号/任务号/状态,P071-03-{业务主键},指数退避3次；超限转死信/人工,幂等重试；死信队列,请求ID、响应码、耗时、摘要、重试和最终结果
P071,退场,中心管理端,I04,消息通知中心,站内信、短信、邮件、企业微信,异步消息,模板变量/接收人/业务链接,P071-04-{业务主键},指数退避3次；超限转死信/人工,重试3次；失败告警,请求ID、响应码、耗时、摘要、重试和最终结果
P071,退场,中心管理端,I05,文件与电子证据,附件、哈希、水印、短时下载,对象存储+签名URL,文件ID/哈希/敏感级别,P071-05-{业务主键},指数退避3次；超限转死信/人工,病毒隔离；链接过期,请求ID、响应码、耗时、摘要、重试和最终结果
P071,退场,中心管理端,I06,审计日志平台,操作、前后值、接口请求ID,异步不可篡改日志,操作者/身份/时间/设备/IP,P071-06-{业务主键},指数退避3次；超限转死信/人工,关键审计失败阻断,请求ID、响应码、耗时、摘要、重试和最终结果
P071,退场,中心管理端,I07,资产仓储系统,物料、批次、序列号、库存与资产状态,API+事件,物料/资产ID/数量/库位,P071-07-{业务主键},指数退避3次；超限转死信/人工,库存锁补偿；负库存阻断,请求ID、响应码、耗时、摘要、重试和最终结果
P072,节目上线,中心管理端,I01,统一身份与MFA,认证、任职身份、二次认证,同步调用,用户ID/身份ID/认证级别,P072-01-{业务主键},指数退避3次；超限转死信/人工,超时拒绝高风险操作,请求ID、响应码、耗时、摘要、重试和最终结果
P072,节目上线,中心管理端,I02,组织与员工主数据,中心、部门、岗位、员工关系,同步查询+事件订阅,组织ID/员工ID/有效期,P072-02-{业务主键},指数退避3次；超限转死信/人工,缓存降级；变更事件补偿,请求ID、响应码、耗时、摘要、重试和最终结果
P072,节目上线,中心管理端,I03,流程任务中心,实例、任务、状态、待办,内部事务+消息,实例号/任务号/状态,P072-03-{业务主键},指数退避3次；超限转死信/人工,幂等重试；死信队列,请求ID、响应码、耗时、摘要、重试和最终结果
P072,节目上线,中心管理端,I04,消息通知中心,站内信、短信、邮件、企业微信,异步消息,模板变量/接收人/业务链接,P072-04-{业务主键},指数退避3次；超限转死信/人工,重试3次；失败告警,请求ID、响应码、耗时、摘要、重试和最终结果
P072,节目上线,中心管理端,I05,文件与电子证据,附件、哈希、水印、短时下载,对象存储+签名URL,文件ID/哈希/敏感级别,P072-05-{业务主键},指数退避3次；超限转死信/人工,病毒隔离；链接过期,请求ID、响应码、耗时、摘要、重试和最终结果
P072,节目上线,中心管理端,I06,审计日志平台,操作、前后值、接口请求ID,异步不可篡改日志,操作者/身份/时间/设备/IP,P072-06-{业务主键},指数退避3次；超限转死信/人工,关键审计失败阻断,请求ID、响应码、耗时、摘要、重试和最终结果
P073,场次执行,中心管理端,I01,统一身份与MFA,认证、任职身份、二次认证,同步调用,用户ID/身份ID/认证级别,P073-01-{业务主键},指数退避3次；超限转死信/人工,超时拒绝高风险操作,请求ID、响应码、耗时、摘要、重试和最终结果
P073,场次执行,中心管理端,I02,组织与员工主数据,中心、部门、岗位、员工关系,同步查询+事件订阅,组织ID/员工ID/有效期,P073-02-{业务主键},指数退避3次；超限转死信/人工,缓存降级；变更事件补偿,请求ID、响应码、耗时、摘要、重试和最终结果
P073,场次执行,中心管理端,I03,流程任务中心,实例、任务、状态、待办,内部事务+消息,实例号/任务号/状态,P073-03-{业务主键},指数退避3次；超限转死信/人工,幂等重试；死信队列,请求ID、响应码、耗时、摘要、重试和最终结果
P073,场次执行,中心管理端,I04,消息通知中心,站内信、短信、邮件、企业微信,异步消息,模板变量/接收人/业务链接,P073-04-{业务主键},指数退避3次；超限转死信/人工,重试3次；失败告警,请求ID、响应码、耗时、摘要、重试和最终结果
P073,场次执行,中心管理端,I05,文件与电子证据,附件、哈希、水印、短时下载,对象存储+签名URL,文件ID/哈希/敏感级别,P073-05-{业务主键},指数退避3次；超限转死信/人工,病毒隔离；链接过期,请求ID、响应码、耗时、摘要、重试和最终结果
P073,场次执行,中心管理端,I06,审计日志平台,操作、前后值、接口请求ID,异步不可篡改日志,操作者/身份/时间/设备/IP,P073-06-{业务主键},指数退避3次；超限转死信/人工,关键审计失败阻断,请求ID、响应码、耗时、摘要、重试和最终结果
P074,临时缺员,中心管理端,I01,统一身份与MFA,认证、任职身份、二次认证,同步调用,用户ID/身份ID/认证级别,P074-01-{业务主键},指数退避3次；超限转死信/人工,超时拒绝高风险操作,请求ID、响应码、耗时、摘要、重试和最终结果
P074,临时缺员,中心管理端,I02,组织与员工主数据,中心、部门、岗位、员工关系,同步查询+事件订阅,组织ID/员工ID/有效期,P074-02-{业务主键},指数退避3次；超限转死信/人工,缓存降级；变更事件补偿,请求ID、响应码、耗时、摘要、重试和最终结果
P074,临时缺员,中心管理端,I03,流程任务中心,实例、任务、状态、待办,内部事务+消息,实例号/任务号/状态,P074-03-{业务主键},指数退避3次；超限转死信/人工,幂等重试；死信队列,请求ID、响应码、耗时、摘要、重试和最终结果
P074,临时缺员,中心管理端,I04,消息通知中心,站内信、短信、邮件、企业微信,异步消息,模板变量/接收人/业务链接,P074-04-{业务主键},指数退避3次；超限转死信/人工,重试3次；失败告警,请求ID、响应码、耗时、摘要、重试和最终结果
P074,临时缺员,中心管理端,I05,文件与电子证据,附件、哈希、水印、短时下载,对象存储+签名URL,文件ID/哈希/敏感级别,P074-05-{业务主键},指数退避3次；超限转死信/人工,病毒隔离；链接过期,请求ID、响应码、耗时、摘要、重试和最终结果
P074,临时缺员,中心管理端,I06,审计日志平台,操作、前后值、接口请求ID,异步不可篡改日志,操作者/身份/时间/设备/IP,P074-06-{业务主键},指数退避3次；超限转死信/人工,关键审计失败阻断,请求ID、响应码、耗时、摘要、重试和最终结果
P075,停演,中心管理端,I01,统一身份与MFA,认证、任职身份、二次认证,同步调用,用户ID/身份ID/认证级别,P075-01-{业务主键},指数退避3次；超限转死信/人工,超时拒绝高风险操作,请求ID、响应码、耗时、摘要、重试和最终结果
P075,停演,中心管理端,I02,组织与员工主数据,中心、部门、岗位、员工关系,同步查询+事件订阅,组织ID/员工ID/有效期,P075-02-{业务主键},指数退避3次；超限转死信/人工,缓存降级；变更事件补偿,请求ID、响应码、耗时、摘要、重试和最终结果
P075,停演,中心管理端,I03,流程任务中心,实例、任务、状态、待办,内部事务+消息,实例号/任务号/状态,P075-03-{业务主键},指数退避3次；超限转死信/人工,幂等重试；死信队列,请求ID、响应码、耗时、摘要、重试和最终结果
P075,停演,中心管理端,I04,消息通知中心,站内信、短信、邮件、企业微信,异步消息,模板变量/接收人/业务链接,P075-04-{业务主键},指数退避3次；超限转死信/人工,重试3次；失败告警,请求ID、响应码、耗时、摘要、重试和最终结果
P075,停演,中心管理端,I05,文件与电子证据,附件、哈希、水印、短时下载,对象存储+签名URL,文件ID/哈希/敏感级别,P075-05-{业务主键},指数退避3次；超限转死信/人工,病毒隔离；链接过期,请求ID、响应码、耗时、摘要、重试和最终结果
P075,停演,中心管理端,I06,审计日志平台,操作、前后值、接口请求ID,异步不可篡改日志,操作者/身份/时间/设备/IP,P075-06-{业务主键},指数退避3次；超限转死信/人工,关键审计失败阻断,请求ID、响应码、耗时、摘要、重试和最终结果
P075,停演,中心管理端,I07,订单票务与支付,订单、支付、出票、核销、退款,API+消息,订单号/票码/金额/状态,P075-07-{业务主键},指数退避3次；超限转死信/人工,幂等回调；差异队列,请求ID、响应码、耗时、摘要、重试和最终结果
P076,场次准备,中心管理端,I01,统一身份与MFA,认证、任职身份、二次认证,同步调用,用户ID/身份ID/认证级别,P076-01-{业务主键},指数退避3次；超限转死信/人工,超时拒绝高风险操作,请求ID、响应码、耗时、摘要、重试和最终结果
P076,场次准备,中心管理端,I02,组织与员工主数据,中心、部门、岗位、员工关系,同步查询+事件订阅,组织ID/员工ID/有效期,P076-02-{业务主键},指数退避3次；超限转死信/人工,缓存降级；变更事件补偿,请求ID、响应码、耗时、摘要、重试和最终结果
P076,场次准备,中心管理端,I03,流程任务中心,实例、任务、状态、待办,内部事务+消息,实例号/任务号/状态,P076-03-{业务主键},指数退避3次；超限转死信/人工,幂等重试；死信队列,请求ID、响应码、耗时、摘要、重试和最终结果
P076,场次准备,中心管理端,I04,消息通知中心,站内信、短信、邮件、企业微信,异步消息,模板变量/接收人/业务链接,P076-04-{业务主键},指数退避3次；超限转死信/人工,重试3次；失败告警,请求ID、响应码、耗时、摘要、重试和最终结果
P076,场次准备,中心管理端,I05,文件与电子证据,附件、哈希、水印、短时下载,对象存储+签名URL,文件ID/哈希/敏感级别,P076-05-{业务主键},指数退避3次；超限转死信/人工,病毒隔离；链接过期,请求ID、响应码、耗时、摘要、重试和最终结果
P076,场次准备,中心管理端,I06,审计日志平台,操作、前后值、接口请求ID,异步不可篡改日志,操作者/身份/时间/设备/IP,P076-06-{业务主键},指数退避3次；超限转死信/人工,关键审计失败阻断,请求ID、响应码、耗时、摘要、重试和最终结果
P076,场次准备,中心管理端,I07,资产仓储系统,物料、批次、序列号、库存与资产状态,API+事件,物料/资产ID/数量/库位,P076-07-{业务主键},指数退避3次；超限转死信/人工,库存锁补偿；负库存阻断,请求ID、响应码、耗时、摘要、重试和最终结果
P077,损坏报损,中心管理端,I01,统一身份与MFA,认证、任职身份、二次认证,同步调用,用户ID/身份ID/认证级别,P077-01-{业务主键},指数退避3次；超限转死信/人工,超时拒绝高风险操作,请求ID、响应码、耗时、摘要、重试和最终结果
P077,损坏报损,中心管理端,I02,组织与员工主数据,中心、部门、岗位、员工关系,同步查询+事件订阅,组织ID/员工ID/有效期,P077-02-{业务主键},指数退避3次；超限转死信/人工,缓存降级；变更事件补偿,请求ID、响应码、耗时、摘要、重试和最终结果
P077,损坏报损,中心管理端,I03,流程任务中心,实例、任务、状态、待办,内部事务+消息,实例号/任务号/状态,P077-03-{业务主键},指数退避3次；超限转死信/人工,幂等重试；死信队列,请求ID、响应码、耗时、摘要、重试和最终结果
P077,损坏报损,中心管理端,I04,消息通知中心,站内信、短信、邮件、企业微信,异步消息,模板变量/接收人/业务链接,P077-04-{业务主键},指数退避3次；超限转死信/人工,重试3次；失败告警,请求ID、响应码、耗时、摘要、重试和最终结果
P077,损坏报损,中心管理端,I05,文件与电子证据,附件、哈希、水印、短时下载,对象存储+签名URL,文件ID/哈希/敏感级别,P077-05-{业务主键},指数退避3次；超限转死信/人工,病毒隔离；链接过期,请求ID、响应码、耗时、摘要、重试和最终结果
P077,损坏报损,中心管理端,I06,审计日志平台,操作、前后值、接口请求ID,异步不可篡改日志,操作者/身份/时间/设备/IP,P077-06-{业务主键},指数退避3次；超限转死信/人工,关键审计失败阻断,请求ID、响应码、耗时、摘要、重试和最终结果
P077,损坏报损,中心管理端,I07,资产仓储系统,物料、批次、序列号、库存与资产状态,API+事件,物料/资产ID/数量/库位,P077-07-{业务主键},指数退避3次；超限转死信/人工,库存锁补偿；负库存阻断,请求ID、响应码、耗时、摘要、重试和最终结果
P078,盘点,中心管理端,I01,统一身份与MFA,认证、任职身份、二次认证,同步调用,用户ID/身份ID/认证级别,P078-01-{业务主键},指数退避3次；超限转死信/人工,超时拒绝高风险操作,请求ID、响应码、耗时、摘要、重试和最终结果
P078,盘点,中心管理端,I02,组织与员工主数据,中心、部门、岗位、员工关系,同步查询+事件订阅,组织ID/员工ID/有效期,P078-02-{业务主键},指数退避3次；超限转死信/人工,缓存降级；变更事件补偿,请求ID、响应码、耗时、摘要、重试和最终结果
P078,盘点,中心管理端,I03,流程任务中心,实例、任务、状态、待办,内部事务+消息,实例号/任务号/状态,P078-03-{业务主键},指数退避3次；超限转死信/人工,幂等重试；死信队列,请求ID、响应码、耗时、摘要、重试和最终结果
P078,盘点,中心管理端,I04,消息通知中心,站内信、短信、邮件、企业微信,异步消息,模板变量/接收人/业务链接,P078-04-{业务主键},指数退避3次；超限转死信/人工,重试3次；失败告警,请求ID、响应码、耗时、摘要、重试和最终结果
P078,盘点,中心管理端,I05,文件与电子证据,附件、哈希、水印、短时下载,对象存储+签名URL,文件ID/哈希/敏感级别,P078-05-{业务主键},指数退避3次；超限转死信/人工,病毒隔离；链接过期,请求ID、响应码、耗时、摘要、重试和最终结果
P078,盘点,中心管理端,I06,审计日志平台,操作、前后值、接口请求ID,异步不可篡改日志,操作者/身份/时间/设备/IP,P078-06-{业务主键},指数退避3次；超限转死信/人工,关键审计失败阻断,请求ID、响应码、耗时、摘要、重试和最终结果
P078,盘点,中心管理端,I07,资产仓储系统,物料、批次、序列号、库存与资产状态,API+事件,物料/资产ID/数量/库位,P078-07-{业务主键},指数退避3次；超限转死信/人工,库存锁补偿；负库存阻断,请求ID、响应码、耗时、摘要、重试和最终结果
P079,飞行任务,中心管理端,I01,统一身份与MFA,认证、任职身份、二次认证,同步调用,用户ID/身份ID/认证级别,P079-01-{业务主键},指数退避3次；超限转死信/人工,超时拒绝高风险操作,请求ID、响应码、耗时、摘要、重试和最终结果
P079,飞行任务,中心管理端,I02,组织与员工主数据,中心、部门、岗位、员工关系,同步查询+事件订阅,组织ID/员工ID/有效期,P079-02-{业务主键},指数退避3次；超限转死信/人工,缓存降级；变更事件补偿,请求ID、响应码、耗时、摘要、重试和最终结果
P079,飞行任务,中心管理端,I03,流程任务中心,实例、任务、状态、待办,内部事务+消息,实例号/任务号/状态,P079-03-{业务主键},指数退避3次；超限转死信/人工,幂等重试；死信队列,请求ID、响应码、耗时、摘要、重试和最终结果
P079,飞行任务,中心管理端,I04,消息通知中心,站内信、短信、邮件、企业微信,异步消息,模板变量/接收人/业务链接,P079-04-{业务主键},指数退避3次；超限转死信/人工,重试3次；失败告警,请求ID、响应码、耗时、摘要、重试和最终结果
P079,飞行任务,中心管理端,I05,文件与电子证据,附件、哈希、水印、短时下载,对象存储+签名URL,文件ID/哈希/敏感级别,P079-05-{业务主键},指数退避3次；超限转死信/人工,病毒隔离；链接过期,请求ID、响应码、耗时、摘要、重试和最终结果
P079,飞行任务,中心管理端,I06,审计日志平台,操作、前后值、接口请求ID,异步不可篡改日志,操作者/身份/时间/设备/IP,P079-06-{业务主键},指数退避3次；超限转死信/人工,关键审计失败阻断,请求ID、响应码、耗时、摘要、重试和最终结果
P080,任务取消,中心管理端,I01,统一身份与MFA,认证、任职身份、二次认证,同步调用,用户ID/身份ID/认证级别,P080-01-{业务主键},指数退避3次；超限转死信/人工,超时拒绝高风险操作,请求ID、响应码、耗时、摘要、重试和最终结果
P080,任务取消,中心管理端,I02,组织与员工主数据,中心、部门、岗位、员工关系,同步查询+事件订阅,组织ID/员工ID/有效期,P080-02-{业务主键},指数退避3次；超限转死信/人工,缓存降级；变更事件补偿,请求ID、响应码、耗时、摘要、重试和最终结果
P080,任务取消,中心管理端,I03,流程任务中心,实例、任务、状态、待办,内部事务+消息,实例号/任务号/状态,P080-03-{业务主键},指数退避3次；超限转死信/人工,幂等重试；死信队列,请求ID、响应码、耗时、摘要、重试和最终结果
P080,任务取消,中心管理端,I04,消息通知中心,站内信、短信、邮件、企业微信,异步消息,模板变量/接收人/业务链接,P080-04-{业务主键},指数退避3次；超限转死信/人工,重试3次；失败告警,请求ID、响应码、耗时、摘要、重试和最终结果
P080,任务取消,中心管理端,I05,文件与电子证据,附件、哈希、水印、短时下载,对象存储+签名URL,文件ID/哈希/敏感级别,P080-05-{业务主键},指数退避3次；超限转死信/人工,病毒隔离；链接过期,请求ID、响应码、耗时、摘要、重试和最终结果
P080,任务取消,中心管理端,I06,审计日志平台,操作、前后值、接口请求ID,异步不可篡改日志,操作者/身份/时间/设备/IP,P080-06-{业务主键},指数退避3次；超限转死信/人工,关键审计失败阻断,请求ID、响应码、耗时、摘要、重试和最终结果
P080,任务取消,中心管理端,I07,订单票务与支付,订单、支付、出票、核销、退款,API+消息,订单号/票码/金额/状态,P080-07-{业务主键},指数退避3次；超限转死信/人工,幂等回调；差异队列,请求ID、响应码、耗时、摘要、重试和最终结果
P081,飞行事故,中心管理端,I01,统一身份与MFA,认证、任职身份、二次认证,同步调用,用户ID/身份ID/认证级别,P081-01-{业务主键},指数退避3次；超限转死信/人工,超时拒绝高风险操作,请求ID、响应码、耗时、摘要、重试和最终结果
P081,飞行事故,中心管理端,I02,组织与员工主数据,中心、部门、岗位、员工关系,同步查询+事件订阅,组织ID/员工ID/有效期,P081-02-{业务主键},指数退避3次；超限转死信/人工,缓存降级；变更事件补偿,请求ID、响应码、耗时、摘要、重试和最终结果
P081,飞行事故,中心管理端,I03,流程任务中心,实例、任务、状态、待办,内部事务+消息,实例号/任务号/状态,P081-03-{业务主键},指数退避3次；超限转死信/人工,幂等重试；死信队列,请求ID、响应码、耗时、摘要、重试和最终结果
P081,飞行事故,中心管理端,I04,消息通知中心,站内信、短信、邮件、企业微信,异步消息,模板变量/接收人/业务链接,P081-04-{业务主键},指数退避3次；超限转死信/人工,重试3次；失败告警,请求ID、响应码、耗时、摘要、重试和最终结果
P081,飞行事故,中心管理端,I05,文件与电子证据,附件、哈希、水印、短时下载,对象存储+签名URL,文件ID/哈希/敏感级别,P081-05-{业务主键},指数退避3次；超限转死信/人工,病毒隔离；链接过期,请求ID、响应码、耗时、摘要、重试和最终结果
P081,飞行事故,中心管理端,I06,审计日志平台,操作、前后值、接口请求ID,异步不可篡改日志,操作者/身份/时间/设备/IP,P081-06-{业务主键},指数退避3次；超限转死信/人工,关键审计失败阻断,请求ID、响应码、耗时、摘要、重试和最终结果
P082,场次技术保障,中心管理端,I01,统一身份与MFA,认证、任职身份、二次认证,同步调用,用户ID/身份ID/认证级别,P082-01-{业务主键},指数退避3次；超限转死信/人工,超时拒绝高风险操作,请求ID、响应码、耗时、摘要、重试和最终结果
P082,场次技术保障,中心管理端,I02,组织与员工主数据,中心、部门、岗位、员工关系,同步查询+事件订阅,组织ID/员工ID/有效期,P082-02-{业务主键},指数退避3次；超限转死信/人工,缓存降级；变更事件补偿,请求ID、响应码、耗时、摘要、重试和最终结果
P082,场次技术保障,中心管理端,I03,流程任务中心,实例、任务、状态、待办,内部事务+消息,实例号/任务号/状态,P082-03-{业务主键},指数退避3次；超限转死信/人工,幂等重试；死信队列,请求ID、响应码、耗时、摘要、重试和最终结果
P082,场次技术保障,中心管理端,I04,消息通知中心,站内信、短信、邮件、企业微信,异步消息,模板变量/接收人/业务链接,P082-04-{业务主键},指数退避3次；超限转死信/人工,重试3次；失败告警,请求ID、响应码、耗时、摘要、重试和最终结果
P082,场次技术保障,中心管理端,I05,文件与电子证据,附件、哈希、水印、短时下载,对象存储+签名URL,文件ID/哈希/敏感级别,P082-05-{业务主键},指数退避3次；超限转死信/人工,病毒隔离；链接过期,请求ID、响应码、耗时、摘要、重试和最终结果
P082,场次技术保障,中心管理端,I06,审计日志平台,操作、前后值、接口请求ID,异步不可篡改日志,操作者/身份/时间/设备/IP,P082-06-{业务主键},指数退避3次；超限转死信/人工,关键审计失败阻断,请求ID、响应码、耗时、摘要、重试和最终结果
P083,设备故障,中心管理端,I01,统一身份与MFA,认证、任职身份、二次认证,同步调用,用户ID/身份ID/认证级别,P083-01-{业务主键},指数退避3次；超限转死信/人工,超时拒绝高风险操作,请求ID、响应码、耗时、摘要、重试和最终结果
P083,设备故障,中心管理端,I02,组织与员工主数据,中心、部门、岗位、员工关系,同步查询+事件订阅,组织ID/员工ID/有效期,P083-02-{业务主键},指数退避3次；超限转死信/人工,缓存降级；变更事件补偿,请求ID、响应码、耗时、摘要、重试和最终结果
P083,设备故障,中心管理端,I03,流程任务中心,实例、任务、状态、待办,内部事务+消息,实例号/任务号/状态,P083-03-{业务主键},指数退避3次；超限转死信/人工,幂等重试；死信队列,请求ID、响应码、耗时、摘要、重试和最终结果
P083,设备故障,中心管理端,I04,消息通知中心,站内信、短信、邮件、企业微信,异步消息,模板变量/接收人/业务链接,P083-04-{业务主键},指数退避3次；超限转死信/人工,重试3次；失败告警,请求ID、响应码、耗时、摘要、重试和最终结果
P083,设备故障,中心管理端,I05,文件与电子证据,附件、哈希、水印、短时下载,对象存储+签名URL,文件ID/哈希/敏感级别,P083-05-{业务主键},指数退避3次；超限转死信/人工,病毒隔离；链接过期,请求ID、响应码、耗时、摘要、重试和最终结果
P083,设备故障,中心管理端,I06,审计日志平台,操作、前后值、接口请求ID,异步不可篡改日志,操作者/身份/时间/设备/IP,P083-06-{业务主键},指数退避3次；超限转死信/人工,关键审计失败阻断,请求ID、响应码、耗时、摘要、重试和最终结果
P084,停演技术建议,中心管理端,I01,统一身份与MFA,认证、任职身份、二次认证,同步调用,用户ID/身份ID/认证级别,P084-01-{业务主键},指数退避3次；超限转死信/人工,超时拒绝高风险操作,请求ID、响应码、耗时、摘要、重试和最终结果
P084,停演技术建议,中心管理端,I02,组织与员工主数据,中心、部门、岗位、员工关系,同步查询+事件订阅,组织ID/员工ID/有效期,P084-02-{业务主键},指数退避3次；超限转死信/人工,缓存降级；变更事件补偿,请求ID、响应码、耗时、摘要、重试和最终结果
P084,停演技术建议,中心管理端,I03,流程任务中心,实例、任务、状态、待办,内部事务+消息,实例号/任务号/状态,P084-03-{业务主键},指数退避3次；超限转死信/人工,幂等重试；死信队列,请求ID、响应码、耗时、摘要、重试和最终结果
P084,停演技术建议,中心管理端,I04,消息通知中心,站内信、短信、邮件、企业微信,异步消息,模板变量/接收人/业务链接,P084-04-{业务主键},指数退避3次；超限转死信/人工,重试3次；失败告警,请求ID、响应码、耗时、摘要、重试和最终结果
P084,停演技术建议,中心管理端,I05,文件与电子证据,附件、哈希、水印、短时下载,对象存储+签名URL,文件ID/哈希/敏感级别,P084-05-{业务主键},指数退避3次；超限转死信/人工,病毒隔离；链接过期,请求ID、响应码、耗时、摘要、重试和最终结果
P084,停演技术建议,中心管理端,I06,审计日志平台,操作、前后值、接口请求ID,异步不可篡改日志,操作者/身份/时间/设备/IP,P084-06-{业务主键},指数退避3次；超限转死信/人工,关键审计失败阻断,请求ID、响应码、耗时、摘要、重试和最终结果
P085,网络故障,中心管理端,I01,统一身份与MFA,认证、任职身份、二次认证,同步调用,用户ID/身份ID/认证级别,P085-01-{业务主键},指数退避3次；超限转死信/人工,超时拒绝高风险操作,请求ID、响应码、耗时、摘要、重试和最终结果
P085,网络故障,中心管理端,I02,组织与员工主数据,中心、部门、岗位、员工关系,同步查询+事件订阅,组织ID/员工ID/有效期,P085-02-{业务主键},指数退避3次；超限转死信/人工,缓存降级；变更事件补偿,请求ID、响应码、耗时、摘要、重试和最终结果
P085,网络故障,中心管理端,I03,流程任务中心,实例、任务、状态、待办,内部事务+消息,实例号/任务号/状态,P085-03-{业务主键},指数退避3次；超限转死信/人工,幂等重试；死信队列,请求ID、响应码、耗时、摘要、重试和最终结果
P085,网络故障,中心管理端,I04,消息通知中心,站内信、短信、邮件、企业微信,异步消息,模板变量/接收人/业务链接,P085-04-{业务主键},指数退避3次；超限转死信/人工,重试3次；失败告警,请求ID、响应码、耗时、摘要、重试和最终结果
P085,网络故障,中心管理端,I05,文件与电子证据,附件、哈希、水印、短时下载,对象存储+签名URL,文件ID/哈希/敏感级别,P085-05-{业务主键},指数退避3次；超限转死信/人工,病毒隔离；链接过期,请求ID、响应码、耗时、摘要、重试和最终结果
P085,网络故障,中心管理端,I06,审计日志平台,操作、前后值、接口请求ID,异步不可篡改日志,操作者/身份/时间/设备/IP,P085-06-{业务主键},指数退避3次；超限转死信/人工,关键审计失败阻断,请求ID、响应码、耗时、摘要、重试和最终结果
P085,网络故障,中心管理端,I07,CMDB/研发/CI-CD,配置项、代码、构建、测试、发布、监控,API+Webhook,工作项/构建号/版本/环境,P085-07-{业务主键},指数退避3次；超限转死信/人工,回退流水；发布门禁,请求ID、响应码、耗时、摘要、重试和最终结果
P086,网络变更,中心管理端,I01,统一身份与MFA,认证、任职身份、二次认证,同步调用,用户ID/身份ID/认证级别,P086-01-{业务主键},指数退避3次；超限转死信/人工,超时拒绝高风险操作,请求ID、响应码、耗时、摘要、重试和最终结果
P086,网络变更,中心管理端,I02,组织与员工主数据,中心、部门、岗位、员工关系,同步查询+事件订阅,组织ID/员工ID/有效期,P086-02-{业务主键},指数退避3次；超限转死信/人工,缓存降级；变更事件补偿,请求ID、响应码、耗时、摘要、重试和最终结果
P086,网络变更,中心管理端,I03,流程任务中心,实例、任务、状态、待办,内部事务+消息,实例号/任务号/状态,P086-03-{业务主键},指数退避3次；超限转死信/人工,幂等重试；死信队列,请求ID、响应码、耗时、摘要、重试和最终结果
P086,网络变更,中心管理端,I04,消息通知中心,站内信、短信、邮件、企业微信,异步消息,模板变量/接收人/业务链接,P086-04-{业务主键},指数退避3次；超限转死信/人工,重试3次；失败告警,请求ID、响应码、耗时、摘要、重试和最终结果
P086,网络变更,中心管理端,I05,文件与电子证据,附件、哈希、水印、短时下载,对象存储+签名URL,文件ID/哈希/敏感级别,P086-05-{业务主键},指数退避3次；超限转死信/人工,病毒隔离；链接过期,请求ID、响应码、耗时、摘要、重试和最终结果
P086,网络变更,中心管理端,I06,审计日志平台,操作、前后值、接口请求ID,异步不可篡改日志,操作者/身份/时间/设备/IP,P086-06-{业务主键},指数退避3次；超限转死信/人工,关键审计失败阻断,请求ID、响应码、耗时、摘要、重试和最终结果
P086,网络变更,中心管理端,I07,CMDB/研发/CI-CD,配置项、代码、构建、测试、发布、监控,API+Webhook,工作项/构建号/版本/环境,P086-07-{业务主键},指数退避3次；超限转死信/人工,回退流水；发布门禁,请求ID、响应码、耗时、摘要、重试和最终结果
P087,活动保障,中心管理端,I01,统一身份与MFA,认证、任职身份、二次认证,同步调用,用户ID/身份ID/认证级别,P087-01-{业务主键},指数退避3次；超限转死信/人工,超时拒绝高风险操作,请求ID、响应码、耗时、摘要、重试和最终结果
P087,活动保障,中心管理端,I02,组织与员工主数据,中心、部门、岗位、员工关系,同步查询+事件订阅,组织ID/员工ID/有效期,P087-02-{业务主键},指数退避3次；超限转死信/人工,缓存降级；变更事件补偿,请求ID、响应码、耗时、摘要、重试和最终结果
P087,活动保障,中心管理端,I03,流程任务中心,实例、任务、状态、待办,内部事务+消息,实例号/任务号/状态,P087-03-{业务主键},指数退避3次；超限转死信/人工,幂等重试；死信队列,请求ID、响应码、耗时、摘要、重试和最终结果
P087,活动保障,中心管理端,I04,消息通知中心,站内信、短信、邮件、企业微信,异步消息,模板变量/接收人/业务链接,P087-04-{业务主键},指数退避3次；超限转死信/人工,重试3次；失败告警,请求ID、响应码、耗时、摘要、重试和最终结果
P087,活动保障,中心管理端,I05,文件与电子证据,附件、哈希、水印、短时下载,对象存储+签名URL,文件ID/哈希/敏感级别,P087-05-{业务主键},指数退避3次；超限转死信/人工,病毒隔离；链接过期,请求ID、响应码、耗时、摘要、重试和最终结果
P087,活动保障,中心管理端,I06,审计日志平台,操作、前后值、接口请求ID,异步不可篡改日志,操作者/身份/时间/设备/IP,P087-06-{业务主键},指数退避3次；超限转死信/人工,关键审计失败阻断,请求ID、响应码、耗时、摘要、重试和最终结果
P087,活动保障,中心管理端,I07,CMDB/研发/CI-CD,配置项、代码、构建、测试、发布、监控,API+Webhook,工作项/构建号/版本/环境,P087-07-{业务主键},指数退避3次；超限转死信/人工,回退流水；发布门禁,请求ID、响应码、耗时、摘要、重试和最终结果
P088,IT服务请求,中心管理端,I01,统一身份与MFA,认证、任职身份、二次认证,同步调用,用户ID/身份ID/认证级别,P088-01-{业务主键},指数退避3次；超限转死信/人工,超时拒绝高风险操作,请求ID、响应码、耗时、摘要、重试和最终结果
P088,IT服务请求,中心管理端,I02,组织与员工主数据,中心、部门、岗位、员工关系,同步查询+事件订阅,组织ID/员工ID/有效期,P088-02-{业务主键},指数退避3次；超限转死信/人工,缓存降级；变更事件补偿,请求ID、响应码、耗时、摘要、重试和最终结果
P088,IT服务请求,中心管理端,I03,流程任务中心,实例、任务、状态、待办,内部事务+消息,实例号/任务号/状态,P088-03-{业务主键},指数退避3次；超限转死信/人工,幂等重试；死信队列,请求ID、响应码、耗时、摘要、重试和最终结果
P088,IT服务请求,中心管理端,I04,消息通知中心,站内信、短信、邮件、企业微信,异步消息,模板变量/接收人/业务链接,P088-04-{业务主键},指数退避3次；超限转死信/人工,重试3次；失败告警,请求ID、响应码、耗时、摘要、重试和最终结果
P088,IT服务请求,中心管理端,I05,文件与电子证据,附件、哈希、水印、短时下载,对象存储+签名URL,文件ID/哈希/敏感级别,P088-05-{业务主键},指数退避3次；超限转死信/人工,病毒隔离；链接过期,请求ID、响应码、耗时、摘要、重试和最终结果
P088,IT服务请求,中心管理端,I06,审计日志平台,操作、前后值、接口请求ID,异步不可篡改日志,操作者/身份/时间/设备/IP,P088-06-{业务主键},指数退避3次；超限转死信/人工,关键审计失败阻断,请求ID、响应码、耗时、摘要、重试和最终结果
P088,IT服务请求,中心管理端,I07,CMDB/研发/CI-CD,配置项、代码、构建、测试、发布、监控,API+Webhook,工作项/构建号/版本/环境,P088-07-{业务主键},指数退避3次；超限转死信/人工,回退流水；发布门禁,请求ID、响应码、耗时、摘要、重试和最终结果
P089,生产发布,中心管理端,I01,统一身份与MFA,认证、任职身份、二次认证,同步调用,用户ID/身份ID/认证级别,P089-01-{业务主键},指数退避3次；超限转死信/人工,超时拒绝高风险操作,请求ID、响应码、耗时、摘要、重试和最终结果
P089,生产发布,中心管理端,I02,组织与员工主数据,中心、部门、岗位、员工关系,同步查询+事件订阅,组织ID/员工ID/有效期,P089-02-{业务主键},指数退避3次；超限转死信/人工,缓存降级；变更事件补偿,请求ID、响应码、耗时、摘要、重试和最终结果
P089,生产发布,中心管理端,I03,流程任务中心,实例、任务、状态、待办,内部事务+消息,实例号/任务号/状态,P089-03-{业务主键},指数退避3次；超限转死信/人工,幂等重试；死信队列,请求ID、响应码、耗时、摘要、重试和最终结果
P089,生产发布,中心管理端,I04,消息通知中心,站内信、短信、邮件、企业微信,异步消息,模板变量/接收人/业务链接,P089-04-{业务主键},指数退避3次；超限转死信/人工,重试3次；失败告警,请求ID、响应码、耗时、摘要、重试和最终结果
P089,生产发布,中心管理端,I05,文件与电子证据,附件、哈希、水印、短时下载,对象存储+签名URL,文件ID/哈希/敏感级别,P089-05-{业务主键},指数退避3次；超限转死信/人工,病毒隔离；链接过期,请求ID、响应码、耗时、摘要、重试和最终结果
P089,生产发布,中心管理端,I06,审计日志平台,操作、前后值、接口请求ID,异步不可篡改日志,操作者/身份/时间/设备/IP,P089-06-{业务主键},指数退避3次；超限转死信/人工,关键审计失败阻断,请求ID、响应码、耗时、摘要、重试和最终结果
P089,生产发布,中心管理端,I07,CMDB/研发/CI-CD,配置项、代码、构建、测试、发布、监控,API+Webhook,工作项/构建号/版本/环境,P089-07-{业务主键},指数退避3次；超限转死信/人工,回退流水；发布门禁,请求ID、响应码、耗时、摘要、重试和最终结果
P090,账号执行,中心管理端,I01,统一身份与MFA,认证、任职身份、二次认证,同步调用,用户ID/身份ID/认证级别,P090-01-{业务主键},指数退避3次；超限转死信/人工,超时拒绝高风险操作,请求ID、响应码、耗时、摘要、重试和最终结果
P090,账号执行,中心管理端,I02,组织与员工主数据,中心、部门、岗位、员工关系,同步查询+事件订阅,组织ID/员工ID/有效期,P090-02-{业务主键},指数退避3次；超限转死信/人工,缓存降级；变更事件补偿,请求ID、响应码、耗时、摘要、重试和最终结果
P090,账号执行,中心管理端,I03,流程任务中心,实例、任务、状态、待办,内部事务+消息,实例号/任务号/状态,P090-03-{业务主键},指数退避3次；超限转死信/人工,幂等重试；死信队列,请求ID、响应码、耗时、摘要、重试和最终结果
P090,账号执行,中心管理端,I04,消息通知中心,站内信、短信、邮件、企业微信,异步消息,模板变量/接收人/业务链接,P090-04-{业务主键},指数退避3次；超限转死信/人工,重试3次；失败告警,请求ID、响应码、耗时、摘要、重试和最终结果
P090,账号执行,中心管理端,I05,文件与电子证据,附件、哈希、水印、短时下载,对象存储+签名URL,文件ID/哈希/敏感级别,P090-05-{业务主键},指数退避3次；超限转死信/人工,病毒隔离；链接过期,请求ID、响应码、耗时、摘要、重试和最终结果
P090,账号执行,中心管理端,I06,审计日志平台,操作、前后值、接口请求ID,异步不可篡改日志,操作者/身份/时间/设备/IP,P090-06-{业务主键},指数退避3次；超限转死信/人工,关键审计失败阻断,请求ID、响应码、耗时、摘要、重试和最终结果
P090,账号执行,中心管理端,I07,人力资源与考勤,员工、编制、合同、假勤、排班、绩效,API+事件,员工ID/岗位/时间/分数,P090-07-{业务主键},指数退避3次；超限转死信/人工,对账补偿；差异工单,请求ID、响应码、耗时、摘要、重试和最终结果
P090,账号执行,中心管理端,I08,CMDB/研发/CI-CD,配置项、代码、构建、测试、发布、监控,API+Webhook,工作项/构建号/版本/环境,P090-08-{业务主键},指数退避3次；超限转死信/人工,回退流水；发布门禁,请求ID、响应码、耗时、摘要、重试和最终结果
P091,恢复演练,中心管理端,I01,统一身份与MFA,认证、任职身份、二次认证,同步调用,用户ID/身份ID/认证级别,P091-01-{业务主键},指数退避3次；超限转死信/人工,超时拒绝高风险操作,请求ID、响应码、耗时、摘要、重试和最终结果
P091,恢复演练,中心管理端,I02,组织与员工主数据,中心、部门、岗位、员工关系,同步查询+事件订阅,组织ID/员工ID/有效期,P091-02-{业务主键},指数退避3次；超限转死信/人工,缓存降级；变更事件补偿,请求ID、响应码、耗时、摘要、重试和最终结果
P091,恢复演练,中心管理端,I03,流程任务中心,实例、任务、状态、待办,内部事务+消息,实例号/任务号/状态,P091-03-{业务主键},指数退避3次；超限转死信/人工,幂等重试；死信队列,请求ID、响应码、耗时、摘要、重试和最终结果
P091,恢复演练,中心管理端,I04,消息通知中心,站内信、短信、邮件、企业微信,异步消息,模板变量/接收人/业务链接,P091-04-{业务主键},指数退避3次；超限转死信/人工,重试3次；失败告警,请求ID、响应码、耗时、摘要、重试和最终结果
P091,恢复演练,中心管理端,I05,文件与电子证据,附件、哈希、水印、短时下载,对象存储+签名URL,文件ID/哈希/敏感级别,P091-05-{业务主键},指数退避3次；超限转死信/人工,病毒隔离；链接过期,请求ID、响应码、耗时、摘要、重试和最终结果
P091,恢复演练,中心管理端,I06,审计日志平台,操作、前后值、接口请求ID,异步不可篡改日志,操作者/身份/时间/设备/IP,P091-06-{业务主键},指数退避3次；超限转死信/人工,关键审计失败阻断,请求ID、响应码、耗时、摘要、重试和最终结果
P091,恢复演练,中心管理端,I07,CMDB/研发/CI-CD,配置项、代码、构建、测试、发布、监控,API+Webhook,工作项/构建号/版本/环境,P091-07-{业务主键},指数退避3次；超限转死信/人工,回退流水；发布门禁,请求ID、响应码、耗时、摘要、重试和最终结果
P092,需求开发,中心管理端,I01,统一身份与MFA,认证、任职身份、二次认证,同步调用,用户ID/身份ID/认证级别,P092-01-{业务主键},指数退避3次；超限转死信/人工,超时拒绝高风险操作,请求ID、响应码、耗时、摘要、重试和最终结果
P092,需求开发,中心管理端,I02,组织与员工主数据,中心、部门、岗位、员工关系,同步查询+事件订阅,组织ID/员工ID/有效期,P092-02-{业务主键},指数退避3次；超限转死信/人工,缓存降级；变更事件补偿,请求ID、响应码、耗时、摘要、重试和最终结果
P092,需求开发,中心管理端,I03,流程任务中心,实例、任务、状态、待办,内部事务+消息,实例号/任务号/状态,P092-03-{业务主键},指数退避3次；超限转死信/人工,幂等重试；死信队列,请求ID、响应码、耗时、摘要、重试和最终结果
P092,需求开发,中心管理端,I04,消息通知中心,站内信、短信、邮件、企业微信,异步消息,模板变量/接收人/业务链接,P092-04-{业务主键},指数退避3次；超限转死信/人工,重试3次；失败告警,请求ID、响应码、耗时、摘要、重试和最终结果
P092,需求开发,中心管理端,I05,文件与电子证据,附件、哈希、水印、短时下载,对象存储+签名URL,文件ID/哈希/敏感级别,P092-05-{业务主键},指数退避3次；超限转死信/人工,病毒隔离；链接过期,请求ID、响应码、耗时、摘要、重试和最终结果
P092,需求开发,中心管理端,I06,审计日志平台,操作、前后值、接口请求ID,异步不可篡改日志,操作者/身份/时间/设备/IP,P092-06-{业务主键},指数退避3次；超限转死信/人工,关键审计失败阻断,请求ID、响应码、耗时、摘要、重试和最终结果
P092,需求开发,中心管理端,I07,CMDB/研发/CI-CD,配置项、代码、构建、测试、发布、监控,API+Webhook,工作项/构建号/版本/环境,P092-07-{业务主键},指数退避3次；超限转死信/人工,回退流水；发布门禁,请求ID、响应码、耗时、摘要、重试和最终结果
P093,缺陷修复,中心管理端,I01,统一身份与MFA,认证、任职身份、二次认证,同步调用,用户ID/身份ID/认证级别,P093-01-{业务主键},指数退避3次；超限转死信/人工,超时拒绝高风险操作,请求ID、响应码、耗时、摘要、重试和最终结果
P093,缺陷修复,中心管理端,I02,组织与员工主数据,中心、部门、岗位、员工关系,同步查询+事件订阅,组织ID/员工ID/有效期,P093-02-{业务主键},指数退避3次；超限转死信/人工,缓存降级；变更事件补偿,请求ID、响应码、耗时、摘要、重试和最终结果
P093,缺陷修复,中心管理端,I03,流程任务中心,实例、任务、状态、待办,内部事务+消息,实例号/任务号/状态,P093-03-{业务主键},指数退避3次；超限转死信/人工,幂等重试；死信队列,请求ID、响应码、耗时、摘要、重试和最终结果
P093,缺陷修复,中心管理端,I04,消息通知中心,站内信、短信、邮件、企业微信,异步消息,模板变量/接收人/业务链接,P093-04-{业务主键},指数退避3次；超限转死信/人工,重试3次；失败告警,请求ID、响应码、耗时、摘要、重试和最终结果
P093,缺陷修复,中心管理端,I05,文件与电子证据,附件、哈希、水印、短时下载,对象存储+签名URL,文件ID/哈希/敏感级别,P093-05-{业务主键},指数退避3次；超限转死信/人工,病毒隔离；链接过期,请求ID、响应码、耗时、摘要、重试和最终结果
P093,缺陷修复,中心管理端,I06,审计日志平台,操作、前后值、接口请求ID,异步不可篡改日志,操作者/身份/时间/设备/IP,P093-06-{业务主键},指数退避3次；超限转死信/人工,关键审计失败阻断,请求ID、响应码、耗时、摘要、重试和最终结果
P093,缺陷修复,中心管理端,I07,CMDB/研发/CI-CD,配置项、代码、构建、测试、发布、监控,API+Webhook,工作项/构建号/版本/环境,P093-07-{业务主键},指数退避3次；超限转死信/人工,回退流水；发布门禁,请求ID、响应码、耗时、摘要、重试和最终结果
P094,版本发布,中心管理端,I01,统一身份与MFA,认证、任职身份、二次认证,同步调用,用户ID/身份ID/认证级别,P094-01-{业务主键},指数退避3次；超限转死信/人工,超时拒绝高风险操作,请求ID、响应码、耗时、摘要、重试和最终结果
P094,版本发布,中心管理端,I02,组织与员工主数据,中心、部门、岗位、员工关系,同步查询+事件订阅,组织ID/员工ID/有效期,P094-02-{业务主键},指数退避3次；超限转死信/人工,缓存降级；变更事件补偿,请求ID、响应码、耗时、摘要、重试和最终结果
P094,版本发布,中心管理端,I03,流程任务中心,实例、任务、状态、待办,内部事务+消息,实例号/任务号/状态,P094-03-{业务主键},指数退避3次；超限转死信/人工,幂等重试；死信队列,请求ID、响应码、耗时、摘要、重试和最终结果
P094,版本发布,中心管理端,I04,消息通知中心,站内信、短信、邮件、企业微信,异步消息,模板变量/接收人/业务链接,P094-04-{业务主键},指数退避3次；超限转死信/人工,重试3次；失败告警,请求ID、响应码、耗时、摘要、重试和最终结果
P094,版本发布,中心管理端,I05,文件与电子证据,附件、哈希、水印、短时下载,对象存储+签名URL,文件ID/哈希/敏感级别,P094-05-{业务主键},指数退避3次；超限转死信/人工,病毒隔离；链接过期,请求ID、响应码、耗时、摘要、重试和最终结果
P094,版本发布,中心管理端,I06,审计日志平台,操作、前后值、接口请求ID,异步不可篡改日志,操作者/身份/时间/设备/IP,P094-06-{业务主键},指数退避3次；超限转死信/人工,关键审计失败阻断,请求ID、响应码、耗时、摘要、重试和最终结果
P094,版本发布,中心管理端,I07,CMDB/研发/CI-CD,配置项、代码、构建、测试、发布、监控,API+Webhook,工作项/构建号/版本/环境,P094-07-{业务主键},指数退避3次；超限转死信/人工,回退流水；发布门禁,请求ID、响应码、耗时、摘要、重试和最终结果
P095,宣传物料制作,中心管理端,I01,统一身份与MFA,认证、任职身份、二次认证,同步调用,用户ID/身份ID/认证级别,P095-01-{业务主键},指数退避3次；超限转死信/人工,超时拒绝高风险操作,请求ID、响应码、耗时、摘要、重试和最终结果
P095,宣传物料制作,中心管理端,I02,组织与员工主数据,中心、部门、岗位、员工关系,同步查询+事件订阅,组织ID/员工ID/有效期,P095-02-{业务主键},指数退避3次；超限转死信/人工,缓存降级；变更事件补偿,请求ID、响应码、耗时、摘要、重试和最终结果
P095,宣传物料制作,中心管理端,I03,流程任务中心,实例、任务、状态、待办,内部事务+消息,实例号/任务号/状态,P095-03-{业务主键},指数退避3次；超限转死信/人工,幂等重试；死信队列,请求ID、响应码、耗时、摘要、重试和最终结果
P095,宣传物料制作,中心管理端,I04,消息通知中心,站内信、短信、邮件、企业微信,异步消息,模板变量/接收人/业务链接,P095-04-{业务主键},指数退避3次；超限转死信/人工,重试3次；失败告警,请求ID、响应码、耗时、摘要、重试和最终结果
P095,宣传物料制作,中心管理端,I05,文件与电子证据,附件、哈希、水印、短时下载,对象存储+签名URL,文件ID/哈希/敏感级别,P095-05-{业务主键},指数退避3次；超限转死信/人工,病毒隔离；链接过期,请求ID、响应码、耗时、摘要、重试和最终结果
P095,宣传物料制作,中心管理端,I06,审计日志平台,操作、前后值、接口请求ID,异步不可篡改日志,操作者/身份/时间/设备/IP,P095-06-{业务主键},指数退避3次；超限转死信/人工,关键审计失败阻断,请求ID、响应码、耗时、摘要、重试和最终结果
P095,宣传物料制作,中心管理端,I07,资产仓储系统,物料、批次、序列号、库存与资产状态,API+事件,物料/资产ID/数量/库位,P095-07-{业务主键},指数退避3次；超限转死信/人工,库存锁补偿；负库存阻断,请求ID、响应码、耗时、摘要、重试和最终结果
P095,宣传物料制作,中心管理端,I08,内容资产与渠道平台,素材、版本、版权、发布与数据回流,API+平台回调,内容ID/渠道ID/发布状态/指标,P095-08-{业务主键},指数退避3次；超限转死信/人工,回调验签；平台差异对账,请求ID、响应码、耗时、摘要、重试和最终结果
P096,拍摄任务,中心管理端,I01,统一身份与MFA,认证、任职身份、二次认证,同步调用,用户ID/身份ID/认证级别,P096-01-{业务主键},指数退避3次；超限转死信/人工,超时拒绝高风险操作,请求ID、响应码、耗时、摘要、重试和最终结果
P096,拍摄任务,中心管理端,I02,组织与员工主数据,中心、部门、岗位、员工关系,同步查询+事件订阅,组织ID/员工ID/有效期,P096-02-{业务主键},指数退避3次；超限转死信/人工,缓存降级；变更事件补偿,请求ID、响应码、耗时、摘要、重试和最终结果
P096,拍摄任务,中心管理端,I03,流程任务中心,实例、任务、状态、待办,内部事务+消息,实例号/任务号/状态,P096-03-{业务主键},指数退避3次；超限转死信/人工,幂等重试；死信队列,请求ID、响应码、耗时、摘要、重试和最终结果
P096,拍摄任务,中心管理端,I04,消息通知中心,站内信、短信、邮件、企业微信,异步消息,模板变量/接收人/业务链接,P096-04-{业务主键},指数退避3次；超限转死信/人工,重试3次；失败告警,请求ID、响应码、耗时、摘要、重试和最终结果
P096,拍摄任务,中心管理端,I05,文件与电子证据,附件、哈希、水印、短时下载,对象存储+签名URL,文件ID/哈希/敏感级别,P096-05-{业务主键},指数退避3次；超限转死信/人工,病毒隔离；链接过期,请求ID、响应码、耗时、摘要、重试和最终结果
P096,拍摄任务,中心管理端,I06,审计日志平台,操作、前后值、接口请求ID,异步不可篡改日志,操作者/身份/时间/设备/IP,P096-06-{业务主键},指数退避3次；超限转死信/人工,关键审计失败阻断,请求ID、响应码、耗时、摘要、重试和最终结果
P096,拍摄任务,中心管理端,I07,内容资产与渠道平台,素材、版本、版权、发布与数据回流,API+平台回调,内容ID/渠道ID/发布状态/指标,P096-07-{业务主键},指数退避3次；超限转死信/人工,回调验签；平台差异对账,请求ID、响应码、耗时、摘要、重试和最终结果
P097,返工变更,中心管理端,I01,统一身份与MFA,认证、任职身份、二次认证,同步调用,用户ID/身份ID/认证级别,P097-01-{业务主键},指数退避3次；超限转死信/人工,超时拒绝高风险操作,请求ID、响应码、耗时、摘要、重试和最终结果
P097,返工变更,中心管理端,I02,组织与员工主数据,中心、部门、岗位、员工关系,同步查询+事件订阅,组织ID/员工ID/有效期,P097-02-{业务主键},指数退避3次；超限转死信/人工,缓存降级；变更事件补偿,请求ID、响应码、耗时、摘要、重试和最终结果
P097,返工变更,中心管理端,I03,流程任务中心,实例、任务、状态、待办,内部事务+消息,实例号/任务号/状态,P097-03-{业务主键},指数退避3次；超限转死信/人工,幂等重试；死信队列,请求ID、响应码、耗时、摘要、重试和最终结果
P097,返工变更,中心管理端,I04,消息通知中心,站内信、短信、邮件、企业微信,异步消息,模板变量/接收人/业务链接,P097-04-{业务主键},指数退避3次；超限转死信/人工,重试3次；失败告警,请求ID、响应码、耗时、摘要、重试和最终结果
P097,返工变更,中心管理端,I05,文件与电子证据,附件、哈希、水印、短时下载,对象存储+签名URL,文件ID/哈希/敏感级别,P097-05-{业务主键},指数退避3次；超限转死信/人工,病毒隔离；链接过期,请求ID、响应码、耗时、摘要、重试和最终结果
P097,返工变更,中心管理端,I06,审计日志平台,操作、前后值、接口请求ID,异步不可篡改日志,操作者/身份/时间/设备/IP,P097-06-{业务主键},指数退避3次；超限转死信/人工,关键审计失败阻断,请求ID、响应码、耗时、摘要、重试和最终结果
P098,策划项目,中心管理端,I01,统一身份与MFA,认证、任职身份、二次认证,同步调用,用户ID/身份ID/认证级别,P098-01-{业务主键},指数退避3次；超限转死信/人工,超时拒绝高风险操作,请求ID、响应码、耗时、摘要、重试和最终结果
P098,策划项目,中心管理端,I02,组织与员工主数据,中心、部门、岗位、员工关系,同步查询+事件订阅,组织ID/员工ID/有效期,P098-02-{业务主键},指数退避3次；超限转死信/人工,缓存降级；变更事件补偿,请求ID、响应码、耗时、摘要、重试和最终结果
P098,策划项目,中心管理端,I03,流程任务中心,实例、任务、状态、待办,内部事务+消息,实例号/任务号/状态,P098-03-{业务主键},指数退避3次；超限转死信/人工,幂等重试；死信队列,请求ID、响应码、耗时、摘要、重试和最终结果
P098,策划项目,中心管理端,I04,消息通知中心,站内信、短信、邮件、企业微信,异步消息,模板变量/接收人/业务链接,P098-04-{业务主键},指数退避3次；超限转死信/人工,重试3次；失败告警,请求ID、响应码、耗时、摘要、重试和最终结果
P098,策划项目,中心管理端,I05,文件与电子证据,附件、哈希、水印、短时下载,对象存储+签名URL,文件ID/哈希/敏感级别,P098-05-{业务主键},指数退避3次；超限转死信/人工,病毒隔离；链接过期,请求ID、响应码、耗时、摘要、重试和最终结果
P098,策划项目,中心管理端,I06,审计日志平台,操作、前后值、接口请求ID,异步不可篡改日志,操作者/身份/时间/设备/IP,P098-06-{业务主键},指数退避3次；超限转死信/人工,关键审计失败阻断,请求ID、响应码、耗时、摘要、重试和最终结果
P098,策划项目,中心管理端,I07,财务预算与支付,预算占用、票据、付款、凭证、对账,API+批次,预算项/金额/凭证号,P098-07-{业务主键},指数退避3次；超限转死信/人工,冲销补偿；T+1对账,请求ID、响应码、耗时、摘要、重试和最终结果
P099,方案变更,中心管理端,I01,统一身份与MFA,认证、任职身份、二次认证,同步调用,用户ID/身份ID/认证级别,P099-01-{业务主键},指数退避3次；超限转死信/人工,超时拒绝高风险操作,请求ID、响应码、耗时、摘要、重试和最终结果
P099,方案变更,中心管理端,I02,组织与员工主数据,中心、部门、岗位、员工关系,同步查询+事件订阅,组织ID/员工ID/有效期,P099-02-{业务主键},指数退避3次；超限转死信/人工,缓存降级；变更事件补偿,请求ID、响应码、耗时、摘要、重试和最终结果
P099,方案变更,中心管理端,I03,流程任务中心,实例、任务、状态、待办,内部事务+消息,实例号/任务号/状态,P099-03-{业务主键},指数退避3次；超限转死信/人工,幂等重试；死信队列,请求ID、响应码、耗时、摘要、重试和最终结果
P099,方案变更,中心管理端,I04,消息通知中心,站内信、短信、邮件、企业微信,异步消息,模板变量/接收人/业务链接,P099-04-{业务主键},指数退避3次；超限转死信/人工,重试3次；失败告警,请求ID、响应码、耗时、摘要、重试和最终结果
P099,方案变更,中心管理端,I05,文件与电子证据,附件、哈希、水印、短时下载,对象存储+签名URL,文件ID/哈希/敏感级别,P099-05-{业务主键},指数退避3次；超限转死信/人工,病毒隔离；链接过期,请求ID、响应码、耗时、摘要、重试和最终结果
P099,方案变更,中心管理端,I06,审计日志平台,操作、前后值、接口请求ID,异步不可篡改日志,操作者/身份/时间/设备/IP,P099-06-{业务主键},指数退避3次；超限转死信/人工,关键审计失败阻断,请求ID、响应码、耗时、摘要、重试和最终结果
P099,方案变更,中心管理端,I07,财务预算与支付,预算占用、票据、付款、凭证、对账,API+批次,预算项/金额/凭证号,P099-07-{业务主键},指数退避3次；超限转死信/人工,冲销补偿；T+1对账,请求ID、响应码、耗时、摘要、重试和最终结果
P100,活动策划移交,中心管理端,I01,统一身份与MFA,认证、任职身份、二次认证,同步调用,用户ID/身份ID/认证级别,P100-01-{业务主键},指数退避3次；超限转死信/人工,超时拒绝高风险操作,请求ID、响应码、耗时、摘要、重试和最终结果
P100,活动策划移交,中心管理端,I02,组织与员工主数据,中心、部门、岗位、员工关系,同步查询+事件订阅,组织ID/员工ID/有效期,P100-02-{业务主键},指数退避3次；超限转死信/人工,缓存降级；变更事件补偿,请求ID、响应码、耗时、摘要、重试和最终结果
P100,活动策划移交,中心管理端,I03,流程任务中心,实例、任务、状态、待办,内部事务+消息,实例号/任务号/状态,P100-03-{业务主键},指数退避3次；超限转死信/人工,幂等重试；死信队列,请求ID、响应码、耗时、摘要、重试和最终结果
P100,活动策划移交,中心管理端,I04,消息通知中心,站内信、短信、邮件、企业微信,异步消息,模板变量/接收人/业务链接,P100-04-{业务主键},指数退避3次；超限转死信/人工,重试3次；失败告警,请求ID、响应码、耗时、摘要、重试和最终结果
P100,活动策划移交,中心管理端,I05,文件与电子证据,附件、哈希、水印、短时下载,对象存储+签名URL,文件ID/哈希/敏感级别,P100-05-{业务主键},指数退避3次；超限转死信/人工,病毒隔离；链接过期,请求ID、响应码、耗时、摘要、重试和最终结果
P100,活动策划移交,中心管理端,I06,审计日志平台,操作、前后值、接口请求ID,异步不可篡改日志,操作者/身份/时间/设备/IP,P100-06-{业务主键},指数退避3次；超限转死信/人工,关键审计失败阻断,请求ID、响应码、耗时、摘要、重试和最终结果
P101,产品上架,中心管理端,I01,统一身份与MFA,认证、任职身份、二次认证,同步调用,用户ID/身份ID/认证级别,P101-01-{业务主键},指数退避3次；超限转死信/人工,超时拒绝高风险操作,请求ID、响应码、耗时、摘要、重试和最终结果
P101,产品上架,中心管理端,I02,组织与员工主数据,中心、部门、岗位、员工关系,同步查询+事件订阅,组织ID/员工ID/有效期,P101-02-{业务主键},指数退避3次；超限转死信/人工,缓存降级；变更事件补偿,请求ID、响应码、耗时、摘要、重试和最终结果
P101,产品上架,中心管理端,I03,流程任务中心,实例、任务、状态、待办,内部事务+消息,实例号/任务号/状态,P101-03-{业务主键},指数退避3次；超限转死信/人工,幂等重试；死信队列,请求ID、响应码、耗时、摘要、重试和最终结果
P101,产品上架,中心管理端,I04,消息通知中心,站内信、短信、邮件、企业微信,异步消息,模板变量/接收人/业务链接,P101-04-{业务主键},指数退避3次；超限转死信/人工,重试3次；失败告警,请求ID、响应码、耗时、摘要、重试和最终结果
P101,产品上架,中心管理端,I05,文件与电子证据,附件、哈希、水印、短时下载,对象存储+签名URL,文件ID/哈希/敏感级别,P101-05-{业务主键},指数退避3次；超限转死信/人工,病毒隔离；链接过期,请求ID、响应码、耗时、摘要、重试和最终结果
P101,产品上架,中心管理端,I06,审计日志平台,操作、前后值、接口请求ID,异步不可篡改日志,操作者/身份/时间/设备/IP,P101-06-{业务主键},指数退避3次；超限转死信/人工,关键审计失败阻断,请求ID、响应码、耗时、摘要、重试和最终结果
P101,产品上架,中心管理端,I07,订单票务与支付,订单、支付、出票、核销、退款,API+消息,订单号/票码/金额/状态,P101-07-{业务主键},指数退避3次；超限转死信/人工,幂等回调；差异队列,请求ID、响应码、耗时、摘要、重试和最终结果
P101,产品上架,中心管理端,I08,资产仓储系统,物料、批次、序列号、库存与资产状态,API+事件,物料/资产ID/数量/库位,P101-08-{业务主键},指数退避3次；超限转死信/人工,库存锁补偿；负库存阻断,请求ID、响应码、耗时、摘要、重试和最终结果
P101,产品上架,中心管理端,I09,内容资产与渠道平台,素材、版本、版权、发布与数据回流,API+平台回调,内容ID/渠道ID/发布状态/指标,P101-09-{业务主键},指数退避3次；超限转死信/人工,回调验签；平台差异对账,请求ID、响应码、耗时、摘要、重试和最终结果
P102,OTA订单,中心管理端,I01,统一身份与MFA,认证、任职身份、二次认证,同步调用,用户ID/身份ID/认证级别,P102-01-{业务主键},指数退避3次；超限转死信/人工,超时拒绝高风险操作,请求ID、响应码、耗时、摘要、重试和最终结果
P102,OTA订单,中心管理端,I02,组织与员工主数据,中心、部门、岗位、员工关系,同步查询+事件订阅,组织ID/员工ID/有效期,P102-02-{业务主键},指数退避3次；超限转死信/人工,缓存降级；变更事件补偿,请求ID、响应码、耗时、摘要、重试和最终结果
P102,OTA订单,中心管理端,I03,流程任务中心,实例、任务、状态、待办,内部事务+消息,实例号/任务号/状态,P102-03-{业务主键},指数退避3次；超限转死信/人工,幂等重试；死信队列,请求ID、响应码、耗时、摘要、重试和最终结果
P102,OTA订单,中心管理端,I04,消息通知中心,站内信、短信、邮件、企业微信,异步消息,模板变量/接收人/业务链接,P102-04-{业务主键},指数退避3次；超限转死信/人工,重试3次；失败告警,请求ID、响应码、耗时、摘要、重试和最终结果
P102,OTA订单,中心管理端,I05,文件与电子证据,附件、哈希、水印、短时下载,对象存储+签名URL,文件ID/哈希/敏感级别,P102-05-{业务主键},指数退避3次；超限转死信/人工,病毒隔离；链接过期,请求ID、响应码、耗时、摘要、重试和最终结果
P102,OTA订单,中心管理端,I06,审计日志平台,操作、前后值、接口请求ID,异步不可篡改日志,操作者/身份/时间/设备/IP,P102-06-{业务主键},指数退避3次；超限转死信/人工,关键审计失败阻断,请求ID、响应码、耗时、摘要、重试和最终结果
P102,OTA订单,中心管理端,I07,财务预算与支付,预算占用、票据、付款、凭证、对账,API+批次,预算项/金额/凭证号,P102-07-{业务主键},指数退避3次；超限转死信/人工,冲销补偿；T+1对账,请求ID、响应码、耗时、摘要、重试和最终结果
P102,OTA订单,中心管理端,I08,订单票务与支付,订单、支付、出票、核销、退款,API+消息,订单号/票码/金额/状态,P102-08-{业务主键},指数退避3次；超限转死信/人工,幂等回调；差异队列,请求ID、响应码、耗时、摘要、重试和最终结果
P102,OTA订单,中心管理端,I09,资产仓储系统,物料、批次、序列号、库存与资产状态,API+事件,物料/资产ID/数量/库位,P102-09-{业务主键},指数退避3次；超限转死信/人工,库存锁补偿；负库存阻断,请求ID、响应码、耗时、摘要、重试和最终结果
P102,OTA订单,中心管理端,I10,内容资产与渠道平台,素材、版本、版权、发布与数据回流,API+平台回调,内容ID/渠道ID/发布状态/指标,P102-10-{业务主键},指数退避3次；超限转死信/人工,回调验签；平台差异对账,请求ID、响应码、耗时、摘要、重试和最终结果
P103,退款,中心管理端,I01,统一身份与MFA,认证、任职身份、二次认证,同步调用,用户ID/身份ID/认证级别,P103-01-{业务主键},指数退避3次；超限转死信/人工,超时拒绝高风险操作,请求ID、响应码、耗时、摘要、重试和最终结果
P103,退款,中心管理端,I02,组织与员工主数据,中心、部门、岗位、员工关系,同步查询+事件订阅,组织ID/员工ID/有效期,P103-02-{业务主键},指数退避3次；超限转死信/人工,缓存降级；变更事件补偿,请求ID、响应码、耗时、摘要、重试和最终结果
P103,退款,中心管理端,I03,流程任务中心,实例、任务、状态、待办,内部事务+消息,实例号/任务号/状态,P103-03-{业务主键},指数退避3次；超限转死信/人工,幂等重试；死信队列,请求ID、响应码、耗时、摘要、重试和最终结果
P103,退款,中心管理端,I04,消息通知中心,站内信、短信、邮件、企业微信,异步消息,模板变量/接收人/业务链接,P103-04-{业务主键},指数退避3次；超限转死信/人工,重试3次；失败告警,请求ID、响应码、耗时、摘要、重试和最终结果
P103,退款,中心管理端,I05,文件与电子证据,附件、哈希、水印、短时下载,对象存储+签名URL,文件ID/哈希/敏感级别,P103-05-{业务主键},指数退避3次；超限转死信/人工,病毒隔离；链接过期,请求ID、响应码、耗时、摘要、重试和最终结果
P103,退款,中心管理端,I06,审计日志平台,操作、前后值、接口请求ID,异步不可篡改日志,操作者/身份/时间/设备/IP,P103-06-{业务主键},指数退避3次；超限转死信/人工,关键审计失败阻断,请求ID、响应码、耗时、摘要、重试和最终结果
P103,退款,中心管理端,I07,财务预算与支付,预算占用、票据、付款、凭证、对账,API+批次,预算项/金额/凭证号,P103-07-{业务主键},指数退避3次；超限转死信/人工,冲销补偿；T+1对账,请求ID、响应码、耗时、摘要、重试和最终结果
P103,退款,中心管理端,I08,订单票务与支付,订单、支付、出票、核销、退款,API+消息,订单号/票码/金额/状态,P103-08-{业务主键},指数退避3次；超限转死信/人工,幂等回调；差异队列,请求ID、响应码、耗时、摘要、重试和最终结果
P103,退款,中心管理端,I09,内容资产与渠道平台,素材、版本、版权、发布与数据回流,API+平台回调,内容ID/渠道ID/发布状态/指标,P103-09-{业务主键},指数退避3次；超限转死信/人工,回调验签；平台差异对账,请求ID、响应码、耗时、摘要、重试和最终结果
P104,评价客诉,中心管理端,I01,统一身份与MFA,认证、任职身份、二次认证,同步调用,用户ID/身份ID/认证级别,P104-01-{业务主键},指数退避3次；超限转死信/人工,超时拒绝高风险操作,请求ID、响应码、耗时、摘要、重试和最终结果
P104,评价客诉,中心管理端,I02,组织与员工主数据,中心、部门、岗位、员工关系,同步查询+事件订阅,组织ID/员工ID/有效期,P104-02-{业务主键},指数退避3次；超限转死信/人工,缓存降级；变更事件补偿,请求ID、响应码、耗时、摘要、重试和最终结果
P104,评价客诉,中心管理端,I03,流程任务中心,实例、任务、状态、待办,内部事务+消息,实例号/任务号/状态,P104-03-{业务主键},指数退避3次；超限转死信/人工,幂等重试；死信队列,请求ID、响应码、耗时、摘要、重试和最终结果
P104,评价客诉,中心管理端,I04,消息通知中心,站内信、短信、邮件、企业微信,异步消息,模板变量/接收人/业务链接,P104-04-{业务主键},指数退避3次；超限转死信/人工,重试3次；失败告警,请求ID、响应码、耗时、摘要、重试和最终结果
P104,评价客诉,中心管理端,I05,文件与电子证据,附件、哈希、水印、短时下载,对象存储+签名URL,文件ID/哈希/敏感级别,P104-05-{业务主键},指数退避3次；超限转死信/人工,病毒隔离；链接过期,请求ID、响应码、耗时、摘要、重试和最终结果
P104,评价客诉,中心管理端,I06,审计日志平台,操作、前后值、接口请求ID,异步不可篡改日志,操作者/身份/时间/设备/IP,P104-06-{业务主键},指数退避3次；超限转死信/人工,关键审计失败阻断,请求ID、响应码、耗时、摘要、重试和最终结果
P104,评价客诉,中心管理端,I07,订单票务与支付,订单、支付、出票、核销、退款,API+消息,订单号/票码/金额/状态,P104-07-{业务主键},指数退避3次；超限转死信/人工,幂等回调；差异队列,请求ID、响应码、耗时、摘要、重试和最终结果
P104,评价客诉,中心管理端,I08,内容资产与渠道平台,素材、版本、版权、发布与数据回流,API+平台回调,内容ID/渠道ID/发布状态/指标,P104-08-{业务主键},指数退避3次；超限转死信/人工,回调验签；平台差异对账,请求ID、响应码、耗时、摘要、重试和最终结果
P105,短视频发布,中心管理端,I01,统一身份与MFA,认证、任职身份、二次认证,同步调用,用户ID/身份ID/认证级别,P105-01-{业务主键},指数退避3次；超限转死信/人工,超时拒绝高风险操作,请求ID、响应码、耗时、摘要、重试和最终结果
P105,短视频发布,中心管理端,I02,组织与员工主数据,中心、部门、岗位、员工关系,同步查询+事件订阅,组织ID/员工ID/有效期,P105-02-{业务主键},指数退避3次；超限转死信/人工,缓存降级；变更事件补偿,请求ID、响应码、耗时、摘要、重试和最终结果
P105,短视频发布,中心管理端,I03,流程任务中心,实例、任务、状态、待办,内部事务+消息,实例号/任务号/状态,P105-03-{业务主键},指数退避3次；超限转死信/人工,幂等重试；死信队列,请求ID、响应码、耗时、摘要、重试和最终结果
P105,短视频发布,中心管理端,I04,消息通知中心,站内信、短信、邮件、企业微信,异步消息,模板变量/接收人/业务链接,P105-04-{业务主键},指数退避3次；超限转死信/人工,重试3次；失败告警,请求ID、响应码、耗时、摘要、重试和最终结果
P105,短视频发布,中心管理端,I05,文件与电子证据,附件、哈希、水印、短时下载,对象存储+签名URL,文件ID/哈希/敏感级别,P105-05-{业务主键},指数退避3次；超限转死信/人工,病毒隔离；链接过期,请求ID、响应码、耗时、摘要、重试和最终结果
P105,短视频发布,中心管理端,I06,审计日志平台,操作、前后值、接口请求ID,异步不可篡改日志,操作者/身份/时间/设备/IP,P105-06-{业务主键},指数退避3次；超限转死信/人工,关键审计失败阻断,请求ID、响应码、耗时、摘要、重试和最终结果
P105,短视频发布,中心管理端,I07,内容资产与渠道平台,素材、版本、版权、发布与数据回流,API+平台回调,内容ID/渠道ID/发布状态/指标,P105-07-{业务主键},指数退避3次；超限转死信/人工,回调验签；平台差异对账,请求ID、响应码、耗时、摘要、重试和最终结果
P106,直播执行,中心管理端,I01,统一身份与MFA,认证、任职身份、二次认证,同步调用,用户ID/身份ID/认证级别,P106-01-{业务主键},指数退避3次；超限转死信/人工,超时拒绝高风险操作,请求ID、响应码、耗时、摘要、重试和最终结果
P106,直播执行,中心管理端,I02,组织与员工主数据,中心、部门、岗位、员工关系,同步查询+事件订阅,组织ID/员工ID/有效期,P106-02-{业务主键},指数退避3次；超限转死信/人工,缓存降级；变更事件补偿,请求ID、响应码、耗时、摘要、重试和最终结果
P106,直播执行,中心管理端,I03,流程任务中心,实例、任务、状态、待办,内部事务+消息,实例号/任务号/状态,P106-03-{业务主键},指数退避3次；超限转死信/人工,幂等重试；死信队列,请求ID、响应码、耗时、摘要、重试和最终结果
P106,直播执行,中心管理端,I04,消息通知中心,站内信、短信、邮件、企业微信,异步消息,模板变量/接收人/业务链接,P106-04-{业务主键},指数退避3次；超限转死信/人工,重试3次；失败告警,请求ID、响应码、耗时、摘要、重试和最终结果
P106,直播执行,中心管理端,I05,文件与电子证据,附件、哈希、水印、短时下载,对象存储+签名URL,文件ID/哈希/敏感级别,P106-05-{业务主键},指数退避3次；超限转死信/人工,病毒隔离；链接过期,请求ID、响应码、耗时、摘要、重试和最终结果
P106,直播执行,中心管理端,I06,审计日志平台,操作、前后值、接口请求ID,异步不可篡改日志,操作者/身份/时间/设备/IP,P106-06-{业务主键},指数退避3次；超限转死信/人工,关键审计失败阻断,请求ID、响应码、耗时、摘要、重试和最终结果
P106,直播执行,中心管理端,I07,订单票务与支付,订单、支付、出票、核销、退款,API+消息,订单号/票码/金额/状态,P106-07-{业务主键},指数退避3次；超限转死信/人工,幂等回调；差异队列,请求ID、响应码、耗时、摘要、重试和最终结果
P106,直播执行,中心管理端,I08,CRM与客户主数据,客户、联系人、线索、商机、归属,API+事件,客户ID/商机号/负责人,P106-08-{业务主键},指数退避3次；超限转死信/人工,查重合并；归属冲突工单,请求ID、响应码、耗时、摘要、重试和最终结果
P106,直播执行,中心管理端,I09,内容资产与渠道平台,素材、版本、版权、发布与数据回流,API+平台回调,内容ID/渠道ID/发布状态/指标,P106-09-{业务主键},指数退避3次；超限转死信/人工,回调验签；平台差异对账,请求ID、响应码、耗时、摘要、重试和最终结果
P107,投放,中心管理端,I01,统一身份与MFA,认证、任职身份、二次认证,同步调用,用户ID/身份ID/认证级别,P107-01-{业务主键},指数退避3次；超限转死信/人工,超时拒绝高风险操作,请求ID、响应码、耗时、摘要、重试和最终结果
P107,投放,中心管理端,I02,组织与员工主数据,中心、部门、岗位、员工关系,同步查询+事件订阅,组织ID/员工ID/有效期,P107-02-{业务主键},指数退避3次；超限转死信/人工,缓存降级；变更事件补偿,请求ID、响应码、耗时、摘要、重试和最终结果
P107,投放,中心管理端,I03,流程任务中心,实例、任务、状态、待办,内部事务+消息,实例号/任务号/状态,P107-03-{业务主键},指数退避3次；超限转死信/人工,幂等重试；死信队列,请求ID、响应码、耗时、摘要、重试和最终结果
P107,投放,中心管理端,I04,消息通知中心,站内信、短信、邮件、企业微信,异步消息,模板变量/接收人/业务链接,P107-04-{业务主键},指数退避3次；超限转死信/人工,重试3次；失败告警,请求ID、响应码、耗时、摘要、重试和最终结果
P107,投放,中心管理端,I05,文件与电子证据,附件、哈希、水印、短时下载,对象存储+签名URL,文件ID/哈希/敏感级别,P107-05-{业务主键},指数退避3次；超限转死信/人工,病毒隔离；链接过期,请求ID、响应码、耗时、摘要、重试和最终结果
P107,投放,中心管理端,I06,审计日志平台,操作、前后值、接口请求ID,异步不可篡改日志,操作者/身份/时间/设备/IP,P107-06-{业务主键},指数退避3次；超限转死信/人工,关键审计失败阻断,请求ID、响应码、耗时、摘要、重试和最终结果
P107,投放,中心管理端,I07,财务预算与支付,预算占用、票据、付款、凭证、对账,API+批次,预算项/金额/凭证号,P107-07-{业务主键},指数退避3次；超限转死信/人工,冲销补偿；T+1对账,请求ID、响应码、耗时、摘要、重试和最终结果
P107,投放,中心管理端,I08,内容资产与渠道平台,素材、版本、版权、发布与数据回流,API+平台回调,内容ID/渠道ID/发布状态/指标,P107-08-{业务主键},指数退避3次；超限转死信/人工,回调验签；平台差异对账,请求ID、响应码、耗时、摘要、重试和最终结果
P108,舆情,中心管理端,I01,统一身份与MFA,认证、任职身份、二次认证,同步调用,用户ID/身份ID/认证级别,P108-01-{业务主键},指数退避3次；超限转死信/人工,超时拒绝高风险操作,请求ID、响应码、耗时、摘要、重试和最终结果
P108,舆情,中心管理端,I02,组织与员工主数据,中心、部门、岗位、员工关系,同步查询+事件订阅,组织ID/员工ID/有效期,P108-02-{业务主键},指数退避3次；超限转死信/人工,缓存降级；变更事件补偿,请求ID、响应码、耗时、摘要、重试和最终结果
P108,舆情,中心管理端,I03,流程任务中心,实例、任务、状态、待办,内部事务+消息,实例号/任务号/状态,P108-03-{业务主键},指数退避3次；超限转死信/人工,幂等重试；死信队列,请求ID、响应码、耗时、摘要、重试和最终结果
P108,舆情,中心管理端,I04,消息通知中心,站内信、短信、邮件、企业微信,异步消息,模板变量/接收人/业务链接,P108-04-{业务主键},指数退避3次；超限转死信/人工,重试3次；失败告警,请求ID、响应码、耗时、摘要、重试和最终结果
P108,舆情,中心管理端,I05,文件与电子证据,附件、哈希、水印、短时下载,对象存储+签名URL,文件ID/哈希/敏感级别,P108-05-{业务主键},指数退避3次；超限转死信/人工,病毒隔离；链接过期,请求ID、响应码、耗时、摘要、重试和最终结果
P108,舆情,中心管理端,I06,审计日志平台,操作、前后值、接口请求ID,异步不可篡改日志,操作者/身份/时间/设备/IP,P108-06-{业务主键},指数退避3次；超限转死信/人工,关键审计失败阻断,请求ID、响应码、耗时、摘要、重试和最终结果
P108,舆情,中心管理端,I07,内容资产与渠道平台,素材、版本、版权、发布与数据回流,API+平台回调,内容ID/渠道ID/发布状态/指标,P108-07-{业务主键},指数退避3次；超限转死信/人工,回调验签；平台差异对账,请求ID、响应码、耗时、摘要、重试和最终结果
P109,品牌授权,中心管理端,I01,统一身份与MFA,认证、任职身份、二次认证,同步调用,用户ID/身份ID/认证级别,P109-01-{业务主键},指数退避3次；超限转死信/人工,超时拒绝高风险操作,请求ID、响应码、耗时、摘要、重试和最终结果
P109,品牌授权,中心管理端,I02,组织与员工主数据,中心、部门、岗位、员工关系,同步查询+事件订阅,组织ID/员工ID/有效期,P109-02-{业务主键},指数退避3次；超限转死信/人工,缓存降级；变更事件补偿,请求ID、响应码、耗时、摘要、重试和最终结果
P109,品牌授权,中心管理端,I03,流程任务中心,实例、任务、状态、待办,内部事务+消息,实例号/任务号/状态,P109-03-{业务主键},指数退避3次；超限转死信/人工,幂等重试；死信队列,请求ID、响应码、耗时、摘要、重试和最终结果
P109,品牌授权,中心管理端,I04,消息通知中心,站内信、短信、邮件、企业微信,异步消息,模板变量/接收人/业务链接,P109-04-{业务主键},指数退避3次；超限转死信/人工,重试3次；失败告警,请求ID、响应码、耗时、摘要、重试和最终结果
P109,品牌授权,中心管理端,I05,文件与电子证据,附件、哈希、水印、短时下载,对象存储+签名URL,文件ID/哈希/敏感级别,P109-05-{业务主键},指数退避3次；超限转死信/人工,病毒隔离；链接过期,请求ID、响应码、耗时、摘要、重试和最终结果
P109,品牌授权,中心管理端,I06,审计日志平台,操作、前后值、接口请求ID,异步不可篡改日志,操作者/身份/时间/设备/IP,P109-06-{业务主键},指数退避3次；超限转死信/人工,关键审计失败阻断,请求ID、响应码、耗时、摘要、重试和最终结果
P109,品牌授权,中心管理端,I07,内容资产与渠道平台,素材、版本、版权、发布与数据回流,API+平台回调,内容ID/渠道ID/发布状态/指标,P109-07-{业务主键},指数退避3次；超限转死信/人工,回调验签；平台差异对账,请求ID、响应码、耗时、摘要、重试和最终结果
P110,物料审核,中心管理端,I01,统一身份与MFA,认证、任职身份、二次认证,同步调用,用户ID/身份ID/认证级别,P110-01-{业务主键},指数退避3次；超限转死信/人工,超时拒绝高风险操作,请求ID、响应码、耗时、摘要、重试和最终结果
P110,物料审核,中心管理端,I02,组织与员工主数据,中心、部门、岗位、员工关系,同步查询+事件订阅,组织ID/员工ID/有效期,P110-02-{业务主键},指数退避3次；超限转死信/人工,缓存降级；变更事件补偿,请求ID、响应码、耗时、摘要、重试和最终结果
P110,物料审核,中心管理端,I03,流程任务中心,实例、任务、状态、待办,内部事务+消息,实例号/任务号/状态,P110-03-{业务主键},指数退避3次；超限转死信/人工,幂等重试；死信队列,请求ID、响应码、耗时、摘要、重试和最终结果
P110,物料审核,中心管理端,I04,消息通知中心,站内信、短信、邮件、企业微信,异步消息,模板变量/接收人/业务链接,P110-04-{业务主键},指数退避3次；超限转死信/人工,重试3次；失败告警,请求ID、响应码、耗时、摘要、重试和最终结果
P110,物料审核,中心管理端,I05,文件与电子证据,附件、哈希、水印、短时下载,对象存储+签名URL,文件ID/哈希/敏感级别,P110-05-{业务主键},指数退避3次；超限转死信/人工,病毒隔离；链接过期,请求ID、响应码、耗时、摘要、重试和最终结果
P110,物料审核,中心管理端,I06,审计日志平台,操作、前后值、接口请求ID,异步不可篡改日志,操作者/身份/时间/设备/IP,P110-06-{业务主键},指数退避3次；超限转死信/人工,关键审计失败阻断,请求ID、响应码、耗时、摘要、重试和最终结果
P110,物料审核,中心管理端,I07,内容资产与渠道平台,素材、版本、版权、发布与数据回流,API+平台回调,内容ID/渠道ID/发布状态/指标,P110-07-{业务主键},指数退避3次；超限转死信/人工,回调验签；平台差异对账,请求ID、响应码、耗时、摘要、重试和最终结果
P111,侵权处理,中心管理端,I01,统一身份与MFA,认证、任职身份、二次认证,同步调用,用户ID/身份ID/认证级别,P111-01-{业务主键},指数退避3次；超限转死信/人工,超时拒绝高风险操作,请求ID、响应码、耗时、摘要、重试和最终结果
P111,侵权处理,中心管理端,I02,组织与员工主数据,中心、部门、岗位、员工关系,同步查询+事件订阅,组织ID/员工ID/有效期,P111-02-{业务主键},指数退避3次；超限转死信/人工,缓存降级；变更事件补偿,请求ID、响应码、耗时、摘要、重试和最终结果
P111,侵权处理,中心管理端,I03,流程任务中心,实例、任务、状态、待办,内部事务+消息,实例号/任务号/状态,P111-03-{业务主键},指数退避3次；超限转死信/人工,幂等重试；死信队列,请求ID、响应码、耗时、摘要、重试和最终结果
P111,侵权处理,中心管理端,I04,消息通知中心,站内信、短信、邮件、企业微信,异步消息,模板变量/接收人/业务链接,P111-04-{业务主键},指数退避3次；超限转死信/人工,重试3次；失败告警,请求ID、响应码、耗时、摘要、重试和最终结果
P111,侵权处理,中心管理端,I05,文件与电子证据,附件、哈希、水印、短时下载,对象存储+签名URL,文件ID/哈希/敏感级别,P111-05-{业务主键},指数退避3次；超限转死信/人工,病毒隔离；链接过期,请求ID、响应码、耗时、摘要、重试和最终结果
P111,侵权处理,中心管理端,I06,审计日志平台,操作、前后值、接口请求ID,异步不可篡改日志,操作者/身份/时间/设备/IP,P111-06-{业务主键},指数退避3次；超限转死信/人工,关键审计失败阻断,请求ID、响应码、耗时、摘要、重试和最终结果
P111,侵权处理,中心管理端,I07,CRM与客户主数据,客户、联系人、线索、商机、归属,API+事件,客户ID/商机号/负责人,P111-07-{业务主键},指数退避3次；超限转死信/人工,查重合并；归属冲突工单,请求ID、响应码、耗时、摘要、重试和最终结果
P111,侵权处理,中心管理端,I08,内容资产与渠道平台,素材、版本、版权、发布与数据回流,API+平台回调,内容ID/渠道ID/发布状态/指标,P111-08-{业务主键},指数退避3次；超限转死信/人工,回调验签；平台差异对账,请求ID、响应码、耗时、摘要、重试和最终结果
P112,标准接待,中心管理端,I01,统一身份与MFA,认证、任职身份、二次认证,同步调用,用户ID/身份ID/认证级别,P112-01-{业务主键},指数退避3次；超限转死信/人工,超时拒绝高风险操作,请求ID、响应码、耗时、摘要、重试和最终结果
P112,标准接待,中心管理端,I02,组织与员工主数据,中心、部门、岗位、员工关系,同步查询+事件订阅,组织ID/员工ID/有效期,P112-02-{业务主键},指数退避3次；超限转死信/人工,缓存降级；变更事件补偿,请求ID、响应码、耗时、摘要、重试和最终结果
P112,标准接待,中心管理端,I03,流程任务中心,实例、任务、状态、待办,内部事务+消息,实例号/任务号/状态,P112-03-{业务主键},指数退避3次；超限转死信/人工,幂等重试；死信队列,请求ID、响应码、耗时、摘要、重试和最终结果
P112,标准接待,中心管理端,I04,消息通知中心,站内信、短信、邮件、企业微信,异步消息,模板变量/接收人/业务链接,P112-04-{业务主键},指数退避3次；超限转死信/人工,重试3次；失败告警,请求ID、响应码、耗时、摘要、重试和最终结果
P112,标准接待,中心管理端,I05,文件与电子证据,附件、哈希、水印、短时下载,对象存储+签名URL,文件ID/哈希/敏感级别,P112-05-{业务主键},指数退避3次；超限转死信/人工,病毒隔离；链接过期,请求ID、响应码、耗时、摘要、重试和最终结果
P112,标准接待,中心管理端,I06,审计日志平台,操作、前后值、接口请求ID,异步不可篡改日志,操作者/身份/时间/设备/IP,P112-06-{业务主键},指数退避3次；超限转死信/人工,关键审计失败阻断,请求ID、响应码、耗时、摘要、重试和最终结果
P112,标准接待,中心管理端,I07,财务预算与支付,预算占用、票据、付款、凭证、对账,API+批次,预算项/金额/凭证号,P112-07-{业务主键},指数退避3次；超限转死信/人工,冲销补偿；T+1对账,请求ID、响应码、耗时、摘要、重试和最终结果
P112,标准接待,中心管理端,I08,CRM与客户主数据,客户、联系人、线索、商机、归属,API+事件,客户ID/商机号/负责人,P112-08-{业务主键},指数退避3次；超限转死信/人工,查重合并；归属冲突工单,请求ID、响应码、耗时、摘要、重试和最终结果
P113,临时变更,中心管理端,I01,统一身份与MFA,认证、任职身份、二次认证,同步调用,用户ID/身份ID/认证级别,P113-01-{业务主键},指数退避3次；超限转死信/人工,超时拒绝高风险操作,请求ID、响应码、耗时、摘要、重试和最终结果
P113,临时变更,中心管理端,I02,组织与员工主数据,中心、部门、岗位、员工关系,同步查询+事件订阅,组织ID/员工ID/有效期,P113-02-{业务主键},指数退避3次；超限转死信/人工,缓存降级；变更事件补偿,请求ID、响应码、耗时、摘要、重试和最终结果
P113,临时变更,中心管理端,I03,流程任务中心,实例、任务、状态、待办,内部事务+消息,实例号/任务号/状态,P113-03-{业务主键},指数退避3次；超限转死信/人工,幂等重试；死信队列,请求ID、响应码、耗时、摘要、重试和最终结果
P113,临时变更,中心管理端,I04,消息通知中心,站内信、短信、邮件、企业微信,异步消息,模板变量/接收人/业务链接,P113-04-{业务主键},指数退避3次；超限转死信/人工,重试3次；失败告警,请求ID、响应码、耗时、摘要、重试和最终结果
P113,临时变更,中心管理端,I05,文件与电子证据,附件、哈希、水印、短时下载,对象存储+签名URL,文件ID/哈希/敏感级别,P113-05-{业务主键},指数退避3次；超限转死信/人工,病毒隔离；链接过期,请求ID、响应码、耗时、摘要、重试和最终结果
P113,临时变更,中心管理端,I06,审计日志平台,操作、前后值、接口请求ID,异步不可篡改日志,操作者/身份/时间/设备/IP,P113-06-{业务主键},指数退避3次；超限转死信/人工,关键审计失败阻断,请求ID、响应码、耗时、摘要、重试和最终结果
P113,临时变更,中心管理端,I07,CRM与客户主数据,客户、联系人、线索、商机、归属,API+事件,客户ID/商机号/负责人,P113-07-{业务主键},指数退避3次；超限转死信/人工,查重合并；归属冲突工单,请求ID、响应码、耗时、摘要、重试和最终结果
P114,导游执行,中心管理端,I01,统一身份与MFA,认证、任职身份、二次认证,同步调用,用户ID/身份ID/认证级别,P114-01-{业务主键},指数退避3次；超限转死信/人工,超时拒绝高风险操作,请求ID、响应码、耗时、摘要、重试和最终结果
P114,导游执行,中心管理端,I02,组织与员工主数据,中心、部门、岗位、员工关系,同步查询+事件订阅,组织ID/员工ID/有效期,P114-02-{业务主键},指数退避3次；超限转死信/人工,缓存降级；变更事件补偿,请求ID、响应码、耗时、摘要、重试和最终结果
P114,导游执行,中心管理端,I03,流程任务中心,实例、任务、状态、待办,内部事务+消息,实例号/任务号/状态,P114-03-{业务主键},指数退避3次；超限转死信/人工,幂等重试；死信队列,请求ID、响应码、耗时、摘要、重试和最终结果
P114,导游执行,中心管理端,I04,消息通知中心,站内信、短信、邮件、企业微信,异步消息,模板变量/接收人/业务链接,P114-04-{业务主键},指数退避3次；超限转死信/人工,重试3次；失败告警,请求ID、响应码、耗时、摘要、重试和最终结果
P114,导游执行,中心管理端,I05,文件与电子证据,附件、哈希、水印、短时下载,对象存储+签名URL,文件ID/哈希/敏感级别,P114-05-{业务主键},指数退避3次；超限转死信/人工,病毒隔离；链接过期,请求ID、响应码、耗时、摘要、重试和最终结果
P114,导游执行,中心管理端,I06,审计日志平台,操作、前后值、接口请求ID,异步不可篡改日志,操作者/身份/时间/设备/IP,P114-06-{业务主键},指数退避3次；超限转死信/人工,关键审计失败阻断,请求ID、响应码、耗时、摘要、重试和最终结果
P114,导游执行,中心管理端,I07,订单票务与支付,订单、支付、出票、核销、退款,API+消息,订单号/票码/金额/状态,P114-07-{业务主键},指数退避3次；超限转死信/人工,幂等回调；差异队列,请求ID、响应码、耗时、摘要、重试和最终结果
P114,导游执行,中心管理端,I08,CRM与客户主数据,客户、联系人、线索、商机、归属,API+事件,客户ID/商机号/负责人,P114-08-{业务主键},指数退避3次；超限转死信/人工,查重合并；归属冲突工单,请求ID、响应码、耗时、摘要、重试和最终结果
P115,接待客诉,中心管理端,I01,统一身份与MFA,认证、任职身份、二次认证,同步调用,用户ID/身份ID/认证级别,P115-01-{业务主键},指数退避3次；超限转死信/人工,超时拒绝高风险操作,请求ID、响应码、耗时、摘要、重试和最终结果
P115,接待客诉,中心管理端,I02,组织与员工主数据,中心、部门、岗位、员工关系,同步查询+事件订阅,组织ID/员工ID/有效期,P115-02-{业务主键},指数退避3次；超限转死信/人工,缓存降级；变更事件补偿,请求ID、响应码、耗时、摘要、重试和最终结果
P115,接待客诉,中心管理端,I03,流程任务中心,实例、任务、状态、待办,内部事务+消息,实例号/任务号/状态,P115-03-{业务主键},指数退避3次；超限转死信/人工,幂等重试；死信队列,请求ID、响应码、耗时、摘要、重试和最终结果
P115,接待客诉,中心管理端,I04,消息通知中心,站内信、短信、邮件、企业微信,异步消息,模板变量/接收人/业务链接,P115-04-{业务主键},指数退避3次；超限转死信/人工,重试3次；失败告警,请求ID、响应码、耗时、摘要、重试和最终结果
P115,接待客诉,中心管理端,I05,文件与电子证据,附件、哈希、水印、短时下载,对象存储+签名URL,文件ID/哈希/敏感级别,P115-05-{业务主键},指数退避3次；超限转死信/人工,病毒隔离；链接过期,请求ID、响应码、耗时、摘要、重试和最终结果
P115,接待客诉,中心管理端,I06,审计日志平台,操作、前后值、接口请求ID,异步不可篡改日志,操作者/身份/时间/设备/IP,P115-06-{业务主键},指数退避3次；超限转死信/人工,关键审计失败阻断,请求ID、响应码、耗时、摘要、重试和最终结果
P115,接待客诉,中心管理端,I07,CRM与客户主数据,客户、联系人、线索、商机、归属,API+事件,客户ID/商机号/负责人,P115-07-{业务主键},指数退避3次；超限转死信/人工,查重合并；归属冲突工单,请求ID、响应码、耗时、摘要、重试和最终结果
P116,线索转商机,中心管理端,I01,统一身份与MFA,认证、任职身份、二次认证,同步调用,用户ID/身份ID/认证级别,P116-01-{业务主键},指数退避3次；超限转死信/人工,超时拒绝高风险操作,请求ID、响应码、耗时、摘要、重试和最终结果
P116,线索转商机,中心管理端,I02,组织与员工主数据,中心、部门、岗位、员工关系,同步查询+事件订阅,组织ID/员工ID/有效期,P116-02-{业务主键},指数退避3次；超限转死信/人工,缓存降级；变更事件补偿,请求ID、响应码、耗时、摘要、重试和最终结果
P116,线索转商机,中心管理端,I03,流程任务中心,实例、任务、状态、待办,内部事务+消息,实例号/任务号/状态,P116-03-{业务主键},指数退避3次；超限转死信/人工,幂等重试；死信队列,请求ID、响应码、耗时、摘要、重试和最终结果
P116,线索转商机,中心管理端,I04,消息通知中心,站内信、短信、邮件、企业微信,异步消息,模板变量/接收人/业务链接,P116-04-{业务主键},指数退避3次；超限转死信/人工,重试3次；失败告警,请求ID、响应码、耗时、摘要、重试和最终结果
P116,线索转商机,中心管理端,I05,文件与电子证据,附件、哈希、水印、短时下载,对象存储+签名URL,文件ID/哈希/敏感级别,P116-05-{业务主键},指数退避3次；超限转死信/人工,病毒隔离；链接过期,请求ID、响应码、耗时、摘要、重试和最终结果
P116,线索转商机,中心管理端,I06,审计日志平台,操作、前后值、接口请求ID,异步不可篡改日志,操作者/身份/时间/设备/IP,P116-06-{业务主键},指数退避3次；超限转死信/人工,关键审计失败阻断,请求ID、响应码、耗时、摘要、重试和最终结果
P116,线索转商机,中心管理端,I07,CRM与客户主数据,客户、联系人、线索、商机、归属,API+事件,客户ID/商机号/负责人,P116-07-{业务主键},指数退避3次；超限转死信/人工,查重合并；归属冲突工单,请求ID、响应码、耗时、摘要、重试和最终结果
P117,销售成交,中心管理端,I01,统一身份与MFA,认证、任职身份、二次认证,同步调用,用户ID/身份ID/认证级别,P117-01-{业务主键},指数退避3次；超限转死信/人工,超时拒绝高风险操作,请求ID、响应码、耗时、摘要、重试和最终结果
P117,销售成交,中心管理端,I02,组织与员工主数据,中心、部门、岗位、员工关系,同步查询+事件订阅,组织ID/员工ID/有效期,P117-02-{业务主键},指数退避3次；超限转死信/人工,缓存降级；变更事件补偿,请求ID、响应码、耗时、摘要、重试和最终结果
P117,销售成交,中心管理端,I03,流程任务中心,实例、任务、状态、待办,内部事务+消息,实例号/任务号/状态,P117-03-{业务主键},指数退避3次；超限转死信/人工,幂等重试；死信队列,请求ID、响应码、耗时、摘要、重试和最终结果
P117,销售成交,中心管理端,I04,消息通知中心,站内信、短信、邮件、企业微信,异步消息,模板变量/接收人/业务链接,P117-04-{业务主键},指数退避3次；超限转死信/人工,重试3次；失败告警,请求ID、响应码、耗时、摘要、重试和最终结果
P117,销售成交,中心管理端,I05,文件与电子证据,附件、哈希、水印、短时下载,对象存储+签名URL,文件ID/哈希/敏感级别,P117-05-{业务主键},指数退避3次；超限转死信/人工,病毒隔离；链接过期,请求ID、响应码、耗时、摘要、重试和最终结果
P117,销售成交,中心管理端,I06,审计日志平台,操作、前后值、接口请求ID,异步不可篡改日志,操作者/身份/时间/设备/IP,P117-06-{业务主键},指数退避3次；超限转死信/人工,关键审计失败阻断,请求ID、响应码、耗时、摘要、重试和最终结果
P117,销售成交,中心管理端,I07,财务预算与支付,预算占用、票据、付款、凭证、对账,API+批次,预算项/金额/凭证号,P117-07-{业务主键},指数退避3次；超限转死信/人工,冲销补偿；T+1对账,请求ID、响应码、耗时、摘要、重试和最终结果
P117,销售成交,中心管理端,I08,订单票务与支付,订单、支付、出票、核销、退款,API+消息,订单号/票码/金额/状态,P117-08-{业务主键},指数退避3次；超限转死信/人工,幂等回调；差异队列,请求ID、响应码、耗时、摘要、重试和最终结果
P117,销售成交,中心管理端,I09,CRM与客户主数据,客户、联系人、线索、商机、归属,API+事件,客户ID/商机号/负责人,P117-09-{业务主键},指数退避3次；超限转死信/人工,查重合并；归属冲突工单,请求ID、响应码、耗时、摘要、重试和最终结果
P118,二次销售,中心管理端,I01,统一身份与MFA,认证、任职身份、二次认证,同步调用,用户ID/身份ID/认证级别,P118-01-{业务主键},指数退避3次；超限转死信/人工,超时拒绝高风险操作,请求ID、响应码、耗时、摘要、重试和最终结果
P118,二次销售,中心管理端,I02,组织与员工主数据,中心、部门、岗位、员工关系,同步查询+事件订阅,组织ID/员工ID/有效期,P118-02-{业务主键},指数退避3次；超限转死信/人工,缓存降级；变更事件补偿,请求ID、响应码、耗时、摘要、重试和最终结果
P118,二次销售,中心管理端,I03,流程任务中心,实例、任务、状态、待办,内部事务+消息,实例号/任务号/状态,P118-03-{业务主键},指数退避3次；超限转死信/人工,幂等重试；死信队列,请求ID、响应码、耗时、摘要、重试和最终结果
P118,二次销售,中心管理端,I04,消息通知中心,站内信、短信、邮件、企业微信,异步消息,模板变量/接收人/业务链接,P118-04-{业务主键},指数退避3次；超限转死信/人工,重试3次；失败告警,请求ID、响应码、耗时、摘要、重试和最终结果
P118,二次销售,中心管理端,I05,文件与电子证据,附件、哈希、水印、短时下载,对象存储+签名URL,文件ID/哈希/敏感级别,P118-05-{业务主键},指数退避3次；超限转死信/人工,病毒隔离；链接过期,请求ID、响应码、耗时、摘要、重试和最终结果
P118,二次销售,中心管理端,I06,审计日志平台,操作、前后值、接口请求ID,异步不可篡改日志,操作者/身份/时间/设备/IP,P118-06-{业务主键},指数退避3次；超限转死信/人工,关键审计失败阻断,请求ID、响应码、耗时、摘要、重试和最终结果
P118,二次销售,中心管理端,I07,人力资源与考勤,员工、编制、合同、假勤、排班、绩效,API+事件,员工ID/岗位/时间/分数,P118-07-{业务主键},指数退避3次；超限转死信/人工,对账补偿；差异工单,请求ID、响应码、耗时、摘要、重试和最终结果
P118,二次销售,中心管理端,I08,财务预算与支付,预算占用、票据、付款、凭证、对账,API+批次,预算项/金额/凭证号,P118-08-{业务主键},指数退避3次；超限转死信/人工,冲销补偿；T+1对账,请求ID、响应码、耗时、摘要、重试和最终结果
P118,二次销售,中心管理端,I09,订单票务与支付,订单、支付、出票、核销、退款,API+消息,订单号/票码/金额/状态,P118-09-{业务主键},指数退避3次；超限转死信/人工,幂等回调；差异队列,请求ID、响应码、耗时、摘要、重试和最终结果
P118,二次销售,中心管理端,I10,CRM与客户主数据,客户、联系人、线索、商机、归属,API+事件,客户ID/商机号/负责人,P118-10-{业务主键},指数退避3次；超限转死信/人工,查重合并；归属冲突工单,请求ID、响应码、耗时、摘要、重试和最终结果
P119,客户移交,中心管理端,I01,统一身份与MFA,认证、任职身份、二次认证,同步调用,用户ID/身份ID/认证级别,P119-01-{业务主键},指数退避3次；超限转死信/人工,超时拒绝高风险操作,请求ID、响应码、耗时、摘要、重试和最终结果
P119,客户移交,中心管理端,I02,组织与员工主数据,中心、部门、岗位、员工关系,同步查询+事件订阅,组织ID/员工ID/有效期,P119-02-{业务主键},指数退避3次；超限转死信/人工,缓存降级；变更事件补偿,请求ID、响应码、耗时、摘要、重试和最终结果
P119,客户移交,中心管理端,I03,流程任务中心,实例、任务、状态、待办,内部事务+消息,实例号/任务号/状态,P119-03-{业务主键},指数退避3次；超限转死信/人工,幂等重试；死信队列,请求ID、响应码、耗时、摘要、重试和最终结果
P119,客户移交,中心管理端,I04,消息通知中心,站内信、短信、邮件、企业微信,异步消息,模板变量/接收人/业务链接,P119-04-{业务主键},指数退避3次；超限转死信/人工,重试3次；失败告警,请求ID、响应码、耗时、摘要、重试和最终结果
P119,客户移交,中心管理端,I05,文件与电子证据,附件、哈希、水印、短时下载,对象存储+签名URL,文件ID/哈希/敏感级别,P119-05-{业务主键},指数退避3次；超限转死信/人工,病毒隔离；链接过期,请求ID、响应码、耗时、摘要、重试和最终结果
P119,客户移交,中心管理端,I06,审计日志平台,操作、前后值、接口请求ID,异步不可篡改日志,操作者/身份/时间/设备/IP,P119-06-{业务主键},指数退避3次；超限转死信/人工,关键审计失败阻断,请求ID、响应码、耗时、摘要、重试和最终结果
P119,客户移交,中心管理端,I07,人力资源与考勤,员工、编制、合同、假勤、排班、绩效,API+事件,员工ID/岗位/时间/分数,P119-07-{业务主键},指数退避3次；超限转死信/人工,对账补偿；差异工单,请求ID、响应码、耗时、摘要、重试和最终结果
P119,客户移交,中心管理端,I08,CRM与客户主数据,客户、联系人、线索、商机、归属,API+事件,客户ID/商机号/负责人,P119-08-{业务主键},指数退避3次；超限转死信/人工,查重合并；归属冲突工单,请求ID、响应码、耗时、摘要、重试和最终结果
P120,全员生命周期闭环,中心管理端,I01,统一身份与MFA,认证、任职身份、二次认证,同步调用,用户ID/身份ID/认证级别,P120-01-{业务主键},指数退避3次；超限转死信/人工,超时拒绝高风险操作,请求ID、响应码、耗时、摘要、重试和最终结果
P120,全员生命周期闭环,中心管理端,I02,组织与员工主数据,中心、部门、岗位、员工关系,同步查询+事件订阅,组织ID/员工ID/有效期,P120-02-{业务主键},指数退避3次；超限转死信/人工,缓存降级；变更事件补偿,请求ID、响应码、耗时、摘要、重试和最终结果
P120,全员生命周期闭环,中心管理端,I03,流程任务中心,实例、任务、状态、待办,内部事务+消息,实例号/任务号/状态,P120-03-{业务主键},指数退避3次；超限转死信/人工,幂等重试；死信队列,请求ID、响应码、耗时、摘要、重试和最终结果
P120,全员生命周期闭环,中心管理端,I04,消息通知中心,站内信、短信、邮件、企业微信,异步消息,模板变量/接收人/业务链接,P120-04-{业务主键},指数退避3次；超限转死信/人工,重试3次；失败告警,请求ID、响应码、耗时、摘要、重试和最终结果
P120,全员生命周期闭环,中心管理端,I05,文件与电子证据,附件、哈希、水印、短时下载,对象存储+签名URL,文件ID/哈希/敏感级别,P120-05-{业务主键},指数退避3次；超限转死信/人工,病毒隔离；链接过期,请求ID、响应码、耗时、摘要、重试和最终结果
P120,全员生命周期闭环,中心管理端,I06,审计日志平台,操作、前后值、接口请求ID,异步不可篡改日志,操作者/身份/时间/设备/IP,P120-06-{业务主键},指数退避3次；超限转死信/人工,关键审计失败阻断,请求ID、响应码、耗时、摘要、重试和最终结果
P120,全员生命周期闭环,中心管理端,I07,人力资源与考勤,员工、编制、合同、假勤、排班、绩效,API+事件,员工ID/岗位/时间/分数,P120-07-{业务主键},指数退避3次；超限转死信/人工,对账补偿；差异工单,请求ID、响应码、耗时、摘要、重试和最终结果
P121,市场获客到交付回款闭环,中心管理端,I01,统一身份与MFA,认证、任职身份、二次认证,同步调用,用户ID/身份ID/认证级别,P121-01-{业务主键},指数退避3次；超限转死信/人工,超时拒绝高风险操作,请求ID、响应码、耗时、摘要、重试和最终结果
P121,市场获客到交付回款闭环,中心管理端,I02,组织与员工主数据,中心、部门、岗位、员工关系,同步查询+事件订阅,组织ID/员工ID/有效期,P121-02-{业务主键},指数退避3次；超限转死信/人工,缓存降级；变更事件补偿,请求ID、响应码、耗时、摘要、重试和最终结果
P121,市场获客到交付回款闭环,中心管理端,I03,流程任务中心,实例、任务、状态、待办,内部事务+消息,实例号/任务号/状态,P121-03-{业务主键},指数退避3次；超限转死信/人工,幂等重试；死信队列,请求ID、响应码、耗时、摘要、重试和最终结果
P121,市场获客到交付回款闭环,中心管理端,I04,消息通知中心,站内信、短信、邮件、企业微信,异步消息,模板变量/接收人/业务链接,P121-04-{业务主键},指数退避3次；超限转死信/人工,重试3次；失败告警,请求ID、响应码、耗时、摘要、重试和最终结果
P121,市场获客到交付回款闭环,中心管理端,I05,文件与电子证据,附件、哈希、水印、短时下载,对象存储+签名URL,文件ID/哈希/敏感级别,P121-05-{业务主键},指数退避3次；超限转死信/人工,病毒隔离；链接过期,请求ID、响应码、耗时、摘要、重试和最终结果
P121,市场获客到交付回款闭环,中心管理端,I06,审计日志平台,操作、前后值、接口请求ID,异步不可篡改日志,操作者/身份/时间/设备/IP,P121-06-{业务主键},指数退避3次；超限转死信/人工,关键审计失败阻断,请求ID、响应码、耗时、摘要、重试和最终结果
P121,市场获客到交付回款闭环,中心管理端,I07,财务预算与支付,预算占用、票据、付款、凭证、对账,API+批次,预算项/金额/凭证号,P121-07-{业务主键},指数退避3次；超限转死信/人工,冲销补偿；T+1对账,请求ID、响应码、耗时、摘要、重试和最终结果
P121,市场获客到交付回款闭环,中心管理端,I08,订单票务与支付,订单、支付、出票、核销、退款,API+消息,订单号/票码/金额/状态,P121-08-{业务主键},指数退避3次；超限转死信/人工,幂等回调；差异队列,请求ID、响应码、耗时、摘要、重试和最终结果
P121,市场获客到交付回款闭环,中心管理端,I09,CRM与客户主数据,客户、联系人、线索、商机、归属,API+事件,客户ID/商机号/负责人,P121-09-{业务主键},指数退避3次；超限转死信/人工,查重合并；归属冲突工单,请求ID、响应码、耗时、摘要、重试和最终结果
P121,市场获客到交付回款闭环,中心管理端,I10,内容资产与渠道平台,素材、版本、版权、发布与数据回流,API+平台回调,内容ID/渠道ID/发布状态/指标,P121-10-{业务主键},指数退避3次；超限转死信/人工,回调验签；平台差异对账,请求ID、响应码、耗时、摘要、重试和最终结果
P122,接待资源闭环,中心管理端,I01,统一身份与MFA,认证、任职身份、二次认证,同步调用,用户ID/身份ID/认证级别,P122-01-{业务主键},指数退避3次；超限转死信/人工,超时拒绝高风险操作,请求ID、响应码、耗时、摘要、重试和最终结果
P122,接待资源闭环,中心管理端,I02,组织与员工主数据,中心、部门、岗位、员工关系,同步查询+事件订阅,组织ID/员工ID/有效期,P122-02-{业务主键},指数退避3次；超限转死信/人工,缓存降级；变更事件补偿,请求ID、响应码、耗时、摘要、重试和最终结果
P122,接待资源闭环,中心管理端,I03,流程任务中心,实例、任务、状态、待办,内部事务+消息,实例号/任务号/状态,P122-03-{业务主键},指数退避3次；超限转死信/人工,幂等重试；死信队列,请求ID、响应码、耗时、摘要、重试和最终结果
P122,接待资源闭环,中心管理端,I04,消息通知中心,站内信、短信、邮件、企业微信,异步消息,模板变量/接收人/业务链接,P122-04-{业务主键},指数退避3次；超限转死信/人工,重试3次；失败告警,请求ID、响应码、耗时、摘要、重试和最终结果
P122,接待资源闭环,中心管理端,I05,文件与电子证据,附件、哈希、水印、短时下载,对象存储+签名URL,文件ID/哈希/敏感级别,P122-05-{业务主键},指数退避3次；超限转死信/人工,病毒隔离；链接过期,请求ID、响应码、耗时、摘要、重试和最终结果
P122,接待资源闭环,中心管理端,I06,审计日志平台,操作、前后值、接口请求ID,异步不可篡改日志,操作者/身份/时间/设备/IP,P122-06-{业务主键},指数退避3次；超限转死信/人工,关键审计失败阻断,请求ID、响应码、耗时、摘要、重试和最终结果
P122,接待资源闭环,中心管理端,I07,订单票务与支付,订单、支付、出票、核销、退款,API+消息,订单号/票码/金额/状态,P122-07-{业务主键},指数退避3次；超限转死信/人工,幂等回调；差异队列,请求ID、响应码、耗时、摘要、重试和最终结果
P122,接待资源闭环,中心管理端,I08,CRM与客户主数据,客户、联系人、线索、商机、归属,API+事件,客户ID/商机号/负责人,P122-08-{业务主键},指数退避3次；超限转死信/人工,查重合并；归属冲突工单,请求ID、响应码、耗时、摘要、重试和最终结果
P123,演艺场次闭环,中心管理端,I01,统一身份与MFA,认证、任职身份、二次认证,同步调用,用户ID/身份ID/认证级别,P123-01-{业务主键},指数退避3次；超限转死信/人工,超时拒绝高风险操作,请求ID、响应码、耗时、摘要、重试和最终结果
P123,演艺场次闭环,中心管理端,I02,组织与员工主数据,中心、部门、岗位、员工关系,同步查询+事件订阅,组织ID/员工ID/有效期,P123-02-{业务主键},指数退避3次；超限转死信/人工,缓存降级；变更事件补偿,请求ID、响应码、耗时、摘要、重试和最终结果
P123,演艺场次闭环,中心管理端,I03,流程任务中心,实例、任务、状态、待办,内部事务+消息,实例号/任务号/状态,P123-03-{业务主键},指数退避3次；超限转死信/人工,幂等重试；死信队列,请求ID、响应码、耗时、摘要、重试和最终结果
P123,演艺场次闭环,中心管理端,I04,消息通知中心,站内信、短信、邮件、企业微信,异步消息,模板变量/接收人/业务链接,P123-04-{业务主键},指数退避3次；超限转死信/人工,重试3次；失败告警,请求ID、响应码、耗时、摘要、重试和最终结果
P123,演艺场次闭环,中心管理端,I05,文件与电子证据,附件、哈希、水印、短时下载,对象存储+签名URL,文件ID/哈希/敏感级别,P123-05-{业务主键},指数退避3次；超限转死信/人工,病毒隔离；链接过期,请求ID、响应码、耗时、摘要、重试和最终结果
P123,演艺场次闭环,中心管理端,I06,审计日志平台,操作、前后值、接口请求ID,异步不可篡改日志,操作者/身份/时间/设备/IP,P123-06-{业务主键},指数退避3次；超限转死信/人工,关键审计失败阻断,请求ID、响应码、耗时、摘要、重试和最终结果
P123,演艺场次闭环,中心管理端,I07,资产仓储系统,物料、批次、序列号、库存与资产状态,API+事件,物料/资产ID/数量/库位,P123-07-{业务主键},指数退避3次；超限转死信/人工,库存锁补偿；负库存阻断,请求ID、响应码、耗时、摘要、重试和最终结果
P124,采购资产财务闭环,中心管理端,I01,统一身份与MFA,认证、任职身份、二次认证,同步调用,用户ID/身份ID/认证级别,P124-01-{业务主键},指数退避3次；超限转死信/人工,超时拒绝高风险操作,请求ID、响应码、耗时、摘要、重试和最终结果
P124,采购资产财务闭环,中心管理端,I02,组织与员工主数据,中心、部门、岗位、员工关系,同步查询+事件订阅,组织ID/员工ID/有效期,P124-02-{业务主键},指数退避3次；超限转死信/人工,缓存降级；变更事件补偿,请求ID、响应码、耗时、摘要、重试和最终结果
P124,采购资产财务闭环,中心管理端,I03,流程任务中心,实例、任务、状态、待办,内部事务+消息,实例号/任务号/状态,P124-03-{业务主键},指数退避3次；超限转死信/人工,幂等重试；死信队列,请求ID、响应码、耗时、摘要、重试和最终结果
P124,采购资产财务闭环,中心管理端,I04,消息通知中心,站内信、短信、邮件、企业微信,异步消息,模板变量/接收人/业务链接,P124-04-{业务主键},指数退避3次；超限转死信/人工,重试3次；失败告警,请求ID、响应码、耗时、摘要、重试和最终结果
P124,采购资产财务闭环,中心管理端,I05,文件与电子证据,附件、哈希、水印、短时下载,对象存储+签名URL,文件ID/哈希/敏感级别,P124-05-{业务主键},指数退避3次；超限转死信/人工,病毒隔离；链接过期,请求ID、响应码、耗时、摘要、重试和最终结果
P124,采购资产财务闭环,中心管理端,I06,审计日志平台,操作、前后值、接口请求ID,异步不可篡改日志,操作者/身份/时间/设备/IP,P124-06-{业务主键},指数退避3次；超限转死信/人工,关键审计失败阻断,请求ID、响应码、耗时、摘要、重试和最终结果
P124,采购资产财务闭环,中心管理端,I07,财务预算与支付,预算占用、票据、付款、凭证、对账,API+批次,预算项/金额/凭证号,P124-07-{业务主键},指数退避3次；超限转死信/人工,冲销补偿；T+1对账,请求ID、响应码、耗时、摘要、重试和最终结果
P124,采购资产财务闭环,中心管理端,I08,资产仓储系统,物料、批次、序列号、库存与资产状态,API+事件,物料/资产ID/数量/库位,P124-08-{业务主键},指数退避3次；超限转死信/人工,库存锁补偿；负库存阻断,请求ID、响应码、耗时、摘要、重试和最终结果
P125,内容生产发布闭环,中心管理端,I01,统一身份与MFA,认证、任职身份、二次认证,同步调用,用户ID/身份ID/认证级别,P125-01-{业务主键},指数退避3次；超限转死信/人工,超时拒绝高风险操作,请求ID、响应码、耗时、摘要、重试和最终结果
P125,内容生产发布闭环,中心管理端,I02,组织与员工主数据,中心、部门、岗位、员工关系,同步查询+事件订阅,组织ID/员工ID/有效期,P125-02-{业务主键},指数退避3次；超限转死信/人工,缓存降级；变更事件补偿,请求ID、响应码、耗时、摘要、重试和最终结果
P125,内容生产发布闭环,中心管理端,I03,流程任务中心,实例、任务、状态、待办,内部事务+消息,实例号/任务号/状态,P125-03-{业务主键},指数退避3次；超限转死信/人工,幂等重试；死信队列,请求ID、响应码、耗时、摘要、重试和最终结果
P125,内容生产发布闭环,中心管理端,I04,消息通知中心,站内信、短信、邮件、企业微信,异步消息,模板变量/接收人/业务链接,P125-04-{业务主键},指数退避3次；超限转死信/人工,重试3次；失败告警,请求ID、响应码、耗时、摘要、重试和最终结果
P125,内容生产发布闭环,中心管理端,I05,文件与电子证据,附件、哈希、水印、短时下载,对象存储+签名URL,文件ID/哈希/敏感级别,P125-05-{业务主键},指数退避3次；超限转死信/人工,病毒隔离；链接过期,请求ID、响应码、耗时、摘要、重试和最终结果
P125,内容生产发布闭环,中心管理端,I06,审计日志平台,操作、前后值、接口请求ID,异步不可篡改日志,操作者/身份/时间/设备/IP,P125-06-{业务主键},指数退避3次；超限转死信/人工,关键审计失败阻断,请求ID、响应码、耗时、摘要、重试和最终结果
P125,内容生产发布闭环,中心管理端,I07,订单票务与支付,订单、支付、出票、核销、退款,API+消息,订单号/票码/金额/状态,P125-07-{业务主键},指数退避3次；超限转死信/人工,幂等回调；差异队列,请求ID、响应码、耗时、摘要、重试和最终结果
P125,内容生产发布闭环,中心管理端,I08,CRM与客户主数据,客户、联系人、线索、商机、归属,API+事件,客户ID/商机号/负责人,P125-08-{业务主键},指数退避3次；超限转死信/人工,查重合并；归属冲突工单,请求ID、响应码、耗时、摘要、重试和最终结果
P125,内容生产发布闭环,中心管理端,I09,CMDB/研发/CI-CD,配置项、代码、构建、测试、发布、监控,API+Webhook,工作项/构建号/版本/环境,P125-09-{业务主键},指数退避3次；超限转死信/人工,回退流水；发布门禁,请求ID、响应码、耗时、摘要、重试和最终结果
P125,内容生产发布闭环,中心管理端,I10,内容资产与渠道平台,素材、版本、版权、发布与数据回流,API+平台回调,内容ID/渠道ID/发布状态/指标,P125-10-{业务主键},指数退避3次；超限转死信/人工,回调验签；平台差异对账,请求ID、响应码、耗时、摘要、重试和最终结果
P126,事件与整改闭环,中心管理端,I01,统一身份与MFA,认证、任职身份、二次认证,同步调用,用户ID/身份ID/认证级别,P126-01-{业务主键},指数退避3次；超限转死信/人工,超时拒绝高风险操作,请求ID、响应码、耗时、摘要、重试和最终结果
P126,事件与整改闭环,中心管理端,I02,组织与员工主数据,中心、部门、岗位、员工关系,同步查询+事件订阅,组织ID/员工ID/有效期,P126-02-{业务主键},指数退避3次；超限转死信/人工,缓存降级；变更事件补偿,请求ID、响应码、耗时、摘要、重试和最终结果
P126,事件与整改闭环,中心管理端,I03,流程任务中心,实例、任务、状态、待办,内部事务+消息,实例号/任务号/状态,P126-03-{业务主键},指数退避3次；超限转死信/人工,幂等重试；死信队列,请求ID、响应码、耗时、摘要、重试和最终结果
P126,事件与整改闭环,中心管理端,I04,消息通知中心,站内信、短信、邮件、企业微信,异步消息,模板变量/接收人/业务链接,P126-04-{业务主键},指数退避3次；超限转死信/人工,重试3次；失败告警,请求ID、响应码、耗时、摘要、重试和最终结果
P126,事件与整改闭环,中心管理端,I05,文件与电子证据,附件、哈希、水印、短时下载,对象存储+签名URL,文件ID/哈希/敏感级别,P126-05-{业务主键},指数退避3次；超限转死信/人工,病毒隔离；链接过期,请求ID、响应码、耗时、摘要、重试和最终结果
P126,事件与整改闭环,中心管理端,I06,审计日志平台,操作、前后值、接口请求ID,异步不可篡改日志,操作者/身份/时间/设备/IP,P126-06-{业务主键},指数退避3次；超限转死信/人工,关键审计失败阻断,请求ID、响应码、耗时、摘要、重试和最终结果
P126,事件与整改闭环,中心管理端,I07,CRM与客户主数据,客户、联系人、线索、商机、归属,API+事件,客户ID/商机号/负责人,P126-07-{业务主键},指数退避3次；超限转死信/人工,查重合并；归属冲突工单,请求ID、响应码、耗时、摘要、重试和最终结果
P001,统一登录与多岗位身份切换,技术后台端,I01,统一身份与MFA,认证、任职身份、二次认证,同步调用,用户ID/身份ID/认证级别,P001-01-{业务主键},指数退避3次；超限转死信/人工,超时拒绝高风险操作,请求ID、响应码、耗时、摘要、重试和最终结果
P001,统一登录与多岗位身份切换,技术后台端,I02,组织与员工主数据,中心、部门、岗位、员工关系,同步查询+事件订阅,组织ID/员工ID/有效期,P001-02-{业务主键},指数退避3次；超限转死信/人工,缓存降级；变更事件补偿,请求ID、响应码、耗时、摘要、重试和最终结果
P001,统一登录与多岗位身份切换,技术后台端,I03,流程任务中心,实例、任务、状态、待办,内部事务+消息,实例号/任务号/状态,P001-03-{业务主键},指数退避3次；超限转死信/人工,幂等重试；死信队列,请求ID、响应码、耗时、摘要、重试和最终结果
P001,统一登录与多岗位身份切换,技术后台端,I04,消息通知中心,站内信、短信、邮件、企业微信,异步消息,模板变量/接收人/业务链接,P001-04-{业务主键},指数退避3次；超限转死信/人工,重试3次；失败告警,请求ID、响应码、耗时、摘要、重试和最终结果
P001,统一登录与多岗位身份切换,技术后台端,I05,文件与电子证据,附件、哈希、水印、短时下载,对象存储+签名URL,文件ID/哈希/敏感级别,P001-05-{业务主键},指数退避3次；超限转死信/人工,病毒隔离；链接过期,请求ID、响应码、耗时、摘要、重试和最终结果
P001,统一登录与多岗位身份切换,技术后台端,I06,审计日志平台,操作、前后值、接口请求ID,异步不可篡改日志,操作者/身份/时间/设备/IP,P001-06-{业务主键},指数退避3次；超限转死信/人工,关键审计失败阻断,请求ID、响应码、耗时、摘要、重试和最终结果
P001,统一登录与多岗位身份切换,技术后台端,I07,人力资源与考勤,员工、编制、合同、假勤、排班、绩效,API+事件,员工ID/岗位/时间/分数,P001-07-{业务主键},指数退避3次；超限转死信/人工,对账补偿；差异工单,请求ID、响应码、耗时、摘要、重试和最终结果
P002,权限申请、复核与回收,技术后台端,I01,统一身份与MFA,认证、任职身份、二次认证,同步调用,用户ID/身份ID/认证级别,P002-01-{业务主键},指数退避3次；超限转死信/人工,超时拒绝高风险操作,请求ID、响应码、耗时、摘要、重试和最终结果
P002,权限申请、复核与回收,技术后台端,I02,组织与员工主数据,中心、部门、岗位、员工关系,同步查询+事件订阅,组织ID/员工ID/有效期,P002-02-{业务主键},指数退避3次；超限转死信/人工,缓存降级；变更事件补偿,请求ID、响应码、耗时、摘要、重试和最终结果
P002,权限申请、复核与回收,技术后台端,I03,流程任务中心,实例、任务、状态、待办,内部事务+消息,实例号/任务号/状态,P002-03-{业务主键},指数退避3次；超限转死信/人工,幂等重试；死信队列,请求ID、响应码、耗时、摘要、重试和最终结果
P002,权限申请、复核与回收,技术后台端,I04,消息通知中心,站内信、短信、邮件、企业微信,异步消息,模板变量/接收人/业务链接,P002-04-{业务主键},指数退避3次；超限转死信/人工,重试3次；失败告警,请求ID、响应码、耗时、摘要、重试和最终结果
P002,权限申请、复核与回收,技术后台端,I05,文件与电子证据,附件、哈希、水印、短时下载,对象存储+签名URL,文件ID/哈希/敏感级别,P002-05-{业务主键},指数退避3次；超限转死信/人工,病毒隔离；链接过期,请求ID、响应码、耗时、摘要、重试和最终结果
P002,权限申请、复核与回收,技术后台端,I06,审计日志平台,操作、前后值、接口请求ID,异步不可篡改日志,操作者/身份/时间/设备/IP,P002-06-{业务主键},指数退避3次；超限转死信/人工,关键审计失败阻断,请求ID、响应码、耗时、摘要、重试和最终结果
P002,权限申请、复核与回收,技术后台端,I07,人力资源与考勤,员工、编制、合同、假勤、排班、绩效,API+事件,员工ID/岗位/时间/分数,P002-07-{业务主键},指数退避3次；超限转死信/人工,对账补偿；差异工单,请求ID、响应码、耗时、摘要、重试和最终结果
P003,个人资料变更,技术后台端,I01,统一身份与MFA,认证、任职身份、二次认证,同步调用,用户ID/身份ID/认证级别,P003-01-{业务主键},指数退避3次；超限转死信/人工,超时拒绝高风险操作,请求ID、响应码、耗时、摘要、重试和最终结果
P003,个人资料变更,技术后台端,I02,组织与员工主数据,中心、部门、岗位、员工关系,同步查询+事件订阅,组织ID/员工ID/有效期,P003-02-{业务主键},指数退避3次；超限转死信/人工,缓存降级；变更事件补偿,请求ID、响应码、耗时、摘要、重试和最终结果
P003,个人资料变更,技术后台端,I03,流程任务中心,实例、任务、状态、待办,内部事务+消息,实例号/任务号/状态,P003-03-{业务主键},指数退避3次；超限转死信/人工,幂等重试；死信队列,请求ID、响应码、耗时、摘要、重试和最终结果
P003,个人资料变更,技术后台端,I04,消息通知中心,站内信、短信、邮件、企业微信,异步消息,模板变量/接收人/业务链接,P003-04-{业务主键},指数退避3次；超限转死信/人工,重试3次；失败告警,请求ID、响应码、耗时、摘要、重试和最终结果
P003,个人资料变更,技术后台端,I05,文件与电子证据,附件、哈希、水印、短时下载,对象存储+签名URL,文件ID/哈希/敏感级别,P003-05-{业务主键},指数退避3次；超限转死信/人工,病毒隔离；链接过期,请求ID、响应码、耗时、摘要、重试和最终结果
P003,个人资料变更,技术后台端,I06,审计日志平台,操作、前后值、接口请求ID,异步不可篡改日志,操作者/身份/时间/设备/IP,P003-06-{业务主键},指数退避3次；超限转死信/人工,关键审计失败阻断,请求ID、响应码、耗时、摘要、重试和最终结果
P003,个人资料变更,技术后台端,I07,人力资源与考勤,员工、编制、合同、假勤、排班、绩效,API+事件,员工ID/岗位/时间/分数,P003-07-{业务主键},指数退避3次；超限转死信/人工,对账补偿；差异工单,请求ID、响应码、耗时、摘要、重试和最终结果
P004,通用申请与审批,技术后台端,I01,统一身份与MFA,认证、任职身份、二次认证,同步调用,用户ID/身份ID/认证级别,P004-01-{业务主键},指数退避3次；超限转死信/人工,超时拒绝高风险操作,请求ID、响应码、耗时、摘要、重试和最终结果
P004,通用申请与审批,技术后台端,I02,组织与员工主数据,中心、部门、岗位、员工关系,同步查询+事件订阅,组织ID/员工ID/有效期,P004-02-{业务主键},指数退避3次；超限转死信/人工,缓存降级；变更事件补偿,请求ID、响应码、耗时、摘要、重试和最终结果
P004,通用申请与审批,技术后台端,I03,流程任务中心,实例、任务、状态、待办,内部事务+消息,实例号/任务号/状态,P004-03-{业务主键},指数退避3次；超限转死信/人工,幂等重试；死信队列,请求ID、响应码、耗时、摘要、重试和最终结果
P004,通用申请与审批,技术后台端,I04,消息通知中心,站内信、短信、邮件、企业微信,异步消息,模板变量/接收人/业务链接,P004-04-{业务主键},指数退避3次；超限转死信/人工,重试3次；失败告警,请求ID、响应码、耗时、摘要、重试和最终结果
P004,通用申请与审批,技术后台端,I05,文件与电子证据,附件、哈希、水印、短时下载,对象存储+签名URL,文件ID/哈希/敏感级别,P004-05-{业务主键},指数退避3次；超限转死信/人工,病毒隔离；链接过期,请求ID、响应码、耗时、摘要、重试和最终结果
P004,通用申请与审批,技术后台端,I06,审计日志平台,操作、前后值、接口请求ID,异步不可篡改日志,操作者/身份/时间/设备/IP,P004-06-{业务主键},指数退避3次；超限转死信/人工,关键审计失败阻断,请求ID、响应码、耗时、摘要、重试和最终结果
P005,制度、通知与执行回执,技术后台端,I01,统一身份与MFA,认证、任职身份、二次认证,同步调用,用户ID/身份ID/认证级别,P005-01-{业务主键},指数退避3次；超限转死信/人工,超时拒绝高风险操作,请求ID、响应码、耗时、摘要、重试和最终结果
P005,制度、通知与执行回执,技术后台端,I02,组织与员工主数据,中心、部门、岗位、员工关系,同步查询+事件订阅,组织ID/员工ID/有效期,P005-02-{业务主键},指数退避3次；超限转死信/人工,缓存降级；变更事件补偿,请求ID、响应码、耗时、摘要、重试和最终结果
P005,制度、通知与执行回执,技术后台端,I03,流程任务中心,实例、任务、状态、待办,内部事务+消息,实例号/任务号/状态,P005-03-{业务主键},指数退避3次；超限转死信/人工,幂等重试；死信队列,请求ID、响应码、耗时、摘要、重试和最终结果
P005,制度、通知与执行回执,技术后台端,I04,消息通知中心,站内信、短信、邮件、企业微信,异步消息,模板变量/接收人/业务链接,P005-04-{业务主键},指数退避3次；超限转死信/人工,重试3次；失败告警,请求ID、响应码、耗时、摘要、重试和最终结果
P005,制度、通知与执行回执,技术后台端,I05,文件与电子证据,附件、哈希、水印、短时下载,对象存储+签名URL,文件ID/哈希/敏感级别,P005-05-{业务主键},指数退避3次；超限转死信/人工,病毒隔离；链接过期,请求ID、响应码、耗时、摘要、重试和最终结果
P005,制度、通知与执行回执,技术后台端,I06,审计日志平台,操作、前后值、接口请求ID,异步不可篡改日志,操作者/身份/时间/设备/IP,P005-06-{业务主键},指数退避3次；超限转死信/人工,关键审计失败阻断,请求ID、响应码、耗时、摘要、重试和最终结果
P005,制度、通知与执行回执,技术后台端,I07,人力资源与考勤,员工、编制、合同、假勤、排班、绩效,API+事件,员工ID/岗位/时间/分数,P005-07-{业务主键},指数退避3次；超限转死信/人工,对账补偿；差异工单,请求ID、响应码、耗时、摘要、重试和最终结果
P005,制度、通知与执行回执,技术后台端,I08,CMDB/研发/CI-CD,配置项、代码、构建、测试、发布、监控,API+Webhook,工作项/构建号/版本/环境,P005-08-{业务主键},指数退避3次；超限转死信/人工,回退流水；发布门禁,请求ID、响应码、耗时、摘要、重试和最终结果
P006,会议与行动项,技术后台端,I01,统一身份与MFA,认证、任职身份、二次认证,同步调用,用户ID/身份ID/认证级别,P006-01-{业务主键},指数退避3次；超限转死信/人工,超时拒绝高风险操作,请求ID、响应码、耗时、摘要、重试和最终结果
P006,会议与行动项,技术后台端,I02,组织与员工主数据,中心、部门、岗位、员工关系,同步查询+事件订阅,组织ID/员工ID/有效期,P006-02-{业务主键},指数退避3次；超限转死信/人工,缓存降级；变更事件补偿,请求ID、响应码、耗时、摘要、重试和最终结果
P006,会议与行动项,技术后台端,I03,流程任务中心,实例、任务、状态、待办,内部事务+消息,实例号/任务号/状态,P006-03-{业务主键},指数退避3次；超限转死信/人工,幂等重试；死信队列,请求ID、响应码、耗时、摘要、重试和最终结果
P006,会议与行动项,技术后台端,I04,消息通知中心,站内信、短信、邮件、企业微信,异步消息,模板变量/接收人/业务链接,P006-04-{业务主键},指数退避3次；超限转死信/人工,重试3次；失败告警,请求ID、响应码、耗时、摘要、重试和最终结果
P006,会议与行动项,技术后台端,I05,文件与电子证据,附件、哈希、水印、短时下载,对象存储+签名URL,文件ID/哈希/敏感级别,P006-05-{业务主键},指数退避3次；超限转死信/人工,病毒隔离；链接过期,请求ID、响应码、耗时、摘要、重试和最终结果
P006,会议与行动项,技术后台端,I06,审计日志平台,操作、前后值、接口请求ID,异步不可篡改日志,操作者/身份/时间/设备/IP,P006-06-{业务主键},指数退避3次；超限转死信/人工,关键审计失败阻断,请求ID、响应码、耗时、摘要、重试和最终结果
P006,会议与行动项,技术后台端,I07,人力资源与考勤,员工、编制、合同、假勤、排班、绩效,API+事件,员工ID/岗位/时间/分数,P006-07-{业务主键},指数退避3次；超限转死信/人工,对账补偿；差异工单,请求ID、响应码、耗时、摘要、重试和最终结果
P007,排班与班次调整,技术后台端,I01,统一身份与MFA,认证、任职身份、二次认证,同步调用,用户ID/身份ID/认证级别,P007-01-{业务主键},指数退避3次；超限转死信/人工,超时拒绝高风险操作,请求ID、响应码、耗时、摘要、重试和最终结果
P007,排班与班次调整,技术后台端,I02,组织与员工主数据,中心、部门、岗位、员工关系,同步查询+事件订阅,组织ID/员工ID/有效期,P007-02-{业务主键},指数退避3次；超限转死信/人工,缓存降级；变更事件补偿,请求ID、响应码、耗时、摘要、重试和最终结果
P007,排班与班次调整,技术后台端,I03,流程任务中心,实例、任务、状态、待办,内部事务+消息,实例号/任务号/状态,P007-03-{业务主键},指数退避3次；超限转死信/人工,幂等重试；死信队列,请求ID、响应码、耗时、摘要、重试和最终结果
P007,排班与班次调整,技术后台端,I04,消息通知中心,站内信、短信、邮件、企业微信,异步消息,模板变量/接收人/业务链接,P007-04-{业务主键},指数退避3次；超限转死信/人工,重试3次；失败告警,请求ID、响应码、耗时、摘要、重试和最终结果
P007,排班与班次调整,技术后台端,I05,文件与电子证据,附件、哈希、水印、短时下载,对象存储+签名URL,文件ID/哈希/敏感级别,P007-05-{业务主键},指数退避3次；超限转死信/人工,病毒隔离；链接过期,请求ID、响应码、耗时、摘要、重试和最终结果
P007,排班与班次调整,技术后台端,I06,审计日志平台,操作、前后值、接口请求ID,异步不可篡改日志,操作者/身份/时间/设备/IP,P007-06-{业务主键},指数退避3次；超限转死信/人工,关键审计失败阻断,请求ID、响应码、耗时、摘要、重试和最终结果
P007,排班与班次调整,技术后台端,I07,人力资源与考勤,员工、编制、合同、假勤、排班、绩效,API+事件,员工ID/岗位/时间/分数,P007-07-{业务主键},指数退避3次；超限转死信/人工,对账补偿；差异工单,请求ID、响应码、耗时、摘要、重试和最终结果
P008,请假与考勤,技术后台端,I01,统一身份与MFA,认证、任职身份、二次认证,同步调用,用户ID/身份ID/认证级别,P008-01-{业务主键},指数退避3次；超限转死信/人工,超时拒绝高风险操作,请求ID、响应码、耗时、摘要、重试和最终结果
P008,请假与考勤,技术后台端,I02,组织与员工主数据,中心、部门、岗位、员工关系,同步查询+事件订阅,组织ID/员工ID/有效期,P008-02-{业务主键},指数退避3次；超限转死信/人工,缓存降级；变更事件补偿,请求ID、响应码、耗时、摘要、重试和最终结果
P008,请假与考勤,技术后台端,I03,流程任务中心,实例、任务、状态、待办,内部事务+消息,实例号/任务号/状态,P008-03-{业务主键},指数退避3次；超限转死信/人工,幂等重试；死信队列,请求ID、响应码、耗时、摘要、重试和最终结果
P008,请假与考勤,技术后台端,I04,消息通知中心,站内信、短信、邮件、企业微信,异步消息,模板变量/接收人/业务链接,P008-04-{业务主键},指数退避3次；超限转死信/人工,重试3次；失败告警,请求ID、响应码、耗时、摘要、重试和最终结果
P008,请假与考勤,技术后台端,I05,文件与电子证据,附件、哈希、水印、短时下载,对象存储+签名URL,文件ID/哈希/敏感级别,P008-05-{业务主键},指数退避3次；超限转死信/人工,病毒隔离；链接过期,请求ID、响应码、耗时、摘要、重试和最终结果
P008,请假与考勤,技术后台端,I06,审计日志平台,操作、前后值、接口请求ID,异步不可篡改日志,操作者/身份/时间/设备/IP,P008-06-{业务主键},指数退避3次；超限转死信/人工,关键审计失败阻断,请求ID、响应码、耗时、摘要、重试和最终结果
P008,请假与考勤,技术后台端,I07,人力资源与考勤,员工、编制、合同、假勤、排班、绩效,API+事件,员工ID/岗位/时间/分数,P008-07-{业务主键},指数退避3次；超限转死信/人工,对账补偿；差异工单,请求ID、响应码、耗时、摘要、重试和最终结果
P009,加班与调休,技术后台端,I01,统一身份与MFA,认证、任职身份、二次认证,同步调用,用户ID/身份ID/认证级别,P009-01-{业务主键},指数退避3次；超限转死信/人工,超时拒绝高风险操作,请求ID、响应码、耗时、摘要、重试和最终结果
P009,加班与调休,技术后台端,I02,组织与员工主数据,中心、部门、岗位、员工关系,同步查询+事件订阅,组织ID/员工ID/有效期,P009-02-{业务主键},指数退避3次；超限转死信/人工,缓存降级；变更事件补偿,请求ID、响应码、耗时、摘要、重试和最终结果
P009,加班与调休,技术后台端,I03,流程任务中心,实例、任务、状态、待办,内部事务+消息,实例号/任务号/状态,P009-03-{业务主键},指数退避3次；超限转死信/人工,幂等重试；死信队列,请求ID、响应码、耗时、摘要、重试和最终结果
P009,加班与调休,技术后台端,I04,消息通知中心,站内信、短信、邮件、企业微信,异步消息,模板变量/接收人/业务链接,P009-04-{业务主键},指数退避3次；超限转死信/人工,重试3次；失败告警,请求ID、响应码、耗时、摘要、重试和最终结果
P009,加班与调休,技术后台端,I05,文件与电子证据,附件、哈希、水印、短时下载,对象存储+签名URL,文件ID/哈希/敏感级别,P009-05-{业务主键},指数退避3次；超限转死信/人工,病毒隔离；链接过期,请求ID、响应码、耗时、摘要、重试和最终结果
P009,加班与调休,技术后台端,I06,审计日志平台,操作、前后值、接口请求ID,异步不可篡改日志,操作者/身份/时间/设备/IP,P009-06-{业务主键},指数退避3次；超限转死信/人工,关键审计失败阻断,请求ID、响应码、耗时、摘要、重试和最终结果
P009,加班与调休,技术后台端,I07,人力资源与考勤,员工、编制、合同、假勤、排班、绩效,API+事件,员工ID/岗位/时间/分数,P009-07-{业务主键},指数退避3次；超限转死信/人工,对账补偿；差异工单,请求ID、响应码、耗时、摘要、重试和最终结果
P010,员工学习、考试与资格,技术后台端,I01,统一身份与MFA,认证、任职身份、二次认证,同步调用,用户ID/身份ID/认证级别,P010-01-{业务主键},指数退避3次；超限转死信/人工,超时拒绝高风险操作,请求ID、响应码、耗时、摘要、重试和最终结果
P010,员工学习、考试与资格,技术后台端,I02,组织与员工主数据,中心、部门、岗位、员工关系,同步查询+事件订阅,组织ID/员工ID/有效期,P010-02-{业务主键},指数退避3次；超限转死信/人工,缓存降级；变更事件补偿,请求ID、响应码、耗时、摘要、重试和最终结果
P010,员工学习、考试与资格,技术后台端,I03,流程任务中心,实例、任务、状态、待办,内部事务+消息,实例号/任务号/状态,P010-03-{业务主键},指数退避3次；超限转死信/人工,幂等重试；死信队列,请求ID、响应码、耗时、摘要、重试和最终结果
P010,员工学习、考试与资格,技术后台端,I04,消息通知中心,站内信、短信、邮件、企业微信,异步消息,模板变量/接收人/业务链接,P010-04-{业务主键},指数退避3次；超限转死信/人工,重试3次；失败告警,请求ID、响应码、耗时、摘要、重试和最终结果
P010,员工学习、考试与资格,技术后台端,I05,文件与电子证据,附件、哈希、水印、短时下载,对象存储+签名URL,文件ID/哈希/敏感级别,P010-05-{业务主键},指数退避3次；超限转死信/人工,病毒隔离；链接过期,请求ID、响应码、耗时、摘要、重试和最终结果
P010,员工学习、考试与资格,技术后台端,I06,审计日志平台,操作、前后值、接口请求ID,异步不可篡改日志,操作者/身份/时间/设备/IP,P010-06-{业务主键},指数退避3次；超限转死信/人工,关键审计失败阻断,请求ID、响应码、耗时、摘要、重试和最终结果
P010,员工学习、考试与资格,技术后台端,I07,人力资源与考勤,员工、编制、合同、假勤、排班、绩效,API+事件,员工ID/岗位/时间/分数,P010-07-{业务主键},指数退避3次；超限转死信/人工,对账补偿；差异工单,请求ID、响应码、耗时、摘要、重试和最终结果
P010,员工学习、考试与资格,技术后台端,I08,课程与排课系统,课程版本、讲师资格、场地与排课,API+事件,课程版本/讲师/时间/场地,P010-08-{业务主键},指数退避3次；超限转死信/人工,冲突校验；自动释放锁,请求ID、响应码、耗时、摘要、重试和最终结果
P010,员工学习、考试与资格,技术后台端,I09,CMDB/研发/CI-CD,配置项、代码、构建、测试、发布、监控,API+Webhook,工作项/构建号/版本/环境,P010-09-{业务主键},指数退避3次；超限转死信/人工,回退流水；发布门禁,请求ID、响应码、耗时、摘要、重试和最终结果
P011,绩效管理,技术后台端,I01,统一身份与MFA,认证、任职身份、二次认证,同步调用,用户ID/身份ID/认证级别,P011-01-{业务主键},指数退避3次；超限转死信/人工,超时拒绝高风险操作,请求ID、响应码、耗时、摘要、重试和最终结果
P011,绩效管理,技术后台端,I02,组织与员工主数据,中心、部门、岗位、员工关系,同步查询+事件订阅,组织ID/员工ID/有效期,P011-02-{业务主键},指数退避3次；超限转死信/人工,缓存降级；变更事件补偿,请求ID、响应码、耗时、摘要、重试和最终结果
P011,绩效管理,技术后台端,I03,流程任务中心,实例、任务、状态、待办,内部事务+消息,实例号/任务号/状态,P011-03-{业务主键},指数退避3次；超限转死信/人工,幂等重试；死信队列,请求ID、响应码、耗时、摘要、重试和最终结果
P011,绩效管理,技术后台端,I04,消息通知中心,站内信、短信、邮件、企业微信,异步消息,模板变量/接收人/业务链接,P011-04-{业务主键},指数退避3次；超限转死信/人工,重试3次；失败告警,请求ID、响应码、耗时、摘要、重试和最终结果
P011,绩效管理,技术后台端,I05,文件与电子证据,附件、哈希、水印、短时下载,对象存储+签名URL,文件ID/哈希/敏感级别,P011-05-{业务主键},指数退避3次；超限转死信/人工,病毒隔离；链接过期,请求ID、响应码、耗时、摘要、重试和最终结果
P011,绩效管理,技术后台端,I06,审计日志平台,操作、前后值、接口请求ID,异步不可篡改日志,操作者/身份/时间/设备/IP,P011-06-{业务主键},指数退避3次；超限转死信/人工,关键审计失败阻断,请求ID、响应码、耗时、摘要、重试和最终结果
P011,绩效管理,技术后台端,I07,人力资源与考勤,员工、编制、合同、假勤、排班、绩效,API+事件,员工ID/岗位/时间/分数,P011-07-{业务主键},指数退避3次；超限转死信/人工,对账补偿；差异工单,请求ID、响应码、耗时、摘要、重试和最终结果
P012,晋升与任职发展,技术后台端,I01,统一身份与MFA,认证、任职身份、二次认证,同步调用,用户ID/身份ID/认证级别,P012-01-{业务主键},指数退避3次；超限转死信/人工,超时拒绝高风险操作,请求ID、响应码、耗时、摘要、重试和最终结果
P012,晋升与任职发展,技术后台端,I02,组织与员工主数据,中心、部门、岗位、员工关系,同步查询+事件订阅,组织ID/员工ID/有效期,P012-02-{业务主键},指数退避3次；超限转死信/人工,缓存降级；变更事件补偿,请求ID、响应码、耗时、摘要、重试和最终结果
P012,晋升与任职发展,技术后台端,I03,流程任务中心,实例、任务、状态、待办,内部事务+消息,实例号/任务号/状态,P012-03-{业务主键},指数退避3次；超限转死信/人工,幂等重试；死信队列,请求ID、响应码、耗时、摘要、重试和最终结果
P012,晋升与任职发展,技术后台端,I04,消息通知中心,站内信、短信、邮件、企业微信,异步消息,模板变量/接收人/业务链接,P012-04-{业务主键},指数退避3次；超限转死信/人工,重试3次；失败告警,请求ID、响应码、耗时、摘要、重试和最终结果
P012,晋升与任职发展,技术后台端,I05,文件与电子证据,附件、哈希、水印、短时下载,对象存储+签名URL,文件ID/哈希/敏感级别,P012-05-{业务主键},指数退避3次；超限转死信/人工,病毒隔离；链接过期,请求ID、响应码、耗时、摘要、重试和最终结果
P012,晋升与任职发展,技术后台端,I06,审计日志平台,操作、前后值、接口请求ID,异步不可篡改日志,操作者/身份/时间/设备/IP,P012-06-{业务主键},指数退避3次；超限转死信/人工,关键审计失败阻断,请求ID、响应码、耗时、摘要、重试和最终结果
P012,晋升与任职发展,技术后台端,I07,人力资源与考勤,员工、编制、合同、假勤、排班、绩效,API+事件,员工ID/岗位/时间/分数,P012-07-{业务主键},指数退避3次；超限转死信/人工,对账补偿；差异工单,请求ID、响应码、耗时、摘要、重试和最终结果
P012,晋升与任职发展,技术后台端,I08,财务预算与支付,预算占用、票据、付款、凭证、对账,API+批次,预算项/金额/凭证号,P012-08-{业务主键},指数退避3次；超限转死信/人工,冲销补偿；T+1对账,请求ID、响应码、耗时、摘要、重试和最终结果
P013,奖励,技术后台端,I01,统一身份与MFA,认证、任职身份、二次认证,同步调用,用户ID/身份ID/认证级别,P013-01-{业务主键},指数退避3次；超限转死信/人工,超时拒绝高风险操作,请求ID、响应码、耗时、摘要、重试和最终结果
P013,奖励,技术后台端,I02,组织与员工主数据,中心、部门、岗位、员工关系,同步查询+事件订阅,组织ID/员工ID/有效期,P013-02-{业务主键},指数退避3次；超限转死信/人工,缓存降级；变更事件补偿,请求ID、响应码、耗时、摘要、重试和最终结果
P013,奖励,技术后台端,I03,流程任务中心,实例、任务、状态、待办,内部事务+消息,实例号/任务号/状态,P013-03-{业务主键},指数退避3次；超限转死信/人工,幂等重试；死信队列,请求ID、响应码、耗时、摘要、重试和最终结果
P013,奖励,技术后台端,I04,消息通知中心,站内信、短信、邮件、企业微信,异步消息,模板变量/接收人/业务链接,P013-04-{业务主键},指数退避3次；超限转死信/人工,重试3次；失败告警,请求ID、响应码、耗时、摘要、重试和最终结果
P013,奖励,技术后台端,I05,文件与电子证据,附件、哈希、水印、短时下载,对象存储+签名URL,文件ID/哈希/敏感级别,P013-05-{业务主键},指数退避3次；超限转死信/人工,病毒隔离；链接过期,请求ID、响应码、耗时、摘要、重试和最终结果
P013,奖励,技术后台端,I06,审计日志平台,操作、前后值、接口请求ID,异步不可篡改日志,操作者/身份/时间/设备/IP,P013-06-{业务主键},指数退避3次；超限转死信/人工,关键审计失败阻断,请求ID、响应码、耗时、摘要、重试和最终结果
P013,奖励,技术后台端,I07,人力资源与考勤,员工、编制、合同、假勤、排班、绩效,API+事件,员工ID/岗位/时间/分数,P013-07-{业务主键},指数退避3次；超限转死信/人工,对账补偿；差异工单,请求ID、响应码、耗时、摘要、重试和最终结果
P014,纪律、责任与申诉,技术后台端,I01,统一身份与MFA,认证、任职身份、二次认证,同步调用,用户ID/身份ID/认证级别,P014-01-{业务主键},指数退避3次；超限转死信/人工,超时拒绝高风险操作,请求ID、响应码、耗时、摘要、重试和最终结果
P014,纪律、责任与申诉,技术后台端,I02,组织与员工主数据,中心、部门、岗位、员工关系,同步查询+事件订阅,组织ID/员工ID/有效期,P014-02-{业务主键},指数退避3次；超限转死信/人工,缓存降级；变更事件补偿,请求ID、响应码、耗时、摘要、重试和最终结果
P014,纪律、责任与申诉,技术后台端,I03,流程任务中心,实例、任务、状态、待办,内部事务+消息,实例号/任务号/状态,P014-03-{业务主键},指数退避3次；超限转死信/人工,幂等重试；死信队列,请求ID、响应码、耗时、摘要、重试和最终结果
P014,纪律、责任与申诉,技术后台端,I04,消息通知中心,站内信、短信、邮件、企业微信,异步消息,模板变量/接收人/业务链接,P014-04-{业务主键},指数退避3次；超限转死信/人工,重试3次；失败告警,请求ID、响应码、耗时、摘要、重试和最终结果
P014,纪律、责任与申诉,技术后台端,I05,文件与电子证据,附件、哈希、水印、短时下载,对象存储+签名URL,文件ID/哈希/敏感级别,P014-05-{业务主键},指数退避3次；超限转死信/人工,病毒隔离；链接过期,请求ID、响应码、耗时、摘要、重试和最终结果
P014,纪律、责任与申诉,技术后台端,I06,审计日志平台,操作、前后值、接口请求ID,异步不可篡改日志,操作者/身份/时间/设备/IP,P014-06-{业务主键},指数退避3次；超限转死信/人工,关键审计失败阻断,请求ID、响应码、耗时、摘要、重试和最终结果
P014,纪律、责任与申诉,技术后台端,I07,人力资源与考勤,员工、编制、合同、假勤、排班、绩效,API+事件,员工ID/岗位/时间/分数,P014-07-{业务主键},指数退避3次；超限转死信/人工,对账补偿；差异工单,请求ID、响应码、耗时、摘要、重试和最终结果
P014,纪律、责任与申诉,技术后台端,I08,CRM与客户主数据,客户、联系人、线索、商机、归属,API+事件,客户ID/商机号/负责人,P014-08-{业务主键},指数退避3次；超限转死信/人工,查重合并；归属冲突工单,请求ID、响应码、耗时、摘要、重试和最终结果
P015,成长积分与荣誉积分,技术后台端,I01,统一身份与MFA,认证、任职身份、二次认证,同步调用,用户ID/身份ID/认证级别,P015-01-{业务主键},指数退避3次；超限转死信/人工,超时拒绝高风险操作,请求ID、响应码、耗时、摘要、重试和最终结果
P015,成长积分与荣誉积分,技术后台端,I02,组织与员工主数据,中心、部门、岗位、员工关系,同步查询+事件订阅,组织ID/员工ID/有效期,P015-02-{业务主键},指数退避3次；超限转死信/人工,缓存降级；变更事件补偿,请求ID、响应码、耗时、摘要、重试和最终结果
P015,成长积分与荣誉积分,技术后台端,I03,流程任务中心,实例、任务、状态、待办,内部事务+消息,实例号/任务号/状态,P015-03-{业务主键},指数退避3次；超限转死信/人工,幂等重试；死信队列,请求ID、响应码、耗时、摘要、重试和最终结果
P015,成长积分与荣誉积分,技术后台端,I04,消息通知中心,站内信、短信、邮件、企业微信,异步消息,模板变量/接收人/业务链接,P015-04-{业务主键},指数退避3次；超限转死信/人工,重试3次；失败告警,请求ID、响应码、耗时、摘要、重试和最终结果
P015,成长积分与荣誉积分,技术后台端,I05,文件与电子证据,附件、哈希、水印、短时下载,对象存储+签名URL,文件ID/哈希/敏感级别,P015-05-{业务主键},指数退避3次；超限转死信/人工,病毒隔离；链接过期,请求ID、响应码、耗时、摘要、重试和最终结果
P015,成长积分与荣誉积分,技术后台端,I06,审计日志平台,操作、前后值、接口请求ID,异步不可篡改日志,操作者/身份/时间/设备/IP,P015-06-{业务主键},指数退避3次；超限转死信/人工,关键审计失败阻断,请求ID、响应码、耗时、摘要、重试和最终结果
P015,成长积分与荣誉积分,技术后台端,I07,人力资源与考勤,员工、编制、合同、假勤、排班、绩效,API+事件,员工ID/岗位/时间/分数,P015-07-{业务主键},指数退避3次；超限转死信/人工,对账补偿；差异工单,请求ID、响应码、耗时、摘要、重试和最终结果
P016,员工福利与关怀,技术后台端,I01,统一身份与MFA,认证、任职身份、二次认证,同步调用,用户ID/身份ID/认证级别,P016-01-{业务主键},指数退避3次；超限转死信/人工,超时拒绝高风险操作,请求ID、响应码、耗时、摘要、重试和最终结果
P016,员工福利与关怀,技术后台端,I02,组织与员工主数据,中心、部门、岗位、员工关系,同步查询+事件订阅,组织ID/员工ID/有效期,P016-02-{业务主键},指数退避3次；超限转死信/人工,缓存降级；变更事件补偿,请求ID、响应码、耗时、摘要、重试和最终结果
P016,员工福利与关怀,技术后台端,I03,流程任务中心,实例、任务、状态、待办,内部事务+消息,实例号/任务号/状态,P016-03-{业务主键},指数退避3次；超限转死信/人工,幂等重试；死信队列,请求ID、响应码、耗时、摘要、重试和最终结果
P016,员工福利与关怀,技术后台端,I04,消息通知中心,站内信、短信、邮件、企业微信,异步消息,模板变量/接收人/业务链接,P016-04-{业务主键},指数退避3次；超限转死信/人工,重试3次；失败告警,请求ID、响应码、耗时、摘要、重试和最终结果
P016,员工福利与关怀,技术后台端,I05,文件与电子证据,附件、哈希、水印、短时下载,对象存储+签名URL,文件ID/哈希/敏感级别,P016-05-{业务主键},指数退避3次；超限转死信/人工,病毒隔离；链接过期,请求ID、响应码、耗时、摘要、重试和最终结果
P016,员工福利与关怀,技术后台端,I06,审计日志平台,操作、前后值、接口请求ID,异步不可篡改日志,操作者/身份/时间/设备/IP,P016-06-{业务主键},指数退避3次；超限转死信/人工,关键审计失败阻断,请求ID、响应码、耗时、摘要、重试和最终结果
P016,员工福利与关怀,技术后台端,I07,人力资源与考勤,员工、编制、合同、假勤、排班、绩效,API+事件,员工ID/岗位/时间/分数,P016-07-{业务主键},指数退避3次；超限转死信/人工,对账补偿；差异工单,请求ID、响应码、耗时、摘要、重试和最终结果
P016,员工福利与关怀,技术后台端,I08,财务预算与支付,预算占用、票据、付款、凭证、对账,API+批次,预算项/金额/凭证号,P016-08-{业务主键},指数退避3次；超限转死信/人工,冲销补偿；T+1对账,请求ID、响应码、耗时、摘要、重试和最终结果
P017,电子签署,技术后台端,I01,统一身份与MFA,认证、任职身份、二次认证,同步调用,用户ID/身份ID/认证级别,P017-01-{业务主键},指数退避3次；超限转死信/人工,超时拒绝高风险操作,请求ID、响应码、耗时、摘要、重试和最终结果
P017,电子签署,技术后台端,I02,组织与员工主数据,中心、部门、岗位、员工关系,同步查询+事件订阅,组织ID/员工ID/有效期,P017-02-{业务主键},指数退避3次；超限转死信/人工,缓存降级；变更事件补偿,请求ID、响应码、耗时、摘要、重试和最终结果
P017,电子签署,技术后台端,I03,流程任务中心,实例、任务、状态、待办,内部事务+消息,实例号/任务号/状态,P017-03-{业务主键},指数退避3次；超限转死信/人工,幂等重试；死信队列,请求ID、响应码、耗时、摘要、重试和最终结果
P017,电子签署,技术后台端,I04,消息通知中心,站内信、短信、邮件、企业微信,异步消息,模板变量/接收人/业务链接,P017-04-{业务主键},指数退避3次；超限转死信/人工,重试3次；失败告警,请求ID、响应码、耗时、摘要、重试和最终结果
P017,电子签署,技术后台端,I05,文件与电子证据,附件、哈希、水印、短时下载,对象存储+签名URL,文件ID/哈希/敏感级别,P017-05-{业务主键},指数退避3次；超限转死信/人工,病毒隔离；链接过期,请求ID、响应码、耗时、摘要、重试和最终结果
P017,电子签署,技术后台端,I06,审计日志平台,操作、前后值、接口请求ID,异步不可篡改日志,操作者/身份/时间/设备/IP,P017-06-{业务主键},指数退避3次；超限转死信/人工,关键审计失败阻断,请求ID、响应码、耗时、摘要、重试和最终结果
P018,数据导入,技术后台端,I01,统一身份与MFA,认证、任职身份、二次认证,同步调用,用户ID/身份ID/认证级别,P018-01-{业务主键},指数退避3次；超限转死信/人工,超时拒绝高风险操作,请求ID、响应码、耗时、摘要、重试和最终结果
P018,数据导入,技术后台端,I02,组织与员工主数据,中心、部门、岗位、员工关系,同步查询+事件订阅,组织ID/员工ID/有效期,P018-02-{业务主键},指数退避3次；超限转死信/人工,缓存降级；变更事件补偿,请求ID、响应码、耗时、摘要、重试和最终结果
P018,数据导入,技术后台端,I03,流程任务中心,实例、任务、状态、待办,内部事务+消息,实例号/任务号/状态,P018-03-{业务主键},指数退避3次；超限转死信/人工,幂等重试；死信队列,请求ID、响应码、耗时、摘要、重试和最终结果
P018,数据导入,技术后台端,I04,消息通知中心,站内信、短信、邮件、企业微信,异步消息,模板变量/接收人/业务链接,P018-04-{业务主键},指数退避3次；超限转死信/人工,重试3次；失败告警,请求ID、响应码、耗时、摘要、重试和最终结果
P018,数据导入,技术后台端,I05,文件与电子证据,附件、哈希、水印、短时下载,对象存储+签名URL,文件ID/哈希/敏感级别,P018-05-{业务主键},指数退避3次；超限转死信/人工,病毒隔离；链接过期,请求ID、响应码、耗时、摘要、重试和最终结果
P018,数据导入,技术后台端,I06,审计日志平台,操作、前后值、接口请求ID,异步不可篡改日志,操作者/身份/时间/设备/IP,P018-06-{业务主键},指数退避3次；超限转死信/人工,关键审计失败阻断,请求ID、响应码、耗时、摘要、重试和最终结果
P019,敏感导出与文件下载,技术后台端,I01,统一身份与MFA,认证、任职身份、二次认证,同步调用,用户ID/身份ID/认证级别,P019-01-{业务主键},指数退避3次；超限转死信/人工,超时拒绝高风险操作,请求ID、响应码、耗时、摘要、重试和最终结果
P019,敏感导出与文件下载,技术后台端,I02,组织与员工主数据,中心、部门、岗位、员工关系,同步查询+事件订阅,组织ID/员工ID/有效期,P019-02-{业务主键},指数退避3次；超限转死信/人工,缓存降级；变更事件补偿,请求ID、响应码、耗时、摘要、重试和最终结果
P019,敏感导出与文件下载,技术后台端,I03,流程任务中心,实例、任务、状态、待办,内部事务+消息,实例号/任务号/状态,P019-03-{业务主键},指数退避3次；超限转死信/人工,幂等重试；死信队列,请求ID、响应码、耗时、摘要、重试和最终结果
P019,敏感导出与文件下载,技术后台端,I04,消息通知中心,站内信、短信、邮件、企业微信,异步消息,模板变量/接收人/业务链接,P019-04-{业务主键},指数退避3次；超限转死信/人工,重试3次；失败告警,请求ID、响应码、耗时、摘要、重试和最终结果
P019,敏感导出与文件下载,技术后台端,I05,文件与电子证据,附件、哈希、水印、短时下载,对象存储+签名URL,文件ID/哈希/敏感级别,P019-05-{业务主键},指数退避3次；超限转死信/人工,病毒隔离；链接过期,请求ID、响应码、耗时、摘要、重试和最终结果
P019,敏感导出与文件下载,技术后台端,I06,审计日志平台,操作、前后值、接口请求ID,异步不可篡改日志,操作者/身份/时间/设备/IP,P019-06-{业务主键},指数退避3次；超限转死信/人工,关键审计失败阻断,请求ID、响应码、耗时、摘要、重试和最终结果
P020,数据质量与修复,技术后台端,I01,统一身份与MFA,认证、任职身份、二次认证,同步调用,用户ID/身份ID/认证级别,P020-01-{业务主键},指数退避3次；超限转死信/人工,超时拒绝高风险操作,请求ID、响应码、耗时、摘要、重试和最终结果
P020,数据质量与修复,技术后台端,I02,组织与员工主数据,中心、部门、岗位、员工关系,同步查询+事件订阅,组织ID/员工ID/有效期,P020-02-{业务主键},指数退避3次；超限转死信/人工,缓存降级；变更事件补偿,请求ID、响应码、耗时、摘要、重试和最终结果
P020,数据质量与修复,技术后台端,I03,流程任务中心,实例、任务、状态、待办,内部事务+消息,实例号/任务号/状态,P020-03-{业务主键},指数退避3次；超限转死信/人工,幂等重试；死信队列,请求ID、响应码、耗时、摘要、重试和最终结果
P020,数据质量与修复,技术后台端,I04,消息通知中心,站内信、短信、邮件、企业微信,异步消息,模板变量/接收人/业务链接,P020-04-{业务主键},指数退避3次；超限转死信/人工,重试3次；失败告警,请求ID、响应码、耗时、摘要、重试和最终结果
P020,数据质量与修复,技术后台端,I05,文件与电子证据,附件、哈希、水印、短时下载,对象存储+签名URL,文件ID/哈希/敏感级别,P020-05-{业务主键},指数退避3次；超限转死信/人工,病毒隔离；链接过期,请求ID、响应码、耗时、摘要、重试和最终结果
P020,数据质量与修复,技术后台端,I06,审计日志平台,操作、前后值、接口请求ID,异步不可篡改日志,操作者/身份/时间/设备/IP,P020-06-{业务主键},指数退避3次；超限转死信/人工,关键审计失败阻断,请求ID、响应码、耗时、摘要、重试和最终结果
P021,经营会议闭环,技术后台端,I01,统一身份与MFA,认证、任职身份、二次认证,同步调用,用户ID/身份ID/认证级别,P021-01-{业务主键},指数退避3次；超限转死信/人工,超时拒绝高风险操作,请求ID、响应码、耗时、摘要、重试和最终结果
P021,经营会议闭环,技术后台端,I02,组织与员工主数据,中心、部门、岗位、员工关系,同步查询+事件订阅,组织ID/员工ID/有效期,P021-02-{业务主键},指数退避3次；超限转死信/人工,缓存降级；变更事件补偿,请求ID、响应码、耗时、摘要、重试和最终结果
P021,经营会议闭环,技术后台端,I03,流程任务中心,实例、任务、状态、待办,内部事务+消息,实例号/任务号/状态,P021-03-{业务主键},指数退避3次；超限转死信/人工,幂等重试；死信队列,请求ID、响应码、耗时、摘要、重试和最终结果
P021,经营会议闭环,技术后台端,I04,消息通知中心,站内信、短信、邮件、企业微信,异步消息,模板变量/接收人/业务链接,P021-04-{业务主键},指数退避3次；超限转死信/人工,重试3次；失败告警,请求ID、响应码、耗时、摘要、重试和最终结果
P021,经营会议闭环,技术后台端,I05,文件与电子证据,附件、哈希、水印、短时下载,对象存储+签名URL,文件ID/哈希/敏感级别,P021-05-{业务主键},指数退避3次；超限转死信/人工,病毒隔离；链接过期,请求ID、响应码、耗时、摘要、重试和最终结果
P021,经营会议闭环,技术后台端,I06,审计日志平台,操作、前后值、接口请求ID,异步不可篡改日志,操作者/身份/时间/设备/IP,P021-06-{业务主键},指数退避3次；超限转死信/人工,关键审计失败阻断,请求ID、响应码、耗时、摘要、重试和最终结果
P022,总裁指令闭环,技术后台端,I01,统一身份与MFA,认证、任职身份、二次认证,同步调用,用户ID/身份ID/认证级别,P022-01-{业务主键},指数退避3次；超限转死信/人工,超时拒绝高风险操作,请求ID、响应码、耗时、摘要、重试和最终结果
P022,总裁指令闭环,技术后台端,I02,组织与员工主数据,中心、部门、岗位、员工关系,同步查询+事件订阅,组织ID/员工ID/有效期,P022-02-{业务主键},指数退避3次；超限转死信/人工,缓存降级；变更事件补偿,请求ID、响应码、耗时、摘要、重试和最终结果
P022,总裁指令闭环,技术后台端,I03,流程任务中心,实例、任务、状态、待办,内部事务+消息,实例号/任务号/状态,P022-03-{业务主键},指数退避3次；超限转死信/人工,幂等重试；死信队列,请求ID、响应码、耗时、摘要、重试和最终结果
P022,总裁指令闭环,技术后台端,I04,消息通知中心,站内信、短信、邮件、企业微信,异步消息,模板变量/接收人/业务链接,P022-04-{业务主键},指数退避3次；超限转死信/人工,重试3次；失败告警,请求ID、响应码、耗时、摘要、重试和最终结果
P022,总裁指令闭环,技术后台端,I05,文件与电子证据,附件、哈希、水印、短时下载,对象存储+签名URL,文件ID/哈希/敏感级别,P022-05-{业务主键},指数退避3次；超限转死信/人工,病毒隔离；链接过期,请求ID、响应码、耗时、摘要、重试和最终结果
P022,总裁指令闭环,技术后台端,I06,审计日志平台,操作、前后值、接口请求ID,异步不可篡改日志,操作者/身份/时间/设备/IP,P022-06-{业务主键},指数退避3次；超限转死信/人工,关键审计失败阻断,请求ID、响应码、耗时、摘要、重试和最终结果
P023,重大事项升级,技术后台端,I01,统一身份与MFA,认证、任职身份、二次认证,同步调用,用户ID/身份ID/认证级别,P023-01-{业务主键},指数退避3次；超限转死信/人工,超时拒绝高风险操作,请求ID、响应码、耗时、摘要、重试和最终结果
P023,重大事项升级,技术后台端,I02,组织与员工主数据,中心、部门、岗位、员工关系,同步查询+事件订阅,组织ID/员工ID/有效期,P023-02-{业务主键},指数退避3次；超限转死信/人工,缓存降级；变更事件补偿,请求ID、响应码、耗时、摘要、重试和最终结果
P023,重大事项升级,技术后台端,I03,流程任务中心,实例、任务、状态、待办,内部事务+消息,实例号/任务号/状态,P023-03-{业务主键},指数退避3次；超限转死信/人工,幂等重试；死信队列,请求ID、响应码、耗时、摘要、重试和最终结果
P023,重大事项升级,技术后台端,I04,消息通知中心,站内信、短信、邮件、企业微信,异步消息,模板变量/接收人/业务链接,P023-04-{业务主键},指数退避3次；超限转死信/人工,重试3次；失败告警,请求ID、响应码、耗时、摘要、重试和最终结果
P023,重大事项升级,技术后台端,I05,文件与电子证据,附件、哈希、水印、短时下载,对象存储+签名URL,文件ID/哈希/敏感级别,P023-05-{业务主键},指数退避3次；超限转死信/人工,病毒隔离；链接过期,请求ID、响应码、耗时、摘要、重试和最终结果
P023,重大事项升级,技术后台端,I06,审计日志平台,操作、前后值、接口请求ID,异步不可篡改日志,操作者/身份/时间/设备/IP,P023-06-{业务主键},指数退避3次；超限转死信/人工,关键审计失败阻断,请求ID、响应码、耗时、摘要、重试和最终结果
P024,预算闭环,技术后台端,I01,统一身份与MFA,认证、任职身份、二次认证,同步调用,用户ID/身份ID/认证级别,P024-01-{业务主键},指数退避3次；超限转死信/人工,超时拒绝高风险操作,请求ID、响应码、耗时、摘要、重试和最终结果
P024,预算闭环,技术后台端,I02,组织与员工主数据,中心、部门、岗位、员工关系,同步查询+事件订阅,组织ID/员工ID/有效期,P024-02-{业务主键},指数退避3次；超限转死信/人工,缓存降级；变更事件补偿,请求ID、响应码、耗时、摘要、重试和最终结果
P024,预算闭环,技术后台端,I03,流程任务中心,实例、任务、状态、待办,内部事务+消息,实例号/任务号/状态,P024-03-{业务主键},指数退避3次；超限转死信/人工,幂等重试；死信队列,请求ID、响应码、耗时、摘要、重试和最终结果
P024,预算闭环,技术后台端,I04,消息通知中心,站内信、短信、邮件、企业微信,异步消息,模板变量/接收人/业务链接,P024-04-{业务主键},指数退避3次；超限转死信/人工,重试3次；失败告警,请求ID、响应码、耗时、摘要、重试和最终结果
P024,预算闭环,技术后台端,I05,文件与电子证据,附件、哈希、水印、短时下载,对象存储+签名URL,文件ID/哈希/敏感级别,P024-05-{业务主键},指数退避3次；超限转死信/人工,病毒隔离；链接过期,请求ID、响应码、耗时、摘要、重试和最终结果
P024,预算闭环,技术后台端,I06,审计日志平台,操作、前后值、接口请求ID,异步不可篡改日志,操作者/身份/时间/设备/IP,P024-06-{业务主键},指数退避3次；超限转死信/人工,关键审计失败阻断,请求ID、响应码、耗时、摘要、重试和最终结果
P024,预算闭环,技术后台端,I07,财务预算与支付,预算占用、票据、付款、凭证、对账,API+批次,预算项/金额/凭证号,P024-07-{业务主键},指数退避3次；超限转死信/人工,冲销补偿；T+1对账,请求ID、响应码、耗时、摘要、重试和最终结果
P025,报销闭环,技术后台端,I01,统一身份与MFA,认证、任职身份、二次认证,同步调用,用户ID/身份ID/认证级别,P025-01-{业务主键},指数退避3次；超限转死信/人工,超时拒绝高风险操作,请求ID、响应码、耗时、摘要、重试和最终结果
P025,报销闭环,技术后台端,I02,组织与员工主数据,中心、部门、岗位、员工关系,同步查询+事件订阅,组织ID/员工ID/有效期,P025-02-{业务主键},指数退避3次；超限转死信/人工,缓存降级；变更事件补偿,请求ID、响应码、耗时、摘要、重试和最终结果
P025,报销闭环,技术后台端,I03,流程任务中心,实例、任务、状态、待办,内部事务+消息,实例号/任务号/状态,P025-03-{业务主键},指数退避3次；超限转死信/人工,幂等重试；死信队列,请求ID、响应码、耗时、摘要、重试和最终结果
P025,报销闭环,技术后台端,I04,消息通知中心,站内信、短信、邮件、企业微信,异步消息,模板变量/接收人/业务链接,P025-04-{业务主键},指数退避3次；超限转死信/人工,重试3次；失败告警,请求ID、响应码、耗时、摘要、重试和最终结果
P025,报销闭环,技术后台端,I05,文件与电子证据,附件、哈希、水印、短时下载,对象存储+签名URL,文件ID/哈希/敏感级别,P025-05-{业务主键},指数退避3次；超限转死信/人工,病毒隔离；链接过期,请求ID、响应码、耗时、摘要、重试和最终结果
P025,报销闭环,技术后台端,I06,审计日志平台,操作、前后值、接口请求ID,异步不可篡改日志,操作者/身份/时间/设备/IP,P025-06-{业务主键},指数退避3次；超限转死信/人工,关键审计失败阻断,请求ID、响应码、耗时、摘要、重试和最终结果
P025,报销闭环,技术后台端,I07,财务预算与支付,预算占用、票据、付款、凭证、对账,API+批次,预算项/金额/凭证号,P025-07-{业务主键},指数退避3次；超限转死信/人工,冲销补偿；T+1对账,请求ID、响应码、耗时、摘要、重试和最终结果
P026,借款核销,技术后台端,I01,统一身份与MFA,认证、任职身份、二次认证,同步调用,用户ID/身份ID/认证级别,P026-01-{业务主键},指数退避3次；超限转死信/人工,超时拒绝高风险操作,请求ID、响应码、耗时、摘要、重试和最终结果
P026,借款核销,技术后台端,I02,组织与员工主数据,中心、部门、岗位、员工关系,同步查询+事件订阅,组织ID/员工ID/有效期,P026-02-{业务主键},指数退避3次；超限转死信/人工,缓存降级；变更事件补偿,请求ID、响应码、耗时、摘要、重试和最终结果
P026,借款核销,技术后台端,I03,流程任务中心,实例、任务、状态、待办,内部事务+消息,实例号/任务号/状态,P026-03-{业务主键},指数退避3次；超限转死信/人工,幂等重试；死信队列,请求ID、响应码、耗时、摘要、重试和最终结果
P026,借款核销,技术后台端,I04,消息通知中心,站内信、短信、邮件、企业微信,异步消息,模板变量/接收人/业务链接,P026-04-{业务主键},指数退避3次；超限转死信/人工,重试3次；失败告警,请求ID、响应码、耗时、摘要、重试和最终结果
P026,借款核销,技术后台端,I05,文件与电子证据,附件、哈希、水印、短时下载,对象存储+签名URL,文件ID/哈希/敏感级别,P026-05-{业务主键},指数退避3次；超限转死信/人工,病毒隔离；链接过期,请求ID、响应码、耗时、摘要、重试和最终结果
P026,借款核销,技术后台端,I06,审计日志平台,操作、前后值、接口请求ID,异步不可篡改日志,操作者/身份/时间/设备/IP,P026-06-{业务主键},指数退避3次；超限转死信/人工,关键审计失败阻断,请求ID、响应码、耗时、摘要、重试和最终结果
P026,借款核销,技术后台端,I07,财务预算与支付,预算占用、票据、付款、凭证、对账,API+批次,预算项/金额/凭证号,P026-07-{业务主键},指数退避3次；超限转死信/人工,冲销补偿；T+1对账,请求ID、响应码、耗时、摘要、重试和最终结果
P026,借款核销,技术后台端,I08,订单票务与支付,订单、支付、出票、核销、退款,API+消息,订单号/票码/金额/状态,P026-08-{业务主键},指数退避3次；超限转死信/人工,幂等回调；差异队列,请求ID、响应码、耗时、摘要、重试和最终结果
P027,跨系统对账,技术后台端,I01,统一身份与MFA,认证、任职身份、二次认证,同步调用,用户ID/身份ID/认证级别,P027-01-{业务主键},指数退避3次；超限转死信/人工,超时拒绝高风险操作,请求ID、响应码、耗时、摘要、重试和最终结果
P027,跨系统对账,技术后台端,I02,组织与员工主数据,中心、部门、岗位、员工关系,同步查询+事件订阅,组织ID/员工ID/有效期,P027-02-{业务主键},指数退避3次；超限转死信/人工,缓存降级；变更事件补偿,请求ID、响应码、耗时、摘要、重试和最终结果
P027,跨系统对账,技术后台端,I03,流程任务中心,实例、任务、状态、待办,内部事务+消息,实例号/任务号/状态,P027-03-{业务主键},指数退避3次；超限转死信/人工,幂等重试；死信队列,请求ID、响应码、耗时、摘要、重试和最终结果
P027,跨系统对账,技术后台端,I04,消息通知中心,站内信、短信、邮件、企业微信,异步消息,模板变量/接收人/业务链接,P027-04-{业务主键},指数退避3次；超限转死信/人工,重试3次；失败告警,请求ID、响应码、耗时、摘要、重试和最终结果
P027,跨系统对账,技术后台端,I05,文件与电子证据,附件、哈希、水印、短时下载,对象存储+签名URL,文件ID/哈希/敏感级别,P027-05-{业务主键},指数退避3次；超限转死信/人工,病毒隔离；链接过期,请求ID、响应码、耗时、摘要、重试和最终结果
P027,跨系统对账,技术后台端,I06,审计日志平台,操作、前后值、接口请求ID,异步不可篡改日志,操作者/身份/时间/设备/IP,P027-06-{业务主键},指数退避3次；超限转死信/人工,关键审计失败阻断,请求ID、响应码、耗时、摘要、重试和最终结果
P027,跨系统对账,技术后台端,I07,财务预算与支付,预算占用、票据、付款、凭证、对账,API+批次,预算项/金额/凭证号,P027-07-{业务主键},指数退避3次；超限转死信/人工,冲销补偿；T+1对账,请求ID、响应码、耗时、摘要、重试和最终结果
P028,录用入职闭环,技术后台端,I01,统一身份与MFA,认证、任职身份、二次认证,同步调用,用户ID/身份ID/认证级别,P028-01-{业务主键},指数退避3次；超限转死信/人工,超时拒绝高风险操作,请求ID、响应码、耗时、摘要、重试和最终结果
P028,录用入职闭环,技术后台端,I02,组织与员工主数据,中心、部门、岗位、员工关系,同步查询+事件订阅,组织ID/员工ID/有效期,P028-02-{业务主键},指数退避3次；超限转死信/人工,缓存降级；变更事件补偿,请求ID、响应码、耗时、摘要、重试和最终结果
P028,录用入职闭环,技术后台端,I03,流程任务中心,实例、任务、状态、待办,内部事务+消息,实例号/任务号/状态,P028-03-{业务主键},指数退避3次；超限转死信/人工,幂等重试；死信队列,请求ID、响应码、耗时、摘要、重试和最终结果
P028,录用入职闭环,技术后台端,I04,消息通知中心,站内信、短信、邮件、企业微信,异步消息,模板变量/接收人/业务链接,P028-04-{业务主键},指数退避3次；超限转死信/人工,重试3次；失败告警,请求ID、响应码、耗时、摘要、重试和最终结果
P028,录用入职闭环,技术后台端,I05,文件与电子证据,附件、哈希、水印、短时下载,对象存储+签名URL,文件ID/哈希/敏感级别,P028-05-{业务主键},指数退避3次；超限转死信/人工,病毒隔离；链接过期,请求ID、响应码、耗时、摘要、重试和最终结果
P028,录用入职闭环,技术后台端,I06,审计日志平台,操作、前后值、接口请求ID,异步不可篡改日志,操作者/身份/时间/设备/IP,P028-06-{业务主键},指数退避3次；超限转死信/人工,关键审计失败阻断,请求ID、响应码、耗时、摘要、重试和最终结果
P028,录用入职闭环,技术后台端,I07,人力资源与考勤,员工、编制、合同、假勤、排班、绩效,API+事件,员工ID/岗位/时间/分数,P028-07-{业务主键},指数退避3次；超限转死信/人工,对账补偿；差异工单,请求ID、响应码、耗时、摘要、重试和最终结果
P028,录用入职闭环,技术后台端,I08,财务预算与支付,预算占用、票据、付款、凭证、对账,API+批次,预算项/金额/凭证号,P028-08-{业务主键},指数退避3次；超限转死信/人工,冲销补偿；T+1对账,请求ID、响应码、耗时、摘要、重试和最终结果
P029,调岗闭环,技术后台端,I01,统一身份与MFA,认证、任职身份、二次认证,同步调用,用户ID/身份ID/认证级别,P029-01-{业务主键},指数退避3次；超限转死信/人工,超时拒绝高风险操作,请求ID、响应码、耗时、摘要、重试和最终结果
P029,调岗闭环,技术后台端,I02,组织与员工主数据,中心、部门、岗位、员工关系,同步查询+事件订阅,组织ID/员工ID/有效期,P029-02-{业务主键},指数退避3次；超限转死信/人工,缓存降级；变更事件补偿,请求ID、响应码、耗时、摘要、重试和最终结果
P029,调岗闭环,技术后台端,I03,流程任务中心,实例、任务、状态、待办,内部事务+消息,实例号/任务号/状态,P029-03-{业务主键},指数退避3次；超限转死信/人工,幂等重试；死信队列,请求ID、响应码、耗时、摘要、重试和最终结果
P029,调岗闭环,技术后台端,I04,消息通知中心,站内信、短信、邮件、企业微信,异步消息,模板变量/接收人/业务链接,P029-04-{业务主键},指数退避3次；超限转死信/人工,重试3次；失败告警,请求ID、响应码、耗时、摘要、重试和最终结果
P029,调岗闭环,技术后台端,I05,文件与电子证据,附件、哈希、水印、短时下载,对象存储+签名URL,文件ID/哈希/敏感级别,P029-05-{业务主键},指数退避3次；超限转死信/人工,病毒隔离；链接过期,请求ID、响应码、耗时、摘要、重试和最终结果
P029,调岗闭环,技术后台端,I06,审计日志平台,操作、前后值、接口请求ID,异步不可篡改日志,操作者/身份/时间/设备/IP,P029-06-{业务主键},指数退避3次；超限转死信/人工,关键审计失败阻断,请求ID、响应码、耗时、摘要、重试和最终结果
P029,调岗闭环,技术后台端,I07,人力资源与考勤,员工、编制、合同、假勤、排班、绩效,API+事件,员工ID/岗位/时间/分数,P029-07-{业务主键},指数退避3次；超限转死信/人工,对账补偿；差异工单,请求ID、响应码、耗时、摘要、重试和最终结果
P030,离职闭环,技术后台端,I01,统一身份与MFA,认证、任职身份、二次认证,同步调用,用户ID/身份ID/认证级别,P030-01-{业务主键},指数退避3次；超限转死信/人工,超时拒绝高风险操作,请求ID、响应码、耗时、摘要、重试和最终结果
P030,离职闭环,技术后台端,I02,组织与员工主数据,中心、部门、岗位、员工关系,同步查询+事件订阅,组织ID/员工ID/有效期,P030-02-{业务主键},指数退避3次；超限转死信/人工,缓存降级；变更事件补偿,请求ID、响应码、耗时、摘要、重试和最终结果
P030,离职闭环,技术后台端,I03,流程任务中心,实例、任务、状态、待办,内部事务+消息,实例号/任务号/状态,P030-03-{业务主键},指数退避3次；超限转死信/人工,幂等重试；死信队列,请求ID、响应码、耗时、摘要、重试和最终结果
P030,离职闭环,技术后台端,I04,消息通知中心,站内信、短信、邮件、企业微信,异步消息,模板变量/接收人/业务链接,P030-04-{业务主键},指数退避3次；超限转死信/人工,重试3次；失败告警,请求ID、响应码、耗时、摘要、重试和最终结果
P030,离职闭环,技术后台端,I05,文件与电子证据,附件、哈希、水印、短时下载,对象存储+签名URL,文件ID/哈希/敏感级别,P030-05-{业务主键},指数退避3次；超限转死信/人工,病毒隔离；链接过期,请求ID、响应码、耗时、摘要、重试和最终结果
P030,离职闭环,技术后台端,I06,审计日志平台,操作、前后值、接口请求ID,异步不可篡改日志,操作者/身份/时间/设备/IP,P030-06-{业务主键},指数退避3次；超限转死信/人工,关键审计失败阻断,请求ID、响应码、耗时、摘要、重试和最终结果
P030,离职闭环,技术后台端,I07,人力资源与考勤,员工、编制、合同、假勤、排班、绩效,API+事件,员工ID/岗位/时间/分数,P030-07-{业务主键},指数退避3次；超限转死信/人工,对账补偿；差异工单,请求ID、响应码、耗时、摘要、重试和最终结果
P030,离职闭环,技术后台端,I08,财务预算与支付,预算占用、票据、付款、凭证、对账,API+批次,预算项/金额/凭证号,P030-08-{业务主键},指数退避3次；超限转死信/人工,冲销补偿；T+1对账,请求ID、响应码、耗时、摘要、重试和最终结果
P030,离职闭环,技术后台端,I09,资产仓储系统,物料、批次、序列号、库存与资产状态,API+事件,物料/资产ID/数量/库位,P030-09-{业务主键},指数退避3次；超限转死信/人工,库存锁补偿；负库存阻断,请求ID、响应码、耗时、摘要、重试和最终结果
P031,归档接收,技术后台端,I01,统一身份与MFA,认证、任职身份、二次认证,同步调用,用户ID/身份ID/认证级别,P031-01-{业务主键},指数退避3次；超限转死信/人工,超时拒绝高风险操作,请求ID、响应码、耗时、摘要、重试和最终结果
P031,归档接收,技术后台端,I02,组织与员工主数据,中心、部门、岗位、员工关系,同步查询+事件订阅,组织ID/员工ID/有效期,P031-02-{业务主键},指数退避3次；超限转死信/人工,缓存降级；变更事件补偿,请求ID、响应码、耗时、摘要、重试和最终结果
P031,归档接收,技术后台端,I03,流程任务中心,实例、任务、状态、待办,内部事务+消息,实例号/任务号/状态,P031-03-{业务主键},指数退避3次；超限转死信/人工,幂等重试；死信队列,请求ID、响应码、耗时、摘要、重试和最终结果
P031,归档接收,技术后台端,I04,消息通知中心,站内信、短信、邮件、企业微信,异步消息,模板变量/接收人/业务链接,P031-04-{业务主键},指数退避3次；超限转死信/人工,重试3次；失败告警,请求ID、响应码、耗时、摘要、重试和最终结果
P031,归档接收,技术后台端,I05,文件与电子证据,附件、哈希、水印、短时下载,对象存储+签名URL,文件ID/哈希/敏感级别,P031-05-{业务主键},指数退避3次；超限转死信/人工,病毒隔离；链接过期,请求ID、响应码、耗时、摘要、重试和最终结果
P031,归档接收,技术后台端,I06,审计日志平台,操作、前后值、接口请求ID,异步不可篡改日志,操作者/身份/时间/设备/IP,P031-06-{业务主键},指数退避3次；超限转死信/人工,关键审计失败阻断,请求ID、响应码、耗时、摘要、重试和最终结果
P031,归档接收,技术后台端,I07,资产仓储系统,物料、批次、序列号、库存与资产状态,API+事件,物料/资产ID/数量/库位,P031-07-{业务主键},指数退避3次；超限转死信/人工,库存锁补偿；负库存阻断,请求ID、响应码、耗时、摘要、重试和最终结果
P032,借阅归还,技术后台端,I01,统一身份与MFA,认证、任职身份、二次认证,同步调用,用户ID/身份ID/认证级别,P032-01-{业务主键},指数退避3次；超限转死信/人工,超时拒绝高风险操作,请求ID、响应码、耗时、摘要、重试和最终结果
P032,借阅归还,技术后台端,I02,组织与员工主数据,中心、部门、岗位、员工关系,同步查询+事件订阅,组织ID/员工ID/有效期,P032-02-{业务主键},指数退避3次；超限转死信/人工,缓存降级；变更事件补偿,请求ID、响应码、耗时、摘要、重试和最终结果
P032,借阅归还,技术后台端,I03,流程任务中心,实例、任务、状态、待办,内部事务+消息,实例号/任务号/状态,P032-03-{业务主键},指数退避3次；超限转死信/人工,幂等重试；死信队列,请求ID、响应码、耗时、摘要、重试和最终结果
P032,借阅归还,技术后台端,I04,消息通知中心,站内信、短信、邮件、企业微信,异步消息,模板变量/接收人/业务链接,P032-04-{业务主键},指数退避3次；超限转死信/人工,重试3次；失败告警,请求ID、响应码、耗时、摘要、重试和最终结果
P032,借阅归还,技术后台端,I05,文件与电子证据,附件、哈希、水印、短时下载,对象存储+签名URL,文件ID/哈希/敏感级别,P032-05-{业务主键},指数退避3次；超限转死信/人工,病毒隔离；链接过期,请求ID、响应码、耗时、摘要、重试和最终结果
P032,借阅归还,技术后台端,I06,审计日志平台,操作、前后值、接口请求ID,异步不可篡改日志,操作者/身份/时间/设备/IP,P032-06-{业务主键},指数退避3次；超限转死信/人工,关键审计失败阻断,请求ID、响应码、耗时、摘要、重试和最终结果
P032,借阅归还,技术后台端,I07,资产仓储系统,物料、批次、序列号、库存与资产状态,API+事件,物料/资产ID/数量/库位,P032-07-{业务主键},指数退避3次；超限转死信/人工,库存锁补偿；负库存阻断,请求ID、响应码、耗时、摘要、重试和最终结果
P033,销毁鉴定,技术后台端,I01,统一身份与MFA,认证、任职身份、二次认证,同步调用,用户ID/身份ID/认证级别,P033-01-{业务主键},指数退避3次；超限转死信/人工,超时拒绝高风险操作,请求ID、响应码、耗时、摘要、重试和最终结果
P033,销毁鉴定,技术后台端,I02,组织与员工主数据,中心、部门、岗位、员工关系,同步查询+事件订阅,组织ID/员工ID/有效期,P033-02-{业务主键},指数退避3次；超限转死信/人工,缓存降级；变更事件补偿,请求ID、响应码、耗时、摘要、重试和最终结果
P033,销毁鉴定,技术后台端,I03,流程任务中心,实例、任务、状态、待办,内部事务+消息,实例号/任务号/状态,P033-03-{业务主键},指数退避3次；超限转死信/人工,幂等重试；死信队列,请求ID、响应码、耗时、摘要、重试和最终结果
P033,销毁鉴定,技术后台端,I04,消息通知中心,站内信、短信、邮件、企业微信,异步消息,模板变量/接收人/业务链接,P033-04-{业务主键},指数退避3次；超限转死信/人工,重试3次；失败告警,请求ID、响应码、耗时、摘要、重试和最终结果
P033,销毁鉴定,技术后台端,I05,文件与电子证据,附件、哈希、水印、短时下载,对象存储+签名URL,文件ID/哈希/敏感级别,P033-05-{业务主键},指数退避3次；超限转死信/人工,病毒隔离；链接过期,请求ID、响应码、耗时、摘要、重试和最终结果
P033,销毁鉴定,技术后台端,I06,审计日志平台,操作、前后值、接口请求ID,异步不可篡改日志,操作者/身份/时间/设备/IP,P033-06-{业务主键},指数退避3次；超限转死信/人工,关键审计失败阻断,请求ID、响应码、耗时、摘要、重试和最终结果
P034,标准采购,技术后台端,I01,统一身份与MFA,认证、任职身份、二次认证,同步调用,用户ID/身份ID/认证级别,P034-01-{业务主键},指数退避3次；超限转死信/人工,超时拒绝高风险操作,请求ID、响应码、耗时、摘要、重试和最终结果
P034,标准采购,技术后台端,I02,组织与员工主数据,中心、部门、岗位、员工关系,同步查询+事件订阅,组织ID/员工ID/有效期,P034-02-{业务主键},指数退避3次；超限转死信/人工,缓存降级；变更事件补偿,请求ID、响应码、耗时、摘要、重试和最终结果
P034,标准采购,技术后台端,I03,流程任务中心,实例、任务、状态、待办,内部事务+消息,实例号/任务号/状态,P034-03-{业务主键},指数退避3次；超限转死信/人工,幂等重试；死信队列,请求ID、响应码、耗时、摘要、重试和最终结果
P034,标准采购,技术后台端,I04,消息通知中心,站内信、短信、邮件、企业微信,异步消息,模板变量/接收人/业务链接,P034-04-{业务主键},指数退避3次；超限转死信/人工,重试3次；失败告警,请求ID、响应码、耗时、摘要、重试和最终结果
P034,标准采购,技术后台端,I05,文件与电子证据,附件、哈希、水印、短时下载,对象存储+签名URL,文件ID/哈希/敏感级别,P034-05-{业务主键},指数退避3次；超限转死信/人工,病毒隔离；链接过期,请求ID、响应码、耗时、摘要、重试和最终结果
P034,标准采购,技术后台端,I06,审计日志平台,操作、前后值、接口请求ID,异步不可篡改日志,操作者/身份/时间/设备/IP,P034-06-{业务主键},指数退避3次；超限转死信/人工,关键审计失败阻断,请求ID、响应码、耗时、摘要、重试和最终结果
P034,标准采购,技术后台端,I07,财务预算与支付,预算占用、票据、付款、凭证、对账,API+批次,预算项/金额/凭证号,P034-07-{业务主键},指数退避3次；超限转死信/人工,冲销补偿；T+1对账,请求ID、响应码、耗时、摘要、重试和最终结果
P034,标准采购,技术后台端,I08,订单票务与支付,订单、支付、出票、核销、退款,API+消息,订单号/票码/金额/状态,P034-08-{业务主键},指数退避3次；超限转死信/人工,幂等回调；差异队列,请求ID、响应码、耗时、摘要、重试和最终结果
P034,标准采购,技术后台端,I09,资产仓储系统,物料、批次、序列号、库存与资产状态,API+事件,物料/资产ID/数量/库位,P034-09-{业务主键},指数退避3次；超限转死信/人工,库存锁补偿；负库存阻断,请求ID、响应码、耗时、摘要、重试和最终结果
P035,紧急采购,技术后台端,I01,统一身份与MFA,认证、任职身份、二次认证,同步调用,用户ID/身份ID/认证级别,P035-01-{业务主键},指数退避3次；超限转死信/人工,超时拒绝高风险操作,请求ID、响应码、耗时、摘要、重试和最终结果
P035,紧急采购,技术后台端,I02,组织与员工主数据,中心、部门、岗位、员工关系,同步查询+事件订阅,组织ID/员工ID/有效期,P035-02-{业务主键},指数退避3次；超限转死信/人工,缓存降级；变更事件补偿,请求ID、响应码、耗时、摘要、重试和最终结果
P035,紧急采购,技术后台端,I03,流程任务中心,实例、任务、状态、待办,内部事务+消息,实例号/任务号/状态,P035-03-{业务主键},指数退避3次；超限转死信/人工,幂等重试；死信队列,请求ID、响应码、耗时、摘要、重试和最终结果
P035,紧急采购,技术后台端,I04,消息通知中心,站内信、短信、邮件、企业微信,异步消息,模板变量/接收人/业务链接,P035-04-{业务主键},指数退避3次；超限转死信/人工,重试3次；失败告警,请求ID、响应码、耗时、摘要、重试和最终结果
P035,紧急采购,技术后台端,I05,文件与电子证据,附件、哈希、水印、短时下载,对象存储+签名URL,文件ID/哈希/敏感级别,P035-05-{业务主键},指数退避3次；超限转死信/人工,病毒隔离；链接过期,请求ID、响应码、耗时、摘要、重试和最终结果
P035,紧急采购,技术后台端,I06,审计日志平台,操作、前后值、接口请求ID,异步不可篡改日志,操作者/身份/时间/设备/IP,P035-06-{业务主键},指数退避3次；超限转死信/人工,关键审计失败阻断,请求ID、响应码、耗时、摘要、重试和最终结果
P035,紧急采购,技术后台端,I07,财务预算与支付,预算占用、票据、付款、凭证、对账,API+批次,预算项/金额/凭证号,P035-07-{业务主键},指数退避3次；超限转死信/人工,冲销补偿；T+1对账,请求ID、响应码、耗时、摘要、重试和最终结果
P036,退换货,技术后台端,I01,统一身份与MFA,认证、任职身份、二次认证,同步调用,用户ID/身份ID/认证级别,P036-01-{业务主键},指数退避3次；超限转死信/人工,超时拒绝高风险操作,请求ID、响应码、耗时、摘要、重试和最终结果
P036,退换货,技术后台端,I02,组织与员工主数据,中心、部门、岗位、员工关系,同步查询+事件订阅,组织ID/员工ID/有效期,P036-02-{业务主键},指数退避3次；超限转死信/人工,缓存降级；变更事件补偿,请求ID、响应码、耗时、摘要、重试和最终结果
P036,退换货,技术后台端,I03,流程任务中心,实例、任务、状态、待办,内部事务+消息,实例号/任务号/状态,P036-03-{业务主键},指数退避3次；超限转死信/人工,幂等重试；死信队列,请求ID、响应码、耗时、摘要、重试和最终结果
P036,退换货,技术后台端,I04,消息通知中心,站内信、短信、邮件、企业微信,异步消息,模板变量/接收人/业务链接,P036-04-{业务主键},指数退避3次；超限转死信/人工,重试3次；失败告警,请求ID、响应码、耗时、摘要、重试和最终结果
P036,退换货,技术后台端,I05,文件与电子证据,附件、哈希、水印、短时下载,对象存储+签名URL,文件ID/哈希/敏感级别,P036-05-{业务主键},指数退避3次；超限转死信/人工,病毒隔离；链接过期,请求ID、响应码、耗时、摘要、重试和最终结果
P036,退换货,技术后台端,I06,审计日志平台,操作、前后值、接口请求ID,异步不可篡改日志,操作者/身份/时间/设备/IP,P036-06-{业务主键},指数退避3次；超限转死信/人工,关键审计失败阻断,请求ID、响应码、耗时、摘要、重试和最终结果
P036,退换货,技术后台端,I07,财务预算与支付,预算占用、票据、付款、凭证、对账,API+批次,预算项/金额/凭证号,P036-07-{业务主键},指数退避3次；超限转死信/人工,冲销补偿；T+1对账,请求ID、响应码、耗时、摘要、重试和最终结果
P036,退换货,技术后台端,I08,资产仓储系统,物料、批次、序列号、库存与资产状态,API+事件,物料/资产ID/数量/库位,P036-08-{业务主键},指数退避3次；超限转死信/人工,库存锁补偿；负库存阻断,请求ID、响应码、耗时、摘要、重试和最终结果
P037,售检票闭环,技术后台端,I01,统一身份与MFA,认证、任职身份、二次认证,同步调用,用户ID/身份ID/认证级别,P037-01-{业务主键},指数退避3次；超限转死信/人工,超时拒绝高风险操作,请求ID、响应码、耗时、摘要、重试和最终结果
P037,售检票闭环,技术后台端,I02,组织与员工主数据,中心、部门、岗位、员工关系,同步查询+事件订阅,组织ID/员工ID/有效期,P037-02-{业务主键},指数退避3次；超限转死信/人工,缓存降级；变更事件补偿,请求ID、响应码、耗时、摘要、重试和最终结果
P037,售检票闭环,技术后台端,I03,流程任务中心,实例、任务、状态、待办,内部事务+消息,实例号/任务号/状态,P037-03-{业务主键},指数退避3次；超限转死信/人工,幂等重试；死信队列,请求ID、响应码、耗时、摘要、重试和最终结果
P037,售检票闭环,技术后台端,I04,消息通知中心,站内信、短信、邮件、企业微信,异步消息,模板变量/接收人/业务链接,P037-04-{业务主键},指数退避3次；超限转死信/人工,重试3次；失败告警,请求ID、响应码、耗时、摘要、重试和最终结果
P037,售检票闭环,技术后台端,I05,文件与电子证据,附件、哈希、水印、短时下载,对象存储+签名URL,文件ID/哈希/敏感级别,P037-05-{业务主键},指数退避3次；超限转死信/人工,病毒隔离；链接过期,请求ID、响应码、耗时、摘要、重试和最终结果
P037,售检票闭环,技术后台端,I06,审计日志平台,操作、前后值、接口请求ID,异步不可篡改日志,操作者/身份/时间/设备/IP,P037-06-{业务主键},指数退避3次；超限转死信/人工,关键审计失败阻断,请求ID、响应码、耗时、摘要、重试和最终结果
P037,售检票闭环,技术后台端,I07,财务预算与支付,预算占用、票据、付款、凭证、对账,API+批次,预算项/金额/凭证号,P037-07-{业务主键},指数退避3次；超限转死信/人工,冲销补偿；T+1对账,请求ID、响应码、耗时、摘要、重试和最终结果
P037,售检票闭环,技术后台端,I08,订单票务与支付,订单、支付、出票、核销、退款,API+消息,订单号/票码/金额/状态,P037-08-{业务主键},指数退避3次；超限转死信/人工,幂等回调；差异队列,请求ID、响应码、耗时、摘要、重试和最终结果
P038,退款改签,技术后台端,I01,统一身份与MFA,认证、任职身份、二次认证,同步调用,用户ID/身份ID/认证级别,P038-01-{业务主键},指数退避3次；超限转死信/人工,超时拒绝高风险操作,请求ID、响应码、耗时、摘要、重试和最终结果
P038,退款改签,技术后台端,I02,组织与员工主数据,中心、部门、岗位、员工关系,同步查询+事件订阅,组织ID/员工ID/有效期,P038-02-{业务主键},指数退避3次；超限转死信/人工,缓存降级；变更事件补偿,请求ID、响应码、耗时、摘要、重试和最终结果
P038,退款改签,技术后台端,I03,流程任务中心,实例、任务、状态、待办,内部事务+消息,实例号/任务号/状态,P038-03-{业务主键},指数退避3次；超限转死信/人工,幂等重试；死信队列,请求ID、响应码、耗时、摘要、重试和最终结果
P038,退款改签,技术后台端,I04,消息通知中心,站内信、短信、邮件、企业微信,异步消息,模板变量/接收人/业务链接,P038-04-{业务主键},指数退避3次；超限转死信/人工,重试3次；失败告警,请求ID、响应码、耗时、摘要、重试和最终结果
P038,退款改签,技术后台端,I05,文件与电子证据,附件、哈希、水印、短时下载,对象存储+签名URL,文件ID/哈希/敏感级别,P038-05-{业务主键},指数退避3次；超限转死信/人工,病毒隔离；链接过期,请求ID、响应码、耗时、摘要、重试和最终结果
P038,退款改签,技术后台端,I06,审计日志平台,操作、前后值、接口请求ID,异步不可篡改日志,操作者/身份/时间/设备/IP,P038-06-{业务主键},指数退避3次；超限转死信/人工,关键审计失败阻断,请求ID、响应码、耗时、摘要、重试和最终结果
P038,退款改签,技术后台端,I07,财务预算与支付,预算占用、票据、付款、凭证、对账,API+批次,预算项/金额/凭证号,P038-07-{业务主键},指数退避3次；超限转死信/人工,冲销补偿；T+1对账,请求ID、响应码、耗时、摘要、重试和最终结果
P038,退款改签,技术后台端,I08,订单票务与支付,订单、支付、出票、核销、退款,API+消息,订单号/票码/金额/状态,P038-08-{业务主键},指数退避3次；超限转死信/人工,幂等回调；差异队列,请求ID、响应码、耗时、摘要、重试和最终结果
P039,离线检票,技术后台端,I01,统一身份与MFA,认证、任职身份、二次认证,同步调用,用户ID/身份ID/认证级别,P039-01-{业务主键},指数退避3次；超限转死信/人工,超时拒绝高风险操作,请求ID、响应码、耗时、摘要、重试和最终结果
P039,离线检票,技术后台端,I02,组织与员工主数据,中心、部门、岗位、员工关系,同步查询+事件订阅,组织ID/员工ID/有效期,P039-02-{业务主键},指数退避3次；超限转死信/人工,缓存降级；变更事件补偿,请求ID、响应码、耗时、摘要、重试和最终结果
P039,离线检票,技术后台端,I03,流程任务中心,实例、任务、状态、待办,内部事务+消息,实例号/任务号/状态,P039-03-{业务主键},指数退避3次；超限转死信/人工,幂等重试；死信队列,请求ID、响应码、耗时、摘要、重试和最终结果
P039,离线检票,技术后台端,I04,消息通知中心,站内信、短信、邮件、企业微信,异步消息,模板变量/接收人/业务链接,P039-04-{业务主键},指数退避3次；超限转死信/人工,重试3次；失败告警,请求ID、响应码、耗时、摘要、重试和最终结果
P039,离线检票,技术后台端,I05,文件与电子证据,附件、哈希、水印、短时下载,对象存储+签名URL,文件ID/哈希/敏感级别,P039-05-{业务主键},指数退避3次；超限转死信/人工,病毒隔离；链接过期,请求ID、响应码、耗时、摘要、重试和最终结果
P039,离线检票,技术后台端,I06,审计日志平台,操作、前后值、接口请求ID,异步不可篡改日志,操作者/身份/时间/设备/IP,P039-06-{业务主键},指数退避3次；超限转死信/人工,关键审计失败阻断,请求ID、响应码、耗时、摘要、重试和最终结果
P039,离线检票,技术后台端,I07,订单票务与支付,订单、支付、出票、核销、退款,API+消息,订单号/票码/金额/状态,P039-07-{业务主键},指数退避3次；超限转死信/人工,幂等回调；差异队列,请求ID、响应码、耗时、摘要、重试和最终结果
P039,离线检票,技术后台端,I08,CMDB/研发/CI-CD,配置项、代码、构建、测试、发布、监控,API+Webhook,工作项/构建号/版本/环境,P039-08-{业务主键},指数退避3次；超限转死信/人工,回退流水；发布门禁,请求ID、响应码、耗时、摘要、重试和最终结果
P040,商机推进,技术后台端,I01,统一身份与MFA,认证、任职身份、二次认证,同步调用,用户ID/身份ID/认证级别,P040-01-{业务主键},指数退避3次；超限转死信/人工,超时拒绝高风险操作,请求ID、响应码、耗时、摘要、重试和最终结果
P040,商机推进,技术后台端,I02,组织与员工主数据,中心、部门、岗位、员工关系,同步查询+事件订阅,组织ID/员工ID/有效期,P040-02-{业务主键},指数退避3次；超限转死信/人工,缓存降级；变更事件补偿,请求ID、响应码、耗时、摘要、重试和最终结果
P040,商机推进,技术后台端,I03,流程任务中心,实例、任务、状态、待办,内部事务+消息,实例号/任务号/状态,P040-03-{业务主键},指数退避3次；超限转死信/人工,幂等重试；死信队列,请求ID、响应码、耗时、摘要、重试和最终结果
P040,商机推进,技术后台端,I04,消息通知中心,站内信、短信、邮件、企业微信,异步消息,模板变量/接收人/业务链接,P040-04-{业务主键},指数退避3次；超限转死信/人工,重试3次；失败告警,请求ID、响应码、耗时、摘要、重试和最终结果
P040,商机推进,技术后台端,I05,文件与电子证据,附件、哈希、水印、短时下载,对象存储+签名URL,文件ID/哈希/敏感级别,P040-05-{业务主键},指数退避3次；超限转死信/人工,病毒隔离；链接过期,请求ID、响应码、耗时、摘要、重试和最终结果
P040,商机推进,技术后台端,I06,审计日志平台,操作、前后值、接口请求ID,异步不可篡改日志,操作者/身份/时间/设备/IP,P040-06-{业务主键},指数退避3次；超限转死信/人工,关键审计失败阻断,请求ID、响应码、耗时、摘要、重试和最终结果
P040,商机推进,技术后台端,I07,财务预算与支付,预算占用、票据、付款、凭证、对账,API+批次,预算项/金额/凭证号,P040-07-{业务主键},指数退避3次；超限转死信/人工,冲销补偿；T+1对账,请求ID、响应码、耗时、摘要、重试和最终结果
P040,商机推进,技术后台端,I08,CRM与客户主数据,客户、联系人、线索、商机、归属,API+事件,客户ID/商机号/负责人,P040-08-{业务主键},指数退避3次；超限转死信/人工,查重合并；归属冲突工单,请求ID、响应码、耗时、摘要、重试和最终结果
P041,市场活动,技术后台端,I01,统一身份与MFA,认证、任职身份、二次认证,同步调用,用户ID/身份ID/认证级别,P041-01-{业务主键},指数退避3次；超限转死信/人工,超时拒绝高风险操作,请求ID、响应码、耗时、摘要、重试和最终结果
P041,市场活动,技术后台端,I02,组织与员工主数据,中心、部门、岗位、员工关系,同步查询+事件订阅,组织ID/员工ID/有效期,P041-02-{业务主键},指数退避3次；超限转死信/人工,缓存降级；变更事件补偿,请求ID、响应码、耗时、摘要、重试和最终结果
P041,市场活动,技术后台端,I03,流程任务中心,实例、任务、状态、待办,内部事务+消息,实例号/任务号/状态,P041-03-{业务主键},指数退避3次；超限转死信/人工,幂等重试；死信队列,请求ID、响应码、耗时、摘要、重试和最终结果
P041,市场活动,技术后台端,I04,消息通知中心,站内信、短信、邮件、企业微信,异步消息,模板变量/接收人/业务链接,P041-04-{业务主键},指数退避3次；超限转死信/人工,重试3次；失败告警,请求ID、响应码、耗时、摘要、重试和最终结果
P041,市场活动,技术后台端,I05,文件与电子证据,附件、哈希、水印、短时下载,对象存储+签名URL,文件ID/哈希/敏感级别,P041-05-{业务主键},指数退避3次；超限转死信/人工,病毒隔离；链接过期,请求ID、响应码、耗时、摘要、重试和最终结果
P041,市场活动,技术后台端,I06,审计日志平台,操作、前后值、接口请求ID,异步不可篡改日志,操作者/身份/时间/设备/IP,P041-06-{业务主键},指数退避3次；超限转死信/人工,关键审计失败阻断,请求ID、响应码、耗时、摘要、重试和最终结果
P041,市场活动,技术后台端,I07,财务预算与支付,预算占用、票据、付款、凭证、对账,API+批次,预算项/金额/凭证号,P041-07-{业务主键},指数退避3次；超限转死信/人工,冲销补偿；T+1对账,请求ID、响应码、耗时、摘要、重试和最终结果
P041,市场活动,技术后台端,I08,CRM与客户主数据,客户、联系人、线索、商机、归属,API+事件,客户ID/商机号/负责人,P041-08-{业务主键},指数退避3次；超限转死信/人工,查重合并；归属冲突工单,请求ID、响应码、耗时、摘要、重试和最终结果
P041,市场活动,技术后台端,I09,内容资产与渠道平台,素材、版本、版权、发布与数据回流,API+平台回调,内容ID/渠道ID/发布状态/指标,P041-09-{业务主键},指数退避3次；超限转死信/人工,回调验签；平台差异对账,请求ID、响应码、耗时、摘要、重试和最终结果
P042,渠道准入,技术后台端,I01,统一身份与MFA,认证、任职身份、二次认证,同步调用,用户ID/身份ID/认证级别,P042-01-{业务主键},指数退避3次；超限转死信/人工,超时拒绝高风险操作,请求ID、响应码、耗时、摘要、重试和最终结果
P042,渠道准入,技术后台端,I02,组织与员工主数据,中心、部门、岗位、员工关系,同步查询+事件订阅,组织ID/员工ID/有效期,P042-02-{业务主键},指数退避3次；超限转死信/人工,缓存降级；变更事件补偿,请求ID、响应码、耗时、摘要、重试和最终结果
P042,渠道准入,技术后台端,I03,流程任务中心,实例、任务、状态、待办,内部事务+消息,实例号/任务号/状态,P042-03-{业务主键},指数退避3次；超限转死信/人工,幂等重试；死信队列,请求ID、响应码、耗时、摘要、重试和最终结果
P042,渠道准入,技术后台端,I04,消息通知中心,站内信、短信、邮件、企业微信,异步消息,模板变量/接收人/业务链接,P042-04-{业务主键},指数退避3次；超限转死信/人工,重试3次；失败告警,请求ID、响应码、耗时、摘要、重试和最终结果
P042,渠道准入,技术后台端,I05,文件与电子证据,附件、哈希、水印、短时下载,对象存储+签名URL,文件ID/哈希/敏感级别,P042-05-{业务主键},指数退避3次；超限转死信/人工,病毒隔离；链接过期,请求ID、响应码、耗时、摘要、重试和最终结果
P042,渠道准入,技术后台端,I06,审计日志平台,操作、前后值、接口请求ID,异步不可篡改日志,操作者/身份/时间/设备/IP,P042-06-{业务主键},指数退避3次；超限转死信/人工,关键审计失败阻断,请求ID、响应码、耗时、摘要、重试和最终结果
P042,渠道准入,技术后台端,I07,CRM与客户主数据,客户、联系人、线索、商机、归属,API+事件,客户ID/商机号/负责人,P042-07-{业务主键},指数退避3次；超限转死信/人工,查重合并；归属冲突工单,请求ID、响应码、耗时、摘要、重试和最终结果
P043,课程产品上线,技术后台端,I01,统一身份与MFA,认证、任职身份、二次认证,同步调用,用户ID/身份ID/认证级别,P043-01-{业务主键},指数退避3次；超限转死信/人工,超时拒绝高风险操作,请求ID、响应码、耗时、摘要、重试和最终结果
P043,课程产品上线,技术后台端,I02,组织与员工主数据,中心、部门、岗位、员工关系,同步查询+事件订阅,组织ID/员工ID/有效期,P043-02-{业务主键},指数退避3次；超限转死信/人工,缓存降级；变更事件补偿,请求ID、响应码、耗时、摘要、重试和最终结果
P043,课程产品上线,技术后台端,I03,流程任务中心,实例、任务、状态、待办,内部事务+消息,实例号/任务号/状态,P043-03-{业务主键},指数退避3次；超限转死信/人工,幂等重试；死信队列,请求ID、响应码、耗时、摘要、重试和最终结果
P043,课程产品上线,技术后台端,I04,消息通知中心,站内信、短信、邮件、企业微信,异步消息,模板变量/接收人/业务链接,P043-04-{业务主键},指数退避3次；超限转死信/人工,重试3次；失败告警,请求ID、响应码、耗时、摘要、重试和最终结果
P043,课程产品上线,技术后台端,I05,文件与电子证据,附件、哈希、水印、短时下载,对象存储+签名URL,文件ID/哈希/敏感级别,P043-05-{业务主键},指数退避3次；超限转死信/人工,病毒隔离；链接过期,请求ID、响应码、耗时、摘要、重试和最终结果
P043,课程产品上线,技术后台端,I06,审计日志平台,操作、前后值、接口请求ID,异步不可篡改日志,操作者/身份/时间/设备/IP,P043-06-{业务主键},指数退避3次；超限转死信/人工,关键审计失败阻断,请求ID、响应码、耗时、摘要、重试和最终结果
P043,课程产品上线,技术后台端,I07,课程与排课系统,课程版本、讲师资格、场地与排课,API+事件,课程版本/讲师/时间/场地,P043-07-{业务主键},指数退避3次；超限转死信/人工,冲突校验；自动释放锁,请求ID、响应码、耗时、摘要、重试和最终结果
P043,课程产品上线,技术后台端,I08,内容资产与渠道平台,素材、版本、版权、发布与数据回流,API+平台回调,内容ID/渠道ID/发布状态/指标,P043-08-{业务主键},指数退避3次；超限转死信/人工,回调验签；平台差异对账,请求ID、响应码、耗时、摘要、重试和最终结果
P044,研学团队交付,技术后台端,I01,统一身份与MFA,认证、任职身份、二次认证,同步调用,用户ID/身份ID/认证级别,P044-01-{业务主键},指数退避3次；超限转死信/人工,超时拒绝高风险操作,请求ID、响应码、耗时、摘要、重试和最终结果
P044,研学团队交付,技术后台端,I02,组织与员工主数据,中心、部门、岗位、员工关系,同步查询+事件订阅,组织ID/员工ID/有效期,P044-02-{业务主键},指数退避3次；超限转死信/人工,缓存降级；变更事件补偿,请求ID、响应码、耗时、摘要、重试和最终结果
P044,研学团队交付,技术后台端,I03,流程任务中心,实例、任务、状态、待办,内部事务+消息,实例号/任务号/状态,P044-03-{业务主键},指数退避3次；超限转死信/人工,幂等重试；死信队列,请求ID、响应码、耗时、摘要、重试和最终结果
P044,研学团队交付,技术后台端,I04,消息通知中心,站内信、短信、邮件、企业微信,异步消息,模板变量/接收人/业务链接,P044-04-{业务主键},指数退避3次；超限转死信/人工,重试3次；失败告警,请求ID、响应码、耗时、摘要、重试和最终结果
P044,研学团队交付,技术后台端,I05,文件与电子证据,附件、哈希、水印、短时下载,对象存储+签名URL,文件ID/哈希/敏感级别,P044-05-{业务主键},指数退避3次；超限转死信/人工,病毒隔离；链接过期,请求ID、响应码、耗时、摘要、重试和最终结果
P044,研学团队交付,技术后台端,I06,审计日志平台,操作、前后值、接口请求ID,异步不可篡改日志,操作者/身份/时间/设备/IP,P044-06-{业务主键},指数退避3次；超限转死信/人工,关键审计失败阻断,请求ID、响应码、耗时、摘要、重试和最终结果
P044,研学团队交付,技术后台端,I07,财务预算与支付,预算占用、票据、付款、凭证、对账,API+批次,预算项/金额/凭证号,P044-07-{业务主键},指数退避3次；超限转死信/人工,冲销补偿；T+1对账,请求ID、响应码、耗时、摘要、重试和最终结果
P044,研学团队交付,技术后台端,I08,订单票务与支付,订单、支付、出票、核销、退款,API+消息,订单号/票码/金额/状态,P044-08-{业务主键},指数退避3次；超限转死信/人工,幂等回调；差异队列,请求ID、响应码、耗时、摘要、重试和最终结果
P044,研学团队交付,技术后台端,I09,课程与排课系统,课程版本、讲师资格、场地与排课,API+事件,课程版本/讲师/时间/场地,P044-09-{业务主键},指数退避3次；超限转死信/人工,冲突校验；自动释放锁,请求ID、响应码、耗时、摘要、重试和最终结果
P045,讲师排课,技术后台端,I01,统一身份与MFA,认证、任职身份、二次认证,同步调用,用户ID/身份ID/认证级别,P045-01-{业务主键},指数退避3次；超限转死信/人工,超时拒绝高风险操作,请求ID、响应码、耗时、摘要、重试和最终结果
P045,讲师排课,技术后台端,I02,组织与员工主数据,中心、部门、岗位、员工关系,同步查询+事件订阅,组织ID/员工ID/有效期,P045-02-{业务主键},指数退避3次；超限转死信/人工,缓存降级；变更事件补偿,请求ID、响应码、耗时、摘要、重试和最终结果
P045,讲师排课,技术后台端,I03,流程任务中心,实例、任务、状态、待办,内部事务+消息,实例号/任务号/状态,P045-03-{业务主键},指数退避3次；超限转死信/人工,幂等重试；死信队列,请求ID、响应码、耗时、摘要、重试和最终结果
P045,讲师排课,技术后台端,I04,消息通知中心,站内信、短信、邮件、企业微信,异步消息,模板变量/接收人/业务链接,P045-04-{业务主键},指数退避3次；超限转死信/人工,重试3次；失败告警,请求ID、响应码、耗时、摘要、重试和最终结果
P045,讲师排课,技术后台端,I05,文件与电子证据,附件、哈希、水印、短时下载,对象存储+签名URL,文件ID/哈希/敏感级别,P045-05-{业务主键},指数退避3次；超限转死信/人工,病毒隔离；链接过期,请求ID、响应码、耗时、摘要、重试和最终结果
P045,讲师排课,技术后台端,I06,审计日志平台,操作、前后值、接口请求ID,异步不可篡改日志,操作者/身份/时间/设备/IP,P045-06-{业务主键},指数退避3次；超限转死信/人工,关键审计失败阻断,请求ID、响应码、耗时、摘要、重试和最终结果
P045,讲师排课,技术后台端,I07,课程与排课系统,课程版本、讲师资格、场地与排课,API+事件,课程版本/讲师/时间/场地,P045-07-{业务主键},指数退避3次；超限转死信/人工,冲突校验；自动释放锁,请求ID、响应码、耗时、摘要、重试和最终结果
P046,通知执行,技术后台端,I01,统一身份与MFA,认证、任职身份、二次认证,同步调用,用户ID/身份ID/认证级别,P046-01-{业务主键},指数退避3次；超限转死信/人工,超时拒绝高风险操作,请求ID、响应码、耗时、摘要、重试和最终结果
P046,通知执行,技术后台端,I02,组织与员工主数据,中心、部门、岗位、员工关系,同步查询+事件订阅,组织ID/员工ID/有效期,P046-02-{业务主键},指数退避3次；超限转死信/人工,缓存降级；变更事件补偿,请求ID、响应码、耗时、摘要、重试和最终结果
P046,通知执行,技术后台端,I03,流程任务中心,实例、任务、状态、待办,内部事务+消息,实例号/任务号/状态,P046-03-{业务主键},指数退避3次；超限转死信/人工,幂等重试；死信队列,请求ID、响应码、耗时、摘要、重试和最终结果
P046,通知执行,技术后台端,I04,消息通知中心,站内信、短信、邮件、企业微信,异步消息,模板变量/接收人/业务链接,P046-04-{业务主键},指数退避3次；超限转死信/人工,重试3次；失败告警,请求ID、响应码、耗时、摘要、重试和最终结果
P046,通知执行,技术后台端,I05,文件与电子证据,附件、哈希、水印、短时下载,对象存储+签名URL,文件ID/哈希/敏感级别,P046-05-{业务主键},指数退避3次；超限转死信/人工,病毒隔离；链接过期,请求ID、响应码、耗时、摘要、重试和最终结果
P046,通知执行,技术后台端,I06,审计日志平台,操作、前后值、接口请求ID,异步不可篡改日志,操作者/身份/时间/设备/IP,P046-06-{业务主键},指数退避3次；超限转死信/人工,关键审计失败阻断,请求ID、响应码、耗时、摘要、重试和最终结果
P047,正式公文,技术后台端,I01,统一身份与MFA,认证、任职身份、二次认证,同步调用,用户ID/身份ID/认证级别,P047-01-{业务主键},指数退避3次；超限转死信/人工,超时拒绝高风险操作,请求ID、响应码、耗时、摘要、重试和最终结果
P047,正式公文,技术后台端,I02,组织与员工主数据,中心、部门、岗位、员工关系,同步查询+事件订阅,组织ID/员工ID/有效期,P047-02-{业务主键},指数退避3次；超限转死信/人工,缓存降级；变更事件补偿,请求ID、响应码、耗时、摘要、重试和最终结果
P047,正式公文,技术后台端,I03,流程任务中心,实例、任务、状态、待办,内部事务+消息,实例号/任务号/状态,P047-03-{业务主键},指数退避3次；超限转死信/人工,幂等重试；死信队列,请求ID、响应码、耗时、摘要、重试和最终结果
P047,正式公文,技术后台端,I04,消息通知中心,站内信、短信、邮件、企业微信,异步消息,模板变量/接收人/业务链接,P047-04-{业务主键},指数退避3次；超限转死信/人工,重试3次；失败告警,请求ID、响应码、耗时、摘要、重试和最终结果
P047,正式公文,技术后台端,I05,文件与电子证据,附件、哈希、水印、短时下载,对象存储+签名URL,文件ID/哈希/敏感级别,P047-05-{业务主键},指数退避3次；超限转死信/人工,病毒隔离；链接过期,请求ID、响应码、耗时、摘要、重试和最终结果
P047,正式公文,技术后台端,I06,审计日志平台,操作、前后值、接口请求ID,异步不可篡改日志,操作者/身份/时间/设备/IP,P047-06-{业务主键},指数退避3次；超限转死信/人工,关键审计失败阻断,请求ID、响应码、耗时、摘要、重试和最终结果
P048,会议行动,技术后台端,I01,统一身份与MFA,认证、任职身份、二次认证,同步调用,用户ID/身份ID/认证级别,P048-01-{业务主键},指数退避3次；超限转死信/人工,超时拒绝高风险操作,请求ID、响应码、耗时、摘要、重试和最终结果
P048,会议行动,技术后台端,I02,组织与员工主数据,中心、部门、岗位、员工关系,同步查询+事件订阅,组织ID/员工ID/有效期,P048-02-{业务主键},指数退避3次；超限转死信/人工,缓存降级；变更事件补偿,请求ID、响应码、耗时、摘要、重试和最终结果
P048,会议行动,技术后台端,I03,流程任务中心,实例、任务、状态、待办,内部事务+消息,实例号/任务号/状态,P048-03-{业务主键},指数退避3次；超限转死信/人工,幂等重试；死信队列,请求ID、响应码、耗时、摘要、重试和最终结果
P048,会议行动,技术后台端,I04,消息通知中心,站内信、短信、邮件、企业微信,异步消息,模板变量/接收人/业务链接,P048-04-{业务主键},指数退避3次；超限转死信/人工,重试3次；失败告警,请求ID、响应码、耗时、摘要、重试和最终结果
P048,会议行动,技术后台端,I05,文件与电子证据,附件、哈希、水印、短时下载,对象存储+签名URL,文件ID/哈希/敏感级别,P048-05-{业务主键},指数退避3次；超限转死信/人工,病毒隔离；链接过期,请求ID、响应码、耗时、摘要、重试和最终结果
P048,会议行动,技术后台端,I06,审计日志平台,操作、前后值、接口请求ID,异步不可篡改日志,操作者/身份/时间/设备/IP,P048-06-{业务主键},指数退避3次；超限转死信/人工,关键审计失败阻断,请求ID、响应码、耗时、摘要、重试和最终结果
P049,大型活动,技术后台端,I01,统一身份与MFA,认证、任职身份、二次认证,同步调用,用户ID/身份ID/认证级别,P049-01-{业务主键},指数退避3次；超限转死信/人工,超时拒绝高风险操作,请求ID、响应码、耗时、摘要、重试和最终结果
P049,大型活动,技术后台端,I02,组织与员工主数据,中心、部门、岗位、员工关系,同步查询+事件订阅,组织ID/员工ID/有效期,P049-02-{业务主键},指数退避3次；超限转死信/人工,缓存降级；变更事件补偿,请求ID、响应码、耗时、摘要、重试和最终结果
P049,大型活动,技术后台端,I03,流程任务中心,实例、任务、状态、待办,内部事务+消息,实例号/任务号/状态,P049-03-{业务主键},指数退避3次；超限转死信/人工,幂等重试；死信队列,请求ID、响应码、耗时、摘要、重试和最终结果
P049,大型活动,技术后台端,I04,消息通知中心,站内信、短信、邮件、企业微信,异步消息,模板变量/接收人/业务链接,P049-04-{业务主键},指数退避3次；超限转死信/人工,重试3次；失败告警,请求ID、响应码、耗时、摘要、重试和最终结果
P049,大型活动,技术后台端,I05,文件与电子证据,附件、哈希、水印、短时下载,对象存储+签名URL,文件ID/哈希/敏感级别,P049-05-{业务主键},指数退避3次；超限转死信/人工,病毒隔离；链接过期,请求ID、响应码、耗时、摘要、重试和最终结果
P049,大型活动,技术后台端,I06,审计日志平台,操作、前后值、接口请求ID,异步不可篡改日志,操作者/身份/时间/设备/IP,P049-06-{业务主键},指数退避3次；超限转死信/人工,关键审计失败阻断,请求ID、响应码、耗时、摘要、重试和最终结果
P050,入库,技术后台端,I01,统一身份与MFA,认证、任职身份、二次认证,同步调用,用户ID/身份ID/认证级别,P050-01-{业务主键},指数退避3次；超限转死信/人工,超时拒绝高风险操作,请求ID、响应码、耗时、摘要、重试和最终结果
P050,入库,技术后台端,I02,组织与员工主数据,中心、部门、岗位、员工关系,同步查询+事件订阅,组织ID/员工ID/有效期,P050-02-{业务主键},指数退避3次；超限转死信/人工,缓存降级；变更事件补偿,请求ID、响应码、耗时、摘要、重试和最终结果
P050,入库,技术后台端,I03,流程任务中心,实例、任务、状态、待办,内部事务+消息,实例号/任务号/状态,P050-03-{业务主键},指数退避3次；超限转死信/人工,幂等重试；死信队列,请求ID、响应码、耗时、摘要、重试和最终结果
P050,入库,技术后台端,I04,消息通知中心,站内信、短信、邮件、企业微信,异步消息,模板变量/接收人/业务链接,P050-04-{业务主键},指数退避3次；超限转死信/人工,重试3次；失败告警,请求ID、响应码、耗时、摘要、重试和最终结果
P050,入库,技术后台端,I05,文件与电子证据,附件、哈希、水印、短时下载,对象存储+签名URL,文件ID/哈希/敏感级别,P050-05-{业务主键},指数退避3次；超限转死信/人工,病毒隔离；链接过期,请求ID、响应码、耗时、摘要、重试和最终结果
P050,入库,技术后台端,I06,审计日志平台,操作、前后值、接口请求ID,异步不可篡改日志,操作者/身份/时间/设备/IP,P050-06-{业务主键},指数退避3次；超限转死信/人工,关键审计失败阻断,请求ID、响应码、耗时、摘要、重试和最终结果
P050,入库,技术后台端,I07,资产仓储系统,物料、批次、序列号、库存与资产状态,API+事件,物料/资产ID/数量/库位,P050-07-{业务主键},指数退避3次；超限转死信/人工,库存锁补偿；负库存阻断,请求ID、响应码、耗时、摘要、重试和最终结果
P051,领借调还,技术后台端,I01,统一身份与MFA,认证、任职身份、二次认证,同步调用,用户ID/身份ID/认证级别,P051-01-{业务主键},指数退避3次；超限转死信/人工,超时拒绝高风险操作,请求ID、响应码、耗时、摘要、重试和最终结果
P051,领借调还,技术后台端,I02,组织与员工主数据,中心、部门、岗位、员工关系,同步查询+事件订阅,组织ID/员工ID/有效期,P051-02-{业务主键},指数退避3次；超限转死信/人工,缓存降级；变更事件补偿,请求ID、响应码、耗时、摘要、重试和最终结果
P051,领借调还,技术后台端,I03,流程任务中心,实例、任务、状态、待办,内部事务+消息,实例号/任务号/状态,P051-03-{业务主键},指数退避3次；超限转死信/人工,幂等重试；死信队列,请求ID、响应码、耗时、摘要、重试和最终结果
P051,领借调还,技术后台端,I04,消息通知中心,站内信、短信、邮件、企业微信,异步消息,模板变量/接收人/业务链接,P051-04-{业务主键},指数退避3次；超限转死信/人工,重试3次；失败告警,请求ID、响应码、耗时、摘要、重试和最终结果
P051,领借调还,技术后台端,I05,文件与电子证据,附件、哈希、水印、短时下载,对象存储+签名URL,文件ID/哈希/敏感级别,P051-05-{业务主键},指数退避3次；超限转死信/人工,病毒隔离；链接过期,请求ID、响应码、耗时、摘要、重试和最终结果
P051,领借调还,技术后台端,I06,审计日志平台,操作、前后值、接口请求ID,异步不可篡改日志,操作者/身份/时间/设备/IP,P051-06-{业务主键},指数退避3次；超限转死信/人工,关键审计失败阻断,请求ID、响应码、耗时、摘要、重试和最终结果
P051,领借调还,技术后台端,I07,资产仓储系统,物料、批次、序列号、库存与资产状态,API+事件,物料/资产ID/数量/库位,P051-07-{业务主键},指数退避3次；超限转死信/人工,库存锁补偿；负库存阻断,请求ID、响应码、耗时、摘要、重试和最终结果
P052,盘点,技术后台端,I01,统一身份与MFA,认证、任职身份、二次认证,同步调用,用户ID/身份ID/认证级别,P052-01-{业务主键},指数退避3次；超限转死信/人工,超时拒绝高风险操作,请求ID、响应码、耗时、摘要、重试和最终结果
P052,盘点,技术后台端,I02,组织与员工主数据,中心、部门、岗位、员工关系,同步查询+事件订阅,组织ID/员工ID/有效期,P052-02-{业务主键},指数退避3次；超限转死信/人工,缓存降级；变更事件补偿,请求ID、响应码、耗时、摘要、重试和最终结果
P052,盘点,技术后台端,I03,流程任务中心,实例、任务、状态、待办,内部事务+消息,实例号/任务号/状态,P052-03-{业务主键},指数退避3次；超限转死信/人工,幂等重试；死信队列,请求ID、响应码、耗时、摘要、重试和最终结果
P052,盘点,技术后台端,I04,消息通知中心,站内信、短信、邮件、企业微信,异步消息,模板变量/接收人/业务链接,P052-04-{业务主键},指数退避3次；超限转死信/人工,重试3次；失败告警,请求ID、响应码、耗时、摘要、重试和最终结果
P052,盘点,技术后台端,I05,文件与电子证据,附件、哈希、水印、短时下载,对象存储+签名URL,文件ID/哈希/敏感级别,P052-05-{业务主键},指数退避3次；超限转死信/人工,病毒隔离；链接过期,请求ID、响应码、耗时、摘要、重试和最终结果
P052,盘点,技术后台端,I06,审计日志平台,操作、前后值、接口请求ID,异步不可篡改日志,操作者/身份/时间/设备/IP,P052-06-{业务主键},指数退避3次；超限转死信/人工,关键审计失败阻断,请求ID、响应码、耗时、摘要、重试和最终结果
P052,盘点,技术后台端,I07,资产仓储系统,物料、批次、序列号、库存与资产状态,API+事件,物料/资产ID/数量/库位,P052-07-{业务主键},指数退避3次；超限转死信/人工,库存锁补偿；负库存阻断,请求ID、响应码、耗时、摘要、重试和最终结果
P053,报废处置,技术后台端,I01,统一身份与MFA,认证、任职身份、二次认证,同步调用,用户ID/身份ID/认证级别,P053-01-{业务主键},指数退避3次；超限转死信/人工,超时拒绝高风险操作,请求ID、响应码、耗时、摘要、重试和最终结果
P053,报废处置,技术后台端,I02,组织与员工主数据,中心、部门、岗位、员工关系,同步查询+事件订阅,组织ID/员工ID/有效期,P053-02-{业务主键},指数退避3次；超限转死信/人工,缓存降级；变更事件补偿,请求ID、响应码、耗时、摘要、重试和最终结果
P053,报废处置,技术后台端,I03,流程任务中心,实例、任务、状态、待办,内部事务+消息,实例号/任务号/状态,P053-03-{业务主键},指数退避3次；超限转死信/人工,幂等重试；死信队列,请求ID、响应码、耗时、摘要、重试和最终结果
P053,报废处置,技术后台端,I04,消息通知中心,站内信、短信、邮件、企业微信,异步消息,模板变量/接收人/业务链接,P053-04-{业务主键},指数退避3次；超限转死信/人工,重试3次；失败告警,请求ID、响应码、耗时、摘要、重试和最终结果
P053,报废处置,技术后台端,I05,文件与电子证据,附件、哈希、水印、短时下载,对象存储+签名URL,文件ID/哈希/敏感级别,P053-05-{业务主键},指数退避3次；超限转死信/人工,病毒隔离；链接过期,请求ID、响应码、耗时、摘要、重试和最终结果
P053,报废处置,技术后台端,I06,审计日志平台,操作、前后值、接口请求ID,异步不可篡改日志,操作者/身份/时间/设备/IP,P053-06-{业务主键},指数退避3次；超限转死信/人工,关键审计失败阻断,请求ID、响应码、耗时、摘要、重试和最终结果
P053,报废处置,技术后台端,I07,资产仓储系统,物料、批次、序列号、库存与资产状态,API+事件,物料/资产ID/数量/库位,P053-07-{业务主键},指数退避3次；超限转死信/人工,库存锁补偿；负库存阻断,请求ID、响应码、耗时、摘要、重试和最终结果
P054,派车,技术后台端,I01,统一身份与MFA,认证、任职身份、二次认证,同步调用,用户ID/身份ID/认证级别,P054-01-{业务主键},指数退避3次；超限转死信/人工,超时拒绝高风险操作,请求ID、响应码、耗时、摘要、重试和最终结果
P054,派车,技术后台端,I02,组织与员工主数据,中心、部门、岗位、员工关系,同步查询+事件订阅,组织ID/员工ID/有效期,P054-02-{业务主键},指数退避3次；超限转死信/人工,缓存降级；变更事件补偿,请求ID、响应码、耗时、摘要、重试和最终结果
P054,派车,技术后台端,I03,流程任务中心,实例、任务、状态、待办,内部事务+消息,实例号/任务号/状态,P054-03-{业务主键},指数退避3次；超限转死信/人工,幂等重试；死信队列,请求ID、响应码、耗时、摘要、重试和最终结果
P054,派车,技术后台端,I04,消息通知中心,站内信、短信、邮件、企业微信,异步消息,模板变量/接收人/业务链接,P054-04-{业务主键},指数退避3次；超限转死信/人工,重试3次；失败告警,请求ID、响应码、耗时、摘要、重试和最终结果
P054,派车,技术后台端,I05,文件与电子证据,附件、哈希、水印、短时下载,对象存储+签名URL,文件ID/哈希/敏感级别,P054-05-{业务主键},指数退避3次；超限转死信/人工,病毒隔离；链接过期,请求ID、响应码、耗时、摘要、重试和最终结果
P054,派车,技术后台端,I06,审计日志平台,操作、前后值、接口请求ID,异步不可篡改日志,操作者/身份/时间/设备/IP,P054-06-{业务主键},指数退避3次；超限转死信/人工,关键审计失败阻断,请求ID、响应码、耗时、摘要、重试和最终结果
P055,车辆事故,技术后台端,I01,统一身份与MFA,认证、任职身份、二次认证,同步调用,用户ID/身份ID/认证级别,P055-01-{业务主键},指数退避3次；超限转死信/人工,超时拒绝高风险操作,请求ID、响应码、耗时、摘要、重试和最终结果
P055,车辆事故,技术后台端,I02,组织与员工主数据,中心、部门、岗位、员工关系,同步查询+事件订阅,组织ID/员工ID/有效期,P055-02-{业务主键},指数退避3次；超限转死信/人工,缓存降级；变更事件补偿,请求ID、响应码、耗时、摘要、重试和最终结果
P055,车辆事故,技术后台端,I03,流程任务中心,实例、任务、状态、待办,内部事务+消息,实例号/任务号/状态,P055-03-{业务主键},指数退避3次；超限转死信/人工,幂等重试；死信队列,请求ID、响应码、耗时、摘要、重试和最终结果
P055,车辆事故,技术后台端,I04,消息通知中心,站内信、短信、邮件、企业微信,异步消息,模板变量/接收人/业务链接,P055-04-{业务主键},指数退避3次；超限转死信/人工,重试3次；失败告警,请求ID、响应码、耗时、摘要、重试和最终结果
P055,车辆事故,技术后台端,I05,文件与电子证据,附件、哈希、水印、短时下载,对象存储+签名URL,文件ID/哈希/敏感级别,P055-05-{业务主键},指数退避3次；超限转死信/人工,病毒隔离；链接过期,请求ID、响应码、耗时、摘要、重试和最终结果
P055,车辆事故,技术后台端,I06,审计日志平台,操作、前后值、接口请求ID,异步不可篡改日志,操作者/身份/时间/设备/IP,P055-06-{业务主键},指数退避3次；超限转死信/人工,关键审计失败阻断,请求ID、响应码、耗时、摘要、重试和最终结果
P056,宿舍入住退宿,技术后台端,I01,统一身份与MFA,认证、任职身份、二次认证,同步调用,用户ID/身份ID/认证级别,P056-01-{业务主键},指数退避3次；超限转死信/人工,超时拒绝高风险操作,请求ID、响应码、耗时、摘要、重试和最终结果
P056,宿舍入住退宿,技术后台端,I02,组织与员工主数据,中心、部门、岗位、员工关系,同步查询+事件订阅,组织ID/员工ID/有效期,P056-02-{业务主键},指数退避3次；超限转死信/人工,缓存降级；变更事件补偿,请求ID、响应码、耗时、摘要、重试和最终结果
P056,宿舍入住退宿,技术后台端,I03,流程任务中心,实例、任务、状态、待办,内部事务+消息,实例号/任务号/状态,P056-03-{业务主键},指数退避3次；超限转死信/人工,幂等重试；死信队列,请求ID、响应码、耗时、摘要、重试和最终结果
P056,宿舍入住退宿,技术后台端,I04,消息通知中心,站内信、短信、邮件、企业微信,异步消息,模板变量/接收人/业务链接,P056-04-{业务主键},指数退避3次；超限转死信/人工,重试3次；失败告警,请求ID、响应码、耗时、摘要、重试和最终结果
P056,宿舍入住退宿,技术后台端,I05,文件与电子证据,附件、哈希、水印、短时下载,对象存储+签名URL,文件ID/哈希/敏感级别,P056-05-{业务主键},指数退避3次；超限转死信/人工,病毒隔离；链接过期,请求ID、响应码、耗时、摘要、重试和最终结果
P056,宿舍入住退宿,技术后台端,I06,审计日志平台,操作、前后值、接口请求ID,异步不可篡改日志,操作者/身份/时间/设备/IP,P056-06-{业务主键},指数退避3次；超限转死信/人工,关键审计失败阻断,请求ID、响应码、耗时、摘要、重试和最终结果
P056,宿舍入住退宿,技术后台端,I07,人力资源与考勤,员工、编制、合同、假勤、排班、绩效,API+事件,员工ID/岗位/时间/分数,P056-07-{业务主键},指数退避3次；超限转死信/人工,对账补偿；差异工单,请求ID、响应码、耗时、摘要、重试和最终结果
P057,报修,技术后台端,I01,统一身份与MFA,认证、任职身份、二次认证,同步调用,用户ID/身份ID/认证级别,P057-01-{业务主键},指数退避3次；超限转死信/人工,超时拒绝高风险操作,请求ID、响应码、耗时、摘要、重试和最终结果
P057,报修,技术后台端,I02,组织与员工主数据,中心、部门、岗位、员工关系,同步查询+事件订阅,组织ID/员工ID/有效期,P057-02-{业务主键},指数退避3次；超限转死信/人工,缓存降级；变更事件补偿,请求ID、响应码、耗时、摘要、重试和最终结果
P057,报修,技术后台端,I03,流程任务中心,实例、任务、状态、待办,内部事务+消息,实例号/任务号/状态,P057-03-{业务主键},指数退避3次；超限转死信/人工,幂等重试；死信队列,请求ID、响应码、耗时、摘要、重试和最终结果
P057,报修,技术后台端,I04,消息通知中心,站内信、短信、邮件、企业微信,异步消息,模板变量/接收人/业务链接,P057-04-{业务主键},指数退避3次；超限转死信/人工,重试3次；失败告警,请求ID、响应码、耗时、摘要、重试和最终结果
P057,报修,技术后台端,I05,文件与电子证据,附件、哈希、水印、短时下载,对象存储+签名URL,文件ID/哈希/敏感级别,P057-05-{业务主键},指数退避3次；超限转死信/人工,病毒隔离；链接过期,请求ID、响应码、耗时、摘要、重试和最终结果
P057,报修,技术后台端,I06,审计日志平台,操作、前后值、接口请求ID,异步不可篡改日志,操作者/身份/时间/设备/IP,P057-06-{业务主键},指数退避3次；超限转死信/人工,关键审计失败阻断,请求ID、响应码、耗时、摘要、重试和最终结果
P058,团餐交付,技术后台端,I01,统一身份与MFA,认证、任职身份、二次认证,同步调用,用户ID/身份ID/认证级别,P058-01-{业务主键},指数退避3次；超限转死信/人工,超时拒绝高风险操作,请求ID、响应码、耗时、摘要、重试和最终结果
P058,团餐交付,技术后台端,I02,组织与员工主数据,中心、部门、岗位、员工关系,同步查询+事件订阅,组织ID/员工ID/有效期,P058-02-{业务主键},指数退避3次；超限转死信/人工,缓存降级；变更事件补偿,请求ID、响应码、耗时、摘要、重试和最终结果
P058,团餐交付,技术后台端,I03,流程任务中心,实例、任务、状态、待办,内部事务+消息,实例号/任务号/状态,P058-03-{业务主键},指数退避3次；超限转死信/人工,幂等重试；死信队列,请求ID、响应码、耗时、摘要、重试和最终结果
P058,团餐交付,技术后台端,I04,消息通知中心,站内信、短信、邮件、企业微信,异步消息,模板变量/接收人/业务链接,P058-04-{业务主键},指数退避3次；超限转死信/人工,重试3次；失败告警,请求ID、响应码、耗时、摘要、重试和最终结果
P058,团餐交付,技术后台端,I05,文件与电子证据,附件、哈希、水印、短时下载,对象存储+签名URL,文件ID/哈希/敏感级别,P058-05-{业务主键},指数退避3次；超限转死信/人工,病毒隔离；链接过期,请求ID、响应码、耗时、摘要、重试和最终结果
P058,团餐交付,技术后台端,I06,审计日志平台,操作、前后值、接口请求ID,异步不可篡改日志,操作者/身份/时间/设备/IP,P058-06-{业务主键},指数退避3次；超限转死信/人工,关键审计失败阻断,请求ID、响应码、耗时、摘要、重试和最终结果
P058,团餐交付,技术后台端,I07,财务预算与支付,预算占用、票据、付款、凭证、对账,API+批次,预算项/金额/凭证号,P058-07-{业务主键},指数退避3次；超限转死信/人工,冲销补偿；T+1对账,请求ID、响应码、耗时、摘要、重试和最终结果
P058,团餐交付,技术后台端,I08,资产仓储系统,物料、批次、序列号、库存与资产状态,API+事件,物料/资产ID/数量/库位,P058-08-{业务主键},指数退避3次；超限转死信/人工,库存锁补偿；负库存阻断,请求ID、响应码、耗时、摘要、重试和最终结果
P059,食材验收,技术后台端,I01,统一身份与MFA,认证、任职身份、二次认证,同步调用,用户ID/身份ID/认证级别,P059-01-{业务主键},指数退避3次；超限转死信/人工,超时拒绝高风险操作,请求ID、响应码、耗时、摘要、重试和最终结果
P059,食材验收,技术后台端,I02,组织与员工主数据,中心、部门、岗位、员工关系,同步查询+事件订阅,组织ID/员工ID/有效期,P059-02-{业务主键},指数退避3次；超限转死信/人工,缓存降级；变更事件补偿,请求ID、响应码、耗时、摘要、重试和最终结果
P059,食材验收,技术后台端,I03,流程任务中心,实例、任务、状态、待办,内部事务+消息,实例号/任务号/状态,P059-03-{业务主键},指数退避3次；超限转死信/人工,幂等重试；死信队列,请求ID、响应码、耗时、摘要、重试和最终结果
P059,食材验收,技术后台端,I04,消息通知中心,站内信、短信、邮件、企业微信,异步消息,模板变量/接收人/业务链接,P059-04-{业务主键},指数退避3次；超限转死信/人工,重试3次；失败告警,请求ID、响应码、耗时、摘要、重试和最终结果
P059,食材验收,技术后台端,I05,文件与电子证据,附件、哈希、水印、短时下载,对象存储+签名URL,文件ID/哈希/敏感级别,P059-05-{业务主键},指数退避3次；超限转死信/人工,病毒隔离；链接过期,请求ID、响应码、耗时、摘要、重试和最终结果
P059,食材验收,技术后台端,I06,审计日志平台,操作、前后值、接口请求ID,异步不可篡改日志,操作者/身份/时间/设备/IP,P059-06-{业务主键},指数退避3次；超限转死信/人工,关键审计失败阻断,请求ID、响应码、耗时、摘要、重试和最终结果
P059,食材验收,技术后台端,I07,资产仓储系统,物料、批次、序列号、库存与资产状态,API+事件,物料/资产ID/数量/库位,P059-07-{业务主键},指数退避3次；超限转死信/人工,库存锁补偿；负库存阻断,请求ID、响应码、耗时、摘要、重试和最终结果
P060,食品安全事件,技术后台端,I01,统一身份与MFA,认证、任职身份、二次认证,同步调用,用户ID/身份ID/认证级别,P060-01-{业务主键},指数退避3次；超限转死信/人工,超时拒绝高风险操作,请求ID、响应码、耗时、摘要、重试和最终结果
P060,食品安全事件,技术后台端,I02,组织与员工主数据,中心、部门、岗位、员工关系,同步查询+事件订阅,组织ID/员工ID/有效期,P060-02-{业务主键},指数退避3次；超限转死信/人工,缓存降级；变更事件补偿,请求ID、响应码、耗时、摘要、重试和最终结果
P060,食品安全事件,技术后台端,I03,流程任务中心,实例、任务、状态、待办,内部事务+消息,实例号/任务号/状态,P060-03-{业务主键},指数退避3次；超限转死信/人工,幂等重试；死信队列,请求ID、响应码、耗时、摘要、重试和最终结果
P060,食品安全事件,技术后台端,I04,消息通知中心,站内信、短信、邮件、企业微信,异步消息,模板变量/接收人/业务链接,P060-04-{业务主键},指数退避3次；超限转死信/人工,重试3次；失败告警,请求ID、响应码、耗时、摘要、重试和最终结果
P060,食品安全事件,技术后台端,I05,文件与电子证据,附件、哈希、水印、短时下载,对象存储+签名URL,文件ID/哈希/敏感级别,P060-05-{业务主键},指数退避3次；超限转死信/人工,病毒隔离；链接过期,请求ID、响应码、耗时、摘要、重试和最终结果
P060,食品安全事件,技术后台端,I06,审计日志平台,操作、前后值、接口请求ID,异步不可篡改日志,操作者/身份/时间/设备/IP,P060-06-{业务主键},指数退避3次；超限转死信/人工,关键审计失败阻断,请求ID、响应码、耗时、摘要、重试和最终结果
P061,餐卡结算,技术后台端,I01,统一身份与MFA,认证、任职身份、二次认证,同步调用,用户ID/身份ID/认证级别,P061-01-{业务主键},指数退避3次；超限转死信/人工,超时拒绝高风险操作,请求ID、响应码、耗时、摘要、重试和最终结果
P061,餐卡结算,技术后台端,I02,组织与员工主数据,中心、部门、岗位、员工关系,同步查询+事件订阅,组织ID/员工ID/有效期,P061-02-{业务主键},指数退避3次；超限转死信/人工,缓存降级；变更事件补偿,请求ID、响应码、耗时、摘要、重试和最终结果
P061,餐卡结算,技术后台端,I03,流程任务中心,实例、任务、状态、待办,内部事务+消息,实例号/任务号/状态,P061-03-{业务主键},指数退避3次；超限转死信/人工,幂等重试；死信队列,请求ID、响应码、耗时、摘要、重试和最终结果
P061,餐卡结算,技术后台端,I04,消息通知中心,站内信、短信、邮件、企业微信,异步消息,模板变量/接收人/业务链接,P061-04-{业务主键},指数退避3次；超限转死信/人工,重试3次；失败告警,请求ID、响应码、耗时、摘要、重试和最终结果
P061,餐卡结算,技术后台端,I05,文件与电子证据,附件、哈希、水印、短时下载,对象存储+签名URL,文件ID/哈希/敏感级别,P061-05-{业务主键},指数退避3次；超限转死信/人工,病毒隔离；链接过期,请求ID、响应码、耗时、摘要、重试和最终结果
P061,餐卡结算,技术后台端,I06,审计日志平台,操作、前后值、接口请求ID,异步不可篡改日志,操作者/身份/时间/设备/IP,P061-06-{业务主键},指数退避3次；超限转死信/人工,关键审计失败阻断,请求ID、响应码、耗时、摘要、重试和最终结果
P061,餐卡结算,技术后台端,I07,财务预算与支付,预算占用、票据、付款、凭证、对账,API+批次,预算项/金额/凭证号,P061-07-{业务主键},指数退避3次；超限转死信/人工,冲销补偿；T+1对账,请求ID、响应码、耗时、摘要、重试和最终结果
P062,日常巡逻,技术后台端,I01,统一身份与MFA,认证、任职身份、二次认证,同步调用,用户ID/身份ID/认证级别,P062-01-{业务主键},指数退避3次；超限转死信/人工,超时拒绝高风险操作,请求ID、响应码、耗时、摘要、重试和最终结果
P062,日常巡逻,技术后台端,I02,组织与员工主数据,中心、部门、岗位、员工关系,同步查询+事件订阅,组织ID/员工ID/有效期,P062-02-{业务主键},指数退避3次；超限转死信/人工,缓存降级；变更事件补偿,请求ID、响应码、耗时、摘要、重试和最终结果
P062,日常巡逻,技术后台端,I03,流程任务中心,实例、任务、状态、待办,内部事务+消息,实例号/任务号/状态,P062-03-{业务主键},指数退避3次；超限转死信/人工,幂等重试；死信队列,请求ID、响应码、耗时、摘要、重试和最终结果
P062,日常巡逻,技术后台端,I04,消息通知中心,站内信、短信、邮件、企业微信,异步消息,模板变量/接收人/业务链接,P062-04-{业务主键},指数退避3次；超限转死信/人工,重试3次；失败告警,请求ID、响应码、耗时、摘要、重试和最终结果
P062,日常巡逻,技术后台端,I05,文件与电子证据,附件、哈希、水印、短时下载,对象存储+签名URL,文件ID/哈希/敏感级别,P062-05-{业务主键},指数退避3次；超限转死信/人工,病毒隔离；链接过期,请求ID、响应码、耗时、摘要、重试和最终结果
P062,日常巡逻,技术后台端,I06,审计日志平台,操作、前后值、接口请求ID,异步不可篡改日志,操作者/身份/时间/设备/IP,P062-06-{业务主键},指数退避3次；超限转死信/人工,关键审计失败阻断,请求ID、响应码、耗时、摘要、重试和最终结果
P063,客流预警,技术后台端,I01,统一身份与MFA,认证、任职身份、二次认证,同步调用,用户ID/身份ID/认证级别,P063-01-{业务主键},指数退避3次；超限转死信/人工,超时拒绝高风险操作,请求ID、响应码、耗时、摘要、重试和最终结果
P063,客流预警,技术后台端,I02,组织与员工主数据,中心、部门、岗位、员工关系,同步查询+事件订阅,组织ID/员工ID/有效期,P063-02-{业务主键},指数退避3次；超限转死信/人工,缓存降级；变更事件补偿,请求ID、响应码、耗时、摘要、重试和最终结果
P063,客流预警,技术后台端,I03,流程任务中心,实例、任务、状态、待办,内部事务+消息,实例号/任务号/状态,P063-03-{业务主键},指数退避3次；超限转死信/人工,幂等重试；死信队列,请求ID、响应码、耗时、摘要、重试和最终结果
P063,客流预警,技术后台端,I04,消息通知中心,站内信、短信、邮件、企业微信,异步消息,模板变量/接收人/业务链接,P063-04-{业务主键},指数退避3次；超限转死信/人工,重试3次；失败告警,请求ID、响应码、耗时、摘要、重试和最终结果
P063,客流预警,技术后台端,I05,文件与电子证据,附件、哈希、水印、短时下载,对象存储+签名URL,文件ID/哈希/敏感级别,P063-05-{业务主键},指数退避3次；超限转死信/人工,病毒隔离；链接过期,请求ID、响应码、耗时、摘要、重试和最终结果
P063,客流预警,技术后台端,I06,审计日志平台,操作、前后值、接口请求ID,异步不可篡改日志,操作者/身份/时间/设备/IP,P063-06-{业务主键},指数退避3次；超限转死信/人工,关键审计失败阻断,请求ID、响应码、耗时、摘要、重试和最终结果
P064,安全事件,技术后台端,I01,统一身份与MFA,认证、任职身份、二次认证,同步调用,用户ID/身份ID/认证级别,P064-01-{业务主键},指数退避3次；超限转死信/人工,超时拒绝高风险操作,请求ID、响应码、耗时、摘要、重试和最终结果
P064,安全事件,技术后台端,I02,组织与员工主数据,中心、部门、岗位、员工关系,同步查询+事件订阅,组织ID/员工ID/有效期,P064-02-{业务主键},指数退避3次；超限转死信/人工,缓存降级；变更事件补偿,请求ID、响应码、耗时、摘要、重试和最终结果
P064,安全事件,技术后台端,I03,流程任务中心,实例、任务、状态、待办,内部事务+消息,实例号/任务号/状态,P064-03-{业务主键},指数退避3次；超限转死信/人工,幂等重试；死信队列,请求ID、响应码、耗时、摘要、重试和最终结果
P064,安全事件,技术后台端,I04,消息通知中心,站内信、短信、邮件、企业微信,异步消息,模板变量/接收人/业务链接,P064-04-{业务主键},指数退避3次；超限转死信/人工,重试3次；失败告警,请求ID、响应码、耗时、摘要、重试和最终结果
P064,安全事件,技术后台端,I05,文件与电子证据,附件、哈希、水印、短时下载,对象存储+签名URL,文件ID/哈希/敏感级别,P064-05-{业务主键},指数退避3次；超限转死信/人工,病毒隔离；链接过期,请求ID、响应码、耗时、摘要、重试和最终结果
P064,安全事件,技术后台端,I06,审计日志平台,操作、前后值、接口请求ID,异步不可篡改日志,操作者/身份/时间/设备/IP,P064-06-{业务主键},指数退避3次；超限转死信/人工,关键审计失败阻断,请求ID、响应码、耗时、摘要、重试和最终结果
P065,活动安保,技术后台端,I01,统一身份与MFA,认证、任职身份、二次认证,同步调用,用户ID/身份ID/认证级别,P065-01-{业务主键},指数退避3次；超限转死信/人工,超时拒绝高风险操作,请求ID、响应码、耗时、摘要、重试和最终结果
P065,活动安保,技术后台端,I02,组织与员工主数据,中心、部门、岗位、员工关系,同步查询+事件订阅,组织ID/员工ID/有效期,P065-02-{业务主键},指数退避3次；超限转死信/人工,缓存降级；变更事件补偿,请求ID、响应码、耗时、摘要、重试和最终结果
P065,活动安保,技术后台端,I03,流程任务中心,实例、任务、状态、待办,内部事务+消息,实例号/任务号/状态,P065-03-{业务主键},指数退避3次；超限转死信/人工,幂等重试；死信队列,请求ID、响应码、耗时、摘要、重试和最终结果
P065,活动安保,技术后台端,I04,消息通知中心,站内信、短信、邮件、企业微信,异步消息,模板变量/接收人/业务链接,P065-04-{业务主键},指数退避3次；超限转死信/人工,重试3次；失败告警,请求ID、响应码、耗时、摘要、重试和最终结果
P065,活动安保,技术后台端,I05,文件与电子证据,附件、哈希、水印、短时下载,对象存储+签名URL,文件ID/哈希/敏感级别,P065-05-{业务主键},指数退避3次；超限转死信/人工,病毒隔离；链接过期,请求ID、响应码、耗时、摘要、重试和最终结果
P065,活动安保,技术后台端,I06,审计日志平台,操作、前后值、接口请求ID,异步不可篡改日志,操作者/身份/时间/设备/IP,P065-06-{业务主键},指数退避3次；超限转死信/人工,关键审计失败阻断,请求ID、响应码、耗时、摘要、重试和最终结果
P066,日常清洁,技术后台端,I01,统一身份与MFA,认证、任职身份、二次认证,同步调用,用户ID/身份ID/认证级别,P066-01-{业务主键},指数退避3次；超限转死信/人工,超时拒绝高风险操作,请求ID、响应码、耗时、摘要、重试和最终结果
P066,日常清洁,技术后台端,I02,组织与员工主数据,中心、部门、岗位、员工关系,同步查询+事件订阅,组织ID/员工ID/有效期,P066-02-{业务主键},指数退避3次；超限转死信/人工,缓存降级；变更事件补偿,请求ID、响应码、耗时、摘要、重试和最终结果
P066,日常清洁,技术后台端,I03,流程任务中心,实例、任务、状态、待办,内部事务+消息,实例号/任务号/状态,P066-03-{业务主键},指数退避3次；超限转死信/人工,幂等重试；死信队列,请求ID、响应码、耗时、摘要、重试和最终结果
P066,日常清洁,技术后台端,I04,消息通知中心,站内信、短信、邮件、企业微信,异步消息,模板变量/接收人/业务链接,P066-04-{业务主键},指数退避3次；超限转死信/人工,重试3次；失败告警,请求ID、响应码、耗时、摘要、重试和最终结果
P066,日常清洁,技术后台端,I05,文件与电子证据,附件、哈希、水印、短时下载,对象存储+签名URL,文件ID/哈希/敏感级别,P066-05-{业务主键},指数退避3次；超限转死信/人工,病毒隔离；链接过期,请求ID、响应码、耗时、摘要、重试和最终结果
P066,日常清洁,技术后台端,I06,审计日志平台,操作、前后值、接口请求ID,异步不可篡改日志,操作者/身份/时间/设备/IP,P066-06-{业务主键},指数退避3次；超限转死信/人工,关键审计失败阻断,请求ID、响应码、耗时、摘要、重试和最终结果
P067,污染应急,技术后台端,I01,统一身份与MFA,认证、任职身份、二次认证,同步调用,用户ID/身份ID/认证级别,P067-01-{业务主键},指数退避3次；超限转死信/人工,超时拒绝高风险操作,请求ID、响应码、耗时、摘要、重试和最终结果
P067,污染应急,技术后台端,I02,组织与员工主数据,中心、部门、岗位、员工关系,同步查询+事件订阅,组织ID/员工ID/有效期,P067-02-{业务主键},指数退避3次；超限转死信/人工,缓存降级；变更事件补偿,请求ID、响应码、耗时、摘要、重试和最终结果
P067,污染应急,技术后台端,I03,流程任务中心,实例、任务、状态、待办,内部事务+消息,实例号/任务号/状态,P067-03-{业务主键},指数退避3次；超限转死信/人工,幂等重试；死信队列,请求ID、响应码、耗时、摘要、重试和最终结果
P067,污染应急,技术后台端,I04,消息通知中心,站内信、短信、邮件、企业微信,异步消息,模板变量/接收人/业务链接,P067-04-{业务主键},指数退避3次；超限转死信/人工,重试3次；失败告警,请求ID、响应码、耗时、摘要、重试和最终结果
P067,污染应急,技术后台端,I05,文件与电子证据,附件、哈希、水印、短时下载,对象存储+签名URL,文件ID/哈希/敏感级别,P067-05-{业务主键},指数退避3次；超限转死信/人工,病毒隔离；链接过期,请求ID、响应码、耗时、摘要、重试和最终结果
P067,污染应急,技术后台端,I06,审计日志平台,操作、前后值、接口请求ID,异步不可篡改日志,操作者/身份/时间/设备/IP,P067-06-{业务主键},指数退避3次；超限转死信/人工,关键审计失败阻断,请求ID、响应码、耗时、摘要、重试和最终结果
P068,活动保障,技术后台端,I01,统一身份与MFA,认证、任职身份、二次认证,同步调用,用户ID/身份ID/认证级别,P068-01-{业务主键},指数退避3次；超限转死信/人工,超时拒绝高风险操作,请求ID、响应码、耗时、摘要、重试和最终结果
P068,活动保障,技术后台端,I02,组织与员工主数据,中心、部门、岗位、员工关系,同步查询+事件订阅,组织ID/员工ID/有效期,P068-02-{业务主键},指数退避3次；超限转死信/人工,缓存降级；变更事件补偿,请求ID、响应码、耗时、摘要、重试和最终结果
P068,活动保障,技术后台端,I03,流程任务中心,实例、任务、状态、待办,内部事务+消息,实例号/任务号/状态,P068-03-{业务主键},指数退避3次；超限转死信/人工,幂等重试；死信队列,请求ID、响应码、耗时、摘要、重试和最终结果
P068,活动保障,技术后台端,I04,消息通知中心,站内信、短信、邮件、企业微信,异步消息,模板变量/接收人/业务链接,P068-04-{业务主键},指数退避3次；超限转死信/人工,重试3次；失败告警,请求ID、响应码、耗时、摘要、重试和最终结果
P068,活动保障,技术后台端,I05,文件与电子证据,附件、哈希、水印、短时下载,对象存储+签名URL,文件ID/哈希/敏感级别,P068-05-{业务主键},指数退避3次；超限转死信/人工,病毒隔离；链接过期,请求ID、响应码、耗时、摘要、重试和最终结果
P068,活动保障,技术后台端,I06,审计日志平台,操作、前后值、接口请求ID,异步不可篡改日志,操作者/身份/时间/设备/IP,P068-06-{业务主键},指数退避3次；超限转死信/人工,关键审计失败阻断,请求ID、响应码、耗时、摘要、重试和最终结果
P069,商户准入,技术后台端,I01,统一身份与MFA,认证、任职身份、二次认证,同步调用,用户ID/身份ID/认证级别,P069-01-{业务主键},指数退避3次；超限转死信/人工,超时拒绝高风险操作,请求ID、响应码、耗时、摘要、重试和最终结果
P069,商户准入,技术后台端,I02,组织与员工主数据,中心、部门、岗位、员工关系,同步查询+事件订阅,组织ID/员工ID/有效期,P069-02-{业务主键},指数退避3次；超限转死信/人工,缓存降级；变更事件补偿,请求ID、响应码、耗时、摘要、重试和最终结果
P069,商户准入,技术后台端,I03,流程任务中心,实例、任务、状态、待办,内部事务+消息,实例号/任务号/状态,P069-03-{业务主键},指数退避3次；超限转死信/人工,幂等重试；死信队列,请求ID、响应码、耗时、摘要、重试和最终结果
P069,商户准入,技术后台端,I04,消息通知中心,站内信、短信、邮件、企业微信,异步消息,模板变量/接收人/业务链接,P069-04-{业务主键},指数退避3次；超限转死信/人工,重试3次；失败告警,请求ID、响应码、耗时、摘要、重试和最终结果
P069,商户准入,技术后台端,I05,文件与电子证据,附件、哈希、水印、短时下载,对象存储+签名URL,文件ID/哈希/敏感级别,P069-05-{业务主键},指数退避3次；超限转死信/人工,病毒隔离；链接过期,请求ID、响应码、耗时、摘要、重试和最终结果
P069,商户准入,技术后台端,I06,审计日志平台,操作、前后值、接口请求ID,异步不可篡改日志,操作者/身份/时间/设备/IP,P069-06-{业务主键},指数退避3次；超限转死信/人工,关键审计失败阻断,请求ID、响应码、耗时、摘要、重试和最终结果
P070,日常巡检,技术后台端,I01,统一身份与MFA,认证、任职身份、二次认证,同步调用,用户ID/身份ID/认证级别,P070-01-{业务主键},指数退避3次；超限转死信/人工,超时拒绝高风险操作,请求ID、响应码、耗时、摘要、重试和最终结果
P070,日常巡检,技术后台端,I02,组织与员工主数据,中心、部门、岗位、员工关系,同步查询+事件订阅,组织ID/员工ID/有效期,P070-02-{业务主键},指数退避3次；超限转死信/人工,缓存降级；变更事件补偿,请求ID、响应码、耗时、摘要、重试和最终结果
P070,日常巡检,技术后台端,I03,流程任务中心,实例、任务、状态、待办,内部事务+消息,实例号/任务号/状态,P070-03-{业务主键},指数退避3次；超限转死信/人工,幂等重试；死信队列,请求ID、响应码、耗时、摘要、重试和最终结果
P070,日常巡检,技术后台端,I04,消息通知中心,站内信、短信、邮件、企业微信,异步消息,模板变量/接收人/业务链接,P070-04-{业务主键},指数退避3次；超限转死信/人工,重试3次；失败告警,请求ID、响应码、耗时、摘要、重试和最终结果
P070,日常巡检,技术后台端,I05,文件与电子证据,附件、哈希、水印、短时下载,对象存储+签名URL,文件ID/哈希/敏感级别,P070-05-{业务主键},指数退避3次；超限转死信/人工,病毒隔离；链接过期,请求ID、响应码、耗时、摘要、重试和最终结果
P070,日常巡检,技术后台端,I06,审计日志平台,操作、前后值、接口请求ID,异步不可篡改日志,操作者/身份/时间/设备/IP,P070-06-{业务主键},指数退避3次；超限转死信/人工,关键审计失败阻断,请求ID、响应码、耗时、摘要、重试和最终结果
P071,退场,技术后台端,I01,统一身份与MFA,认证、任职身份、二次认证,同步调用,用户ID/身份ID/认证级别,P071-01-{业务主键},指数退避3次；超限转死信/人工,超时拒绝高风险操作,请求ID、响应码、耗时、摘要、重试和最终结果
P071,退场,技术后台端,I02,组织与员工主数据,中心、部门、岗位、员工关系,同步查询+事件订阅,组织ID/员工ID/有效期,P071-02-{业务主键},指数退避3次；超限转死信/人工,缓存降级；变更事件补偿,请求ID、响应码、耗时、摘要、重试和最终结果
P071,退场,技术后台端,I03,流程任务中心,实例、任务、状态、待办,内部事务+消息,实例号/任务号/状态,P071-03-{业务主键},指数退避3次；超限转死信/人工,幂等重试；死信队列,请求ID、响应码、耗时、摘要、重试和最终结果
P071,退场,技术后台端,I04,消息通知中心,站内信、短信、邮件、企业微信,异步消息,模板变量/接收人/业务链接,P071-04-{业务主键},指数退避3次；超限转死信/人工,重试3次；失败告警,请求ID、响应码、耗时、摘要、重试和最终结果
P071,退场,技术后台端,I05,文件与电子证据,附件、哈希、水印、短时下载,对象存储+签名URL,文件ID/哈希/敏感级别,P071-05-{业务主键},指数退避3次；超限转死信/人工,病毒隔离；链接过期,请求ID、响应码、耗时、摘要、重试和最终结果
P071,退场,技术后台端,I06,审计日志平台,操作、前后值、接口请求ID,异步不可篡改日志,操作者/身份/时间/设备/IP,P071-06-{业务主键},指数退避3次；超限转死信/人工,关键审计失败阻断,请求ID、响应码、耗时、摘要、重试和最终结果
P071,退场,技术后台端,I07,资产仓储系统,物料、批次、序列号、库存与资产状态,API+事件,物料/资产ID/数量/库位,P071-07-{业务主键},指数退避3次；超限转死信/人工,库存锁补偿；负库存阻断,请求ID、响应码、耗时、摘要、重试和最终结果
P072,节目上线,技术后台端,I01,统一身份与MFA,认证、任职身份、二次认证,同步调用,用户ID/身份ID/认证级别,P072-01-{业务主键},指数退避3次；超限转死信/人工,超时拒绝高风险操作,请求ID、响应码、耗时、摘要、重试和最终结果
P072,节目上线,技术后台端,I02,组织与员工主数据,中心、部门、岗位、员工关系,同步查询+事件订阅,组织ID/员工ID/有效期,P072-02-{业务主键},指数退避3次；超限转死信/人工,缓存降级；变更事件补偿,请求ID、响应码、耗时、摘要、重试和最终结果
P072,节目上线,技术后台端,I03,流程任务中心,实例、任务、状态、待办,内部事务+消息,实例号/任务号/状态,P072-03-{业务主键},指数退避3次；超限转死信/人工,幂等重试；死信队列,请求ID、响应码、耗时、摘要、重试和最终结果
P072,节目上线,技术后台端,I04,消息通知中心,站内信、短信、邮件、企业微信,异步消息,模板变量/接收人/业务链接,P072-04-{业务主键},指数退避3次；超限转死信/人工,重试3次；失败告警,请求ID、响应码、耗时、摘要、重试和最终结果
P072,节目上线,技术后台端,I05,文件与电子证据,附件、哈希、水印、短时下载,对象存储+签名URL,文件ID/哈希/敏感级别,P072-05-{业务主键},指数退避3次；超限转死信/人工,病毒隔离；链接过期,请求ID、响应码、耗时、摘要、重试和最终结果
P072,节目上线,技术后台端,I06,审计日志平台,操作、前后值、接口请求ID,异步不可篡改日志,操作者/身份/时间/设备/IP,P072-06-{业务主键},指数退避3次；超限转死信/人工,关键审计失败阻断,请求ID、响应码、耗时、摘要、重试和最终结果
P073,场次执行,技术后台端,I01,统一身份与MFA,认证、任职身份、二次认证,同步调用,用户ID/身份ID/认证级别,P073-01-{业务主键},指数退避3次；超限转死信/人工,超时拒绝高风险操作,请求ID、响应码、耗时、摘要、重试和最终结果
P073,场次执行,技术后台端,I02,组织与员工主数据,中心、部门、岗位、员工关系,同步查询+事件订阅,组织ID/员工ID/有效期,P073-02-{业务主键},指数退避3次；超限转死信/人工,缓存降级；变更事件补偿,请求ID、响应码、耗时、摘要、重试和最终结果
P073,场次执行,技术后台端,I03,流程任务中心,实例、任务、状态、待办,内部事务+消息,实例号/任务号/状态,P073-03-{业务主键},指数退避3次；超限转死信/人工,幂等重试；死信队列,请求ID、响应码、耗时、摘要、重试和最终结果
P073,场次执行,技术后台端,I04,消息通知中心,站内信、短信、邮件、企业微信,异步消息,模板变量/接收人/业务链接,P073-04-{业务主键},指数退避3次；超限转死信/人工,重试3次；失败告警,请求ID、响应码、耗时、摘要、重试和最终结果
P073,场次执行,技术后台端,I05,文件与电子证据,附件、哈希、水印、短时下载,对象存储+签名URL,文件ID/哈希/敏感级别,P073-05-{业务主键},指数退避3次；超限转死信/人工,病毒隔离；链接过期,请求ID、响应码、耗时、摘要、重试和最终结果
P073,场次执行,技术后台端,I06,审计日志平台,操作、前后值、接口请求ID,异步不可篡改日志,操作者/身份/时间/设备/IP,P073-06-{业务主键},指数退避3次；超限转死信/人工,关键审计失败阻断,请求ID、响应码、耗时、摘要、重试和最终结果
P074,临时缺员,技术后台端,I01,统一身份与MFA,认证、任职身份、二次认证,同步调用,用户ID/身份ID/认证级别,P074-01-{业务主键},指数退避3次；超限转死信/人工,超时拒绝高风险操作,请求ID、响应码、耗时、摘要、重试和最终结果
P074,临时缺员,技术后台端,I02,组织与员工主数据,中心、部门、岗位、员工关系,同步查询+事件订阅,组织ID/员工ID/有效期,P074-02-{业务主键},指数退避3次；超限转死信/人工,缓存降级；变更事件补偿,请求ID、响应码、耗时、摘要、重试和最终结果
P074,临时缺员,技术后台端,I03,流程任务中心,实例、任务、状态、待办,内部事务+消息,实例号/任务号/状态,P074-03-{业务主键},指数退避3次；超限转死信/人工,幂等重试；死信队列,请求ID、响应码、耗时、摘要、重试和最终结果
P074,临时缺员,技术后台端,I04,消息通知中心,站内信、短信、邮件、企业微信,异步消息,模板变量/接收人/业务链接,P074-04-{业务主键},指数退避3次；超限转死信/人工,重试3次；失败告警,请求ID、响应码、耗时、摘要、重试和最终结果
P074,临时缺员,技术后台端,I05,文件与电子证据,附件、哈希、水印、短时下载,对象存储+签名URL,文件ID/哈希/敏感级别,P074-05-{业务主键},指数退避3次；超限转死信/人工,病毒隔离；链接过期,请求ID、响应码、耗时、摘要、重试和最终结果
P074,临时缺员,技术后台端,I06,审计日志平台,操作、前后值、接口请求ID,异步不可篡改日志,操作者/身份/时间/设备/IP,P074-06-{业务主键},指数退避3次；超限转死信/人工,关键审计失败阻断,请求ID、响应码、耗时、摘要、重试和最终结果
P075,停演,技术后台端,I01,统一身份与MFA,认证、任职身份、二次认证,同步调用,用户ID/身份ID/认证级别,P075-01-{业务主键},指数退避3次；超限转死信/人工,超时拒绝高风险操作,请求ID、响应码、耗时、摘要、重试和最终结果
P075,停演,技术后台端,I02,组织与员工主数据,中心、部门、岗位、员工关系,同步查询+事件订阅,组织ID/员工ID/有效期,P075-02-{业务主键},指数退避3次；超限转死信/人工,缓存降级；变更事件补偿,请求ID、响应码、耗时、摘要、重试和最终结果
P075,停演,技术后台端,I03,流程任务中心,实例、任务、状态、待办,内部事务+消息,实例号/任务号/状态,P075-03-{业务主键},指数退避3次；超限转死信/人工,幂等重试；死信队列,请求ID、响应码、耗时、摘要、重试和最终结果
P075,停演,技术后台端,I04,消息通知中心,站内信、短信、邮件、企业微信,异步消息,模板变量/接收人/业务链接,P075-04-{业务主键},指数退避3次；超限转死信/人工,重试3次；失败告警,请求ID、响应码、耗时、摘要、重试和最终结果
P075,停演,技术后台端,I05,文件与电子证据,附件、哈希、水印、短时下载,对象存储+签名URL,文件ID/哈希/敏感级别,P075-05-{业务主键},指数退避3次；超限转死信/人工,病毒隔离；链接过期,请求ID、响应码、耗时、摘要、重试和最终结果
P075,停演,技术后台端,I06,审计日志平台,操作、前后值、接口请求ID,异步不可篡改日志,操作者/身份/时间/设备/IP,P075-06-{业务主键},指数退避3次；超限转死信/人工,关键审计失败阻断,请求ID、响应码、耗时、摘要、重试和最终结果
P075,停演,技术后台端,I07,订单票务与支付,订单、支付、出票、核销、退款,API+消息,订单号/票码/金额/状态,P075-07-{业务主键},指数退避3次；超限转死信/人工,幂等回调；差异队列,请求ID、响应码、耗时、摘要、重试和最终结果
P076,场次准备,技术后台端,I01,统一身份与MFA,认证、任职身份、二次认证,同步调用,用户ID/身份ID/认证级别,P076-01-{业务主键},指数退避3次；超限转死信/人工,超时拒绝高风险操作,请求ID、响应码、耗时、摘要、重试和最终结果
P076,场次准备,技术后台端,I02,组织与员工主数据,中心、部门、岗位、员工关系,同步查询+事件订阅,组织ID/员工ID/有效期,P076-02-{业务主键},指数退避3次；超限转死信/人工,缓存降级；变更事件补偿,请求ID、响应码、耗时、摘要、重试和最终结果
P076,场次准备,技术后台端,I03,流程任务中心,实例、任务、状态、待办,内部事务+消息,实例号/任务号/状态,P076-03-{业务主键},指数退避3次；超限转死信/人工,幂等重试；死信队列,请求ID、响应码、耗时、摘要、重试和最终结果
P076,场次准备,技术后台端,I04,消息通知中心,站内信、短信、邮件、企业微信,异步消息,模板变量/接收人/业务链接,P076-04-{业务主键},指数退避3次；超限转死信/人工,重试3次；失败告警,请求ID、响应码、耗时、摘要、重试和最终结果
P076,场次准备,技术后台端,I05,文件与电子证据,附件、哈希、水印、短时下载,对象存储+签名URL,文件ID/哈希/敏感级别,P076-05-{业务主键},指数退避3次；超限转死信/人工,病毒隔离；链接过期,请求ID、响应码、耗时、摘要、重试和最终结果
P076,场次准备,技术后台端,I06,审计日志平台,操作、前后值、接口请求ID,异步不可篡改日志,操作者/身份/时间/设备/IP,P076-06-{业务主键},指数退避3次；超限转死信/人工,关键审计失败阻断,请求ID、响应码、耗时、摘要、重试和最终结果
P076,场次准备,技术后台端,I07,资产仓储系统,物料、批次、序列号、库存与资产状态,API+事件,物料/资产ID/数量/库位,P076-07-{业务主键},指数退避3次；超限转死信/人工,库存锁补偿；负库存阻断,请求ID、响应码、耗时、摘要、重试和最终结果
P077,损坏报损,技术后台端,I01,统一身份与MFA,认证、任职身份、二次认证,同步调用,用户ID/身份ID/认证级别,P077-01-{业务主键},指数退避3次；超限转死信/人工,超时拒绝高风险操作,请求ID、响应码、耗时、摘要、重试和最终结果
P077,损坏报损,技术后台端,I02,组织与员工主数据,中心、部门、岗位、员工关系,同步查询+事件订阅,组织ID/员工ID/有效期,P077-02-{业务主键},指数退避3次；超限转死信/人工,缓存降级；变更事件补偿,请求ID、响应码、耗时、摘要、重试和最终结果
P077,损坏报损,技术后台端,I03,流程任务中心,实例、任务、状态、待办,内部事务+消息,实例号/任务号/状态,P077-03-{业务主键},指数退避3次；超限转死信/人工,幂等重试；死信队列,请求ID、响应码、耗时、摘要、重试和最终结果
P077,损坏报损,技术后台端,I04,消息通知中心,站内信、短信、邮件、企业微信,异步消息,模板变量/接收人/业务链接,P077-04-{业务主键},指数退避3次；超限转死信/人工,重试3次；失败告警,请求ID、响应码、耗时、摘要、重试和最终结果
P077,损坏报损,技术后台端,I05,文件与电子证据,附件、哈希、水印、短时下载,对象存储+签名URL,文件ID/哈希/敏感级别,P077-05-{业务主键},指数退避3次；超限转死信/人工,病毒隔离；链接过期,请求ID、响应码、耗时、摘要、重试和最终结果
P077,损坏报损,技术后台端,I06,审计日志平台,操作、前后值、接口请求ID,异步不可篡改日志,操作者/身份/时间/设备/IP,P077-06-{业务主键},指数退避3次；超限转死信/人工,关键审计失败阻断,请求ID、响应码、耗时、摘要、重试和最终结果
P077,损坏报损,技术后台端,I07,资产仓储系统,物料、批次、序列号、库存与资产状态,API+事件,物料/资产ID/数量/库位,P077-07-{业务主键},指数退避3次；超限转死信/人工,库存锁补偿；负库存阻断,请求ID、响应码、耗时、摘要、重试和最终结果
P078,盘点,技术后台端,I01,统一身份与MFA,认证、任职身份、二次认证,同步调用,用户ID/身份ID/认证级别,P078-01-{业务主键},指数退避3次；超限转死信/人工,超时拒绝高风险操作,请求ID、响应码、耗时、摘要、重试和最终结果
P078,盘点,技术后台端,I02,组织与员工主数据,中心、部门、岗位、员工关系,同步查询+事件订阅,组织ID/员工ID/有效期,P078-02-{业务主键},指数退避3次；超限转死信/人工,缓存降级；变更事件补偿,请求ID、响应码、耗时、摘要、重试和最终结果
P078,盘点,技术后台端,I03,流程任务中心,实例、任务、状态、待办,内部事务+消息,实例号/任务号/状态,P078-03-{业务主键},指数退避3次；超限转死信/人工,幂等重试；死信队列,请求ID、响应码、耗时、摘要、重试和最终结果
P078,盘点,技术后台端,I04,消息通知中心,站内信、短信、邮件、企业微信,异步消息,模板变量/接收人/业务链接,P078-04-{业务主键},指数退避3次；超限转死信/人工,重试3次；失败告警,请求ID、响应码、耗时、摘要、重试和最终结果
P078,盘点,技术后台端,I05,文件与电子证据,附件、哈希、水印、短时下载,对象存储+签名URL,文件ID/哈希/敏感级别,P078-05-{业务主键},指数退避3次；超限转死信/人工,病毒隔离；链接过期,请求ID、响应码、耗时、摘要、重试和最终结果
P078,盘点,技术后台端,I06,审计日志平台,操作、前后值、接口请求ID,异步不可篡改日志,操作者/身份/时间/设备/IP,P078-06-{业务主键},指数退避3次；超限转死信/人工,关键审计失败阻断,请求ID、响应码、耗时、摘要、重试和最终结果
P078,盘点,技术后台端,I07,资产仓储系统,物料、批次、序列号、库存与资产状态,API+事件,物料/资产ID/数量/库位,P078-07-{业务主键},指数退避3次；超限转死信/人工,库存锁补偿；负库存阻断,请求ID、响应码、耗时、摘要、重试和最终结果
P079,飞行任务,技术后台端,I01,统一身份与MFA,认证、任职身份、二次认证,同步调用,用户ID/身份ID/认证级别,P079-01-{业务主键},指数退避3次；超限转死信/人工,超时拒绝高风险操作,请求ID、响应码、耗时、摘要、重试和最终结果
P079,飞行任务,技术后台端,I02,组织与员工主数据,中心、部门、岗位、员工关系,同步查询+事件订阅,组织ID/员工ID/有效期,P079-02-{业务主键},指数退避3次；超限转死信/人工,缓存降级；变更事件补偿,请求ID、响应码、耗时、摘要、重试和最终结果
P079,飞行任务,技术后台端,I03,流程任务中心,实例、任务、状态、待办,内部事务+消息,实例号/任务号/状态,P079-03-{业务主键},指数退避3次；超限转死信/人工,幂等重试；死信队列,请求ID、响应码、耗时、摘要、重试和最终结果
P079,飞行任务,技术后台端,I04,消息通知中心,站内信、短信、邮件、企业微信,异步消息,模板变量/接收人/业务链接,P079-04-{业务主键},指数退避3次；超限转死信/人工,重试3次；失败告警,请求ID、响应码、耗时、摘要、重试和最终结果
P079,飞行任务,技术后台端,I05,文件与电子证据,附件、哈希、水印、短时下载,对象存储+签名URL,文件ID/哈希/敏感级别,P079-05-{业务主键},指数退避3次；超限转死信/人工,病毒隔离；链接过期,请求ID、响应码、耗时、摘要、重试和最终结果
P079,飞行任务,技术后台端,I06,审计日志平台,操作、前后值、接口请求ID,异步不可篡改日志,操作者/身份/时间/设备/IP,P079-06-{业务主键},指数退避3次；超限转死信/人工,关键审计失败阻断,请求ID、响应码、耗时、摘要、重试和最终结果
P080,任务取消,技术后台端,I01,统一身份与MFA,认证、任职身份、二次认证,同步调用,用户ID/身份ID/认证级别,P080-01-{业务主键},指数退避3次；超限转死信/人工,超时拒绝高风险操作,请求ID、响应码、耗时、摘要、重试和最终结果
P080,任务取消,技术后台端,I02,组织与员工主数据,中心、部门、岗位、员工关系,同步查询+事件订阅,组织ID/员工ID/有效期,P080-02-{业务主键},指数退避3次；超限转死信/人工,缓存降级；变更事件补偿,请求ID、响应码、耗时、摘要、重试和最终结果
P080,任务取消,技术后台端,I03,流程任务中心,实例、任务、状态、待办,内部事务+消息,实例号/任务号/状态,P080-03-{业务主键},指数退避3次；超限转死信/人工,幂等重试；死信队列,请求ID、响应码、耗时、摘要、重试和最终结果
P080,任务取消,技术后台端,I04,消息通知中心,站内信、短信、邮件、企业微信,异步消息,模板变量/接收人/业务链接,P080-04-{业务主键},指数退避3次；超限转死信/人工,重试3次；失败告警,请求ID、响应码、耗时、摘要、重试和最终结果
P080,任务取消,技术后台端,I05,文件与电子证据,附件、哈希、水印、短时下载,对象存储+签名URL,文件ID/哈希/敏感级别,P080-05-{业务主键},指数退避3次；超限转死信/人工,病毒隔离；链接过期,请求ID、响应码、耗时、摘要、重试和最终结果
P080,任务取消,技术后台端,I06,审计日志平台,操作、前后值、接口请求ID,异步不可篡改日志,操作者/身份/时间/设备/IP,P080-06-{业务主键},指数退避3次；超限转死信/人工,关键审计失败阻断,请求ID、响应码、耗时、摘要、重试和最终结果
P080,任务取消,技术后台端,I07,订单票务与支付,订单、支付、出票、核销、退款,API+消息,订单号/票码/金额/状态,P080-07-{业务主键},指数退避3次；超限转死信/人工,幂等回调；差异队列,请求ID、响应码、耗时、摘要、重试和最终结果
P081,飞行事故,技术后台端,I01,统一身份与MFA,认证、任职身份、二次认证,同步调用,用户ID/身份ID/认证级别,P081-01-{业务主键},指数退避3次；超限转死信/人工,超时拒绝高风险操作,请求ID、响应码、耗时、摘要、重试和最终结果
P081,飞行事故,技术后台端,I02,组织与员工主数据,中心、部门、岗位、员工关系,同步查询+事件订阅,组织ID/员工ID/有效期,P081-02-{业务主键},指数退避3次；超限转死信/人工,缓存降级；变更事件补偿,请求ID、响应码、耗时、摘要、重试和最终结果
P081,飞行事故,技术后台端,I03,流程任务中心,实例、任务、状态、待办,内部事务+消息,实例号/任务号/状态,P081-03-{业务主键},指数退避3次；超限转死信/人工,幂等重试；死信队列,请求ID、响应码、耗时、摘要、重试和最终结果
P081,飞行事故,技术后台端,I04,消息通知中心,站内信、短信、邮件、企业微信,异步消息,模板变量/接收人/业务链接,P081-04-{业务主键},指数退避3次；超限转死信/人工,重试3次；失败告警,请求ID、响应码、耗时、摘要、重试和最终结果
P081,飞行事故,技术后台端,I05,文件与电子证据,附件、哈希、水印、短时下载,对象存储+签名URL,文件ID/哈希/敏感级别,P081-05-{业务主键},指数退避3次；超限转死信/人工,病毒隔离；链接过期,请求ID、响应码、耗时、摘要、重试和最终结果
P081,飞行事故,技术后台端,I06,审计日志平台,操作、前后值、接口请求ID,异步不可篡改日志,操作者/身份/时间/设备/IP,P081-06-{业务主键},指数退避3次；超限转死信/人工,关键审计失败阻断,请求ID、响应码、耗时、摘要、重试和最终结果
P082,场次技术保障,技术后台端,I01,统一身份与MFA,认证、任职身份、二次认证,同步调用,用户ID/身份ID/认证级别,P082-01-{业务主键},指数退避3次；超限转死信/人工,超时拒绝高风险操作,请求ID、响应码、耗时、摘要、重试和最终结果
P082,场次技术保障,技术后台端,I02,组织与员工主数据,中心、部门、岗位、员工关系,同步查询+事件订阅,组织ID/员工ID/有效期,P082-02-{业务主键},指数退避3次；超限转死信/人工,缓存降级；变更事件补偿,请求ID、响应码、耗时、摘要、重试和最终结果
P082,场次技术保障,技术后台端,I03,流程任务中心,实例、任务、状态、待办,内部事务+消息,实例号/任务号/状态,P082-03-{业务主键},指数退避3次；超限转死信/人工,幂等重试；死信队列,请求ID、响应码、耗时、摘要、重试和最终结果
P082,场次技术保障,技术后台端,I04,消息通知中心,站内信、短信、邮件、企业微信,异步消息,模板变量/接收人/业务链接,P082-04-{业务主键},指数退避3次；超限转死信/人工,重试3次；失败告警,请求ID、响应码、耗时、摘要、重试和最终结果
P082,场次技术保障,技术后台端,I05,文件与电子证据,附件、哈希、水印、短时下载,对象存储+签名URL,文件ID/哈希/敏感级别,P082-05-{业务主键},指数退避3次；超限转死信/人工,病毒隔离；链接过期,请求ID、响应码、耗时、摘要、重试和最终结果
P082,场次技术保障,技术后台端,I06,审计日志平台,操作、前后值、接口请求ID,异步不可篡改日志,操作者/身份/时间/设备/IP,P082-06-{业务主键},指数退避3次；超限转死信/人工,关键审计失败阻断,请求ID、响应码、耗时、摘要、重试和最终结果
P083,设备故障,技术后台端,I01,统一身份与MFA,认证、任职身份、二次认证,同步调用,用户ID/身份ID/认证级别,P083-01-{业务主键},指数退避3次；超限转死信/人工,超时拒绝高风险操作,请求ID、响应码、耗时、摘要、重试和最终结果
P083,设备故障,技术后台端,I02,组织与员工主数据,中心、部门、岗位、员工关系,同步查询+事件订阅,组织ID/员工ID/有效期,P083-02-{业务主键},指数退避3次；超限转死信/人工,缓存降级；变更事件补偿,请求ID、响应码、耗时、摘要、重试和最终结果
P083,设备故障,技术后台端,I03,流程任务中心,实例、任务、状态、待办,内部事务+消息,实例号/任务号/状态,P083-03-{业务主键},指数退避3次；超限转死信/人工,幂等重试；死信队列,请求ID、响应码、耗时、摘要、重试和最终结果
P083,设备故障,技术后台端,I04,消息通知中心,站内信、短信、邮件、企业微信,异步消息,模板变量/接收人/业务链接,P083-04-{业务主键},指数退避3次；超限转死信/人工,重试3次；失败告警,请求ID、响应码、耗时、摘要、重试和最终结果
P083,设备故障,技术后台端,I05,文件与电子证据,附件、哈希、水印、短时下载,对象存储+签名URL,文件ID/哈希/敏感级别,P083-05-{业务主键},指数退避3次；超限转死信/人工,病毒隔离；链接过期,请求ID、响应码、耗时、摘要、重试和最终结果
P083,设备故障,技术后台端,I06,审计日志平台,操作、前后值、接口请求ID,异步不可篡改日志,操作者/身份/时间/设备/IP,P083-06-{业务主键},指数退避3次；超限转死信/人工,关键审计失败阻断,请求ID、响应码、耗时、摘要、重试和最终结果
P084,停演技术建议,技术后台端,I01,统一身份与MFA,认证、任职身份、二次认证,同步调用,用户ID/身份ID/认证级别,P084-01-{业务主键},指数退避3次；超限转死信/人工,超时拒绝高风险操作,请求ID、响应码、耗时、摘要、重试和最终结果
P084,停演技术建议,技术后台端,I02,组织与员工主数据,中心、部门、岗位、员工关系,同步查询+事件订阅,组织ID/员工ID/有效期,P084-02-{业务主键},指数退避3次；超限转死信/人工,缓存降级；变更事件补偿,请求ID、响应码、耗时、摘要、重试和最终结果
P084,停演技术建议,技术后台端,I03,流程任务中心,实例、任务、状态、待办,内部事务+消息,实例号/任务号/状态,P084-03-{业务主键},指数退避3次；超限转死信/人工,幂等重试；死信队列,请求ID、响应码、耗时、摘要、重试和最终结果
P084,停演技术建议,技术后台端,I04,消息通知中心,站内信、短信、邮件、企业微信,异步消息,模板变量/接收人/业务链接,P084-04-{业务主键},指数退避3次；超限转死信/人工,重试3次；失败告警,请求ID、响应码、耗时、摘要、重试和最终结果
P084,停演技术建议,技术后台端,I05,文件与电子证据,附件、哈希、水印、短时下载,对象存储+签名URL,文件ID/哈希/敏感级别,P084-05-{业务主键},指数退避3次；超限转死信/人工,病毒隔离；链接过期,请求ID、响应码、耗时、摘要、重试和最终结果
P084,停演技术建议,技术后台端,I06,审计日志平台,操作、前后值、接口请求ID,异步不可篡改日志,操作者/身份/时间/设备/IP,P084-06-{业务主键},指数退避3次；超限转死信/人工,关键审计失败阻断,请求ID、响应码、耗时、摘要、重试和最终结果
P085,网络故障,技术后台端,I01,统一身份与MFA,认证、任职身份、二次认证,同步调用,用户ID/身份ID/认证级别,P085-01-{业务主键},指数退避3次；超限转死信/人工,超时拒绝高风险操作,请求ID、响应码、耗时、摘要、重试和最终结果
P085,网络故障,技术后台端,I02,组织与员工主数据,中心、部门、岗位、员工关系,同步查询+事件订阅,组织ID/员工ID/有效期,P085-02-{业务主键},指数退避3次；超限转死信/人工,缓存降级；变更事件补偿,请求ID、响应码、耗时、摘要、重试和最终结果
P085,网络故障,技术后台端,I03,流程任务中心,实例、任务、状态、待办,内部事务+消息,实例号/任务号/状态,P085-03-{业务主键},指数退避3次；超限转死信/人工,幂等重试；死信队列,请求ID、响应码、耗时、摘要、重试和最终结果
P085,网络故障,技术后台端,I04,消息通知中心,站内信、短信、邮件、企业微信,异步消息,模板变量/接收人/业务链接,P085-04-{业务主键},指数退避3次；超限转死信/人工,重试3次；失败告警,请求ID、响应码、耗时、摘要、重试和最终结果
P085,网络故障,技术后台端,I05,文件与电子证据,附件、哈希、水印、短时下载,对象存储+签名URL,文件ID/哈希/敏感级别,P085-05-{业务主键},指数退避3次；超限转死信/人工,病毒隔离；链接过期,请求ID、响应码、耗时、摘要、重试和最终结果
P085,网络故障,技术后台端,I06,审计日志平台,操作、前后值、接口请求ID,异步不可篡改日志,操作者/身份/时间/设备/IP,P085-06-{业务主键},指数退避3次；超限转死信/人工,关键审计失败阻断,请求ID、响应码、耗时、摘要、重试和最终结果
P085,网络故障,技术后台端,I07,CMDB/研发/CI-CD,配置项、代码、构建、测试、发布、监控,API+Webhook,工作项/构建号/版本/环境,P085-07-{业务主键},指数退避3次；超限转死信/人工,回退流水；发布门禁,请求ID、响应码、耗时、摘要、重试和最终结果
P086,网络变更,技术后台端,I01,统一身份与MFA,认证、任职身份、二次认证,同步调用,用户ID/身份ID/认证级别,P086-01-{业务主键},指数退避3次；超限转死信/人工,超时拒绝高风险操作,请求ID、响应码、耗时、摘要、重试和最终结果
P086,网络变更,技术后台端,I02,组织与员工主数据,中心、部门、岗位、员工关系,同步查询+事件订阅,组织ID/员工ID/有效期,P086-02-{业务主键},指数退避3次；超限转死信/人工,缓存降级；变更事件补偿,请求ID、响应码、耗时、摘要、重试和最终结果
P086,网络变更,技术后台端,I03,流程任务中心,实例、任务、状态、待办,内部事务+消息,实例号/任务号/状态,P086-03-{业务主键},指数退避3次；超限转死信/人工,幂等重试；死信队列,请求ID、响应码、耗时、摘要、重试和最终结果
P086,网络变更,技术后台端,I04,消息通知中心,站内信、短信、邮件、企业微信,异步消息,模板变量/接收人/业务链接,P086-04-{业务主键},指数退避3次；超限转死信/人工,重试3次；失败告警,请求ID、响应码、耗时、摘要、重试和最终结果
P086,网络变更,技术后台端,I05,文件与电子证据,附件、哈希、水印、短时下载,对象存储+签名URL,文件ID/哈希/敏感级别,P086-05-{业务主键},指数退避3次；超限转死信/人工,病毒隔离；链接过期,请求ID、响应码、耗时、摘要、重试和最终结果
P086,网络变更,技术后台端,I06,审计日志平台,操作、前后值、接口请求ID,异步不可篡改日志,操作者/身份/时间/设备/IP,P086-06-{业务主键},指数退避3次；超限转死信/人工,关键审计失败阻断,请求ID、响应码、耗时、摘要、重试和最终结果
P086,网络变更,技术后台端,I07,CMDB/研发/CI-CD,配置项、代码、构建、测试、发布、监控,API+Webhook,工作项/构建号/版本/环境,P086-07-{业务主键},指数退避3次；超限转死信/人工,回退流水；发布门禁,请求ID、响应码、耗时、摘要、重试和最终结果
P087,活动保障,技术后台端,I01,统一身份与MFA,认证、任职身份、二次认证,同步调用,用户ID/身份ID/认证级别,P087-01-{业务主键},指数退避3次；超限转死信/人工,超时拒绝高风险操作,请求ID、响应码、耗时、摘要、重试和最终结果
P087,活动保障,技术后台端,I02,组织与员工主数据,中心、部门、岗位、员工关系,同步查询+事件订阅,组织ID/员工ID/有效期,P087-02-{业务主键},指数退避3次；超限转死信/人工,缓存降级；变更事件补偿,请求ID、响应码、耗时、摘要、重试和最终结果
P087,活动保障,技术后台端,I03,流程任务中心,实例、任务、状态、待办,内部事务+消息,实例号/任务号/状态,P087-03-{业务主键},指数退避3次；超限转死信/人工,幂等重试；死信队列,请求ID、响应码、耗时、摘要、重试和最终结果
P087,活动保障,技术后台端,I04,消息通知中心,站内信、短信、邮件、企业微信,异步消息,模板变量/接收人/业务链接,P087-04-{业务主键},指数退避3次；超限转死信/人工,重试3次；失败告警,请求ID、响应码、耗时、摘要、重试和最终结果
P087,活动保障,技术后台端,I05,文件与电子证据,附件、哈希、水印、短时下载,对象存储+签名URL,文件ID/哈希/敏感级别,P087-05-{业务主键},指数退避3次；超限转死信/人工,病毒隔离；链接过期,请求ID、响应码、耗时、摘要、重试和最终结果
P087,活动保障,技术后台端,I06,审计日志平台,操作、前后值、接口请求ID,异步不可篡改日志,操作者/身份/时间/设备/IP,P087-06-{业务主键},指数退避3次；超限转死信/人工,关键审计失败阻断,请求ID、响应码、耗时、摘要、重试和最终结果
P087,活动保障,技术后台端,I07,CMDB/研发/CI-CD,配置项、代码、构建、测试、发布、监控,API+Webhook,工作项/构建号/版本/环境,P087-07-{业务主键},指数退避3次；超限转死信/人工,回退流水；发布门禁,请求ID、响应码、耗时、摘要、重试和最终结果
P088,IT服务请求,技术后台端,I01,统一身份与MFA,认证、任职身份、二次认证,同步调用,用户ID/身份ID/认证级别,P088-01-{业务主键},指数退避3次；超限转死信/人工,超时拒绝高风险操作,请求ID、响应码、耗时、摘要、重试和最终结果
P088,IT服务请求,技术后台端,I02,组织与员工主数据,中心、部门、岗位、员工关系,同步查询+事件订阅,组织ID/员工ID/有效期,P088-02-{业务主键},指数退避3次；超限转死信/人工,缓存降级；变更事件补偿,请求ID、响应码、耗时、摘要、重试和最终结果
P088,IT服务请求,技术后台端,I03,流程任务中心,实例、任务、状态、待办,内部事务+消息,实例号/任务号/状态,P088-03-{业务主键},指数退避3次；超限转死信/人工,幂等重试；死信队列,请求ID、响应码、耗时、摘要、重试和最终结果
P088,IT服务请求,技术后台端,I04,消息通知中心,站内信、短信、邮件、企业微信,异步消息,模板变量/接收人/业务链接,P088-04-{业务主键},指数退避3次；超限转死信/人工,重试3次；失败告警,请求ID、响应码、耗时、摘要、重试和最终结果
P088,IT服务请求,技术后台端,I05,文件与电子证据,附件、哈希、水印、短时下载,对象存储+签名URL,文件ID/哈希/敏感级别,P088-05-{业务主键},指数退避3次；超限转死信/人工,病毒隔离；链接过期,请求ID、响应码、耗时、摘要、重试和最终结果
P088,IT服务请求,技术后台端,I06,审计日志平台,操作、前后值、接口请求ID,异步不可篡改日志,操作者/身份/时间/设备/IP,P088-06-{业务主键},指数退避3次；超限转死信/人工,关键审计失败阻断,请求ID、响应码、耗时、摘要、重试和最终结果
P088,IT服务请求,技术后台端,I07,CMDB/研发/CI-CD,配置项、代码、构建、测试、发布、监控,API+Webhook,工作项/构建号/版本/环境,P088-07-{业务主键},指数退避3次；超限转死信/人工,回退流水；发布门禁,请求ID、响应码、耗时、摘要、重试和最终结果
P089,生产发布,技术后台端,I01,统一身份与MFA,认证、任职身份、二次认证,同步调用,用户ID/身份ID/认证级别,P089-01-{业务主键},指数退避3次；超限转死信/人工,超时拒绝高风险操作,请求ID、响应码、耗时、摘要、重试和最终结果
P089,生产发布,技术后台端,I02,组织与员工主数据,中心、部门、岗位、员工关系,同步查询+事件订阅,组织ID/员工ID/有效期,P089-02-{业务主键},指数退避3次；超限转死信/人工,缓存降级；变更事件补偿,请求ID、响应码、耗时、摘要、重试和最终结果
P089,生产发布,技术后台端,I03,流程任务中心,实例、任务、状态、待办,内部事务+消息,实例号/任务号/状态,P089-03-{业务主键},指数退避3次；超限转死信/人工,幂等重试；死信队列,请求ID、响应码、耗时、摘要、重试和最终结果
P089,生产发布,技术后台端,I04,消息通知中心,站内信、短信、邮件、企业微信,异步消息,模板变量/接收人/业务链接,P089-04-{业务主键},指数退避3次；超限转死信/人工,重试3次；失败告警,请求ID、响应码、耗时、摘要、重试和最终结果
P089,生产发布,技术后台端,I05,文件与电子证据,附件、哈希、水印、短时下载,对象存储+签名URL,文件ID/哈希/敏感级别,P089-05-{业务主键},指数退避3次；超限转死信/人工,病毒隔离；链接过期,请求ID、响应码、耗时、摘要、重试和最终结果
P089,生产发布,技术后台端,I06,审计日志平台,操作、前后值、接口请求ID,异步不可篡改日志,操作者/身份/时间/设备/IP,P089-06-{业务主键},指数退避3次；超限转死信/人工,关键审计失败阻断,请求ID、响应码、耗时、摘要、重试和最终结果
P089,生产发布,技术后台端,I07,CMDB/研发/CI-CD,配置项、代码、构建、测试、发布、监控,API+Webhook,工作项/构建号/版本/环境,P089-07-{业务主键},指数退避3次；超限转死信/人工,回退流水；发布门禁,请求ID、响应码、耗时、摘要、重试和最终结果
P090,账号执行,技术后台端,I01,统一身份与MFA,认证、任职身份、二次认证,同步调用,用户ID/身份ID/认证级别,P090-01-{业务主键},指数退避3次；超限转死信/人工,超时拒绝高风险操作,请求ID、响应码、耗时、摘要、重试和最终结果
P090,账号执行,技术后台端,I02,组织与员工主数据,中心、部门、岗位、员工关系,同步查询+事件订阅,组织ID/员工ID/有效期,P090-02-{业务主键},指数退避3次；超限转死信/人工,缓存降级；变更事件补偿,请求ID、响应码、耗时、摘要、重试和最终结果
P090,账号执行,技术后台端,I03,流程任务中心,实例、任务、状态、待办,内部事务+消息,实例号/任务号/状态,P090-03-{业务主键},指数退避3次；超限转死信/人工,幂等重试；死信队列,请求ID、响应码、耗时、摘要、重试和最终结果
P090,账号执行,技术后台端,I04,消息通知中心,站内信、短信、邮件、企业微信,异步消息,模板变量/接收人/业务链接,P090-04-{业务主键},指数退避3次；超限转死信/人工,重试3次；失败告警,请求ID、响应码、耗时、摘要、重试和最终结果
P090,账号执行,技术后台端,I05,文件与电子证据,附件、哈希、水印、短时下载,对象存储+签名URL,文件ID/哈希/敏感级别,P090-05-{业务主键},指数退避3次；超限转死信/人工,病毒隔离；链接过期,请求ID、响应码、耗时、摘要、重试和最终结果
P090,账号执行,技术后台端,I06,审计日志平台,操作、前后值、接口请求ID,异步不可篡改日志,操作者/身份/时间/设备/IP,P090-06-{业务主键},指数退避3次；超限转死信/人工,关键审计失败阻断,请求ID、响应码、耗时、摘要、重试和最终结果
P090,账号执行,技术后台端,I07,人力资源与考勤,员工、编制、合同、假勤、排班、绩效,API+事件,员工ID/岗位/时间/分数,P090-07-{业务主键},指数退避3次；超限转死信/人工,对账补偿；差异工单,请求ID、响应码、耗时、摘要、重试和最终结果
P090,账号执行,技术后台端,I08,CMDB/研发/CI-CD,配置项、代码、构建、测试、发布、监控,API+Webhook,工作项/构建号/版本/环境,P090-08-{业务主键},指数退避3次；超限转死信/人工,回退流水；发布门禁,请求ID、响应码、耗时、摘要、重试和最终结果
P091,恢复演练,技术后台端,I01,统一身份与MFA,认证、任职身份、二次认证,同步调用,用户ID/身份ID/认证级别,P091-01-{业务主键},指数退避3次；超限转死信/人工,超时拒绝高风险操作,请求ID、响应码、耗时、摘要、重试和最终结果
P091,恢复演练,技术后台端,I02,组织与员工主数据,中心、部门、岗位、员工关系,同步查询+事件订阅,组织ID/员工ID/有效期,P091-02-{业务主键},指数退避3次；超限转死信/人工,缓存降级；变更事件补偿,请求ID、响应码、耗时、摘要、重试和最终结果
P091,恢复演练,技术后台端,I03,流程任务中心,实例、任务、状态、待办,内部事务+消息,实例号/任务号/状态,P091-03-{业务主键},指数退避3次；超限转死信/人工,幂等重试；死信队列,请求ID、响应码、耗时、摘要、重试和最终结果
P091,恢复演练,技术后台端,I04,消息通知中心,站内信、短信、邮件、企业微信,异步消息,模板变量/接收人/业务链接,P091-04-{业务主键},指数退避3次；超限转死信/人工,重试3次；失败告警,请求ID、响应码、耗时、摘要、重试和最终结果
P091,恢复演练,技术后台端,I05,文件与电子证据,附件、哈希、水印、短时下载,对象存储+签名URL,文件ID/哈希/敏感级别,P091-05-{业务主键},指数退避3次；超限转死信/人工,病毒隔离；链接过期,请求ID、响应码、耗时、摘要、重试和最终结果
P091,恢复演练,技术后台端,I06,审计日志平台,操作、前后值、接口请求ID,异步不可篡改日志,操作者/身份/时间/设备/IP,P091-06-{业务主键},指数退避3次；超限转死信/人工,关键审计失败阻断,请求ID、响应码、耗时、摘要、重试和最终结果
P091,恢复演练,技术后台端,I07,CMDB/研发/CI-CD,配置项、代码、构建、测试、发布、监控,API+Webhook,工作项/构建号/版本/环境,P091-07-{业务主键},指数退避3次；超限转死信/人工,回退流水；发布门禁,请求ID、响应码、耗时、摘要、重试和最终结果
P092,需求开发,技术后台端,I01,统一身份与MFA,认证、任职身份、二次认证,同步调用,用户ID/身份ID/认证级别,P092-01-{业务主键},指数退避3次；超限转死信/人工,超时拒绝高风险操作,请求ID、响应码、耗时、摘要、重试和最终结果
P092,需求开发,技术后台端,I02,组织与员工主数据,中心、部门、岗位、员工关系,同步查询+事件订阅,组织ID/员工ID/有效期,P092-02-{业务主键},指数退避3次；超限转死信/人工,缓存降级；变更事件补偿,请求ID、响应码、耗时、摘要、重试和最终结果
P092,需求开发,技术后台端,I03,流程任务中心,实例、任务、状态、待办,内部事务+消息,实例号/任务号/状态,P092-03-{业务主键},指数退避3次；超限转死信/人工,幂等重试；死信队列,请求ID、响应码、耗时、摘要、重试和最终结果
P092,需求开发,技术后台端,I04,消息通知中心,站内信、短信、邮件、企业微信,异步消息,模板变量/接收人/业务链接,P092-04-{业务主键},指数退避3次；超限转死信/人工,重试3次；失败告警,请求ID、响应码、耗时、摘要、重试和最终结果
P092,需求开发,技术后台端,I05,文件与电子证据,附件、哈希、水印、短时下载,对象存储+签名URL,文件ID/哈希/敏感级别,P092-05-{业务主键},指数退避3次；超限转死信/人工,病毒隔离；链接过期,请求ID、响应码、耗时、摘要、重试和最终结果
P092,需求开发,技术后台端,I06,审计日志平台,操作、前后值、接口请求ID,异步不可篡改日志,操作者/身份/时间/设备/IP,P092-06-{业务主键},指数退避3次；超限转死信/人工,关键审计失败阻断,请求ID、响应码、耗时、摘要、重试和最终结果
P092,需求开发,技术后台端,I07,CMDB/研发/CI-CD,配置项、代码、构建、测试、发布、监控,API+Webhook,工作项/构建号/版本/环境,P092-07-{业务主键},指数退避3次；超限转死信/人工,回退流水；发布门禁,请求ID、响应码、耗时、摘要、重试和最终结果
P093,缺陷修复,技术后台端,I01,统一身份与MFA,认证、任职身份、二次认证,同步调用,用户ID/身份ID/认证级别,P093-01-{业务主键},指数退避3次；超限转死信/人工,超时拒绝高风险操作,请求ID、响应码、耗时、摘要、重试和最终结果
P093,缺陷修复,技术后台端,I02,组织与员工主数据,中心、部门、岗位、员工关系,同步查询+事件订阅,组织ID/员工ID/有效期,P093-02-{业务主键},指数退避3次；超限转死信/人工,缓存降级；变更事件补偿,请求ID、响应码、耗时、摘要、重试和最终结果
P093,缺陷修复,技术后台端,I03,流程任务中心,实例、任务、状态、待办,内部事务+消息,实例号/任务号/状态,P093-03-{业务主键},指数退避3次；超限转死信/人工,幂等重试；死信队列,请求ID、响应码、耗时、摘要、重试和最终结果
P093,缺陷修复,技术后台端,I04,消息通知中心,站内信、短信、邮件、企业微信,异步消息,模板变量/接收人/业务链接,P093-04-{业务主键},指数退避3次；超限转死信/人工,重试3次；失败告警,请求ID、响应码、耗时、摘要、重试和最终结果
P093,缺陷修复,技术后台端,I05,文件与电子证据,附件、哈希、水印、短时下载,对象存储+签名URL,文件ID/哈希/敏感级别,P093-05-{业务主键},指数退避3次；超限转死信/人工,病毒隔离；链接过期,请求ID、响应码、耗时、摘要、重试和最终结果
P093,缺陷修复,技术后台端,I06,审计日志平台,操作、前后值、接口请求ID,异步不可篡改日志,操作者/身份/时间/设备/IP,P093-06-{业务主键},指数退避3次；超限转死信/人工,关键审计失败阻断,请求ID、响应码、耗时、摘要、重试和最终结果
P093,缺陷修复,技术后台端,I07,CMDB/研发/CI-CD,配置项、代码、构建、测试、发布、监控,API+Webhook,工作项/构建号/版本/环境,P093-07-{业务主键},指数退避3次；超限转死信/人工,回退流水；发布门禁,请求ID、响应码、耗时、摘要、重试和最终结果
P094,版本发布,技术后台端,I01,统一身份与MFA,认证、任职身份、二次认证,同步调用,用户ID/身份ID/认证级别,P094-01-{业务主键},指数退避3次；超限转死信/人工,超时拒绝高风险操作,请求ID、响应码、耗时、摘要、重试和最终结果
P094,版本发布,技术后台端,I02,组织与员工主数据,中心、部门、岗位、员工关系,同步查询+事件订阅,组织ID/员工ID/有效期,P094-02-{业务主键},指数退避3次；超限转死信/人工,缓存降级；变更事件补偿,请求ID、响应码、耗时、摘要、重试和最终结果
P094,版本发布,技术后台端,I03,流程任务中心,实例、任务、状态、待办,内部事务+消息,实例号/任务号/状态,P094-03-{业务主键},指数退避3次；超限转死信/人工,幂等重试；死信队列,请求ID、响应码、耗时、摘要、重试和最终结果
P094,版本发布,技术后台端,I04,消息通知中心,站内信、短信、邮件、企业微信,异步消息,模板变量/接收人/业务链接,P094-04-{业务主键},指数退避3次；超限转死信/人工,重试3次；失败告警,请求ID、响应码、耗时、摘要、重试和最终结果
P094,版本发布,技术后台端,I05,文件与电子证据,附件、哈希、水印、短时下载,对象存储+签名URL,文件ID/哈希/敏感级别,P094-05-{业务主键},指数退避3次；超限转死信/人工,病毒隔离；链接过期,请求ID、响应码、耗时、摘要、重试和最终结果
P094,版本发布,技术后台端,I06,审计日志平台,操作、前后值、接口请求ID,异步不可篡改日志,操作者/身份/时间/设备/IP,P094-06-{业务主键},指数退避3次；超限转死信/人工,关键审计失败阻断,请求ID、响应码、耗时、摘要、重试和最终结果
P094,版本发布,技术后台端,I07,CMDB/研发/CI-CD,配置项、代码、构建、测试、发布、监控,API+Webhook,工作项/构建号/版本/环境,P094-07-{业务主键},指数退避3次；超限转死信/人工,回退流水；发布门禁,请求ID、响应码、耗时、摘要、重试和最终结果
P095,宣传物料制作,技术后台端,I01,统一身份与MFA,认证、任职身份、二次认证,同步调用,用户ID/身份ID/认证级别,P095-01-{业务主键},指数退避3次；超限转死信/人工,超时拒绝高风险操作,请求ID、响应码、耗时、摘要、重试和最终结果
P095,宣传物料制作,技术后台端,I02,组织与员工主数据,中心、部门、岗位、员工关系,同步查询+事件订阅,组织ID/员工ID/有效期,P095-02-{业务主键},指数退避3次；超限转死信/人工,缓存降级；变更事件补偿,请求ID、响应码、耗时、摘要、重试和最终结果
P095,宣传物料制作,技术后台端,I03,流程任务中心,实例、任务、状态、待办,内部事务+消息,实例号/任务号/状态,P095-03-{业务主键},指数退避3次；超限转死信/人工,幂等重试；死信队列,请求ID、响应码、耗时、摘要、重试和最终结果
P095,宣传物料制作,技术后台端,I04,消息通知中心,站内信、短信、邮件、企业微信,异步消息,模板变量/接收人/业务链接,P095-04-{业务主键},指数退避3次；超限转死信/人工,重试3次；失败告警,请求ID、响应码、耗时、摘要、重试和最终结果
P095,宣传物料制作,技术后台端,I05,文件与电子证据,附件、哈希、水印、短时下载,对象存储+签名URL,文件ID/哈希/敏感级别,P095-05-{业务主键},指数退避3次；超限转死信/人工,病毒隔离；链接过期,请求ID、响应码、耗时、摘要、重试和最终结果
P095,宣传物料制作,技术后台端,I06,审计日志平台,操作、前后值、接口请求ID,异步不可篡改日志,操作者/身份/时间/设备/IP,P095-06-{业务主键},指数退避3次；超限转死信/人工,关键审计失败阻断,请求ID、响应码、耗时、摘要、重试和最终结果
P095,宣传物料制作,技术后台端,I07,资产仓储系统,物料、批次、序列号、库存与资产状态,API+事件,物料/资产ID/数量/库位,P095-07-{业务主键},指数退避3次；超限转死信/人工,库存锁补偿；负库存阻断,请求ID、响应码、耗时、摘要、重试和最终结果
P095,宣传物料制作,技术后台端,I08,内容资产与渠道平台,素材、版本、版权、发布与数据回流,API+平台回调,内容ID/渠道ID/发布状态/指标,P095-08-{业务主键},指数退避3次；超限转死信/人工,回调验签；平台差异对账,请求ID、响应码、耗时、摘要、重试和最终结果
P096,拍摄任务,技术后台端,I01,统一身份与MFA,认证、任职身份、二次认证,同步调用,用户ID/身份ID/认证级别,P096-01-{业务主键},指数退避3次；超限转死信/人工,超时拒绝高风险操作,请求ID、响应码、耗时、摘要、重试和最终结果
P096,拍摄任务,技术后台端,I02,组织与员工主数据,中心、部门、岗位、员工关系,同步查询+事件订阅,组织ID/员工ID/有效期,P096-02-{业务主键},指数退避3次；超限转死信/人工,缓存降级；变更事件补偿,请求ID、响应码、耗时、摘要、重试和最终结果
P096,拍摄任务,技术后台端,I03,流程任务中心,实例、任务、状态、待办,内部事务+消息,实例号/任务号/状态,P096-03-{业务主键},指数退避3次；超限转死信/人工,幂等重试；死信队列,请求ID、响应码、耗时、摘要、重试和最终结果
P096,拍摄任务,技术后台端,I04,消息通知中心,站内信、短信、邮件、企业微信,异步消息,模板变量/接收人/业务链接,P096-04-{业务主键},指数退避3次；超限转死信/人工,重试3次；失败告警,请求ID、响应码、耗时、摘要、重试和最终结果
P096,拍摄任务,技术后台端,I05,文件与电子证据,附件、哈希、水印、短时下载,对象存储+签名URL,文件ID/哈希/敏感级别,P096-05-{业务主键},指数退避3次；超限转死信/人工,病毒隔离；链接过期,请求ID、响应码、耗时、摘要、重试和最终结果
P096,拍摄任务,技术后台端,I06,审计日志平台,操作、前后值、接口请求ID,异步不可篡改日志,操作者/身份/时间/设备/IP,P096-06-{业务主键},指数退避3次；超限转死信/人工,关键审计失败阻断,请求ID、响应码、耗时、摘要、重试和最终结果
P096,拍摄任务,技术后台端,I07,内容资产与渠道平台,素材、版本、版权、发布与数据回流,API+平台回调,内容ID/渠道ID/发布状态/指标,P096-07-{业务主键},指数退避3次；超限转死信/人工,回调验签；平台差异对账,请求ID、响应码、耗时、摘要、重试和最终结果
P097,返工变更,技术后台端,I01,统一身份与MFA,认证、任职身份、二次认证,同步调用,用户ID/身份ID/认证级别,P097-01-{业务主键},指数退避3次；超限转死信/人工,超时拒绝高风险操作,请求ID、响应码、耗时、摘要、重试和最终结果
P097,返工变更,技术后台端,I02,组织与员工主数据,中心、部门、岗位、员工关系,同步查询+事件订阅,组织ID/员工ID/有效期,P097-02-{业务主键},指数退避3次；超限转死信/人工,缓存降级；变更事件补偿,请求ID、响应码、耗时、摘要、重试和最终结果
P097,返工变更,技术后台端,I03,流程任务中心,实例、任务、状态、待办,内部事务+消息,实例号/任务号/状态,P097-03-{业务主键},指数退避3次；超限转死信/人工,幂等重试；死信队列,请求ID、响应码、耗时、摘要、重试和最终结果
P097,返工变更,技术后台端,I04,消息通知中心,站内信、短信、邮件、企业微信,异步消息,模板变量/接收人/业务链接,P097-04-{业务主键},指数退避3次；超限转死信/人工,重试3次；失败告警,请求ID、响应码、耗时、摘要、重试和最终结果
P097,返工变更,技术后台端,I05,文件与电子证据,附件、哈希、水印、短时下载,对象存储+签名URL,文件ID/哈希/敏感级别,P097-05-{业务主键},指数退避3次；超限转死信/人工,病毒隔离；链接过期,请求ID、响应码、耗时、摘要、重试和最终结果
P097,返工变更,技术后台端,I06,审计日志平台,操作、前后值、接口请求ID,异步不可篡改日志,操作者/身份/时间/设备/IP,P097-06-{业务主键},指数退避3次；超限转死信/人工,关键审计失败阻断,请求ID、响应码、耗时、摘要、重试和最终结果
P098,策划项目,技术后台端,I01,统一身份与MFA,认证、任职身份、二次认证,同步调用,用户ID/身份ID/认证级别,P098-01-{业务主键},指数退避3次；超限转死信/人工,超时拒绝高风险操作,请求ID、响应码、耗时、摘要、重试和最终结果
P098,策划项目,技术后台端,I02,组织与员工主数据,中心、部门、岗位、员工关系,同步查询+事件订阅,组织ID/员工ID/有效期,P098-02-{业务主键},指数退避3次；超限转死信/人工,缓存降级；变更事件补偿,请求ID、响应码、耗时、摘要、重试和最终结果
P098,策划项目,技术后台端,I03,流程任务中心,实例、任务、状态、待办,内部事务+消息,实例号/任务号/状态,P098-03-{业务主键},指数退避3次；超限转死信/人工,幂等重试；死信队列,请求ID、响应码、耗时、摘要、重试和最终结果
P098,策划项目,技术后台端,I04,消息通知中心,站内信、短信、邮件、企业微信,异步消息,模板变量/接收人/业务链接,P098-04-{业务主键},指数退避3次；超限转死信/人工,重试3次；失败告警,请求ID、响应码、耗时、摘要、重试和最终结果
P098,策划项目,技术后台端,I05,文件与电子证据,附件、哈希、水印、短时下载,对象存储+签名URL,文件ID/哈希/敏感级别,P098-05-{业务主键},指数退避3次；超限转死信/人工,病毒隔离；链接过期,请求ID、响应码、耗时、摘要、重试和最终结果
P098,策划项目,技术后台端,I06,审计日志平台,操作、前后值、接口请求ID,异步不可篡改日志,操作者/身份/时间/设备/IP,P098-06-{业务主键},指数退避3次；超限转死信/人工,关键审计失败阻断,请求ID、响应码、耗时、摘要、重试和最终结果
P098,策划项目,技术后台端,I07,财务预算与支付,预算占用、票据、付款、凭证、对账,API+批次,预算项/金额/凭证号,P098-07-{业务主键},指数退避3次；超限转死信/人工,冲销补偿；T+1对账,请求ID、响应码、耗时、摘要、重试和最终结果
P099,方案变更,技术后台端,I01,统一身份与MFA,认证、任职身份、二次认证,同步调用,用户ID/身份ID/认证级别,P099-01-{业务主键},指数退避3次；超限转死信/人工,超时拒绝高风险操作,请求ID、响应码、耗时、摘要、重试和最终结果
P099,方案变更,技术后台端,I02,组织与员工主数据,中心、部门、岗位、员工关系,同步查询+事件订阅,组织ID/员工ID/有效期,P099-02-{业务主键},指数退避3次；超限转死信/人工,缓存降级；变更事件补偿,请求ID、响应码、耗时、摘要、重试和最终结果
P099,方案变更,技术后台端,I03,流程任务中心,实例、任务、状态、待办,内部事务+消息,实例号/任务号/状态,P099-03-{业务主键},指数退避3次；超限转死信/人工,幂等重试；死信队列,请求ID、响应码、耗时、摘要、重试和最终结果
P099,方案变更,技术后台端,I04,消息通知中心,站内信、短信、邮件、企业微信,异步消息,模板变量/接收人/业务链接,P099-04-{业务主键},指数退避3次；超限转死信/人工,重试3次；失败告警,请求ID、响应码、耗时、摘要、重试和最终结果
P099,方案变更,技术后台端,I05,文件与电子证据,附件、哈希、水印、短时下载,对象存储+签名URL,文件ID/哈希/敏感级别,P099-05-{业务主键},指数退避3次；超限转死信/人工,病毒隔离；链接过期,请求ID、响应码、耗时、摘要、重试和最终结果
P099,方案变更,技术后台端,I06,审计日志平台,操作、前后值、接口请求ID,异步不可篡改日志,操作者/身份/时间/设备/IP,P099-06-{业务主键},指数退避3次；超限转死信/人工,关键审计失败阻断,请求ID、响应码、耗时、摘要、重试和最终结果
P099,方案变更,技术后台端,I07,财务预算与支付,预算占用、票据、付款、凭证、对账,API+批次,预算项/金额/凭证号,P099-07-{业务主键},指数退避3次；超限转死信/人工,冲销补偿；T+1对账,请求ID、响应码、耗时、摘要、重试和最终结果
P100,活动策划移交,技术后台端,I01,统一身份与MFA,认证、任职身份、二次认证,同步调用,用户ID/身份ID/认证级别,P100-01-{业务主键},指数退避3次；超限转死信/人工,超时拒绝高风险操作,请求ID、响应码、耗时、摘要、重试和最终结果
P100,活动策划移交,技术后台端,I02,组织与员工主数据,中心、部门、岗位、员工关系,同步查询+事件订阅,组织ID/员工ID/有效期,P100-02-{业务主键},指数退避3次；超限转死信/人工,缓存降级；变更事件补偿,请求ID、响应码、耗时、摘要、重试和最终结果
P100,活动策划移交,技术后台端,I03,流程任务中心,实例、任务、状态、待办,内部事务+消息,实例号/任务号/状态,P100-03-{业务主键},指数退避3次；超限转死信/人工,幂等重试；死信队列,请求ID、响应码、耗时、摘要、重试和最终结果
P100,活动策划移交,技术后台端,I04,消息通知中心,站内信、短信、邮件、企业微信,异步消息,模板变量/接收人/业务链接,P100-04-{业务主键},指数退避3次；超限转死信/人工,重试3次；失败告警,请求ID、响应码、耗时、摘要、重试和最终结果
P100,活动策划移交,技术后台端,I05,文件与电子证据,附件、哈希、水印、短时下载,对象存储+签名URL,文件ID/哈希/敏感级别,P100-05-{业务主键},指数退避3次；超限转死信/人工,病毒隔离；链接过期,请求ID、响应码、耗时、摘要、重试和最终结果
P100,活动策划移交,技术后台端,I06,审计日志平台,操作、前后值、接口请求ID,异步不可篡改日志,操作者/身份/时间/设备/IP,P100-06-{业务主键},指数退避3次；超限转死信/人工,关键审计失败阻断,请求ID、响应码、耗时、摘要、重试和最终结果
P101,产品上架,技术后台端,I01,统一身份与MFA,认证、任职身份、二次认证,同步调用,用户ID/身份ID/认证级别,P101-01-{业务主键},指数退避3次；超限转死信/人工,超时拒绝高风险操作,请求ID、响应码、耗时、摘要、重试和最终结果
P101,产品上架,技术后台端,I02,组织与员工主数据,中心、部门、岗位、员工关系,同步查询+事件订阅,组织ID/员工ID/有效期,P101-02-{业务主键},指数退避3次；超限转死信/人工,缓存降级；变更事件补偿,请求ID、响应码、耗时、摘要、重试和最终结果
P101,产品上架,技术后台端,I03,流程任务中心,实例、任务、状态、待办,内部事务+消息,实例号/任务号/状态,P101-03-{业务主键},指数退避3次；超限转死信/人工,幂等重试；死信队列,请求ID、响应码、耗时、摘要、重试和最终结果
P101,产品上架,技术后台端,I04,消息通知中心,站内信、短信、邮件、企业微信,异步消息,模板变量/接收人/业务链接,P101-04-{业务主键},指数退避3次；超限转死信/人工,重试3次；失败告警,请求ID、响应码、耗时、摘要、重试和最终结果
P101,产品上架,技术后台端,I05,文件与电子证据,附件、哈希、水印、短时下载,对象存储+签名URL,文件ID/哈希/敏感级别,P101-05-{业务主键},指数退避3次；超限转死信/人工,病毒隔离；链接过期,请求ID、响应码、耗时、摘要、重试和最终结果
P101,产品上架,技术后台端,I06,审计日志平台,操作、前后值、接口请求ID,异步不可篡改日志,操作者/身份/时间/设备/IP,P101-06-{业务主键},指数退避3次；超限转死信/人工,关键审计失败阻断,请求ID、响应码、耗时、摘要、重试和最终结果
P101,产品上架,技术后台端,I07,订单票务与支付,订单、支付、出票、核销、退款,API+消息,订单号/票码/金额/状态,P101-07-{业务主键},指数退避3次；超限转死信/人工,幂等回调；差异队列,请求ID、响应码、耗时、摘要、重试和最终结果
P101,产品上架,技术后台端,I08,资产仓储系统,物料、批次、序列号、库存与资产状态,API+事件,物料/资产ID/数量/库位,P101-08-{业务主键},指数退避3次；超限转死信/人工,库存锁补偿；负库存阻断,请求ID、响应码、耗时、摘要、重试和最终结果
P101,产品上架,技术后台端,I09,内容资产与渠道平台,素材、版本、版权、发布与数据回流,API+平台回调,内容ID/渠道ID/发布状态/指标,P101-09-{业务主键},指数退避3次；超限转死信/人工,回调验签；平台差异对账,请求ID、响应码、耗时、摘要、重试和最终结果
P102,OTA订单,技术后台端,I01,统一身份与MFA,认证、任职身份、二次认证,同步调用,用户ID/身份ID/认证级别,P102-01-{业务主键},指数退避3次；超限转死信/人工,超时拒绝高风险操作,请求ID、响应码、耗时、摘要、重试和最终结果
P102,OTA订单,技术后台端,I02,组织与员工主数据,中心、部门、岗位、员工关系,同步查询+事件订阅,组织ID/员工ID/有效期,P102-02-{业务主键},指数退避3次；超限转死信/人工,缓存降级；变更事件补偿,请求ID、响应码、耗时、摘要、重试和最终结果
P102,OTA订单,技术后台端,I03,流程任务中心,实例、任务、状态、待办,内部事务+消息,实例号/任务号/状态,P102-03-{业务主键},指数退避3次；超限转死信/人工,幂等重试；死信队列,请求ID、响应码、耗时、摘要、重试和最终结果
P102,OTA订单,技术后台端,I04,消息通知中心,站内信、短信、邮件、企业微信,异步消息,模板变量/接收人/业务链接,P102-04-{业务主键},指数退避3次；超限转死信/人工,重试3次；失败告警,请求ID、响应码、耗时、摘要、重试和最终结果
P102,OTA订单,技术后台端,I05,文件与电子证据,附件、哈希、水印、短时下载,对象存储+签名URL,文件ID/哈希/敏感级别,P102-05-{业务主键},指数退避3次；超限转死信/人工,病毒隔离；链接过期,请求ID、响应码、耗时、摘要、重试和最终结果
P102,OTA订单,技术后台端,I06,审计日志平台,操作、前后值、接口请求ID,异步不可篡改日志,操作者/身份/时间/设备/IP,P102-06-{业务主键},指数退避3次；超限转死信/人工,关键审计失败阻断,请求ID、响应码、耗时、摘要、重试和最终结果
P102,OTA订单,技术后台端,I07,财务预算与支付,预算占用、票据、付款、凭证、对账,API+批次,预算项/金额/凭证号,P102-07-{业务主键},指数退避3次；超限转死信/人工,冲销补偿；T+1对账,请求ID、响应码、耗时、摘要、重试和最终结果
P102,OTA订单,技术后台端,I08,订单票务与支付,订单、支付、出票、核销、退款,API+消息,订单号/票码/金额/状态,P102-08-{业务主键},指数退避3次；超限转死信/人工,幂等回调；差异队列,请求ID、响应码、耗时、摘要、重试和最终结果
P102,OTA订单,技术后台端,I09,资产仓储系统,物料、批次、序列号、库存与资产状态,API+事件,物料/资产ID/数量/库位,P102-09-{业务主键},指数退避3次；超限转死信/人工,库存锁补偿；负库存阻断,请求ID、响应码、耗时、摘要、重试和最终结果
P102,OTA订单,技术后台端,I10,内容资产与渠道平台,素材、版本、版权、发布与数据回流,API+平台回调,内容ID/渠道ID/发布状态/指标,P102-10-{业务主键},指数退避3次；超限转死信/人工,回调验签；平台差异对账,请求ID、响应码、耗时、摘要、重试和最终结果
P103,退款,技术后台端,I01,统一身份与MFA,认证、任职身份、二次认证,同步调用,用户ID/身份ID/认证级别,P103-01-{业务主键},指数退避3次；超限转死信/人工,超时拒绝高风险操作,请求ID、响应码、耗时、摘要、重试和最终结果
P103,退款,技术后台端,I02,组织与员工主数据,中心、部门、岗位、员工关系,同步查询+事件订阅,组织ID/员工ID/有效期,P103-02-{业务主键},指数退避3次；超限转死信/人工,缓存降级；变更事件补偿,请求ID、响应码、耗时、摘要、重试和最终结果
P103,退款,技术后台端,I03,流程任务中心,实例、任务、状态、待办,内部事务+消息,实例号/任务号/状态,P103-03-{业务主键},指数退避3次；超限转死信/人工,幂等重试；死信队列,请求ID、响应码、耗时、摘要、重试和最终结果
P103,退款,技术后台端,I04,消息通知中心,站内信、短信、邮件、企业微信,异步消息,模板变量/接收人/业务链接,P103-04-{业务主键},指数退避3次；超限转死信/人工,重试3次；失败告警,请求ID、响应码、耗时、摘要、重试和最终结果
P103,退款,技术后台端,I05,文件与电子证据,附件、哈希、水印、短时下载,对象存储+签名URL,文件ID/哈希/敏感级别,P103-05-{业务主键},指数退避3次；超限转死信/人工,病毒隔离；链接过期,请求ID、响应码、耗时、摘要、重试和最终结果
P103,退款,技术后台端,I06,审计日志平台,操作、前后值、接口请求ID,异步不可篡改日志,操作者/身份/时间/设备/IP,P103-06-{业务主键},指数退避3次；超限转死信/人工,关键审计失败阻断,请求ID、响应码、耗时、摘要、重试和最终结果
P103,退款,技术后台端,I07,财务预算与支付,预算占用、票据、付款、凭证、对账,API+批次,预算项/金额/凭证号,P103-07-{业务主键},指数退避3次；超限转死信/人工,冲销补偿；T+1对账,请求ID、响应码、耗时、摘要、重试和最终结果
P103,退款,技术后台端,I08,订单票务与支付,订单、支付、出票、核销、退款,API+消息,订单号/票码/金额/状态,P103-08-{业务主键},指数退避3次；超限转死信/人工,幂等回调；差异队列,请求ID、响应码、耗时、摘要、重试和最终结果
P103,退款,技术后台端,I09,内容资产与渠道平台,素材、版本、版权、发布与数据回流,API+平台回调,内容ID/渠道ID/发布状态/指标,P103-09-{业务主键},指数退避3次；超限转死信/人工,回调验签；平台差异对账,请求ID、响应码、耗时、摘要、重试和最终结果
P104,评价客诉,技术后台端,I01,统一身份与MFA,认证、任职身份、二次认证,同步调用,用户ID/身份ID/认证级别,P104-01-{业务主键},指数退避3次；超限转死信/人工,超时拒绝高风险操作,请求ID、响应码、耗时、摘要、重试和最终结果
P104,评价客诉,技术后台端,I02,组织与员工主数据,中心、部门、岗位、员工关系,同步查询+事件订阅,组织ID/员工ID/有效期,P104-02-{业务主键},指数退避3次；超限转死信/人工,缓存降级；变更事件补偿,请求ID、响应码、耗时、摘要、重试和最终结果
P104,评价客诉,技术后台端,I03,流程任务中心,实例、任务、状态、待办,内部事务+消息,实例号/任务号/状态,P104-03-{业务主键},指数退避3次；超限转死信/人工,幂等重试；死信队列,请求ID、响应码、耗时、摘要、重试和最终结果
P104,评价客诉,技术后台端,I04,消息通知中心,站内信、短信、邮件、企业微信,异步消息,模板变量/接收人/业务链接,P104-04-{业务主键},指数退避3次；超限转死信/人工,重试3次；失败告警,请求ID、响应码、耗时、摘要、重试和最终结果
P104,评价客诉,技术后台端,I05,文件与电子证据,附件、哈希、水印、短时下载,对象存储+签名URL,文件ID/哈希/敏感级别,P104-05-{业务主键},指数退避3次；超限转死信/人工,病毒隔离；链接过期,请求ID、响应码、耗时、摘要、重试和最终结果
P104,评价客诉,技术后台端,I06,审计日志平台,操作、前后值、接口请求ID,异步不可篡改日志,操作者/身份/时间/设备/IP,P104-06-{业务主键},指数退避3次；超限转死信/人工,关键审计失败阻断,请求ID、响应码、耗时、摘要、重试和最终结果
P104,评价客诉,技术后台端,I07,订单票务与支付,订单、支付、出票、核销、退款,API+消息,订单号/票码/金额/状态,P104-07-{业务主键},指数退避3次；超限转死信/人工,幂等回调；差异队列,请求ID、响应码、耗时、摘要、重试和最终结果
P104,评价客诉,技术后台端,I08,内容资产与渠道平台,素材、版本、版权、发布与数据回流,API+平台回调,内容ID/渠道ID/发布状态/指标,P104-08-{业务主键},指数退避3次；超限转死信/人工,回调验签；平台差异对账,请求ID、响应码、耗时、摘要、重试和最终结果
P105,短视频发布,技术后台端,I01,统一身份与MFA,认证、任职身份、二次认证,同步调用,用户ID/身份ID/认证级别,P105-01-{业务主键},指数退避3次；超限转死信/人工,超时拒绝高风险操作,请求ID、响应码、耗时、摘要、重试和最终结果
P105,短视频发布,技术后台端,I02,组织与员工主数据,中心、部门、岗位、员工关系,同步查询+事件订阅,组织ID/员工ID/有效期,P105-02-{业务主键},指数退避3次；超限转死信/人工,缓存降级；变更事件补偿,请求ID、响应码、耗时、摘要、重试和最终结果
P105,短视频发布,技术后台端,I03,流程任务中心,实例、任务、状态、待办,内部事务+消息,实例号/任务号/状态,P105-03-{业务主键},指数退避3次；超限转死信/人工,幂等重试；死信队列,请求ID、响应码、耗时、摘要、重试和最终结果
P105,短视频发布,技术后台端,I04,消息通知中心,站内信、短信、邮件、企业微信,异步消息,模板变量/接收人/业务链接,P105-04-{业务主键},指数退避3次；超限转死信/人工,重试3次；失败告警,请求ID、响应码、耗时、摘要、重试和最终结果
P105,短视频发布,技术后台端,I05,文件与电子证据,附件、哈希、水印、短时下载,对象存储+签名URL,文件ID/哈希/敏感级别,P105-05-{业务主键},指数退避3次；超限转死信/人工,病毒隔离；链接过期,请求ID、响应码、耗时、摘要、重试和最终结果
P105,短视频发布,技术后台端,I06,审计日志平台,操作、前后值、接口请求ID,异步不可篡改日志,操作者/身份/时间/设备/IP,P105-06-{业务主键},指数退避3次；超限转死信/人工,关键审计失败阻断,请求ID、响应码、耗时、摘要、重试和最终结果
P105,短视频发布,技术后台端,I07,内容资产与渠道平台,素材、版本、版权、发布与数据回流,API+平台回调,内容ID/渠道ID/发布状态/指标,P105-07-{业务主键},指数退避3次；超限转死信/人工,回调验签；平台差异对账,请求ID、响应码、耗时、摘要、重试和最终结果
P106,直播执行,技术后台端,I01,统一身份与MFA,认证、任职身份、二次认证,同步调用,用户ID/身份ID/认证级别,P106-01-{业务主键},指数退避3次；超限转死信/人工,超时拒绝高风险操作,请求ID、响应码、耗时、摘要、重试和最终结果
P106,直播执行,技术后台端,I02,组织与员工主数据,中心、部门、岗位、员工关系,同步查询+事件订阅,组织ID/员工ID/有效期,P106-02-{业务主键},指数退避3次；超限转死信/人工,缓存降级；变更事件补偿,请求ID、响应码、耗时、摘要、重试和最终结果
P106,直播执行,技术后台端,I03,流程任务中心,实例、任务、状态、待办,内部事务+消息,实例号/任务号/状态,P106-03-{业务主键},指数退避3次；超限转死信/人工,幂等重试；死信队列,请求ID、响应码、耗时、摘要、重试和最终结果
P106,直播执行,技术后台端,I04,消息通知中心,站内信、短信、邮件、企业微信,异步消息,模板变量/接收人/业务链接,P106-04-{业务主键},指数退避3次；超限转死信/人工,重试3次；失败告警,请求ID、响应码、耗时、摘要、重试和最终结果
P106,直播执行,技术后台端,I05,文件与电子证据,附件、哈希、水印、短时下载,对象存储+签名URL,文件ID/哈希/敏感级别,P106-05-{业务主键},指数退避3次；超限转死信/人工,病毒隔离；链接过期,请求ID、响应码、耗时、摘要、重试和最终结果
P106,直播执行,技术后台端,I06,审计日志平台,操作、前后值、接口请求ID,异步不可篡改日志,操作者/身份/时间/设备/IP,P106-06-{业务主键},指数退避3次；超限转死信/人工,关键审计失败阻断,请求ID、响应码、耗时、摘要、重试和最终结果
P106,直播执行,技术后台端,I07,订单票务与支付,订单、支付、出票、核销、退款,API+消息,订单号/票码/金额/状态,P106-07-{业务主键},指数退避3次；超限转死信/人工,幂等回调；差异队列,请求ID、响应码、耗时、摘要、重试和最终结果
P106,直播执行,技术后台端,I08,CRM与客户主数据,客户、联系人、线索、商机、归属,API+事件,客户ID/商机号/负责人,P106-08-{业务主键},指数退避3次；超限转死信/人工,查重合并；归属冲突工单,请求ID、响应码、耗时、摘要、重试和最终结果
P106,直播执行,技术后台端,I09,内容资产与渠道平台,素材、版本、版权、发布与数据回流,API+平台回调,内容ID/渠道ID/发布状态/指标,P106-09-{业务主键},指数退避3次；超限转死信/人工,回调验签；平台差异对账,请求ID、响应码、耗时、摘要、重试和最终结果
P107,投放,技术后台端,I01,统一身份与MFA,认证、任职身份、二次认证,同步调用,用户ID/身份ID/认证级别,P107-01-{业务主键},指数退避3次；超限转死信/人工,超时拒绝高风险操作,请求ID、响应码、耗时、摘要、重试和最终结果
P107,投放,技术后台端,I02,组织与员工主数据,中心、部门、岗位、员工关系,同步查询+事件订阅,组织ID/员工ID/有效期,P107-02-{业务主键},指数退避3次；超限转死信/人工,缓存降级；变更事件补偿,请求ID、响应码、耗时、摘要、重试和最终结果
P107,投放,技术后台端,I03,流程任务中心,实例、任务、状态、待办,内部事务+消息,实例号/任务号/状态,P107-03-{业务主键},指数退避3次；超限转死信/人工,幂等重试；死信队列,请求ID、响应码、耗时、摘要、重试和最终结果
P107,投放,技术后台端,I04,消息通知中心,站内信、短信、邮件、企业微信,异步消息,模板变量/接收人/业务链接,P107-04-{业务主键},指数退避3次；超限转死信/人工,重试3次；失败告警,请求ID、响应码、耗时、摘要、重试和最终结果
P107,投放,技术后台端,I05,文件与电子证据,附件、哈希、水印、短时下载,对象存储+签名URL,文件ID/哈希/敏感级别,P107-05-{业务主键},指数退避3次；超限转死信/人工,病毒隔离；链接过期,请求ID、响应码、耗时、摘要、重试和最终结果
P107,投放,技术后台端,I06,审计日志平台,操作、前后值、接口请求ID,异步不可篡改日志,操作者/身份/时间/设备/IP,P107-06-{业务主键},指数退避3次；超限转死信/人工,关键审计失败阻断,请求ID、响应码、耗时、摘要、重试和最终结果
P107,投放,技术后台端,I07,财务预算与支付,预算占用、票据、付款、凭证、对账,API+批次,预算项/金额/凭证号,P107-07-{业务主键},指数退避3次；超限转死信/人工,冲销补偿；T+1对账,请求ID、响应码、耗时、摘要、重试和最终结果
P107,投放,技术后台端,I08,内容资产与渠道平台,素材、版本、版权、发布与数据回流,API+平台回调,内容ID/渠道ID/发布状态/指标,P107-08-{业务主键},指数退避3次；超限转死信/人工,回调验签；平台差异对账,请求ID、响应码、耗时、摘要、重试和最终结果
P108,舆情,技术后台端,I01,统一身份与MFA,认证、任职身份、二次认证,同步调用,用户ID/身份ID/认证级别,P108-01-{业务主键},指数退避3次；超限转死信/人工,超时拒绝高风险操作,请求ID、响应码、耗时、摘要、重试和最终结果
P108,舆情,技术后台端,I02,组织与员工主数据,中心、部门、岗位、员工关系,同步查询+事件订阅,组织ID/员工ID/有效期,P108-02-{业务主键},指数退避3次；超限转死信/人工,缓存降级；变更事件补偿,请求ID、响应码、耗时、摘要、重试和最终结果
P108,舆情,技术后台端,I03,流程任务中心,实例、任务、状态、待办,内部事务+消息,实例号/任务号/状态,P108-03-{业务主键},指数退避3次；超限转死信/人工,幂等重试；死信队列,请求ID、响应码、耗时、摘要、重试和最终结果
P108,舆情,技术后台端,I04,消息通知中心,站内信、短信、邮件、企业微信,异步消息,模板变量/接收人/业务链接,P108-04-{业务主键},指数退避3次；超限转死信/人工,重试3次；失败告警,请求ID、响应码、耗时、摘要、重试和最终结果
P108,舆情,技术后台端,I05,文件与电子证据,附件、哈希、水印、短时下载,对象存储+签名URL,文件ID/哈希/敏感级别,P108-05-{业务主键},指数退避3次；超限转死信/人工,病毒隔离；链接过期,请求ID、响应码、耗时、摘要、重试和最终结果
P108,舆情,技术后台端,I06,审计日志平台,操作、前后值、接口请求ID,异步不可篡改日志,操作者/身份/时间/设备/IP,P108-06-{业务主键},指数退避3次；超限转死信/人工,关键审计失败阻断,请求ID、响应码、耗时、摘要、重试和最终结果
P108,舆情,技术后台端,I07,内容资产与渠道平台,素材、版本、版权、发布与数据回流,API+平台回调,内容ID/渠道ID/发布状态/指标,P108-07-{业务主键},指数退避3次；超限转死信/人工,回调验签；平台差异对账,请求ID、响应码、耗时、摘要、重试和最终结果
P109,品牌授权,技术后台端,I01,统一身份与MFA,认证、任职身份、二次认证,同步调用,用户ID/身份ID/认证级别,P109-01-{业务主键},指数退避3次；超限转死信/人工,超时拒绝高风险操作,请求ID、响应码、耗时、摘要、重试和最终结果
P109,品牌授权,技术后台端,I02,组织与员工主数据,中心、部门、岗位、员工关系,同步查询+事件订阅,组织ID/员工ID/有效期,P109-02-{业务主键},指数退避3次；超限转死信/人工,缓存降级；变更事件补偿,请求ID、响应码、耗时、摘要、重试和最终结果
P109,品牌授权,技术后台端,I03,流程任务中心,实例、任务、状态、待办,内部事务+消息,实例号/任务号/状态,P109-03-{业务主键},指数退避3次；超限转死信/人工,幂等重试；死信队列,请求ID、响应码、耗时、摘要、重试和最终结果
P109,品牌授权,技术后台端,I04,消息通知中心,站内信、短信、邮件、企业微信,异步消息,模板变量/接收人/业务链接,P109-04-{业务主键},指数退避3次；超限转死信/人工,重试3次；失败告警,请求ID、响应码、耗时、摘要、重试和最终结果
P109,品牌授权,技术后台端,I05,文件与电子证据,附件、哈希、水印、短时下载,对象存储+签名URL,文件ID/哈希/敏感级别,P109-05-{业务主键},指数退避3次；超限转死信/人工,病毒隔离；链接过期,请求ID、响应码、耗时、摘要、重试和最终结果
P109,品牌授权,技术后台端,I06,审计日志平台,操作、前后值、接口请求ID,异步不可篡改日志,操作者/身份/时间/设备/IP,P109-06-{业务主键},指数退避3次；超限转死信/人工,关键审计失败阻断,请求ID、响应码、耗时、摘要、重试和最终结果
P109,品牌授权,技术后台端,I07,内容资产与渠道平台,素材、版本、版权、发布与数据回流,API+平台回调,内容ID/渠道ID/发布状态/指标,P109-07-{业务主键},指数退避3次；超限转死信/人工,回调验签；平台差异对账,请求ID、响应码、耗时、摘要、重试和最终结果
P110,物料审核,技术后台端,I01,统一身份与MFA,认证、任职身份、二次认证,同步调用,用户ID/身份ID/认证级别,P110-01-{业务主键},指数退避3次；超限转死信/人工,超时拒绝高风险操作,请求ID、响应码、耗时、摘要、重试和最终结果
P110,物料审核,技术后台端,I02,组织与员工主数据,中心、部门、岗位、员工关系,同步查询+事件订阅,组织ID/员工ID/有效期,P110-02-{业务主键},指数退避3次；超限转死信/人工,缓存降级；变更事件补偿,请求ID、响应码、耗时、摘要、重试和最终结果
P110,物料审核,技术后台端,I03,流程任务中心,实例、任务、状态、待办,内部事务+消息,实例号/任务号/状态,P110-03-{业务主键},指数退避3次；超限转死信/人工,幂等重试；死信队列,请求ID、响应码、耗时、摘要、重试和最终结果
P110,物料审核,技术后台端,I04,消息通知中心,站内信、短信、邮件、企业微信,异步消息,模板变量/接收人/业务链接,P110-04-{业务主键},指数退避3次；超限转死信/人工,重试3次；失败告警,请求ID、响应码、耗时、摘要、重试和最终结果
P110,物料审核,技术后台端,I05,文件与电子证据,附件、哈希、水印、短时下载,对象存储+签名URL,文件ID/哈希/敏感级别,P110-05-{业务主键},指数退避3次；超限转死信/人工,病毒隔离；链接过期,请求ID、响应码、耗时、摘要、重试和最终结果
P110,物料审核,技术后台端,I06,审计日志平台,操作、前后值、接口请求ID,异步不可篡改日志,操作者/身份/时间/设备/IP,P110-06-{业务主键},指数退避3次；超限转死信/人工,关键审计失败阻断,请求ID、响应码、耗时、摘要、重试和最终结果
P110,物料审核,技术后台端,I07,内容资产与渠道平台,素材、版本、版权、发布与数据回流,API+平台回调,内容ID/渠道ID/发布状态/指标,P110-07-{业务主键},指数退避3次；超限转死信/人工,回调验签；平台差异对账,请求ID、响应码、耗时、摘要、重试和最终结果
P111,侵权处理,技术后台端,I01,统一身份与MFA,认证、任职身份、二次认证,同步调用,用户ID/身份ID/认证级别,P111-01-{业务主键},指数退避3次；超限转死信/人工,超时拒绝高风险操作,请求ID、响应码、耗时、摘要、重试和最终结果
P111,侵权处理,技术后台端,I02,组织与员工主数据,中心、部门、岗位、员工关系,同步查询+事件订阅,组织ID/员工ID/有效期,P111-02-{业务主键},指数退避3次；超限转死信/人工,缓存降级；变更事件补偿,请求ID、响应码、耗时、摘要、重试和最终结果
P111,侵权处理,技术后台端,I03,流程任务中心,实例、任务、状态、待办,内部事务+消息,实例号/任务号/状态,P111-03-{业务主键},指数退避3次；超限转死信/人工,幂等重试；死信队列,请求ID、响应码、耗时、摘要、重试和最终结果
P111,侵权处理,技术后台端,I04,消息通知中心,站内信、短信、邮件、企业微信,异步消息,模板变量/接收人/业务链接,P111-04-{业务主键},指数退避3次；超限转死信/人工,重试3次；失败告警,请求ID、响应码、耗时、摘要、重试和最终结果
P111,侵权处理,技术后台端,I05,文件与电子证据,附件、哈希、水印、短时下载,对象存储+签名URL,文件ID/哈希/敏感级别,P111-05-{业务主键},指数退避3次；超限转死信/人工,病毒隔离；链接过期,请求ID、响应码、耗时、摘要、重试和最终结果
P111,侵权处理,技术后台端,I06,审计日志平台,操作、前后值、接口请求ID,异步不可篡改日志,操作者/身份/时间/设备/IP,P111-06-{业务主键},指数退避3次；超限转死信/人工,关键审计失败阻断,请求ID、响应码、耗时、摘要、重试和最终结果
P111,侵权处理,技术后台端,I07,CRM与客户主数据,客户、联系人、线索、商机、归属,API+事件,客户ID/商机号/负责人,P111-07-{业务主键},指数退避3次；超限转死信/人工,查重合并；归属冲突工单,请求ID、响应码、耗时、摘要、重试和最终结果
P111,侵权处理,技术后台端,I08,内容资产与渠道平台,素材、版本、版权、发布与数据回流,API+平台回调,内容ID/渠道ID/发布状态/指标,P111-08-{业务主键},指数退避3次；超限转死信/人工,回调验签；平台差异对账,请求ID、响应码、耗时、摘要、重试和最终结果
P112,标准接待,技术后台端,I01,统一身份与MFA,认证、任职身份、二次认证,同步调用,用户ID/身份ID/认证级别,P112-01-{业务主键},指数退避3次；超限转死信/人工,超时拒绝高风险操作,请求ID、响应码、耗时、摘要、重试和最终结果
P112,标准接待,技术后台端,I02,组织与员工主数据,中心、部门、岗位、员工关系,同步查询+事件订阅,组织ID/员工ID/有效期,P112-02-{业务主键},指数退避3次；超限转死信/人工,缓存降级；变更事件补偿,请求ID、响应码、耗时、摘要、重试和最终结果
P112,标准接待,技术后台端,I03,流程任务中心,实例、任务、状态、待办,内部事务+消息,实例号/任务号/状态,P112-03-{业务主键},指数退避3次；超限转死信/人工,幂等重试；死信队列,请求ID、响应码、耗时、摘要、重试和最终结果
P112,标准接待,技术后台端,I04,消息通知中心,站内信、短信、邮件、企业微信,异步消息,模板变量/接收人/业务链接,P112-04-{业务主键},指数退避3次；超限转死信/人工,重试3次；失败告警,请求ID、响应码、耗时、摘要、重试和最终结果
P112,标准接待,技术后台端,I05,文件与电子证据,附件、哈希、水印、短时下载,对象存储+签名URL,文件ID/哈希/敏感级别,P112-05-{业务主键},指数退避3次；超限转死信/人工,病毒隔离；链接过期,请求ID、响应码、耗时、摘要、重试和最终结果
P112,标准接待,技术后台端,I06,审计日志平台,操作、前后值、接口请求ID,异步不可篡改日志,操作者/身份/时间/设备/IP,P112-06-{业务主键},指数退避3次；超限转死信/人工,关键审计失败阻断,请求ID、响应码、耗时、摘要、重试和最终结果
P112,标准接待,技术后台端,I07,财务预算与支付,预算占用、票据、付款、凭证、对账,API+批次,预算项/金额/凭证号,P112-07-{业务主键},指数退避3次；超限转死信/人工,冲销补偿；T+1对账,请求ID、响应码、耗时、摘要、重试和最终结果
P112,标准接待,技术后台端,I08,CRM与客户主数据,客户、联系人、线索、商机、归属,API+事件,客户ID/商机号/负责人,P112-08-{业务主键},指数退避3次；超限转死信/人工,查重合并；归属冲突工单,请求ID、响应码、耗时、摘要、重试和最终结果
P113,临时变更,技术后台端,I01,统一身份与MFA,认证、任职身份、二次认证,同步调用,用户ID/身份ID/认证级别,P113-01-{业务主键},指数退避3次；超限转死信/人工,超时拒绝高风险操作,请求ID、响应码、耗时、摘要、重试和最终结果
P113,临时变更,技术后台端,I02,组织与员工主数据,中心、部门、岗位、员工关系,同步查询+事件订阅,组织ID/员工ID/有效期,P113-02-{业务主键},指数退避3次；超限转死信/人工,缓存降级；变更事件补偿,请求ID、响应码、耗时、摘要、重试和最终结果
P113,临时变更,技术后台端,I03,流程任务中心,实例、任务、状态、待办,内部事务+消息,实例号/任务号/状态,P113-03-{业务主键},指数退避3次；超限转死信/人工,幂等重试；死信队列,请求ID、响应码、耗时、摘要、重试和最终结果
P113,临时变更,技术后台端,I04,消息通知中心,站内信、短信、邮件、企业微信,异步消息,模板变量/接收人/业务链接,P113-04-{业务主键},指数退避3次；超限转死信/人工,重试3次；失败告警,请求ID、响应码、耗时、摘要、重试和最终结果
P113,临时变更,技术后台端,I05,文件与电子证据,附件、哈希、水印、短时下载,对象存储+签名URL,文件ID/哈希/敏感级别,P113-05-{业务主键},指数退避3次；超限转死信/人工,病毒隔离；链接过期,请求ID、响应码、耗时、摘要、重试和最终结果
P113,临时变更,技术后台端,I06,审计日志平台,操作、前后值、接口请求ID,异步不可篡改日志,操作者/身份/时间/设备/IP,P113-06-{业务主键},指数退避3次；超限转死信/人工,关键审计失败阻断,请求ID、响应码、耗时、摘要、重试和最终结果
P113,临时变更,技术后台端,I07,CRM与客户主数据,客户、联系人、线索、商机、归属,API+事件,客户ID/商机号/负责人,P113-07-{业务主键},指数退避3次；超限转死信/人工,查重合并；归属冲突工单,请求ID、响应码、耗时、摘要、重试和最终结果
P114,导游执行,技术后台端,I01,统一身份与MFA,认证、任职身份、二次认证,同步调用,用户ID/身份ID/认证级别,P114-01-{业务主键},指数退避3次；超限转死信/人工,超时拒绝高风险操作,请求ID、响应码、耗时、摘要、重试和最终结果
P114,导游执行,技术后台端,I02,组织与员工主数据,中心、部门、岗位、员工关系,同步查询+事件订阅,组织ID/员工ID/有效期,P114-02-{业务主键},指数退避3次；超限转死信/人工,缓存降级；变更事件补偿,请求ID、响应码、耗时、摘要、重试和最终结果
P114,导游执行,技术后台端,I03,流程任务中心,实例、任务、状态、待办,内部事务+消息,实例号/任务号/状态,P114-03-{业务主键},指数退避3次；超限转死信/人工,幂等重试；死信队列,请求ID、响应码、耗时、摘要、重试和最终结果
P114,导游执行,技术后台端,I04,消息通知中心,站内信、短信、邮件、企业微信,异步消息,模板变量/接收人/业务链接,P114-04-{业务主键},指数退避3次；超限转死信/人工,重试3次；失败告警,请求ID、响应码、耗时、摘要、重试和最终结果
P114,导游执行,技术后台端,I05,文件与电子证据,附件、哈希、水印、短时下载,对象存储+签名URL,文件ID/哈希/敏感级别,P114-05-{业务主键},指数退避3次；超限转死信/人工,病毒隔离；链接过期,请求ID、响应码、耗时、摘要、重试和最终结果
P114,导游执行,技术后台端,I06,审计日志平台,操作、前后值、接口请求ID,异步不可篡改日志,操作者/身份/时间/设备/IP,P114-06-{业务主键},指数退避3次；超限转死信/人工,关键审计失败阻断,请求ID、响应码、耗时、摘要、重试和最终结果
P114,导游执行,技术后台端,I07,订单票务与支付,订单、支付、出票、核销、退款,API+消息,订单号/票码/金额/状态,P114-07-{业务主键},指数退避3次；超限转死信/人工,幂等回调；差异队列,请求ID、响应码、耗时、摘要、重试和最终结果
P114,导游执行,技术后台端,I08,CRM与客户主数据,客户、联系人、线索、商机、归属,API+事件,客户ID/商机号/负责人,P114-08-{业务主键},指数退避3次；超限转死信/人工,查重合并；归属冲突工单,请求ID、响应码、耗时、摘要、重试和最终结果
P115,接待客诉,技术后台端,I01,统一身份与MFA,认证、任职身份、二次认证,同步调用,用户ID/身份ID/认证级别,P115-01-{业务主键},指数退避3次；超限转死信/人工,超时拒绝高风险操作,请求ID、响应码、耗时、摘要、重试和最终结果
P115,接待客诉,技术后台端,I02,组织与员工主数据,中心、部门、岗位、员工关系,同步查询+事件订阅,组织ID/员工ID/有效期,P115-02-{业务主键},指数退避3次；超限转死信/人工,缓存降级；变更事件补偿,请求ID、响应码、耗时、摘要、重试和最终结果
P115,接待客诉,技术后台端,I03,流程任务中心,实例、任务、状态、待办,内部事务+消息,实例号/任务号/状态,P115-03-{业务主键},指数退避3次；超限转死信/人工,幂等重试；死信队列,请求ID、响应码、耗时、摘要、重试和最终结果
P115,接待客诉,技术后台端,I04,消息通知中心,站内信、短信、邮件、企业微信,异步消息,模板变量/接收人/业务链接,P115-04-{业务主键},指数退避3次；超限转死信/人工,重试3次；失败告警,请求ID、响应码、耗时、摘要、重试和最终结果
P115,接待客诉,技术后台端,I05,文件与电子证据,附件、哈希、水印、短时下载,对象存储+签名URL,文件ID/哈希/敏感级别,P115-05-{业务主键},指数退避3次；超限转死信/人工,病毒隔离；链接过期,请求ID、响应码、耗时、摘要、重试和最终结果
P115,接待客诉,技术后台端,I06,审计日志平台,操作、前后值、接口请求ID,异步不可篡改日志,操作者/身份/时间/设备/IP,P115-06-{业务主键},指数退避3次；超限转死信/人工,关键审计失败阻断,请求ID、响应码、耗时、摘要、重试和最终结果
P115,接待客诉,技术后台端,I07,CRM与客户主数据,客户、联系人、线索、商机、归属,API+事件,客户ID/商机号/负责人,P115-07-{业务主键},指数退避3次；超限转死信/人工,查重合并；归属冲突工单,请求ID、响应码、耗时、摘要、重试和最终结果
P116,线索转商机,技术后台端,I01,统一身份与MFA,认证、任职身份、二次认证,同步调用,用户ID/身份ID/认证级别,P116-01-{业务主键},指数退避3次；超限转死信/人工,超时拒绝高风险操作,请求ID、响应码、耗时、摘要、重试和最终结果
P116,线索转商机,技术后台端,I02,组织与员工主数据,中心、部门、岗位、员工关系,同步查询+事件订阅,组织ID/员工ID/有效期,P116-02-{业务主键},指数退避3次；超限转死信/人工,缓存降级；变更事件补偿,请求ID、响应码、耗时、摘要、重试和最终结果
P116,线索转商机,技术后台端,I03,流程任务中心,实例、任务、状态、待办,内部事务+消息,实例号/任务号/状态,P116-03-{业务主键},指数退避3次；超限转死信/人工,幂等重试；死信队列,请求ID、响应码、耗时、摘要、重试和最终结果
P116,线索转商机,技术后台端,I04,消息通知中心,站内信、短信、邮件、企业微信,异步消息,模板变量/接收人/业务链接,P116-04-{业务主键},指数退避3次；超限转死信/人工,重试3次；失败告警,请求ID、响应码、耗时、摘要、重试和最终结果
P116,线索转商机,技术后台端,I05,文件与电子证据,附件、哈希、水印、短时下载,对象存储+签名URL,文件ID/哈希/敏感级别,P116-05-{业务主键},指数退避3次；超限转死信/人工,病毒隔离；链接过期,请求ID、响应码、耗时、摘要、重试和最终结果
P116,线索转商机,技术后台端,I06,审计日志平台,操作、前后值、接口请求ID,异步不可篡改日志,操作者/身份/时间/设备/IP,P116-06-{业务主键},指数退避3次；超限转死信/人工,关键审计失败阻断,请求ID、响应码、耗时、摘要、重试和最终结果
P116,线索转商机,技术后台端,I07,CRM与客户主数据,客户、联系人、线索、商机、归属,API+事件,客户ID/商机号/负责人,P116-07-{业务主键},指数退避3次；超限转死信/人工,查重合并；归属冲突工单,请求ID、响应码、耗时、摘要、重试和最终结果
P117,销售成交,技术后台端,I01,统一身份与MFA,认证、任职身份、二次认证,同步调用,用户ID/身份ID/认证级别,P117-01-{业务主键},指数退避3次；超限转死信/人工,超时拒绝高风险操作,请求ID、响应码、耗时、摘要、重试和最终结果
P117,销售成交,技术后台端,I02,组织与员工主数据,中心、部门、岗位、员工关系,同步查询+事件订阅,组织ID/员工ID/有效期,P117-02-{业务主键},指数退避3次；超限转死信/人工,缓存降级；变更事件补偿,请求ID、响应码、耗时、摘要、重试和最终结果
P117,销售成交,技术后台端,I03,流程任务中心,实例、任务、状态、待办,内部事务+消息,实例号/任务号/状态,P117-03-{业务主键},指数退避3次；超限转死信/人工,幂等重试；死信队列,请求ID、响应码、耗时、摘要、重试和最终结果
P117,销售成交,技术后台端,I04,消息通知中心,站内信、短信、邮件、企业微信,异步消息,模板变量/接收人/业务链接,P117-04-{业务主键},指数退避3次；超限转死信/人工,重试3次；失败告警,请求ID、响应码、耗时、摘要、重试和最终结果
P117,销售成交,技术后台端,I05,文件与电子证据,附件、哈希、水印、短时下载,对象存储+签名URL,文件ID/哈希/敏感级别,P117-05-{业务主键},指数退避3次；超限转死信/人工,病毒隔离；链接过期,请求ID、响应码、耗时、摘要、重试和最终结果
P117,销售成交,技术后台端,I06,审计日志平台,操作、前后值、接口请求ID,异步不可篡改日志,操作者/身份/时间/设备/IP,P117-06-{业务主键},指数退避3次；超限转死信/人工,关键审计失败阻断,请求ID、响应码、耗时、摘要、重试和最终结果
P117,销售成交,技术后台端,I07,财务预算与支付,预算占用、票据、付款、凭证、对账,API+批次,预算项/金额/凭证号,P117-07-{业务主键},指数退避3次；超限转死信/人工,冲销补偿；T+1对账,请求ID、响应码、耗时、摘要、重试和最终结果
P117,销售成交,技术后台端,I08,订单票务与支付,订单、支付、出票、核销、退款,API+消息,订单号/票码/金额/状态,P117-08-{业务主键},指数退避3次；超限转死信/人工,幂等回调；差异队列,请求ID、响应码、耗时、摘要、重试和最终结果
P117,销售成交,技术后台端,I09,CRM与客户主数据,客户、联系人、线索、商机、归属,API+事件,客户ID/商机号/负责人,P117-09-{业务主键},指数退避3次；超限转死信/人工,查重合并；归属冲突工单,请求ID、响应码、耗时、摘要、重试和最终结果
P118,二次销售,技术后台端,I01,统一身份与MFA,认证、任职身份、二次认证,同步调用,用户ID/身份ID/认证级别,P118-01-{业务主键},指数退避3次；超限转死信/人工,超时拒绝高风险操作,请求ID、响应码、耗时、摘要、重试和最终结果
P118,二次销售,技术后台端,I02,组织与员工主数据,中心、部门、岗位、员工关系,同步查询+事件订阅,组织ID/员工ID/有效期,P118-02-{业务主键},指数退避3次；超限转死信/人工,缓存降级；变更事件补偿,请求ID、响应码、耗时、摘要、重试和最终结果
P118,二次销售,技术后台端,I03,流程任务中心,实例、任务、状态、待办,内部事务+消息,实例号/任务号/状态,P118-03-{业务主键},指数退避3次；超限转死信/人工,幂等重试；死信队列,请求ID、响应码、耗时、摘要、重试和最终结果
P118,二次销售,技术后台端,I04,消息通知中心,站内信、短信、邮件、企业微信,异步消息,模板变量/接收人/业务链接,P118-04-{业务主键},指数退避3次；超限转死信/人工,重试3次；失败告警,请求ID、响应码、耗时、摘要、重试和最终结果
P118,二次销售,技术后台端,I05,文件与电子证据,附件、哈希、水印、短时下载,对象存储+签名URL,文件ID/哈希/敏感级别,P118-05-{业务主键},指数退避3次；超限转死信/人工,病毒隔离；链接过期,请求ID、响应码、耗时、摘要、重试和最终结果
P118,二次销售,技术后台端,I06,审计日志平台,操作、前后值、接口请求ID,异步不可篡改日志,操作者/身份/时间/设备/IP,P118-06-{业务主键},指数退避3次；超限转死信/人工,关键审计失败阻断,请求ID、响应码、耗时、摘要、重试和最终结果
P118,二次销售,技术后台端,I07,人力资源与考勤,员工、编制、合同、假勤、排班、绩效,API+事件,员工ID/岗位/时间/分数,P118-07-{业务主键},指数退避3次；超限转死信/人工,对账补偿；差异工单,请求ID、响应码、耗时、摘要、重试和最终结果
P118,二次销售,技术后台端,I08,财务预算与支付,预算占用、票据、付款、凭证、对账,API+批次,预算项/金额/凭证号,P118-08-{业务主键},指数退避3次；超限转死信/人工,冲销补偿；T+1对账,请求ID、响应码、耗时、摘要、重试和最终结果
P118,二次销售,技术后台端,I09,订单票务与支付,订单、支付、出票、核销、退款,API+消息,订单号/票码/金额/状态,P118-09-{业务主键},指数退避3次；超限转死信/人工,幂等回调；差异队列,请求ID、响应码、耗时、摘要、重试和最终结果
P118,二次销售,技术后台端,I10,CRM与客户主数据,客户、联系人、线索、商机、归属,API+事件,客户ID/商机号/负责人,P118-10-{业务主键},指数退避3次；超限转死信/人工,查重合并；归属冲突工单,请求ID、响应码、耗时、摘要、重试和最终结果
P119,客户移交,技术后台端,I01,统一身份与MFA,认证、任职身份、二次认证,同步调用,用户ID/身份ID/认证级别,P119-01-{业务主键},指数退避3次；超限转死信/人工,超时拒绝高风险操作,请求ID、响应码、耗时、摘要、重试和最终结果
P119,客户移交,技术后台端,I02,组织与员工主数据,中心、部门、岗位、员工关系,同步查询+事件订阅,组织ID/员工ID/有效期,P119-02-{业务主键},指数退避3次；超限转死信/人工,缓存降级；变更事件补偿,请求ID、响应码、耗时、摘要、重试和最终结果
P119,客户移交,技术后台端,I03,流程任务中心,实例、任务、状态、待办,内部事务+消息,实例号/任务号/状态,P119-03-{业务主键},指数退避3次；超限转死信/人工,幂等重试；死信队列,请求ID、响应码、耗时、摘要、重试和最终结果
P119,客户移交,技术后台端,I04,消息通知中心,站内信、短信、邮件、企业微信,异步消息,模板变量/接收人/业务链接,P119-04-{业务主键},指数退避3次；超限转死信/人工,重试3次；失败告警,请求ID、响应码、耗时、摘要、重试和最终结果
P119,客户移交,技术后台端,I05,文件与电子证据,附件、哈希、水印、短时下载,对象存储+签名URL,文件ID/哈希/敏感级别,P119-05-{业务主键},指数退避3次；超限转死信/人工,病毒隔离；链接过期,请求ID、响应码、耗时、摘要、重试和最终结果
P119,客户移交,技术后台端,I06,审计日志平台,操作、前后值、接口请求ID,异步不可篡改日志,操作者/身份/时间/设备/IP,P119-06-{业务主键},指数退避3次；超限转死信/人工,关键审计失败阻断,请求ID、响应码、耗时、摘要、重试和最终结果
P119,客户移交,技术后台端,I07,人力资源与考勤,员工、编制、合同、假勤、排班、绩效,API+事件,员工ID/岗位/时间/分数,P119-07-{业务主键},指数退避3次；超限转死信/人工,对账补偿；差异工单,请求ID、响应码、耗时、摘要、重试和最终结果
P119,客户移交,技术后台端,I08,CRM与客户主数据,客户、联系人、线索、商机、归属,API+事件,客户ID/商机号/负责人,P119-08-{业务主键},指数退避3次；超限转死信/人工,查重合并；归属冲突工单,请求ID、响应码、耗时、摘要、重试和最终结果
P120,全员生命周期闭环,技术后台端,I01,统一身份与MFA,认证、任职身份、二次认证,同步调用,用户ID/身份ID/认证级别,P120-01-{业务主键},指数退避3次；超限转死信/人工,超时拒绝高风险操作,请求ID、响应码、耗时、摘要、重试和最终结果
P120,全员生命周期闭环,技术后台端,I02,组织与员工主数据,中心、部门、岗位、员工关系,同步查询+事件订阅,组织ID/员工ID/有效期,P120-02-{业务主键},指数退避3次；超限转死信/人工,缓存降级；变更事件补偿,请求ID、响应码、耗时、摘要、重试和最终结果
P120,全员生命周期闭环,技术后台端,I03,流程任务中心,实例、任务、状态、待办,内部事务+消息,实例号/任务号/状态,P120-03-{业务主键},指数退避3次；超限转死信/人工,幂等重试；死信队列,请求ID、响应码、耗时、摘要、重试和最终结果
P120,全员生命周期闭环,技术后台端,I04,消息通知中心,站内信、短信、邮件、企业微信,异步消息,模板变量/接收人/业务链接,P120-04-{业务主键},指数退避3次；超限转死信/人工,重试3次；失败告警,请求ID、响应码、耗时、摘要、重试和最终结果
P120,全员生命周期闭环,技术后台端,I05,文件与电子证据,附件、哈希、水印、短时下载,对象存储+签名URL,文件ID/哈希/敏感级别,P120-05-{业务主键},指数退避3次；超限转死信/人工,病毒隔离；链接过期,请求ID、响应码、耗时、摘要、重试和最终结果
P120,全员生命周期闭环,技术后台端,I06,审计日志平台,操作、前后值、接口请求ID,异步不可篡改日志,操作者/身份/时间/设备/IP,P120-06-{业务主键},指数退避3次；超限转死信/人工,关键审计失败阻断,请求ID、响应码、耗时、摘要、重试和最终结果
P120,全员生命周期闭环,技术后台端,I07,人力资源与考勤,员工、编制、合同、假勤、排班、绩效,API+事件,员工ID/岗位/时间/分数,P120-07-{业务主键},指数退避3次；超限转死信/人工,对账补偿；差异工单,请求ID、响应码、耗时、摘要、重试和最终结果
P121,市场获客到交付回款闭环,技术后台端,I01,统一身份与MFA,认证、任职身份、二次认证,同步调用,用户ID/身份ID/认证级别,P121-01-{业务主键},指数退避3次；超限转死信/人工,超时拒绝高风险操作,请求ID、响应码、耗时、摘要、重试和最终结果
P121,市场获客到交付回款闭环,技术后台端,I02,组织与员工主数据,中心、部门、岗位、员工关系,同步查询+事件订阅,组织ID/员工ID/有效期,P121-02-{业务主键},指数退避3次；超限转死信/人工,缓存降级；变更事件补偿,请求ID、响应码、耗时、摘要、重试和最终结果
P121,市场获客到交付回款闭环,技术后台端,I03,流程任务中心,实例、任务、状态、待办,内部事务+消息,实例号/任务号/状态,P121-03-{业务主键},指数退避3次；超限转死信/人工,幂等重试；死信队列,请求ID、响应码、耗时、摘要、重试和最终结果
P121,市场获客到交付回款闭环,技术后台端,I04,消息通知中心,站内信、短信、邮件、企业微信,异步消息,模板变量/接收人/业务链接,P121-04-{业务主键},指数退避3次；超限转死信/人工,重试3次；失败告警,请求ID、响应码、耗时、摘要、重试和最终结果
P121,市场获客到交付回款闭环,技术后台端,I05,文件与电子证据,附件、哈希、水印、短时下载,对象存储+签名URL,文件ID/哈希/敏感级别,P121-05-{业务主键},指数退避3次；超限转死信/人工,病毒隔离；链接过期,请求ID、响应码、耗时、摘要、重试和最终结果
P121,市场获客到交付回款闭环,技术后台端,I06,审计日志平台,操作、前后值、接口请求ID,异步不可篡改日志,操作者/身份/时间/设备/IP,P121-06-{业务主键},指数退避3次；超限转死信/人工,关键审计失败阻断,请求ID、响应码、耗时、摘要、重试和最终结果
P121,市场获客到交付回款闭环,技术后台端,I07,财务预算与支付,预算占用、票据、付款、凭证、对账,API+批次,预算项/金额/凭证号,P121-07-{业务主键},指数退避3次；超限转死信/人工,冲销补偿；T+1对账,请求ID、响应码、耗时、摘要、重试和最终结果
P121,市场获客到交付回款闭环,技术后台端,I08,订单票务与支付,订单、支付、出票、核销、退款,API+消息,订单号/票码/金额/状态,P121-08-{业务主键},指数退避3次；超限转死信/人工,幂等回调；差异队列,请求ID、响应码、耗时、摘要、重试和最终结果
P121,市场获客到交付回款闭环,技术后台端,I09,CRM与客户主数据,客户、联系人、线索、商机、归属,API+事件,客户ID/商机号/负责人,P121-09-{业务主键},指数退避3次；超限转死信/人工,查重合并；归属冲突工单,请求ID、响应码、耗时、摘要、重试和最终结果
P121,市场获客到交付回款闭环,技术后台端,I10,内容资产与渠道平台,素材、版本、版权、发布与数据回流,API+平台回调,内容ID/渠道ID/发布状态/指标,P121-10-{业务主键},指数退避3次；超限转死信/人工,回调验签；平台差异对账,请求ID、响应码、耗时、摘要、重试和最终结果
P122,接待资源闭环,技术后台端,I01,统一身份与MFA,认证、任职身份、二次认证,同步调用,用户ID/身份ID/认证级别,P122-01-{业务主键},指数退避3次；超限转死信/人工,超时拒绝高风险操作,请求ID、响应码、耗时、摘要、重试和最终结果
P122,接待资源闭环,技术后台端,I02,组织与员工主数据,中心、部门、岗位、员工关系,同步查询+事件订阅,组织ID/员工ID/有效期,P122-02-{业务主键},指数退避3次；超限转死信/人工,缓存降级；变更事件补偿,请求ID、响应码、耗时、摘要、重试和最终结果
P122,接待资源闭环,技术后台端,I03,流程任务中心,实例、任务、状态、待办,内部事务+消息,实例号/任务号/状态,P122-03-{业务主键},指数退避3次；超限转死信/人工,幂等重试；死信队列,请求ID、响应码、耗时、摘要、重试和最终结果
P122,接待资源闭环,技术后台端,I04,消息通知中心,站内信、短信、邮件、企业微信,异步消息,模板变量/接收人/业务链接,P122-04-{业务主键},指数退避3次；超限转死信/人工,重试3次；失败告警,请求ID、响应码、耗时、摘要、重试和最终结果
P122,接待资源闭环,技术后台端,I05,文件与电子证据,附件、哈希、水印、短时下载,对象存储+签名URL,文件ID/哈希/敏感级别,P122-05-{业务主键},指数退避3次；超限转死信/人工,病毒隔离；链接过期,请求ID、响应码、耗时、摘要、重试和最终结果
P122,接待资源闭环,技术后台端,I06,审计日志平台,操作、前后值、接口请求ID,异步不可篡改日志,操作者/身份/时间/设备/IP,P122-06-{业务主键},指数退避3次；超限转死信/人工,关键审计失败阻断,请求ID、响应码、耗时、摘要、重试和最终结果
P122,接待资源闭环,技术后台端,I07,订单票务与支付,订单、支付、出票、核销、退款,API+消息,订单号/票码/金额/状态,P122-07-{业务主键},指数退避3次；超限转死信/人工,幂等回调；差异队列,请求ID、响应码、耗时、摘要、重试和最终结果
P122,接待资源闭环,技术后台端,I08,CRM与客户主数据,客户、联系人、线索、商机、归属,API+事件,客户ID/商机号/负责人,P122-08-{业务主键},指数退避3次；超限转死信/人工,查重合并；归属冲突工单,请求ID、响应码、耗时、摘要、重试和最终结果
P123,演艺场次闭环,技术后台端,I01,统一身份与MFA,认证、任职身份、二次认证,同步调用,用户ID/身份ID/认证级别,P123-01-{业务主键},指数退避3次；超限转死信/人工,超时拒绝高风险操作,请求ID、响应码、耗时、摘要、重试和最终结果
P123,演艺场次闭环,技术后台端,I02,组织与员工主数据,中心、部门、岗位、员工关系,同步查询+事件订阅,组织ID/员工ID/有效期,P123-02-{业务主键},指数退避3次；超限转死信/人工,缓存降级；变更事件补偿,请求ID、响应码、耗时、摘要、重试和最终结果
P123,演艺场次闭环,技术后台端,I03,流程任务中心,实例、任务、状态、待办,内部事务+消息,实例号/任务号/状态,P123-03-{业务主键},指数退避3次；超限转死信/人工,幂等重试；死信队列,请求ID、响应码、耗时、摘要、重试和最终结果
P123,演艺场次闭环,技术后台端,I04,消息通知中心,站内信、短信、邮件、企业微信,异步消息,模板变量/接收人/业务链接,P123-04-{业务主键},指数退避3次；超限转死信/人工,重试3次；失败告警,请求ID、响应码、耗时、摘要、重试和最终结果
P123,演艺场次闭环,技术后台端,I05,文件与电子证据,附件、哈希、水印、短时下载,对象存储+签名URL,文件ID/哈希/敏感级别,P123-05-{业务主键},指数退避3次；超限转死信/人工,病毒隔离；链接过期,请求ID、响应码、耗时、摘要、重试和最终结果
P123,演艺场次闭环,技术后台端,I06,审计日志平台,操作、前后值、接口请求ID,异步不可篡改日志,操作者/身份/时间/设备/IP,P123-06-{业务主键},指数退避3次；超限转死信/人工,关键审计失败阻断,请求ID、响应码、耗时、摘要、重试和最终结果
P123,演艺场次闭环,技术后台端,I07,资产仓储系统,物料、批次、序列号、库存与资产状态,API+事件,物料/资产ID/数量/库位,P123-07-{业务主键},指数退避3次；超限转死信/人工,库存锁补偿；负库存阻断,请求ID、响应码、耗时、摘要、重试和最终结果
P124,采购资产财务闭环,技术后台端,I01,统一身份与MFA,认证、任职身份、二次认证,同步调用,用户ID/身份ID/认证级别,P124-01-{业务主键},指数退避3次；超限转死信/人工,超时拒绝高风险操作,请求ID、响应码、耗时、摘要、重试和最终结果
P124,采购资产财务闭环,技术后台端,I02,组织与员工主数据,中心、部门、岗位、员工关系,同步查询+事件订阅,组织ID/员工ID/有效期,P124-02-{业务主键},指数退避3次；超限转死信/人工,缓存降级；变更事件补偿,请求ID、响应码、耗时、摘要、重试和最终结果
P124,采购资产财务闭环,技术后台端,I03,流程任务中心,实例、任务、状态、待办,内部事务+消息,实例号/任务号/状态,P124-03-{业务主键},指数退避3次；超限转死信/人工,幂等重试；死信队列,请求ID、响应码、耗时、摘要、重试和最终结果
P124,采购资产财务闭环,技术后台端,I04,消息通知中心,站内信、短信、邮件、企业微信,异步消息,模板变量/接收人/业务链接,P124-04-{业务主键},指数退避3次；超限转死信/人工,重试3次；失败告警,请求ID、响应码、耗时、摘要、重试和最终结果
P124,采购资产财务闭环,技术后台端,I05,文件与电子证据,附件、哈希、水印、短时下载,对象存储+签名URL,文件ID/哈希/敏感级别,P124-05-{业务主键},指数退避3次；超限转死信/人工,病毒隔离；链接过期,请求ID、响应码、耗时、摘要、重试和最终结果
P124,采购资产财务闭环,技术后台端,I06,审计日志平台,操作、前后值、接口请求ID,异步不可篡改日志,操作者/身份/时间/设备/IP,P124-06-{业务主键},指数退避3次；超限转死信/人工,关键审计失败阻断,请求ID、响应码、耗时、摘要、重试和最终结果
P124,采购资产财务闭环,技术后台端,I07,财务预算与支付,预算占用、票据、付款、凭证、对账,API+批次,预算项/金额/凭证号,P124-07-{业务主键},指数退避3次；超限转死信/人工,冲销补偿；T+1对账,请求ID、响应码、耗时、摘要、重试和最终结果
P124,采购资产财务闭环,技术后台端,I08,资产仓储系统,物料、批次、序列号、库存与资产状态,API+事件,物料/资产ID/数量/库位,P124-08-{业务主键},指数退避3次；超限转死信/人工,库存锁补偿；负库存阻断,请求ID、响应码、耗时、摘要、重试和最终结果
P125,内容生产发布闭环,技术后台端,I01,统一身份与MFA,认证、任职身份、二次认证,同步调用,用户ID/身份ID/认证级别,P125-01-{业务主键},指数退避3次；超限转死信/人工,超时拒绝高风险操作,请求ID、响应码、耗时、摘要、重试和最终结果
P125,内容生产发布闭环,技术后台端,I02,组织与员工主数据,中心、部门、岗位、员工关系,同步查询+事件订阅,组织ID/员工ID/有效期,P125-02-{业务主键},指数退避3次；超限转死信/人工,缓存降级；变更事件补偿,请求ID、响应码、耗时、摘要、重试和最终结果
P125,内容生产发布闭环,技术后台端,I03,流程任务中心,实例、任务、状态、待办,内部事务+消息,实例号/任务号/状态,P125-03-{业务主键},指数退避3次；超限转死信/人工,幂等重试；死信队列,请求ID、响应码、耗时、摘要、重试和最终结果
P125,内容生产发布闭环,技术后台端,I04,消息通知中心,站内信、短信、邮件、企业微信,异步消息,模板变量/接收人/业务链接,P125-04-{业务主键},指数退避3次；超限转死信/人工,重试3次；失败告警,请求ID、响应码、耗时、摘要、重试和最终结果
P125,内容生产发布闭环,技术后台端,I05,文件与电子证据,附件、哈希、水印、短时下载,对象存储+签名URL,文件ID/哈希/敏感级别,P125-05-{业务主键},指数退避3次；超限转死信/人工,病毒隔离；链接过期,请求ID、响应码、耗时、摘要、重试和最终结果
P125,内容生产发布闭环,技术后台端,I06,审计日志平台,操作、前后值、接口请求ID,异步不可篡改日志,操作者/身份/时间/设备/IP,P125-06-{业务主键},指数退避3次；超限转死信/人工,关键审计失败阻断,请求ID、响应码、耗时、摘要、重试和最终结果
P125,内容生产发布闭环,技术后台端,I07,订单票务与支付,订单、支付、出票、核销、退款,API+消息,订单号/票码/金额/状态,P125-07-{业务主键},指数退避3次；超限转死信/人工,幂等回调；差异队列,请求ID、响应码、耗时、摘要、重试和最终结果
P125,内容生产发布闭环,技术后台端,I08,CRM与客户主数据,客户、联系人、线索、商机、归属,API+事件,客户ID/商机号/负责人,P125-08-{业务主键},指数退避3次；超限转死信/人工,查重合并；归属冲突工单,请求ID、响应码、耗时、摘要、重试和最终结果
P125,内容生产发布闭环,技术后台端,I09,CMDB/研发/CI-CD,配置项、代码、构建、测试、发布、监控,API+Webhook,工作项/构建号/版本/环境,P125-09-{业务主键},指数退避3次；超限转死信/人工,回退流水；发布门禁,请求ID、响应码、耗时、摘要、重试和最终结果
P125,内容生产发布闭环,技术后台端,I10,内容资产与渠道平台,素材、版本、版权、发布与数据回流,API+平台回调,内容ID/渠道ID/发布状态/指标,P125-10-{业务主键},指数退避3次；超限转死信/人工,回调验签；平台差异对账,请求ID、响应码、耗时、摘要、重试和最终结果
P126,事件与整改闭环,技术后台端,I01,统一身份与MFA,认证、任职身份、二次认证,同步调用,用户ID/身份ID/认证级别,P126-01-{业务主键},指数退避3次；超限转死信/人工,超时拒绝高风险操作,请求ID、响应码、耗时、摘要、重试和最终结果
P126,事件与整改闭环,技术后台端,I02,组织与员工主数据,中心、部门、岗位、员工关系,同步查询+事件订阅,组织ID/员工ID/有效期,P126-02-{业务主键},指数退避3次；超限转死信/人工,缓存降级；变更事件补偿,请求ID、响应码、耗时、摘要、重试和最终结果
P126,事件与整改闭环,技术后台端,I03,流程任务中心,实例、任务、状态、待办,内部事务+消息,实例号/任务号/状态,P126-03-{业务主键},指数退避3次；超限转死信/人工,幂等重试；死信队列,请求ID、响应码、耗时、摘要、重试和最终结果
P126,事件与整改闭环,技术后台端,I04,消息通知中心,站内信、短信、邮件、企业微信,异步消息,模板变量/接收人/业务链接,P126-04-{业务主键},指数退避3次；超限转死信/人工,重试3次；失败告警,请求ID、响应码、耗时、摘要、重试和最终结果
P126,事件与整改闭环,技术后台端,I05,文件与电子证据,附件、哈希、水印、短时下载,对象存储+签名URL,文件ID/哈希/敏感级别,P126-05-{业务主键},指数退避3次；超限转死信/人工,病毒隔离；链接过期,请求ID、响应码、耗时、摘要、重试和最终结果
P126,事件与整改闭环,技术后台端,I06,审计日志平台,操作、前后值、接口请求ID,异步不可篡改日志,操作者/身份/时间/设备/IP,P126-06-{业务主键},指数退避3次；超限转死信/人工,关键审计失败阻断,请求ID、响应码、耗时、摘要、重试和最终结果
P126,事件与整改闭环,技术后台端,I07,CRM与客户主数据,客户、联系人、线索、商机、归属,API+事件,客户ID/商机号/负责人,P126-07-{业务主键},指数退避3次；超限转死信/人工,查重合并；归属冲突工单,请求ID、响应码、耗时、摘要、重试和最终结果
