process_code,process_name,endpoint,node_no,state_code,business_node,employee_duty,center_duty,tech_duty,data_object,domain_event,node_output
P001,统一登录与多岗位身份切换,员工端,1,S01,访问统一入口,查看/配合,监督/协同,配置支撑/留痕,P001_S01,P001.stage.01.completed,节点结果、附件、状态事件、通知与审计记录
P001,统一登录与多岗位身份切换,员工端,2,S02,身份认证/MFA,查看/配合,监督/协同,系统自动/技术保障,P001_S02,P001.stage.02.completed,节点结果、附件、状态事件、通知与审计记录
P001,统一登录与多岗位身份切换,员工端,3,S03,解析自然人与当前员工关系,查看/配合,监督/协同,系统自动/技术保障,P001_S03,P001.stage.03.completed,节点结果、附件、状态事件、通知与审计记录
P001,统一登录与多岗位身份切换,员工端,4,S04,选择或自动解析当前任职身份,查看/配合,监督/协同,系统自动/技术保障,P001_S04,P001.stage.04.completed,节点结果、附件、状态事件、通知与审计记录
P001,统一登录与多岗位身份切换,员工端,5,S05,加载模块、动作、数据和字段权限,查看/配合,监督/协同,系统自动/技术保障,P001_S05,P001.stage.05.completed,节点结果、附件、状态事件、通知与审计记录
P001,统一登录与多岗位身份切换,员工端,6,S06,进入角色化工作台,查看/配合,监督/协同,配置支撑/留痕,P001_S06,P001.stage.06.completed,节点结果、附件、状态事件、通知与审计记录
P001,统一登录与多岗位身份切换,员工端,7,S07,会话持续校验,查看/配合,主办/决策,系统自动/技术保障,P001_S07,P001.stage.07.completed,节点结果、附件、状态事件、通知与审计记录
P001,统一登录与多岗位身份切换,员工端,8,S08,退出与审计,查看/配合,监督/协同,系统自动/技术保障,P001_S08,P001.stage.08.completed,节点结果、附件、状态事件、通知与审计记录
P002,权限申请、复核与回收,员工端,1,S01,岗位模板授权,查看/配合,监督/协同,配置支撑/留痕,P002_S01,P002.stage.01.completed,节点结果、附件、状态事件、通知与审计记录
P002,权限申请、复核与回收,员工端,2,S02,个人/项目补充授权申请,主办/填写,监督/协同,配置支撑/留痕,P002_S02,P002.stage.02.completed,节点结果、附件、状态事件、通知与审计记录
P002,权限申请、复核与回收,员工端,3,S03,业务负责人确认,主办/填写,主办/决策,配置支撑/留痕,P002_S03,P002.stage.03.completed,节点结果、附件、状态事件、通知与审计记录
P002,权限申请、复核与回收,员工端,4,S04,数据责任人复核,查看/配合,主办/决策,配置支撑/留痕,P002_S04,P002.stage.04.completed,节点结果、附件、状态事件、通知与审计记录
P002,权限申请、复核与回收,员工端,5,S05,高风险权限审批,查看/配合,主办/决策,系统自动/技术保障,P002_S05,P002.stage.05.completed,节点结果、附件、状态事件、通知与审计记录
P002,权限申请、复核与回收,员工端,6,S06,权限生效,查看/配合,监督/协同,系统自动/技术保障,P002_S06,P002.stage.06.completed,节点结果、附件、状态事件、通知与审计记录
P002,权限申请、复核与回收,员工端,7,S07,定期复核,查看/配合,主办/决策,配置支撑/留痕,P002_S07,P002.stage.07.completed,节点结果、附件、状态事件、通知与审计记录
P002,权限申请、复核与回收,员工端,8,S08,到期/调岗/离职回收,查看/配合,监督/协同,配置支撑/留痕,P002_S08,P002.stage.08.completed,节点结果、附件、状态事件、通知与审计记录
P003,个人资料变更,员工端,1,S01,员工查看本人资料,查看/配合,监督/协同,配置支撑/留痕,P003_S01,P003.stage.01.completed,节点结果、附件、状态事件、通知与审计记录
P003,个人资料变更,员工端,2,S02,选择可自助变更字段,查看/配合,监督/协同,配置支撑/留痕,P003_S02,P003.stage.02.completed,节点结果、附件、状态事件、通知与审计记录
P003,个人资料变更,员工端,3,S03,提交新值与证明,查看/配合,监督/协同,配置支撑/留痕,P003_S03,P003.stage.03.completed,节点结果、附件、状态事件、通知与审计记录
P003,个人资料变更,员工端,4,S04,字段敏感级别校验,查看/配合,主办/决策,配置支撑/留痕,P003_S04,P003.stage.04.completed,节点结果、附件、状态事件、通知与审计记录
P003,个人资料变更,员工端,5,S05,人事/财务/归口岗核验,查看/配合,主办/决策,配置支撑/留痕,P003_S05,P003.stage.05.completed,节点结果、附件、状态事件、通知与审计记录
P003,个人资料变更,员工端,6,S06,权威主档更新,查看/配合,监督/协同,配置支撑/留痕,P003_S06,P003.stage.06.completed,节点结果、附件、状态事件、通知与审计记录
P003,个人资料变更,员工端,7,S07,关联模块投影同步,查看/配合,监督/协同,系统自动/技术保障,P003_S07,P003.stage.07.completed,节点结果、附件、状态事件、通知与审计记录
P003,个人资料变更,员工端,8,S08,通知与审计,查看/配合,监督/协同,系统自动/技术保障,P003_S08,P003.stage.08.completed,节点结果、附件、状态事件、通知与审计记录
P004,通用申请与审批,员工端,1,S01,选择业务事项,查看/配合,监督/协同,配置支撑/留痕,P004_S01,P004.stage.01.completed,节点结果、附件、状态事件、通知与审计记录
P004,通用申请与审批,员工端,2,S02,填写申请与附件,主办/填写,监督/协同,配置支撑/留痕,P004_S02,P004.stage.02.completed,节点结果、附件、状态事件、通知与审计记录
P004,通用申请与审批,员工端,3,S03,前置规则校验,查看/配合,主办/决策,配置支撑/留痕,P004_S03,P004.stage.03.completed,节点结果、附件、状态事件、通知与审计记录
P004,通用申请与审批,员工端,4,S04,提交审批,查看/配合,主办/决策,配置支撑/留痕,P004_S04,P004.stage.04.completed,节点结果、附件、状态事件、通知与审计记录
P004,通用申请与审批,员工端,5,S05,动态审批与会签,查看/配合,主办/决策,配置支撑/留痕,P004_S05,P004.stage.05.completed,节点结果、附件、状态事件、通知与审计记录
P004,通用申请与审批,员工端,6,S06,批准后生成执行任务,主办/填写,主办/决策,系统自动/技术保障,P004_S06,P004.stage.06.completed,节点结果、附件、状态事件、通知与审计记录
P004,通用申请与审批,员工端,7,S07,执行人提交结果,主办/填写,监督/协同,配置支撑/留痕,P004_S07,P004.stage.07.completed,节点结果、附件、状态事件、通知与审计记录
P004,通用申请与审批,员工端,8,S08,独立验收,查看/配合,主办/决策,配置支撑/留痕,P004_S08,P004.stage.08.completed,节点结果、附件、状态事件、通知与审计记录
P004,通用申请与审批,员工端,9,S09,异常补偿,查看/配合,监督/协同,配置支撑/留痕,P004_S09,P004.stage.09.completed,节点结果、附件、状态事件、通知与审计记录
P004,通用申请与审批,员工端,10,S10,归档,查看/配合,主办/决策,配置支撑/留痕,P004_S10,P004.stage.10.completed,节点结果、附件、状态事件、通知与审计记录
P005,制度、通知与执行回执,员工端,1,S01,制度/通知版本发布,查看/配合,主办/决策,配置支撑/留痕,P005_S01,P005.stage.01.completed,节点结果、附件、状态事件、通知与审计记录
P005,制度、通知与执行回执,员工端,2,S02,按组织岗位确定范围,查看/配合,监督/协同,配置支撑/留痕,P005_S02,P005.stage.02.completed,节点结果、附件、状态事件、通知与审计记录
P005,制度、通知与执行回执,员工端,3,S03,消息送达,查看/配合,监督/协同,配置支撑/留痕,P005_S03,P005.stage.03.completed,节点结果、附件、状态事件、通知与审计记录
P005,制度、通知与执行回执,员工端,4,S04,员工阅读,主办/填写,监督/协同,配置支撑/留痕,P005_S04,P005.stage.04.completed,节点结果、附件、状态事件、通知与审计记录
P005,制度、通知与执行回执,员工端,5,S05,确认/阅签,主办/填写,主办/决策,配置支撑/留痕,P005_S05,P005.stage.05.completed,节点结果、附件、状态事件、通知与审计记录
P005,制度、通知与执行回执,员工端,6,S06,考试或理解验证,主办/填写,监督/协同,配置支撑/留痕,P005_S06,P005.stage.06.completed,节点结果、附件、状态事件、通知与审计记录
P005,制度、通知与执行回执,员工端,7,S07,执行任务,主办/填写,监督/协同,配置支撑/留痕,P005_S07,P005.stage.07.completed,节点结果、附件、状态事件、通知与审计记录
P005,制度、通知与执行回执,员工端,8,S08,责任人验收,查看/配合,主办/决策,配置支撑/留痕,P005_S08,P005.stage.08.completed,节点结果、附件、状态事件、通知与审计记录
P005,制度、通知与执行回执,员工端,9,S09,未完成催办升级,查看/配合,监督/协同,配置支撑/留痕,P005_S09,P005.stage.09.completed,节点结果、附件、状态事件、通知与审计记录
P005,制度、通知与执行回执,员工端,10,S10,档案移交,查看/配合,监督/协同,配置支撑/留痕,P005_S10,P005.stage.10.completed,节点结果、附件、状态事件、通知与审计记录
P006,会议与行动项,员工端,1,S01,议题征集,查看/配合,监督/协同,配置支撑/留痕,P006_S01,P006.stage.01.completed,节点结果、附件、状态事件、通知与审计记录
P006,会议与行动项,员工端,2,S02,材料完整性检查,查看/配合,监督/协同,配置支撑/留痕,P006_S02,P006.stage.02.completed,节点结果、附件、状态事件、通知与审计记录
P006,会议与行动项,员工端,3,S03,会议发布,查看/配合,主办/决策,配置支撑/留痕,P006_S03,P006.stage.03.completed,节点结果、附件、状态事件、通知与审计记录
P006,会议与行动项,员工端,4,S04,签到与请假,查看/配合,监督/协同,配置支撑/留痕,P006_S04,P006.stage.04.completed,节点结果、附件、状态事件、通知与审计记录
P006,会议与行动项,员工端,5,S05,会议召开,查看/配合,监督/协同,配置支撑/留痕,P006_S05,P006.stage.05.completed,节点结果、附件、状态事件、通知与审计记录
P006,会议与行动项,员工端,6,S06,主持人确认纪要,主办/填写,主办/决策,配置支撑/留痕,P006_S06,P006.stage.06.completed,节点结果、附件、状态事件、通知与审计记录
P006,会议与行动项,员工端,7,S07,行动项生成,查看/配合,监督/协同,系统自动/技术保障,P006_S07,P006.stage.07.completed,节点结果、附件、状态事件、通知与审计记录
P006,会议与行动项,员工端,8,S08,责任人执行,主办/填写,监督/协同,配置支撑/留痕,P006_S08,P006.stage.08.completed,节点结果、附件、状态事件、通知与审计记录
P006,会议与行动项,员工端,9,S09,验收与返工,查看/配合,主办/决策,配置支撑/留痕,P006_S09,P006.stage.09.completed,节点结果、附件、状态事件、通知与审计记录
P006,会议与行动项,员工端,10,S10,逾期升级,查看/配合,监督/协同,配置支撑/留痕,P006_S10,P006.stage.10.completed,节点结果、附件、状态事件、通知与审计记录
P006,会议与行动项,员工端,11,S11,归档复盘,查看/配合,主办/决策,配置支撑/留痕,P006_S11,P006.stage.11.completed,节点结果、附件、状态事件、通知与审计记录
P007,排班与班次调整,员工端,1,S01,业务量与活动需求输入,查看/配合,监督/协同,配置支撑/留痕,P007_S01,P007.stage.01.completed,节点结果、附件、状态事件、通知与审计记录
P007,排班与班次调整,员工端,2,S02,班次模板匹配,查看/配合,监督/协同,配置支撑/留痕,P007_S02,P007.stage.02.completed,节点结果、附件、状态事件、通知与审计记录
P007,排班与班次调整,员工端,3,S03,资格与连续工时校验,查看/配合,主办/决策,配置支撑/留痕,P007_S03,P007.stage.03.completed,节点结果、附件、状态事件、通知与审计记录
P007,排班与班次调整,员工端,4,S04,主管发布排班,查看/配合,主办/决策,配置支撑/留痕,P007_S04,P007.stage.04.completed,节点结果、附件、状态事件、通知与审计记录
P007,排班与班次调整,员工端,5,S05,员工确认,主办/填写,主办/决策,配置支撑/留痕,P007_S05,P007.stage.05.completed,节点结果、附件、状态事件、通知与审计记录
P007,排班与班次调整,员工端,6,S06,换班/替班申请,主办/填写,监督/协同,配置支撑/留痕,P007_S06,P007.stage.06.completed,节点结果、附件、状态事件、通知与审计记录
P007,排班与班次调整,员工端,7,S07,变更审批,查看/配合,主办/决策,配置支撑/留痕,P007_S07,P007.stage.07.completed,节点结果、附件、状态事件、通知与审计记录
P007,排班与班次调整,员工端,8,S08,考勤与餐饮/班车联动,查看/配合,监督/协同,配置支撑/留痕,P007_S08,P007.stage.08.completed,节点结果、附件、状态事件、通知与审计记录
P007,排班与班次调整,员工端,9,S09,日结,查看/配合,监督/协同,配置支撑/留痕,P007_S09,P007.stage.09.completed,节点结果、附件、状态事件、通知与审计记录
P008,请假与考勤,员工端,1,S01,请假申请,主办/填写,监督/协同,配置支撑/留痕,P008_S01,P008.stage.01.completed,节点结果、附件、状态事件、通知与审计记录
P008,请假与考勤,员工端,2,S02,假期额度预占,查看/配合,监督/协同,配置支撑/留痕,P008_S02,P008.stage.02.completed,节点结果、附件、状态事件、通知与审计记录
P008,请假与考勤,员工端,3,S03,工作交接与代理,主办/填写,监督/协同,配置支撑/留痕,P008_S03,P008.stage.03.completed,节点结果、附件、状态事件、通知与审计记录
P008,请假与考勤,员工端,4,S04,审批,查看/配合,主办/决策,配置支撑/留痕,P008_S04,P008.stage.04.completed,节点结果、附件、状态事件、通知与审计记录
P008,请假与考勤,员工端,5,S05,预占转扣减/驳回释放,查看/配合,监督/协同,配置支撑/留痕,P008_S05,P008.stage.05.completed,节点结果、附件、状态事件、通知与审计记录
P008,请假与考勤,员工端,6,S06,排班与考勤标记,查看/配合,主办/决策,配置支撑/留痕,P008_S06,P008.stage.06.completed,节点结果、附件、状态事件、通知与审计记录
P008,请假与考勤,员工端,7,S07,实际休假,查看/配合,监督/协同,配置支撑/留痕,P008_S07,P008.stage.07.completed,节点结果、附件、状态事件、通知与审计记录
P008,请假与考勤,员工端,8,S08,销假/提前返岗/变更,查看/配合,监督/协同,配置支撑/留痕,P008_S08,P008.stage.08.completed,节点结果、附件、状态事件、通知与审计记录
P008,请假与考勤,员工端,9,S09,差额账本调整,查看/配合,监督/协同,配置支撑/留痕,P008_S09,P008.stage.09.completed,节点结果、附件、状态事件、通知与审计记录
P008,请假与考勤,员工端,10,S10,考勤日结与归档,查看/配合,主办/决策,配置支撑/留痕,P008_S10,P008.stage.10.completed,节点结果、附件、状态事件、通知与审计记录
P009,加班与调休,员工端,1,S01,事前申请/紧急事实登记,主办/填写,监督/协同,配置支撑/留痕,P009_S01,P009.stage.01.completed,节点结果、附件、状态事件、通知与审计记录
P009,加班与调休,员工端,2,S02,必要性与任务校验,查看/配合,主办/决策,配置支撑/留痕,P009_S02,P009.stage.02.completed,节点结果、附件、状态事件、通知与审计记录
P009,加班与调休,员工端,3,S03,主管审批,查看/配合,主办/决策,配置支撑/留痕,P009_S03,P009.stage.03.completed,节点结果、附件、状态事件、通知与审计记录
P009,加班与调休,员工端,4,S04,实际考勤与劳动事实,查看/配合,监督/协同,配置支撑/留痕,P009_S04,P009.stage.04.completed,节点结果、附件、状态事件、通知与审计记录
P009,加班与调休,员工端,5,S05,成果验收,查看/配合,主办/决策,配置支撑/留痕,P009_S05,P009.stage.05.completed,节点结果、附件、状态事件、通知与审计记录
P009,加班与调休,员工端,6,S06,人事复核,查看/配合,主办/决策,配置支撑/留痕,P009_S06,P009.stage.06.completed,节点结果、附件、状态事件、通知与审计记录
P009,加班与调休,员工端,7,S07,法定工资/调休方案,查看/配合,监督/协同,配置支撑/留痕,P009_S07,P009.stage.07.completed,节点结果、附件、状态事件、通知与审计记录
P009,加班与调休,员工端,8,S08,薪酬回执,查看/配合,监督/协同,配置支撑/留痕,P009_S08,P009.stage.08.completed,节点结果、附件、状态事件、通知与审计记录
P009,加班与调休,员工端,9,S09,归档,查看/配合,主办/决策,配置支撑/留痕,P009_S09,P009.stage.09.completed,节点结果、附件、状态事件、通知与审计记录
P010,员工学习、考试与资格,员工端,1,S01,课程/制度版本发布,查看/配合,主办/决策,配置支撑/留痕,P010_S01,P010.stage.01.completed,节点结果、附件、状态事件、通知与审计记录
P010,员工学习、考试与资格,员工端,2,S02,按岗位风险指派,查看/配合,监督/协同,配置支撑/留痕,P010_S02,P010.stage.02.completed,节点结果、附件、状态事件、通知与审计记录
P010,员工学习、考试与资格,员工端,3,S03,员工学习,主办/填写,监督/协同,配置支撑/留痕,P010_S03,P010.stage.03.completed,节点结果、附件、状态事件、通知与审计记录
P010,员工学习、考试与资格,员工端,4,S04,1000分制考试,主办/填写,监督/协同,配置支撑/留痕,P010_S04,P010.stage.04.completed,节点结果、附件、状态事件、通知与审计记录
P010,员工学习、考试与资格,员工端,5,S05,线下实操,查看/配合,监督/协同,配置支撑/留痕,P010_S05,P010.stage.05.completed,节点结果、附件、状态事件、通知与审计记录
P010,员工学习、考试与资格,员工端,6,S06,主管/专业人员认证,查看/配合,监督/协同,系统自动/技术保障,P010_S06,P010.stage.06.completed,节点结果、附件、状态事件、通知与审计记录
P010,员工学习、考试与资格,员工端,7,S07,资格生效,查看/配合,监督/协同,配置支撑/留痕,P010_S07,P010.stage.07.completed,节点结果、附件、状态事件、通知与审计记录
P010,员工学习、考试与资格,员工端,8,S08,岗位权限联动,查看/配合,监督/协同,系统自动/技术保障,P010_S08,P010.stage.08.completed,节点结果、附件、状态事件、通知与审计记录
P010,员工学习、考试与资格,员工端,9,S09,到期复训/复证,查看/配合,监督/协同,配置支撑/留痕,P010_S09,P010.stage.09.completed,节点结果、附件、状态事件、通知与审计记录
P010,员工学习、考试与资格,员工端,10,S10,归档,查看/配合,主办/决策,配置支撑/留痕,P010_S10,P010.stage.10.completed,节点结果、附件、状态事件、通知与审计记录
P011,绩效管理,员工端,1,S01,目标制定,查看/配合,监督/协同,配置支撑/留痕,P011_S01,P011.stage.01.completed,节点结果、附件、状态事件、通知与审计记录
P011,绩效管理,员工端,2,S02,员工确认,主办/填写,主办/决策,配置支撑/留痕,P011_S02,P011.stage.02.completed,节点结果、附件、状态事件、通知与审计记录
P011,绩效管理,员工端,3,S03,过程记录与辅导,查看/配合,监督/协同,配置支撑/留痕,P011_S03,P011.stage.03.completed,节点结果、附件、状态事件、通知与审计记录
P011,绩效管理,员工端,4,S04,权威数据归集,查看/配合,监督/协同,配置支撑/留痕,P011_S04,P011.stage.04.completed,节点结果、附件、状态事件、通知与审计记录
P011,绩效管理,员工端,5,S05,员工自评/主管评价,主办/填写,监督/协同,配置支撑/留痕,P011_S05,P011.stage.05.completed,节点结果、附件、状态事件、通知与审计记录
P011,绩效管理,员工端,6,S06,1000分计算,查看/配合,监督/协同,系统自动/技术保障,P011_S06,P011.stage.06.completed,节点结果、附件、状态事件、通知与审计记录
P011,绩效管理,员工端,7,S07,校准,查看/配合,监督/协同,配置支撑/留痕,P011_S07,P011.stage.07.completed,节点结果、附件、状态事件、通知与审计记录
P011,绩效管理,员工端,8,S08,结果反馈确认,主办/填写,主办/决策,配置支撑/留痕,P011_S08,P011.stage.08.completed,节点结果、附件、状态事件、通知与审计记录
P011,绩效管理,员工端,9,S09,申诉复核,主办/填写,主办/决策,配置支撑/留痕,P011_S09,P011.stage.09.completed,节点结果、附件、状态事件、通知与审计记录
P011,绩效管理,员工端,10,S10,绩效影响执行,主办/填写,监督/协同,配置支撑/留痕,P011_S10,P011.stage.10.completed,节点结果、附件、状态事件、通知与审计记录
P011,绩效管理,员工端,11,S11,归档,查看/配合,主办/决策,配置支撑/留痕,P011_S11,P011.stage.11.completed,节点结果、附件、状态事件、通知与审计记录
P012,晋升与任职发展,员工端,1,S01,个人申请/组织提名,主办/填写,监督/协同,配置支撑/留痕,P012_S01,P012.stage.01.completed,节点结果、附件、状态事件、通知与审计记录
P012,晋升与任职发展,员工端,2,S02,资格与冻结状态审查,查看/配合,监督/协同,配置支撑/留痕,P012_S02,P012.stage.02.completed,节点结果、附件、状态事件、通知与审计记录
P012,晋升与任职发展,员工端,3,S03,1000分综合评估,查看/配合,监督/协同,配置支撑/留痕,P012_S03,P012.stage.03.completed,节点结果、附件、状态事件、通知与审计记录
P012,晋升与任职发展,员工端,4,S04,岗位空缺与预算核验,查看/配合,主办/决策,配置支撑/留痕,P012_S04,P012.stage.04.completed,节点结果、附件、状态事件、通知与审计记录
P012,晋升与任职发展,员工端,5,S05,竞聘/评审,查看/配合,主办/决策,配置支撑/留痕,P012_S05,P012.stage.05.completed,节点结果、附件、状态事件、通知与审计记录
P012,晋升与任职发展,员工端,6,S06,审批,查看/配合,主办/决策,配置支撑/留痕,P012_S06,P012.stage.06.completed,节点结果、附件、状态事件、通知与审计记录
P012,晋升与任职发展,员工端,7,S07,公示/告知,查看/配合,监督/协同,配置支撑/留痕,P012_S07,P012.stage.07.completed,节点结果、附件、状态事件、通知与审计记录
P012,晋升与任职发展,员工端,8,S08,任命与薪酬确认,主办/填写,主办/决策,配置支撑/留痕,P012_S08,P012.stage.08.completed,节点结果、附件、状态事件、通知与审计记录
P012,晋升与任职发展,员工端,9,S09,验证期,查看/配合,监督/协同,配置支撑/留痕,P012_S09,P012.stage.09.completed,节点结果、附件、状态事件、通知与审计记录
P012,晋升与任职发展,员工端,10,S10,正式生效/回退安排,查看/配合,监督/协同,配置支撑/留痕,P012_S10,P012.stage.10.completed,节点结果、附件、状态事件、通知与审计记录
P013,奖励,员工端,1,S01,贡献事实形成,查看/配合,监督/协同,配置支撑/留痕,P013_S01,P013.stage.01.completed,节点结果、附件、状态事件、通知与审计记录
P013,奖励,员工端,2,S02,证据核验,查看/配合,主办/决策,配置支撑/留痕,P013_S02,P013.stage.02.completed,节点结果、附件、状态事件、通知与审计记录
P013,奖励,员工端,3,S03,奖励级别建议,查看/配合,监督/协同,配置支撑/留痕,P013_S03,P013.stage.03.completed,节点结果、附件、状态事件、通知与审计记录
P013,奖励,员工端,4,S04,审批,查看/配合,主办/决策,配置支撑/留痕,P013_S04,P013.stage.04.completed,节点结果、附件、状态事件、通知与审计记录
P013,奖励,员工端,5,S05,影响项防重复校验,查看/配合,主办/决策,系统自动/技术保障,P013_S05,P013.stage.05.completed,节点结果、附件、状态事件、通知与审计记录
P013,奖励,员工端,6,S06,荣誉积分/奖金/发展评审影响执行,主办/填写,主办/决策,配置支撑/留痕,P013_S06,P013.stage.06.completed,节点结果、附件、状态事件、通知与审计记录
P013,奖励,员工端,7,S07,员工通知,查看/配合,监督/协同,配置支撑/留痕,P013_S07,P013.stage.07.completed,节点结果、附件、状态事件、通知与审计记录
P013,奖励,员工端,8,S08,财务/人事回执,查看/配合,监督/协同,配置支撑/留痕,P013_S08,P013.stage.08.completed,节点结果、附件、状态事件、通知与审计记录
P013,奖励,员工端,9,S09,归档,查看/配合,主办/决策,配置支撑/留痕,P013_S09,P013.stage.09.completed,节点结果、附件、状态事件、通知与审计记录
P014,纪律、责任与申诉,员工端,1,S01,线索登记,主办/填写,监督/协同,配置支撑/留痕,P014_S01,P014.stage.01.completed,节点结果、附件、状态事件、通知与审计记录
P014,纪律、责任与申诉,员工端,2,S02,临时止险,查看/配合,监督/协同,配置支撑/留痕,P014_S02,P014.stage.02.completed,节点结果、附件、状态事件、通知与审计记录
P014,纪律、责任与申诉,员工端,3,S03,初步核实/正式调查,查看/配合,主办/决策,配置支撑/留痕,P014_S03,P014.stage.03.completed,节点结果、附件、状态事件、通知与审计记录
P014,纪律、责任与申诉,员工端,4,S04,员工陈述申辩,查看/配合,监督/协同,配置支撑/留痕,P014_S04,P014.stage.04.completed,节点结果、附件、状态事件、通知与审计记录
P014,纪律、责任与申诉,员工端,5,S05,责任评审,查看/配合,主办/决策,配置支撑/留痕,P014_S05,P014.stage.05.completed,节点结果、附件、状态事件、通知与审计记录
P014,纪律、责任与申诉,员工端,6,S06,决定审批,查看/配合,主办/决策,配置支撑/留痕,P014_S06,P014.stage.06.completed,节点结果、附件、状态事件、通知与审计记录
P014,纪律、责任与申诉,员工端,7,S07,送达,查看/配合,监督/协同,配置支撑/留痕,P014_S07,P014.stage.07.completed,节点结果、附件、状态事件、通知与审计记录
P014,纪律、责任与申诉,员工端,8,S08,影响项执行,主办/填写,监督/协同,配置支撑/留痕,P014_S08,P014.stage.08.completed,节点结果、附件、状态事件、通知与审计记录
P014,纪律、责任与申诉,员工端,9,S09,申诉复核,主办/填写,主办/决策,配置支撑/留痕,P014_S09,P014.stage.09.completed,节点结果、附件、状态事件、通知与审计记录
P014,纪律、责任与申诉,员工端,10,S10,核心案件关闭,查看/配合,主办/决策,配置支撑/留痕,P014_S10,P014.stage.10.completed,节点结果、附件、状态事件、通知与审计记录
P014,纪律、责任与申诉,员工端,11,S11,独立观察整改,查看/配合,监督/协同,配置支撑/留痕,P014_S11,P014.stage.11.completed,节点结果、附件、状态事件、通知与审计记录
P014,纪律、责任与申诉,员工端,12,S12,补充归档,查看/配合,主办/决策,配置支撑/留痕,P014_S12,P014.stage.12.completed,节点结果、附件、状态事件、通知与审计记录
P015,成长积分与荣誉积分,员工端,1,S01,业务事件产生,查看/配合,监督/协同,配置支撑/留痕,P015_S01,P015.stage.01.completed,节点结果、附件、状态事件、通知与审计记录
P015,成长积分与荣誉积分,员工端,2,S02,人员与来源校验,查看/配合,主办/决策,配置支撑/留痕,P015_S02,P015.stage.02.completed,节点结果、附件、状态事件、通知与审计记录
P015,成长积分与荣誉积分,员工端,3,S03,例外与防重校验,查看/配合,主办/决策,系统自动/技术保障,P015_S03,P015.stage.03.completed,节点结果、附件、状态事件、通知与审计记录
P015,成长积分与荣誉积分,员工端,4,S04,规则版本匹配,查看/配合,监督/协同,配置支撑/留痕,P015_S04,P015.stage.04.completed,节点结果、附件、状态事件、通知与审计记录
P015,成长积分与荣誉积分,员工端,5,S05,计算与封顶,查看/配合,监督/协同,系统自动/技术保障,P015_S05,P015.stage.05.completed,节点结果、附件、状态事件、通知与审计记录
P015,成长积分与荣誉积分,员工端,6,S06,风险分级,查看/配合,监督/协同,配置支撑/留痕,P015_S06,P015.stage.06.completed,节点结果、附件、状态事件、通知与审计记录
P015,成长积分与荣誉积分,员工端,7,S07,自动入账/人工复核,查看/配合,主办/决策,系统自动/技术保障,P015_S07,P015.stage.07.completed,节点结果、附件、状态事件、通知与审计记录
P015,成长积分与荣誉积分,员工端,8,S08,员工通知,查看/配合,监督/协同,配置支撑/留痕,P015_S08,P015.stage.08.completed,节点结果、附件、状态事件、通知与审计记录
P015,成长积分与荣誉积分,员工端,9,S09,申诉/调整/冲销新增流水,主办/填写,监督/协同,配置支撑/留痕,P015_S09,P015.stage.09.completed,节点结果、附件、状态事件、通知与审计记录
P015,成长积分与荣誉积分,员工端,10,S10,有效分与段位重算,查看/配合,监督/协同,配置支撑/留痕,P015_S10,P015.stage.10.completed,节点结果、附件、状态事件、通知与审计记录
P016,员工福利与关怀,员工端,1,S01,系统触发/员工申请/管理发起,主办/填写,主办/决策,系统自动/技术保障,P016_S01,P016.stage.01.completed,节点结果、附件、状态事件、通知与审计记录
P016,员工福利与关怀,员工端,2,S02,资格校验,查看/配合,主办/决策,配置支撑/留痕,P016_S02,P016.stage.02.completed,节点结果、附件、状态事件、通知与审计记录
P016,员工福利与关怀,员工端,3,S03,材料与隐私授权,查看/配合,监督/协同,配置支撑/留痕,P016_S03,P016.stage.03.completed,节点结果、附件、状态事件、通知与审计记录
P016,员工福利与关怀,员工端,4,S04,审批,查看/配合,主办/决策,配置支撑/留痕,P016_S04,P016.stage.04.completed,节点结果、附件、状态事件、通知与审计记录
P016,员工福利与关怀,员工端,5,S05,财务付款/实物发放/服务执行,主办/填写,监督/协同,配置支撑/留痕,P016_S05,P016.stage.05.completed,节点结果、附件、状态事件、通知与审计记录
P016,员工福利与关怀,员工端,6,S06,员工确认,主办/填写,主办/决策,配置支撑/留痕,P016_S06,P016.stage.06.completed,节点结果、附件、状态事件、通知与审计记录
P016,员工福利与关怀,员工端,7,S07,对账,查看/配合,主办/决策,配置支撑/留痕,P016_S07,P016.stage.07.completed,节点结果、附件、状态事件、通知与审计记录
P016,员工福利与关怀,员工端,8,S08,归档,查看/配合,主办/决策,配置支撑/留痕,P016_S08,P016.stage.08.completed,节点结果、附件、状态事件、通知与审计记录
P017,电子签署,员工端,1,S01,模板与数据准备,查看/配合,监督/协同,配置支撑/留痕,P017_S01,P017.stage.01.completed,节点结果、附件、状态事件、通知与审计记录
P017,电子签署,员工端,2,S02,文档生成,查看/配合,监督/协同,系统自动/技术保障,P017_S02,P017.stage.02.completed,节点结果、附件、状态事件、通知与审计记录
P017,电子签署,员工端,3,S03,内部审核,查看/配合,主办/决策,配置支撑/留痕,P017_S03,P017.stage.03.completed,节点结果、附件、状态事件、通知与审计记录
P017,电子签署,员工端,4,S04,发起签署,查看/配合,监督/协同,配置支撑/留痕,P017_S04,P017.stage.04.completed,节点结果、附件、状态事件、通知与审计记录
P017,电子签署,员工端,5,S05,身份认证,查看/配合,监督/协同,系统自动/技术保障,P017_S05,P017.stage.05.completed,节点结果、附件、状态事件、通知与审计记录
P017,电子签署,员工端,6,S06,签署,查看/配合,监督/协同,配置支撑/留痕,P017_S06,P017.stage.06.completed,节点结果、附件、状态事件、通知与审计记录
P017,电子签署,员工端,7,S07,回调验签,查看/配合,监督/协同,系统自动/技术保障,P017_S07,P017.stage.07.completed,节点结果、附件、状态事件、通知与审计记录
P017,电子签署,员工端,8,S08,文件与证书归档,查看/配合,主办/决策,配置支撑/留痕,P017_S08,P017.stage.08.completed,节点结果、附件、状态事件、通知与审计记录
P017,电子签署,员工端,9,S09,业务状态更新,查看/配合,监督/协同,配置支撑/留痕,P017_S09,P017.stage.09.completed,节点结果、附件、状态事件、通知与审计记录
P018,数据导入,员工端,1,S01,下载模板,查看/配合,监督/协同,配置支撑/留痕,P018_S01,P018.stage.01.completed,节点结果、附件、状态事件、通知与审计记录
P018,数据导入,员工端,2,S02,上传文件,查看/配合,监督/协同,配置支撑/留痕,P018_S02,P018.stage.02.completed,节点结果、附件、状态事件、通知与审计记录
P018,数据导入,员工端,3,S03,格式校验,查看/配合,主办/决策,配置支撑/留痕,P018_S03,P018.stage.03.completed,节点结果、附件、状态事件、通知与审计记录
P018,数据导入,员工端,4,S04,业务校验,查看/配合,主办/决策,配置支撑/留痕,P018_S04,P018.stage.04.completed,节点结果、附件、状态事件、通知与审计记录
P018,数据导入,员工端,5,S05,权限与范围校验,查看/配合,主办/决策,系统自动/技术保障,P018_S05,P018.stage.05.completed,节点结果、附件、状态事件、通知与审计记录
P018,数据导入,员工端,6,S06,差异预览,查看/配合,监督/协同,配置支撑/留痕,P018_S06,P018.stage.06.completed,节点结果、附件、状态事件、通知与审计记录
P018,数据导入,员工端,7,S07,用户确认,主办/填写,主办/决策,配置支撑/留痕,P018_S07,P018.stage.07.completed,节点结果、附件、状态事件、通知与审计记录
P018,数据导入,员工端,8,S08,异步执行,主办/填写,监督/协同,系统自动/技术保障,P018_S08,P018.stage.08.completed,节点结果、附件、状态事件、通知与审计记录
P018,数据导入,员工端,9,S09,结果报告,查看/配合,监督/协同,配置支撑/留痕,P018_S09,P018.stage.09.completed,节点结果、附件、状态事件、通知与审计记录
P018,数据导入,员工端,10,S10,错误行下载,查看/配合,监督/协同,配置支撑/留痕,P018_S10,P018.stage.10.completed,节点结果、附件、状态事件、通知与审计记录
P018,数据导入,员工端,11,S11,审计,查看/配合,监督/协同,系统自动/技术保障,P018_S11,P018.stage.11.completed,节点结果、附件、状态事件、通知与审计记录
P019,敏感导出与文件下载,员工端,1,S01,发起导出/下载,查看/配合,监督/协同,配置支撑/留痕,P019_S01,P019.stage.01.completed,节点结果、附件、状态事件、通知与审计记录
P019,敏感导出与文件下载,员工端,2,S02,数据范围校验,查看/配合,主办/决策,配置支撑/留痕,P019_S02,P019.stage.02.completed,节点结果、附件、状态事件、通知与审计记录
P019,敏感导出与文件下载,员工端,3,S03,字段与敏感级别校验,查看/配合,主办/决策,配置支撑/留痕,P019_S03,P019.stage.03.completed,节点结果、附件、状态事件、通知与审计记录
P019,敏感导出与文件下载,员工端,4,S04,用途和审批校验,查看/配合,主办/决策,配置支撑/留痕,P019_S04,P019.stage.04.completed,节点结果、附件、状态事件、通知与审计记录
P019,敏感导出与文件下载,员工端,5,S05,异步生成,查看/配合,监督/协同,系统自动/技术保障,P019_S05,P019.stage.05.completed,节点结果、附件、状态事件、通知与审计记录
P019,敏感导出与文件下载,员工端,6,S06,水印与短时链接,查看/配合,监督/协同,系统自动/技术保障,P019_S06,P019.stage.06.completed,节点结果、附件、状态事件、通知与审计记录
P019,敏感导出与文件下载,员工端,7,S07,二次认证,查看/配合,监督/协同,系统自动/技术保障,P019_S07,P019.stage.07.completed,节点结果、附件、状态事件、通知与审计记录
P019,敏感导出与文件下载,员工端,8,S08,下载留痕,查看/配合,监督/协同,配置支撑/留痕,P019_S08,P019.stage.08.completed,节点结果、附件、状态事件、通知与审计记录
P019,敏感导出与文件下载,员工端,9,S09,到期销毁,查看/配合,监督/协同,配置支撑/留痕,P019_S09,P019.stage.09.completed,节点结果、附件、状态事件、通知与审计记录
P020,数据质量与修复,员工端,1,S01,规则扫描发现问题,查看/配合,监督/协同,配置支撑/留痕,P020_S01,P020.stage.01.completed,节点结果、附件、状态事件、通知与审计记录
P020,数据质量与修复,员工端,2,S02,生成数据修复工单,查看/配合,监督/协同,系统自动/技术保障,P020_S02,P020.stage.02.completed,节点结果、附件、状态事件、通知与审计记录
P020,数据质量与修复,员工端,3,S03,责任域确认权威来源,主办/填写,主办/决策,配置支撑/留痕,P020_S03,P020.stage.03.completed,节点结果、附件、状态事件、通知与审计记录
P020,数据质量与修复,员工端,4,S04,影响分析,查看/配合,监督/协同,配置支撑/留痕,P020_S04,P020.stage.04.completed,节点结果、附件、状态事件、通知与审计记录
P020,数据质量与修复,员工端,5,S05,修复方案审批,查看/配合,主办/决策,配置支撑/留痕,P020_S05,P020.stage.05.completed,节点结果、附件、状态事件、通知与审计记录
P020,数据质量与修复,员工端,6,S06,双人复核执行,主办/填写,主办/决策,配置支撑/留痕,P020_S06,P020.stage.06.completed,节点结果、附件、状态事件、通知与审计记录
P020,数据质量与修复,员工端,7,S07,下游补偿与重算,查看/配合,监督/协同,配置支撑/留痕,P020_S07,P020.stage.07.completed,节点结果、附件、状态事件、通知与审计记录
P020,数据质量与修复,员工端,8,S08,前后值核验,查看/配合,主办/决策,配置支撑/留痕,P020_S08,P020.stage.08.completed,节点结果、附件、状态事件、通知与审计记录
P020,数据质量与修复,员工端,9,S09,补充归档与审计,查看/配合,主办/决策,系统自动/技术保障,P020_S09,P020.stage.09.completed,节点结果、附件、状态事件、通知与审计记录
P021,经营会议闭环,员工端,1,S01,议题申报,查看/配合,监督/协同,配置支撑/留痕,P021_S01,P021.stage.01.completed,节点结果、附件、状态事件、通知与审计记录
P021,经营会议闭环,员工端,2,S02,材料校验,查看/配合,主办/决策,配置支撑/留痕,P021_S02,P021.stage.02.completed,节点结果、附件、状态事件、通知与审计记录
P021,经营会议闭环,员工端,3,S03,总裁办初审,查看/配合,主办/决策,配置支撑/留痕,P021_S03,P021.stage.03.completed,节点结果、附件、状态事件、通知与审计记录
P021,经营会议闭环,员工端,4,S04,会议发布,查看/配合,主办/决策,配置支撑/留痕,P021_S04,P021.stage.04.completed,节点结果、附件、状态事件、通知与审计记录
P021,经营会议闭环,员工端,5,S05,会议召开,查看/配合,监督/协同,配置支撑/留痕,P021_S05,P021.stage.05.completed,节点结果、附件、状态事件、通知与审计记录
P021,经营会议闭环,员工端,6,S06,主持人确认纪要,主办/填写,主办/决策,配置支撑/留痕,P021_S06,P021.stage.06.completed,节点结果、附件、状态事件、通知与审计记录
P021,经营会议闭环,员工端,7,S07,行动项自动生成,查看/配合,监督/协同,系统自动/技术保障,P021_S07,P021.stage.07.completed,节点结果、附件、状态事件、通知与审计记录
P021,经营会议闭环,员工端,8,S08,责任中心执行,主办/填写,监督/协同,配置支撑/留痕,P021_S08,P021.stage.08.completed,节点结果、附件、状态事件、通知与审计记录
P021,经营会议闭环,员工端,9,S09,总裁办验收,查看/配合,主办/决策,配置支撑/留痕,P021_S09,P021.stage.09.completed,节点结果、附件、状态事件、通知与审计记录
P021,经营会议闭环,员工端,10,S10,归档,查看/配合,主办/决策,配置支撑/留痕,P021_S10,P021.stage.10.completed,节点结果、附件、状态事件、通知与审计记录
P022,总裁指令闭环,员工端,1,S01,指令登记,主办/填写,监督/协同,配置支撑/留痕,P022_S01,P022.stage.01.completed,节点结果、附件、状态事件、通知与审计记录
P022,总裁指令闭环,员工端,2,S02,权限与密级确认,主办/填写,主办/决策,系统自动/技术保障,P022_S02,P022.stage.02.completed,节点结果、附件、状态事件、通知与审计记录
P022,总裁指令闭环,员工端,3,S03,责任中心签收,主办/填写,监督/协同,配置支撑/留痕,P022_S03,P022.stage.03.completed,节点结果、附件、状态事件、通知与审计记录
P022,总裁指令闭环,员工端,4,S04,任务分解,查看/配合,监督/协同,配置支撑/留痕,P022_S04,P022.stage.04.completed,节点结果、附件、状态事件、通知与审计记录
P022,总裁指令闭环,员工端,5,S05,执行反馈,主办/填写,监督/协同,配置支撑/留痕,P022_S05,P022.stage.05.completed,节点结果、附件、状态事件、通知与审计记录
P022,总裁指令闭环,员工端,6,S06,异常升级,查看/配合,监督/协同,配置支撑/留痕,P022_S06,P022.stage.06.completed,节点结果、附件、状态事件、通知与审计记录
P022,总裁指令闭环,员工端,7,S07,结果验收,查看/配合,主办/决策,配置支撑/留痕,P022_S07,P022.stage.07.completed,节点结果、附件、状态事件、通知与审计记录
P022,总裁指令闭环,员工端,8,S08,复盘归档,查看/配合,主办/决策,配置支撑/留痕,P022_S08,P022.stage.08.completed,节点结果、附件、状态事件、通知与审计记录
P023,重大事项升级,员工端,1,S01,风险发现,查看/配合,监督/协同,配置支撑/留痕,P023_S01,P023.stage.01.completed,节点结果、附件、状态事件、通知与审计记录
P023,重大事项升级,员工端,2,S02,分级判断,查看/配合,监督/协同,配置支撑/留痕,P023_S02,P023.stage.02.completed,节点结果、附件、状态事件、通知与审计记录
P023,重大事项升级,员工端,3,S03,先行止险,查看/配合,监督/协同,配置支撑/留痕,P023_S03,P023.stage.03.completed,节点结果、附件、状态事件、通知与审计记录
P023,重大事项升级,员工端,4,S04,通知有权人员,查看/配合,监督/协同,配置支撑/留痕,P023_S04,P023.stage.04.completed,节点结果、附件、状态事件、通知与审计记录
P023,重大事项升级,员工端,5,S05,建立专题,查看/配合,监督/协同,配置支撑/留痕,P023_S05,P023.stage.05.completed,节点结果、附件、状态事件、通知与审计记录
P023,重大事项升级,员工端,6,S06,持续报告,查看/配合,监督/协同,配置支撑/留痕,P023_S06,P023.stage.06.completed,节点结果、附件、状态事件、通知与审计记录
P023,重大事项升级,员工端,7,S07,决定执行,主办/填写,主办/决策,配置支撑/留痕,P023_S07,P023.stage.07.completed,节点结果、附件、状态事件、通知与审计记录
P023,重大事项升级,员工端,8,S08,关闭或转案件,查看/配合,主办/决策,配置支撑/留痕,P023_S08,P023.stage.08.completed,节点结果、附件、状态事件、通知与审计记录
P024,预算闭环,员工端,1,S01,预算申报,查看/配合,监督/协同,配置支撑/留痕,P024_S01,P024.stage.01.completed,节点结果、附件、状态事件、通知与审计记录
P024,预算闭环,员工端,2,S02,汇总校验,查看/配合,主办/决策,配置支撑/留痕,P024_S02,P024.stage.02.completed,节点结果、附件、状态事件、通知与审计记录
P024,预算闭环,员工端,3,S03,中心确认,主办/填写,主办/决策,配置支撑/留痕,P024_S03,P024.stage.03.completed,节点结果、附件、状态事件、通知与审计记录
P024,预算闭环,员工端,4,S04,财务复核,查看/配合,主办/决策,配置支撑/留痕,P024_S04,P024.stage.04.completed,节点结果、附件、状态事件、通知与审计记录
P024,预算闭环,员工端,5,S05,有权审批,查看/配合,主办/决策,配置支撑/留痕,P024_S05,P024.stage.05.completed,节点结果、附件、状态事件、通知与审计记录
P024,预算闭环,员工端,6,S06,预算发布,查看/配合,主办/决策,配置支撑/留痕,P024_S06,P024.stage.06.completed,节点结果、附件、状态事件、通知与审计记录
P024,预算闭环,员工端,7,S07,占用与释放,查看/配合,监督/协同,配置支撑/留痕,P024_S07,P024.stage.07.completed,节点结果、附件、状态事件、通知与审计记录
P024,预算闭环,员工端,8,S08,调整,查看/配合,监督/协同,配置支撑/留痕,P024_S08,P024.stage.08.completed,节点结果、附件、状态事件、通知与审计记录
P024,预算闭环,员工端,9,S09,执行分析,主办/填写,监督/协同,配置支撑/留痕,P024_S09,P024.stage.09.completed,节点结果、附件、状态事件、通知与审计记录
P024,预算闭环,员工端,10,S10,年度关闭,查看/配合,主办/决策,配置支撑/留痕,P024_S10,P024.stage.10.completed,节点结果、附件、状态事件、通知与审计记录
P025,报销闭环,员工端,1,S01,事前申请关联,主办/填写,监督/协同,配置支撑/留痕,P025_S01,P025.stage.01.completed,节点结果、附件、状态事件、通知与审计记录
P025,报销闭环,员工端,2,S02,报销填报,主办/填写,监督/协同,配置支撑/留痕,P025_S02,P025.stage.02.completed,节点结果、附件、状态事件、通知与审计记录
P025,报销闭环,员工端,3,S03,票据验真与防重,查看/配合,监督/协同,系统自动/技术保障,P025_S03,P025.stage.03.completed,节点结果、附件、状态事件、通知与审计记录
P025,报销闭环,员工端,4,S04,业务真实性审批,查看/配合,主办/决策,配置支撑/留痕,P025_S04,P025.stage.04.completed,节点结果、附件、状态事件、通知与审计记录
P025,报销闭环,员工端,5,S05,预算校验,查看/配合,主办/决策,配置支撑/留痕,P025_S05,P025.stage.05.completed,节点结果、附件、状态事件、通知与审计记录
P025,报销闭环,员工端,6,S06,财务复核,查看/配合,主办/决策,配置支撑/留痕,P025_S06,P025.stage.06.completed,节点结果、附件、状态事件、通知与审计记录
P025,报销闭环,员工端,7,S07,付款,查看/配合,监督/协同,配置支撑/留痕,P025_S07,P025.stage.07.completed,节点结果、附件、状态事件、通知与审计记录
P025,报销闭环,员工端,8,S08,回执,查看/配合,监督/协同,配置支撑/留痕,P025_S08,P025.stage.08.completed,节点结果、附件、状态事件、通知与审计记录
P025,报销闭环,员工端,9,S09,对账归档,查看/配合,主办/决策,配置支撑/留痕,P025_S09,P025.stage.09.completed,节点结果、附件、状态事件、通知与审计记录
P026,借款核销,员工端,1,S01,借款申请,主办/填写,监督/协同,配置支撑/留痕,P026_S01,P026.stage.01.completed,节点结果、附件、状态事件、通知与审计记录
P026,借款核销,员工端,2,S02,预算与必要性审批,查看/配合,主办/决策,配置支撑/留痕,P026_S02,P026.stage.02.completed,节点结果、附件、状态事件、通知与审计记录
P026,借款核销,员工端,3,S03,付款,查看/配合,监督/协同,配置支撑/留痕,P026_S03,P026.stage.03.completed,节点结果、附件、状态事件、通知与审计记录
P026,借款核销,员工端,4,S04,费用发生,查看/配合,监督/协同,配置支撑/留痕,P026_S04,P026.stage.04.completed,节点结果、附件、状态事件、通知与审计记录
P026,借款核销,员工端,5,S05,报销抵扣,查看/配合,监督/协同,配置支撑/留痕,P026_S05,P026.stage.05.completed,节点结果、附件、状态事件、通知与审计记录
P026,借款核销,员工端,6,S06,余额归还,主办/填写,监督/协同,配置支撑/留痕,P026_S06,P026.stage.06.completed,节点结果、附件、状态事件、通知与审计记录
P026,借款核销,员工端,7,S07,财务确认,主办/填写,主办/决策,配置支撑/留痕,P026_S07,P026.stage.07.completed,节点结果、附件、状态事件、通知与审计记录
P026,借款核销,员工端,8,S08,关闭,查看/配合,主办/决策,配置支撑/留痕,P026_S08,P026.stage.08.completed,节点结果、附件、状态事件、通知与审计记录
P027,跨系统对账,员工端,1,S01,生成对账批次,查看/配合,主办/决策,系统自动/技术保障,P027_S01,P027.stage.01.completed,节点结果、附件、状态事件、通知与审计记录
P027,跨系统对账,员工端,2,S02,拉取双方数据,查看/配合,监督/协同,配置支撑/留痕,P027_S02,P027.stage.02.completed,节点结果、附件、状态事件、通知与审计记录
P027,跨系统对账,员工端,3,S03,自动匹配,查看/配合,监督/协同,系统自动/技术保障,P027_S03,P027.stage.03.completed,节点结果、附件、状态事件、通知与审计记录
P027,跨系统对账,员工端,4,S04,差异分类,查看/配合,监督/协同,配置支撑/留痕,P027_S04,P027.stage.04.completed,节点结果、附件、状态事件、通知与审计记录
P027,跨系统对账,员工端,5,S05,责任人处理,查看/配合,主办/决策,配置支撑/留痕,P027_S05,P027.stage.05.completed,节点结果、附件、状态事件、通知与审计记录
P027,跨系统对账,员工端,6,S06,复核,查看/配合,主办/决策,配置支撑/留痕,P027_S06,P027.stage.06.completed,节点结果、附件、状态事件、通知与审计记录
P027,跨系统对账,员工端,7,S07,调整或冲销,查看/配合,监督/协同,配置支撑/留痕,P027_S07,P027.stage.07.completed,节点结果、附件、状态事件、通知与审计记录
P027,跨系统对账,员工端,8,S08,对账关闭,查看/配合,主办/决策,配置支撑/留痕,P027_S08,P027.stage.08.completed,节点结果、附件、状态事件、通知与审计记录
P028,录用入职闭环,员工端,1,S01,用人需求,查看/配合,监督/协同,配置支撑/留痕,P028_S01,P028.stage.01.completed,节点结果、附件、状态事件、通知与审计记录
P028,录用入职闭环,员工端,2,S02,编制预算审批,查看/配合,主办/决策,配置支撑/留痕,P028_S02,P028.stage.02.completed,节点结果、附件、状态事件、通知与审计记录
P028,录用入职闭环,员工端,3,S03,招聘,查看/配合,监督/协同,配置支撑/留痕,P028_S03,P028.stage.03.completed,节点结果、附件、状态事件、通知与审计记录
P028,录用入职闭环,员工端,4,S04,面试1000分评价,主办/填写,监督/协同,配置支撑/留痕,P028_S04,P028.stage.04.completed,节点结果、附件、状态事件、通知与审计记录
P028,录用入职闭环,员工端,5,S05,录用审批,查看/配合,主办/决策,配置支撑/留痕,P028_S05,P028.stage.05.completed,节点结果、附件、状态事件、通知与审计记录
P028,录用入职闭环,员工端,6,S06,候选人接受,查看/配合,监督/协同,配置支撑/留痕,P028_S06,P028.stage.06.completed,节点结果、附件、状态事件、通知与审计记录
P028,录用入职闭环,员工端,7,S07,编制锁定,查看/配合,主办/决策,配置支撑/留痕,P028_S07,P028.stage.07.completed,节点结果、附件、状态事件、通知与审计记录
P028,录用入职闭环,员工端,8,S08,员工预档,查看/配合,监督/协同,配置支撑/留痕,P028_S08,P028.stage.08.completed,节点结果、附件、状态事件、通知与审计记录
P028,录用入职闭环,员工端,9,S09,到岗确认,主办/填写,主办/决策,配置支撑/留痕,P028_S09,P028.stage.09.completed,节点结果、附件、状态事件、通知与审计记录
P028,录用入职闭环,员工端,10,S10,合同与权限任务,查看/配合,监督/协同,系统自动/技术保障,P028_S10,P028.stage.10.completed,节点结果、附件、状态事件、通知与审计记录
P028,录用入职闭环,员工端,11,S11,入职完成,查看/配合,监督/协同,配置支撑/留痕,P028_S11,P028.stage.11.completed,节点结果、附件、状态事件、通知与审计记录
P029,调岗闭环,员工端,1,S01,申请,主办/填写,监督/协同,配置支撑/留痕,P029_S01,P029.stage.01.completed,节点结果、附件、状态事件、通知与审计记录
P029,调岗闭环,员工端,2,S02,编制与资格校验,查看/配合,主办/决策,配置支撑/留痕,P029_S02,P029.stage.02.completed,节点结果、附件、状态事件、通知与审计记录
P029,调岗闭环,员工端,3,S03,薪酬合同影响分析,查看/配合,监督/协同,配置支撑/留痕,P029_S03,P029.stage.03.completed,节点结果、附件、状态事件、通知与审计记录
P029,调岗闭环,员工端,4,S04,审批,查看/配合,主办/决策,配置支撑/留痕,P029_S04,P029.stage.04.completed,节点结果、附件、状态事件、通知与审计记录
P029,调岗闭环,员工端,5,S05,交接,主办/填写,监督/协同,配置支撑/留痕,P029_S05,P029.stage.05.completed,节点结果、附件、状态事件、通知与审计记录
P029,调岗闭环,员工端,6,S06,生效,查看/配合,监督/协同,配置支撑/留痕,P029_S06,P029.stage.06.completed,节点结果、附件、状态事件、通知与审计记录
P029,调岗闭环,员工端,7,S07,权限考勤学习绩效切换,主办/填写,监督/协同,系统自动/技术保障,P029_S07,P029.stage.07.completed,节点结果、附件、状态事件、通知与审计记录
P029,调岗闭环,员工端,8,S08,补偿,查看/配合,监督/协同,配置支撑/留痕,P029_S08,P029.stage.08.completed,节点结果、附件、状态事件、通知与审计记录
P029,调岗闭环,员工端,9,S09,归档,查看/配合,主办/决策,配置支撑/留痕,P029_S09,P029.stage.09.completed,节点结果、附件、状态事件、通知与审计记录
P030,离职闭环,员工端,1,S01,申请或公司发起,主办/填写,监督/协同,配置支撑/留痕,P030_S01,P030.stage.01.completed,节点结果、附件、状态事件、通知与审计记录
P030,离职闭环,员工端,2,S02,审批,查看/配合,主办/决策,配置支撑/留痕,P030_S02,P030.stage.02.completed,节点结果、附件、状态事件、通知与审计记录
P030,离职闭环,员工端,3,S03,交接计划,主办/填写,主办/决策,配置支撑/留痕,P030_S03,P030.stage.03.completed,节点结果、附件、状态事件、通知与审计记录
P030,离职闭环,员工端,4,S04,业务与资产移交,查看/配合,监督/协同,配置支撑/留痕,P030_S04,P030.stage.04.completed,节点结果、附件、状态事件、通知与审计记录
P030,离职闭环,员工端,5,S05,权限回收,查看/配合,监督/协同,系统自动/技术保障,P030_S05,P030.stage.05.completed,节点结果、附件、状态事件、通知与审计记录
P030,离职闭环,员工端,6,S06,有效离职时点确认,主办/填写,主办/决策,配置支撑/留痕,P030_S06,P030.stage.06.completed,节点结果、附件、状态事件、通知与审计记录
P030,离职闭环,员工端,7,S07,财务结算或转独立义务,查看/配合,监督/协同,配置支撑/留痕,P030_S07,P030.stage.07.completed,节点结果、附件、状态事件、通知与审计记录
P030,离职闭环,员工端,8,S08,证明,查看/配合,监督/协同,配置支撑/留痕,P030_S08,P030.stage.08.completed,节点结果、附件、状态事件、通知与审计记录
P030,离职闭环,员工端,9,S09,归档,查看/配合,主办/决策,配置支撑/留痕,P030_S09,P030.stage.09.completed,节点结果、附件、状态事件、通知与审计记录
P031,归档接收,员工端,1,S01,业务模块生成归档包,查看/配合,主办/决策,系统自动/技术保障,P031_S01,P031.stage.01.completed,节点结果、附件、状态事件、通知与审计记录
P031,归档接收,员工端,2,S02,提交移交,查看/配合,监督/协同,配置支撑/留痕,P031_S02,P031.stage.02.completed,节点结果、附件、状态事件、通知与审计记录
P031,归档接收,员工端,3,S03,格式与完整性校验,查看/配合,主办/决策,配置支撑/留痕,P031_S03,P031.stage.03.completed,节点结果、附件、状态事件、通知与审计记录
P031,归档接收,员工端,4,S04,缺件退回,查看/配合,监督/协同,配置支撑/留痕,P031_S04,P031.stage.04.completed,节点结果、附件、状态事件、通知与审计记录
P031,归档接收,员工端,5,S05,档案编号,查看/配合,监督/协同,配置支撑/留痕,P031_S05,P031.stage.05.completed,节点结果、附件、状态事件、通知与审计记录
P031,归档接收,员工端,6,S06,实体或电子入库,查看/配合,监督/协同,配置支撑/留痕,P031_S06,P031.stage.06.completed,节点结果、附件、状态事件、通知与审计记录
P031,归档接收,员工端,7,S07,接收回执,查看/配合,监督/协同,配置支撑/留痕,P031_S07,P031.stage.07.completed,节点结果、附件、状态事件、通知与审计记录
P031,归档接收,员工端,8,S08,冻结,查看/配合,监督/协同,配置支撑/留痕,P031_S08,P031.stage.08.completed,节点结果、附件、状态事件、通知与审计记录
P032,借阅归还,员工端,1,S01,申请,主办/填写,监督/协同,配置支撑/留痕,P032_S01,P032.stage.01.completed,节点结果、附件、状态事件、通知与审计记录
P032,借阅归还,员工端,2,S02,范围与用途审批,查看/配合,主办/决策,配置支撑/留痕,P032_S02,P032.stage.02.completed,节点结果、附件、状态事件、通知与审计记录
P032,借阅归还,员工端,3,S03,档案出库或授权,查看/配合,监督/协同,配置支撑/留痕,P032_S03,P032.stage.03.completed,节点结果、附件、状态事件、通知与审计记录
P032,借阅归还,员工端,4,S04,使用留痕,主办/填写,监督/协同,配置支撑/留痕,P032_S04,P032.stage.04.completed,节点结果、附件、状态事件、通知与审计记录
P032,借阅归还,员工端,5,S05,到期提醒,查看/配合,监督/协同,配置支撑/留痕,P032_S05,P032.stage.05.completed,节点结果、附件、状态事件、通知与审计记录
P032,借阅归还,员工端,6,S06,归还验收,主办/填写,主办/决策,配置支撑/留痕,P032_S06,P032.stage.06.completed,节点结果、附件、状态事件、通知与审计记录
P032,借阅归还,员工端,7,S07,状态恢复,查看/配合,监督/协同,配置支撑/留痕,P032_S07,P032.stage.07.completed,节点结果、附件、状态事件、通知与审计记录
P032,借阅归还,员工端,8,S08,归档,查看/配合,主办/决策,配置支撑/留痕,P032_S08,P032.stage.08.completed,节点结果、附件、状态事件、通知与审计记录
P033,销毁鉴定,员工端,1,S01,到期扫描,查看/配合,监督/协同,配置支撑/留痕,P033_S01,P033.stage.01.completed,节点结果、附件、状态事件、通知与审计记录
P033,销毁鉴定,员工端,2,S02,鉴定清单,查看/配合,主办/决策,配置支撑/留痕,P033_S02,P033.stage.02.completed,节点结果、附件、状态事件、通知与审计记录
P033,销毁鉴定,员工端,3,S03,业务与法务会签,查看/配合,监督/协同,配置支撑/留痕,P033_S03,P033.stage.03.completed,节点结果、附件、状态事件、通知与审计记录
P033,销毁鉴定,员工端,4,S04,有权审批,查看/配合,主办/决策,配置支撑/留痕,P033_S04,P033.stage.04.completed,节点结果、附件、状态事件、通知与审计记录
P033,销毁鉴定,员工端,5,S05,销毁执行,主办/填写,监督/协同,配置支撑/留痕,P033_S05,P033.stage.05.completed,节点结果、附件、状态事件、通知与审计记录
P033,销毁鉴定,员工端,6,S06,双人见证,查看/配合,监督/协同,配置支撑/留痕,P033_S06,P033.stage.06.completed,节点结果、附件、状态事件、通知与审计记录
P033,销毁鉴定,员工端,7,S07,证明归档,查看/配合,主办/决策,配置支撑/留痕,P033_S07,P033.stage.07.completed,节点结果、附件、状态事件、通知与审计记录
P034,标准采购,员工端,1,S01,需求申请,主办/填写,监督/协同,配置支撑/留痕,P034_S01,P034.stage.01.completed,节点结果、附件、状态事件、通知与审计记录
P034,标准采购,员工端,2,S02,库存核查,查看/配合,监督/协同,配置支撑/留痕,P034_S02,P034.stage.02.completed,节点结果、附件、状态事件、通知与审计记录
P034,标准采购,员工端,3,S03,预算校验,查看/配合,主办/决策,配置支撑/留痕,P034_S03,P034.stage.03.completed,节点结果、附件、状态事件、通知与审计记录
P034,标准采购,员工端,4,S04,采购审批,查看/配合,主办/决策,配置支撑/留痕,P034_S04,P034.stage.04.completed,节点结果、附件、状态事件、通知与审计记录
P034,标准采购,员工端,5,S05,询比价,查看/配合,监督/协同,配置支撑/留痕,P034_S05,P034.stage.05.completed,节点结果、附件、状态事件、通知与审计记录
P034,标准采购,员工端,6,S06,定标,查看/配合,主办/决策,配置支撑/留痕,P034_S06,P034.stage.06.completed,节点结果、附件、状态事件、通知与审计记录
P034,标准采购,员工端,7,S07,订单,查看/配合,监督/协同,配置支撑/留痕,P034_S07,P034.stage.07.completed,节点结果、附件、状态事件、通知与审计记录
P034,标准采购,员工端,8,S08,到货,查看/配合,监督/协同,配置支撑/留痕,P034_S08,P034.stage.08.completed,节点结果、附件、状态事件、通知与审计记录
P034,标准采购,员工端,9,S09,专业验收,查看/配合,主办/决策,配置支撑/留痕,P034_S09,P034.stage.09.completed,节点结果、附件、状态事件、通知与审计记录
P034,标准采购,员工端,10,S10,入库,查看/配合,监督/协同,配置支撑/留痕,P034_S10,P034.stage.10.completed,节点结果、附件、状态事件、通知与审计记录
P034,标准采购,员工端,11,S11,对账,查看/配合,主办/决策,配置支撑/留痕,P034_S11,P034.stage.11.completed,节点结果、附件、状态事件、通知与审计记录
P034,标准采购,员工端,12,S12,归档,查看/配合,主办/决策,配置支撑/留痕,P034_S12,P034.stage.12.completed,节点结果、附件、状态事件、通知与审计记录
P035,紧急采购,员工端,1,S01,紧急原因登记,主办/填写,监督/协同,配置支撑/留痕,P035_S01,P035.stage.01.completed,节点结果、附件、状态事件、通知与审计记录
P035,紧急采购,员工端,2,S02,授权审批,查看/配合,主办/决策,配置支撑/留痕,P035_S02,P035.stage.02.completed,节点结果、附件、状态事件、通知与审计记录
P035,紧急采购,员工端,3,S03,限额采购,查看/配合,监督/协同,配置支撑/留痕,P035_S03,P035.stage.03.completed,节点结果、附件、状态事件、通知与审计记录
P035,紧急采购,员工端,4,S04,到货验收,查看/配合,主办/决策,配置支撑/留痕,P035_S04,P035.stage.04.completed,节点结果、附件、状态事件、通知与审计记录
P035,紧急采购,员工端,5,S05,事后补充材料,查看/配合,监督/协同,配置支撑/留痕,P035_S05,P035.stage.05.completed,节点结果、附件、状态事件、通知与审计记录
P035,紧急采购,员工端,6,S06,财务复核,查看/配合,主办/决策,配置支撑/留痕,P035_S06,P035.stage.06.completed,节点结果、附件、状态事件、通知与审计记录
P035,紧急采购,员工端,7,S07,专项审计,查看/配合,监督/协同,系统自动/技术保障,P035_S07,P035.stage.07.completed,节点结果、附件、状态事件、通知与审计记录
P036,退换货,员工端,1,S01,验收不合格,查看/配合,主办/决策,配置支撑/留痕,P036_S01,P036.stage.01.completed,节点结果、附件、状态事件、通知与审计记录
P036,退换货,员工端,2,S02,隔离,查看/配合,监督/协同,配置支撑/留痕,P036_S02,P036.stage.02.completed,节点结果、附件、状态事件、通知与审计记录
P036,退换货,员工端,3,S03,责任确认,主办/填写,主办/决策,配置支撑/留痕,P036_S03,P036.stage.03.completed,节点结果、附件、状态事件、通知与审计记录
P036,退换货,员工端,4,S04,退换货审批,查看/配合,主办/决策,配置支撑/留痕,P036_S04,P036.stage.04.completed,节点结果、附件、状态事件、通知与审计记录
P036,退换货,员工端,5,S05,供应商处理,查看/配合,主办/决策,配置支撑/留痕,P036_S05,P036.stage.05.completed,节点结果、附件、状态事件、通知与审计记录
P036,退换货,员工端,6,S06,重新验收或退款,查看/配合,主办/决策,配置支撑/留痕,P036_S06,P036.stage.06.completed,节点结果、附件、状态事件、通知与审计记录
P036,退换货,员工端,7,S07,库存财务回写,查看/配合,监督/协同,系统自动/技术保障,P036_S07,P036.stage.07.completed,节点结果、附件、状态事件、通知与审计记录
P037,售检票闭环,员工端,1,S01,创建订单,查看/配合,监督/协同,配置支撑/留痕,P037_S01,P037.stage.01.completed,节点结果、附件、状态事件、通知与审计记录
P037,售检票闭环,员工端,2,S02,价格规则校验,查看/配合,主办/决策,配置支撑/留痕,P037_S02,P037.stage.02.completed,节点结果、附件、状态事件、通知与审计记录
P037,售检票闭环,员工端,3,S03,支付,查看/配合,监督/协同,配置支撑/留痕,P037_S03,P037.stage.03.completed,节点结果、附件、状态事件、通知与审计记录
P037,售检票闭环,员工端,4,S04,出票,查看/配合,监督/协同,配置支撑/留痕,P037_S04,P037.stage.04.completed,节点结果、附件、状态事件、通知与审计记录
P037,售检票闭环,员工端,5,S05,入园核验,查看/配合,主办/决策,配置支撑/留痕,P037_S05,P037.stage.05.completed,节点结果、附件、状态事件、通知与审计记录
P037,售检票闭环,员工端,6,S06,核销,主办/填写,监督/协同,配置支撑/留痕,P037_S06,P037.stage.06.completed,节点结果、附件、状态事件、通知与审计记录
P037,售检票闭环,员工端,7,S07,异常处理,查看/配合,主办/决策,配置支撑/留痕,P037_S07,P037.stage.07.completed,节点结果、附件、状态事件、通知与审计记录
P037,售检票闭环,员工端,8,S08,日结对账,查看/配合,主办/决策,配置支撑/留痕,P037_S08,P037.stage.08.completed,节点结果、附件、状态事件、通知与审计记录
P038,退款改签,员工端,1,S01,申请,主办/填写,监督/协同,配置支撑/留痕,P038_S01,P038.stage.01.completed,节点结果、附件、状态事件、通知与审计记录
P038,退款改签,员工端,2,S02,规则校验,查看/配合,主办/决策,配置支撑/留痕,P038_S02,P038.stage.02.completed,节点结果、附件、状态事件、通知与审计记录
P038,退款改签,员工端,3,S03,审批或自动判断,查看/配合,主办/决策,系统自动/技术保障,P038_S03,P038.stage.03.completed,节点结果、附件、状态事件、通知与审计记录
P038,退款改签,员工端,4,S04,票码冻结,查看/配合,监督/协同,配置支撑/留痕,P038_S04,P038.stage.04.completed,节点结果、附件、状态事件、通知与审计记录
P038,退款改签,员工端,5,S05,退款/改签执行,主办/填写,监督/协同,配置支撑/留痕,P038_S05,P038.stage.05.completed,节点结果、附件、状态事件、通知与审计记录
P038,退款改签,员工端,6,S06,支付回执,查看/配合,监督/协同,配置支撑/留痕,P038_S06,P038.stage.06.completed,节点结果、附件、状态事件、通知与审计记录
P038,退款改签,员工端,7,S07,票务与财务冲销,查看/配合,监督/协同,配置支撑/留痕,P038_S07,P038.stage.07.completed,节点结果、附件、状态事件、通知与审计记录
P039,离线检票,员工端,1,S01,设备离线,查看/配合,监督/协同,系统自动/技术保障,P039_S01,P039.stage.01.completed,节点结果、附件、状态事件、通知与审计记录
P039,离线检票,员工端,2,S02,本地白名单核验,查看/配合,主办/决策,配置支撑/留痕,P039_S02,P039.stage.02.completed,节点结果、附件、状态事件、通知与审计记录
P039,离线检票,员工端,3,S03,离线记录,查看/配合,监督/协同,系统自动/技术保障,P039_S03,P039.stage.03.completed,节点结果、附件、状态事件、通知与审计记录
P039,离线检票,员工端,4,S04,网络恢复,查看/配合,监督/协同,系统自动/技术保障,P039_S04,P039.stage.04.completed,节点结果、附件、状态事件、通知与审计记录
P039,离线检票,员工端,5,S05,批量回传,查看/配合,监督/协同,配置支撑/留痕,P039_S05,P039.stage.05.completed,节点结果、附件、状态事件、通知与审计记录
P039,离线检票,员工端,6,S06,防重合并,查看/配合,监督/协同,系统自动/技术保障,P039_S06,P039.stage.06.completed,节点结果、附件、状态事件、通知与审计记录
P039,离线检票,员工端,7,S07,差异处理,查看/配合,主办/决策,配置支撑/留痕,P039_S07,P039.stage.07.completed,节点结果、附件、状态事件、通知与审计记录
P040,商机推进,员工端,1,S01,线索录入,查看/配合,监督/协同,配置支撑/留痕,P040_S01,P040.stage.01.completed,节点结果、附件、状态事件、通知与审计记录
P040,商机推进,员工端,2,S02,查重与归属,查看/配合,监督/协同,配置支撑/留痕,P040_S02,P040.stage.02.completed,节点结果、附件、状态事件、通知与审计记录
P040,商机推进,员工端,3,S03,初步评估,查看/配合,监督/协同,配置支撑/留痕,P040_S03,P040.stage.03.completed,节点结果、附件、状态事件、通知与审计记录
P040,商机推进,员工端,4,S04,客户沟通,主办/填写,监督/协同,配置支撑/留痕,P040_S04,P040.stage.04.completed,节点结果、附件、状态事件、通知与审计记录
P040,商机推进,员工端,5,S05,方案与报价,查看/配合,监督/协同,配置支撑/留痕,P040_S05,P040.stage.05.completed,节点结果、附件、状态事件、通知与审计记录
P040,商机推进,员工端,6,S06,商务审批,查看/配合,主办/决策,配置支撑/留痕,P040_S06,P040.stage.06.completed,节点结果、附件、状态事件、通知与审计记录
P040,商机推进,员工端,7,S07,合同协同,查看/配合,监督/协同,配置支撑/留痕,P040_S07,P040.stage.07.completed,节点结果、附件、状态事件、通知与审计记录
P040,商机推进,员工端,8,S08,交付移交,查看/配合,监督/协同,配置支撑/留痕,P040_S08,P040.stage.08.completed,节点结果、附件、状态事件、通知与审计记录
P040,商机推进,员工端,9,S09,回款跟踪,查看/配合,监督/协同,配置支撑/留痕,P040_S09,P040.stage.09.completed,节点结果、附件、状态事件、通知与审计记录
P040,商机推进,员工端,10,S10,复盘,查看/配合,主办/决策,配置支撑/留痕,P040_S10,P040.stage.10.completed,节点结果、附件、状态事件、通知与审计记录
P041,市场活动,员工端,1,S01,活动立项,查看/配合,监督/协同,配置支撑/留痕,P041_S01,P041.stage.01.completed,节点结果、附件、状态事件、通知与审计记录
P041,市场活动,员工端,2,S02,目标与预算,查看/配合,监督/协同,配置支撑/留痕,P041_S02,P041.stage.02.completed,节点结果、附件、状态事件、通知与审计记录
P041,市场活动,员工端,3,S03,企划协同,查看/配合,监督/协同,配置支撑/留痕,P041_S03,P041.stage.03.completed,节点结果、附件、状态事件、通知与审计记录
P041,市场活动,员工端,4,S04,新媒体发布,查看/配合,主办/决策,配置支撑/留痕,P041_S04,P041.stage.04.completed,节点结果、附件、状态事件、通知与审计记录
P041,市场活动,员工端,5,S05,行政资源,查看/配合,主办/决策,配置支撑/留痕,P041_S05,P041.stage.05.completed,节点结果、附件、状态事件、通知与审计记录
P041,市场活动,员工端,6,S06,现场执行,主办/填写,监督/协同,配置支撑/留痕,P041_S06,P041.stage.06.completed,节点结果、附件、状态事件、通知与审计记录
P041,市场活动,员工端,7,S07,线索回收,查看/配合,监督/协同,配置支撑/留痕,P041_S07,P041.stage.07.completed,节点结果、附件、状态事件、通知与审计记录
P041,市场活动,员工端,8,S08,费用对账,查看/配合,主办/决策,配置支撑/留痕,P041_S08,P041.stage.08.completed,节点结果、附件、状态事件、通知与审计记录
P041,市场活动,员工端,9,S09,效果复盘,查看/配合,主办/决策,配置支撑/留痕,P041_S09,P041.stage.09.completed,节点结果、附件、状态事件、通知与审计记录
P042,渠道准入,员工端,1,S01,渠道申请,主办/填写,监督/协同,配置支撑/留痕,P042_S01,P042.stage.01.completed,节点结果、附件、状态事件、通知与审计记录
P042,渠道准入,员工端,2,S02,资质核验,查看/配合,主办/决策,配置支撑/留痕,P042_S02,P042.stage.02.completed,节点结果、附件、状态事件、通知与审计记录
P042,渠道准入,员工端,3,S03,风险评估,查看/配合,监督/协同,配置支撑/留痕,P042_S03,P042.stage.03.completed,节点结果、附件、状态事件、通知与审计记录
P042,渠道准入,员工端,4,S04,合作审批,查看/配合,主办/决策,配置支撑/留痕,P042_S04,P042.stage.04.completed,节点结果、附件、状态事件、通知与审计记录
P042,渠道准入,员工端,5,S05,合同签署,查看/配合,监督/协同,配置支撑/留痕,P042_S05,P042.stage.05.completed,节点结果、附件、状态事件、通知与审计记录
P042,渠道准入,员工端,6,S06,账号与价格权限,查看/配合,监督/协同,系统自动/技术保障,P042_S06,P042.stage.06.completed,节点结果、附件、状态事件、通知与审计记录
P042,渠道准入,员工端,7,S07,观察期,查看/配合,监督/协同,配置支撑/留痕,P042_S07,P042.stage.07.completed,节点结果、附件、状态事件、通知与审计记录
P042,渠道准入,员工端,8,S08,正式评级,查看/配合,监督/协同,配置支撑/留痕,P042_S08,P042.stage.08.completed,节点结果、附件、状态事件、通知与审计记录
P043,课程产品上线,员工端,1,S01,需求调研,查看/配合,监督/协同,配置支撑/留痕,P043_S01,P043.stage.01.completed,节点结果、附件、状态事件、通知与审计记录
P043,课程产品上线,员工端,2,S02,课程设计,查看/配合,监督/协同,配置支撑/留痕,P043_S02,P043.stage.02.completed,节点结果、附件、状态事件、通知与审计记录
P043,课程产品上线,员工端,3,S03,内容与安全评审,查看/配合,主办/决策,配置支撑/留痕,P043_S03,P043.stage.03.completed,节点结果、附件、状态事件、通知与审计记录
P043,课程产品上线,员工端,4,S04,成本定价,查看/配合,监督/协同,配置支撑/留痕,P043_S04,P043.stage.04.completed,节点结果、附件、状态事件、通知与审计记录
P043,课程产品上线,员工端,5,S05,试讲,查看/配合,监督/协同,配置支撑/留痕,P043_S05,P043.stage.05.completed,节点结果、附件、状态事件、通知与审计记录
P043,课程产品上线,员工端,6,S06,版本批准,查看/配合,主办/决策,配置支撑/留痕,P043_S06,P043.stage.06.completed,节点结果、附件、状态事件、通知与审计记录
P043,课程产品上线,员工端,7,S07,发布,查看/配合,主办/决策,配置支撑/留痕,P043_S07,P043.stage.07.completed,节点结果、附件、状态事件、通知与审计记录
P043,课程产品上线,员工端,8,S08,复审,查看/配合,监督/协同,配置支撑/留痕,P043_S08,P043.stage.08.completed,节点结果、附件、状态事件、通知与审计记录
P044,研学团队交付,员工端,1,S01,订单确认,主办/填写,主办/决策,配置支撑/留痕,P044_S01,P044.stage.01.completed,节点结果、附件、状态事件、通知与审计记录
P044,研学团队交付,员工端,2,S02,团队与需求核验,查看/配合,主办/决策,配置支撑/留痕,P044_S02,P044.stage.02.completed,节点结果、附件、状态事件、通知与审计记录
P044,研学团队交付,员工端,3,S03,排课,查看/配合,监督/协同,配置支撑/留痕,P044_S03,P044.stage.03.completed,节点结果、附件、状态事件、通知与审计记录
P044,研学团队交付,员工端,4,S04,资源子单,查看/配合,主办/决策,配置支撑/留痕,P044_S04,P044.stage.04.completed,节点结果、附件、状态事件、通知与审计记录
P044,研学团队交付,员工端,5,S05,行前确认,主办/填写,主办/决策,配置支撑/留痕,P044_S05,P044.stage.05.completed,节点结果、附件、状态事件、通知与审计记录
P044,研学团队交付,员工端,6,S06,签到,查看/配合,监督/协同,配置支撑/留痕,P044_S06,P044.stage.06.completed,节点结果、附件、状态事件、通知与审计记录
P044,研学团队交付,员工端,7,S07,教学与实操,查看/配合,监督/协同,配置支撑/留痕,P044_S07,P044.stage.07.completed,节点结果、附件、状态事件、通知与审计记录
P044,研学团队交付,员工端,8,S08,异常处理,查看/配合,主办/决策,配置支撑/留痕,P044_S08,P044.stage.08.completed,节点结果、附件、状态事件、通知与审计记录
P044,研学团队交付,员工端,9,S09,评价,主办/填写,监督/协同,配置支撑/留痕,P044_S09,P044.stage.09.completed,节点结果、附件、状态事件、通知与审计记录
P044,研学团队交付,员工端,10,S10,结算归档,查看/配合,主办/决策,配置支撑/留痕,P044_S10,P044.stage.10.completed,节点结果、附件、状态事件、通知与审计记录
P045,讲师排课,员工端,1,S01,课程需求,查看/配合,监督/协同,配置支撑/留痕,P045_S01,P045.stage.01.completed,节点结果、附件、状态事件、通知与审计记录
P045,讲师排课,员工端,2,S02,资格校验,查看/配合,主办/决策,配置支撑/留痕,P045_S02,P045.stage.02.completed,节点结果、附件、状态事件、通知与审计记录
P045,讲师排课,员工端,3,S03,可用时间,查看/配合,监督/协同,配置支撑/留痕,P045_S03,P045.stage.03.completed,节点结果、附件、状态事件、通知与审计记录
P045,讲师排课,员工端,4,S04,排课锁定,查看/配合,主办/决策,配置支撑/留痕,P045_S04,P045.stage.04.completed,节点结果、附件、状态事件、通知与审计记录
P045,讲师排课,员工端,5,S05,讲师确认,主办/填写,主办/决策,配置支撑/留痕,P045_S05,P045.stage.05.completed,节点结果、附件、状态事件、通知与审计记录
P045,讲师排课,员工端,6,S06,替补预案,查看/配合,监督/协同,配置支撑/留痕,P045_S06,P045.stage.06.completed,节点结果、附件、状态事件、通知与审计记录
P045,讲师排课,员工端,7,S07,授课记录,查看/配合,监督/协同,配置支撑/留痕,P045_S07,P045.stage.07.completed,节点结果、附件、状态事件、通知与审计记录
P045,讲师排课,员工端,8,S08,评价回写,主办/填写,监督/协同,系统自动/技术保障,P045_S08,P045.stage.08.completed,节点结果、附件、状态事件、通知与审计记录
P046,通知执行,员工端,1,S01,起草,查看/配合,监督/协同,配置支撑/留痕,P046_S01,P046.stage.01.completed,节点结果、附件、状态事件、通知与审计记录
P046,通知执行,员工端,2,S02,审核,查看/配合,主办/决策,配置支撑/留痕,P046_S02,P046.stage.02.completed,节点结果、附件、状态事件、通知与审计记录
P046,通知执行,员工端,3,S03,发布,查看/配合,主办/决策,配置支撑/留痕,P046_S03,P046.stage.03.completed,节点结果、附件、状态事件、通知与审计记录
P046,通知执行,员工端,4,S04,送达,查看/配合,监督/协同,配置支撑/留痕,P046_S04,P046.stage.04.completed,节点结果、附件、状态事件、通知与审计记录
P046,通知执行,员工端,5,S05,阅读/确认,主办/填写,主办/决策,配置支撑/留痕,P046_S05,P046.stage.05.completed,节点结果、附件、状态事件、通知与审计记录
P046,通知执行,员工端,6,S06,执行反馈,主办/填写,监督/协同,配置支撑/留痕,P046_S06,P046.stage.06.completed,节点结果、附件、状态事件、通知与审计记录
P046,通知执行,员工端,7,S07,责任人验收,查看/配合,主办/决策,配置支撑/留痕,P046_S07,P046.stage.07.completed,节点结果、附件、状态事件、通知与审计记录
P046,通知执行,员工端,8,S08,归档,查看/配合,主办/决策,配置支撑/留痕,P046_S08,P046.stage.08.completed,节点结果、附件、状态事件、通知与审计记录
P047,正式公文,员工端,1,S01,起草,查看/配合,监督/协同,配置支撑/留痕,P047_S01,P047.stage.01.completed,节点结果、附件、状态事件、通知与审计记录
P047,正式公文,员工端,2,S02,专业审核,查看/配合,主办/决策,配置支撑/留痕,P047_S02,P047.stage.02.completed,节点结果、附件、状态事件、通知与审计记录
P047,正式公文,员工端,3,S03,会签,查看/配合,监督/协同,配置支撑/留痕,P047_S03,P047.stage.03.completed,节点结果、附件、状态事件、通知与审计记录
P047,正式公文,员工端,4,S04,签发,查看/配合,主办/决策,配置支撑/留痕,P047_S04,P047.stage.04.completed,节点结果、附件、状态事件、通知与审计记录
P047,正式公文,员工端,5,S05,编号,查看/配合,监督/协同,配置支撑/留痕,P047_S05,P047.stage.05.completed,节点结果、附件、状态事件、通知与审计记录
P047,正式公文,员工端,6,S06,盖章,查看/配合,监督/协同,配置支撑/留痕,P047_S06,P047.stage.06.completed,节点结果、附件、状态事件、通知与审计记录
P047,正式公文,员工端,7,S07,分发,查看/配合,监督/协同,配置支撑/留痕,P047_S07,P047.stage.07.completed,节点结果、附件、状态事件、通知与审计记录
P047,正式公文,员工端,8,S08,回执,查看/配合,监督/协同,配置支撑/留痕,P047_S08,P047.stage.08.completed,节点结果、附件、状态事件、通知与审计记录
P047,正式公文,员工端,9,S09,移交档案,查看/配合,监督/协同,配置支撑/留痕,P047_S09,P047.stage.09.completed,节点结果、附件、状态事件、通知与审计记录
P048,会议行动,员工端,1,S01,议题征集,查看/配合,监督/协同,配置支撑/留痕,P048_S01,P048.stage.01.completed,节点结果、附件、状态事件、通知与审计记录
P048,会议行动,员工端,2,S02,材料检查,查看/配合,监督/协同,配置支撑/留痕,P048_S02,P048.stage.02.completed,节点结果、附件、状态事件、通知与审计记录
P048,会议行动,员工端,3,S03,会议发布,查看/配合,主办/决策,配置支撑/留痕,P048_S03,P048.stage.03.completed,节点结果、附件、状态事件、通知与审计记录
P048,会议行动,员工端,4,S04,签到,查看/配合,监督/协同,配置支撑/留痕,P048_S04,P048.stage.04.completed,节点结果、附件、状态事件、通知与审计记录
P048,会议行动,员工端,5,S05,召开,查看/配合,监督/协同,配置支撑/留痕,P048_S05,P048.stage.05.completed,节点结果、附件、状态事件、通知与审计记录
P048,会议行动,员工端,6,S06,纪要确认,主办/填写,主办/决策,配置支撑/留痕,P048_S06,P048.stage.06.completed,节点结果、附件、状态事件、通知与审计记录
P048,会议行动,员工端,7,S07,行动项,查看/配合,监督/协同,配置支撑/留痕,P048_S07,P048.stage.07.completed,节点结果、附件、状态事件、通知与审计记录
P048,会议行动,员工端,8,S08,执行,主办/填写,监督/协同,配置支撑/留痕,P048_S08,P048.stage.08.completed,节点结果、附件、状态事件、通知与审计记录
P048,会议行动,员工端,9,S09,验收,查看/配合,主办/决策,配置支撑/留痕,P048_S09,P048.stage.09.completed,节点结果、附件、状态事件、通知与审计记录
P048,会议行动,员工端,10,S10,归档,查看/配合,主办/决策,配置支撑/留痕,P048_S10,P048.stage.10.completed,节点结果、附件、状态事件、通知与审计记录
P049,大型活动,员工端,1,S01,立项,查看/配合,监督/协同,配置支撑/留痕,P049_S01,P049.stage.01.completed,节点结果、附件、状态事件、通知与审计记录
P049,大型活动,员工端,2,S02,项目组织,查看/配合,监督/协同,配置支撑/留痕,P049_S02,P049.stage.02.completed,节点结果、附件、状态事件、通知与审计记录
P049,大型活动,员工端,3,S03,唯一任务清单,查看/配合,监督/协同,配置支撑/留痕,P049_S03,P049.stage.03.completed,节点结果、附件、状态事件、通知与审计记录
P049,大型活动,员工端,4,S04,资源子单,查看/配合,主办/决策,配置支撑/留痕,P049_S04,P049.stage.04.completed,节点结果、附件、状态事件、通知与审计记录
P049,大型活动,员工端,5,S05,变更控制,查看/配合,监督/协同,配置支撑/留痕,P049_S05,P049.stage.05.completed,节点结果、附件、状态事件、通知与审计记录
P049,大型活动,员工端,6,S06,现场执行,主办/填写,监督/协同,配置支撑/留痕,P049_S06,P049.stage.06.completed,节点结果、附件、状态事件、通知与审计记录
P049,大型活动,员工端,7,S07,撤场清点,查看/配合,监督/协同,配置支撑/留痕,P049_S07,P049.stage.07.completed,节点结果、附件、状态事件、通知与审计记录
P049,大型活动,员工端,8,S08,复盘整改,查看/配合,主办/决策,配置支撑/留痕,P049_S08,P049.stage.08.completed,节点结果、附件、状态事件、通知与审计记录
P050,入库,员工端,1,S01,到货,查看/配合,监督/协同,配置支撑/留痕,P050_S01,P050.stage.01.completed,节点结果、附件、状态事件、通知与审计记录
P050,入库,员工端,2,S02,数量外观初验,查看/配合,监督/协同,配置支撑/留痕,P050_S02,P050.stage.02.completed,节点结果、附件、状态事件、通知与审计记录
P050,入库,员工端,3,S03,专业验收,查看/配合,主办/决策,配置支撑/留痕,P050_S03,P050.stage.03.completed,节点结果、附件、状态事件、通知与审计记录
P050,入库,员工端,4,S04,不合格隔离,查看/配合,监督/协同,配置支撑/留痕,P050_S04,P050.stage.04.completed,节点结果、附件、状态事件、通知与审计记录
P050,入库,员工端,5,S05,批次或资产编码,查看/配合,监督/协同,配置支撑/留痕,P050_S05,P050.stage.05.completed,节点结果、附件、状态事件、通知与审计记录
P050,入库,员工端,6,S06,上架,查看/配合,监督/协同,配置支撑/留痕,P050_S06,P050.stage.06.completed,节点结果、附件、状态事件、通知与审计记录
P050,入库,员工端,7,S07,库存流水,查看/配合,监督/协同,配置支撑/留痕,P050_S07,P050.stage.07.completed,节点结果、附件、状态事件、通知与审计记录
P050,入库,员工端,8,S08,归档,查看/配合,主办/决策,配置支撑/留痕,P050_S08,P050.stage.08.completed,节点结果、附件、状态事件、通知与审计记录
P051,领借调还,员工端,1,S01,申请,主办/填写,监督/协同,配置支撑/留痕,P051_S01,P051.stage.01.completed,节点结果、附件、状态事件、通知与审计记录
P051,领借调还,员工端,2,S02,审批,查看/配合,主办/决策,配置支撑/留痕,P051_S02,P051.stage.02.completed,节点结果、附件、状态事件、通知与审计记录
P051,领借调还,员工端,3,S03,可用性锁定,查看/配合,主办/决策,配置支撑/留痕,P051_S03,P051.stage.03.completed,节点结果、附件、状态事件、通知与审计记录
P051,领借调还,员工端,4,S04,出库/交付,查看/配合,监督/协同,配置支撑/留痕,P051_S04,P051.stage.04.completed,节点结果、附件、状态事件、通知与审计记录
P051,领借调还,员工端,5,S05,责任签收,主办/填写,监督/协同,配置支撑/留痕,P051_S05,P051.stage.05.completed,节点结果、附件、状态事件、通知与审计记录
P051,领借调还,员工端,6,S06,使用,主办/填写,监督/协同,配置支撑/留痕,P051_S06,P051.stage.06.completed,节点结果、附件、状态事件、通知与审计记录
P051,领借调还,员工端,7,S07,归还或调拨,主办/填写,监督/协同,配置支撑/留痕,P051_S07,P051.stage.07.completed,节点结果、附件、状态事件、通知与审计记录
P051,领借调还,员工端,8,S08,状态验收,查看/配合,主办/决策,配置支撑/留痕,P051_S08,P051.stage.08.completed,节点结果、附件、状态事件、通知与审计记录
P052,盘点,员工端,1,S01,计划,查看/配合,主办/决策,配置支撑/留痕,P052_S01,P052.stage.01.completed,节点结果、附件、状态事件、通知与审计记录
P052,盘点,员工端,2,S02,冻结范围,查看/配合,监督/协同,配置支撑/留痕,P052_S02,P052.stage.02.completed,节点结果、附件、状态事件、通知与审计记录
P052,盘点,员工端,3,S03,实盘,查看/配合,监督/协同,配置支撑/留痕,P052_S03,P052.stage.03.completed,节点结果、附件、状态事件、通知与审计记录
P052,盘点,员工端,4,S04,差异,查看/配合,监督/协同,配置支撑/留痕,P052_S04,P052.stage.04.completed,节点结果、附件、状态事件、通知与审计记录
P052,盘点,员工端,5,S05,原因调查,查看/配合,主办/决策,配置支撑/留痕,P052_S05,P052.stage.05.completed,节点结果、附件、状态事件、通知与审计记录
P052,盘点,员工端,6,S06,审批,查看/配合,主办/决策,配置支撑/留痕,P052_S06,P052.stage.06.completed,节点结果、附件、状态事件、通知与审计记录
P052,盘点,员工端,7,S07,调整流水,查看/配合,监督/协同,配置支撑/留痕,P052_S07,P052.stage.07.completed,节点结果、附件、状态事件、通知与审计记录
P052,盘点,员工端,8,S08,整改,查看/配合,监督/协同,配置支撑/留痕,P052_S08,P052.stage.08.completed,节点结果、附件、状态事件、通知与审计记录
P052,盘点,员工端,9,S09,解冻,查看/配合,监督/协同,配置支撑/留痕,P052_S09,P052.stage.09.completed,节点结果、附件、状态事件、通知与审计记录
P053,报废处置,员工端,1,S01,申请,主办/填写,监督/协同,配置支撑/留痕,P053_S01,P053.stage.01.completed,节点结果、附件、状态事件、通知与审计记录
P053,报废处置,员工端,2,S02,专业鉴定,查看/配合,主办/决策,配置支撑/留痕,P053_S02,P053.stage.02.completed,节点结果、附件、状态事件、通知与审计记录
P053,报废处置,员工端,3,S03,价值与数据风险评估,查看/配合,监督/协同,配置支撑/留痕,P053_S03,P053.stage.03.completed,节点结果、附件、状态事件、通知与审计记录
P053,报废处置,员工端,4,S04,审批,查看/配合,主办/决策,配置支撑/留痕,P053_S04,P053.stage.04.completed,节点结果、附件、状态事件、通知与审计记录
P053,报废处置,员工端,5,S05,数据清除,查看/配合,监督/协同,配置支撑/留痕,P053_S05,P053.stage.05.completed,节点结果、附件、状态事件、通知与审计记录
P053,报废处置,员工端,6,S06,实物处置,查看/配合,监督/协同,配置支撑/留痕,P053_S06,P053.stage.06.completed,节点结果、附件、状态事件、通知与审计记录
P053,报废处置,员工端,7,S07,财务台账更新,查看/配合,监督/协同,配置支撑/留痕,P053_S07,P053.stage.07.completed,节点结果、附件、状态事件、通知与审计记录
P053,报废处置,员工端,8,S08,归档,查看/配合,主办/决策,配置支撑/留痕,P053_S08,P053.stage.08.completed,节点结果、附件、状态事件、通知与审计记录
P054,派车,员工端,1,S01,用车申请,主办/填写,监督/协同,配置支撑/留痕,P054_S01,P054.stage.01.completed,节点结果、附件、状态事件、通知与审计记录
P054,派车,员工端,2,S02,审批,查看/配合,主办/决策,配置支撑/留痕,P054_S02,P054.stage.02.completed,节点结果、附件、状态事件、通知与审计记录
P054,派车,员工端,3,S03,车辆与驾驶员匹配,查看/配合,监督/协同,配置支撑/留痕,P054_S03,P054.stage.03.completed,节点结果、附件、状态事件、通知与审计记录
P054,派车,员工端,4,S04,资源锁定,查看/配合,主办/决策,配置支撑/留痕,P054_S04,P054.stage.04.completed,节点结果、附件、状态事件、通知与审计记录
P054,派车,员工端,5,S05,出车前检查,主办/填写,监督/协同,配置支撑/留痕,P054_S05,P054.stage.05.completed,节点结果、附件、状态事件、通知与审计记录
P054,派车,员工端,6,S06,行程,查看/配合,监督/协同,配置支撑/留痕,P054_S06,P054.stage.06.completed,节点结果、附件、状态事件、通知与审计记录
P054,派车,员工端,7,S07,归还,主办/填写,监督/协同,配置支撑/留痕,P054_S07,P054.stage.07.completed,节点结果、附件、状态事件、通知与审计记录
P054,派车,员工端,8,S08,费用与异常,查看/配合,监督/协同,配置支撑/留痕,P054_S08,P054.stage.08.completed,节点结果、附件、状态事件、通知与审计记录
P054,派车,员工端,9,S09,释放,查看/配合,监督/协同,配置支撑/留痕,P054_S09,P054.stage.09.completed,节点结果、附件、状态事件、通知与审计记录
P055,车辆事故,员工端,1,S01,人员保护,查看/配合,监督/协同,配置支撑/留痕,P055_S01,P055.stage.01.completed,节点结果、附件、状态事件、通知与审计记录
P055,车辆事故,员工端,2,S02,现场警示,查看/配合,监督/协同,配置支撑/留痕,P055_S02,P055.stage.02.completed,节点结果、附件、状态事件、通知与审计记录
P055,车辆事故,员工端,3,S03,报警救援,查看/配合,监督/协同,配置支撑/留痕,P055_S03,P055.stage.03.completed,节点结果、附件、状态事件、通知与审计记录
P055,车辆事故,员工端,4,S04,调度报告,查看/配合,监督/协同,配置支撑/留痕,P055_S04,P055.stage.04.completed,节点结果、附件、状态事件、通知与审计记录
P055,车辆事故,员工端,5,S05,证据保全,查看/配合,监督/协同,配置支撑/留痕,P055_S05,P055.stage.05.completed,节点结果、附件、状态事件、通知与审计记录
P055,车辆事故,员工端,6,S06,替代保障,查看/配合,监督/协同,配置支撑/留痕,P055_S06,P055.stage.06.completed,节点结果、附件、状态事件、通知与审计记录
P055,车辆事故,员工端,7,S07,保险维修,查看/配合,监督/协同,配置支撑/留痕,P055_S07,P055.stage.07.completed,节点结果、附件、状态事件、通知与审计记录
P055,车辆事故,员工端,8,S08,案件调查,查看/配合,主办/决策,配置支撑/留痕,P055_S08,P055.stage.08.completed,节点结果、附件、状态事件、通知与审计记录
P055,车辆事故,员工端,9,S09,复车验收,查看/配合,主办/决策,配置支撑/留痕,P055_S09,P055.stage.09.completed,节点结果、附件、状态事件、通知与审计记录
P056,宿舍入住退宿,员工端,1,S01,申请/入职触发,主办/填写,监督/协同,配置支撑/留痕,P056_S01,P056.stage.01.completed,节点结果、附件、状态事件、通知与审计记录
P056,宿舍入住退宿,员工端,2,S02,资格房态校验,查看/配合,主办/决策,配置支撑/留痕,P056_S02,P056.stage.02.completed,节点结果、附件、状态事件、通知与审计记录
P056,宿舍入住退宿,员工端,3,S03,床位锁定,查看/配合,主办/决策,配置支撑/留痕,P056_S03,P056.stage.03.completed,节点结果、附件、状态事件、通知与审计记录
P056,宿舍入住退宿,员工端,4,S04,签收入住,主办/填写,监督/协同,配置支撑/留痕,P056_S04,P056.stage.04.completed,节点结果、附件、状态事件、通知与审计记录
P056,宿舍入住退宿,员工端,5,S05,巡检报修,查看/配合,监督/协同,配置支撑/留痕,P056_S05,P056.stage.05.completed,节点结果、附件、状态事件、通知与审计记录
P056,宿舍入住退宿,员工端,6,S06,退宿检查,查看/配合,监督/协同,配置支撑/留痕,P056_S06,P056.stage.06.completed,节点结果、附件、状态事件、通知与审计记录
P056,宿舍入住退宿,员工端,7,S07,钥匙门禁回收,查看/配合,监督/协同,配置支撑/留痕,P056_S07,P056.stage.07.completed,节点结果、附件、状态事件、通知与审计记录
P056,宿舍入住退宿,员工端,8,S08,释放床位,查看/配合,监督/协同,配置支撑/留痕,P056_S08,P056.stage.08.completed,节点结果、附件、状态事件、通知与审计记录
P057,报修,员工端,1,S01,报修,查看/配合,监督/协同,配置支撑/留痕,P057_S01,P057.stage.01.completed,节点结果、附件、状态事件、通知与审计记录
P057,报修,员工端,2,S02,风险分级,查看/配合,监督/协同,配置支撑/留痕,P057_S02,P057.stage.02.completed,节点结果、附件、状态事件、通知与审计记录
P057,报修,员工端,3,S03,派工,查看/配合,主办/决策,配置支撑/留痕,P057_S03,P057.stage.03.completed,节点结果、附件、状态事件、通知与审计记录
P057,报修,员工端,4,S04,到场诊断,查看/配合,监督/协同,配置支撑/留痕,P057_S04,P057.stage.04.completed,节点结果、附件、状态事件、通知与审计记录
P057,报修,员工端,5,S05,维修或转专业单位,查看/配合,监督/协同,配置支撑/留痕,P057_S05,P057.stage.05.completed,节点结果、附件、状态事件、通知与审计记录
P057,报修,员工端,6,S06,申请人确认,主办/填写,主办/决策,配置支撑/留痕,P057_S06,P057.stage.06.completed,节点结果、附件、状态事件、通知与审计记录
P057,报修,员工端,7,S07,验收,查看/配合,主办/决策,配置支撑/留痕,P057_S07,P057.stage.07.completed,节点结果、附件、状态事件、通知与审计记录
P057,报修,员工端,8,S08,关闭,查看/配合,主办/决策,配置支撑/留痕,P057_S08,P057.stage.08.completed,节点结果、附件、状态事件、通知与审计记录
P058,团餐交付,员工端,1,S01,申请,主办/填写,监督/协同,配置支撑/留痕,P058_S01,P058.stage.01.completed,节点结果、附件、状态事件、通知与审计记录
P058,团餐交付,员工端,2,S02,人数餐标过敏校验,查看/配合,主办/决策,配置支撑/留痕,P058_S02,P058.stage.02.completed,节点结果、附件、状态事件、通知与审计记录
P058,团餐交付,员工端,3,S03,审批,查看/配合,主办/决策,配置支撑/留痕,P058_S03,P058.stage.03.completed,节点结果、附件、状态事件、通知与审计记录
P058,团餐交付,员工端,4,S04,菜单与采购,查看/配合,监督/协同,配置支撑/留痕,P058_S04,P058.stage.04.completed,节点结果、附件、状态事件、通知与审计记录
P058,团餐交付,员工端,5,S05,备餐,查看/配合,监督/协同,配置支撑/留痕,P058_S05,P058.stage.05.completed,节点结果、附件、状态事件、通知与审计记录
P058,团餐交付,员工端,6,S06,食材领用,查看/配合,监督/协同,配置支撑/留痕,P058_S06,P058.stage.06.completed,节点结果、附件、状态事件、通知与审计记录
P058,团餐交付,员工端,7,S07,制作与留样,查看/配合,监督/协同,配置支撑/留痕,P058_S07,P058.stage.07.completed,节点结果、附件、状态事件、通知与审计记录
P058,团餐交付,员工端,8,S08,出餐签收,主办/填写,监督/协同,配置支撑/留痕,P058_S08,P058.stage.08.completed,节点结果、附件、状态事件、通知与审计记录
P058,团餐交付,员工端,9,S09,结算,查看/配合,监督/协同,配置支撑/留痕,P058_S09,P058.stage.09.completed,节点结果、附件、状态事件、通知与审计记录
P058,团餐交付,员工端,10,S10,回访,查看/配合,监督/协同,配置支撑/留痕,P058_S10,P058.stage.10.completed,节点结果、附件、状态事件、通知与审计记录
P059,食材验收,员工端,1,S01,到货,查看/配合,监督/协同,配置支撑/留痕,P059_S01,P059.stage.01.completed,节点结果、附件、状态事件、通知与审计记录
P059,食材验收,员工端,2,S02,来源票证,查看/配合,监督/协同,配置支撑/留痕,P059_S02,P059.stage.02.completed,节点结果、附件、状态事件、通知与审计记录
P059,食材验收,员工端,3,S03,温度感官数量,查看/配合,监督/协同,配置支撑/留痕,P059_S03,P059.stage.03.completed,节点结果、附件、状态事件、通知与审计记录
P059,食材验收,员工端,4,S04,合格入库/不合格隔离,查看/配合,监督/协同,配置支撑/留痕,P059_S04,P059.stage.04.completed,节点结果、附件、状态事件、通知与审计记录
P059,食材验收,员工端,5,S05,批次记录,查看/配合,监督/协同,配置支撑/留痕,P059_S05,P059.stage.05.completed,节点结果、附件、状态事件、通知与审计记录
P059,食材验收,员工端,6,S06,供应商反馈,主办/填写,监督/协同,配置支撑/留痕,P059_S06,P059.stage.06.completed,节点结果、附件、状态事件、通知与审计记录
P060,食品安全事件,员工端,1,S01,停止供应,查看/配合,监督/协同,配置支撑/留痕,P060_S01,P060.stage.01.completed,节点结果、附件、状态事件、通知与审计记录
P060,食品安全事件,员工端,2,S02,隔离批次,查看/配合,监督/协同,配置支撑/留痕,P060_S02,P060.stage.02.completed,节点结果、附件、状态事件、通知与审计记录
P060,食品安全事件,员工端,3,S03,保留样品记录,查看/配合,监督/协同,配置支撑/留痕,P060_S03,P060.stage.03.completed,节点结果、附件、状态事件、通知与审计记录
P060,食品安全事件,员工端,4,S04,报告,查看/配合,监督/协同,配置支撑/留痕,P060_S04,P060.stage.04.completed,节点结果、附件、状态事件、通知与审计记录
P060,食品安全事件,员工端,5,S05,医疗协助,查看/配合,监督/协同,配置支撑/留痕,P060_S05,P060.stage.05.completed,节点结果、附件、状态事件、通知与审计记录
P060,食品安全事件,员工端,6,S06,统一案件,查看/配合,监督/协同,配置支撑/留痕,P060_S06,P060.stage.06.completed,节点结果、附件、状态事件、通知与审计记录
P060,食品安全事件,员工端,7,S07,追溯调查,查看/配合,主办/决策,配置支撑/留痕,P060_S07,P060.stage.07.completed,节点结果、附件、状态事件、通知与审计记录
P060,食品安全事件,员工端,8,S08,整改验证,查看/配合,监督/协同,配置支撑/留痕,P060_S08,P060.stage.08.completed,节点结果、附件、状态事件、通知与审计记录
P061,餐卡结算,员工端,1,S01,账户变更申请,主办/填写,监督/协同,配置支撑/留痕,P061_S01,P061.stage.01.completed,节点结果、附件、状态事件、通知与审计记录
P061,餐卡结算,员工端,2,S02,资格校验,查看/配合,主办/决策,配置支撑/留痕,P061_S02,P061.stage.02.completed,节点结果、附件、状态事件、通知与审计记录
P061,餐卡结算,员工端,3,S03,充值/补贴/冻结,查看/配合,监督/协同,配置支撑/留痕,P061_S03,P061.stage.03.completed,节点结果、附件、状态事件、通知与审计记录
P061,餐卡结算,员工端,4,S04,交易回执,查看/配合,监督/协同,配置支撑/留痕,P061_S04,P061.stage.04.completed,节点结果、附件、状态事件、通知与审计记录
P061,餐卡结算,员工端,5,S05,日结对账,查看/配合,主办/决策,配置支撑/留痕,P061_S05,P061.stage.05.completed,节点结果、附件、状态事件、通知与审计记录
P061,餐卡结算,员工端,6,S06,差异处理,查看/配合,主办/决策,配置支撑/留痕,P061_S06,P061.stage.06.completed,节点结果、附件、状态事件、通知与审计记录
P062,日常巡逻,员工端,1,S01,发布班次,查看/配合,主办/决策,配置支撑/留痕,P062_S01,P062.stage.01.completed,节点结果、附件、状态事件、通知与审计记录
P062,日常巡逻,员工端,2,S02,领取装备,主办/填写,监督/协同,配置支撑/留痕,P062_S02,P062.stage.02.completed,节点结果、附件、状态事件、通知与审计记录
P062,日常巡逻,员工端,3,S03,岗位签到,查看/配合,监督/协同,配置支撑/留痕,P062_S03,P062.stage.03.completed,节点结果、附件、状态事件、通知与审计记录
P062,日常巡逻,员工端,4,S04,路线巡更,查看/配合,监督/协同,配置支撑/留痕,P062_S04,P062.stage.04.completed,节点结果、附件、状态事件、通知与审计记录
P062,日常巡逻,员工端,5,S05,异常上报,查看/配合,监督/协同,配置支撑/留痕,P062_S05,P062.stage.05.completed,节点结果、附件、状态事件、通知与审计记录
P062,日常巡逻,员工端,6,S06,现场措施,查看/配合,监督/协同,配置支撑/留痕,P062_S06,P062.stage.06.completed,节点结果、附件、状态事件、通知与审计记录
P062,日常巡逻,员工端,7,S07,工单/案件,查看/配合,监督/协同,配置支撑/留痕,P062_S07,P062.stage.07.completed,节点结果、附件、状态事件、通知与审计记录
P062,日常巡逻,员工端,8,S08,交接,主办/填写,监督/协同,配置支撑/留痕,P062_S08,P062.stage.08.completed,节点结果、附件、状态事件、通知与审计记录
P062,日常巡逻,员工端,9,S09,班次确认,主办/填写,主办/决策,配置支撑/留痕,P062_S09,P062.stage.09.completed,节点结果、附件、状态事件、通知与审计记录
P063,客流预警,员工端,1,S01,客流采集,查看/配合,监督/协同,配置支撑/留痕,P063_S01,P063.stage.01.completed,节点结果、附件、状态事件、通知与审计记录
P063,客流预警,员工端,2,S02,阈值触发,查看/配合,监督/协同,配置支撑/留痕,P063_S02,P063.stage.02.completed,节点结果、附件、状态事件、通知与审计记录
P063,客流预警,员工端,3,S03,区域确认,主办/填写,主办/决策,配置支撑/留痕,P063_S03,P063.stage.03.completed,节点结果、附件、状态事件、通知与审计记录
P063,客流预警,员工端,4,S04,疏导方案,查看/配合,监督/协同,配置支撑/留痕,P063_S04,P063.stage.04.completed,节点结果、附件、状态事件、通知与审计记录
P063,客流预警,员工端,5,S05,跨中心广播,查看/配合,监督/协同,配置支撑/留痕,P063_S05,P063.stage.05.completed,节点结果、附件、状态事件、通知与审计记录
P063,客流预警,员工端,6,S06,现场执行,主办/填写,监督/协同,配置支撑/留痕,P063_S06,P063.stage.06.completed,节点结果、附件、状态事件、通知与审计记录
P063,客流预警,员工端,7,S07,解除预警,查看/配合,监督/协同,配置支撑/留痕,P063_S07,P063.stage.07.completed,节点结果、附件、状态事件、通知与审计记录
P063,客流预警,员工端,8,S08,复盘,查看/配合,主办/决策,配置支撑/留痕,P063_S08,P063.stage.08.completed,节点结果、附件、状态事件、通知与审计记录
P064,安全事件,员工端,1,S01,发现,查看/配合,监督/协同,配置支撑/留痕,P064_S01,P064.stage.01.completed,节点结果、附件、状态事件、通知与审计记录
P064,安全事件,员工端,2,S02,人员保护,查看/配合,监督/协同,配置支撑/留痕,P064_S02,P064.stage.02.completed,节点结果、附件、状态事件、通知与审计记录
P064,安全事件,员工端,3,S03,报警/救援,查看/配合,监督/协同,配置支撑/留痕,P064_S03,P064.stage.03.completed,节点结果、附件、状态事件、通知与审计记录
P064,安全事件,员工端,4,S04,现场隔离,查看/配合,监督/协同,配置支撑/留痕,P064_S04,P064.stage.04.completed,节点结果、附件、状态事件、通知与审计记录
P064,安全事件,员工端,5,S05,证据保全,查看/配合,监督/协同,配置支撑/留痕,P064_S05,P064.stage.05.completed,节点结果、附件、状态事件、通知与审计记录
P064,安全事件,员工端,6,S06,统一案件,查看/配合,监督/协同,配置支撑/留痕,P064_S06,P064.stage.06.completed,节点结果、附件、状态事件、通知与审计记录
P064,安全事件,员工端,7,S07,调查整改,查看/配合,主办/决策,配置支撑/留痕,P064_S07,P064.stage.07.completed,节点结果、附件、状态事件、通知与审计记录
P064,安全事件,员工端,8,S08,复查关闭,查看/配合,主办/决策,配置支撑/留痕,P064_S08,P064.stage.08.completed,节点结果、附件、状态事件、通知与审计记录
P065,活动安保,员工端,1,S01,活动主单,查看/配合,监督/协同,配置支撑/留痕,P065_S01,P065.stage.01.completed,节点结果、附件、状态事件、通知与审计记录
P065,活动安保,员工端,2,S02,风险评估,查看/配合,监督/协同,配置支撑/留痕,P065_S02,P065.stage.02.completed,节点结果、附件、状态事件、通知与审计记录
P065,活动安保,员工端,3,S03,岗位布置,查看/配合,监督/协同,配置支撑/留痕,P065_S03,P065.stage.03.completed,节点结果、附件、状态事件、通知与审计记录
P065,活动安保,员工端,4,S04,人员确认,主办/填写,主办/决策,配置支撑/留痕,P065_S04,P065.stage.04.completed,节点结果、附件、状态事件、通知与审计记录
P065,活动安保,员工端,5,S05,现场指挥,查看/配合,监督/协同,配置支撑/留痕,P065_S05,P065.stage.05.completed,节点结果、附件、状态事件、通知与审计记录
P065,活动安保,员工端,6,S06,异常处置,查看/配合,监督/协同,配置支撑/留痕,P065_S06,P065.stage.06.completed,节点结果、附件、状态事件、通知与审计记录
P065,活动安保,员工端,7,S07,撤场清点,查看/配合,监督/协同,配置支撑/留痕,P065_S07,P065.stage.07.completed,节点结果、附件、状态事件、通知与审计记录
P065,活动安保,员工端,8,S08,复盘,查看/配合,主办/决策,配置支撑/留痕,P065_S08,P065.stage.08.completed,节点结果、附件、状态事件、通知与审计记录
P066,日常清洁,员工端,1,S01,计划生成,查看/配合,主办/决策,系统自动/技术保障,P066_S01,P066.stage.01.completed,节点结果、附件、状态事件、通知与审计记录
P066,日常清洁,员工端,2,S02,班次分派,查看/配合,主办/决策,配置支撑/留痕,P066_S02,P066.stage.02.completed,节点结果、附件、状态事件、通知与审计记录
P066,日常清洁,员工端,3,S03,任务接收,查看/配合,监督/协同,配置支撑/留痕,P066_S03,P066.stage.03.completed,节点结果、附件、状态事件、通知与审计记录
P066,日常清洁,员工端,4,S04,作业,主办/填写,监督/协同,配置支撑/留痕,P066_S04,P066.stage.04.completed,节点结果、附件、状态事件、通知与审计记录
P066,日常清洁,员工端,5,S05,自检,查看/配合,监督/协同,配置支撑/留痕,P066_S05,P066.stage.05.completed,节点结果、附件、状态事件、通知与审计记录
P066,日常清洁,员工端,6,S06,巡检,查看/配合,监督/协同,配置支撑/留痕,P066_S06,P066.stage.06.completed,节点结果、附件、状态事件、通知与审计记录
P066,日常清洁,员工端,7,S07,不合格返工,查看/配合,监督/协同,配置支撑/留痕,P066_S07,P066.stage.07.completed,节点结果、附件、状态事件、通知与审计记录
P066,日常清洁,员工端,8,S08,验收,查看/配合,主办/决策,配置支撑/留痕,P066_S08,P066.stage.08.completed,节点结果、附件、状态事件、通知与审计记录
P067,污染应急,员工端,1,S01,发现,查看/配合,监督/协同,配置支撑/留痕,P067_S01,P067.stage.01.completed,节点结果、附件、状态事件、通知与审计记录
P067,污染应急,员工端,2,S02,设置警示,查看/配合,监督/协同,配置支撑/留痕,P067_S02,P067.stage.02.completed,节点结果、附件、状态事件、通知与审计记录
P067,污染应急,员工端,3,S03,快速清理,查看/配合,监督/协同,配置支撑/留痕,P067_S03,P067.stage.03.completed,节点结果、附件、状态事件、通知与审计记录
P067,污染应急,员工端,4,S04,必要时协同安保,查看/配合,监督/协同,配置支撑/留痕,P067_S04,P067.stage.04.completed,节点结果、附件、状态事件、通知与审计记录
P067,污染应急,员工端,5,S05,复查,查看/配合,监督/协同,配置支撑/留痕,P067_S05,P067.stage.05.completed,节点结果、附件、状态事件、通知与审计记录
P067,污染应急,员工端,6,S06,原因记录,查看/配合,监督/协同,配置支撑/留痕,P067_S06,P067.stage.06.completed,节点结果、附件、状态事件、通知与审计记录
P067,污染应急,员工端,7,S07,关闭,查看/配合,主办/决策,配置支撑/留痕,P067_S07,P067.stage.07.completed,节点结果、附件、状态事件、通知与审计记录
P068,活动保障,员工端,1,S01,活动需求,查看/配合,监督/协同,配置支撑/留痕,P068_S01,P068.stage.01.completed,节点结果、附件、状态事件、通知与审计记录
P068,活动保障,员工端,2,S02,区域工作量评估,查看/配合,监督/协同,配置支撑/留痕,P068_S02,P068.stage.02.completed,节点结果、附件、状态事件、通知与审计记录
P068,活动保障,员工端,3,S03,人员耗材计划,查看/配合,主办/决策,配置支撑/留痕,P068_S03,P068.stage.03.completed,节点结果、附件、状态事件、通知与审计记录
P068,活动保障,员工端,4,S04,现场执行,主办/填写,监督/协同,配置支撑/留痕,P068_S04,P068.stage.04.completed,节点结果、附件、状态事件、通知与审计记录
P068,活动保障,员工端,5,S05,动态补位,查看/配合,监督/协同,配置支撑/留痕,P068_S05,P068.stage.05.completed,节点结果、附件、状态事件、通知与审计记录
P068,活动保障,员工端,6,S06,撤场清洁,主办/填写,监督/协同,配置支撑/留痕,P068_S06,P068.stage.06.completed,节点结果、附件、状态事件、通知与审计记录
P068,活动保障,员工端,7,S07,验收复盘,查看/配合,主办/决策,配置支撑/留痕,P068_S07,P068.stage.07.completed,节点结果、附件、状态事件、通知与审计记录
P069,商户准入,员工端,1,S01,商户申请,主办/填写,监督/协同,配置支撑/留痕,P069_S01,P069.stage.01.completed,节点结果、附件、状态事件、通知与审计记录
P069,商户准入,员工端,2,S02,资质核验,查看/配合,主办/决策,配置支撑/留痕,P069_S02,P069.stage.02.completed,节点结果、附件、状态事件、通知与审计记录
P069,商户准入,员工端,3,S03,品类与位置评审,查看/配合,主办/决策,配置支撑/留痕,P069_S03,P069.stage.03.completed,节点结果、附件、状态事件、通知与审计记录
P069,商户准入,员工端,4,S04,合同协同,查看/配合,监督/协同,配置支撑/留痕,P069_S04,P069.stage.04.completed,节点结果、附件、状态事件、通知与审计记录
P069,商户准入,员工端,5,S05,装修/进场,查看/配合,监督/协同,配置支撑/留痕,P069_S05,P069.stage.05.completed,节点结果、附件、状态事件、通知与审计记录
P069,商户准入,员工端,6,S06,验收,查看/配合,主办/决策,配置支撑/留痕,P069_S06,P069.stage.06.completed,节点结果、附件、状态事件、通知与审计记录
P069,商户准入,员工端,7,S07,开业,查看/配合,监督/协同,配置支撑/留痕,P069_S07,P069.stage.07.completed,节点结果、附件、状态事件、通知与审计记录
P070,日常巡检,员工端,1,S01,巡检计划,查看/配合,主办/决策,配置支撑/留痕,P070_S01,P070.stage.01.completed,节点结果、附件、状态事件、通知与审计记录
P070,日常巡检,员工端,2,S02,现场检查,查看/配合,监督/协同,配置支撑/留痕,P070_S02,P070.stage.02.completed,节点结果、附件、状态事件、通知与审计记录
P070,日常巡检,员工端,3,S03,问题记录,查看/配合,监督/协同,配置支撑/留痕,P070_S03,P070.stage.03.completed,节点结果、附件、状态事件、通知与审计记录
P070,日常巡检,员工端,4,S04,整改通知,查看/配合,监督/协同,配置支撑/留痕,P070_S04,P070.stage.04.completed,节点结果、附件、状态事件、通知与审计记录
P070,日常巡检,员工端,5,S05,商户反馈,主办/填写,监督/协同,配置支撑/留痕,P070_S05,P070.stage.05.completed,节点结果、附件、状态事件、通知与审计记录
P070,日常巡检,员工端,6,S06,复查,查看/配合,监督/协同,配置支撑/留痕,P070_S06,P070.stage.06.completed,节点结果、附件、状态事件、通知与审计记录
P070,日常巡检,员工端,7,S07,关闭或升级案件,查看/配合,主办/决策,配置支撑/留痕,P070_S07,P070.stage.07.completed,节点结果、附件、状态事件、通知与审计记录
P071,退场,员工端,1,S01,退场申请或合同到期,主办/填写,监督/协同,配置支撑/留痕,P071_S01,P071.stage.01.completed,节点结果、附件、状态事件、通知与审计记录
P071,退场,员工端,2,S02,费用核对,查看/配合,监督/协同,配置支撑/留痕,P071_S02,P071.stage.02.completed,节点结果、附件、状态事件、通知与审计记录
P071,退场,员工端,3,S03,资产和场地检查,查看/配合,监督/协同,配置支撑/留痕,P071_S03,P071.stage.03.completed,节点结果、附件、状态事件、通知与审计记录
P071,退场,员工端,4,S04,钥匙门禁回收,查看/配合,监督/协同,配置支撑/留痕,P071_S04,P071.stage.04.completed,节点结果、附件、状态事件、通知与审计记录
P071,退场,员工端,5,S05,恢复验收,查看/配合,主办/决策,配置支撑/留痕,P071_S05,P071.stage.05.completed,节点结果、附件、状态事件、通知与审计记录
P071,退场,员工端,6,S06,合同财务回写,查看/配合,监督/协同,系统自动/技术保障,P071_S06,P071.stage.06.completed,节点结果、附件、状态事件、通知与审计记录
P071,退场,员工端,7,S07,关闭,查看/配合,主办/决策,配置支撑/留痕,P071_S07,P071.stage.07.completed,节点结果、附件、状态事件、通知与审计记录
P072,节目上线,员工端,1,S01,节目立项,查看/配合,监督/协同,配置支撑/留痕,P072_S01,P072.stage.01.completed,节点结果、附件、状态事件、通知与审计记录
P072,节目上线,员工端,2,S02,创排,查看/配合,监督/协同,配置支撑/留痕,P072_S02,P072.stage.02.completed,节点结果、附件、状态事件、通知与审计记录
P072,节目上线,员工端,3,S03,角色设计,查看/配合,监督/协同,配置支撑/留痕,P072_S03,P072.stage.03.completed,节点结果、附件、状态事件、通知与审计记录
P072,节目上线,员工端,4,S04,排练,查看/配合,监督/协同,配置支撑/留痕,P072_S04,P072.stage.04.completed,节点结果、附件、状态事件、通知与审计记录
P072,节目上线,员工端,5,S05,艺术技术安全评审,查看/配合,主办/决策,配置支撑/留痕,P072_S05,P072.stage.05.completed,节点结果、附件、状态事件、通知与审计记录
P072,节目上线,员工端,6,S06,试演,查看/配合,监督/协同,配置支撑/留痕,P072_S06,P072.stage.06.completed,节点结果、附件、状态事件、通知与审计记录
P072,节目上线,员工端,7,S07,版本批准,查看/配合,主办/决策,配置支撑/留痕,P072_S07,P072.stage.07.completed,节点结果、附件、状态事件、通知与审计记录
P072,节目上线,员工端,8,S08,排期,查看/配合,监督/协同,配置支撑/留痕,P072_S08,P072.stage.08.completed,节点结果、附件、状态事件、通知与审计记录
P073,场次执行,员工端,1,S01,场次发布,查看/配合,主办/决策,配置支撑/留痕,P073_S01,P073.stage.01.completed,节点结果、附件、状态事件、通知与审计记录
P073,场次执行,员工端,2,S02,演员排班,查看/配合,主办/决策,配置支撑/留痕,P073_S02,P073.stage.02.completed,节点结果、附件、状态事件、通知与审计记录
P073,场次执行,员工端,3,S03,冲突校验,查看/配合,主办/决策,配置支撑/留痕,P073_S03,P073.stage.03.completed,节点结果、附件、状态事件、通知与审计记录
P073,场次执行,员工端,4,S04,替补确认,主办/填写,主办/决策,配置支撑/留痕,P073_S04,P073.stage.04.completed,节点结果、附件、状态事件、通知与审计记录
P073,场次执行,员工端,5,S05,场前检查,查看/配合,监督/协同,配置支撑/留痕,P073_S05,P073.stage.05.completed,节点结果、附件、状态事件、通知与审计记录
P073,场次执行,员工端,6,S06,演出,主办/填写,监督/协同,配置支撑/留痕,P073_S06,P073.stage.06.completed,节点结果、附件、状态事件、通知与审计记录
P073,场次执行,员工端,7,S07,结果确认,主办/填写,主办/决策,配置支撑/留痕,P073_S07,P073.stage.07.completed,节点结果、附件、状态事件、通知与审计记录
P073,场次执行,员工端,8,S08,异常复盘,查看/配合,主办/决策,配置支撑/留痕,P073_S08,P073.stage.08.completed,节点结果、附件、状态事件、通知与审计记录
P074,临时缺员,员工端,1,S01,缺员报告,查看/配合,监督/协同,配置支撑/留痕,P074_S01,P074.stage.01.completed,节点结果、附件、状态事件、通知与审计记录
P074,临时缺员,员工端,2,S02,替补资格校验,查看/配合,主办/决策,配置支撑/留痕,P074_S02,P074.stage.02.completed,节点结果、附件、状态事件、通知与审计记录
P074,临时缺员,员工端,3,S03,排班变更,查看/配合,主办/决策,配置支撑/留痕,P074_S03,P074.stage.03.completed,节点结果、附件、状态事件、通知与审计记录
P074,临时缺员,员工端,4,S04,相关部门通知,查看/配合,监督/协同,配置支撑/留痕,P074_S04,P074.stage.04.completed,节点结果、附件、状态事件、通知与审计记录
P074,临时缺员,员工端,5,S05,场前确认,主办/填写,主办/决策,配置支撑/留痕,P074_S05,P074.stage.05.completed,节点结果、附件、状态事件、通知与审计记录
P074,临时缺员,员工端,6,S06,结果记录,查看/配合,监督/协同,配置支撑/留痕,P074_S06,P074.stage.06.completed,节点结果、附件、状态事件、通知与审计记录
P075,停演,员工端,1,S01,风险发现,查看/配合,监督/协同,配置支撑/留痕,P075_S01,P075.stage.01.completed,节点结果、附件、状态事件、通知与审计记录
P075,停演,员工端,2,S02,暂停/取消决定,查看/配合,主办/决策,配置支撑/留痕,P075_S02,P075.stage.02.completed,节点结果、附件、状态事件、通知与审计记录
P075,停演,员工端,3,S03,游客与运营通知,查看/配合,监督/协同,配置支撑/留痕,P075_S03,P075.stage.03.completed,节点结果、附件、状态事件、通知与审计记录
P075,停演,员工端,4,S04,技术和票务协同,查看/配合,监督/协同,配置支撑/留痕,P075_S04,P075.stage.04.completed,节点结果、附件、状态事件、通知与审计记录
P075,停演,员工端,5,S05,原因调查,查看/配合,主办/决策,配置支撑/留痕,P075_S05,P075.stage.05.completed,节点结果、附件、状态事件、通知与审计记录
P075,停演,员工端,6,S06,复演条件确认,主办/填写,主办/决策,配置支撑/留痕,P075_S06,P075.stage.06.completed,节点结果、附件、状态事件、通知与审计记录
P076,场次准备,员工端,1,S01,读取节目版本,查看/配合,监督/协同,配置支撑/留痕,P076_S01,P076.stage.01.completed,节点结果、附件、状态事件、通知与审计记录
P076,场次准备,员工端,2,S02,生成配置清单,查看/配合,监督/协同,系统自动/技术保障,P076_S02,P076.stage.02.completed,节点结果、附件、状态事件、通知与审计记录
P076,场次准备,员工端,3,S03,备货,查看/配合,监督/协同,配置支撑/留痕,P076_S03,P076.stage.03.completed,节点结果、附件、状态事件、通知与审计记录
P076,场次准备,员工端,4,S04,状态检查,查看/配合,监督/协同,配置支撑/留痕,P076_S04,P076.stage.04.completed,节点结果、附件、状态事件、通知与审计记录
P076,场次准备,员工端,5,S05,领用签收,主办/填写,监督/协同,配置支撑/留痕,P076_S05,P076.stage.05.completed,节点结果、附件、状态事件、通知与审计记录
P076,场次准备,员工端,6,S06,场次使用,主办/填写,监督/协同,配置支撑/留痕,P076_S06,P076.stage.06.completed,节点结果、附件、状态事件、通知与审计记录
P076,场次准备,员工端,7,S07,归还验收,主办/填写,主办/决策,配置支撑/留痕,P076_S07,P076.stage.07.completed,节点结果、附件、状态事件、通知与审计记录
P076,场次准备,员工端,8,S08,清洁维护,主办/填写,监督/协同,配置支撑/留痕,P076_S08,P076.stage.08.completed,节点结果、附件、状态事件、通知与审计记录
P077,损坏报损,员工端,1,S01,归还发现异常,主办/填写,监督/协同,配置支撑/留痕,P077_S01,P077.stage.01.completed,节点结果、附件、状态事件、通知与审计记录
P077,损坏报损,员工端,2,S02,隔离,查看/配合,监督/协同,配置支撑/留痕,P077_S02,P077.stage.02.completed,节点结果、附件、状态事件、通知与审计记录
P077,损坏报损,员工端,3,S03,专业鉴定,查看/配合,主办/决策,配置支撑/留痕,P077_S03,P077.stage.03.completed,节点结果、附件、状态事件、通知与审计记录
P077,损坏报损,员工端,4,S04,维修/报损建议,查看/配合,监督/协同,配置支撑/留痕,P077_S04,P077.stage.04.completed,节点结果、附件、状态事件、通知与审计记录
P077,损坏报损,员工端,5,S05,审批,查看/配合,主办/决策,配置支撑/留痕,P077_S05,P077.stage.05.completed,节点结果、附件、状态事件、通知与审计记录
P077,损坏报损,员工端,6,S06,维修或资产处置,查看/配合,监督/协同,配置支撑/留痕,P077_S06,P077.stage.06.completed,节点结果、附件、状态事件、通知与审计记录
P077,损坏报损,员工端,7,S07,状态回写,查看/配合,监督/协同,系统自动/技术保障,P077_S07,P077.stage.07.completed,节点结果、附件、状态事件、通知与审计记录
P078,盘点,员工端,1,S01,计划,查看/配合,主办/决策,配置支撑/留痕,P078_S01,P078.stage.01.completed,节点结果、附件、状态事件、通知与审计记录
P078,盘点,员工端,2,S02,分区冻结,查看/配合,监督/协同,配置支撑/留痕,P078_S02,P078.stage.02.completed,节点结果、附件、状态事件、通知与审计记录
P078,盘点,员工端,3,S03,实盘,查看/配合,监督/协同,配置支撑/留痕,P078_S03,P078.stage.03.completed,节点结果、附件、状态事件、通知与审计记录
P078,盘点,员工端,4,S04,差异,查看/配合,监督/协同,配置支撑/留痕,P078_S04,P078.stage.04.completed,节点结果、附件、状态事件、通知与审计记录
P078,盘点,员工端,5,S05,追溯场次领用,查看/配合,监督/协同,配置支撑/留痕,P078_S05,P078.stage.05.completed,节点结果、附件、状态事件、通知与审计记录
P078,盘点,员工端,6,S06,处理,查看/配合,主办/决策,配置支撑/留痕,P078_S06,P078.stage.06.completed,节点结果、附件、状态事件、通知与审计记录
P078,盘点,员工端,7,S07,复核,查看/配合,主办/决策,配置支撑/留痕,P078_S07,P078.stage.07.completed,节点结果、附件、状态事件、通知与审计记录
P079,飞行任务,员工端,1,S01,任务申请,主办/填写,监督/协同,配置支撑/留痕,P079_S01,P079.stage.01.completed,节点结果、附件、状态事件、通知与审计记录
P079,飞行任务,员工端,2,S02,区域与用途审核,查看/配合,主办/决策,配置支撑/留痕,P079_S02,P079.stage.02.completed,节点结果、附件、状态事件、通知与审计记录
P079,飞行任务,员工端,3,S03,资质设备校验,查看/配合,主办/决策,配置支撑/留痕,P079_S03,P079.stage.03.completed,节点结果、附件、状态事件、通知与审计记录
P079,飞行任务,员工端,4,S04,气象与报备,查看/配合,监督/协同,配置支撑/留痕,P079_S04,P079.stage.04.completed,节点结果、附件、状态事件、通知与审计记录
P079,飞行任务,员工端,5,S05,计划批准,查看/配合,主办/决策,配置支撑/留痕,P079_S05,P079.stage.05.completed,节点结果、附件、状态事件、通知与审计记录
P079,飞行任务,员工端,6,S06,场前检查,查看/配合,监督/协同,配置支撑/留痕,P079_S06,P079.stage.06.completed,节点结果、附件、状态事件、通知与审计记录
P079,飞行任务,员工端,7,S07,飞行,主办/填写,监督/协同,配置支撑/留痕,P079_S07,P079.stage.07.completed,节点结果、附件、状态事件、通知与审计记录
P079,飞行任务,员工端,8,S08,日志回传,查看/配合,监督/协同,系统自动/技术保障,P079_S08,P079.stage.08.completed,节点结果、附件、状态事件、通知与审计记录
P079,飞行任务,员工端,9,S09,验收归档,查看/配合,主办/决策,配置支撑/留痕,P079_S09,P079.stage.09.completed,节点结果、附件、状态事件、通知与审计记录
P080,任务取消,员工端,1,S01,天气或风险触发,查看/配合,监督/协同,配置支撑/留痕,P080_S01,P080.stage.01.completed,节点结果、附件、状态事件、通知与审计记录
P080,任务取消,员工端,2,S02,暂停,查看/配合,监督/协同,配置支撑/留痕,P080_S02,P080.stage.02.completed,节点结果、附件、状态事件、通知与审计记录
P080,任务取消,员工端,3,S03,相关中心通知,查看/配合,监督/协同,配置支撑/留痕,P080_S03,P080.stage.03.completed,节点结果、附件、状态事件、通知与审计记录
P080,任务取消,员工端,4,S04,设备解除锁定,查看/配合,主办/决策,配置支撑/留痕,P080_S04,P080.stage.04.completed,节点结果、附件、状态事件、通知与审计记录
P080,任务取消,员工端,5,S05,票务/运营影响处理,查看/配合,主办/决策,配置支撑/留痕,P080_S05,P080.stage.05.completed,节点结果、附件、状态事件、通知与审计记录
P080,任务取消,员工端,6,S06,原因归档,查看/配合,主办/决策,配置支撑/留痕,P080_S06,P080.stage.06.completed,节点结果、附件、状态事件、通知与审计记录
P081,飞行事故,员工端,1,S01,立即停飞,查看/配合,监督/协同,配置支撑/留痕,P081_S01,P081.stage.01.completed,节点结果、附件、状态事件、通知与审计记录
P081,飞行事故,员工端,2,S02,人员与现场保护,查看/配合,监督/协同,配置支撑/留痕,P081_S02,P081.stage.02.completed,节点结果、附件、状态事件、通知与审计记录
P081,飞行事故,员工端,3,S03,报告,查看/配合,监督/协同,配置支撑/留痕,P081_S03,P081.stage.03.completed,节点结果、附件、状态事件、通知与审计记录
P081,飞行事故,员工端,4,S04,设备隔离,查看/配合,监督/协同,配置支撑/留痕,P081_S04,P081.stage.04.completed,节点结果、附件、状态事件、通知与审计记录
P081,飞行事故,员工端,5,S05,数据保全,查看/配合,监督/协同,配置支撑/留痕,P081_S05,P081.stage.05.completed,节点结果、附件、状态事件、通知与审计记录
P081,飞行事故,员工端,6,S06,统一案件,查看/配合,监督/协同,配置支撑/留痕,P081_S06,P081.stage.06.completed,节点结果、附件、状态事件、通知与审计记录
P081,飞行事故,员工端,7,S07,专业调查,查看/配合,主办/决策,配置支撑/留痕,P081_S07,P081.stage.07.completed,节点结果、附件、状态事件、通知与审计记录
P081,飞行事故,员工端,8,S08,整改与复飞审批,查看/配合,主办/决策,配置支撑/留痕,P081_S08,P081.stage.08.completed,节点结果、附件、状态事件、通知与审计记录
P082,场次技术保障,员工端,1,S01,读取节目场次,查看/配合,监督/协同,配置支撑/留痕,P082_S01,P082.stage.01.completed,节点结果、附件、状态事件、通知与审计记录
P082,场次技术保障,员工端,2,S02,生成技术任务,查看/配合,监督/协同,系统自动/技术保障,P082_S02,P082.stage.02.completed,节点结果、附件、状态事件、通知与审计记录
P082,场次技术保障,员工端,3,S03,人员排班,查看/配合,主办/决策,配置支撑/留痕,P082_S03,P082.stage.03.completed,节点结果、附件、状态事件、通知与审计记录
P082,场次技术保障,员工端,4,S04,设备配置,查看/配合,监督/协同,配置支撑/留痕,P082_S04,P082.stage.04.completed,节点结果、附件、状态事件、通知与审计记录
P082,场次技术保障,员工端,5,S05,场前联调,查看/配合,监督/协同,配置支撑/留痕,P082_S05,P082.stage.05.completed,节点结果、附件、状态事件、通知与审计记录
P082,场次技术保障,员工端,6,S06,场中值守,查看/配合,监督/协同,配置支撑/留痕,P082_S06,P082.stage.06.completed,节点结果、附件、状态事件、通知与审计记录
P082,场次技术保障,员工端,7,S07,场后检查,查看/配合,监督/协同,配置支撑/留痕,P082_S07,P082.stage.07.completed,节点结果、附件、状态事件、通知与审计记录
P082,场次技术保障,员工端,8,S08,结果确认,主办/填写,主办/决策,配置支撑/留痕,P082_S08,P082.stage.08.completed,节点结果、附件、状态事件、通知与审计记录
P083,设备故障,员工端,1,S01,故障发现,查看/配合,监督/协同,配置支撑/留痕,P083_S01,P083.stage.01.completed,节点结果、附件、状态事件、通知与审计记录
P083,设备故障,员工端,2,S02,风险分级,查看/配合,监督/协同,配置支撑/留痕,P083_S02,P083.stage.02.completed,节点结果、附件、状态事件、通知与审计记录
P083,设备故障,员工端,3,S03,立即隔离/降级,查看/配合,监督/协同,配置支撑/留痕,P083_S03,P083.stage.03.completed,节点结果、附件、状态事件、通知与审计记录
P083,设备故障,员工端,4,S04,替代方案,查看/配合,监督/协同,配置支撑/留痕,P083_S04,P083.stage.04.completed,节点结果、附件、状态事件、通知与审计记录
P083,设备故障,员工端,5,S05,维修工单,查看/配合,监督/协同,配置支撑/留痕,P083_S05,P083.stage.05.completed,节点结果、附件、状态事件、通知与审计记录
P083,设备故障,员工端,6,S06,验收,查看/配合,主办/决策,配置支撑/留痕,P083_S06,P083.stage.06.completed,节点结果、附件、状态事件、通知与审计记录
P083,设备故障,员工端,7,S07,恢复,查看/配合,监督/协同,配置支撑/留痕,P083_S07,P083.stage.07.completed,节点结果、附件、状态事件、通知与审计记录
P083,设备故障,员工端,8,S08,根因分析,查看/配合,监督/协同,配置支撑/留痕,P083_S08,P083.stage.08.completed,节点结果、附件、状态事件、通知与审计记录
P084,停演技术建议,员工端,1,S01,重大故障,查看/配合,监督/协同,配置支撑/留痕,P084_S01,P084.stage.01.completed,节点结果、附件、状态事件、通知与审计记录
P084,停演技术建议,员工端,2,S02,安全评估,查看/配合,监督/协同,配置支撑/留痕,P084_S02,P084.stage.02.completed,节点结果、附件、状态事件、通知与审计记录
P084,停演技术建议,员工端,3,S03,提出停演建议,查看/配合,监督/协同,配置支撑/留痕,P084_S03,P084.stage.03.completed,节点结果、附件、状态事件、通知与审计记录
P084,停演技术建议,员工端,4,S04,有权决定,查看/配合,主办/决策,配置支撑/留痕,P084_S04,P084.stage.04.completed,节点结果、附件、状态事件、通知与审计记录
P084,停演技术建议,员工端,5,S05,通知相关中心,查看/配合,监督/协同,配置支撑/留痕,P084_S05,P084.stage.05.completed,节点结果、附件、状态事件、通知与审计记录
P084,停演技术建议,员工端,6,S06,现场处置,查看/配合,监督/协同,配置支撑/留痕,P084_S06,P084.stage.06.completed,节点结果、附件、状态事件、通知与审计记录
P084,停演技术建议,员工端,7,S07,复演验证,查看/配合,监督/协同,配置支撑/留痕,P084_S07,P084.stage.07.completed,节点结果、附件、状态事件、通知与审计记录
P085,网络故障,员工端,1,S01,监控或用户发现,查看/配合,监督/协同,系统自动/技术保障,P085_S01,P085.stage.01.completed,节点结果、附件、状态事件、通知与审计记录
P085,网络故障,员工端,2,S02,告警归并,查看/配合,监督/协同,系统自动/技术保障,P085_S02,P085.stage.02.completed,节点结果、附件、状态事件、通知与审计记录
P085,网络故障,员工端,3,S03,影响范围判断,查看/配合,监督/协同,配置支撑/留痕,P085_S03,P085.stage.03.completed,节点结果、附件、状态事件、通知与审计记录
P085,网络故障,员工端,4,S04,应急恢复,查看/配合,监督/协同,配置支撑/留痕,P085_S04,P085.stage.04.completed,节点结果、附件、状态事件、通知与审计记录
P085,网络故障,员工端,5,S05,通知业务,查看/配合,监督/协同,配置支撑/留痕,P085_S05,P085.stage.05.completed,节点结果、附件、状态事件、通知与审计记录
P085,网络故障,员工端,6,S06,根因修复,查看/配合,监督/协同,配置支撑/留痕,P085_S06,P085.stage.06.completed,节点结果、附件、状态事件、通知与审计记录
P085,网络故障,员工端,7,S07,验证,查看/配合,监督/协同,配置支撑/留痕,P085_S07,P085.stage.07.completed,节点结果、附件、状态事件、通知与审计记录
P085,网络故障,员工端,8,S08,复盘,查看/配合,主办/决策,配置支撑/留痕,P085_S08,P085.stage.08.completed,节点结果、附件、状态事件、通知与审计记录
P086,网络变更,员工端,1,S01,变更申请,主办/填写,监督/协同,配置支撑/留痕,P086_S01,P086.stage.01.completed,节点结果、附件、状态事件、通知与审计记录
P086,网络变更,员工端,2,S02,影响与风险,查看/配合,监督/协同,配置支撑/留痕,P086_S02,P086.stage.02.completed,节点结果、附件、状态事件、通知与审计记录
P086,网络变更,员工端,3,S03,技术评审,查看/配合,主办/决策,配置支撑/留痕,P086_S03,P086.stage.03.completed,节点结果、附件、状态事件、通知与审计记录
P086,网络变更,员工端,4,S04,业务确认,主办/填写,主办/决策,配置支撑/留痕,P086_S04,P086.stage.04.completed,节点结果、附件、状态事件、通知与审计记录
P086,网络变更,员工端,5,S05,变更窗口,查看/配合,监督/协同,配置支撑/留痕,P086_S05,P086.stage.05.completed,节点结果、附件、状态事件、通知与审计记录
P086,网络变更,员工端,6,S06,执行,主办/填写,监督/协同,配置支撑/留痕,P086_S06,P086.stage.06.completed,节点结果、附件、状态事件、通知与审计记录
P086,网络变更,员工端,7,S07,验证,查看/配合,监督/协同,配置支撑/留痕,P086_S07,P086.stage.07.completed,节点结果、附件、状态事件、通知与审计记录
P086,网络变更,员工端,8,S08,回退或关闭,查看/配合,主办/决策,配置支撑/留痕,P086_S08,P086.stage.08.completed,节点结果、附件、状态事件、通知与审计记录
P087,活动保障,员工端,1,S01,活动需求,查看/配合,监督/协同,配置支撑/留痕,P087_S01,P087.stage.01.completed,节点结果、附件、状态事件、通知与审计记录
P087,活动保障,员工端,2,S02,容量与覆盖评估,查看/配合,监督/协同,配置支撑/留痕,P087_S02,P087.stage.02.completed,节点结果、附件、状态事件、通知与审计记录
P087,活动保障,员工端,3,S03,临时设备/链路,查看/配合,监督/协同,配置支撑/留痕,P087_S03,P087.stage.03.completed,节点结果、附件、状态事件、通知与审计记录
P087,活动保障,员工端,4,S04,联调,查看/配合,监督/协同,配置支撑/留痕,P087_S04,P087.stage.04.completed,节点结果、附件、状态事件、通知与审计记录
P087,活动保障,员工端,5,S05,现场值守,查看/配合,监督/协同,配置支撑/留痕,P087_S05,P087.stage.05.completed,节点结果、附件、状态事件、通知与审计记录
P087,活动保障,员工端,6,S06,撤场,查看/配合,监督/协同,配置支撑/留痕,P087_S06,P087.stage.06.completed,节点结果、附件、状态事件、通知与审计记录
P087,活动保障,员工端,7,S07,数据复盘,查看/配合,主办/决策,配置支撑/留痕,P087_S07,P087.stage.07.completed,节点结果、附件、状态事件、通知与审计记录
P088,IT服务请求,员工端,1,S01,用户申请,主办/填写,监督/协同,配置支撑/留痕,P088_S01,P088.stage.01.completed,节点结果、附件、状态事件、通知与审计记录
P088,IT服务请求,员工端,2,S02,服务目录匹配,查看/配合,监督/协同,配置支撑/留痕,P088_S02,P088.stage.02.completed,节点结果、附件、状态事件、通知与审计记录
P088,IT服务请求,员工端,3,S03,自动/人工分派,查看/配合,主办/决策,系统自动/技术保障,P088_S03,P088.stage.03.completed,节点结果、附件、状态事件、通知与审计记录
P088,IT服务请求,员工端,4,S04,处理,查看/配合,主办/决策,配置支撑/留痕,P088_S04,P088.stage.04.completed,节点结果、附件、状态事件、通知与审计记录
P088,IT服务请求,员工端,5,S05,用户确认,主办/填写,主办/决策,配置支撑/留痕,P088_S05,P088.stage.05.completed,节点结果、附件、状态事件、通知与审计记录
P088,IT服务请求,员工端,6,S06,验收,查看/配合,主办/决策,配置支撑/留痕,P088_S06,P088.stage.06.completed,节点结果、附件、状态事件、通知与审计记录
P088,IT服务请求,员工端,7,S07,知识沉淀,查看/配合,监督/协同,配置支撑/留痕,P088_S07,P088.stage.07.completed,节点结果、附件、状态事件、通知与审计记录
P089,生产发布,员工端,1,S01,发布申请,主办/填写,主办/决策,配置支撑/留痕,P089_S01,P089.stage.01.completed,节点结果、附件、状态事件、通知与审计记录
P089,生产发布,员工端,2,S02,测试证据,查看/配合,监督/协同,系统自动/技术保障,P089_S02,P089.stage.02.completed,节点结果、附件、状态事件、通知与审计记录
P089,生产发布,员工端,3,S03,业务确认,主办/填写,主办/决策,配置支撑/留痕,P089_S03,P089.stage.03.completed,节点结果、附件、状态事件、通知与审计记录
P089,生产发布,员工端,4,S04,变更评审,查看/配合,主办/决策,配置支撑/留痕,P089_S04,P089.stage.04.completed,节点结果、附件、状态事件、通知与审计记录
P089,生产发布,员工端,5,S05,窗口执行,主办/填写,监督/协同,配置支撑/留痕,P089_S05,P089.stage.05.completed,节点结果、附件、状态事件、通知与审计记录
P089,生产发布,员工端,6,S06,健康检查,查看/配合,监督/协同,配置支撑/留痕,P089_S06,P089.stage.06.completed,节点结果、附件、状态事件、通知与审计记录
P089,生产发布,员工端,7,S07,灰度,查看/配合,监督/协同,系统自动/技术保障,P089_S07,P089.stage.07.completed,节点结果、附件、状态事件、通知与审计记录
P089,生产发布,员工端,8,S08,全量或回退,查看/配合,监督/协同,配置支撑/留痕,P089_S08,P089.stage.08.completed,节点结果、附件、状态事件、通知与审计记录
P089,生产发布,员工端,9,S09,归档,查看/配合,主办/决策,配置支撑/留痕,P089_S09,P089.stage.09.completed,节点结果、附件、状态事件、通知与审计记录
P090,账号执行,员工端,1,S01,业务授权批准,查看/配合,主办/决策,配置支撑/留痕,P090_S01,P090.stage.01.completed,节点结果、附件、状态事件、通知与审计记录
P090,账号执行,员工端,2,S02,执行任务,主办/填写,监督/协同,配置支撑/留痕,P090_S02,P090.stage.02.completed,节点结果、附件、状态事件、通知与审计记录
P090,账号执行,员工端,3,S03,最小权限配置,查看/配合,监督/协同,系统自动/技术保障,P090_S03,P090.stage.03.completed,节点结果、附件、状态事件、通知与审计记录
P090,账号执行,员工端,4,S04,回执,查看/配合,监督/协同,配置支撑/留痕,P090_S04,P090.stage.04.completed,节点结果、附件、状态事件、通知与审计记录
P090,账号执行,员工端,5,S05,权限复核,查看/配合,主办/决策,系统自动/技术保障,P090_S05,P090.stage.05.completed,节点结果、附件、状态事件、通知与审计记录
P090,账号执行,员工端,6,S06,到期/离职回收,查看/配合,监督/协同,配置支撑/留痕,P090_S06,P090.stage.06.completed,节点结果、附件、状态事件、通知与审计记录
P091,恢复演练,员工端,1,S01,演练计划,查看/配合,主办/决策,配置支撑/留痕,P091_S01,P091.stage.01.completed,节点结果、附件、状态事件、通知与审计记录
P091,恢复演练,员工端,2,S02,备份选择,查看/配合,监督/协同,系统自动/技术保障,P091_S02,P091.stage.02.completed,节点结果、附件、状态事件、通知与审计记录
P091,恢复演练,员工端,3,S03,隔离环境恢复,查看/配合,监督/协同,配置支撑/留痕,P091_S03,P091.stage.03.completed,节点结果、附件、状态事件、通知与审计记录
P091,恢复演练,员工端,4,S04,数据一致性验证,查看/配合,监督/协同,配置支撑/留痕,P091_S04,P091.stage.04.completed,节点结果、附件、状态事件、通知与审计记录
P091,恢复演练,员工端,5,S05,结果报告,查看/配合,监督/协同,配置支撑/留痕,P091_S05,P091.stage.05.completed,节点结果、附件、状态事件、通知与审计记录
P091,恢复演练,员工端,6,S06,整改,查看/配合,监督/协同,配置支撑/留痕,P091_S06,P091.stage.06.completed,节点结果、附件、状态事件、通知与审计记录
P092,需求开发,员工端,1,S01,需求基线,查看/配合,监督/协同,配置支撑/留痕,P092_S01,P092.stage.01.completed,节点结果、附件、状态事件、通知与审计记录
P092,需求开发,员工端,2,S02,方案评审,查看/配合,主办/决策,配置支撑/留痕,P092_S02,P092.stage.02.completed,节点结果、附件、状态事件、通知与审计记录
P092,需求开发,员工端,3,S03,任务拆分,查看/配合,监督/协同,配置支撑/留痕,P092_S03,P092.stage.03.completed,节点结果、附件、状态事件、通知与审计记录
P092,需求开发,员工端,4,S04,失败测试,查看/配合,监督/协同,系统自动/技术保障,P092_S04,P092.stage.04.completed,节点结果、附件、状态事件、通知与审计记录
P092,需求开发,员工端,5,S05,最小实现,查看/配合,监督/协同,配置支撑/留痕,P092_S05,P092.stage.05.completed,节点结果、附件、状态事件、通知与审计记录
P092,需求开发,员工端,6,S06,代码评审,查看/配合,主办/决策,配置支撑/留痕,P092_S06,P092.stage.06.completed,节点结果、附件、状态事件、通知与审计记录
P092,需求开发,员工端,7,S07,自动化测试,查看/配合,监督/协同,系统自动/技术保障,P092_S07,P092.stage.07.completed,节点结果、附件、状态事件、通知与审计记录
P092,需求开发,员工端,8,S08,验收,查看/配合,主办/决策,配置支撑/留痕,P092_S08,P092.stage.08.completed,节点结果、附件、状态事件、通知与审计记录
P092,需求开发,员工端,9,S09,发布,查看/配合,主办/决策,配置支撑/留痕,P092_S09,P092.stage.09.completed,节点结果、附件、状态事件、通知与审计记录
P093,缺陷修复,员工端,1,S01,复现,查看/配合,监督/协同,配置支撑/留痕,P093_S01,P093.stage.01.completed,节点结果、附件、状态事件、通知与审计记录
P093,缺陷修复,员工端,2,S02,严重度,查看/配合,监督/协同,配置支撑/留痕,P093_S02,P093.stage.02.completed,节点结果、附件、状态事件、通知与审计记录
P093,缺陷修复,员工端,3,S03,根因,查看/配合,监督/协同,配置支撑/留痕,P093_S03,P093.stage.03.completed,节点结果、附件、状态事件、通知与审计记录
P093,缺陷修复,员工端,4,S04,回归测试先行,查看/配合,监督/协同,系统自动/技术保障,P093_S04,P093.stage.04.completed,节点结果、附件、状态事件、通知与审计记录
P093,缺陷修复,员工端,5,S05,修复,查看/配合,监督/协同,配置支撑/留痕,P093_S05,P093.stage.05.completed,节点结果、附件、状态事件、通知与审计记录
P093,缺陷修复,员工端,6,S06,安全与影响审查,查看/配合,监督/协同,配置支撑/留痕,P093_S06,P093.stage.06.completed,节点结果、附件、状态事件、通知与审计记录
P093,缺陷修复,员工端,7,S07,发布,查看/配合,主办/决策,配置支撑/留痕,P093_S07,P093.stage.07.completed,节点结果、附件、状态事件、通知与审计记录
P093,缺陷修复,员工端,8,S08,监控,查看/配合,监督/协同,系统自动/技术保障,P093_S08,P093.stage.08.completed,节点结果、附件、状态事件、通知与审计记录
P094,版本发布,员工端,1,S01,冻结范围,查看/配合,监督/协同,配置支撑/留痕,P094_S01,P094.stage.01.completed,节点结果、附件、状态事件、通知与审计记录
P094,版本发布,员工端,2,S02,构建,查看/配合,监督/协同,系统自动/技术保障,P094_S02,P094.stage.02.completed,节点结果、附件、状态事件、通知与审计记录
P094,版本发布,员工端,3,S03,测试门禁,查看/配合,监督/协同,系统自动/技术保障,P094_S03,P094.stage.03.completed,节点结果、附件、状态事件、通知与审计记录
P094,版本发布,员工端,4,S04,迁移演练,查看/配合,监督/协同,系统自动/技术保障,P094_S04,P094.stage.04.completed,节点结果、附件、状态事件、通知与审计记录
P094,版本发布,员工端,5,S05,变更审批,查看/配合,主办/决策,配置支撑/留痕,P094_S05,P094.stage.05.completed,节点结果、附件、状态事件、通知与审计记录
P094,版本发布,员工端,6,S06,灰度,查看/配合,监督/协同,系统自动/技术保障,P094_S06,P094.stage.06.completed,节点结果、附件、状态事件、通知与审计记录
P094,版本发布,员工端,7,S07,监控,查看/配合,监督/协同,系统自动/技术保障,P094_S07,P094.stage.07.completed,节点结果、附件、状态事件、通知与审计记录
P094,版本发布,员工端,8,S08,全量,查看/配合,监督/协同,配置支撑/留痕,P094_S08,P094.stage.08.completed,节点结果、附件、状态事件、通知与审计记录
P094,版本发布,员工端,9,S09,复盘,查看/配合,主办/决策,配置支撑/留痕,P094_S09,P094.stage.09.completed,节点结果、附件、状态事件、通知与审计记录
P095,宣传物料制作,员工端,1,S01,需求提交,查看/配合,监督/协同,配置支撑/留痕,P095_S01,P095.stage.01.completed,节点结果、附件、状态事件、通知与审计记录
P095,宣传物料制作,员工端,2,S02,完整性检查,查看/配合,监督/协同,配置支撑/留痕,P095_S02,P095.stage.02.completed,节点结果、附件、状态事件、通知与审计记录
P095,宣传物料制作,员工端,3,S03,排期,查看/配合,监督/协同,配置支撑/留痕,P095_S03,P095.stage.03.completed,节点结果、附件、状态事件、通知与审计记录
P095,宣传物料制作,员工端,4,S04,创作,查看/配合,监督/协同,配置支撑/留痕,P095_S04,P095.stage.04.completed,节点结果、附件、状态事件、通知与审计记录
P095,宣传物料制作,员工端,5,S05,内部审核,查看/配合,主办/决策,配置支撑/留痕,P095_S05,P095.stage.05.completed,节点结果、附件、状态事件、通知与审计记录
P095,宣传物料制作,员工端,6,S06,需求方确认,主办/填写,主办/决策,配置支撑/留痕,P095_S06,P095.stage.06.completed,节点结果、附件、状态事件、通知与审计记录
P095,宣传物料制作,员工端,7,S07,版权检查,查看/配合,监督/协同,配置支撑/留痕,P095_S07,P095.stage.07.completed,节点结果、附件、状态事件、通知与审计记录
P095,宣传物料制作,员工端,8,S08,定稿交付,查看/配合,监督/协同,配置支撑/留痕,P095_S08,P095.stage.08.completed,节点结果、附件、状态事件、通知与审计记录
P095,宣传物料制作,员工端,9,S09,资产入库,查看/配合,监督/协同,配置支撑/留痕,P095_S09,P095.stage.09.completed,节点结果、附件、状态事件、通知与审计记录
P096,拍摄任务,员工端,1,S01,拍摄需求,主办/填写,监督/协同,配置支撑/留痕,P096_S01,P096.stage.01.completed,节点结果、附件、状态事件、通知与审计记录
P096,拍摄任务,员工端,2,S02,人员场地授权,查看/配合,监督/协同,配置支撑/留痕,P096_S02,P096.stage.02.completed,节点结果、附件、状态事件、通知与审计记录
P096,拍摄任务,员工端,3,S03,脚本与清单,查看/配合,监督/协同,配置支撑/留痕,P096_S03,P096.stage.03.completed,节点结果、附件、状态事件、通知与审计记录
P096,拍摄任务,员工端,4,S04,执行,主办/填写,监督/协同,配置支撑/留痕,P096_S04,P096.stage.04.completed,节点结果、附件、状态事件、通知与审计记录
P096,拍摄任务,员工端,5,S05,素材回收,查看/配合,监督/协同,配置支撑/留痕,P096_S05,P096.stage.05.completed,节点结果、附件、状态事件、通知与审计记录
P096,拍摄任务,员工端,6,S06,筛选后期,查看/配合,监督/协同,配置支撑/留痕,P096_S06,P096.stage.06.completed,节点结果、附件、状态事件、通知与审计记录
P096,拍摄任务,员工端,7,S07,审核,查看/配合,主办/决策,配置支撑/留痕,P096_S07,P096.stage.07.completed,节点结果、附件、状态事件、通知与审计记录
P096,拍摄任务,员工端,8,S08,归档,查看/配合,主办/决策,配置支撑/留痕,P096_S08,P096.stage.08.completed,节点结果、附件、状态事件、通知与审计记录
P097,返工变更,员工端,1,S01,变更申请,主办/填写,监督/协同,配置支撑/留痕,P097_S01,P097.stage.01.completed,节点结果、附件、状态事件、通知与审计记录
P097,返工变更,员工端,2,S02,影响分析,查看/配合,监督/协同,配置支撑/留痕,P097_S02,P097.stage.02.completed,节点结果、附件、状态事件、通知与审计记录
P097,返工变更,员工端,3,S03,版本冻结,查看/配合,监督/协同,配置支撑/留痕,P097_S03,P097.stage.03.completed,节点结果、附件、状态事件、通知与审计记录
P097,返工变更,员工端,4,S04,返工,查看/配合,监督/协同,配置支撑/留痕,P097_S04,P097.stage.04.completed,节点结果、附件、状态事件、通知与审计记录
P097,返工变更,员工端,5,S05,重新审核,查看/配合,主办/决策,配置支撑/留痕,P097_S05,P097.stage.05.completed,节点结果、附件、状态事件、通知与审计记录
P097,返工变更,员工端,6,S06,替换交付,查看/配合,监督/协同,配置支撑/留痕,P097_S06,P097.stage.06.completed,节点结果、附件、状态事件、通知与审计记录
P097,返工变更,员工端,7,S07,旧版停用,查看/配合,监督/协同,配置支撑/留痕,P097_S07,P097.stage.07.completed,节点结果、附件、状态事件、通知与审计记录
P098,策划项目,员工端,1,S01,需求,查看/配合,监督/协同,配置支撑/留痕,P098_S01,P098.stage.01.completed,节点结果、附件、状态事件、通知与审计记录
P098,策划项目,员工端,2,S02,初评,查看/配合,监督/协同,配置支撑/留痕,P098_S02,P098.stage.02.completed,节点结果、附件、状态事件、通知与审计记录
P098,策划项目,员工端,3,S03,立项,查看/配合,监督/协同,配置支撑/留痕,P098_S03,P098.stage.03.completed,节点结果、附件、状态事件、通知与审计记录
P098,策划项目,员工端,4,S04,调研,查看/配合,监督/协同,配置支撑/留痕,P098_S04,P098.stage.04.completed,节点结果、附件、状态事件、通知与审计记录
P098,策划项目,员工端,5,S05,方案,查看/配合,监督/协同,配置支撑/留痕,P098_S05,P098.stage.05.completed,节点结果、附件、状态事件、通知与审计记录
P098,策划项目,员工端,6,S06,评审,查看/配合,主办/决策,配置支撑/留痕,P098_S06,P098.stage.06.completed,节点结果、附件、状态事件、通知与审计记录
P098,策划项目,员工端,7,S07,预算资源确认,主办/填写,主办/决策,配置支撑/留痕,P098_S07,P098.stage.07.completed,节点结果、附件、状态事件、通知与审计记录
P098,策划项目,员工端,8,S08,批准,查看/配合,主办/决策,配置支撑/留痕,P098_S08,P098.stage.08.completed,节点结果、附件、状态事件、通知与审计记录
P098,策划项目,员工端,9,S09,执行移交,主办/填写,监督/协同,配置支撑/留痕,P098_S09,P098.stage.09.completed,节点结果、附件、状态事件、通知与审计记录
P098,策划项目,员工端,10,S10,验收复盘,查看/配合,主办/决策,配置支撑/留痕,P098_S10,P098.stage.10.completed,节点结果、附件、状态事件、通知与审计记录
P099,方案变更,员工端,1,S01,变更申请,主办/填写,监督/协同,配置支撑/留痕,P099_S01,P099.stage.01.completed,节点结果、附件、状态事件、通知与审计记录
P099,方案变更,员工端,2,S02,原因与影响,查看/配合,监督/协同,配置支撑/留痕,P099_S02,P099.stage.02.completed,节点结果、附件、状态事件、通知与审计记录
P099,方案变更,员工端,3,S03,受影响中心会签,查看/配合,监督/协同,配置支撑/留痕,P099_S03,P099.stage.03.completed,节点结果、附件、状态事件、通知与审计记录
P099,方案变更,员工端,4,S04,新版本批准,查看/配合,主办/决策,配置支撑/留痕,P099_S04,P099.stage.04.completed,节点结果、附件、状态事件、通知与审计记录
P099,方案变更,员工端,5,S05,任务和预算同步,查看/配合,监督/协同,系统自动/技术保障,P099_S05,P099.stage.05.completed,节点结果、附件、状态事件、通知与审计记录
P099,方案变更,员工端,6,S06,旧版停用,查看/配合,监督/协同,配置支撑/留痕,P099_S06,P099.stage.06.completed,节点结果、附件、状态事件、通知与审计记录
P100,活动策划移交,员工端,1,S01,活动目标,查看/配合,监督/协同,配置支撑/留痕,P100_S01,P100.stage.01.completed,节点结果、附件、状态事件、通知与审计记录
P100,活动策划移交,员工端,2,S02,方案和流程,查看/配合,监督/协同,配置支撑/留痕,P100_S02,P100.stage.02.completed,节点结果、附件、状态事件、通知与审计记录
P100,活动策划移交,员工端,3,S03,人员资源清单,查看/配合,主办/决策,配置支撑/留痕,P100_S03,P100.stage.03.completed,节点结果、附件、状态事件、通知与审计记录
P100,活动策划移交,员工端,4,S04,行政活动主单,查看/配合,监督/协同,配置支撑/留痕,P100_S04,P100.stage.04.completed,节点结果、附件、状态事件、通知与审计记录
P100,活动策划移交,员工端,5,S05,现场执行,主办/填写,监督/协同,配置支撑/留痕,P100_S05,P100.stage.05.completed,节点结果、附件、状态事件、通知与审计记录
P100,活动策划移交,员工端,6,S06,数据回收,查看/配合,监督/协同,配置支撑/留痕,P100_S06,P100.stage.06.completed,节点结果、附件、状态事件、通知与审计记录
P100,活动策划移交,员工端,7,S07,效果复盘,查看/配合,主办/决策,配置支撑/留痕,P100_S07,P100.stage.07.completed,节点结果、附件、状态事件、通知与审计记录
P101,产品上架,员工端,1,S01,产品资料,查看/配合,监督/协同,配置支撑/留痕,P101_S01,P101.stage.01.completed,节点结果、附件、状态事件、通知与审计记录
P101,产品上架,员工端,2,S02,内部产品映射,查看/配合,监督/协同,配置支撑/留痕,P101_S02,P101.stage.02.completed,节点结果、附件、状态事件、通知与审计记录
P101,产品上架,员工端,3,S03,价格库存规则,查看/配合,监督/协同,配置支撑/留痕,P101_S03,P101.stage.03.completed,节点结果、附件、状态事件、通知与审计记录
P101,产品上架,员工端,4,S04,内容审核,查看/配合,主办/决策,配置支撑/留痕,P101_S04,P101.stage.04.completed,节点结果、附件、状态事件、通知与审计记录
P101,产品上架,员工端,5,S05,平台发布,查看/配合,主办/决策,配置支撑/留痕,P101_S05,P101.stage.05.completed,节点结果、附件、状态事件、通知与审计记录
P101,产品上架,员工端,6,S06,回传校验,查看/配合,主办/决策,配置支撑/留痕,P101_S06,P101.stage.06.completed,节点结果、附件、状态事件、通知与审计记录
P101,产品上架,员工端,7,S07,监控,查看/配合,监督/协同,系统自动/技术保障,P101_S07,P101.stage.07.completed,节点结果、附件、状态事件、通知与审计记录
P102,OTA订单,员工端,1,S01,平台订单,查看/配合,监督/协同,配置支撑/留痕,P102_S01,P102.stage.01.completed,节点结果、附件、状态事件、通知与审计记录
P102,OTA订单,员工端,2,S02,签名与防重,查看/配合,监督/协同,系统自动/技术保障,P102_S02,P102.stage.02.completed,节点结果、附件、状态事件、通知与审计记录
P102,OTA订单,员工端,3,S03,价格库存校验,查看/配合,主办/决策,配置支撑/留痕,P102_S03,P102.stage.03.completed,节点结果、附件、状态事件、通知与审计记录
P102,OTA订单,员工端,4,S04,内部订单创建,查看/配合,监督/协同,配置支撑/留痕,P102_S04,P102.stage.04.completed,节点结果、附件、状态事件、通知与审计记录
P102,OTA订单,员工端,5,S05,出票/预约,查看/配合,监督/协同,配置支撑/留痕,P102_S05,P102.stage.05.completed,节点结果、附件、状态事件、通知与审计记录
P102,OTA订单,员工端,6,S06,核销,主办/填写,监督/协同,配置支撑/留痕,P102_S06,P102.stage.06.completed,节点结果、附件、状态事件、通知与审计记录
P102,OTA订单,员工端,7,S07,结算,查看/配合,监督/协同,配置支撑/留痕,P102_S07,P102.stage.07.completed,节点结果、附件、状态事件、通知与审计记录
P103,退款,员工端,1,S01,平台申请,主办/填写,监督/协同,配置支撑/留痕,P103_S01,P103.stage.01.completed,节点结果、附件、状态事件、通知与审计记录
P103,退款,员工端,2,S02,内部规则校验,查看/配合,主办/决策,配置支撑/留痕,P103_S02,P103.stage.02.completed,节点结果、附件、状态事件、通知与审计记录
P103,退款,员工端,3,S03,票码冻结,查看/配合,监督/协同,配置支撑/留痕,P103_S03,P103.stage.03.completed,节点结果、附件、状态事件、通知与审计记录
P103,退款,员工端,4,S04,退款执行,主办/填写,监督/协同,配置支撑/留痕,P103_S04,P103.stage.04.completed,节点结果、附件、状态事件、通知与审计记录
P103,退款,员工端,5,S05,平台回调,查看/配合,监督/协同,系统自动/技术保障,P103_S05,P103.stage.05.completed,节点结果、附件、状态事件、通知与审计记录
P103,退款,员工端,6,S06,财务冲销,查看/配合,监督/协同,配置支撑/留痕,P103_S06,P103.stage.06.completed,节点结果、附件、状态事件、通知与审计记录
P103,退款,员工端,7,S07,状态一致性对账,查看/配合,主办/决策,配置支撑/留痕,P103_S07,P103.stage.07.completed,节点结果、附件、状态事件、通知与审计记录
P104,评价客诉,员工端,1,S01,评价抓取,主办/填写,监督/协同,配置支撑/留痕,P104_S01,P104.stage.01.completed,节点结果、附件、状态事件、通知与审计记录
P104,评价客诉,员工端,2,S02,分类,查看/配合,监督/协同,配置支撑/留痕,P104_S02,P104.stage.02.completed,节点结果、附件、状态事件、通知与审计记录
P104,评价客诉,员工端,3,S03,回复审批,查看/配合,主办/决策,配置支撑/留痕,P104_S03,P104.stage.03.completed,节点结果、附件、状态事件、通知与审计记录
P104,评价客诉,员工端,4,S04,客服处理,查看/配合,主办/决策,配置支撑/留痕,P104_S04,P104.stage.04.completed,节点结果、附件、状态事件、通知与审计记录
P104,评价客诉,员工端,5,S05,重大投诉转案件,查看/配合,监督/协同,配置支撑/留痕,P104_S05,P104.stage.05.completed,节点结果、附件、状态事件、通知与审计记录
P104,评价客诉,员工端,6,S06,回访,查看/配合,监督/协同,配置支撑/留痕,P104_S06,P104.stage.06.completed,节点结果、附件、状态事件、通知与审计记录
P105,短视频发布,员工端,1,S01,选题,查看/配合,监督/协同,配置支撑/留痕,P105_S01,P105.stage.01.completed,节点结果、附件、状态事件、通知与审计记录
P105,短视频发布,员工端,2,S02,脚本,查看/配合,监督/协同,配置支撑/留痕,P105_S02,P105.stage.02.completed,节点结果、附件、状态事件、通知与审计记录
P105,短视频发布,员工端,3,S03,专业事实审核,查看/配合,主办/决策,配置支撑/留痕,P105_S03,P105.stage.03.completed,节点结果、附件、状态事件、通知与审计记录
P105,短视频发布,员工端,4,S04,拍摄,主办/填写,监督/协同,配置支撑/留痕,P105_S04,P105.stage.04.completed,节点结果、附件、状态事件、通知与审计记录
P105,短视频发布,员工端,5,S05,剪辑,查看/配合,监督/协同,配置支撑/留痕,P105_S05,P105.stage.05.completed,节点结果、附件、状态事件、通知与审计记录
P105,短视频发布,员工端,6,S06,版权品牌审核,查看/配合,主办/决策,配置支撑/留痕,P105_S06,P105.stage.06.completed,节点结果、附件、状态事件、通知与审计记录
P105,短视频发布,员工端,7,S07,发布审批,查看/配合,主办/决策,配置支撑/留痕,P105_S07,P105.stage.07.completed,节点结果、附件、状态事件、通知与审计记录
P105,短视频发布,员工端,8,S08,上线,查看/配合,监督/协同,配置支撑/留痕,P105_S08,P105.stage.08.completed,节点结果、附件、状态事件、通知与审计记录
P105,短视频发布,员工端,9,S09,数据回收,查看/配合,监督/协同,配置支撑/留痕,P105_S09,P105.stage.09.completed,节点结果、附件、状态事件、通知与审计记录
P105,短视频发布,员工端,10,S10,复盘,查看/配合,主办/决策,配置支撑/留痕,P105_S10,P105.stage.10.completed,节点结果、附件、状态事件、通知与审计记录
P106,直播执行,员工端,1,S01,直播立项,主办/填写,监督/协同,配置支撑/留痕,P106_S01,P106.stage.01.completed,节点结果、附件、状态事件、通知与审计记录
P106,直播执行,员工端,2,S02,产品与话术,查看/配合,监督/协同,配置支撑/留痕,P106_S02,P106.stage.02.completed,节点结果、附件、状态事件、通知与审计记录
P106,直播执行,员工端,3,S03,主播场控排班,查看/配合,主办/决策,配置支撑/留痕,P106_S03,P106.stage.03.completed,节点结果、附件、状态事件、通知与审计记录
P106,直播执行,员工端,4,S04,设备联调,查看/配合,监督/协同,配置支撑/留痕,P106_S04,P106.stage.04.completed,节点结果、附件、状态事件、通知与审计记录
P106,直播执行,员工端,5,S05,开播,查看/配合,监督/协同,配置支撑/留痕,P106_S05,P106.stage.05.completed,节点结果、附件、状态事件、通知与审计记录
P106,直播执行,员工端,6,S06,异常处置,查看/配合,监督/协同,配置支撑/留痕,P106_S06,P106.stage.06.completed,节点结果、附件、状态事件、通知与审计记录
P106,直播执行,员工端,7,S07,订单线索回传,查看/配合,监督/协同,配置支撑/留痕,P106_S07,P106.stage.07.completed,节点结果、附件、状态事件、通知与审计记录
P106,直播执行,员工端,8,S08,复盘,查看/配合,主办/决策,配置支撑/留痕,P106_S08,P106.stage.08.completed,节点结果、附件、状态事件、通知与审计记录
P107,投放,员工端,1,S01,投放目标,查看/配合,监督/协同,配置支撑/留痕,P107_S01,P107.stage.01.completed,节点结果、附件、状态事件、通知与审计记录
P107,投放,员工端,2,S02,预算,查看/配合,监督/协同,配置支撑/留痕,P107_S02,P107.stage.02.completed,节点结果、附件、状态事件、通知与审计记录
P107,投放,员工端,3,S03,素材,查看/配合,监督/协同,配置支撑/留痕,P107_S03,P107.stage.03.completed,节点结果、附件、状态事件、通知与审计记录
P107,投放,员工端,4,S04,人群,查看/配合,监督/协同,配置支撑/留痕,P107_S04,P107.stage.04.completed,节点结果、附件、状态事件、通知与审计记录
P107,投放,员工端,5,S05,审批,查看/配合,主办/决策,配置支撑/留痕,P107_S05,P107.stage.05.completed,节点结果、附件、状态事件、通知与审计记录
P107,投放,员工端,6,S06,上线,查看/配合,监督/协同,配置支撑/留痕,P107_S06,P107.stage.06.completed,节点结果、附件、状态事件、通知与审计记录
P107,投放,员工端,7,S07,监控,查看/配合,监督/协同,系统自动/技术保障,P107_S07,P107.stage.07.completed,节点结果、附件、状态事件、通知与审计记录
P107,投放,员工端,8,S08,调整,查看/配合,监督/协同,配置支撑/留痕,P107_S08,P107.stage.08.completed,节点结果、附件、状态事件、通知与审计记录
P107,投放,员工端,9,S09,关闭,查看/配合,主办/决策,配置支撑/留痕,P107_S09,P107.stage.09.completed,节点结果、附件、状态事件、通知与审计记录
P107,投放,员工端,10,S10,财务对账,查看/配合,主办/决策,配置支撑/留痕,P107_S10,P107.stage.10.completed,节点结果、附件、状态事件、通知与审计记录
P108,舆情,员工端,1,S01,发现,查看/配合,监督/协同,配置支撑/留痕,P108_S01,P108.stage.01.completed,节点结果、附件、状态事件、通知与审计记录
P108,舆情,员工端,2,S02,分级,查看/配合,监督/协同,配置支撑/留痕,P108_S02,P108.stage.02.completed,节点结果、附件、状态事件、通知与审计记录
P108,舆情,员工端,3,S03,暂停自动回复,查看/配合,监督/协同,系统自动/技术保障,P108_S03,P108.stage.03.completed,节点结果、附件、状态事件、通知与审计记录
P108,舆情,员工端,4,S04,事实核验,查看/配合,主办/决策,配置支撑/留痕,P108_S04,P108.stage.04.completed,节点结果、附件、状态事件、通知与审计记录
P108,舆情,员工端,5,S05,统一口径,查看/配合,监督/协同,配置支撑/留痕,P108_S05,P108.stage.05.completed,节点结果、附件、状态事件、通知与审计记录
P108,舆情,员工端,6,S06,响应,查看/配合,监督/协同,配置支撑/留痕,P108_S06,P108.stage.06.completed,节点结果、附件、状态事件、通知与审计记录
P108,舆情,员工端,7,S07,持续监控,查看/配合,监督/协同,系统自动/技术保障,P108_S07,P108.stage.07.completed,节点结果、附件、状态事件、通知与审计记录
P108,舆情,员工端,8,S08,案件或复盘,查看/配合,主办/决策,配置支撑/留痕,P108_S08,P108.stage.08.completed,节点结果、附件、状态事件、通知与审计记录
P109,品牌授权,员工端,1,S01,申请,主办/填写,监督/协同,配置支撑/留痕,P109_S01,P109.stage.01.completed,节点结果、附件、状态事件、通知与审计记录
P109,品牌授权,员工端,2,S02,用途主体期限,查看/配合,监督/协同,配置支撑/留痕,P109_S02,P109.stage.02.completed,节点结果、附件、状态事件、通知与审计记录
P109,品牌授权,员工端,3,S03,材料核验,查看/配合,主办/决策,配置支撑/留痕,P109_S03,P109.stage.03.completed,节点结果、附件、状态事件、通知与审计记录
P109,品牌授权,员工端,4,S04,风险评估,查看/配合,监督/协同,配置支撑/留痕,P109_S04,P109.stage.04.completed,节点结果、附件、状态事件、通知与审计记录
P109,品牌授权,员工端,5,S05,审批,查看/配合,主办/决策,配置支撑/留痕,P109_S05,P109.stage.05.completed,节点结果、附件、状态事件、通知与审计记录
P109,品牌授权,员工端,6,S06,授权文件,查看/配合,监督/协同,配置支撑/留痕,P109_S06,P109.stage.06.completed,节点结果、附件、状态事件、通知与审计记录
P109,品牌授权,员工端,7,S07,到期提醒,查看/配合,监督/协同,配置支撑/留痕,P109_S07,P109.stage.07.completed,节点结果、附件、状态事件、通知与审计记录
P109,品牌授权,员工端,8,S08,终止/续期,查看/配合,监督/协同,配置支撑/留痕,P109_S08,P109.stage.08.completed,节点结果、附件、状态事件、通知与审计记录
P110,物料审核,员工端,1,S01,提交物料,查看/配合,监督/协同,配置支撑/留痕,P110_S01,P110.stage.01.completed,节点结果、附件、状态事件、通知与审计记录
P110,物料审核,员工端,2,S02,规范自动检查,查看/配合,监督/协同,系统自动/技术保障,P110_S02,P110.stage.02.completed,节点结果、附件、状态事件、通知与审计记录
P110,物料审核,员工端,3,S03,人工审核,查看/配合,主办/决策,配置支撑/留痕,P110_S03,P110.stage.03.completed,节点结果、附件、状态事件、通知与审计记录
P110,物料审核,员工端,4,S04,退回修改,查看/配合,监督/协同,配置支撑/留痕,P110_S04,P110.stage.04.completed,节点结果、附件、状态事件、通知与审计记录
P110,物料审核,员工端,5,S05,批准,查看/配合,主办/决策,配置支撑/留痕,P110_S05,P110.stage.05.completed,节点结果、附件、状态事件、通知与审计记录
P110,物料审核,员工端,6,S06,版本固化,查看/配合,监督/协同,配置支撑/留痕,P110_S06,P110.stage.06.completed,节点结果、附件、状态事件、通知与审计记录
P110,物料审核,员工端,7,S07,发布移交,查看/配合,主办/决策,配置支撑/留痕,P110_S07,P110.stage.07.completed,节点结果、附件、状态事件、通知与审计记录
P111,侵权处理,员工端,1,S01,线索,查看/配合,监督/协同,配置支撑/留痕,P111_S01,P111.stage.01.completed,节点结果、附件、状态事件、通知与审计记录
P111,侵权处理,员工端,2,S02,证据保全,查看/配合,监督/协同,配置支撑/留痕,P111_S02,P111.stage.02.completed,节点结果、附件、状态事件、通知与审计记录
P111,侵权处理,员工端,3,S03,真实性核验,查看/配合,主办/决策,配置支撑/留痕,P111_S03,P111.stage.03.completed,节点结果、附件、状态事件、通知与审计记录
P111,侵权处理,员工端,4,S04,风险分级,查看/配合,监督/协同,配置支撑/留痕,P111_S04,P111.stage.04.completed,节点结果、附件、状态事件、通知与审计记录
P111,侵权处理,员工端,5,S05,通知或法务协同,查看/配合,监督/协同,配置支撑/留痕,P111_S05,P111.stage.05.completed,节点结果、附件、状态事件、通知与审计记录
P111,侵权处理,员工端,6,S06,下架整改,查看/配合,监督/协同,配置支撑/留痕,P111_S06,P111.stage.06.completed,节点结果、附件、状态事件、通知与审计记录
P111,侵权处理,员工端,7,S07,复查,查看/配合,监督/协同,配置支撑/留痕,P111_S07,P111.stage.07.completed,节点结果、附件、状态事件、通知与审计记录
P111,侵权处理,员工端,8,S08,关闭,查看/配合,主办/决策,配置支撑/留痕,P111_S08,P111.stage.08.completed,节点结果、附件、状态事件、通知与审计记录
P112,标准接待,员工端,1,S01,需求,查看/配合,监督/协同,配置支撑/留痕,P112_S01,P112.stage.01.completed,节点结果、附件、状态事件、通知与审计记录
P112,标准接待,员工端,2,S02,客情核验,查看/配合,主办/决策,配置支撑/留痕,P112_S02,P112.stage.02.completed,节点结果、附件、状态事件、通知与审计记录
P112,标准接待,员工端,3,S03,等级预算审批,查看/配合,主办/决策,配置支撑/留痕,P112_S03,P112.stage.03.completed,节点结果、附件、状态事件、通知与审计记录
P112,标准接待,员工端,4,S04,方案,查看/配合,监督/协同,配置支撑/留痕,P112_S04,P112.stage.04.completed,节点结果、附件、状态事件、通知与审计记录
P112,标准接待,员工端,5,S05,资源子单,查看/配合,主办/决策,配置支撑/留痕,P112_S05,P112.stage.05.completed,节点结果、附件、状态事件、通知与审计记录
P112,标准接待,员工端,6,S06,行前确认,主办/填写,主办/决策,配置支撑/留痕,P112_S06,P112.stage.06.completed,节点结果、附件、状态事件、通知与审计记录
P112,标准接待,员工端,7,S07,接待执行,主办/填写,监督/协同,配置支撑/留痕,P112_S07,P112.stage.07.completed,节点结果、附件、状态事件、通知与审计记录
P112,标准接待,员工端,8,S08,离场,查看/配合,监督/协同,配置支撑/留痕,P112_S08,P112.stage.08.completed,节点结果、附件、状态事件、通知与审计记录
P112,标准接待,员工端,9,S09,回访,查看/配合,监督/协同,配置支撑/留痕,P112_S09,P112.stage.09.completed,节点结果、附件、状态事件、通知与审计记录
P112,标准接待,员工端,10,S10,费用与复盘,查看/配合,主办/决策,配置支撑/留痕,P112_S10,P112.stage.10.completed,节点结果、附件、状态事件、通知与审计记录
P113,临时变更,员工端,1,S01,变更提出,查看/配合,监督/协同,配置支撑/留痕,P113_S01,P113.stage.01.completed,节点结果、附件、状态事件、通知与审计记录
P113,临时变更,员工端,2,S02,指定联系人确认,主办/填写,主办/决策,配置支撑/留痕,P113_S02,P113.stage.02.completed,节点结果、附件、状态事件、通知与审计记录
P113,临时变更,员工端,3,S03,影响分析,查看/配合,监督/协同,配置支撑/留痕,P113_S03,P113.stage.03.completed,节点结果、附件、状态事件、通知与审计记录
P113,临时变更,员工端,4,S04,更新唯一行程,查看/配合,监督/协同,配置支撑/留痕,P113_S04,P113.stage.04.completed,节点结果、附件、状态事件、通知与审计记录
P113,临时变更,员工端,5,S05,资源子单调整,查看/配合,主办/决策,配置支撑/留痕,P113_S05,P113.stage.05.completed,节点结果、附件、状态事件、通知与审计记录
P113,临时变更,员工端,6,S06,人员通知,查看/配合,监督/协同,配置支撑/留痕,P113_S06,P113.stage.06.completed,节点结果、附件、状态事件、通知与审计记录
P113,临时变更,员工端,7,S07,损耗记录,查看/配合,监督/协同,配置支撑/留痕,P113_S07,P113.stage.07.completed,节点结果、附件、状态事件、通知与审计记录
P114,导游执行,员工端,1,S01,排班,查看/配合,主办/决策,配置支撑/留痕,P114_S01,P114.stage.01.completed,节点结果、附件、状态事件、通知与审计记录
P114,导游执行,员工端,2,S02,路线讲解词版本,主办/填写,监督/协同,配置支撑/留痕,P114_S02,P114.stage.02.completed,节点结果、附件、状态事件、通知与审计记录
P114,导游执行,员工端,3,S03,人数票务天气确认,主办/填写,主办/决策,配置支撑/留痕,P114_S03,P114.stage.03.completed,节点结果、附件、状态事件、通知与审计记录
P114,导游执行,员工端,4,S04,出发,查看/配合,监督/协同,配置支撑/留痕,P114_S04,P114.stage.04.completed,节点结果、附件、状态事件、通知与审计记录
P114,导游执行,员工端,5,S05,持续清点,查看/配合,监督/协同,配置支撑/留痕,P114_S05,P114.stage.05.completed,节点结果、附件、状态事件、通知与审计记录
P114,导游执行,员工端,6,S06,异常处置,查看/配合,监督/协同,配置支撑/留痕,P114_S06,P114.stage.06.completed,节点结果、附件、状态事件、通知与审计记录
P114,导游执行,员工端,7,S07,结束反馈,主办/填写,监督/协同,配置支撑/留痕,P114_S07,P114.stage.07.completed,节点结果、附件、状态事件、通知与审计记录
P115,接待客诉,员工端,1,S01,受理,查看/配合,主办/决策,配置支撑/留痕,P115_S01,P115.stage.01.completed,节点结果、附件、状态事件、通知与审计记录
P115,接待客诉,员工端,2,S02,先行服务补救,查看/配合,监督/协同,配置支撑/留痕,P115_S02,P115.stage.02.completed,节点结果、附件、状态事件、通知与审计记录
P115,接待客诉,员工端,3,S03,事实记录,查看/配合,监督/协同,配置支撑/留痕,P115_S03,P115.stage.03.completed,节点结果、附件、状态事件、通知与审计记录
P115,接待客诉,员工端,4,S04,统一案件,查看/配合,监督/协同,配置支撑/留痕,P115_S04,P115.stage.04.completed,节点结果、附件、状态事件、通知与审计记录
P115,接待客诉,员工端,5,S05,调查,查看/配合,主办/决策,配置支撑/留痕,P115_S05,P115.stage.05.completed,节点结果、附件、状态事件、通知与审计记录
P115,接待客诉,员工端,6,S06,回访,查看/配合,监督/协同,配置支撑/留痕,P115_S06,P115.stage.06.completed,节点结果、附件、状态事件、通知与审计记录
P115,接待客诉,员工端,7,S07,整改,查看/配合,监督/协同,配置支撑/留痕,P115_S07,P115.stage.07.completed,节点结果、附件、状态事件、通知与审计记录
P116,线索转商机,员工端,1,S01,线索进入,查看/配合,监督/协同,配置支撑/留痕,P116_S01,P116.stage.01.completed,节点结果、附件、状态事件、通知与审计记录
P116,线索转商机,员工端,2,S02,合法性和查重,查看/配合,监督/协同,配置支撑/留痕,P116_S02,P116.stage.02.completed,节点结果、附件、状态事件、通知与审计记录
P116,线索转商机,员工端,3,S03,分配,查看/配合,监督/协同,配置支撑/留痕,P116_S03,P116.stage.03.completed,节点结果、附件、状态事件、通知与审计记录
P116,线索转商机,员工端,4,S04,首次联系,查看/配合,监督/协同,配置支撑/留痕,P116_S04,P116.stage.04.completed,节点结果、附件、状态事件、通知与审计记录
P116,线索转商机,员工端,5,S05,资格判断,查看/配合,监督/协同,配置支撑/留痕,P116_S05,P116.stage.05.completed,节点结果、附件、状态事件、通知与审计记录
P116,线索转商机,员工端,6,S06,转商机或关闭,查看/配合,主办/决策,配置支撑/留痕,P116_S06,P116.stage.06.completed,节点结果、附件、状态事件、通知与审计记录
P116,线索转商机,员工端,7,S07,下一步任务,查看/配合,监督/协同,配置支撑/留痕,P116_S07,P116.stage.07.completed,节点结果、附件、状态事件、通知与审计记录
P117,销售成交,员工端,1,S01,需求,查看/配合,监督/协同,配置支撑/留痕,P117_S01,P117.stage.01.completed,节点结果、附件、状态事件、通知与审计记录
P117,销售成交,员工端,2,S02,方案,查看/配合,监督/协同,配置支撑/留痕,P117_S02,P117.stage.02.completed,节点结果、附件、状态事件、通知与审计记录
P117,销售成交,员工端,3,S03,报价审批,查看/配合,主办/决策,配置支撑/留痕,P117_S03,P117.stage.03.completed,节点结果、附件、状态事件、通知与审计记录
P117,销售成交,员工端,4,S04,商务谈判,查看/配合,监督/协同,配置支撑/留痕,P117_S04,P117.stage.04.completed,节点结果、附件、状态事件、通知与审计记录
P117,销售成交,员工端,5,S05,合同协同,查看/配合,监督/协同,配置支撑/留痕,P117_S05,P117.stage.05.completed,节点结果、附件、状态事件、通知与审计记录
P117,销售成交,员工端,6,S06,订单,查看/配合,监督/协同,配置支撑/留痕,P117_S06,P117.stage.06.completed,节点结果、附件、状态事件、通知与审计记录
P117,销售成交,员工端,7,S07,交付移交,查看/配合,监督/协同,配置支撑/留痕,P117_S07,P117.stage.07.completed,节点结果、附件、状态事件、通知与审计记录
P117,销售成交,员工端,8,S08,回款,查看/配合,监督/协同,配置支撑/留痕,P117_S08,P117.stage.08.completed,节点结果、附件、状态事件、通知与审计记录
P117,销售成交,员工端,9,S09,复购,查看/配合,监督/协同,配置支撑/留痕,P117_S09,P117.stage.09.completed,节点结果、附件、状态事件、通知与审计记录
P118,二次销售,员工端,1,S01,服务场景产生线索,查看/配合,监督/协同,配置支撑/留痕,P118_S01,P118.stage.01.completed,节点结果、附件、状态事件、通知与审计记录
P118,二次销售,员工端,2,S02,员工工号/二维码归属,查看/配合,监督/协同,配置支撑/留痕,P118_S02,P118.stage.02.completed,节点结果、附件、状态事件、通知与审计记录
P118,二次销售,员工端,3,S03,成交,查看/配合,监督/协同,配置支撑/留痕,P118_S03,P118.stage.03.completed,节点结果、附件、状态事件、通知与审计记录
P118,二次销售,员工端,4,S04,核销交付,主办/填写,监督/协同,配置支撑/留痕,P118_S04,P118.stage.04.completed,节点结果、附件、状态事件、通知与审计记录
P118,二次销售,员工端,5,S05,退款观察,查看/配合,监督/协同,配置支撑/留痕,P118_S05,P118.stage.05.completed,节点结果、附件、状态事件、通知与审计记录
P118,二次销售,员工端,6,S06,贡献角色确认,主办/填写,主办/决策,配置支撑/留痕,P118_S06,P118.stage.06.completed,节点结果、附件、状态事件、通知与审计记录
P118,二次销售,员工端,7,S07,提成基础,查看/配合,监督/协同,配置支撑/留痕,P118_S07,P118.stage.07.completed,节点结果、附件、状态事件、通知与审计记录
P119,客户移交,员工端,1,S01,人员调岗离职,查看/配合,监督/协同,配置支撑/留痕,P119_S01,P119.stage.01.completed,节点结果、附件、状态事件、通知与审计记录
P119,客户移交,员工端,2,S02,未结客户清单,查看/配合,监督/协同,配置支撑/留痕,P119_S02,P119.stage.02.completed,节点结果、附件、状态事件、通知与审计记录
P119,客户移交,员工端,3,S03,新责任人,查看/配合,监督/协同,配置支撑/留痕,P119_S03,P119.stage.03.completed,节点结果、附件、状态事件、通知与审计记录
P119,客户移交,员工端,4,S04,客户沟通,主办/填写,监督/协同,配置支撑/留痕,P119_S04,P119.stage.04.completed,节点结果、附件、状态事件、通知与审计记录
P119,客户移交,员工端,5,S05,权限转移,查看/配合,监督/协同,系统自动/技术保障,P119_S05,P119.stage.05.completed,节点结果、附件、状态事件、通知与审计记录
P119,客户移交,员工端,6,S06,移交验收,查看/配合,主办/决策,配置支撑/留痕,P119_S06,P119.stage.06.completed,节点结果、附件、状态事件、通知与审计记录
P120,全员生命周期闭环,员工端,1,S01,用人需求,查看/配合,监督/协同,配置支撑/留痕,P120_S01,P120.stage.01.completed,节点结果、附件、状态事件、通知与审计记录
P120,全员生命周期闭环,员工端,2,S02,招聘录用,查看/配合,监督/协同,配置支撑/留痕,P120_S02,P120.stage.02.completed,节点结果、附件、状态事件、通知与审计记录
P120,全员生命周期闭环,员工端,3,S03,入职,查看/配合,监督/协同,配置支撑/留痕,P120_S03,P120.stage.03.completed,节点结果、附件、状态事件、通知与审计记录
P120,全员生命周期闭环,员工端,4,S04,试用转正,查看/配合,监督/协同,配置支撑/留痕,P120_S04,P120.stage.04.completed,节点结果、附件、状态事件、通知与审计记录
P120,全员生命周期闭环,员工端,5,S05,在岗学习与绩效,主办/填写,监督/协同,配置支撑/留痕,P120_S05,P120.stage.05.completed,节点结果、附件、状态事件、通知与审计记录
P120,全员生命周期闭环,员工端,6,S06,调岗/兼岗/晋升,查看/配合,监督/协同,配置支撑/留痕,P120_S06,P120.stage.06.completed,节点结果、附件、状态事件、通知与审计记录
P120,全员生命周期闭环,员工端,7,S07,奖励纪律与关怀,查看/配合,监督/协同,配置支撑/留痕,P120_S07,P120.stage.07.completed,节点结果、附件、状态事件、通知与审计记录
P120,全员生命周期闭环,员工端,8,S08,离职交接,主办/填写,监督/协同,配置支撑/留痕,P120_S08,P120.stage.08.completed,节点结果、附件、状态事件、通知与审计记录
P120,全员生命周期闭环,员工端,9,S09,历史归档,查看/配合,主办/决策,配置支撑/留痕,P120_S09,P120.stage.09.completed,节点结果、附件、状态事件、通知与审计记录
P121,市场获客到交付回款闭环,员工端,1,S01,市场/新媒体线索,查看/配合,监督/协同,配置支撑/留痕,P121_S01,P121.stage.01.completed,节点结果、附件、状态事件、通知与审计记录
P121,市场获客到交付回款闭环,员工端,2,S02,客户查重与归属,查看/配合,监督/协同,配置支撑/留痕,P121_S02,P121.stage.02.completed,节点结果、附件、状态事件、通知与审计记录
P121,市场获客到交付回款闭环,员工端,3,S03,商机,查看/配合,监督/协同,配置支撑/留痕,P121_S03,P121.stage.03.completed,节点结果、附件、状态事件、通知与审计记录
P121,市场获客到交付回款闭环,员工端,4,S04,方案与报价,查看/配合,监督/协同,配置支撑/留痕,P121_S04,P121.stage.04.completed,节点结果、附件、状态事件、通知与审计记录
P121,市场获客到交付回款闭环,员工端,5,S05,合同/订单,查看/配合,监督/协同,配置支撑/留痕,P121_S05,P121.stage.05.completed,节点结果、附件、状态事件、通知与审计记录
P121,市场获客到交付回款闭环,员工端,6,S06,票务/教育/接待/演艺/餐饮交付,查看/配合,监督/协同,配置支撑/留痕,P121_S06,P121.stage.06.completed,节点结果、附件、状态事件、通知与审计记录
P121,市场获客到交付回款闭环,员工端,7,S07,回款,查看/配合,监督/协同,配置支撑/留痕,P121_S07,P121.stage.07.completed,节点结果、附件、状态事件、通知与审计记录
P121,市场获客到交付回款闭环,员工端,8,S08,贡献毛利,查看/配合,监督/协同,配置支撑/留痕,P121_S08,P121.stage.08.completed,节点结果、附件、状态事件、通知与审计记录
P121,市场获客到交付回款闭环,员工端,9,S09,提成,查看/配合,监督/协同,配置支撑/留痕,P121_S09,P121.stage.09.completed,节点结果、附件、状态事件、通知与审计记录
P121,市场获客到交付回款闭环,员工端,10,S10,复购与客户运营,查看/配合,监督/协同,配置支撑/留痕,P121_S10,P121.stage.10.completed,节点结果、附件、状态事件、通知与审计记录
P122,接待资源闭环,员工端,1,S01,接待主单,查看/配合,监督/协同,配置支撑/留痕,P122_S01,P122.stage.01.completed,节点结果、附件、状态事件、通知与审计记录
P122,接待资源闭环,员工端,2,S02,唯一行程,查看/配合,监督/协同,配置支撑/留痕,P122_S02,P122.stage.02.completed,节点结果、附件、状态事件、通知与审计记录
P122,接待资源闭环,员工端,3,S03,车辆/票务/餐饮/演艺/教育/物资/安保子单,查看/配合,监督/协同,配置支撑/留痕,P122_S03,P122.stage.03.completed,节点结果、附件、状态事件、通知与审计记录
P122,接待资源闭环,员工端,4,S04,行前确认,主办/填写,主办/决策,配置支撑/留痕,P122_S04,P122.stage.04.completed,节点结果、附件、状态事件、通知与审计记录
P122,接待资源闭环,员工端,5,S05,现场执行,主办/填写,监督/协同,配置支撑/留痕,P122_S05,P122.stage.05.completed,节点结果、附件、状态事件、通知与审计记录
P122,接待资源闭环,员工端,6,S06,离场,查看/配合,监督/协同,配置支撑/留痕,P122_S06,P122.stage.06.completed,节点结果、附件、状态事件、通知与审计记录
P122,接待资源闭环,员工端,7,S07,回访/投诉,查看/配合,监督/协同,配置支撑/留痕,P122_S07,P122.stage.07.completed,节点结果、附件、状态事件、通知与审计记录
P122,接待资源闭环,员工端,8,S08,费用与复盘,查看/配合,主办/决策,配置支撑/留痕,P122_S08,P122.stage.08.completed,节点结果、附件、状态事件、通知与审计记录
P123,演艺场次闭环,员工端,1,S01,节目版本,查看/配合,监督/协同,配置支撑/留痕,P123_S01,P123.stage.01.completed,节点结果、附件、状态事件、通知与审计记录
P123,演艺场次闭环,员工端,2,S02,场次,查看/配合,监督/协同,配置支撑/留痕,P123_S02,P123.stage.02.completed,节点结果、附件、状态事件、通知与审计记录
P123,演艺场次闭环,员工端,3,S03,演员排班,查看/配合,主办/决策,配置支撑/留痕,P123_S03,P123.stage.03.completed,节点结果、附件、状态事件、通知与审计记录
P123,演艺场次闭环,员工端,4,S04,服化道,查看/配合,监督/协同,配置支撑/留痕,P123_S04,P123.stage.04.completed,节点结果、附件、状态事件、通知与审计记录
P123,演艺场次闭环,员工端,5,S05,演艺技术,查看/配合,监督/协同,配置支撑/留痕,P123_S05,P123.stage.05.completed,节点结果、附件、状态事件、通知与审计记录
P123,演艺场次闭环,员工端,6,S06,无人机,查看/配合,监督/协同,配置支撑/留痕,P123_S06,P123.stage.06.completed,节点结果、附件、状态事件、通知与审计记录
P123,演艺场次闭环,员工端,7,S07,场前检查,查看/配合,监督/协同,配置支撑/留痕,P123_S07,P123.stage.07.completed,节点结果、附件、状态事件、通知与审计记录
P123,演艺场次闭环,员工端,8,S08,演出,主办/填写,监督/协同,配置支撑/留痕,P123_S08,P123.stage.08.completed,节点结果、附件、状态事件、通知与审计记录
P123,演艺场次闭环,员工端,9,S09,结果,查看/配合,监督/协同,配置支撑/留痕,P123_S09,P123.stage.09.completed,节点结果、附件、状态事件、通知与审计记录
P123,演艺场次闭环,员工端,10,S10,故障/伤情/停演,查看/配合,监督/协同,配置支撑/留痕,P123_S10,P123.stage.10.completed,节点结果、附件、状态事件、通知与审计记录
P123,演艺场次闭环,员工端,11,S11,复盘,查看/配合,主办/决策,配置支撑/留痕,P123_S11,P123.stage.11.completed,节点结果、附件、状态事件、通知与审计记录
P124,采购资产财务闭环,员工端,1,S01,需求,查看/配合,监督/协同,配置支撑/留痕,P124_S01,P124.stage.01.completed,节点结果、附件、状态事件、通知与审计记录
P124,采购资产财务闭环,员工端,2,S02,库存核查,查看/配合,监督/协同,配置支撑/留痕,P124_S02,P124.stage.02.completed,节点结果、附件、状态事件、通知与审计记录
P124,采购资产财务闭环,员工端,3,S03,采购,查看/配合,监督/协同,配置支撑/留痕,P124_S03,P124.stage.03.completed,节点结果、附件、状态事件、通知与审计记录
P124,采购资产财务闭环,员工端,4,S04,到货,查看/配合,监督/协同,配置支撑/留痕,P124_S04,P124.stage.04.completed,节点结果、附件、状态事件、通知与审计记录
P124,采购资产财务闭环,员工端,5,S05,专业验收,查看/配合,主办/决策,配置支撑/留痕,P124_S05,P124.stage.05.completed,节点结果、附件、状态事件、通知与审计记录
P124,采购资产财务闭环,员工端,6,S06,入库/资产建卡,查看/配合,监督/协同,配置支撑/留痕,P124_S06,P124.stage.06.completed,节点结果、附件、状态事件、通知与审计记录
P124,采购资产财务闭环,员工端,7,S07,领借调还,查看/配合,监督/协同,配置支撑/留痕,P124_S07,P124.stage.07.completed,节点结果、附件、状态事件、通知与审计记录
P124,采购资产财务闭环,员工端,8,S08,盘点/维修/处置,查看/配合,监督/协同,配置支撑/留痕,P124_S08,P124.stage.08.completed,节点结果、附件、状态事件、通知与审计记录
P124,采购资产财务闭环,员工端,9,S09,发票与付款,查看/配合,监督/协同,配置支撑/留痕,P124_S09,P124.stage.09.completed,节点结果、附件、状态事件、通知与审计记录
P124,采购资产财务闭环,员工端,10,S10,对账,查看/配合,主办/决策,配置支撑/留痕,P124_S10,P124.stage.10.completed,节点结果、附件、状态事件、通知与审计记录
P125,内容生产发布闭环,员工端,1,S01,业务需求,查看/配合,监督/协同,配置支撑/留痕,P125_S01,P125.stage.01.completed,节点结果、附件、状态事件、通知与审计记录
P125,内容生产发布闭环,员工端,2,S02,策划,查看/配合,监督/协同,配置支撑/留痕,P125_S02,P125.stage.02.completed,节点结果、附件、状态事件、通知与审计记录
P125,内容生产发布闭环,员工端,3,S03,企宣制作,查看/配合,监督/协同,配置支撑/留痕,P125_S03,P125.stage.03.completed,节点结果、附件、状态事件、通知与审计记录
P125,内容生产发布闭环,员工端,4,S04,品牌审核,查看/配合,主办/决策,配置支撑/留痕,P125_S04,P125.stage.04.completed,节点结果、附件、状态事件、通知与审计记录
P125,内容生产发布闭环,员工端,5,S05,渠道发布,查看/配合,主办/决策,配置支撑/留痕,P125_S05,P125.stage.05.completed,节点结果、附件、状态事件、通知与审计记录
P125,内容生产发布闭环,员工端,6,S06,投放/传播,查看/配合,监督/协同,配置支撑/留痕,P125_S06,P125.stage.06.completed,节点结果、附件、状态事件、通知与审计记录
P125,内容生产发布闭环,员工端,7,S07,线索与订单,查看/配合,监督/协同,配置支撑/留痕,P125_S07,P125.stage.07.completed,节点结果、附件、状态事件、通知与审计记录
P125,内容生产发布闭环,员工端,8,S08,数据复盘,查看/配合,主办/决策,配置支撑/留痕,P125_S08,P125.stage.08.completed,节点结果、附件、状态事件、通知与审计记录
P125,内容生产发布闭环,员工端,9,S09,素材归档,查看/配合,主办/决策,配置支撑/留痕,P125_S09,P125.stage.09.completed,节点结果、附件、状态事件、通知与审计记录
P126,事件与整改闭环,员工端,1,S01,线索/异常,查看/配合,监督/协同,配置支撑/留痕,P126_S01,P126.stage.01.completed,节点结果、附件、状态事件、通知与审计记录
P126,事件与整改闭环,员工端,2,S02,风险分级,查看/配合,监督/协同,配置支撑/留痕,P126_S02,P126.stage.02.completed,节点结果、附件、状态事件、通知与审计记录
P126,事件与整改闭环,员工端,3,S03,先行止险,查看/配合,监督/协同,配置支撑/留痕,P126_S03,P126.stage.03.completed,节点结果、附件、状态事件、通知与审计记录
P126,事件与整改闭环,员工端,4,S04,唯一案件,查看/配合,监督/协同,配置支撑/留痕,P126_S04,P126.stage.04.completed,节点结果、附件、状态事件、通知与审计记录
P126,事件与整改闭环,员工端,5,S05,调查,查看/配合,主办/决策,配置支撑/留痕,P126_S05,P126.stage.05.completed,节点结果、附件、状态事件、通知与审计记录
P126,事件与整改闭环,员工端,6,S06,责任与决定,查看/配合,主办/决策,配置支撑/留痕,P126_S06,P126.stage.06.completed,节点结果、附件、状态事件、通知与审计记录
P126,事件与整改闭环,员工端,7,S07,影响执行,主办/填写,监督/协同,配置支撑/留痕,P126_S07,P126.stage.07.completed,节点结果、附件、状态事件、通知与审计记录
P126,事件与整改闭环,员工端,8,S08,申诉,主办/填写,监督/协同,配置支撑/留痕,P126_S08,P126.stage.08.completed,节点结果、附件、状态事件、通知与审计记录
P126,事件与整改闭环,员工端,9,S09,整改验证,查看/配合,监督/协同,配置支撑/留痕,P126_S09,P126.stage.09.completed,节点结果、附件、状态事件、通知与审计记录
P126,事件与整改闭环,员工端,10,S10,关闭与补充归档,查看/配合,主办/决策,配置支撑/留痕,P126_S10,P126.stage.10.completed,节点结果、附件、状态事件、通知与审计记录
P001,统一登录与多岗位身份切换,中心管理端,1,S01,访问统一入口,查看/配合,监督/协同,配置支撑/留痕,P001_S01,P001.stage.01.completed,节点结果、附件、状态事件、通知与审计记录
P001,统一登录与多岗位身份切换,中心管理端,2,S02,身份认证/MFA,查看/配合,监督/协同,系统自动/技术保障,P001_S02,P001.stage.02.completed,节点结果、附件、状态事件、通知与审计记录
P001,统一登录与多岗位身份切换,中心管理端,3,S03,解析自然人与当前员工关系,查看/配合,监督/协同,系统自动/技术保障,P001_S03,P001.stage.03.completed,节点结果、附件、状态事件、通知与审计记录
P001,统一登录与多岗位身份切换,中心管理端,4,S04,选择或自动解析当前任职身份,查看/配合,监督/协同,系统自动/技术保障,P001_S04,P001.stage.04.completed,节点结果、附件、状态事件、通知与审计记录
P001,统一登录与多岗位身份切换,中心管理端,5,S05,加载模块、动作、数据和字段权限,查看/配合,监督/协同,系统自动/技术保障,P001_S05,P001.stage.05.completed,节点结果、附件、状态事件、通知与审计记录
P001,统一登录与多岗位身份切换,中心管理端,6,S06,进入角色化工作台,查看/配合,监督/协同,配置支撑/留痕,P001_S06,P001.stage.06.completed,节点结果、附件、状态事件、通知与审计记录
P001,统一登录与多岗位身份切换,中心管理端,7,S07,会话持续校验,查看/配合,主办/决策,系统自动/技术保障,P001_S07,P001.stage.07.completed,节点结果、附件、状态事件、通知与审计记录
P001,统一登录与多岗位身份切换,中心管理端,8,S08,退出与审计,查看/配合,监督/协同,系统自动/技术保障,P001_S08,P001.stage.08.completed,节点结果、附件、状态事件、通知与审计记录
P002,权限申请、复核与回收,中心管理端,1,S01,岗位模板授权,查看/配合,监督/协同,配置支撑/留痕,P002_S01,P002.stage.01.completed,节点结果、附件、状态事件、通知与审计记录
P002,权限申请、复核与回收,中心管理端,2,S02,个人/项目补充授权申请,主办/填写,监督/协同,配置支撑/留痕,P002_S02,P002.stage.02.completed,节点结果、附件、状态事件、通知与审计记录
P002,权限申请、复核与回收,中心管理端,3,S03,业务负责人确认,主办/填写,主办/决策,配置支撑/留痕,P002_S03,P002.stage.03.completed,节点结果、附件、状态事件、通知与审计记录
P002,权限申请、复核与回收,中心管理端,4,S04,数据责任人复核,查看/配合,主办/决策,配置支撑/留痕,P002_S04,P002.stage.04.completed,节点结果、附件、状态事件、通知与审计记录
P002,权限申请、复核与回收,中心管理端,5,S05,高风险权限审批,查看/配合,主办/决策,系统自动/技术保障,P002_S05,P002.stage.05.completed,节点结果、附件、状态事件、通知与审计记录
P002,权限申请、复核与回收,中心管理端,6,S06,权限生效,查看/配合,监督/协同,系统自动/技术保障,P002_S06,P002.stage.06.completed,节点结果、附件、状态事件、通知与审计记录
P002,权限申请、复核与回收,中心管理端,7,S07,定期复核,查看/配合,主办/决策,配置支撑/留痕,P002_S07,P002.stage.07.completed,节点结果、附件、状态事件、通知与审计记录
P002,权限申请、复核与回收,中心管理端,8,S08,到期/调岗/离职回收,查看/配合,监督/协同,配置支撑/留痕,P002_S08,P002.stage.08.completed,节点结果、附件、状态事件、通知与审计记录
P003,个人资料变更,中心管理端,1,S01,员工查看本人资料,查看/配合,监督/协同,配置支撑/留痕,P003_S01,P003.stage.01.completed,节点结果、附件、状态事件、通知与审计记录
P003,个人资料变更,中心管理端,2,S02,选择可自助变更字段,查看/配合,监督/协同,配置支撑/留痕,P003_S02,P003.stage.02.completed,节点结果、附件、状态事件、通知与审计记录
P003,个人资料变更,中心管理端,3,S03,提交新值与证明,查看/配合,监督/协同,配置支撑/留痕,P003_S03,P003.stage.03.completed,节点结果、附件、状态事件、通知与审计记录
P003,个人资料变更,中心管理端,4,S04,字段敏感级别校验,查看/配合,主办/决策,配置支撑/留痕,P003_S04,P003.stage.04.completed,节点结果、附件、状态事件、通知与审计记录
P003,个人资料变更,中心管理端,5,S05,人事/财务/归口岗核验,查看/配合,主办/决策,配置支撑/留痕,P003_S05,P003.stage.05.completed,节点结果、附件、状态事件、通知与审计记录
P003,个人资料变更,中心管理端,6,S06,权威主档更新,查看/配合,监督/协同,配置支撑/留痕,P003_S06,P003.stage.06.completed,节点结果、附件、状态事件、通知与审计记录
P003,个人资料变更,中心管理端,7,S07,关联模块投影同步,查看/配合,监督/协同,系统自动/技术保障,P003_S07,P003.stage.07.completed,节点结果、附件、状态事件、通知与审计记录
P003,个人资料变更,中心管理端,8,S08,通知与审计,查看/配合,监督/协同,系统自动/技术保障,P003_S08,P003.stage.08.completed,节点结果、附件、状态事件、通知与审计记录
P004,通用申请与审批,中心管理端,1,S01,选择业务事项,查看/配合,监督/协同,配置支撑/留痕,P004_S01,P004.stage.01.completed,节点结果、附件、状态事件、通知与审计记录
P004,通用申请与审批,中心管理端,2,S02,填写申请与附件,主办/填写,监督/协同,配置支撑/留痕,P004_S02,P004.stage.02.completed,节点结果、附件、状态事件、通知与审计记录
P004,通用申请与审批,中心管理端,3,S03,前置规则校验,查看/配合,主办/决策,配置支撑/留痕,P004_S03,P004.stage.03.completed,节点结果、附件、状态事件、通知与审计记录
P004,通用申请与审批,中心管理端,4,S04,提交审批,查看/配合,主办/决策,配置支撑/留痕,P004_S04,P004.stage.04.completed,节点结果、附件、状态事件、通知与审计记录
P004,通用申请与审批,中心管理端,5,S05,动态审批与会签,查看/配合,主办/决策,配置支撑/留痕,P004_S05,P004.stage.05.completed,节点结果、附件、状态事件、通知与审计记录
P004,通用申请与审批,中心管理端,6,S06,批准后生成执行任务,主办/填写,主办/决策,系统自动/技术保障,P004_S06,P004.stage.06.completed,节点结果、附件、状态事件、通知与审计记录
P004,通用申请与审批,中心管理端,7,S07,执行人提交结果,主办/填写,监督/协同,配置支撑/留痕,P004_S07,P004.stage.07.completed,节点结果、附件、状态事件、通知与审计记录
P004,通用申请与审批,中心管理端,8,S08,独立验收,查看/配合,主办/决策,配置支撑/留痕,P004_S08,P004.stage.08.completed,节点结果、附件、状态事件、通知与审计记录
P004,通用申请与审批,中心管理端,9,S09,异常补偿,查看/配合,监督/协同,配置支撑/留痕,P004_S09,P004.stage.09.completed,节点结果、附件、状态事件、通知与审计记录
P004,通用申请与审批,中心管理端,10,S10,归档,查看/配合,主办/决策,配置支撑/留痕,P004_S10,P004.stage.10.completed,节点结果、附件、状态事件、通知与审计记录
P005,制度、通知与执行回执,中心管理端,1,S01,制度/通知版本发布,查看/配合,主办/决策,配置支撑/留痕,P005_S01,P005.stage.01.completed,节点结果、附件、状态事件、通知与审计记录
P005,制度、通知与执行回执,中心管理端,2,S02,按组织岗位确定范围,查看/配合,监督/协同,配置支撑/留痕,P005_S02,P005.stage.02.completed,节点结果、附件、状态事件、通知与审计记录
P005,制度、通知与执行回执,中心管理端,3,S03,消息送达,查看/配合,监督/协同,配置支撑/留痕,P005_S03,P005.stage.03.completed,节点结果、附件、状态事件、通知与审计记录
P005,制度、通知与执行回执,中心管理端,4,S04,员工阅读,主办/填写,监督/协同,配置支撑/留痕,P005_S04,P005.stage.04.completed,节点结果、附件、状态事件、通知与审计记录
P005,制度、通知与执行回执,中心管理端,5,S05,确认/阅签,主办/填写,主办/决策,配置支撑/留痕,P005_S05,P005.stage.05.completed,节点结果、附件、状态事件、通知与审计记录
P005,制度、通知与执行回执,中心管理端,6,S06,考试或理解验证,主办/填写,监督/协同,配置支撑/留痕,P005_S06,P005.stage.06.completed,节点结果、附件、状态事件、通知与审计记录
P005,制度、通知与执行回执,中心管理端,7,S07,执行任务,主办/填写,监督/协同,配置支撑/留痕,P005_S07,P005.stage.07.completed,节点结果、附件、状态事件、通知与审计记录
P005,制度、通知与执行回执,中心管理端,8,S08,责任人验收,查看/配合,主办/决策,配置支撑/留痕,P005_S08,P005.stage.08.completed,节点结果、附件、状态事件、通知与审计记录
P005,制度、通知与执行回执,中心管理端,9,S09,未完成催办升级,查看/配合,监督/协同,配置支撑/留痕,P005_S09,P005.stage.09.completed,节点结果、附件、状态事件、通知与审计记录
P005,制度、通知与执行回执,中心管理端,10,S10,档案移交,查看/配合,监督/协同,配置支撑/留痕,P005_S10,P005.stage.10.completed,节点结果、附件、状态事件、通知与审计记录
P006,会议与行动项,中心管理端,1,S01,议题征集,查看/配合,监督/协同,配置支撑/留痕,P006_S01,P006.stage.01.completed,节点结果、附件、状态事件、通知与审计记录
P006,会议与行动项,中心管理端,2,S02,材料完整性检查,查看/配合,监督/协同,配置支撑/留痕,P006_S02,P006.stage.02.completed,节点结果、附件、状态事件、通知与审计记录
P006,会议与行动项,中心管理端,3,S03,会议发布,查看/配合,主办/决策,配置支撑/留痕,P006_S03,P006.stage.03.completed,节点结果、附件、状态事件、通知与审计记录
P006,会议与行动项,中心管理端,4,S04,签到与请假,查看/配合,监督/协同,配置支撑/留痕,P006_S04,P006.stage.04.completed,节点结果、附件、状态事件、通知与审计记录
P006,会议与行动项,中心管理端,5,S05,会议召开,查看/配合,监督/协同,配置支撑/留痕,P006_S05,P006.stage.05.completed,节点结果、附件、状态事件、通知与审计记录
P006,会议与行动项,中心管理端,6,S06,主持人确认纪要,主办/填写,主办/决策,配置支撑/留痕,P006_S06,P006.stage.06.completed,节点结果、附件、状态事件、通知与审计记录
P006,会议与行动项,中心管理端,7,S07,行动项生成,查看/配合,监督/协同,系统自动/技术保障,P006_S07,P006.stage.07.completed,节点结果、附件、状态事件、通知与审计记录
P006,会议与行动项,中心管理端,8,S08,责任人执行,主办/填写,监督/协同,配置支撑/留痕,P006_S08,P006.stage.08.completed,节点结果、附件、状态事件、通知与审计记录
P006,会议与行动项,中心管理端,9,S09,验收与返工,查看/配合,主办/决策,配置支撑/留痕,P006_S09,P006.stage.09.completed,节点结果、附件、状态事件、通知与审计记录
P006,会议与行动项,中心管理端,10,S10,逾期升级,查看/配合,监督/协同,配置支撑/留痕,P006_S10,P006.stage.10.completed,节点结果、附件、状态事件、通知与审计记录
P006,会议与行动项,中心管理端,11,S11,归档复盘,查看/配合,主办/决策,配置支撑/留痕,P006_S11,P006.stage.11.completed,节点结果、附件、状态事件、通知与审计记录
P007,排班与班次调整,中心管理端,1,S01,业务量与活动需求输入,查看/配合,监督/协同,配置支撑/留痕,P007_S01,P007.stage.01.completed,节点结果、附件、状态事件、通知与审计记录
P007,排班与班次调整,中心管理端,2,S02,班次模板匹配,查看/配合,监督/协同,配置支撑/留痕,P007_S02,P007.stage.02.completed,节点结果、附件、状态事件、通知与审计记录
P007,排班与班次调整,中心管理端,3,S03,资格与连续工时校验,查看/配合,主办/决策,配置支撑/留痕,P007_S03,P007.stage.03.completed,节点结果、附件、状态事件、通知与审计记录
P007,排班与班次调整,中心管理端,4,S04,主管发布排班,查看/配合,主办/决策,配置支撑/留痕,P007_S04,P007.stage.04.completed,节点结果、附件、状态事件、通知与审计记录
P007,排班与班次调整,中心管理端,5,S05,员工确认,主办/填写,主办/决策,配置支撑/留痕,P007_S05,P007.stage.05.completed,节点结果、附件、状态事件、通知与审计记录
P007,排班与班次调整,中心管理端,6,S06,换班/替班申请,主办/填写,监督/协同,配置支撑/留痕,P007_S06,P007.stage.06.completed,节点结果、附件、状态事件、通知与审计记录
P007,排班与班次调整,中心管理端,7,S07,变更审批,查看/配合,主办/决策,配置支撑/留痕,P007_S07,P007.stage.07.completed,节点结果、附件、状态事件、通知与审计记录
P007,排班与班次调整,中心管理端,8,S08,考勤与餐饮/班车联动,查看/配合,监督/协同,配置支撑/留痕,P007_S08,P007.stage.08.completed,节点结果、附件、状态事件、通知与审计记录
P007,排班与班次调整,中心管理端,9,S09,日结,查看/配合,监督/协同,配置支撑/留痕,P007_S09,P007.stage.09.completed,节点结果、附件、状态事件、通知与审计记录
P008,请假与考勤,中心管理端,1,S01,请假申请,主办/填写,监督/协同,配置支撑/留痕,P008_S01,P008.stage.01.completed,节点结果、附件、状态事件、通知与审计记录
P008,请假与考勤,中心管理端,2,S02,假期额度预占,查看/配合,监督/协同,配置支撑/留痕,P008_S02,P008.stage.02.completed,节点结果、附件、状态事件、通知与审计记录
P008,请假与考勤,中心管理端,3,S03,工作交接与代理,主办/填写,监督/协同,配置支撑/留痕,P008_S03,P008.stage.03.completed,节点结果、附件、状态事件、通知与审计记录
P008,请假与考勤,中心管理端,4,S04,审批,查看/配合,主办/决策,配置支撑/留痕,P008_S04,P008.stage.04.completed,节点结果、附件、状态事件、通知与审计记录
P008,请假与考勤,中心管理端,5,S05,预占转扣减/驳回释放,查看/配合,监督/协同,配置支撑/留痕,P008_S05,P008.stage.05.completed,节点结果、附件、状态事件、通知与审计记录
P008,请假与考勤,中心管理端,6,S06,排班与考勤标记,查看/配合,主办/决策,配置支撑/留痕,P008_S06,P008.stage.06.completed,节点结果、附件、状态事件、通知与审计记录
P008,请假与考勤,中心管理端,7,S07,实际休假,查看/配合,监督/协同,配置支撑/留痕,P008_S07,P008.stage.07.completed,节点结果、附件、状态事件、通知与审计记录
P008,请假与考勤,中心管理端,8,S08,销假/提前返岗/变更,查看/配合,监督/协同,配置支撑/留痕,P008_S08,P008.stage.08.completed,节点结果、附件、状态事件、通知与审计记录
P008,请假与考勤,中心管理端,9,S09,差额账本调整,查看/配合,监督/协同,配置支撑/留痕,P008_S09,P008.stage.09.completed,节点结果、附件、状态事件、通知与审计记录
P008,请假与考勤,中心管理端,10,S10,考勤日结与归档,查看/配合,主办/决策,配置支撑/留痕,P008_S10,P008.stage.10.completed,节点结果、附件、状态事件、通知与审计记录
P009,加班与调休,中心管理端,1,S01,事前申请/紧急事实登记,主办/填写,监督/协同,配置支撑/留痕,P009_S01,P009.stage.01.completed,节点结果、附件、状态事件、通知与审计记录
P009,加班与调休,中心管理端,2,S02,必要性与任务校验,查看/配合,主办/决策,配置支撑/留痕,P009_S02,P009.stage.02.completed,节点结果、附件、状态事件、通知与审计记录
P009,加班与调休,中心管理端,3,S03,主管审批,查看/配合,主办/决策,配置支撑/留痕,P009_S03,P009.stage.03.completed,节点结果、附件、状态事件、通知与审计记录
P009,加班与调休,中心管理端,4,S04,实际考勤与劳动事实,查看/配合,监督/协同,配置支撑/留痕,P009_S04,P009.stage.04.completed,节点结果、附件、状态事件、通知与审计记录
P009,加班与调休,中心管理端,5,S05,成果验收,查看/配合,主办/决策,配置支撑/留痕,P009_S05,P009.stage.05.completed,节点结果、附件、状态事件、通知与审计记录
P009,加班与调休,中心管理端,6,S06,人事复核,查看/配合,主办/决策,配置支撑/留痕,P009_S06,P009.stage.06.completed,节点结果、附件、状态事件、通知与审计记录
P009,加班与调休,中心管理端,7,S07,法定工资/调休方案,查看/配合,监督/协同,配置支撑/留痕,P009_S07,P009.stage.07.completed,节点结果、附件、状态事件、通知与审计记录
P009,加班与调休,中心管理端,8,S08,薪酬回执,查看/配合,监督/协同,配置支撑/留痕,P009_S08,P009.stage.08.completed,节点结果、附件、状态事件、通知与审计记录
P009,加班与调休,中心管理端,9,S09,归档,查看/配合,主办/决策,配置支撑/留痕,P009_S09,P009.stage.09.completed,节点结果、附件、状态事件、通知与审计记录
P010,员工学习、考试与资格,中心管理端,1,S01,课程/制度版本发布,查看/配合,主办/决策,配置支撑/留痕,P010_S01,P010.stage.01.completed,节点结果、附件、状态事件、通知与审计记录
P010,员工学习、考试与资格,中心管理端,2,S02,按岗位风险指派,查看/配合,监督/协同,配置支撑/留痕,P010_S02,P010.stage.02.completed,节点结果、附件、状态事件、通知与审计记录
P010,员工学习、考试与资格,中心管理端,3,S03,员工学习,主办/填写,监督/协同,配置支撑/留痕,P010_S03,P010.stage.03.completed,节点结果、附件、状态事件、通知与审计记录
P010,员工学习、考试与资格,中心管理端,4,S04,1000分制考试,主办/填写,监督/协同,配置支撑/留痕,P010_S04,P010.stage.04.completed,节点结果、附件、状态事件、通知与审计记录
P010,员工学习、考试与资格,中心管理端,5,S05,线下实操,查看/配合,监督/协同,配置支撑/留痕,P010_S05,P010.stage.05.completed,节点结果、附件、状态事件、通知与审计记录
P010,员工学习、考试与资格,中心管理端,6,S06,主管/专业人员认证,查看/配合,监督/协同,系统自动/技术保障,P010_S06,P010.stage.06.completed,节点结果、附件、状态事件、通知与审计记录
P010,员工学习、考试与资格,中心管理端,7,S07,资格生效,查看/配合,监督/协同,配置支撑/留痕,P010_S07,P010.stage.07.completed,节点结果、附件、状态事件、通知与审计记录
P010,员工学习、考试与资格,中心管理端,8,S08,岗位权限联动,查看/配合,监督/协同,系统自动/技术保障,P010_S08,P010.stage.08.completed,节点结果、附件、状态事件、通知与审计记录
P010,员工学习、考试与资格,中心管理端,9,S09,到期复训/复证,查看/配合,监督/协同,配置支撑/留痕,P010_S09,P010.stage.09.completed,节点结果、附件、状态事件、通知与审计记录
P010,员工学习、考试与资格,中心管理端,10,S10,归档,查看/配合,主办/决策,配置支撑/留痕,P010_S10,P010.stage.10.completed,节点结果、附件、状态事件、通知与审计记录
P011,绩效管理,中心管理端,1,S01,目标制定,查看/配合,监督/协同,配置支撑/留痕,P011_S01,P011.stage.01.completed,节点结果、附件、状态事件、通知与审计记录
P011,绩效管理,中心管理端,2,S02,员工确认,主办/填写,主办/决策,配置支撑/留痕,P011_S02,P011.stage.02.completed,节点结果、附件、状态事件、通知与审计记录
P011,绩效管理,中心管理端,3,S03,过程记录与辅导,查看/配合,监督/协同,配置支撑/留痕,P011_S03,P011.stage.03.completed,节点结果、附件、状态事件、通知与审计记录
P011,绩效管理,中心管理端,4,S04,权威数据归集,查看/配合,监督/协同,配置支撑/留痕,P011_S04,P011.stage.04.completed,节点结果、附件、状态事件、通知与审计记录
P011,绩效管理,中心管理端,5,S05,员工自评/主管评价,主办/填写,监督/协同,配置支撑/留痕,P011_S05,P011.stage.05.completed,节点结果、附件、状态事件、通知与审计记录
P011,绩效管理,中心管理端,6,S06,1000分计算,查看/配合,监督/协同,系统自动/技术保障,P011_S06,P011.stage.06.completed,节点结果、附件、状态事件、通知与审计记录
P011,绩效管理,中心管理端,7,S07,校准,查看/配合,监督/协同,配置支撑/留痕,P011_S07,P011.stage.07.completed,节点结果、附件、状态事件、通知与审计记录
P011,绩效管理,中心管理端,8,S08,结果反馈确认,主办/填写,主办/决策,配置支撑/留痕,P011_S08,P011.stage.08.completed,节点结果、附件、状态事件、通知与审计记录
P011,绩效管理,中心管理端,9,S09,申诉复核,主办/填写,主办/决策,配置支撑/留痕,P011_S09,P011.stage.09.completed,节点结果、附件、状态事件、通知与审计记录
P011,绩效管理,中心管理端,10,S10,绩效影响执行,主办/填写,监督/协同,配置支撑/留痕,P011_S10,P011.stage.10.completed,节点结果、附件、状态事件、通知与审计记录
P011,绩效管理,中心管理端,11,S11,归档,查看/配合,主办/决策,配置支撑/留痕,P011_S11,P011.stage.11.completed,节点结果、附件、状态事件、通知与审计记录
P012,晋升与任职发展,中心管理端,1,S01,个人申请/组织提名,主办/填写,监督/协同,配置支撑/留痕,P012_S01,P012.stage.01.completed,节点结果、附件、状态事件、通知与审计记录
P012,晋升与任职发展,中心管理端,2,S02,资格与冻结状态审查,查看/配合,监督/协同,配置支撑/留痕,P012_S02,P012.stage.02.completed,节点结果、附件、状态事件、通知与审计记录
P012,晋升与任职发展,中心管理端,3,S03,1000分综合评估,查看/配合,监督/协同,配置支撑/留痕,P012_S03,P012.stage.03.completed,节点结果、附件、状态事件、通知与审计记录
P012,晋升与任职发展,中心管理端,4,S04,岗位空缺与预算核验,查看/配合,主办/决策,配置支撑/留痕,P012_S04,P012.stage.04.completed,节点结果、附件、状态事件、通知与审计记录
P012,晋升与任职发展,中心管理端,5,S05,竞聘/评审,查看/配合,主办/决策,配置支撑/留痕,P012_S05,P012.stage.05.completed,节点结果、附件、状态事件、通知与审计记录
P012,晋升与任职发展,中心管理端,6,S06,审批,查看/配合,主办/决策,配置支撑/留痕,P012_S06,P012.stage.06.completed,节点结果、附件、状态事件、通知与审计记录
P012,晋升与任职发展,中心管理端,7,S07,公示/告知,查看/配合,监督/协同,配置支撑/留痕,P012_S07,P012.stage.07.completed,节点结果、附件、状态事件、通知与审计记录
P012,晋升与任职发展,中心管理端,8,S08,任命与薪酬确认,主办/填写,主办/决策,配置支撑/留痕,P012_S08,P012.stage.08.completed,节点结果、附件、状态事件、通知与审计记录
P012,晋升与任职发展,中心管理端,9,S09,验证期,查看/配合,监督/协同,配置支撑/留痕,P012_S09,P012.stage.09.completed,节点结果、附件、状态事件、通知与审计记录
P012,晋升与任职发展,中心管理端,10,S10,正式生效/回退安排,查看/配合,监督/协同,配置支撑/留痕,P012_S10,P012.stage.10.completed,节点结果、附件、状态事件、通知与审计记录
P013,奖励,中心管理端,1,S01,贡献事实形成,查看/配合,监督/协同,配置支撑/留痕,P013_S01,P013.stage.01.completed,节点结果、附件、状态事件、通知与审计记录
P013,奖励,中心管理端,2,S02,证据核验,查看/配合,主办/决策,配置支撑/留痕,P013_S02,P013.stage.02.completed,节点结果、附件、状态事件、通知与审计记录
P013,奖励,中心管理端,3,S03,奖励级别建议,查看/配合,监督/协同,配置支撑/留痕,P013_S03,P013.stage.03.completed,节点结果、附件、状态事件、通知与审计记录
P013,奖励,中心管理端,4,S04,审批,查看/配合,主办/决策,配置支撑/留痕,P013_S04,P013.stage.04.completed,节点结果、附件、状态事件、通知与审计记录
P013,奖励,中心管理端,5,S05,影响项防重复校验,查看/配合,主办/决策,系统自动/技术保障,P013_S05,P013.stage.05.completed,节点结果、附件、状态事件、通知与审计记录
P013,奖励,中心管理端,6,S06,荣誉积分/奖金/发展评审影响执行,主办/填写,主办/决策,配置支撑/留痕,P013_S06,P013.stage.06.completed,节点结果、附件、状态事件、通知与审计记录
P013,奖励,中心管理端,7,S07,员工通知,查看/配合,监督/协同,配置支撑/留痕,P013_S07,P013.stage.07.completed,节点结果、附件、状态事件、通知与审计记录
P013,奖励,中心管理端,8,S08,财务/人事回执,查看/配合,监督/协同,配置支撑/留痕,P013_S08,P013.stage.08.completed,节点结果、附件、状态事件、通知与审计记录
P013,奖励,中心管理端,9,S09,归档,查看/配合,主办/决策,配置支撑/留痕,P013_S09,P013.stage.09.completed,节点结果、附件、状态事件、通知与审计记录
P014,纪律、责任与申诉,中心管理端,1,S01,线索登记,主办/填写,监督/协同,配置支撑/留痕,P014_S01,P014.stage.01.completed,节点结果、附件、状态事件、通知与审计记录
P014,纪律、责任与申诉,中心管理端,2,S02,临时止险,查看/配合,监督/协同,配置支撑/留痕,P014_S02,P014.stage.02.completed,节点结果、附件、状态事件、通知与审计记录
P014,纪律、责任与申诉,中心管理端,3,S03,初步核实/正式调查,查看/配合,主办/决策,配置支撑/留痕,P014_S03,P014.stage.03.completed,节点结果、附件、状态事件、通知与审计记录
P014,纪律、责任与申诉,中心管理端,4,S04,员工陈述申辩,查看/配合,监督/协同,配置支撑/留痕,P014_S04,P014.stage.04.completed,节点结果、附件、状态事件、通知与审计记录
P014,纪律、责任与申诉,中心管理端,5,S05,责任评审,查看/配合,主办/决策,配置支撑/留痕,P014_S05,P014.stage.05.completed,节点结果、附件、状态事件、通知与审计记录
P014,纪律、责任与申诉,中心管理端,6,S06,决定审批,查看/配合,主办/决策,配置支撑/留痕,P014_S06,P014.stage.06.completed,节点结果、附件、状态事件、通知与审计记录
P014,纪律、责任与申诉,中心管理端,7,S07,送达,查看/配合,监督/协同,配置支撑/留痕,P014_S07,P014.stage.07.completed,节点结果、附件、状态事件、通知与审计记录
P014,纪律、责任与申诉,中心管理端,8,S08,影响项执行,主办/填写,监督/协同,配置支撑/留痕,P014_S08,P014.stage.08.completed,节点结果、附件、状态事件、通知与审计记录
P014,纪律、责任与申诉,中心管理端,9,S09,申诉复核,主办/填写,主办/决策,配置支撑/留痕,P014_S09,P014.stage.09.completed,节点结果、附件、状态事件、通知与审计记录
P014,纪律、责任与申诉,中心管理端,10,S10,核心案件关闭,查看/配合,主办/决策,配置支撑/留痕,P014_S10,P014.stage.10.completed,节点结果、附件、状态事件、通知与审计记录
P014,纪律、责任与申诉,中心管理端,11,S11,独立观察整改,查看/配合,监督/协同,配置支撑/留痕,P014_S11,P014.stage.11.completed,节点结果、附件、状态事件、通知与审计记录
P014,纪律、责任与申诉,中心管理端,12,S12,补充归档,查看/配合,主办/决策,配置支撑/留痕,P014_S12,P014.stage.12.completed,节点结果、附件、状态事件、通知与审计记录
P015,成长积分与荣誉积分,中心管理端,1,S01,业务事件产生,查看/配合,监督/协同,配置支撑/留痕,P015_S01,P015.stage.01.completed,节点结果、附件、状态事件、通知与审计记录
P015,成长积分与荣誉积分,中心管理端,2,S02,人员与来源校验,查看/配合,主办/决策,配置支撑/留痕,P015_S02,P015.stage.02.completed,节点结果、附件、状态事件、通知与审计记录
P015,成长积分与荣誉积分,中心管理端,3,S03,例外与防重校验,查看/配合,主办/决策,系统自动/技术保障,P015_S03,P015.stage.03.completed,节点结果、附件、状态事件、通知与审计记录
P015,成长积分与荣誉积分,中心管理端,4,S04,规则版本匹配,查看/配合,监督/协同,配置支撑/留痕,P015_S04,P015.stage.04.completed,节点结果、附件、状态事件、通知与审计记录
P015,成长积分与荣誉积分,中心管理端,5,S05,计算与封顶,查看/配合,监督/协同,系统自动/技术保障,P015_S05,P015.stage.05.completed,节点结果、附件、状态事件、通知与审计记录
P015,成长积分与荣誉积分,中心管理端,6,S06,风险分级,查看/配合,监督/协同,配置支撑/留痕,P015_S06,P015.stage.06.completed,节点结果、附件、状态事件、通知与审计记录
P015,成长积分与荣誉积分,中心管理端,7,S07,自动入账/人工复核,查看/配合,主办/决策,系统自动/技术保障,P015_S07,P015.stage.07.completed,节点结果、附件、状态事件、通知与审计记录
P015,成长积分与荣誉积分,中心管理端,8,S08,员工通知,查看/配合,监督/协同,配置支撑/留痕,P015_S08,P015.stage.08.completed,节点结果、附件、状态事件、通知与审计记录
P015,成长积分与荣誉积分,中心管理端,9,S09,申诉/调整/冲销新增流水,主办/填写,监督/协同,配置支撑/留痕,P015_S09,P015.stage.09.completed,节点结果、附件、状态事件、通知与审计记录
P015,成长积分与荣誉积分,中心管理端,10,S10,有效分与段位重算,查看/配合,监督/协同,配置支撑/留痕,P015_S10,P015.stage.10.completed,节点结果、附件、状态事件、通知与审计记录
P016,员工福利与关怀,中心管理端,1,S01,系统触发/员工申请/管理发起,主办/填写,主办/决策,系统自动/技术保障,P016_S01,P016.stage.01.completed,节点结果、附件、状态事件、通知与审计记录
P016,员工福利与关怀,中心管理端,2,S02,资格校验,查看/配合,主办/决策,配置支撑/留痕,P016_S02,P016.stage.02.completed,节点结果、附件、状态事件、通知与审计记录
P016,员工福利与关怀,中心管理端,3,S03,材料与隐私授权,查看/配合,监督/协同,配置支撑/留痕,P016_S03,P016.stage.03.completed,节点结果、附件、状态事件、通知与审计记录
P016,员工福利与关怀,中心管理端,4,S04,审批,查看/配合,主办/决策,配置支撑/留痕,P016_S04,P016.stage.04.completed,节点结果、附件、状态事件、通知与审计记录
P016,员工福利与关怀,中心管理端,5,S05,财务付款/实物发放/服务执行,主办/填写,监督/协同,配置支撑/留痕,P016_S05,P016.stage.05.completed,节点结果、附件、状态事件、通知与审计记录
P016,员工福利与关怀,中心管理端,6,S06,员工确认,主办/填写,主办/决策,配置支撑/留痕,P016_S06,P016.stage.06.completed,节点结果、附件、状态事件、通知与审计记录
P016,员工福利与关怀,中心管理端,7,S07,对账,查看/配合,主办/决策,配置支撑/留痕,P016_S07,P016.stage.07.completed,节点结果、附件、状态事件、通知与审计记录
P016,员工福利与关怀,中心管理端,8,S08,归档,查看/配合,主办/决策,配置支撑/留痕,P016_S08,P016.stage.08.completed,节点结果、附件、状态事件、通知与审计记录
P017,电子签署,中心管理端,1,S01,模板与数据准备,查看/配合,监督/协同,配置支撑/留痕,P017_S01,P017.stage.01.completed,节点结果、附件、状态事件、通知与审计记录
P017,电子签署,中心管理端,2,S02,文档生成,查看/配合,监督/协同,系统自动/技术保障,P017_S02,P017.stage.02.completed,节点结果、附件、状态事件、通知与审计记录
P017,电子签署,中心管理端,3,S03,内部审核,查看/配合,主办/决策,配置支撑/留痕,P017_S03,P017.stage.03.completed,节点结果、附件、状态事件、通知与审计记录
P017,电子签署,中心管理端,4,S04,发起签署,查看/配合,监督/协同,配置支撑/留痕,P017_S04,P017.stage.04.completed,节点结果、附件、状态事件、通知与审计记录
P017,电子签署,中心管理端,5,S05,身份认证,查看/配合,监督/协同,系统自动/技术保障,P017_S05,P017.stage.05.completed,节点结果、附件、状态事件、通知与审计记录
P017,电子签署,中心管理端,6,S06,签署,查看/配合,监督/协同,配置支撑/留痕,P017_S06,P017.stage.06.completed,节点结果、附件、状态事件、通知与审计记录
P017,电子签署,中心管理端,7,S07,回调验签,查看/配合,监督/协同,系统自动/技术保障,P017_S07,P017.stage.07.completed,节点结果、附件、状态事件、通知与审计记录
P017,电子签署,中心管理端,8,S08,文件与证书归档,查看/配合,主办/决策,配置支撑/留痕,P017_S08,P017.stage.08.completed,节点结果、附件、状态事件、通知与审计记录
P017,电子签署,中心管理端,9,S09,业务状态更新,查看/配合,监督/协同,配置支撑/留痕,P017_S09,P017.stage.09.completed,节点结果、附件、状态事件、通知与审计记录
P018,数据导入,中心管理端,1,S01,下载模板,查看/配合,监督/协同,配置支撑/留痕,P018_S01,P018.stage.01.completed,节点结果、附件、状态事件、通知与审计记录
P018,数据导入,中心管理端,2,S02,上传文件,查看/配合,监督/协同,配置支撑/留痕,P018_S02,P018.stage.02.completed,节点结果、附件、状态事件、通知与审计记录
P018,数据导入,中心管理端,3,S03,格式校验,查看/配合,主办/决策,配置支撑/留痕,P018_S03,P018.stage.03.completed,节点结果、附件、状态事件、通知与审计记录
P018,数据导入,中心管理端,4,S04,业务校验,查看/配合,主办/决策,配置支撑/留痕,P018_S04,P018.stage.04.completed,节点结果、附件、状态事件、通知与审计记录
P018,数据导入,中心管理端,5,S05,权限与范围校验,查看/配合,主办/决策,系统自动/技术保障,P018_S05,P018.stage.05.completed,节点结果、附件、状态事件、通知与审计记录
P018,数据导入,中心管理端,6,S06,差异预览,查看/配合,监督/协同,配置支撑/留痕,P018_S06,P018.stage.06.completed,节点结果、附件、状态事件、通知与审计记录
P018,数据导入,中心管理端,7,S07,用户确认,主办/填写,主办/决策,配置支撑/留痕,P018_S07,P018.stage.07.completed,节点结果、附件、状态事件、通知与审计记录
P018,数据导入,中心管理端,8,S08,异步执行,主办/填写,监督/协同,系统自动/技术保障,P018_S08,P018.stage.08.completed,节点结果、附件、状态事件、通知与审计记录
P018,数据导入,中心管理端,9,S09,结果报告,查看/配合,监督/协同,配置支撑/留痕,P018_S09,P018.stage.09.completed,节点结果、附件、状态事件、通知与审计记录
P018,数据导入,中心管理端,10,S10,错误行下载,查看/配合,监督/协同,配置支撑/留痕,P018_S10,P018.stage.10.completed,节点结果、附件、状态事件、通知与审计记录
P018,数据导入,中心管理端,11,S11,审计,查看/配合,监督/协同,系统自动/技术保障,P018_S11,P018.stage.11.completed,节点结果、附件、状态事件、通知与审计记录
P019,敏感导出与文件下载,中心管理端,1,S01,发起导出/下载,查看/配合,监督/协同,配置支撑/留痕,P019_S01,P019.stage.01.completed,节点结果、附件、状态事件、通知与审计记录
P019,敏感导出与文件下载,中心管理端,2,S02,数据范围校验,查看/配合,主办/决策,配置支撑/留痕,P019_S02,P019.stage.02.completed,节点结果、附件、状态事件、通知与审计记录
P019,敏感导出与文件下载,中心管理端,3,S03,字段与敏感级别校验,查看/配合,主办/决策,配置支撑/留痕,P019_S03,P019.stage.03.completed,节点结果、附件、状态事件、通知与审计记录
P019,敏感导出与文件下载,中心管理端,4,S04,用途和审批校验,查看/配合,主办/决策,配置支撑/留痕,P019_S04,P019.stage.04.completed,节点结果、附件、状态事件、通知与审计记录
P019,敏感导出与文件下载,中心管理端,5,S05,异步生成,查看/配合,监督/协同,系统自动/技术保障,P019_S05,P019.stage.05.completed,节点结果、附件、状态事件、通知与审计记录
P019,敏感导出与文件下载,中心管理端,6,S06,水印与短时链接,查看/配合,监督/协同,系统自动/技术保障,P019_S06,P019.stage.06.completed,节点结果、附件、状态事件、通知与审计记录
P019,敏感导出与文件下载,中心管理端,7,S07,二次认证,查看/配合,监督/协同,系统自动/技术保障,P019_S07,P019.stage.07.completed,节点结果、附件、状态事件、通知与审计记录
P019,敏感导出与文件下载,中心管理端,8,S08,下载留痕,查看/配合,监督/协同,配置支撑/留痕,P019_S08,P019.stage.08.completed,节点结果、附件、状态事件、通知与审计记录
P019,敏感导出与文件下载,中心管理端,9,S09,到期销毁,查看/配合,监督/协同,配置支撑/留痕,P019_S09,P019.stage.09.completed,节点结果、附件、状态事件、通知与审计记录
P020,数据质量与修复,中心管理端,1,S01,规则扫描发现问题,查看/配合,监督/协同,配置支撑/留痕,P020_S01,P020.stage.01.completed,节点结果、附件、状态事件、通知与审计记录
P020,数据质量与修复,中心管理端,2,S02,生成数据修复工单,查看/配合,监督/协同,系统自动/技术保障,P020_S02,P020.stage.02.completed,节点结果、附件、状态事件、通知与审计记录
P020,数据质量与修复,中心管理端,3,S03,责任域确认权威来源,主办/填写,主办/决策,配置支撑/留痕,P020_S03,P020.stage.03.completed,节点结果、附件、状态事件、通知与审计记录
P020,数据质量与修复,中心管理端,4,S04,影响分析,查看/配合,监督/协同,配置支撑/留痕,P020_S04,P020.stage.04.completed,节点结果、附件、状态事件、通知与审计记录
P020,数据质量与修复,中心管理端,5,S05,修复方案审批,查看/配合,主办/决策,配置支撑/留痕,P020_S05,P020.stage.05.completed,节点结果、附件、状态事件、通知与审计记录
P020,数据质量与修复,中心管理端,6,S06,双人复核执行,主办/填写,主办/决策,配置支撑/留痕,P020_S06,P020.stage.06.completed,节点结果、附件、状态事件、通知与审计记录
P020,数据质量与修复,中心管理端,7,S07,下游补偿与重算,查看/配合,监督/协同,配置支撑/留痕,P020_S07,P020.stage.07.completed,节点结果、附件、状态事件、通知与审计记录
P020,数据质量与修复,中心管理端,8,S08,前后值核验,查看/配合,主办/决策,配置支撑/留痕,P020_S08,P020.stage.08.completed,节点结果、附件、状态事件、通知与审计记录
P020,数据质量与修复,中心管理端,9,S09,补充归档与审计,查看/配合,主办/决策,系统自动/技术保障,P020_S09,P020.stage.09.completed,节点结果、附件、状态事件、通知与审计记录
P021,经营会议闭环,中心管理端,1,S01,议题申报,查看/配合,监督/协同,配置支撑/留痕,P021_S01,P021.stage.01.completed,节点结果、附件、状态事件、通知与审计记录
P021,经营会议闭环,中心管理端,2,S02,材料校验,查看/配合,主办/决策,配置支撑/留痕,P021_S02,P021.stage.02.completed,节点结果、附件、状态事件、通知与审计记录
P021,经营会议闭环,中心管理端,3,S03,总裁办初审,查看/配合,主办/决策,配置支撑/留痕,P021_S03,P021.stage.03.completed,节点结果、附件、状态事件、通知与审计记录
P021,经营会议闭环,中心管理端,4,S04,会议发布,查看/配合,主办/决策,配置支撑/留痕,P021_S04,P021.stage.04.completed,节点结果、附件、状态事件、通知与审计记录
P021,经营会议闭环,中心管理端,5,S05,会议召开,查看/配合,监督/协同,配置支撑/留痕,P021_S05,P021.stage.05.completed,节点结果、附件、状态事件、通知与审计记录
P021,经营会议闭环,中心管理端,6,S06,主持人确认纪要,主办/填写,主办/决策,配置支撑/留痕,P021_S06,P021.stage.06.completed,节点结果、附件、状态事件、通知与审计记录
P021,经营会议闭环,中心管理端,7,S07,行动项自动生成,查看/配合,监督/协同,系统自动/技术保障,P021_S07,P021.stage.07.completed,节点结果、附件、状态事件、通知与审计记录
P021,经营会议闭环,中心管理端,8,S08,责任中心执行,主办/填写,监督/协同,配置支撑/留痕,P021_S08,P021.stage.08.completed,节点结果、附件、状态事件、通知与审计记录
P021,经营会议闭环,中心管理端,9,S09,总裁办验收,查看/配合,主办/决策,配置支撑/留痕,P021_S09,P021.stage.09.completed,节点结果、附件、状态事件、通知与审计记录
P021,经营会议闭环,中心管理端,10,S10,归档,查看/配合,主办/决策,配置支撑/留痕,P021_S10,P021.stage.10.completed,节点结果、附件、状态事件、通知与审计记录
P022,总裁指令闭环,中心管理端,1,S01,指令登记,主办/填写,监督/协同,配置支撑/留痕,P022_S01,P022.stage.01.completed,节点结果、附件、状态事件、通知与审计记录
P022,总裁指令闭环,中心管理端,2,S02,权限与密级确认,主办/填写,主办/决策,系统自动/技术保障,P022_S02,P022.stage.02.completed,节点结果、附件、状态事件、通知与审计记录
P022,总裁指令闭环,中心管理端,3,S03,责任中心签收,主办/填写,监督/协同,配置支撑/留痕,P022_S03,P022.stage.03.completed,节点结果、附件、状态事件、通知与审计记录
P022,总裁指令闭环,中心管理端,4,S04,任务分解,查看/配合,监督/协同,配置支撑/留痕,P022_S04,P022.stage.04.completed,节点结果、附件、状态事件、通知与审计记录
P022,总裁指令闭环,中心管理端,5,S05,执行反馈,主办/填写,监督/协同,配置支撑/留痕,P022_S05,P022.stage.05.completed,节点结果、附件、状态事件、通知与审计记录
P022,总裁指令闭环,中心管理端,6,S06,异常升级,查看/配合,监督/协同,配置支撑/留痕,P022_S06,P022.stage.06.completed,节点结果、附件、状态事件、通知与审计记录
P022,总裁指令闭环,中心管理端,7,S07,结果验收,查看/配合,主办/决策,配置支撑/留痕,P022_S07,P022.stage.07.completed,节点结果、附件、状态事件、通知与审计记录
P022,总裁指令闭环,中心管理端,8,S08,复盘归档,查看/配合,主办/决策,配置支撑/留痕,P022_S08,P022.stage.08.completed,节点结果、附件、状态事件、通知与审计记录
P023,重大事项升级,中心管理端,1,S01,风险发现,查看/配合,监督/协同,配置支撑/留痕,P023_S01,P023.stage.01.completed,节点结果、附件、状态事件、通知与审计记录
P023,重大事项升级,中心管理端,2,S02,分级判断,查看/配合,监督/协同,配置支撑/留痕,P023_S02,P023.stage.02.completed,节点结果、附件、状态事件、通知与审计记录
P023,重大事项升级,中心管理端,3,S03,先行止险,查看/配合,监督/协同,配置支撑/留痕,P023_S03,P023.stage.03.completed,节点结果、附件、状态事件、通知与审计记录
P023,重大事项升级,中心管理端,4,S04,通知有权人员,查看/配合,监督/协同,配置支撑/留痕,P023_S04,P023.stage.04.completed,节点结果、附件、状态事件、通知与审计记录
P023,重大事项升级,中心管理端,5,S05,建立专题,查看/配合,监督/协同,配置支撑/留痕,P023_S05,P023.stage.05.completed,节点结果、附件、状态事件、通知与审计记录
P023,重大事项升级,中心管理端,6,S06,持续报告,查看/配合,监督/协同,配置支撑/留痕,P023_S06,P023.stage.06.completed,节点结果、附件、状态事件、通知与审计记录
P023,重大事项升级,中心管理端,7,S07,决定执行,主办/填写,主办/决策,配置支撑/留痕,P023_S07,P023.stage.07.completed,节点结果、附件、状态事件、通知与审计记录
P023,重大事项升级,中心管理端,8,S08,关闭或转案件,查看/配合,主办/决策,配置支撑/留痕,P023_S08,P023.stage.08.completed,节点结果、附件、状态事件、通知与审计记录
P024,预算闭环,中心管理端,1,S01,预算申报,查看/配合,监督/协同,配置支撑/留痕,P024_S01,P024.stage.01.completed,节点结果、附件、状态事件、通知与审计记录
P024,预算闭环,中心管理端,2,S02,汇总校验,查看/配合,主办/决策,配置支撑/留痕,P024_S02,P024.stage.02.completed,节点结果、附件、状态事件、通知与审计记录
P024,预算闭环,中心管理端,3,S03,中心确认,主办/填写,主办/决策,配置支撑/留痕,P024_S03,P024.stage.03.completed,节点结果、附件、状态事件、通知与审计记录
P024,预算闭环,中心管理端,4,S04,财务复核,查看/配合,主办/决策,配置支撑/留痕,P024_S04,P024.stage.04.completed,节点结果、附件、状态事件、通知与审计记录
P024,预算闭环,中心管理端,5,S05,有权审批,查看/配合,主办/决策,配置支撑/留痕,P024_S05,P024.stage.05.completed,节点结果、附件、状态事件、通知与审计记录
P024,预算闭环,中心管理端,6,S06,预算发布,查看/配合,主办/决策,配置支撑/留痕,P024_S06,P024.stage.06.completed,节点结果、附件、状态事件、通知与审计记录
P024,预算闭环,中心管理端,7,S07,占用与释放,查看/配合,监督/协同,配置支撑/留痕,P024_S07,P024.stage.07.completed,节点结果、附件、状态事件、通知与审计记录
P024,预算闭环,中心管理端,8,S08,调整,查看/配合,监督/协同,配置支撑/留痕,P024_S08,P024.stage.08.completed,节点结果、附件、状态事件、通知与审计记录
P024,预算闭环,中心管理端,9,S09,执行分析,主办/填写,监督/协同,配置支撑/留痕,P024_S09,P024.stage.09.completed,节点结果、附件、状态事件、通知与审计记录
P024,预算闭环,中心管理端,10,S10,年度关闭,查看/配合,主办/决策,配置支撑/留痕,P024_S10,P024.stage.10.completed,节点结果、附件、状态事件、通知与审计记录
P025,报销闭环,中心管理端,1,S01,事前申请关联,主办/填写,监督/协同,配置支撑/留痕,P025_S01,P025.stage.01.completed,节点结果、附件、状态事件、通知与审计记录
P025,报销闭环,中心管理端,2,S02,报销填报,主办/填写,监督/协同,配置支撑/留痕,P025_S02,P025.stage.02.completed,节点结果、附件、状态事件、通知与审计记录
P025,报销闭环,中心管理端,3,S03,票据验真与防重,查看/配合,监督/协同,系统自动/技术保障,P025_S03,P025.stage.03.completed,节点结果、附件、状态事件、通知与审计记录
P025,报销闭环,中心管理端,4,S04,业务真实性审批,查看/配合,主办/决策,配置支撑/留痕,P025_S04,P025.stage.04.completed,节点结果、附件、状态事件、通知与审计记录
P025,报销闭环,中心管理端,5,S05,预算校验,查看/配合,主办/决策,配置支撑/留痕,P025_S05,P025.stage.05.completed,节点结果、附件、状态事件、通知与审计记录
P025,报销闭环,中心管理端,6,S06,财务复核,查看/配合,主办/决策,配置支撑/留痕,P025_S06,P025.stage.06.completed,节点结果、附件、状态事件、通知与审计记录
P025,报销闭环,中心管理端,7,S07,付款,查看/配合,监督/协同,配置支撑/留痕,P025_S07,P025.stage.07.completed,节点结果、附件、状态事件、通知与审计记录
P025,报销闭环,中心管理端,8,S08,回执,查看/配合,监督/协同,配置支撑/留痕,P025_S08,P025.stage.08.completed,节点结果、附件、状态事件、通知与审计记录
P025,报销闭环,中心管理端,9,S09,对账归档,查看/配合,主办/决策,配置支撑/留痕,P025_S09,P025.stage.09.completed,节点结果、附件、状态事件、通知与审计记录
P026,借款核销,中心管理端,1,S01,借款申请,主办/填写,监督/协同,配置支撑/留痕,P026_S01,P026.stage.01.completed,节点结果、附件、状态事件、通知与审计记录
P026,借款核销,中心管理端,2,S02,预算与必要性审批,查看/配合,主办/决策,配置支撑/留痕,P026_S02,P026.stage.02.completed,节点结果、附件、状态事件、通知与审计记录
P026,借款核销,中心管理端,3,S03,付款,查看/配合,监督/协同,配置支撑/留痕,P026_S03,P026.stage.03.completed,节点结果、附件、状态事件、通知与审计记录
P026,借款核销,中心管理端,4,S04,费用发生,查看/配合,监督/协同,配置支撑/留痕,P026_S04,P026.stage.04.completed,节点结果、附件、状态事件、通知与审计记录
P026,借款核销,中心管理端,5,S05,报销抵扣,查看/配合,监督/协同,配置支撑/留痕,P026_S05,P026.stage.05.completed,节点结果、附件、状态事件、通知与审计记录
P026,借款核销,中心管理端,6,S06,余额归还,主办/填写,监督/协同,配置支撑/留痕,P026_S06,P026.stage.06.completed,节点结果、附件、状态事件、通知与审计记录
P026,借款核销,中心管理端,7,S07,财务确认,主办/填写,主办/决策,配置支撑/留痕,P026_S07,P026.stage.07.completed,节点结果、附件、状态事件、通知与审计记录
P026,借款核销,中心管理端,8,S08,关闭,查看/配合,主办/决策,配置支撑/留痕,P026_S08,P026.stage.08.completed,节点结果、附件、状态事件、通知与审计记录
P027,跨系统对账,中心管理端,1,S01,生成对账批次,查看/配合,主办/决策,系统自动/技术保障,P027_S01,P027.stage.01.completed,节点结果、附件、状态事件、通知与审计记录
P027,跨系统对账,中心管理端,2,S02,拉取双方数据,查看/配合,监督/协同,配置支撑/留痕,P027_S02,P027.stage.02.completed,节点结果、附件、状态事件、通知与审计记录
P027,跨系统对账,中心管理端,3,S03,自动匹配,查看/配合,监督/协同,系统自动/技术保障,P027_S03,P027.stage.03.completed,节点结果、附件、状态事件、通知与审计记录
P027,跨系统对账,中心管理端,4,S04,差异分类,查看/配合,监督/协同,配置支撑/留痕,P027_S04,P027.stage.04.completed,节点结果、附件、状态事件、通知与审计记录
P027,跨系统对账,中心管理端,5,S05,责任人处理,查看/配合,主办/决策,配置支撑/留痕,P027_S05,P027.stage.05.completed,节点结果、附件、状态事件、通知与审计记录
P027,跨系统对账,中心管理端,6,S06,复核,查看/配合,主办/决策,配置支撑/留痕,P027_S06,P027.stage.06.completed,节点结果、附件、状态事件、通知与审计记录
P027,跨系统对账,中心管理端,7,S07,调整或冲销,查看/配合,监督/协同,配置支撑/留痕,P027_S07,P027.stage.07.completed,节点结果、附件、状态事件、通知与审计记录
P027,跨系统对账,中心管理端,8,S08,对账关闭,查看/配合,主办/决策,配置支撑/留痕,P027_S08,P027.stage.08.completed,节点结果、附件、状态事件、通知与审计记录
P028,录用入职闭环,中心管理端,1,S01,用人需求,查看/配合,监督/协同,配置支撑/留痕,P028_S01,P028.stage.01.completed,节点结果、附件、状态事件、通知与审计记录
P028,录用入职闭环,中心管理端,2,S02,编制预算审批,查看/配合,主办/决策,配置支撑/留痕,P028_S02,P028.stage.02.completed,节点结果、附件、状态事件、通知与审计记录
P028,录用入职闭环,中心管理端,3,S03,招聘,查看/配合,监督/协同,配置支撑/留痕,P028_S03,P028.stage.03.completed,节点结果、附件、状态事件、通知与审计记录
P028,录用入职闭环,中心管理端,4,S04,面试1000分评价,主办/填写,监督/协同,配置支撑/留痕,P028_S04,P028.stage.04.completed,节点结果、附件、状态事件、通知与审计记录
P028,录用入职闭环,中心管理端,5,S05,录用审批,查看/配合,主办/决策,配置支撑/留痕,P028_S05,P028.stage.05.completed,节点结果、附件、状态事件、通知与审计记录
P028,录用入职闭环,中心管理端,6,S06,候选人接受,查看/配合,监督/协同,配置支撑/留痕,P028_S06,P028.stage.06.completed,节点结果、附件、状态事件、通知与审计记录
P028,录用入职闭环,中心管理端,7,S07,编制锁定,查看/配合,主办/决策,配置支撑/留痕,P028_S07,P028.stage.07.completed,节点结果、附件、状态事件、通知与审计记录
P028,录用入职闭环,中心管理端,8,S08,员工预档,查看/配合,监督/协同,配置支撑/留痕,P028_S08,P028.stage.08.completed,节点结果、附件、状态事件、通知与审计记录
P028,录用入职闭环,中心管理端,9,S09,到岗确认,主办/填写,主办/决策,配置支撑/留痕,P028_S09,P028.stage.09.completed,节点结果、附件、状态事件、通知与审计记录
P028,录用入职闭环,中心管理端,10,S10,合同与权限任务,查看/配合,监督/协同,系统自动/技术保障,P028_S10,P028.stage.10.completed,节点结果、附件、状态事件、通知与审计记录
P028,录用入职闭环,中心管理端,11,S11,入职完成,查看/配合,监督/协同,配置支撑/留痕,P028_S11,P028.stage.11.completed,节点结果、附件、状态事件、通知与审计记录
P029,调岗闭环,中心管理端,1,S01,申请,主办/填写,监督/协同,配置支撑/留痕,P029_S01,P029.stage.01.completed,节点结果、附件、状态事件、通知与审计记录
P029,调岗闭环,中心管理端,2,S02,编制与资格校验,查看/配合,主办/决策,配置支撑/留痕,P029_S02,P029.stage.02.completed,节点结果、附件、状态事件、通知与审计记录
P029,调岗闭环,中心管理端,3,S03,薪酬合同影响分析,查看/配合,监督/协同,配置支撑/留痕,P029_S03,P029.stage.03.completed,节点结果、附件、状态事件、通知与审计记录
P029,调岗闭环,中心管理端,4,S04,审批,查看/配合,主办/决策,配置支撑/留痕,P029_S04,P029.stage.04.completed,节点结果、附件、状态事件、通知与审计记录
P029,调岗闭环,中心管理端,5,S05,交接,主办/填写,监督/协同,配置支撑/留痕,P029_S05,P029.stage.05.completed,节点结果、附件、状态事件、通知与审计记录
P029,调岗闭环,中心管理端,6,S06,生效,查看/配合,监督/协同,配置支撑/留痕,P029_S06,P029.stage.06.completed,节点结果、附件、状态事件、通知与审计记录
P029,调岗闭环,中心管理端,7,S07,权限考勤学习绩效切换,主办/填写,监督/协同,系统自动/技术保障,P029_S07,P029.stage.07.completed,节点结果、附件、状态事件、通知与审计记录
P029,调岗闭环,中心管理端,8,S08,补偿,查看/配合,监督/协同,配置支撑/留痕,P029_S08,P029.stage.08.completed,节点结果、附件、状态事件、通知与审计记录
P029,调岗闭环,中心管理端,9,S09,归档,查看/配合,主办/决策,配置支撑/留痕,P029_S09,P029.stage.09.completed,节点结果、附件、状态事件、通知与审计记录
P030,离职闭环,中心管理端,1,S01,申请或公司发起,主办/填写,监督/协同,配置支撑/留痕,P030_S01,P030.stage.01.completed,节点结果、附件、状态事件、通知与审计记录
P030,离职闭环,中心管理端,2,S02,审批,查看/配合,主办/决策,配置支撑/留痕,P030_S02,P030.stage.02.completed,节点结果、附件、状态事件、通知与审计记录
P030,离职闭环,中心管理端,3,S03,交接计划,主办/填写,主办/决策,配置支撑/留痕,P030_S03,P030.stage.03.completed,节点结果、附件、状态事件、通知与审计记录
P030,离职闭环,中心管理端,4,S04,业务与资产移交,查看/配合,监督/协同,配置支撑/留痕,P030_S04,P030.stage.04.completed,节点结果、附件、状态事件、通知与审计记录
P030,离职闭环,中心管理端,5,S05,权限回收,查看/配合,监督/协同,系统自动/技术保障,P030_S05,P030.stage.05.completed,节点结果、附件、状态事件、通知与审计记录
P030,离职闭环,中心管理端,6,S06,有效离职时点确认,主办/填写,主办/决策,配置支撑/留痕,P030_S06,P030.stage.06.completed,节点结果、附件、状态事件、通知与审计记录
P030,离职闭环,中心管理端,7,S07,财务结算或转独立义务,查看/配合,监督/协同,配置支撑/留痕,P030_S07,P030.stage.07.completed,节点结果、附件、状态事件、通知与审计记录
P030,离职闭环,中心管理端,8,S08,证明,查看/配合,监督/协同,配置支撑/留痕,P030_S08,P030.stage.08.completed,节点结果、附件、状态事件、通知与审计记录
P030,离职闭环,中心管理端,9,S09,归档,查看/配合,主办/决策,配置支撑/留痕,P030_S09,P030.stage.09.completed,节点结果、附件、状态事件、通知与审计记录
P031,归档接收,中心管理端,1,S01,业务模块生成归档包,查看/配合,主办/决策,系统自动/技术保障,P031_S01,P031.stage.01.completed,节点结果、附件、状态事件、通知与审计记录
P031,归档接收,中心管理端,2,S02,提交移交,查看/配合,监督/协同,配置支撑/留痕,P031_S02,P031.stage.02.completed,节点结果、附件、状态事件、通知与审计记录
P031,归档接收,中心管理端,3,S03,格式与完整性校验,查看/配合,主办/决策,配置支撑/留痕,P031_S03,P031.stage.03.completed,节点结果、附件、状态事件、通知与审计记录
P031,归档接收,中心管理端,4,S04,缺件退回,查看/配合,监督/协同,配置支撑/留痕,P031_S04,P031.stage.04.completed,节点结果、附件、状态事件、通知与审计记录
P031,归档接收,中心管理端,5,S05,档案编号,查看/配合,监督/协同,配置支撑/留痕,P031_S05,P031.stage.05.completed,节点结果、附件、状态事件、通知与审计记录
P031,归档接收,中心管理端,6,S06,实体或电子入库,查看/配合,监督/协同,配置支撑/留痕,P031_S06,P031.stage.06.completed,节点结果、附件、状态事件、通知与审计记录
P031,归档接收,中心管理端,7,S07,接收回执,查看/配合,监督/协同,配置支撑/留痕,P031_S07,P031.stage.07.completed,节点结果、附件、状态事件、通知与审计记录
P031,归档接收,中心管理端,8,S08,冻结,查看/配合,监督/协同,配置支撑/留痕,P031_S08,P031.stage.08.completed,节点结果、附件、状态事件、通知与审计记录
P032,借阅归还,中心管理端,1,S01,申请,主办/填写,监督/协同,配置支撑/留痕,P032_S01,P032.stage.01.completed,节点结果、附件、状态事件、通知与审计记录
P032,借阅归还,中心管理端,2,S02,范围与用途审批,查看/配合,主办/决策,配置支撑/留痕,P032_S02,P032.stage.02.completed,节点结果、附件、状态事件、通知与审计记录
P032,借阅归还,中心管理端,3,S03,档案出库或授权,查看/配合,监督/协同,配置支撑/留痕,P032_S03,P032.stage.03.completed,节点结果、附件、状态事件、通知与审计记录
P032,借阅归还,中心管理端,4,S04,使用留痕,主办/填写,监督/协同,配置支撑/留痕,P032_S04,P032.stage.04.completed,节点结果、附件、状态事件、通知与审计记录
P032,借阅归还,中心管理端,5,S05,到期提醒,查看/配合,监督/协同,配置支撑/留痕,P032_S05,P032.stage.05.completed,节点结果、附件、状态事件、通知与审计记录
P032,借阅归还,中心管理端,6,S06,归还验收,主办/填写,主办/决策,配置支撑/留痕,P032_S06,P032.stage.06.completed,节点结果、附件、状态事件、通知与审计记录
P032,借阅归还,中心管理端,7,S07,状态恢复,查看/配合,监督/协同,配置支撑/留痕,P032_S07,P032.stage.07.completed,节点结果、附件、状态事件、通知与审计记录
P032,借阅归还,中心管理端,8,S08,归档,查看/配合,主办/决策,配置支撑/留痕,P032_S08,P032.stage.08.completed,节点结果、附件、状态事件、通知与审计记录
P033,销毁鉴定,中心管理端,1,S01,到期扫描,查看/配合,监督/协同,配置支撑/留痕,P033_S01,P033.stage.01.completed,节点结果、附件、状态事件、通知与审计记录
P033,销毁鉴定,中心管理端,2,S02,鉴定清单,查看/配合,主办/决策,配置支撑/留痕,P033_S02,P033.stage.02.completed,节点结果、附件、状态事件、通知与审计记录
P033,销毁鉴定,中心管理端,3,S03,业务与法务会签,查看/配合,监督/协同,配置支撑/留痕,P033_S03,P033.stage.03.completed,节点结果、附件、状态事件、通知与审计记录
P033,销毁鉴定,中心管理端,4,S04,有权审批,查看/配合,主办/决策,配置支撑/留痕,P033_S04,P033.stage.04.completed,节点结果、附件、状态事件、通知与审计记录
P033,销毁鉴定,中心管理端,5,S05,销毁执行,主办/填写,监督/协同,配置支撑/留痕,P033_S05,P033.stage.05.completed,节点结果、附件、状态事件、通知与审计记录
P033,销毁鉴定,中心管理端,6,S06,双人见证,查看/配合,监督/协同,配置支撑/留痕,P033_S06,P033.stage.06.completed,节点结果、附件、状态事件、通知与审计记录
P033,销毁鉴定,中心管理端,7,S07,证明归档,查看/配合,主办/决策,配置支撑/留痕,P033_S07,P033.stage.07.completed,节点结果、附件、状态事件、通知与审计记录
P034,标准采购,中心管理端,1,S01,需求申请,主办/填写,监督/协同,配置支撑/留痕,P034_S01,P034.stage.01.completed,节点结果、附件、状态事件、通知与审计记录
P034,标准采购,中心管理端,2,S02,库存核查,查看/配合,监督/协同,配置支撑/留痕,P034_S02,P034.stage.02.completed,节点结果、附件、状态事件、通知与审计记录
P034,标准采购,中心管理端,3,S03,预算校验,查看/配合,主办/决策,配置支撑/留痕,P034_S03,P034.stage.03.completed,节点结果、附件、状态事件、通知与审计记录
P034,标准采购,中心管理端,4,S04,采购审批,查看/配合,主办/决策,配置支撑/留痕,P034_S04,P034.stage.04.completed,节点结果、附件、状态事件、通知与审计记录
P034,标准采购,中心管理端,5,S05,询比价,查看/配合,监督/协同,配置支撑/留痕,P034_S05,P034.stage.05.completed,节点结果、附件、状态事件、通知与审计记录
P034,标准采购,中心管理端,6,S06,定标,查看/配合,主办/决策,配置支撑/留痕,P034_S06,P034.stage.06.completed,节点结果、附件、状态事件、通知与审计记录
P034,标准采购,中心管理端,7,S07,订单,查看/配合,监督/协同,配置支撑/留痕,P034_S07,P034.stage.07.completed,节点结果、附件、状态事件、通知与审计记录
P034,标准采购,中心管理端,8,S08,到货,查看/配合,监督/协同,配置支撑/留痕,P034_S08,P034.stage.08.completed,节点结果、附件、状态事件、通知与审计记录
P034,标准采购,中心管理端,9,S09,专业验收,查看/配合,主办/决策,配置支撑/留痕,P034_S09,P034.stage.09.completed,节点结果、附件、状态事件、通知与审计记录
P034,标准采购,中心管理端,10,S10,入库,查看/配合,监督/协同,配置支撑/留痕,P034_S10,P034.stage.10.completed,节点结果、附件、状态事件、通知与审计记录
P034,标准采购,中心管理端,11,S11,对账,查看/配合,主办/决策,配置支撑/留痕,P034_S11,P034.stage.11.completed,节点结果、附件、状态事件、通知与审计记录
P034,标准采购,中心管理端,12,S12,归档,查看/配合,主办/决策,配置支撑/留痕,P034_S12,P034.stage.12.completed,节点结果、附件、状态事件、通知与审计记录
P035,紧急采购,中心管理端,1,S01,紧急原因登记,主办/填写,监督/协同,配置支撑/留痕,P035_S01,P035.stage.01.completed,节点结果、附件、状态事件、通知与审计记录
P035,紧急采购,中心管理端,2,S02,授权审批,查看/配合,主办/决策,配置支撑/留痕,P035_S02,P035.stage.02.completed,节点结果、附件、状态事件、通知与审计记录
P035,紧急采购,中心管理端,3,S03,限额采购,查看/配合,监督/协同,配置支撑/留痕,P035_S03,P035.stage.03.completed,节点结果、附件、状态事件、通知与审计记录
P035,紧急采购,中心管理端,4,S04,到货验收,查看/配合,主办/决策,配置支撑/留痕,P035_S04,P035.stage.04.completed,节点结果、附件、状态事件、通知与审计记录
P035,紧急采购,中心管理端,5,S05,事后补充材料,查看/配合,监督/协同,配置支撑/留痕,P035_S05,P035.stage.05.completed,节点结果、附件、状态事件、通知与审计记录
P035,紧急采购,中心管理端,6,S06,财务复核,查看/配合,主办/决策,配置支撑/留痕,P035_S06,P035.stage.06.completed,节点结果、附件、状态事件、通知与审计记录
P035,紧急采购,中心管理端,7,S07,专项审计,查看/配合,监督/协同,系统自动/技术保障,P035_S07,P035.stage.07.completed,节点结果、附件、状态事件、通知与审计记录
P036,退换货,中心管理端,1,S01,验收不合格,查看/配合,主办/决策,配置支撑/留痕,P036_S01,P036.stage.01.completed,节点结果、附件、状态事件、通知与审计记录
P036,退换货,中心管理端,2,S02,隔离,查看/配合,监督/协同,配置支撑/留痕,P036_S02,P036.stage.02.completed,节点结果、附件、状态事件、通知与审计记录
P036,退换货,中心管理端,3,S03,责任确认,主办/填写,主办/决策,配置支撑/留痕,P036_S03,P036.stage.03.completed,节点结果、附件、状态事件、通知与审计记录
P036,退换货,中心管理端,4,S04,退换货审批,查看/配合,主办/决策,配置支撑/留痕,P036_S04,P036.stage.04.completed,节点结果、附件、状态事件、通知与审计记录
P036,退换货,中心管理端,5,S05,供应商处理,查看/配合,主办/决策,配置支撑/留痕,P036_S05,P036.stage.05.completed,节点结果、附件、状态事件、通知与审计记录
P036,退换货,中心管理端,6,S06,重新验收或退款,查看/配合,主办/决策,配置支撑/留痕,P036_S06,P036.stage.06.completed,节点结果、附件、状态事件、通知与审计记录
P036,退换货,中心管理端,7,S07,库存财务回写,查看/配合,监督/协同,系统自动/技术保障,P036_S07,P036.stage.07.completed,节点结果、附件、状态事件、通知与审计记录
P037,售检票闭环,中心管理端,1,S01,创建订单,查看/配合,监督/协同,配置支撑/留痕,P037_S01,P037.stage.01.completed,节点结果、附件、状态事件、通知与审计记录
P037,售检票闭环,中心管理端,2,S02,价格规则校验,查看/配合,主办/决策,配置支撑/留痕,P037_S02,P037.stage.02.completed,节点结果、附件、状态事件、通知与审计记录
P037,售检票闭环,中心管理端,3,S03,支付,查看/配合,监督/协同,配置支撑/留痕,P037_S03,P037.stage.03.completed,节点结果、附件、状态事件、通知与审计记录
P037,售检票闭环,中心管理端,4,S04,出票,查看/配合,监督/协同,配置支撑/留痕,P037_S04,P037.stage.04.completed,节点结果、附件、状态事件、通知与审计记录
P037,售检票闭环,中心管理端,5,S05,入园核验,查看/配合,主办/决策,配置支撑/留痕,P037_S05,P037.stage.05.completed,节点结果、附件、状态事件、通知与审计记录
P037,售检票闭环,中心管理端,6,S06,核销,主办/填写,监督/协同,配置支撑/留痕,P037_S06,P037.stage.06.completed,节点结果、附件、状态事件、通知与审计记录
P037,售检票闭环,中心管理端,7,S07,异常处理,查看/配合,主办/决策,配置支撑/留痕,P037_S07,P037.stage.07.completed,节点结果、附件、状态事件、通知与审计记录
P037,售检票闭环,中心管理端,8,S08,日结对账,查看/配合,主办/决策,配置支撑/留痕,P037_S08,P037.stage.08.completed,节点结果、附件、状态事件、通知与审计记录
P038,退款改签,中心管理端,1,S01,申请,主办/填写,监督/协同,配置支撑/留痕,P038_S01,P038.stage.01.completed,节点结果、附件、状态事件、通知与审计记录
P038,退款改签,中心管理端,2,S02,规则校验,查看/配合,主办/决策,配置支撑/留痕,P038_S02,P038.stage.02.completed,节点结果、附件、状态事件、通知与审计记录
P038,退款改签,中心管理端,3,S03,审批或自动判断,查看/配合,主办/决策,系统自动/技术保障,P038_S03,P038.stage.03.completed,节点结果、附件、状态事件、通知与审计记录
P038,退款改签,中心管理端,4,S04,票码冻结,查看/配合,监督/协同,配置支撑/留痕,P038_S04,P038.stage.04.completed,节点结果、附件、状态事件、通知与审计记录
P038,退款改签,中心管理端,5,S05,退款/改签执行,主办/填写,监督/协同,配置支撑/留痕,P038_S05,P038.stage.05.completed,节点结果、附件、状态事件、通知与审计记录
P038,退款改签,中心管理端,6,S06,支付回执,查看/配合,监督/协同,配置支撑/留痕,P038_S06,P038.stage.06.completed,节点结果、附件、状态事件、通知与审计记录
P038,退款改签,中心管理端,7,S07,票务与财务冲销,查看/配合,监督/协同,配置支撑/留痕,P038_S07,P038.stage.07.completed,节点结果、附件、状态事件、通知与审计记录
P039,离线检票,中心管理端,1,S01,设备离线,查看/配合,监督/协同,系统自动/技术保障,P039_S01,P039.stage.01.completed,节点结果、附件、状态事件、通知与审计记录
P039,离线检票,中心管理端,2,S02,本地白名单核验,查看/配合,主办/决策,配置支撑/留痕,P039_S02,P039.stage.02.completed,节点结果、附件、状态事件、通知与审计记录
P039,离线检票,中心管理端,3,S03,离线记录,查看/配合,监督/协同,系统自动/技术保障,P039_S03,P039.stage.03.completed,节点结果、附件、状态事件、通知与审计记录
P039,离线检票,中心管理端,4,S04,网络恢复,查看/配合,监督/协同,系统自动/技术保障,P039_S04,P039.stage.04.completed,节点结果、附件、状态事件、通知与审计记录
P039,离线检票,中心管理端,5,S05,批量回传,查看/配合,监督/协同,配置支撑/留痕,P039_S05,P039.stage.05.completed,节点结果、附件、状态事件、通知与审计记录
P039,离线检票,中心管理端,6,S06,防重合并,查看/配合,监督/协同,系统自动/技术保障,P039_S06,P039.stage.06.completed,节点结果、附件、状态事件、通知与审计记录
P039,离线检票,中心管理端,7,S07,差异处理,查看/配合,主办/决策,配置支撑/留痕,P039_S07,P039.stage.07.completed,节点结果、附件、状态事件、通知与审计记录
P040,商机推进,中心管理端,1,S01,线索录入,查看/配合,监督/协同,配置支撑/留痕,P040_S01,P040.stage.01.completed,节点结果、附件、状态事件、通知与审计记录
P040,商机推进,中心管理端,2,S02,查重与归属,查看/配合,监督/协同,配置支撑/留痕,P040_S02,P040.stage.02.completed,节点结果、附件、状态事件、通知与审计记录
P040,商机推进,中心管理端,3,S03,初步评估,查看/配合,监督/协同,配置支撑/留痕,P040_S03,P040.stage.03.completed,节点结果、附件、状态事件、通知与审计记录
P040,商机推进,中心管理端,4,S04,客户沟通,主办/填写,监督/协同,配置支撑/留痕,P040_S04,P040.stage.04.completed,节点结果、附件、状态事件、通知与审计记录
P040,商机推进,中心管理端,5,S05,方案与报价,查看/配合,监督/协同,配置支撑/留痕,P040_S05,P040.stage.05.completed,节点结果、附件、状态事件、通知与审计记录
P040,商机推进,中心管理端,6,S06,商务审批,查看/配合,主办/决策,配置支撑/留痕,P040_S06,P040.stage.06.completed,节点结果、附件、状态事件、通知与审计记录
P040,商机推进,中心管理端,7,S07,合同协同,查看/配合,监督/协同,配置支撑/留痕,P040_S07,P040.stage.07.completed,节点结果、附件、状态事件、通知与审计记录
P040,商机推进,中心管理端,8,S08,交付移交,查看/配合,监督/协同,配置支撑/留痕,P040_S08,P040.stage.08.completed,节点结果、附件、状态事件、通知与审计记录
P040,商机推进,中心管理端,9,S09,回款跟踪,查看/配合,监督/协同,配置支撑/留痕,P040_S09,P040.stage.09.completed,节点结果、附件、状态事件、通知与审计记录
P040,商机推进,中心管理端,10,S10,复盘,查看/配合,主办/决策,配置支撑/留痕,P040_S10,P040.stage.10.completed,节点结果、附件、状态事件、通知与审计记录
P041,市场活动,中心管理端,1,S01,活动立项,查看/配合,监督/协同,配置支撑/留痕,P041_S01,P041.stage.01.completed,节点结果、附件、状态事件、通知与审计记录
P041,市场活动,中心管理端,2,S02,目标与预算,查看/配合,监督/协同,配置支撑/留痕,P041_S02,P041.stage.02.completed,节点结果、附件、状态事件、通知与审计记录
P041,市场活动,中心管理端,3,S03,企划协同,查看/配合,监督/协同,配置支撑/留痕,P041_S03,P041.stage.03.completed,节点结果、附件、状态事件、通知与审计记录
P041,市场活动,中心管理端,4,S04,新媒体发布,查看/配合,主办/决策,配置支撑/留痕,P041_S04,P041.stage.04.completed,节点结果、附件、状态事件、通知与审计记录
P041,市场活动,中心管理端,5,S05,行政资源,查看/配合,主办/决策,配置支撑/留痕,P041_S05,P041.stage.05.completed,节点结果、附件、状态事件、通知与审计记录
P041,市场活动,中心管理端,6,S06,现场执行,主办/填写,监督/协同,配置支撑/留痕,P041_S06,P041.stage.06.completed,节点结果、附件、状态事件、通知与审计记录
P041,市场活动,中心管理端,7,S07,线索回收,查看/配合,监督/协同,配置支撑/留痕,P041_S07,P041.stage.07.completed,节点结果、附件、状态事件、通知与审计记录
P041,市场活动,中心管理端,8,S08,费用对账,查看/配合,主办/决策,配置支撑/留痕,P041_S08,P041.stage.08.completed,节点结果、附件、状态事件、通知与审计记录
P041,市场活动,中心管理端,9,S09,效果复盘,查看/配合,主办/决策,配置支撑/留痕,P041_S09,P041.stage.09.completed,节点结果、附件、状态事件、通知与审计记录
P042,渠道准入,中心管理端,1,S01,渠道申请,主办/填写,监督/协同,配置支撑/留痕,P042_S01,P042.stage.01.completed,节点结果、附件、状态事件、通知与审计记录
P042,渠道准入,中心管理端,2,S02,资质核验,查看/配合,主办/决策,配置支撑/留痕,P042_S02,P042.stage.02.completed,节点结果、附件、状态事件、通知与审计记录
P042,渠道准入,中心管理端,3,S03,风险评估,查看/配合,监督/协同,配置支撑/留痕,P042_S03,P042.stage.03.completed,节点结果、附件、状态事件、通知与审计记录
P042,渠道准入,中心管理端,4,S04,合作审批,查看/配合,主办/决策,配置支撑/留痕,P042_S04,P042.stage.04.completed,节点结果、附件、状态事件、通知与审计记录
P042,渠道准入,中心管理端,5,S05,合同签署,查看/配合,监督/协同,配置支撑/留痕,P042_S05,P042.stage.05.completed,节点结果、附件、状态事件、通知与审计记录
P042,渠道准入,中心管理端,6,S06,账号与价格权限,查看/配合,监督/协同,系统自动/技术保障,P042_S06,P042.stage.06.completed,节点结果、附件、状态事件、通知与审计记录
P042,渠道准入,中心管理端,7,S07,观察期,查看/配合,监督/协同,配置支撑/留痕,P042_S07,P042.stage.07.completed,节点结果、附件、状态事件、通知与审计记录
P042,渠道准入,中心管理端,8,S08,正式评级,查看/配合,监督/协同,配置支撑/留痕,P042_S08,P042.stage.08.completed,节点结果、附件、状态事件、通知与审计记录
P043,课程产品上线,中心管理端,1,S01,需求调研,查看/配合,监督/协同,配置支撑/留痕,P043_S01,P043.stage.01.completed,节点结果、附件、状态事件、通知与审计记录
P043,课程产品上线,中心管理端,2,S02,课程设计,查看/配合,监督/协同,配置支撑/留痕,P043_S02,P043.stage.02.completed,节点结果、附件、状态事件、通知与审计记录
P043,课程产品上线,中心管理端,3,S03,内容与安全评审,查看/配合,主办/决策,配置支撑/留痕,P043_S03,P043.stage.03.completed,节点结果、附件、状态事件、通知与审计记录
P043,课程产品上线,中心管理端,4,S04,成本定价,查看/配合,监督/协同,配置支撑/留痕,P043_S04,P043.stage.04.completed,节点结果、附件、状态事件、通知与审计记录
P043,课程产品上线,中心管理端,5,S05,试讲,查看/配合,监督/协同,配置支撑/留痕,P043_S05,P043.stage.05.completed,节点结果、附件、状态事件、通知与审计记录
P043,课程产品上线,中心管理端,6,S06,版本批准,查看/配合,主办/决策,配置支撑/留痕,P043_S06,P043.stage.06.completed,节点结果、附件、状态事件、通知与审计记录
P043,课程产品上线,中心管理端,7,S07,发布,查看/配合,主办/决策,配置支撑/留痕,P043_S07,P043.stage.07.completed,节点结果、附件、状态事件、通知与审计记录
P043,课程产品上线,中心管理端,8,S08,复审,查看/配合,监督/协同,配置支撑/留痕,P043_S08,P043.stage.08.completed,节点结果、附件、状态事件、通知与审计记录
P044,研学团队交付,中心管理端,1,S01,订单确认,主办/填写,主办/决策,配置支撑/留痕,P044_S01,P044.stage.01.completed,节点结果、附件、状态事件、通知与审计记录
P044,研学团队交付,中心管理端,2,S02,团队与需求核验,查看/配合,主办/决策,配置支撑/留痕,P044_S02,P044.stage.02.completed,节点结果、附件、状态事件、通知与审计记录
P044,研学团队交付,中心管理端,3,S03,排课,查看/配合,监督/协同,配置支撑/留痕,P044_S03,P044.stage.03.completed,节点结果、附件、状态事件、通知与审计记录
P044,研学团队交付,中心管理端,4,S04,资源子单,查看/配合,主办/决策,配置支撑/留痕,P044_S04,P044.stage.04.completed,节点结果、附件、状态事件、通知与审计记录
P044,研学团队交付,中心管理端,5,S05,行前确认,主办/填写,主办/决策,配置支撑/留痕,P044_S05,P044.stage.05.completed,节点结果、附件、状态事件、通知与审计记录
P044,研学团队交付,中心管理端,6,S06,签到,查看/配合,监督/协同,配置支撑/留痕,P044_S06,P044.stage.06.completed,节点结果、附件、状态事件、通知与审计记录
P044,研学团队交付,中心管理端,7,S07,教学与实操,查看/配合,监督/协同,配置支撑/留痕,P044_S07,P044.stage.07.completed,节点结果、附件、状态事件、通知与审计记录
P044,研学团队交付,中心管理端,8,S08,异常处理,查看/配合,主办/决策,配置支撑/留痕,P044_S08,P044.stage.08.completed,节点结果、附件、状态事件、通知与审计记录
P044,研学团队交付,中心管理端,9,S09,评价,主办/填写,监督/协同,配置支撑/留痕,P044_S09,P044.stage.09.completed,节点结果、附件、状态事件、通知与审计记录
P044,研学团队交付,中心管理端,10,S10,结算归档,查看/配合,主办/决策,配置支撑/留痕,P044_S10,P044.stage.10.completed,节点结果、附件、状态事件、通知与审计记录
P045,讲师排课,中心管理端,1,S01,课程需求,查看/配合,监督/协同,配置支撑/留痕,P045_S01,P045.stage.01.completed,节点结果、附件、状态事件、通知与审计记录
P045,讲师排课,中心管理端,2,S02,资格校验,查看/配合,主办/决策,配置支撑/留痕,P045_S02,P045.stage.02.completed,节点结果、附件、状态事件、通知与审计记录
P045,讲师排课,中心管理端,3,S03,可用时间,查看/配合,监督/协同,配置支撑/留痕,P045_S03,P045.stage.03.completed,节点结果、附件、状态事件、通知与审计记录
P045,讲师排课,中心管理端,4,S04,排课锁定,查看/配合,主办/决策,配置支撑/留痕,P045_S04,P045.stage.04.completed,节点结果、附件、状态事件、通知与审计记录
P045,讲师排课,中心管理端,5,S05,讲师确认,主办/填写,主办/决策,配置支撑/留痕,P045_S05,P045.stage.05.completed,节点结果、附件、状态事件、通知与审计记录
P045,讲师排课,中心管理端,6,S06,替补预案,查看/配合,监督/协同,配置支撑/留痕,P045_S06,P045.stage.06.completed,节点结果、附件、状态事件、通知与审计记录
P045,讲师排课,中心管理端,7,S07,授课记录,查看/配合,监督/协同,配置支撑/留痕,P045_S07,P045.stage.07.completed,节点结果、附件、状态事件、通知与审计记录
P045,讲师排课,中心管理端,8,S08,评价回写,主办/填写,监督/协同,系统自动/技术保障,P045_S08,P045.stage.08.completed,节点结果、附件、状态事件、通知与审计记录
P046,通知执行,中心管理端,1,S01,起草,查看/配合,监督/协同,配置支撑/留痕,P046_S01,P046.stage.01.completed,节点结果、附件、状态事件、通知与审计记录
P046,通知执行,中心管理端,2,S02,审核,查看/配合,主办/决策,配置支撑/留痕,P046_S02,P046.stage.02.completed,节点结果、附件、状态事件、通知与审计记录
P046,通知执行,中心管理端,3,S03,发布,查看/配合,主办/决策,配置支撑/留痕,P046_S03,P046.stage.03.completed,节点结果、附件、状态事件、通知与审计记录
P046,通知执行,中心管理端,4,S04,送达,查看/配合,监督/协同,配置支撑/留痕,P046_S04,P046.stage.04.completed,节点结果、附件、状态事件、通知与审计记录
P046,通知执行,中心管理端,5,S05,阅读/确认,主办/填写,主办/决策,配置支撑/留痕,P046_S05,P046.stage.05.completed,节点结果、附件、状态事件、通知与审计记录
P046,通知执行,中心管理端,6,S06,执行反馈,主办/填写,监督/协同,配置支撑/留痕,P046_S06,P046.stage.06.completed,节点结果、附件、状态事件、通知与审计记录
P046,通知执行,中心管理端,7,S07,责任人验收,查看/配合,主办/决策,配置支撑/留痕,P046_S07,P046.stage.07.completed,节点结果、附件、状态事件、通知与审计记录
P046,通知执行,中心管理端,8,S08,归档,查看/配合,主办/决策,配置支撑/留痕,P046_S08,P046.stage.08.completed,节点结果、附件、状态事件、通知与审计记录
P047,正式公文,中心管理端,1,S01,起草,查看/配合,监督/协同,配置支撑/留痕,P047_S01,P047.stage.01.completed,节点结果、附件、状态事件、通知与审计记录
P047,正式公文,中心管理端,2,S02,专业审核,查看/配合,主办/决策,配置支撑/留痕,P047_S02,P047.stage.02.completed,节点结果、附件、状态事件、通知与审计记录
P047,正式公文,中心管理端,3,S03,会签,查看/配合,监督/协同,配置支撑/留痕,P047_S03,P047.stage.03.completed,节点结果、附件、状态事件、通知与审计记录
P047,正式公文,中心管理端,4,S04,签发,查看/配合,主办/决策,配置支撑/留痕,P047_S04,P047.stage.04.completed,节点结果、附件、状态事件、通知与审计记录
P047,正式公文,中心管理端,5,S05,编号,查看/配合,监督/协同,配置支撑/留痕,P047_S05,P047.stage.05.completed,节点结果、附件、状态事件、通知与审计记录
P047,正式公文,中心管理端,6,S06,盖章,查看/配合,监督/协同,配置支撑/留痕,P047_S06,P047.stage.06.completed,节点结果、附件、状态事件、通知与审计记录
P047,正式公文,中心管理端,7,S07,分发,查看/配合,监督/协同,配置支撑/留痕,P047_S07,P047.stage.07.completed,节点结果、附件、状态事件、通知与审计记录
P047,正式公文,中心管理端,8,S08,回执,查看/配合,监督/协同,配置支撑/留痕,P047_S08,P047.stage.08.completed,节点结果、附件、状态事件、通知与审计记录
P047,正式公文,中心管理端,9,S09,移交档案,查看/配合,监督/协同,配置支撑/留痕,P047_S09,P047.stage.09.completed,节点结果、附件、状态事件、通知与审计记录
P048,会议行动,中心管理端,1,S01,议题征集,查看/配合,监督/协同,配置支撑/留痕,P048_S01,P048.stage.01.completed,节点结果、附件、状态事件、通知与审计记录
P048,会议行动,中心管理端,2,S02,材料检查,查看/配合,监督/协同,配置支撑/留痕,P048_S02,P048.stage.02.completed,节点结果、附件、状态事件、通知与审计记录
P048,会议行动,中心管理端,3,S03,会议发布,查看/配合,主办/决策,配置支撑/留痕,P048_S03,P048.stage.03.completed,节点结果、附件、状态事件、通知与审计记录
P048,会议行动,中心管理端,4,S04,签到,查看/配合,监督/协同,配置支撑/留痕,P048_S04,P048.stage.04.completed,节点结果、附件、状态事件、通知与审计记录
P048,会议行动,中心管理端,5,S05,召开,查看/配合,监督/协同,配置支撑/留痕,P048_S05,P048.stage.05.completed,节点结果、附件、状态事件、通知与审计记录
P048,会议行动,中心管理端,6,S06,纪要确认,主办/填写,主办/决策,配置支撑/留痕,P048_S06,P048.stage.06.completed,节点结果、附件、状态事件、通知与审计记录
P048,会议行动,中心管理端,7,S07,行动项,查看/配合,监督/协同,配置支撑/留痕,P048_S07,P048.stage.07.completed,节点结果、附件、状态事件、通知与审计记录
P048,会议行动,中心管理端,8,S08,执行,主办/填写,监督/协同,配置支撑/留痕,P048_S08,P048.stage.08.completed,节点结果、附件、状态事件、通知与审计记录
P048,会议行动,中心管理端,9,S09,验收,查看/配合,主办/决策,配置支撑/留痕,P048_S09,P048.stage.09.completed,节点结果、附件、状态事件、通知与审计记录
P048,会议行动,中心管理端,10,S10,归档,查看/配合,主办/决策,配置支撑/留痕,P048_S10,P048.stage.10.completed,节点结果、附件、状态事件、通知与审计记录
P049,大型活动,中心管理端,1,S01,立项,查看/配合,监督/协同,配置支撑/留痕,P049_S01,P049.stage.01.completed,节点结果、附件、状态事件、通知与审计记录
P049,大型活动,中心管理端,2,S02,项目组织,查看/配合,监督/协同,配置支撑/留痕,P049_S02,P049.stage.02.completed,节点结果、附件、状态事件、通知与审计记录
P049,大型活动,中心管理端,3,S03,唯一任务清单,查看/配合,监督/协同,配置支撑/留痕,P049_S03,P049.stage.03.completed,节点结果、附件、状态事件、通知与审计记录
P049,大型活动,中心管理端,4,S04,资源子单,查看/配合,主办/决策,配置支撑/留痕,P049_S04,P049.stage.04.completed,节点结果、附件、状态事件、通知与审计记录
P049,大型活动,中心管理端,5,S05,变更控制,查看/配合,监督/协同,配置支撑/留痕,P049_S05,P049.stage.05.completed,节点结果、附件、状态事件、通知与审计记录
P049,大型活动,中心管理端,6,S06,现场执行,主办/填写,监督/协同,配置支撑/留痕,P049_S06,P049.stage.06.completed,节点结果、附件、状态事件、通知与审计记录
P049,大型活动,中心管理端,7,S07,撤场清点,查看/配合,监督/协同,配置支撑/留痕,P049_S07,P049.stage.07.completed,节点结果、附件、状态事件、通知与审计记录
P049,大型活动,中心管理端,8,S08,复盘整改,查看/配合,主办/决策,配置支撑/留痕,P049_S08,P049.stage.08.completed,节点结果、附件、状态事件、通知与审计记录
P050,入库,中心管理端,1,S01,到货,查看/配合,监督/协同,配置支撑/留痕,P050_S01,P050.stage.01.completed,节点结果、附件、状态事件、通知与审计记录
P050,入库,中心管理端,2,S02,数量外观初验,查看/配合,监督/协同,配置支撑/留痕,P050_S02,P050.stage.02.completed,节点结果、附件、状态事件、通知与审计记录
P050,入库,中心管理端,3,S03,专业验收,查看/配合,主办/决策,配置支撑/留痕,P050_S03,P050.stage.03.completed,节点结果、附件、状态事件、通知与审计记录
P050,入库,中心管理端,4,S04,不合格隔离,查看/配合,监督/协同,配置支撑/留痕,P050_S04,P050.stage.04.completed,节点结果、附件、状态事件、通知与审计记录
P050,入库,中心管理端,5,S05,批次或资产编码,查看/配合,监督/协同,配置支撑/留痕,P050_S05,P050.stage.05.completed,节点结果、附件、状态事件、通知与审计记录
P050,入库,中心管理端,6,S06,上架,查看/配合,监督/协同,配置支撑/留痕,P050_S06,P050.stage.06.completed,节点结果、附件、状态事件、通知与审计记录
P050,入库,中心管理端,7,S07,库存流水,查看/配合,监督/协同,配置支撑/留痕,P050_S07,P050.stage.07.completed,节点结果、附件、状态事件、通知与审计记录
P050,入库,中心管理端,8,S08,归档,查看/配合,主办/决策,配置支撑/留痕,P050_S08,P050.stage.08.completed,节点结果、附件、状态事件、通知与审计记录
P051,领借调还,中心管理端,1,S01,申请,主办/填写,监督/协同,配置支撑/留痕,P051_S01,P051.stage.01.completed,节点结果、附件、状态事件、通知与审计记录
P051,领借调还,中心管理端,2,S02,审批,查看/配合,主办/决策,配置支撑/留痕,P051_S02,P051.stage.02.completed,节点结果、附件、状态事件、通知与审计记录
P051,领借调还,中心管理端,3,S03,可用性锁定,查看/配合,主办/决策,配置支撑/留痕,P051_S03,P051.stage.03.completed,节点结果、附件、状态事件、通知与审计记录
P051,领借调还,中心管理端,4,S04,出库/交付,查看/配合,监督/协同,配置支撑/留痕,P051_S04,P051.stage.04.completed,节点结果、附件、状态事件、通知与审计记录
P051,领借调还,中心管理端,5,S05,责任签收,主办/填写,监督/协同,配置支撑/留痕,P051_S05,P051.stage.05.completed,节点结果、附件、状态事件、通知与审计记录
P051,领借调还,中心管理端,6,S06,使用,主办/填写,监督/协同,配置支撑/留痕,P051_S06,P051.stage.06.completed,节点结果、附件、状态事件、通知与审计记录
P051,领借调还,中心管理端,7,S07,归还或调拨,主办/填写,监督/协同,配置支撑/留痕,P051_S07,P051.stage.07.completed,节点结果、附件、状态事件、通知与审计记录
P051,领借调还,中心管理端,8,S08,状态验收,查看/配合,主办/决策,配置支撑/留痕,P051_S08,P051.stage.08.completed,节点结果、附件、状态事件、通知与审计记录
P052,盘点,中心管理端,1,S01,计划,查看/配合,主办/决策,配置支撑/留痕,P052_S01,P052.stage.01.completed,节点结果、附件、状态事件、通知与审计记录
P052,盘点,中心管理端,2,S02,冻结范围,查看/配合,监督/协同,配置支撑/留痕,P052_S02,P052.stage.02.completed,节点结果、附件、状态事件、通知与审计记录
P052,盘点,中心管理端,3,S03,实盘,查看/配合,监督/协同,配置支撑/留痕,P052_S03,P052.stage.03.completed,节点结果、附件、状态事件、通知与审计记录
P052,盘点,中心管理端,4,S04,差异,查看/配合,监督/协同,配置支撑/留痕,P052_S04,P052.stage.04.completed,节点结果、附件、状态事件、通知与审计记录
P052,盘点,中心管理端,5,S05,原因调查,查看/配合,主办/决策,配置支撑/留痕,P052_S05,P052.stage.05.completed,节点结果、附件、状态事件、通知与审计记录
P052,盘点,中心管理端,6,S06,审批,查看/配合,主办/决策,配置支撑/留痕,P052_S06,P052.stage.06.completed,节点结果、附件、状态事件、通知与审计记录
P052,盘点,中心管理端,7,S07,调整流水,查看/配合,监督/协同,配置支撑/留痕,P052_S07,P052.stage.07.completed,节点结果、附件、状态事件、通知与审计记录
P052,盘点,中心管理端,8,S08,整改,查看/配合,监督/协同,配置支撑/留痕,P052_S08,P052.stage.08.completed,节点结果、附件、状态事件、通知与审计记录
P052,盘点,中心管理端,9,S09,解冻,查看/配合,监督/协同,配置支撑/留痕,P052_S09,P052.stage.09.completed,节点结果、附件、状态事件、通知与审计记录
P053,报废处置,中心管理端,1,S01,申请,主办/填写,监督/协同,配置支撑/留痕,P053_S01,P053.stage.01.completed,节点结果、附件、状态事件、通知与审计记录
P053,报废处置,中心管理端,2,S02,专业鉴定,查看/配合,主办/决策,配置支撑/留痕,P053_S02,P053.stage.02.completed,节点结果、附件、状态事件、通知与审计记录
P053,报废处置,中心管理端,3,S03,价值与数据风险评估,查看/配合,监督/协同,配置支撑/留痕,P053_S03,P053.stage.03.completed,节点结果、附件、状态事件、通知与审计记录
P053,报废处置,中心管理端,4,S04,审批,查看/配合,主办/决策,配置支撑/留痕,P053_S04,P053.stage.04.completed,节点结果、附件、状态事件、通知与审计记录
P053,报废处置,中心管理端,5,S05,数据清除,查看/配合,监督/协同,配置支撑/留痕,P053_S05,P053.stage.05.completed,节点结果、附件、状态事件、通知与审计记录
P053,报废处置,中心管理端,6,S06,实物处置,查看/配合,监督/协同,配置支撑/留痕,P053_S06,P053.stage.06.completed,节点结果、附件、状态事件、通知与审计记录
P053,报废处置,中心管理端,7,S07,财务台账更新,查看/配合,监督/协同,配置支撑/留痕,P053_S07,P053.stage.07.completed,节点结果、附件、状态事件、通知与审计记录
P053,报废处置,中心管理端,8,S08,归档,查看/配合,主办/决策,配置支撑/留痕,P053_S08,P053.stage.08.completed,节点结果、附件、状态事件、通知与审计记录
P054,派车,中心管理端,1,S01,用车申请,主办/填写,监督/协同,配置支撑/留痕,P054_S01,P054.stage.01.completed,节点结果、附件、状态事件、通知与审计记录
P054,派车,中心管理端,2,S02,审批,查看/配合,主办/决策,配置支撑/留痕,P054_S02,P054.stage.02.completed,节点结果、附件、状态事件、通知与审计记录
P054,派车,中心管理端,3,S03,车辆与驾驶员匹配,查看/配合,监督/协同,配置支撑/留痕,P054_S03,P054.stage.03.completed,节点结果、附件、状态事件、通知与审计记录
P054,派车,中心管理端,4,S04,资源锁定,查看/配合,主办/决策,配置支撑/留痕,P054_S04,P054.stage.04.completed,节点结果、附件、状态事件、通知与审计记录
P054,派车,中心管理端,5,S05,出车前检查,主办/填写,监督/协同,配置支撑/留痕,P054_S05,P054.stage.05.completed,节点结果、附件、状态事件、通知与审计记录
P054,派车,中心管理端,6,S06,行程,查看/配合,监督/协同,配置支撑/留痕,P054_S06,P054.stage.06.completed,节点结果、附件、状态事件、通知与审计记录
P054,派车,中心管理端,7,S07,归还,主办/填写,监督/协同,配置支撑/留痕,P054_S07,P054.stage.07.completed,节点结果、附件、状态事件、通知与审计记录
P054,派车,中心管理端,8,S08,费用与异常,查看/配合,监督/协同,配置支撑/留痕,P054_S08,P054.stage.08.completed,节点结果、附件、状态事件、通知与审计记录
P054,派车,中心管理端,9,S09,释放,查看/配合,监督/协同,配置支撑/留痕,P054_S09,P054.stage.09.completed,节点结果、附件、状态事件、通知与审计记录
P055,车辆事故,中心管理端,1,S01,人员保护,查看/配合,监督/协同,配置支撑/留痕,P055_S01,P055.stage.01.completed,节点结果、附件、状态事件、通知与审计记录
P055,车辆事故,中心管理端,2,S02,现场警示,查看/配合,监督/协同,配置支撑/留痕,P055_S02,P055.stage.02.completed,节点结果、附件、状态事件、通知与审计记录
P055,车辆事故,中心管理端,3,S03,报警救援,查看/配合,监督/协同,配置支撑/留痕,P055_S03,P055.stage.03.completed,节点结果、附件、状态事件、通知与审计记录
P055,车辆事故,中心管理端,4,S04,调度报告,查看/配合,监督/协同,配置支撑/留痕,P055_S04,P055.stage.04.completed,节点结果、附件、状态事件、通知与审计记录
P055,车辆事故,中心管理端,5,S05,证据保全,查看/配合,监督/协同,配置支撑/留痕,P055_S05,P055.stage.05.completed,节点结果、附件、状态事件、通知与审计记录
P055,车辆事故,中心管理端,6,S06,替代保障,查看/配合,监督/协同,配置支撑/留痕,P055_S06,P055.stage.06.completed,节点结果、附件、状态事件、通知与审计记录
P055,车辆事故,中心管理端,7,S07,保险维修,查看/配合,监督/协同,配置支撑/留痕,P055_S07,P055.stage.07.completed,节点结果、附件、状态事件、通知与审计记录
P055,车辆事故,中心管理端,8,S08,案件调查,查看/配合,主办/决策,配置支撑/留痕,P055_S08,P055.stage.08.completed,节点结果、附件、状态事件、通知与审计记录
P055,车辆事故,中心管理端,9,S09,复车验收,查看/配合,主办/决策,配置支撑/留痕,P055_S09,P055.stage.09.completed,节点结果、附件、状态事件、通知与审计记录
P056,宿舍入住退宿,中心管理端,1,S01,申请/入职触发,主办/填写,监督/协同,配置支撑/留痕,P056_S01,P056.stage.01.completed,节点结果、附件、状态事件、通知与审计记录
P056,宿舍入住退宿,中心管理端,2,S02,资格房态校验,查看/配合,主办/决策,配置支撑/留痕,P056_S02,P056.stage.02.completed,节点结果、附件、状态事件、通知与审计记录
P056,宿舍入住退宿,中心管理端,3,S03,床位锁定,查看/配合,主办/决策,配置支撑/留痕,P056_S03,P056.stage.03.completed,节点结果、附件、状态事件、通知与审计记录
P056,宿舍入住退宿,中心管理端,4,S04,签收入住,主办/填写,监督/协同,配置支撑/留痕,P056_S04,P056.stage.04.completed,节点结果、附件、状态事件、通知与审计记录
P056,宿舍入住退宿,中心管理端,5,S05,巡检报修,查看/配合,监督/协同,配置支撑/留痕,P056_S05,P056.stage.05.completed,节点结果、附件、状态事件、通知与审计记录
P056,宿舍入住退宿,中心管理端,6,S06,退宿检查,查看/配合,监督/协同,配置支撑/留痕,P056_S06,P056.stage.06.completed,节点结果、附件、状态事件、通知与审计记录
P056,宿舍入住退宿,中心管理端,7,S07,钥匙门禁回收,查看/配合,监督/协同,配置支撑/留痕,P056_S07,P056.stage.07.completed,节点结果、附件、状态事件、通知与审计记录
P056,宿舍入住退宿,中心管理端,8,S08,释放床位,查看/配合,监督/协同,配置支撑/留痕,P056_S08,P056.stage.08.completed,节点结果、附件、状态事件、通知与审计记录
P057,报修,中心管理端,1,S01,报修,查看/配合,监督/协同,配置支撑/留痕,P057_S01,P057.stage.01.completed,节点结果、附件、状态事件、通知与审计记录
P057,报修,中心管理端,2,S02,风险分级,查看/配合,监督/协同,配置支撑/留痕,P057_S02,P057.stage.02.completed,节点结果、附件、状态事件、通知与审计记录
P057,报修,中心管理端,3,S03,派工,查看/配合,主办/决策,配置支撑/留痕,P057_S03,P057.stage.03.completed,节点结果、附件、状态事件、通知与审计记录
P057,报修,中心管理端,4,S04,到场诊断,查看/配合,监督/协同,配置支撑/留痕,P057_S04,P057.stage.04.completed,节点结果、附件、状态事件、通知与审计记录
P057,报修,中心管理端,5,S05,维修或转专业单位,查看/配合,监督/协同,配置支撑/留痕,P057_S05,P057.stage.05.completed,节点结果、附件、状态事件、通知与审计记录
P057,报修,中心管理端,6,S06,申请人确认,主办/填写,主办/决策,配置支撑/留痕,P057_S06,P057.stage.06.completed,节点结果、附件、状态事件、通知与审计记录
P057,报修,中心管理端,7,S07,验收,查看/配合,主办/决策,配置支撑/留痕,P057_S07,P057.stage.07.completed,节点结果、附件、状态事件、通知与审计记录
P057,报修,中心管理端,8,S08,关闭,查看/配合,主办/决策,配置支撑/留痕,P057_S08,P057.stage.08.completed,节点结果、附件、状态事件、通知与审计记录
P058,团餐交付,中心管理端,1,S01,申请,主办/填写,监督/协同,配置支撑/留痕,P058_S01,P058.stage.01.completed,节点结果、附件、状态事件、通知与审计记录
P058,团餐交付,中心管理端,2,S02,人数餐标过敏校验,查看/配合,主办/决策,配置支撑/留痕,P058_S02,P058.stage.02.completed,节点结果、附件、状态事件、通知与审计记录
P058,团餐交付,中心管理端,3,S03,审批,查看/配合,主办/决策,配置支撑/留痕,P058_S03,P058.stage.03.completed,节点结果、附件、状态事件、通知与审计记录
P058,团餐交付,中心管理端,4,S04,菜单与采购,查看/配合,监督/协同,配置支撑/留痕,P058_S04,P058.stage.04.completed,节点结果、附件、状态事件、通知与审计记录
P058,团餐交付,中心管理端,5,S05,备餐,查看/配合,监督/协同,配置支撑/留痕,P058_S05,P058.stage.05.completed,节点结果、附件、状态事件、通知与审计记录
P058,团餐交付,中心管理端,6,S06,食材领用,查看/配合,监督/协同,配置支撑/留痕,P058_S06,P058.stage.06.completed,节点结果、附件、状态事件、通知与审计记录
P058,团餐交付,中心管理端,7,S07,制作与留样,查看/配合,监督/协同,配置支撑/留痕,P058_S07,P058.stage.07.completed,节点结果、附件、状态事件、通知与审计记录
P058,团餐交付,中心管理端,8,S08,出餐签收,主办/填写,监督/协同,配置支撑/留痕,P058_S08,P058.stage.08.completed,节点结果、附件、状态事件、通知与审计记录
P058,团餐交付,中心管理端,9,S09,结算,查看/配合,监督/协同,配置支撑/留痕,P058_S09,P058.stage.09.completed,节点结果、附件、状态事件、通知与审计记录
P058,团餐交付,中心管理端,10,S10,回访,查看/配合,监督/协同,配置支撑/留痕,P058_S10,P058.stage.10.completed,节点结果、附件、状态事件、通知与审计记录
P059,食材验收,中心管理端,1,S01,到货,查看/配合,监督/协同,配置支撑/留痕,P059_S01,P059.stage.01.completed,节点结果、附件、状态事件、通知与审计记录
P059,食材验收,中心管理端,2,S02,来源票证,查看/配合,监督/协同,配置支撑/留痕,P059_S02,P059.stage.02.completed,节点结果、附件、状态事件、通知与审计记录
P059,食材验收,中心管理端,3,S03,温度感官数量,查看/配合,监督/协同,配置支撑/留痕,P059_S03,P059.stage.03.completed,节点结果、附件、状态事件、通知与审计记录
P059,食材验收,中心管理端,4,S04,合格入库/不合格隔离,查看/配合,监督/协同,配置支撑/留痕,P059_S04,P059.stage.04.completed,节点结果、附件、状态事件、通知与审计记录
P059,食材验收,中心管理端,5,S05,批次记录,查看/配合,监督/协同,配置支撑/留痕,P059_S05,P059.stage.05.completed,节点结果、附件、状态事件、通知与审计记录
P059,食材验收,中心管理端,6,S06,供应商反馈,主办/填写,监督/协同,配置支撑/留痕,P059_S06,P059.stage.06.completed,节点结果、附件、状态事件、通知与审计记录
P060,食品安全事件,中心管理端,1,S01,停止供应,查看/配合,监督/协同,配置支撑/留痕,P060_S01,P060.stage.01.completed,节点结果、附件、状态事件、通知与审计记录
P060,食品安全事件,中心管理端,2,S02,隔离批次,查看/配合,监督/协同,配置支撑/留痕,P060_S02,P060.stage.02.completed,节点结果、附件、状态事件、通知与审计记录
P060,食品安全事件,中心管理端,3,S03,保留样品记录,查看/配合,监督/协同,配置支撑/留痕,P060_S03,P060.stage.03.completed,节点结果、附件、状态事件、通知与审计记录
P060,食品安全事件,中心管理端,4,S04,报告,查看/配合,监督/协同,配置支撑/留痕,P060_S04,P060.stage.04.completed,节点结果、附件、状态事件、通知与审计记录
P060,食品安全事件,中心管理端,5,S05,医疗协助,查看/配合,监督/协同,配置支撑/留痕,P060_S05,P060.stage.05.completed,节点结果、附件、状态事件、通知与审计记录
P060,食品安全事件,中心管理端,6,S06,统一案件,查看/配合,监督/协同,配置支撑/留痕,P060_S06,P060.stage.06.completed,节点结果、附件、状态事件、通知与审计记录
P060,食品安全事件,中心管理端,7,S07,追溯调查,查看/配合,主办/决策,配置支撑/留痕,P060_S07,P060.stage.07.completed,节点结果、附件、状态事件、通知与审计记录
P060,食品安全事件,中心管理端,8,S08,整改验证,查看/配合,监督/协同,配置支撑/留痕,P060_S08,P060.stage.08.completed,节点结果、附件、状态事件、通知与审计记录
P061,餐卡结算,中心管理端,1,S01,账户变更申请,主办/填写,监督/协同,配置支撑/留痕,P061_S01,P061.stage.01.completed,节点结果、附件、状态事件、通知与审计记录
P061,餐卡结算,中心管理端,2,S02,资格校验,查看/配合,主办/决策,配置支撑/留痕,P061_S02,P061.stage.02.completed,节点结果、附件、状态事件、通知与审计记录
P061,餐卡结算,中心管理端,3,S03,充值/补贴/冻结,查看/配合,监督/协同,配置支撑/留痕,P061_S03,P061.stage.03.completed,节点结果、附件、状态事件、通知与审计记录
P061,餐卡结算,中心管理端,4,S04,交易回执,查看/配合,监督/协同,配置支撑/留痕,P061_S04,P061.stage.04.completed,节点结果、附件、状态事件、通知与审计记录
P061,餐卡结算,中心管理端,5,S05,日结对账,查看/配合,主办/决策,配置支撑/留痕,P061_S05,P061.stage.05.completed,节点结果、附件、状态事件、通知与审计记录
P061,餐卡结算,中心管理端,6,S06,差异处理,查看/配合,主办/决策,配置支撑/留痕,P061_S06,P061.stage.06.completed,节点结果、附件、状态事件、通知与审计记录
P062,日常巡逻,中心管理端,1,S01,发布班次,查看/配合,主办/决策,配置支撑/留痕,P062_S01,P062.stage.01.completed,节点结果、附件、状态事件、通知与审计记录
P062,日常巡逻,中心管理端,2,S02,领取装备,主办/填写,监督/协同,配置支撑/留痕,P062_S02,P062.stage.02.completed,节点结果、附件、状态事件、通知与审计记录
P062,日常巡逻,中心管理端,3,S03,岗位签到,查看/配合,监督/协同,配置支撑/留痕,P062_S03,P062.stage.03.completed,节点结果、附件、状态事件、通知与审计记录
P062,日常巡逻,中心管理端,4,S04,路线巡更,查看/配合,监督/协同,配置支撑/留痕,P062_S04,P062.stage.04.completed,节点结果、附件、状态事件、通知与审计记录
P062,日常巡逻,中心管理端,5,S05,异常上报,查看/配合,监督/协同,配置支撑/留痕,P062_S05,P062.stage.05.completed,节点结果、附件、状态事件、通知与审计记录
P062,日常巡逻,中心管理端,6,S06,现场措施,查看/配合,监督/协同,配置支撑/留痕,P062_S06,P062.stage.06.completed,节点结果、附件、状态事件、通知与审计记录
P062,日常巡逻,中心管理端,7,S07,工单/案件,查看/配合,监督/协同,配置支撑/留痕,P062_S07,P062.stage.07.completed,节点结果、附件、状态事件、通知与审计记录
P062,日常巡逻,中心管理端,8,S08,交接,主办/填写,监督/协同,配置支撑/留痕,P062_S08,P062.stage.08.completed,节点结果、附件、状态事件、通知与审计记录
P062,日常巡逻,中心管理端,9,S09,班次确认,主办/填写,主办/决策,配置支撑/留痕,P062_S09,P062.stage.09.completed,节点结果、附件、状态事件、通知与审计记录
P063,客流预警,中心管理端,1,S01,客流采集,查看/配合,监督/协同,配置支撑/留痕,P063_S01,P063.stage.01.completed,节点结果、附件、状态事件、通知与审计记录
P063,客流预警,中心管理端,2,S02,阈值触发,查看/配合,监督/协同,配置支撑/留痕,P063_S02,P063.stage.02.completed,节点结果、附件、状态事件、通知与审计记录
P063,客流预警,中心管理端,3,S03,区域确认,主办/填写,主办/决策,配置支撑/留痕,P063_S03,P063.stage.03.completed,节点结果、附件、状态事件、通知与审计记录
P063,客流预警,中心管理端,4,S04,疏导方案,查看/配合,监督/协同,配置支撑/留痕,P063_S04,P063.stage.04.completed,节点结果、附件、状态事件、通知与审计记录
P063,客流预警,中心管理端,5,S05,跨中心广播,查看/配合,监督/协同,配置支撑/留痕,P063_S05,P063.stage.05.completed,节点结果、附件、状态事件、通知与审计记录
P063,客流预警,中心管理端,6,S06,现场执行,主办/填写,监督/协同,配置支撑/留痕,P063_S06,P063.stage.06.completed,节点结果、附件、状态事件、通知与审计记录
P063,客流预警,中心管理端,7,S07,解除预警,查看/配合,监督/协同,配置支撑/留痕,P063_S07,P063.stage.07.completed,节点结果、附件、状态事件、通知与审计记录
P063,客流预警,中心管理端,8,S08,复盘,查看/配合,主办/决策,配置支撑/留痕,P063_S08,P063.stage.08.completed,节点结果、附件、状态事件、通知与审计记录
P064,安全事件,中心管理端,1,S01,发现,查看/配合,监督/协同,配置支撑/留痕,P064_S01,P064.stage.01.completed,节点结果、附件、状态事件、通知与审计记录
P064,安全事件,中心管理端,2,S02,人员保护,查看/配合,监督/协同,配置支撑/留痕,P064_S02,P064.stage.02.completed,节点结果、附件、状态事件、通知与审计记录
P064,安全事件,中心管理端,3,S03,报警/救援,查看/配合,监督/协同,配置支撑/留痕,P064_S03,P064.stage.03.completed,节点结果、附件、状态事件、通知与审计记录
P064,安全事件,中心管理端,4,S04,现场隔离,查看/配合,监督/协同,配置支撑/留痕,P064_S04,P064.stage.04.completed,节点结果、附件、状态事件、通知与审计记录
P064,安全事件,中心管理端,5,S05,证据保全,查看/配合,监督/协同,配置支撑/留痕,P064_S05,P064.stage.05.completed,节点结果、附件、状态事件、通知与审计记录
P064,安全事件,中心管理端,6,S06,统一案件,查看/配合,监督/协同,配置支撑/留痕,P064_S06,P064.stage.06.completed,节点结果、附件、状态事件、通知与审计记录
P064,安全事件,中心管理端,7,S07,调查整改,查看/配合,主办/决策,配置支撑/留痕,P064_S07,P064.stage.07.completed,节点结果、附件、状态事件、通知与审计记录
P064,安全事件,中心管理端,8,S08,复查关闭,查看/配合,主办/决策,配置支撑/留痕,P064_S08,P064.stage.08.completed,节点结果、附件、状态事件、通知与审计记录
P065,活动安保,中心管理端,1,S01,活动主单,查看/配合,监督/协同,配置支撑/留痕,P065_S01,P065.stage.01.completed,节点结果、附件、状态事件、通知与审计记录
P065,活动安保,中心管理端,2,S02,风险评估,查看/配合,监督/协同,配置支撑/留痕,P065_S02,P065.stage.02.completed,节点结果、附件、状态事件、通知与审计记录
P065,活动安保,中心管理端,3,S03,岗位布置,查看/配合,监督/协同,配置支撑/留痕,P065_S03,P065.stage.03.completed,节点结果、附件、状态事件、通知与审计记录
P065,活动安保,中心管理端,4,S04,人员确认,主办/填写,主办/决策,配置支撑/留痕,P065_S04,P065.stage.04.completed,节点结果、附件、状态事件、通知与审计记录
P065,活动安保,中心管理端,5,S05,现场指挥,查看/配合,监督/协同,配置支撑/留痕,P065_S05,P065.stage.05.completed,节点结果、附件、状态事件、通知与审计记录
P065,活动安保,中心管理端,6,S06,异常处置,查看/配合,监督/协同,配置支撑/留痕,P065_S06,P065.stage.06.completed,节点结果、附件、状态事件、通知与审计记录
P065,活动安保,中心管理端,7,S07,撤场清点,查看/配合,监督/协同,配置支撑/留痕,P065_S07,P065.stage.07.completed,节点结果、附件、状态事件、通知与审计记录
P065,活动安保,中心管理端,8,S08,复盘,查看/配合,主办/决策,配置支撑/留痕,P065_S08,P065.stage.08.completed,节点结果、附件、状态事件、通知与审计记录
P066,日常清洁,中心管理端,1,S01,计划生成,查看/配合,主办/决策,系统自动/技术保障,P066_S01,P066.stage.01.completed,节点结果、附件、状态事件、通知与审计记录
P066,日常清洁,中心管理端,2,S02,班次分派,查看/配合,主办/决策,配置支撑/留痕,P066_S02,P066.stage.02.completed,节点结果、附件、状态事件、通知与审计记录
P066,日常清洁,中心管理端,3,S03,任务接收,查看/配合,监督/协同,配置支撑/留痕,P066_S03,P066.stage.03.completed,节点结果、附件、状态事件、通知与审计记录
P066,日常清洁,中心管理端,4,S04,作业,主办/填写,监督/协同,配置支撑/留痕,P066_S04,P066.stage.04.completed,节点结果、附件、状态事件、通知与审计记录
P066,日常清洁,中心管理端,5,S05,自检,查看/配合,监督/协同,配置支撑/留痕,P066_S05,P066.stage.05.completed,节点结果、附件、状态事件、通知与审计记录
P066,日常清洁,中心管理端,6,S06,巡检,查看/配合,监督/协同,配置支撑/留痕,P066_S06,P066.stage.06.completed,节点结果、附件、状态事件、通知与审计记录
P066,日常清洁,中心管理端,7,S07,不合格返工,查看/配合,监督/协同,配置支撑/留痕,P066_S07,P066.stage.07.completed,节点结果、附件、状态事件、通知与审计记录
P066,日常清洁,中心管理端,8,S08,验收,查看/配合,主办/决策,配置支撑/留痕,P066_S08,P066.stage.08.completed,节点结果、附件、状态事件、通知与审计记录
P067,污染应急,中心管理端,1,S01,发现,查看/配合,监督/协同,配置支撑/留痕,P067_S01,P067.stage.01.completed,节点结果、附件、状态事件、通知与审计记录
P067,污染应急,中心管理端,2,S02,设置警示,查看/配合,监督/协同,配置支撑/留痕,P067_S02,P067.stage.02.completed,节点结果、附件、状态事件、通知与审计记录
P067,污染应急,中心管理端,3,S03,快速清理,查看/配合,监督/协同,配置支撑/留痕,P067_S03,P067.stage.03.completed,节点结果、附件、状态事件、通知与审计记录
P067,污染应急,中心管理端,4,S04,必要时协同安保,查看/配合,监督/协同,配置支撑/留痕,P067_S04,P067.stage.04.completed,节点结果、附件、状态事件、通知与审计记录
P067,污染应急,中心管理端,5,S05,复查,查看/配合,监督/协同,配置支撑/留痕,P067_S05,P067.stage.05.completed,节点结果、附件、状态事件、通知与审计记录
P067,污染应急,中心管理端,6,S06,原因记录,查看/配合,监督/协同,配置支撑/留痕,P067_S06,P067.stage.06.completed,节点结果、附件、状态事件、通知与审计记录
P067,污染应急,中心管理端,7,S07,关闭,查看/配合,主办/决策,配置支撑/留痕,P067_S07,P067.stage.07.completed,节点结果、附件、状态事件、通知与审计记录
P068,活动保障,中心管理端,1,S01,活动需求,查看/配合,监督/协同,配置支撑/留痕,P068_S01,P068.stage.01.completed,节点结果、附件、状态事件、通知与审计记录
P068,活动保障,中心管理端,2,S02,区域工作量评估,查看/配合,监督/协同,配置支撑/留痕,P068_S02,P068.stage.02.completed,节点结果、附件、状态事件、通知与审计记录
P068,活动保障,中心管理端,3,S03,人员耗材计划,查看/配合,主办/决策,配置支撑/留痕,P068_S03,P068.stage.03.completed,节点结果、附件、状态事件、通知与审计记录
P068,活动保障,中心管理端,4,S04,现场执行,主办/填写,监督/协同,配置支撑/留痕,P068_S04,P068.stage.04.completed,节点结果、附件、状态事件、通知与审计记录
P068,活动保障,中心管理端,5,S05,动态补位,查看/配合,监督/协同,配置支撑/留痕,P068_S05,P068.stage.05.completed,节点结果、附件、状态事件、通知与审计记录
P068,活动保障,中心管理端,6,S06,撤场清洁,主办/填写,监督/协同,配置支撑/留痕,P068_S06,P068.stage.06.completed,节点结果、附件、状态事件、通知与审计记录
P068,活动保障,中心管理端,7,S07,验收复盘,查看/配合,主办/决策,配置支撑/留痕,P068_S07,P068.stage.07.completed,节点结果、附件、状态事件、通知与审计记录
P069,商户准入,中心管理端,1,S01,商户申请,主办/填写,监督/协同,配置支撑/留痕,P069_S01,P069.stage.01.completed,节点结果、附件、状态事件、通知与审计记录
P069,商户准入,中心管理端,2,S02,资质核验,查看/配合,主办/决策,配置支撑/留痕,P069_S02,P069.stage.02.completed,节点结果、附件、状态事件、通知与审计记录
P069,商户准入,中心管理端,3,S03,品类与位置评审,查看/配合,主办/决策,配置支撑/留痕,P069_S03,P069.stage.03.completed,节点结果、附件、状态事件、通知与审计记录
P069,商户准入,中心管理端,4,S04,合同协同,查看/配合,监督/协同,配置支撑/留痕,P069_S04,P069.stage.04.completed,节点结果、附件、状态事件、通知与审计记录
P069,商户准入,中心管理端,5,S05,装修/进场,查看/配合,监督/协同,配置支撑/留痕,P069_S05,P069.stage.05.completed,节点结果、附件、状态事件、通知与审计记录
P069,商户准入,中心管理端,6,S06,验收,查看/配合,主办/决策,配置支撑/留痕,P069_S06,P069.stage.06.completed,节点结果、附件、状态事件、通知与审计记录
P069,商户准入,中心管理端,7,S07,开业,查看/配合,监督/协同,配置支撑/留痕,P069_S07,P069.stage.07.completed,节点结果、附件、状态事件、通知与审计记录
P070,日常巡检,中心管理端,1,S01,巡检计划,查看/配合,主办/决策,配置支撑/留痕,P070_S01,P070.stage.01.completed,节点结果、附件、状态事件、通知与审计记录
P070,日常巡检,中心管理端,2,S02,现场检查,查看/配合,监督/协同,配置支撑/留痕,P070_S02,P070.stage.02.completed,节点结果、附件、状态事件、通知与审计记录
P070,日常巡检,中心管理端,3,S03,问题记录,查看/配合,监督/协同,配置支撑/留痕,P070_S03,P070.stage.03.completed,节点结果、附件、状态事件、通知与审计记录
P070,日常巡检,中心管理端,4,S04,整改通知,查看/配合,监督/协同,配置支撑/留痕,P070_S04,P070.stage.04.completed,节点结果、附件、状态事件、通知与审计记录
P070,日常巡检,中心管理端,5,S05,商户反馈,主办/填写,监督/协同,配置支撑/留痕,P070_S05,P070.stage.05.completed,节点结果、附件、状态事件、通知与审计记录
P070,日常巡检,中心管理端,6,S06,复查,查看/配合,监督/协同,配置支撑/留痕,P070_S06,P070.stage.06.completed,节点结果、附件、状态事件、通知与审计记录
P070,日常巡检,中心管理端,7,S07,关闭或升级案件,查看/配合,主办/决策,配置支撑/留痕,P070_S07,P070.stage.07.completed,节点结果、附件、状态事件、通知与审计记录
P071,退场,中心管理端,1,S01,退场申请或合同到期,主办/填写,监督/协同,配置支撑/留痕,P071_S01,P071.stage.01.completed,节点结果、附件、状态事件、通知与审计记录
P071,退场,中心管理端,2,S02,费用核对,查看/配合,监督/协同,配置支撑/留痕,P071_S02,P071.stage.02.completed,节点结果、附件、状态事件、通知与审计记录
P071,退场,中心管理端,3,S03,资产和场地检查,查看/配合,监督/协同,配置支撑/留痕,P071_S03,P071.stage.03.completed,节点结果、附件、状态事件、通知与审计记录
P071,退场,中心管理端,4,S04,钥匙门禁回收,查看/配合,监督/协同,配置支撑/留痕,P071_S04,P071.stage.04.completed,节点结果、附件、状态事件、通知与审计记录
P071,退场,中心管理端,5,S05,恢复验收,查看/配合,主办/决策,配置支撑/留痕,P071_S05,P071.stage.05.completed,节点结果、附件、状态事件、通知与审计记录
P071,退场,中心管理端,6,S06,合同财务回写,查看/配合,监督/协同,系统自动/技术保障,P071_S06,P071.stage.06.completed,节点结果、附件、状态事件、通知与审计记录
P071,退场,中心管理端,7,S07,关闭,查看/配合,主办/决策,配置支撑/留痕,P071_S07,P071.stage.07.completed,节点结果、附件、状态事件、通知与审计记录
P072,节目上线,中心管理端,1,S01,节目立项,查看/配合,监督/协同,配置支撑/留痕,P072_S01,P072.stage.01.completed,节点结果、附件、状态事件、通知与审计记录
P072,节目上线,中心管理端,2,S02,创排,查看/配合,监督/协同,配置支撑/留痕,P072_S02,P072.stage.02.completed,节点结果、附件、状态事件、通知与审计记录
P072,节目上线,中心管理端,3,S03,角色设计,查看/配合,监督/协同,配置支撑/留痕,P072_S03,P072.stage.03.completed,节点结果、附件、状态事件、通知与审计记录
P072,节目上线,中心管理端,4,S04,排练,查看/配合,监督/协同,配置支撑/留痕,P072_S04,P072.stage.04.completed,节点结果、附件、状态事件、通知与审计记录
P072,节目上线,中心管理端,5,S05,艺术技术安全评审,查看/配合,主办/决策,配置支撑/留痕,P072_S05,P072.stage.05.completed,节点结果、附件、状态事件、通知与审计记录
P072,节目上线,中心管理端,6,S06,试演,查看/配合,监督/协同,配置支撑/留痕,P072_S06,P072.stage.06.completed,节点结果、附件、状态事件、通知与审计记录
P072,节目上线,中心管理端,7,S07,版本批准,查看/配合,主办/决策,配置支撑/留痕,P072_S07,P072.stage.07.completed,节点结果、附件、状态事件、通知与审计记录
P072,节目上线,中心管理端,8,S08,排期,查看/配合,监督/协同,配置支撑/留痕,P072_S08,P072.stage.08.completed,节点结果、附件、状态事件、通知与审计记录
P073,场次执行,中心管理端,1,S01,场次发布,查看/配合,主办/决策,配置支撑/留痕,P073_S01,P073.stage.01.completed,节点结果、附件、状态事件、通知与审计记录
P073,场次执行,中心管理端,2,S02,演员排班,查看/配合,主办/决策,配置支撑/留痕,P073_S02,P073.stage.02.completed,节点结果、附件、状态事件、通知与审计记录
P073,场次执行,中心管理端,3,S03,冲突校验,查看/配合,主办/决策,配置支撑/留痕,P073_S03,P073.stage.03.completed,节点结果、附件、状态事件、通知与审计记录
P073,场次执行,中心管理端,4,S04,替补确认,主办/填写,主办/决策,配置支撑/留痕,P073_S04,P073.stage.04.completed,节点结果、附件、状态事件、通知与审计记录
P073,场次执行,中心管理端,5,S05,场前检查,查看/配合,监督/协同,配置支撑/留痕,P073_S05,P073.stage.05.completed,节点结果、附件、状态事件、通知与审计记录
P073,场次执行,中心管理端,6,S06,演出,主办/填写,监督/协同,配置支撑/留痕,P073_S06,P073.stage.06.completed,节点结果、附件、状态事件、通知与审计记录
P073,场次执行,中心管理端,7,S07,结果确认,主办/填写,主办/决策,配置支撑/留痕,P073_S07,P073.stage.07.completed,节点结果、附件、状态事件、通知与审计记录
P073,场次执行,中心管理端,8,S08,异常复盘,查看/配合,主办/决策,配置支撑/留痕,P073_S08,P073.stage.08.completed,节点结果、附件、状态事件、通知与审计记录
P074,临时缺员,中心管理端,1,S01,缺员报告,查看/配合,监督/协同,配置支撑/留痕,P074_S01,P074.stage.01.completed,节点结果、附件、状态事件、通知与审计记录
P074,临时缺员,中心管理端,2,S02,替补资格校验,查看/配合,主办/决策,配置支撑/留痕,P074_S02,P074.stage.02.completed,节点结果、附件、状态事件、通知与审计记录
P074,临时缺员,中心管理端,3,S03,排班变更,查看/配合,主办/决策,配置支撑/留痕,P074_S03,P074.stage.03.completed,节点结果、附件、状态事件、通知与审计记录
P074,临时缺员,中心管理端,4,S04,相关部门通知,查看/配合,监督/协同,配置支撑/留痕,P074_S04,P074.stage.04.completed,节点结果、附件、状态事件、通知与审计记录
P074,临时缺员,中心管理端,5,S05,场前确认,主办/填写,主办/决策,配置支撑/留痕,P074_S05,P074.stage.05.completed,节点结果、附件、状态事件、通知与审计记录
P074,临时缺员,中心管理端,6,S06,结果记录,查看/配合,监督/协同,配置支撑/留痕,P074_S06,P074.stage.06.completed,节点结果、附件、状态事件、通知与审计记录
P075,停演,中心管理端,1,S01,风险发现,查看/配合,监督/协同,配置支撑/留痕,P075_S01,P075.stage.01.completed,节点结果、附件、状态事件、通知与审计记录
P075,停演,中心管理端,2,S02,暂停/取消决定,查看/配合,主办/决策,配置支撑/留痕,P075_S02,P075.stage.02.completed,节点结果、附件、状态事件、通知与审计记录
P075,停演,中心管理端,3,S03,游客与运营通知,查看/配合,监督/协同,配置支撑/留痕,P075_S03,P075.stage.03.completed,节点结果、附件、状态事件、通知与审计记录
P075,停演,中心管理端,4,S04,技术和票务协同,查看/配合,监督/协同,配置支撑/留痕,P075_S04,P075.stage.04.completed,节点结果、附件、状态事件、通知与审计记录
P075,停演,中心管理端,5,S05,原因调查,查看/配合,主办/决策,配置支撑/留痕,P075_S05,P075.stage.05.completed,节点结果、附件、状态事件、通知与审计记录
P075,停演,中心管理端,6,S06,复演条件确认,主办/填写,主办/决策,配置支撑/留痕,P075_S06,P075.stage.06.completed,节点结果、附件、状态事件、通知与审计记录
P076,场次准备,中心管理端,1,S01,读取节目版本,查看/配合,监督/协同,配置支撑/留痕,P076_S01,P076.stage.01.completed,节点结果、附件、状态事件、通知与审计记录
P076,场次准备,中心管理端,2,S02,生成配置清单,查看/配合,监督/协同,系统自动/技术保障,P076_S02,P076.stage.02.completed,节点结果、附件、状态事件、通知与审计记录
P076,场次准备,中心管理端,3,S03,备货,查看/配合,监督/协同,配置支撑/留痕,P076_S03,P076.stage.03.completed,节点结果、附件、状态事件、通知与审计记录
P076,场次准备,中心管理端,4,S04,状态检查,查看/配合,监督/协同,配置支撑/留痕,P076_S04,P076.stage.04.completed,节点结果、附件、状态事件、通知与审计记录
P076,场次准备,中心管理端,5,S05,领用签收,主办/填写,监督/协同,配置支撑/留痕,P076_S05,P076.stage.05.completed,节点结果、附件、状态事件、通知与审计记录
P076,场次准备,中心管理端,6,S06,场次使用,主办/填写,监督/协同,配置支撑/留痕,P076_S06,P076.stage.06.completed,节点结果、附件、状态事件、通知与审计记录
P076,场次准备,中心管理端,7,S07,归还验收,主办/填写,主办/决策,配置支撑/留痕,P076_S07,P076.stage.07.completed,节点结果、附件、状态事件、通知与审计记录
P076,场次准备,中心管理端,8,S08,清洁维护,主办/填写,监督/协同,配置支撑/留痕,P076_S08,P076.stage.08.completed,节点结果、附件、状态事件、通知与审计记录
P077,损坏报损,中心管理端,1,S01,归还发现异常,主办/填写,监督/协同,配置支撑/留痕,P077_S01,P077.stage.01.completed,节点结果、附件、状态事件、通知与审计记录
P077,损坏报损,中心管理端,2,S02,隔离,查看/配合,监督/协同,配置支撑/留痕,P077_S02,P077.stage.02.completed,节点结果、附件、状态事件、通知与审计记录
P077,损坏报损,中心管理端,3,S03,专业鉴定,查看/配合,主办/决策,配置支撑/留痕,P077_S03,P077.stage.03.completed,节点结果、附件、状态事件、通知与审计记录
P077,损坏报损,中心管理端,4,S04,维修/报损建议,查看/配合,监督/协同,配置支撑/留痕,P077_S04,P077.stage.04.completed,节点结果、附件、状态事件、通知与审计记录
P077,损坏报损,中心管理端,5,S05,审批,查看/配合,主办/决策,配置支撑/留痕,P077_S05,P077.stage.05.completed,节点结果、附件、状态事件、通知与审计记录
P077,损坏报损,中心管理端,6,S06,维修或资产处置,查看/配合,监督/协同,配置支撑/留痕,P077_S06,P077.stage.06.completed,节点结果、附件、状态事件、通知与审计记录
P077,损坏报损,中心管理端,7,S07,状态回写,查看/配合,监督/协同,系统自动/技术保障,P077_S07,P077.stage.07.completed,节点结果、附件、状态事件、通知与审计记录
P078,盘点,中心管理端,1,S01,计划,查看/配合,主办/决策,配置支撑/留痕,P078_S01,P078.stage.01.completed,节点结果、附件、状态事件、通知与审计记录
P078,盘点,中心管理端,2,S02,分区冻结,查看/配合,监督/协同,配置支撑/留痕,P078_S02,P078.stage.02.completed,节点结果、附件、状态事件、通知与审计记录
P078,盘点,中心管理端,3,S03,实盘,查看/配合,监督/协同,配置支撑/留痕,P078_S03,P078.stage.03.completed,节点结果、附件、状态事件、通知与审计记录
P078,盘点,中心管理端,4,S04,差异,查看/配合,监督/协同,配置支撑/留痕,P078_S04,P078.stage.04.completed,节点结果、附件、状态事件、通知与审计记录
P078,盘点,中心管理端,5,S05,追溯场次领用,查看/配合,监督/协同,配置支撑/留痕,P078_S05,P078.stage.05.completed,节点结果、附件、状态事件、通知与审计记录
P078,盘点,中心管理端,6,S06,处理,查看/配合,主办/决策,配置支撑/留痕,P078_S06,P078.stage.06.completed,节点结果、附件、状态事件、通知与审计记录
P078,盘点,中心管理端,7,S07,复核,查看/配合,主办/决策,配置支撑/留痕,P078_S07,P078.stage.07.completed,节点结果、附件、状态事件、通知与审计记录
P079,飞行任务,中心管理端,1,S01,任务申请,主办/填写,监督/协同,配置支撑/留痕,P079_S01,P079.stage.01.completed,节点结果、附件、状态事件、通知与审计记录
P079,飞行任务,中心管理端,2,S02,区域与用途审核,查看/配合,主办/决策,配置支撑/留痕,P079_S02,P079.stage.02.completed,节点结果、附件、状态事件、通知与审计记录
P079,飞行任务,中心管理端,3,S03,资质设备校验,查看/配合,主办/决策,配置支撑/留痕,P079_S03,P079.stage.03.completed,节点结果、附件、状态事件、通知与审计记录
P079,飞行任务,中心管理端,4,S04,气象与报备,查看/配合,监督/协同,配置支撑/留痕,P079_S04,P079.stage.04.completed,节点结果、附件、状态事件、通知与审计记录
P079,飞行任务,中心管理端,5,S05,计划批准,查看/配合,主办/决策,配置支撑/留痕,P079_S05,P079.stage.05.completed,节点结果、附件、状态事件、通知与审计记录
P079,飞行任务,中心管理端,6,S06,场前检查,查看/配合,监督/协同,配置支撑/留痕,P079_S06,P079.stage.06.completed,节点结果、附件、状态事件、通知与审计记录
P079,飞行任务,中心管理端,7,S07,飞行,主办/填写,监督/协同,配置支撑/留痕,P079_S07,P079.stage.07.completed,节点结果、附件、状态事件、通知与审计记录
P079,飞行任务,中心管理端,8,S08,日志回传,查看/配合,监督/协同,系统自动/技术保障,P079_S08,P079.stage.08.completed,节点结果、附件、状态事件、通知与审计记录
P079,飞行任务,中心管理端,9,S09,验收归档,查看/配合,主办/决策,配置支撑/留痕,P079_S09,P079.stage.09.completed,节点结果、附件、状态事件、通知与审计记录
P080,任务取消,中心管理端,1,S01,天气或风险触发,查看/配合,监督/协同,配置支撑/留痕,P080_S01,P080.stage.01.completed,节点结果、附件、状态事件、通知与审计记录
P080,任务取消,中心管理端,2,S02,暂停,查看/配合,监督/协同,配置支撑/留痕,P080_S02,P080.stage.02.completed,节点结果、附件、状态事件、通知与审计记录
P080,任务取消,中心管理端,3,S03,相关中心通知,查看/配合,监督/协同,配置支撑/留痕,P080_S03,P080.stage.03.completed,节点结果、附件、状态事件、通知与审计记录
P080,任务取消,中心管理端,4,S04,设备解除锁定,查看/配合,主办/决策,配置支撑/留痕,P080_S04,P080.stage.04.completed,节点结果、附件、状态事件、通知与审计记录
P080,任务取消,中心管理端,5,S05,票务/运营影响处理,查看/配合,主办/决策,配置支撑/留痕,P080_S05,P080.stage.05.completed,节点结果、附件、状态事件、通知与审计记录
P080,任务取消,中心管理端,6,S06,原因归档,查看/配合,主办/决策,配置支撑/留痕,P080_S06,P080.stage.06.completed,节点结果、附件、状态事件、通知与审计记录
P081,飞行事故,中心管理端,1,S01,立即停飞,查看/配合,监督/协同,配置支撑/留痕,P081_S01,P081.stage.01.completed,节点结果、附件、状态事件、通知与审计记录
P081,飞行事故,中心管理端,2,S02,人员与现场保护,查看/配合,监督/协同,配置支撑/留痕,P081_S02,P081.stage.02.completed,节点结果、附件、状态事件、通知与审计记录
P081,飞行事故,中心管理端,3,S03,报告,查看/配合,监督/协同,配置支撑/留痕,P081_S03,P081.stage.03.completed,节点结果、附件、状态事件、通知与审计记录
P081,飞行事故,中心管理端,4,S04,设备隔离,查看/配合,监督/协同,配置支撑/留痕,P081_S04,P081.stage.04.completed,节点结果、附件、状态事件、通知与审计记录
P081,飞行事故,中心管理端,5,S05,数据保全,查看/配合,监督/协同,配置支撑/留痕,P081_S05,P081.stage.05.completed,节点结果、附件、状态事件、通知与审计记录
P081,飞行事故,中心管理端,6,S06,统一案件,查看/配合,监督/协同,配置支撑/留痕,P081_S06,P081.stage.06.completed,节点结果、附件、状态事件、通知与审计记录
P081,飞行事故,中心管理端,7,S07,专业调查,查看/配合,主办/决策,配置支撑/留痕,P081_S07,P081.stage.07.completed,节点结果、附件、状态事件、通知与审计记录
P081,飞行事故,中心管理端,8,S08,整改与复飞审批,查看/配合,主办/决策,配置支撑/留痕,P081_S08,P081.stage.08.completed,节点结果、附件、状态事件、通知与审计记录
P082,场次技术保障,中心管理端,1,S01,读取节目场次,查看/配合,监督/协同,配置支撑/留痕,P082_S01,P082.stage.01.completed,节点结果、附件、状态事件、通知与审计记录
P082,场次技术保障,中心管理端,2,S02,生成技术任务,查看/配合,监督/协同,系统自动/技术保障,P082_S02,P082.stage.02.completed,节点结果、附件、状态事件、通知与审计记录
P082,场次技术保障,中心管理端,3,S03,人员排班,查看/配合,主办/决策,配置支撑/留痕,P082_S03,P082.stage.03.completed,节点结果、附件、状态事件、通知与审计记录
P082,场次技术保障,中心管理端,4,S04,设备配置,查看/配合,监督/协同,配置支撑/留痕,P082_S04,P082.stage.04.completed,节点结果、附件、状态事件、通知与审计记录
P082,场次技术保障,中心管理端,5,S05,场前联调,查看/配合,监督/协同,配置支撑/留痕,P082_S05,P082.stage.05.completed,节点结果、附件、状态事件、通知与审计记录
P082,场次技术保障,中心管理端,6,S06,场中值守,查看/配合,监督/协同,配置支撑/留痕,P082_S06,P082.stage.06.completed,节点结果、附件、状态事件、通知与审计记录
P082,场次技术保障,中心管理端,7,S07,场后检查,查看/配合,监督/协同,配置支撑/留痕,P082_S07,P082.stage.07.completed,节点结果、附件、状态事件、通知与审计记录
P082,场次技术保障,中心管理端,8,S08,结果确认,主办/填写,主办/决策,配置支撑/留痕,P082_S08,P082.stage.08.completed,节点结果、附件、状态事件、通知与审计记录
P083,设备故障,中心管理端,1,S01,故障发现,查看/配合,监督/协同,配置支撑/留痕,P083_S01,P083.stage.01.completed,节点结果、附件、状态事件、通知与审计记录
P083,设备故障,中心管理端,2,S02,风险分级,查看/配合,监督/协同,配置支撑/留痕,P083_S02,P083.stage.02.completed,节点结果、附件、状态事件、通知与审计记录
P083,设备故障,中心管理端,3,S03,立即隔离/降级,查看/配合,监督/协同,配置支撑/留痕,P083_S03,P083.stage.03.completed,节点结果、附件、状态事件、通知与审计记录
P083,设备故障,中心管理端,4,S04,替代方案,查看/配合,监督/协同,配置支撑/留痕,P083_S04,P083.stage.04.completed,节点结果、附件、状态事件、通知与审计记录
P083,设备故障,中心管理端,5,S05,维修工单,查看/配合,监督/协同,配置支撑/留痕,P083_S05,P083.stage.05.completed,节点结果、附件、状态事件、通知与审计记录
P083,设备故障,中心管理端,6,S06,验收,查看/配合,主办/决策,配置支撑/留痕,P083_S06,P083.stage.06.completed,节点结果、附件、状态事件、通知与审计记录
P083,设备故障,中心管理端,7,S07,恢复,查看/配合,监督/协同,配置支撑/留痕,P083_S07,P083.stage.07.completed,节点结果、附件、状态事件、通知与审计记录
P083,设备故障,中心管理端,8,S08,根因分析,查看/配合,监督/协同,配置支撑/留痕,P083_S08,P083.stage.08.completed,节点结果、附件、状态事件、通知与审计记录
P084,停演技术建议,中心管理端,1,S01,重大故障,查看/配合,监督/协同,配置支撑/留痕,P084_S01,P084.stage.01.completed,节点结果、附件、状态事件、通知与审计记录
P084,停演技术建议,中心管理端,2,S02,安全评估,查看/配合,监督/协同,配置支撑/留痕,P084_S02,P084.stage.02.completed,节点结果、附件、状态事件、通知与审计记录
P084,停演技术建议,中心管理端,3,S03,提出停演建议,查看/配合,监督/协同,配置支撑/留痕,P084_S03,P084.stage.03.completed,节点结果、附件、状态事件、通知与审计记录
P084,停演技术建议,中心管理端,4,S04,有权决定,查看/配合,主办/决策,配置支撑/留痕,P084_S04,P084.stage.04.completed,节点结果、附件、状态事件、通知与审计记录
P084,停演技术建议,中心管理端,5,S05,通知相关中心,查看/配合,监督/协同,配置支撑/留痕,P084_S05,P084.stage.05.completed,节点结果、附件、状态事件、通知与审计记录
P084,停演技术建议,中心管理端,6,S06,现场处置,查看/配合,监督/协同,配置支撑/留痕,P084_S06,P084.stage.06.completed,节点结果、附件、状态事件、通知与审计记录
P084,停演技术建议,中心管理端,7,S07,复演验证,查看/配合,监督/协同,配置支撑/留痕,P084_S07,P084.stage.07.completed,节点结果、附件、状态事件、通知与审计记录
P085,网络故障,中心管理端,1,S01,监控或用户发现,查看/配合,监督/协同,系统自动/技术保障,P085_S01,P085.stage.01.completed,节点结果、附件、状态事件、通知与审计记录
P085,网络故障,中心管理端,2,S02,告警归并,查看/配合,监督/协同,系统自动/技术保障,P085_S02,P085.stage.02.completed,节点结果、附件、状态事件、通知与审计记录
P085,网络故障,中心管理端,3,S03,影响范围判断,查看/配合,监督/协同,配置支撑/留痕,P085_S03,P085.stage.03.completed,节点结果、附件、状态事件、通知与审计记录
P085,网络故障,中心管理端,4,S04,应急恢复,查看/配合,监督/协同,配置支撑/留痕,P085_S04,P085.stage.04.completed,节点结果、附件、状态事件、通知与审计记录
P085,网络故障,中心管理端,5,S05,通知业务,查看/配合,监督/协同,配置支撑/留痕,P085_S05,P085.stage.05.completed,节点结果、附件、状态事件、通知与审计记录
P085,网络故障,中心管理端,6,S06,根因修复,查看/配合,监督/协同,配置支撑/留痕,P085_S06,P085.stage.06.completed,节点结果、附件、状态事件、通知与审计记录
P085,网络故障,中心管理端,7,S07,验证,查看/配合,监督/协同,配置支撑/留痕,P085_S07,P085.stage.07.completed,节点结果、附件、状态事件、通知与审计记录
P085,网络故障,中心管理端,8,S08,复盘,查看/配合,主办/决策,配置支撑/留痕,P085_S08,P085.stage.08.completed,节点结果、附件、状态事件、通知与审计记录
P086,网络变更,中心管理端,1,S01,变更申请,主办/填写,监督/协同,配置支撑/留痕,P086_S01,P086.stage.01.completed,节点结果、附件、状态事件、通知与审计记录
P086,网络变更,中心管理端,2,S02,影响与风险,查看/配合,监督/协同,配置支撑/留痕,P086_S02,P086.stage.02.completed,节点结果、附件、状态事件、通知与审计记录
P086,网络变更,中心管理端,3,S03,技术评审,查看/配合,主办/决策,配置支撑/留痕,P086_S03,P086.stage.03.completed,节点结果、附件、状态事件、通知与审计记录
P086,网络变更,中心管理端,4,S04,业务确认,主办/填写,主办/决策,配置支撑/留痕,P086_S04,P086.stage.04.completed,节点结果、附件、状态事件、通知与审计记录
P086,网络变更,中心管理端,5,S05,变更窗口,查看/配合,监督/协同,配置支撑/留痕,P086_S05,P086.stage.05.completed,节点结果、附件、状态事件、通知与审计记录
P086,网络变更,中心管理端,6,S06,执行,主办/填写,监督/协同,配置支撑/留痕,P086_S06,P086.stage.06.completed,节点结果、附件、状态事件、通知与审计记录
P086,网络变更,中心管理端,7,S07,验证,查看/配合,监督/协同,配置支撑/留痕,P086_S07,P086.stage.07.completed,节点结果、附件、状态事件、通知与审计记录
P086,网络变更,中心管理端,8,S08,回退或关闭,查看/配合,主办/决策,配置支撑/留痕,P086_S08,P086.stage.08.completed,节点结果、附件、状态事件、通知与审计记录
P087,活动保障,中心管理端,1,S01,活动需求,查看/配合,监督/协同,配置支撑/留痕,P087_S01,P087.stage.01.completed,节点结果、附件、状态事件、通知与审计记录
P087,活动保障,中心管理端,2,S02,容量与覆盖评估,查看/配合,监督/协同,配置支撑/留痕,P087_S02,P087.stage.02.completed,节点结果、附件、状态事件、通知与审计记录
P087,活动保障,中心管理端,3,S03,临时设备/链路,查看/配合,监督/协同,配置支撑/留痕,P087_S03,P087.stage.03.completed,节点结果、附件、状态事件、通知与审计记录
P087,活动保障,中心管理端,4,S04,联调,查看/配合,监督/协同,配置支撑/留痕,P087_S04,P087.stage.04.completed,节点结果、附件、状态事件、通知与审计记录
P087,活动保障,中心管理端,5,S05,现场值守,查看/配合,监督/协同,配置支撑/留痕,P087_S05,P087.stage.05.completed,节点结果、附件、状态事件、通知与审计记录
P087,活动保障,中心管理端,6,S06,撤场,查看/配合,监督/协同,配置支撑/留痕,P087_S06,P087.stage.06.completed,节点结果、附件、状态事件、通知与审计记录
P087,活动保障,中心管理端,7,S07,数据复盘,查看/配合,主办/决策,配置支撑/留痕,P087_S07,P087.stage.07.completed,节点结果、附件、状态事件、通知与审计记录
P088,IT服务请求,中心管理端,1,S01,用户申请,主办/填写,监督/协同,配置支撑/留痕,P088_S01,P088.stage.01.completed,节点结果、附件、状态事件、通知与审计记录
P088,IT服务请求,中心管理端,2,S02,服务目录匹配,查看/配合,监督/协同,配置支撑/留痕,P088_S02,P088.stage.02.completed,节点结果、附件、状态事件、通知与审计记录
P088,IT服务请求,中心管理端,3,S03,自动/人工分派,查看/配合,主办/决策,系统自动/技术保障,P088_S03,P088.stage.03.completed,节点结果、附件、状态事件、通知与审计记录
P088,IT服务请求,中心管理端,4,S04,处理,查看/配合,主办/决策,配置支撑/留痕,P088_S04,P088.stage.04.completed,节点结果、附件、状态事件、通知与审计记录
P088,IT服务请求,中心管理端,5,S05,用户确认,主办/填写,主办/决策,配置支撑/留痕,P088_S05,P088.stage.05.completed,节点结果、附件、状态事件、通知与审计记录
P088,IT服务请求,中心管理端,6,S06,验收,查看/配合,主办/决策,配置支撑/留痕,P088_S06,P088.stage.06.completed,节点结果、附件、状态事件、通知与审计记录
P088,IT服务请求,中心管理端,7,S07,知识沉淀,查看/配合,监督/协同,配置支撑/留痕,P088_S07,P088.stage.07.completed,节点结果、附件、状态事件、通知与审计记录
P089,生产发布,中心管理端,1,S01,发布申请,主办/填写,主办/决策,配置支撑/留痕,P089_S01,P089.stage.01.completed,节点结果、附件、状态事件、通知与审计记录
P089,生产发布,中心管理端,2,S02,测试证据,查看/配合,监督/协同,系统自动/技术保障,P089_S02,P089.stage.02.completed,节点结果、附件、状态事件、通知与审计记录
P089,生产发布,中心管理端,3,S03,业务确认,主办/填写,主办/决策,配置支撑/留痕,P089_S03,P089.stage.03.completed,节点结果、附件、状态事件、通知与审计记录
P089,生产发布,中心管理端,4,S04,变更评审,查看/配合,主办/决策,配置支撑/留痕,P089_S04,P089.stage.04.completed,节点结果、附件、状态事件、通知与审计记录
P089,生产发布,中心管理端,5,S05,窗口执行,主办/填写,监督/协同,配置支撑/留痕,P089_S05,P089.stage.05.completed,节点结果、附件、状态事件、通知与审计记录
P089,生产发布,中心管理端,6,S06,健康检查,查看/配合,监督/协同,配置支撑/留痕,P089_S06,P089.stage.06.completed,节点结果、附件、状态事件、通知与审计记录
P089,生产发布,中心管理端,7,S07,灰度,查看/配合,监督/协同,系统自动/技术保障,P089_S07,P089.stage.07.completed,节点结果、附件、状态事件、通知与审计记录
P089,生产发布,中心管理端,8,S08,全量或回退,查看/配合,监督/协同,配置支撑/留痕,P089_S08,P089.stage.08.completed,节点结果、附件、状态事件、通知与审计记录
P089,生产发布,中心管理端,9,S09,归档,查看/配合,主办/决策,配置支撑/留痕,P089_S09,P089.stage.09.completed,节点结果、附件、状态事件、通知与审计记录
P090,账号执行,中心管理端,1,S01,业务授权批准,查看/配合,主办/决策,配置支撑/留痕,P090_S01,P090.stage.01.completed,节点结果、附件、状态事件、通知与审计记录
P090,账号执行,中心管理端,2,S02,执行任务,主办/填写,监督/协同,配置支撑/留痕,P090_S02,P090.stage.02.completed,节点结果、附件、状态事件、通知与审计记录
P090,账号执行,中心管理端,3,S03,最小权限配置,查看/配合,监督/协同,系统自动/技术保障,P090_S03,P090.stage.03.completed,节点结果、附件、状态事件、通知与审计记录
P090,账号执行,中心管理端,4,S04,回执,查看/配合,监督/协同,配置支撑/留痕,P090_S04,P090.stage.04.completed,节点结果、附件、状态事件、通知与审计记录
P090,账号执行,中心管理端,5,S05,权限复核,查看/配合,主办/决策,系统自动/技术保障,P090_S05,P090.stage.05.completed,节点结果、附件、状态事件、通知与审计记录
P090,账号执行,中心管理端,6,S06,到期/离职回收,查看/配合,监督/协同,配置支撑/留痕,P090_S06,P090.stage.06.completed,节点结果、附件、状态事件、通知与审计记录
P091,恢复演练,中心管理端,1,S01,演练计划,查看/配合,主办/决策,配置支撑/留痕,P091_S01,P091.stage.01.completed,节点结果、附件、状态事件、通知与审计记录
P091,恢复演练,中心管理端,2,S02,备份选择,查看/配合,监督/协同,系统自动/技术保障,P091_S02,P091.stage.02.completed,节点结果、附件、状态事件、通知与审计记录
P091,恢复演练,中心管理端,3,S03,隔离环境恢复,查看/配合,监督/协同,配置支撑/留痕,P091_S03,P091.stage.03.completed,节点结果、附件、状态事件、通知与审计记录
P091,恢复演练,中心管理端,4,S04,数据一致性验证,查看/配合,监督/协同,配置支撑/留痕,P091_S04,P091.stage.04.completed,节点结果、附件、状态事件、通知与审计记录
P091,恢复演练,中心管理端,5,S05,结果报告,查看/配合,监督/协同,配置支撑/留痕,P091_S05,P091.stage.05.completed,节点结果、附件、状态事件、通知与审计记录
P091,恢复演练,中心管理端,6,S06,整改,查看/配合,监督/协同,配置支撑/留痕,P091_S06,P091.stage.06.completed,节点结果、附件、状态事件、通知与审计记录
P092,需求开发,中心管理端,1,S01,需求基线,查看/配合,监督/协同,配置支撑/留痕,P092_S01,P092.stage.01.completed,节点结果、附件、状态事件、通知与审计记录
P092,需求开发,中心管理端,2,S02,方案评审,查看/配合,主办/决策,配置支撑/留痕,P092_S02,P092.stage.02.completed,节点结果、附件、状态事件、通知与审计记录
P092,需求开发,中心管理端,3,S03,任务拆分,查看/配合,监督/协同,配置支撑/留痕,P092_S03,P092.stage.03.completed,节点结果、附件、状态事件、通知与审计记录
P092,需求开发,中心管理端,4,S04,失败测试,查看/配合,监督/协同,系统自动/技术保障,P092_S04,P092.stage.04.completed,节点结果、附件、状态事件、通知与审计记录
P092,需求开发,中心管理端,5,S05,最小实现,查看/配合,监督/协同,配置支撑/留痕,P092_S05,P092.stage.05.completed,节点结果、附件、状态事件、通知与审计记录
P092,需求开发,中心管理端,6,S06,代码评审,查看/配合,主办/决策,配置支撑/留痕,P092_S06,P092.stage.06.completed,节点结果、附件、状态事件、通知与审计记录
P092,需求开发,中心管理端,7,S07,自动化测试,查看/配合,监督/协同,系统自动/技术保障,P092_S07,P092.stage.07.completed,节点结果、附件、状态事件、通知与审计记录
P092,需求开发,中心管理端,8,S08,验收,查看/配合,主办/决策,配置支撑/留痕,P092_S08,P092.stage.08.completed,节点结果、附件、状态事件、通知与审计记录
P092,需求开发,中心管理端,9,S09,发布,查看/配合,主办/决策,配置支撑/留痕,P092_S09,P092.stage.09.completed,节点结果、附件、状态事件、通知与审计记录
P093,缺陷修复,中心管理端,1,S01,复现,查看/配合,监督/协同,配置支撑/留痕,P093_S01,P093.stage.01.completed,节点结果、附件、状态事件、通知与审计记录
P093,缺陷修复,中心管理端,2,S02,严重度,查看/配合,监督/协同,配置支撑/留痕,P093_S02,P093.stage.02.completed,节点结果、附件、状态事件、通知与审计记录
P093,缺陷修复,中心管理端,3,S03,根因,查看/配合,监督/协同,配置支撑/留痕,P093_S03,P093.stage.03.completed,节点结果、附件、状态事件、通知与审计记录
P093,缺陷修复,中心管理端,4,S04,回归测试先行,查看/配合,监督/协同,系统自动/技术保障,P093_S04,P093.stage.04.completed,节点结果、附件、状态事件、通知与审计记录
P093,缺陷修复,中心管理端,5,S05,修复,查看/配合,监督/协同,配置支撑/留痕,P093_S05,P093.stage.05.completed,节点结果、附件、状态事件、通知与审计记录
P093,缺陷修复,中心管理端,6,S06,安全与影响审查,查看/配合,监督/协同,配置支撑/留痕,P093_S06,P093.stage.06.completed,节点结果、附件、状态事件、通知与审计记录
P093,缺陷修复,中心管理端,7,S07,发布,查看/配合,主办/决策,配置支撑/留痕,P093_S07,P093.stage.07.completed,节点结果、附件、状态事件、通知与审计记录
P093,缺陷修复,中心管理端,8,S08,监控,查看/配合,监督/协同,系统自动/技术保障,P093_S08,P093.stage.08.completed,节点结果、附件、状态事件、通知与审计记录
P094,版本发布,中心管理端,1,S01,冻结范围,查看/配合,监督/协同,配置支撑/留痕,P094_S01,P094.stage.01.completed,节点结果、附件、状态事件、通知与审计记录
P094,版本发布,中心管理端,2,S02,构建,查看/配合,监督/协同,系统自动/技术保障,P094_S02,P094.stage.02.completed,节点结果、附件、状态事件、通知与审计记录
P094,版本发布,中心管理端,3,S03,测试门禁,查看/配合,监督/协同,系统自动/技术保障,P094_S03,P094.stage.03.completed,节点结果、附件、状态事件、通知与审计记录
P094,版本发布,中心管理端,4,S04,迁移演练,查看/配合,监督/协同,系统自动/技术保障,P094_S04,P094.stage.04.completed,节点结果、附件、状态事件、通知与审计记录
P094,版本发布,中心管理端,5,S05,变更审批,查看/配合,主办/决策,配置支撑/留痕,P094_S05,P094.stage.05.completed,节点结果、附件、状态事件、通知与审计记录
P094,版本发布,中心管理端,6,S06,灰度,查看/配合,监督/协同,系统自动/技术保障,P094_S06,P094.stage.06.completed,节点结果、附件、状态事件、通知与审计记录
P094,版本发布,中心管理端,7,S07,监控,查看/配合,监督/协同,系统自动/技术保障,P094_S07,P094.stage.07.completed,节点结果、附件、状态事件、通知与审计记录
P094,版本发布,中心管理端,8,S08,全量,查看/配合,监督/协同,配置支撑/留痕,P094_S08,P094.stage.08.completed,节点结果、附件、状态事件、通知与审计记录
P094,版本发布,中心管理端,9,S09,复盘,查看/配合,主办/决策,配置支撑/留痕,P094_S09,P094.stage.09.completed,节点结果、附件、状态事件、通知与审计记录
P095,宣传物料制作,中心管理端,1,S01,需求提交,查看/配合,监督/协同,配置支撑/留痕,P095_S01,P095.stage.01.completed,节点结果、附件、状态事件、通知与审计记录
P095,宣传物料制作,中心管理端,2,S02,完整性检查,查看/配合,监督/协同,配置支撑/留痕,P095_S02,P095.stage.02.completed,节点结果、附件、状态事件、通知与审计记录
P095,宣传物料制作,中心管理端,3,S03,排期,查看/配合,监督/协同,配置支撑/留痕,P095_S03,P095.stage.03.completed,节点结果、附件、状态事件、通知与审计记录
P095,宣传物料制作,中心管理端,4,S04,创作,查看/配合,监督/协同,配置支撑/留痕,P095_S04,P095.stage.04.completed,节点结果、附件、状态事件、通知与审计记录
P095,宣传物料制作,中心管理端,5,S05,内部审核,查看/配合,主办/决策,配置支撑/留痕,P095_S05,P095.stage.05.completed,节点结果、附件、状态事件、通知与审计记录
P095,宣传物料制作,中心管理端,6,S06,需求方确认,主办/填写,主办/决策,配置支撑/留痕,P095_S06,P095.stage.06.completed,节点结果、附件、状态事件、通知与审计记录
P095,宣传物料制作,中心管理端,7,S07,版权检查,查看/配合,监督/协同,配置支撑/留痕,P095_S07,P095.stage.07.completed,节点结果、附件、状态事件、通知与审计记录
P095,宣传物料制作,中心管理端,8,S08,定稿交付,查看/配合,监督/协同,配置支撑/留痕,P095_S08,P095.stage.08.completed,节点结果、附件、状态事件、通知与审计记录
P095,宣传物料制作,中心管理端,9,S09,资产入库,查看/配合,监督/协同,配置支撑/留痕,P095_S09,P095.stage.09.completed,节点结果、附件、状态事件、通知与审计记录
P096,拍摄任务,中心管理端,1,S01,拍摄需求,主办/填写,监督/协同,配置支撑/留痕,P096_S01,P096.stage.01.completed,节点结果、附件、状态事件、通知与审计记录
P096,拍摄任务,中心管理端,2,S02,人员场地授权,查看/配合,监督/协同,配置支撑/留痕,P096_S02,P096.stage.02.completed,节点结果、附件、状态事件、通知与审计记录
P096,拍摄任务,中心管理端,3,S03,脚本与清单,查看/配合,监督/协同,配置支撑/留痕,P096_S03,P096.stage.03.completed,节点结果、附件、状态事件、通知与审计记录
P096,拍摄任务,中心管理端,4,S04,执行,主办/填写,监督/协同,配置支撑/留痕,P096_S04,P096.stage.04.completed,节点结果、附件、状态事件、通知与审计记录
P096,拍摄任务,中心管理端,5,S05,素材回收,查看/配合,监督/协同,配置支撑/留痕,P096_S05,P096.stage.05.completed,节点结果、附件、状态事件、通知与审计记录
P096,拍摄任务,中心管理端,6,S06,筛选后期,查看/配合,监督/协同,配置支撑/留痕,P096_S06,P096.stage.06.completed,节点结果、附件、状态事件、通知与审计记录
P096,拍摄任务,中心管理端,7,S07,审核,查看/配合,主办/决策,配置支撑/留痕,P096_S07,P096.stage.07.completed,节点结果、附件、状态事件、通知与审计记录
P096,拍摄任务,中心管理端,8,S08,归档,查看/配合,主办/决策,配置支撑/留痕,P096_S08,P096.stage.08.completed,节点结果、附件、状态事件、通知与审计记录
P097,返工变更,中心管理端,1,S01,变更申请,主办/填写,监督/协同,配置支撑/留痕,P097_S01,P097.stage.01.completed,节点结果、附件、状态事件、通知与审计记录
P097,返工变更,中心管理端,2,S02,影响分析,查看/配合,监督/协同,配置支撑/留痕,P097_S02,P097.stage.02.completed,节点结果、附件、状态事件、通知与审计记录
P097,返工变更,中心管理端,3,S03,版本冻结,查看/配合,监督/协同,配置支撑/留痕,P097_S03,P097.stage.03.completed,节点结果、附件、状态事件、通知与审计记录
P097,返工变更,中心管理端,4,S04,返工,查看/配合,监督/协同,配置支撑/留痕,P097_S04,P097.stage.04.completed,节点结果、附件、状态事件、通知与审计记录
P097,返工变更,中心管理端,5,S05,重新审核,查看/配合,主办/决策,配置支撑/留痕,P097_S05,P097.stage.05.completed,节点结果、附件、状态事件、通知与审计记录
P097,返工变更,中心管理端,6,S06,替换交付,查看/配合,监督/协同,配置支撑/留痕,P097_S06,P097.stage.06.completed,节点结果、附件、状态事件、通知与审计记录
P097,返工变更,中心管理端,7,S07,旧版停用,查看/配合,监督/协同,配置支撑/留痕,P097_S07,P097.stage.07.completed,节点结果、附件、状态事件、通知与审计记录
P098,策划项目,中心管理端,1,S01,需求,查看/配合,监督/协同,配置支撑/留痕,P098_S01,P098.stage.01.completed,节点结果、附件、状态事件、通知与审计记录
P098,策划项目,中心管理端,2,S02,初评,查看/配合,监督/协同,配置支撑/留痕,P098_S02,P098.stage.02.completed,节点结果、附件、状态事件、通知与审计记录
P098,策划项目,中心管理端,3,S03,立项,查看/配合,监督/协同,配置支撑/留痕,P098_S03,P098.stage.03.completed,节点结果、附件、状态事件、通知与审计记录
P098,策划项目,中心管理端,4,S04,调研,查看/配合,监督/协同,配置支撑/留痕,P098_S04,P098.stage.04.completed,节点结果、附件、状态事件、通知与审计记录
P098,策划项目,中心管理端,5,S05,方案,查看/配合,监督/协同,配置支撑/留痕,P098_S05,P098.stage.05.completed,节点结果、附件、状态事件、通知与审计记录
P098,策划项目,中心管理端,6,S06,评审,查看/配合,主办/决策,配置支撑/留痕,P098_S06,P098.stage.06.completed,节点结果、附件、状态事件、通知与审计记录
P098,策划项目,中心管理端,7,S07,预算资源确认,主办/填写,主办/决策,配置支撑/留痕,P098_S07,P098.stage.07.completed,节点结果、附件、状态事件、通知与审计记录
P098,策划项目,中心管理端,8,S08,批准,查看/配合,主办/决策,配置支撑/留痕,P098_S08,P098.stage.08.completed,节点结果、附件、状态事件、通知与审计记录
P098,策划项目,中心管理端,9,S09,执行移交,主办/填写,监督/协同,配置支撑/留痕,P098_S09,P098.stage.09.completed,节点结果、附件、状态事件、通知与审计记录
P098,策划项目,中心管理端,10,S10,验收复盘,查看/配合,主办/决策,配置支撑/留痕,P098_S10,P098.stage.10.completed,节点结果、附件、状态事件、通知与审计记录
P099,方案变更,中心管理端,1,S01,变更申请,主办/填写,监督/协同,配置支撑/留痕,P099_S01,P099.stage.01.completed,节点结果、附件、状态事件、通知与审计记录
P099,方案变更,中心管理端,2,S02,原因与影响,查看/配合,监督/协同,配置支撑/留痕,P099_S02,P099.stage.02.completed,节点结果、附件、状态事件、通知与审计记录
P099,方案变更,中心管理端,3,S03,受影响中心会签,查看/配合,监督/协同,配置支撑/留痕,P099_S03,P099.stage.03.completed,节点结果、附件、状态事件、通知与审计记录
P099,方案变更,中心管理端,4,S04,新版本批准,查看/配合,主办/决策,配置支撑/留痕,P099_S04,P099.stage.04.completed,节点结果、附件、状态事件、通知与审计记录
P099,方案变更,中心管理端,5,S05,任务和预算同步,查看/配合,监督/协同,系统自动/技术保障,P099_S05,P099.stage.05.completed,节点结果、附件、状态事件、通知与审计记录
P099,方案变更,中心管理端,6,S06,旧版停用,查看/配合,监督/协同,配置支撑/留痕,P099_S06,P099.stage.06.completed,节点结果、附件、状态事件、通知与审计记录
P100,活动策划移交,中心管理端,1,S01,活动目标,查看/配合,监督/协同,配置支撑/留痕,P100_S01,P100.stage.01.completed,节点结果、附件、状态事件、通知与审计记录
P100,活动策划移交,中心管理端,2,S02,方案和流程,查看/配合,监督/协同,配置支撑/留痕,P100_S02,P100.stage.02.completed,节点结果、附件、状态事件、通知与审计记录
P100,活动策划移交,中心管理端,3,S03,人员资源清单,查看/配合,主办/决策,配置支撑/留痕,P100_S03,P100.stage.03.completed,节点结果、附件、状态事件、通知与审计记录
P100,活动策划移交,中心管理端,4,S04,行政活动主单,查看/配合,监督/协同,配置支撑/留痕,P100_S04,P100.stage.04.completed,节点结果、附件、状态事件、通知与审计记录
P100,活动策划移交,中心管理端,5,S05,现场执行,主办/填写,监督/协同,配置支撑/留痕,P100_S05,P100.stage.05.completed,节点结果、附件、状态事件、通知与审计记录
P100,活动策划移交,中心管理端,6,S06,数据回收,查看/配合,监督/协同,配置支撑/留痕,P100_S06,P100.stage.06.completed,节点结果、附件、状态事件、通知与审计记录
P100,活动策划移交,中心管理端,7,S07,效果复盘,查看/配合,主办/决策,配置支撑/留痕,P100_S07,P100.stage.07.completed,节点结果、附件、状态事件、通知与审计记录
P101,产品上架,中心管理端,1,S01,产品资料,查看/配合,监督/协同,配置支撑/留痕,P101_S01,P101.stage.01.completed,节点结果、附件、状态事件、通知与审计记录
P101,产品上架,中心管理端,2,S02,内部产品映射,查看/配合,监督/协同,配置支撑/留痕,P101_S02,P101.stage.02.completed,节点结果、附件、状态事件、通知与审计记录
P101,产品上架,中心管理端,3,S03,价格库存规则,查看/配合,监督/协同,配置支撑/留痕,P101_S03,P101.stage.03.completed,节点结果、附件、状态事件、通知与审计记录
P101,产品上架,中心管理端,4,S04,内容审核,查看/配合,主办/决策,配置支撑/留痕,P101_S04,P101.stage.04.completed,节点结果、附件、状态事件、通知与审计记录
P101,产品上架,中心管理端,5,S05,平台发布,查看/配合,主办/决策,配置支撑/留痕,P101_S05,P101.stage.05.completed,节点结果、附件、状态事件、通知与审计记录
P101,产品上架,中心管理端,6,S06,回传校验,查看/配合,主办/决策,配置支撑/留痕,P101_S06,P101.stage.06.completed,节点结果、附件、状态事件、通知与审计记录
P101,产品上架,中心管理端,7,S07,监控,查看/配合,监督/协同,系统自动/技术保障,P101_S07,P101.stage.07.completed,节点结果、附件、状态事件、通知与审计记录
P102,OTA订单,中心管理端,1,S01,平台订单,查看/配合,监督/协同,配置支撑/留痕,P102_S01,P102.stage.01.completed,节点结果、附件、状态事件、通知与审计记录
P102,OTA订单,中心管理端,2,S02,签名与防重,查看/配合,监督/协同,系统自动/技术保障,P102_S02,P102.stage.02.completed,节点结果、附件、状态事件、通知与审计记录
P102,OTA订单,中心管理端,3,S03,价格库存校验,查看/配合,主办/决策,配置支撑/留痕,P102_S03,P102.stage.03.completed,节点结果、附件、状态事件、通知与审计记录
P102,OTA订单,中心管理端,4,S04,内部订单创建,查看/配合,监督/协同,配置支撑/留痕,P102_S04,P102.stage.04.completed,节点结果、附件、状态事件、通知与审计记录
P102,OTA订单,中心管理端,5,S05,出票/预约,查看/配合,监督/协同,配置支撑/留痕,P102_S05,P102.stage.05.completed,节点结果、附件、状态事件、通知与审计记录
P102,OTA订单,中心管理端,6,S06,核销,主办/填写,监督/协同,配置支撑/留痕,P102_S06,P102.stage.06.completed,节点结果、附件、状态事件、通知与审计记录
P102,OTA订单,中心管理端,7,S07,结算,查看/配合,监督/协同,配置支撑/留痕,P102_S07,P102.stage.07.completed,节点结果、附件、状态事件、通知与审计记录
P103,退款,中心管理端,1,S01,平台申请,主办/填写,监督/协同,配置支撑/留痕,P103_S01,P103.stage.01.completed,节点结果、附件、状态事件、通知与审计记录
P103,退款,中心管理端,2,S02,内部规则校验,查看/配合,主办/决策,配置支撑/留痕,P103_S02,P103.stage.02.completed,节点结果、附件、状态事件、通知与审计记录
P103,退款,中心管理端,3,S03,票码冻结,查看/配合,监督/协同,配置支撑/留痕,P103_S03,P103.stage.03.completed,节点结果、附件、状态事件、通知与审计记录
P103,退款,中心管理端,4,S04,退款执行,主办/填写,监督/协同,配置支撑/留痕,P103_S04,P103.stage.04.completed,节点结果、附件、状态事件、通知与审计记录
P103,退款,中心管理端,5,S05,平台回调,查看/配合,监督/协同,系统自动/技术保障,P103_S05,P103.stage.05.completed,节点结果、附件、状态事件、通知与审计记录
P103,退款,中心管理端,6,S06,财务冲销,查看/配合,监督/协同,配置支撑/留痕,P103_S06,P103.stage.06.completed,节点结果、附件、状态事件、通知与审计记录
P103,退款,中心管理端,7,S07,状态一致性对账,查看/配合,主办/决策,配置支撑/留痕,P103_S07,P103.stage.07.completed,节点结果、附件、状态事件、通知与审计记录
P104,评价客诉,中心管理端,1,S01,评价抓取,主办/填写,监督/协同,配置支撑/留痕,P104_S01,P104.stage.01.completed,节点结果、附件、状态事件、通知与审计记录
P104,评价客诉,中心管理端,2,S02,分类,查看/配合,监督/协同,配置支撑/留痕,P104_S02,P104.stage.02.completed,节点结果、附件、状态事件、通知与审计记录
P104,评价客诉,中心管理端,3,S03,回复审批,查看/配合,主办/决策,配置支撑/留痕,P104_S03,P104.stage.03.completed,节点结果、附件、状态事件、通知与审计记录
P104,评价客诉,中心管理端,4,S04,客服处理,查看/配合,主办/决策,配置支撑/留痕,P104_S04,P104.stage.04.completed,节点结果、附件、状态事件、通知与审计记录
P104,评价客诉,中心管理端,5,S05,重大投诉转案件,查看/配合,监督/协同,配置支撑/留痕,P104_S05,P104.stage.05.completed,节点结果、附件、状态事件、通知与审计记录
P104,评价客诉,中心管理端,6,S06,回访,查看/配合,监督/协同,配置支撑/留痕,P104_S06,P104.stage.06.completed,节点结果、附件、状态事件、通知与审计记录
P105,短视频发布,中心管理端,1,S01,选题,查看/配合,监督/协同,配置支撑/留痕,P105_S01,P105.stage.01.completed,节点结果、附件、状态事件、通知与审计记录
P105,短视频发布,中心管理端,2,S02,脚本,查看/配合,监督/协同,配置支撑/留痕,P105_S02,P105.stage.02.completed,节点结果、附件、状态事件、通知与审计记录
P105,短视频发布,中心管理端,3,S03,专业事实审核,查看/配合,主办/决策,配置支撑/留痕,P105_S03,P105.stage.03.completed,节点结果、附件、状态事件、通知与审计记录
P105,短视频发布,中心管理端,4,S04,拍摄,主办/填写,监督/协同,配置支撑/留痕,P105_S04,P105.stage.04.completed,节点结果、附件、状态事件、通知与审计记录
P105,短视频发布,中心管理端,5,S05,剪辑,查看/配合,监督/协同,配置支撑/留痕,P105_S05,P105.stage.05.completed,节点结果、附件、状态事件、通知与审计记录
P105,短视频发布,中心管理端,6,S06,版权品牌审核,查看/配合,主办/决策,配置支撑/留痕,P105_S06,P105.stage.06.completed,节点结果、附件、状态事件、通知与审计记录
P105,短视频发布,中心管理端,7,S07,发布审批,查看/配合,主办/决策,配置支撑/留痕,P105_S07,P105.stage.07.completed,节点结果、附件、状态事件、通知与审计记录
P105,短视频发布,中心管理端,8,S08,上线,查看/配合,监督/协同,配置支撑/留痕,P105_S08,P105.stage.08.completed,节点结果、附件、状态事件、通知与审计记录
P105,短视频发布,中心管理端,9,S09,数据回收,查看/配合,监督/协同,配置支撑/留痕,P105_S09,P105.stage.09.completed,节点结果、附件、状态事件、通知与审计记录
P105,短视频发布,中心管理端,10,S10,复盘,查看/配合,主办/决策,配置支撑/留痕,P105_S10,P105.stage.10.completed,节点结果、附件、状态事件、通知与审计记录
P106,直播执行,中心管理端,1,S01,直播立项,主办/填写,监督/协同,配置支撑/留痕,P106_S01,P106.stage.01.completed,节点结果、附件、状态事件、通知与审计记录
P106,直播执行,中心管理端,2,S02,产品与话术,查看/配合,监督/协同,配置支撑/留痕,P106_S02,P106.stage.02.completed,节点结果、附件、状态事件、通知与审计记录
P106,直播执行,中心管理端,3,S03,主播场控排班,查看/配合,主办/决策,配置支撑/留痕,P106_S03,P106.stage.03.completed,节点结果、附件、状态事件、通知与审计记录
P106,直播执行,中心管理端,4,S04,设备联调,查看/配合,监督/协同,配置支撑/留痕,P106_S04,P106.stage.04.completed,节点结果、附件、状态事件、通知与审计记录
P106,直播执行,中心管理端,5,S05,开播,查看/配合,监督/协同,配置支撑/留痕,P106_S05,P106.stage.05.completed,节点结果、附件、状态事件、通知与审计记录
P106,直播执行,中心管理端,6,S06,异常处置,查看/配合,监督/协同,配置支撑/留痕,P106_S06,P106.stage.06.completed,节点结果、附件、状态事件、通知与审计记录
P106,直播执行,中心管理端,7,S07,订单线索回传,查看/配合,监督/协同,配置支撑/留痕,P106_S07,P106.stage.07.completed,节点结果、附件、状态事件、通知与审计记录
P106,直播执行,中心管理端,8,S08,复盘,查看/配合,主办/决策,配置支撑/留痕,P106_S08,P106.stage.08.completed,节点结果、附件、状态事件、通知与审计记录
P107,投放,中心管理端,1,S01,投放目标,查看/配合,监督/协同,配置支撑/留痕,P107_S01,P107.stage.01.completed,节点结果、附件、状态事件、通知与审计记录
P107,投放,中心管理端,2,S02,预算,查看/配合,监督/协同,配置支撑/留痕,P107_S02,P107.stage.02.completed,节点结果、附件、状态事件、通知与审计记录
P107,投放,中心管理端,3,S03,素材,查看/配合,监督/协同,配置支撑/留痕,P107_S03,P107.stage.03.completed,节点结果、附件、状态事件、通知与审计记录
P107,投放,中心管理端,4,S04,人群,查看/配合,监督/协同,配置支撑/留痕,P107_S04,P107.stage.04.completed,节点结果、附件、状态事件、通知与审计记录
P107,投放,中心管理端,5,S05,审批,查看/配合,主办/决策,配置支撑/留痕,P107_S05,P107.stage.05.completed,节点结果、附件、状态事件、通知与审计记录
P107,投放,中心管理端,6,S06,上线,查看/配合,监督/协同,配置支撑/留痕,P107_S06,P107.stage.06.completed,节点结果、附件、状态事件、通知与审计记录
P107,投放,中心管理端,7,S07,监控,查看/配合,监督/协同,系统自动/技术保障,P107_S07,P107.stage.07.completed,节点结果、附件、状态事件、通知与审计记录
P107,投放,中心管理端,8,S08,调整,查看/配合,监督/协同,配置支撑/留痕,P107_S08,P107.stage.08.completed,节点结果、附件、状态事件、通知与审计记录
P107,投放,中心管理端,9,S09,关闭,查看/配合,主办/决策,配置支撑/留痕,P107_S09,P107.stage.09.completed,节点结果、附件、状态事件、通知与审计记录
P107,投放,中心管理端,10,S10,财务对账,查看/配合,主办/决策,配置支撑/留痕,P107_S10,P107.stage.10.completed,节点结果、附件、状态事件、通知与审计记录
P108,舆情,中心管理端,1,S01,发现,查看/配合,监督/协同,配置支撑/留痕,P108_S01,P108.stage.01.completed,节点结果、附件、状态事件、通知与审计记录
P108,舆情,中心管理端,2,S02,分级,查看/配合,监督/协同,配置支撑/留痕,P108_S02,P108.stage.02.completed,节点结果、附件、状态事件、通知与审计记录
P108,舆情,中心管理端,3,S03,暂停自动回复,查看/配合,监督/协同,系统自动/技术保障,P108_S03,P108.stage.03.completed,节点结果、附件、状态事件、通知与审计记录
P108,舆情,中心管理端,4,S04,事实核验,查看/配合,主办/决策,配置支撑/留痕,P108_S04,P108.stage.04.completed,节点结果、附件、状态事件、通知与审计记录
P108,舆情,中心管理端,5,S05,统一口径,查看/配合,监督/协同,配置支撑/留痕,P108_S05,P108.stage.05.completed,节点结果、附件、状态事件、通知与审计记录
P108,舆情,中心管理端,6,S06,响应,查看/配合,监督/协同,配置支撑/留痕,P108_S06,P108.stage.06.completed,节点结果、附件、状态事件、通知与审计记录
P108,舆情,中心管理端,7,S07,持续监控,查看/配合,监督/协同,系统自动/技术保障,P108_S07,P108.stage.07.completed,节点结果、附件、状态事件、通知与审计记录
P108,舆情,中心管理端,8,S08,案件或复盘,查看/配合,主办/决策,配置支撑/留痕,P108_S08,P108.stage.08.completed,节点结果、附件、状态事件、通知与审计记录
P109,品牌授权,中心管理端,1,S01,申请,主办/填写,监督/协同,配置支撑/留痕,P109_S01,P109.stage.01.completed,节点结果、附件、状态事件、通知与审计记录
P109,品牌授权,中心管理端,2,S02,用途主体期限,查看/配合,监督/协同,配置支撑/留痕,P109_S02,P109.stage.02.completed,节点结果、附件、状态事件、通知与审计记录
P109,品牌授权,中心管理端,3,S03,材料核验,查看/配合,主办/决策,配置支撑/留痕,P109_S03,P109.stage.03.completed,节点结果、附件、状态事件、通知与审计记录
P109,品牌授权,中心管理端,4,S04,风险评估,查看/配合,监督/协同,配置支撑/留痕,P109_S04,P109.stage.04.completed,节点结果、附件、状态事件、通知与审计记录
P109,品牌授权,中心管理端,5,S05,审批,查看/配合,主办/决策,配置支撑/留痕,P109_S05,P109.stage.05.completed,节点结果、附件、状态事件、通知与审计记录
P109,品牌授权,中心管理端,6,S06,授权文件,查看/配合,监督/协同,配置支撑/留痕,P109_S06,P109.stage.06.completed,节点结果、附件、状态事件、通知与审计记录
P109,品牌授权,中心管理端,7,S07,到期提醒,查看/配合,监督/协同,配置支撑/留痕,P109_S07,P109.stage.07.completed,节点结果、附件、状态事件、通知与审计记录
P109,品牌授权,中心管理端,8,S08,终止/续期,查看/配合,监督/协同,配置支撑/留痕,P109_S08,P109.stage.08.completed,节点结果、附件、状态事件、通知与审计记录
P110,物料审核,中心管理端,1,S01,提交物料,查看/配合,监督/协同,配置支撑/留痕,P110_S01,P110.stage.01.completed,节点结果、附件、状态事件、通知与审计记录
P110,物料审核,中心管理端,2,S02,规范自动检查,查看/配合,监督/协同,系统自动/技术保障,P110_S02,P110.stage.02.completed,节点结果、附件、状态事件、通知与审计记录
P110,物料审核,中心管理端,3,S03,人工审核,查看/配合,主办/决策,配置支撑/留痕,P110_S03,P110.stage.03.completed,节点结果、附件、状态事件、通知与审计记录
P110,物料审核,中心管理端,4,S04,退回修改,查看/配合,监督/协同,配置支撑/留痕,P110_S04,P110.stage.04.completed,节点结果、附件、状态事件、通知与审计记录
P110,物料审核,中心管理端,5,S05,批准,查看/配合,主办/决策,配置支撑/留痕,P110_S05,P110.stage.05.completed,节点结果、附件、状态事件、通知与审计记录
P110,物料审核,中心管理端,6,S06,版本固化,查看/配合,监督/协同,配置支撑/留痕,P110_S06,P110.stage.06.completed,节点结果、附件、状态事件、通知与审计记录
P110,物料审核,中心管理端,7,S07,发布移交,查看/配合,主办/决策,配置支撑/留痕,P110_S07,P110.stage.07.completed,节点结果、附件、状态事件、通知与审计记录
P111,侵权处理,中心管理端,1,S01,线索,查看/配合,监督/协同,配置支撑/留痕,P111_S01,P111.stage.01.completed,节点结果、附件、状态事件、通知与审计记录
P111,侵权处理,中心管理端,2,S02,证据保全,查看/配合,监督/协同,配置支撑/留痕,P111_S02,P111.stage.02.completed,节点结果、附件、状态事件、通知与审计记录
P111,侵权处理,中心管理端,3,S03,真实性核验,查看/配合,主办/决策,配置支撑/留痕,P111_S03,P111.stage.03.completed,节点结果、附件、状态事件、通知与审计记录
P111,侵权处理,中心管理端,4,S04,风险分级,查看/配合,监督/协同,配置支撑/留痕,P111_S04,P111.stage.04.completed,节点结果、附件、状态事件、通知与审计记录
P111,侵权处理,中心管理端,5,S05,通知或法务协同,查看/配合,监督/协同,配置支撑/留痕,P111_S05,P111.stage.05.completed,节点结果、附件、状态事件、通知与审计记录
P111,侵权处理,中心管理端,6,S06,下架整改,查看/配合,监督/协同,配置支撑/留痕,P111_S06,P111.stage.06.completed,节点结果、附件、状态事件、通知与审计记录
P111,侵权处理,中心管理端,7,S07,复查,查看/配合,监督/协同,配置支撑/留痕,P111_S07,P111.stage.07.completed,节点结果、附件、状态事件、通知与审计记录
P111,侵权处理,中心管理端,8,S08,关闭,查看/配合,主办/决策,配置支撑/留痕,P111_S08,P111.stage.08.completed,节点结果、附件、状态事件、通知与审计记录
P112,标准接待,中心管理端,1,S01,需求,查看/配合,监督/协同,配置支撑/留痕,P112_S01,P112.stage.01.completed,节点结果、附件、状态事件、通知与审计记录
P112,标准接待,中心管理端,2,S02,客情核验,查看/配合,主办/决策,配置支撑/留痕,P112_S02,P112.stage.02.completed,节点结果、附件、状态事件、通知与审计记录
P112,标准接待,中心管理端,3,S03,等级预算审批,查看/配合,主办/决策,配置支撑/留痕,P112_S03,P112.stage.03.completed,节点结果、附件、状态事件、通知与审计记录
P112,标准接待,中心管理端,4,S04,方案,查看/配合,监督/协同,配置支撑/留痕,P112_S04,P112.stage.04.completed,节点结果、附件、状态事件、通知与审计记录
P112,标准接待,中心管理端,5,S05,资源子单,查看/配合,主办/决策,配置支撑/留痕,P112_S05,P112.stage.05.completed,节点结果、附件、状态事件、通知与审计记录
P112,标准接待,中心管理端,6,S06,行前确认,主办/填写,主办/决策,配置支撑/留痕,P112_S06,P112.stage.06.completed,节点结果、附件、状态事件、通知与审计记录
P112,标准接待,中心管理端,7,S07,接待执行,主办/填写,监督/协同,配置支撑/留痕,P112_S07,P112.stage.07.completed,节点结果、附件、状态事件、通知与审计记录
P112,标准接待,中心管理端,8,S08,离场,查看/配合,监督/协同,配置支撑/留痕,P112_S08,P112.stage.08.completed,节点结果、附件、状态事件、通知与审计记录
P112,标准接待,中心管理端,9,S09,回访,查看/配合,监督/协同,配置支撑/留痕,P112_S09,P112.stage.09.completed,节点结果、附件、状态事件、通知与审计记录
P112,标准接待,中心管理端,10,S10,费用与复盘,查看/配合,主办/决策,配置支撑/留痕,P112_S10,P112.stage.10.completed,节点结果、附件、状态事件、通知与审计记录
P113,临时变更,中心管理端,1,S01,变更提出,查看/配合,监督/协同,配置支撑/留痕,P113_S01,P113.stage.01.completed,节点结果、附件、状态事件、通知与审计记录
P113,临时变更,中心管理端,2,S02,指定联系人确认,主办/填写,主办/决策,配置支撑/留痕,P113_S02,P113.stage.02.completed,节点结果、附件、状态事件、通知与审计记录
P113,临时变更,中心管理端,3,S03,影响分析,查看/配合,监督/协同,配置支撑/留痕,P113_S03,P113.stage.03.completed,节点结果、附件、状态事件、通知与审计记录
P113,临时变更,中心管理端,4,S04,更新唯一行程,查看/配合,监督/协同,配置支撑/留痕,P113_S04,P113.stage.04.completed,节点结果、附件、状态事件、通知与审计记录
P113,临时变更,中心管理端,5,S05,资源子单调整,查看/配合,主办/决策,配置支撑/留痕,P113_S05,P113.stage.05.completed,节点结果、附件、状态事件、通知与审计记录
P113,临时变更,中心管理端,6,S06,人员通知,查看/配合,监督/协同,配置支撑/留痕,P113_S06,P113.stage.06.completed,节点结果、附件、状态事件、通知与审计记录
P113,临时变更,中心管理端,7,S07,损耗记录,查看/配合,监督/协同,配置支撑/留痕,P113_S07,P113.stage.07.completed,节点结果、附件、状态事件、通知与审计记录
P114,导游执行,中心管理端,1,S01,排班,查看/配合,主办/决策,配置支撑/留痕,P114_S01,P114.stage.01.completed,节点结果、附件、状态事件、通知与审计记录
P114,导游执行,中心管理端,2,S02,路线讲解词版本,主办/填写,监督/协同,配置支撑/留痕,P114_S02,P114.stage.02.completed,节点结果、附件、状态事件、通知与审计记录
P114,导游执行,中心管理端,3,S03,人数票务天气确认,主办/填写,主办/决策,配置支撑/留痕,P114_S03,P114.stage.03.completed,节点结果、附件、状态事件、通知与审计记录
P114,导游执行,中心管理端,4,S04,出发,查看/配合,监督/协同,配置支撑/留痕,P114_S04,P114.stage.04.completed,节点结果、附件、状态事件、通知与审计记录
P114,导游执行,中心管理端,5,S05,持续清点,查看/配合,监督/协同,配置支撑/留痕,P114_S05,P114.stage.05.completed,节点结果、附件、状态事件、通知与审计记录
P114,导游执行,中心管理端,6,S06,异常处置,查看/配合,监督/协同,配置支撑/留痕,P114_S06,P114.stage.06.completed,节点结果、附件、状态事件、通知与审计记录
P114,导游执行,中心管理端,7,S07,结束反馈,主办/填写,监督/协同,配置支撑/留痕,P114_S07,P114.stage.07.completed,节点结果、附件、状态事件、通知与审计记录
P115,接待客诉,中心管理端,1,S01,受理,查看/配合,主办/决策,配置支撑/留痕,P115_S01,P115.stage.01.completed,节点结果、附件、状态事件、通知与审计记录
P115,接待客诉,中心管理端,2,S02,先行服务补救,查看/配合,监督/协同,配置支撑/留痕,P115_S02,P115.stage.02.completed,节点结果、附件、状态事件、通知与审计记录
P115,接待客诉,中心管理端,3,S03,事实记录,查看/配合,监督/协同,配置支撑/留痕,P115_S03,P115.stage.03.completed,节点结果、附件、状态事件、通知与审计记录
P115,接待客诉,中心管理端,4,S04,统一案件,查看/配合,监督/协同,配置支撑/留痕,P115_S04,P115.stage.04.completed,节点结果、附件、状态事件、通知与审计记录
P115,接待客诉,中心管理端,5,S05,调查,查看/配合,主办/决策,配置支撑/留痕,P115_S05,P115.stage.05.completed,节点结果、附件、状态事件、通知与审计记录
P115,接待客诉,中心管理端,6,S06,回访,查看/配合,监督/协同,配置支撑/留痕,P115_S06,P115.stage.06.completed,节点结果、附件、状态事件、通知与审计记录
P115,接待客诉,中心管理端,7,S07,整改,查看/配合,监督/协同,配置支撑/留痕,P115_S07,P115.stage.07.completed,节点结果、附件、状态事件、通知与审计记录
P116,线索转商机,中心管理端,1,S01,线索进入,查看/配合,监督/协同,配置支撑/留痕,P116_S01,P116.stage.01.completed,节点结果、附件、状态事件、通知与审计记录
P116,线索转商机,中心管理端,2,S02,合法性和查重,查看/配合,监督/协同,配置支撑/留痕,P116_S02,P116.stage.02.completed,节点结果、附件、状态事件、通知与审计记录
P116,线索转商机,中心管理端,3,S03,分配,查看/配合,监督/协同,配置支撑/留痕,P116_S03,P116.stage.03.completed,节点结果、附件、状态事件、通知与审计记录
P116,线索转商机,中心管理端,4,S04,首次联系,查看/配合,监督/协同,配置支撑/留痕,P116_S04,P116.stage.04.completed,节点结果、附件、状态事件、通知与审计记录
P116,线索转商机,中心管理端,5,S05,资格判断,查看/配合,监督/协同,配置支撑/留痕,P116_S05,P116.stage.05.completed,节点结果、附件、状态事件、通知与审计记录
P116,线索转商机,中心管理端,6,S06,转商机或关闭,查看/配合,主办/决策,配置支撑/留痕,P116_S06,P116.stage.06.completed,节点结果、附件、状态事件、通知与审计记录
P116,线索转商机,中心管理端,7,S07,下一步任务,查看/配合,监督/协同,配置支撑/留痕,P116_S07,P116.stage.07.completed,节点结果、附件、状态事件、通知与审计记录
P117,销售成交,中心管理端,1,S01,需求,查看/配合,监督/协同,配置支撑/留痕,P117_S01,P117.stage.01.completed,节点结果、附件、状态事件、通知与审计记录
P117,销售成交,中心管理端,2,S02,方案,查看/配合,监督/协同,配置支撑/留痕,P117_S02,P117.stage.02.completed,节点结果、附件、状态事件、通知与审计记录
P117,销售成交,中心管理端,3,S03,报价审批,查看/配合,主办/决策,配置支撑/留痕,P117_S03,P117.stage.03.completed,节点结果、附件、状态事件、通知与审计记录
P117,销售成交,中心管理端,4,S04,商务谈判,查看/配合,监督/协同,配置支撑/留痕,P117_S04,P117.stage.04.completed,节点结果、附件、状态事件、通知与审计记录
P117,销售成交,中心管理端,5,S05,合同协同,查看/配合,监督/协同,配置支撑/留痕,P117_S05,P117.stage.05.completed,节点结果、附件、状态事件、通知与审计记录
P117,销售成交,中心管理端,6,S06,订单,查看/配合,监督/协同,配置支撑/留痕,P117_S06,P117.stage.06.completed,节点结果、附件、状态事件、通知与审计记录
P117,销售成交,中心管理端,7,S07,交付移交,查看/配合,监督/协同,配置支撑/留痕,P117_S07,P117.stage.07.completed,节点结果、附件、状态事件、通知与审计记录
P117,销售成交,中心管理端,8,S08,回款,查看/配合,监督/协同,配置支撑/留痕,P117_S08,P117.stage.08.completed,节点结果、附件、状态事件、通知与审计记录
P117,销售成交,中心管理端,9,S09,复购,查看/配合,监督/协同,配置支撑/留痕,P117_S09,P117.stage.09.completed,节点结果、附件、状态事件、通知与审计记录
P118,二次销售,中心管理端,1,S01,服务场景产生线索,查看/配合,监督/协同,配置支撑/留痕,P118_S01,P118.stage.01.completed,节点结果、附件、状态事件、通知与审计记录
P118,二次销售,中心管理端,2,S02,员工工号/二维码归属,查看/配合,监督/协同,配置支撑/留痕,P118_S02,P118.stage.02.completed,节点结果、附件、状态事件、通知与审计记录
P118,二次销售,中心管理端,3,S03,成交,查看/配合,监督/协同,配置支撑/留痕,P118_S03,P118.stage.03.completed,节点结果、附件、状态事件、通知与审计记录
P118,二次销售,中心管理端,4,S04,核销交付,主办/填写,监督/协同,配置支撑/留痕,P118_S04,P118.stage.04.completed,节点结果、附件、状态事件、通知与审计记录
P118,二次销售,中心管理端,5,S05,退款观察,查看/配合,监督/协同,配置支撑/留痕,P118_S05,P118.stage.05.completed,节点结果、附件、状态事件、通知与审计记录
P118,二次销售,中心管理端,6,S06,贡献角色确认,主办/填写,主办/决策,配置支撑/留痕,P118_S06,P118.stage.06.completed,节点结果、附件、状态事件、通知与审计记录
P118,二次销售,中心管理端,7,S07,提成基础,查看/配合,监督/协同,配置支撑/留痕,P118_S07,P118.stage.07.completed,节点结果、附件、状态事件、通知与审计记录
P119,客户移交,中心管理端,1,S01,人员调岗离职,查看/配合,监督/协同,配置支撑/留痕,P119_S01,P119.stage.01.completed,节点结果、附件、状态事件、通知与审计记录
P119,客户移交,中心管理端,2,S02,未结客户清单,查看/配合,监督/协同,配置支撑/留痕,P119_S02,P119.stage.02.completed,节点结果、附件、状态事件、通知与审计记录
P119,客户移交,中心管理端,3,S03,新责任人,查看/配合,监督/协同,配置支撑/留痕,P119_S03,P119.stage.03.completed,节点结果、附件、状态事件、通知与审计记录
P119,客户移交,中心管理端,4,S04,客户沟通,主办/填写,监督/协同,配置支撑/留痕,P119_S04,P119.stage.04.completed,节点结果、附件、状态事件、通知与审计记录
P119,客户移交,中心管理端,5,S05,权限转移,查看/配合,监督/协同,系统自动/技术保障,P119_S05,P119.stage.05.completed,节点结果、附件、状态事件、通知与审计记录
P119,客户移交,中心管理端,6,S06,移交验收,查看/配合,主办/决策,配置支撑/留痕,P119_S06,P119.stage.06.completed,节点结果、附件、状态事件、通知与审计记录
P120,全员生命周期闭环,中心管理端,1,S01,用人需求,查看/配合,监督/协同,配置支撑/留痕,P120_S01,P120.stage.01.completed,节点结果、附件、状态事件、通知与审计记录
P120,全员生命周期闭环,中心管理端,2,S02,招聘录用,查看/配合,监督/协同,配置支撑/留痕,P120_S02,P120.stage.02.completed,节点结果、附件、状态事件、通知与审计记录
P120,全员生命周期闭环,中心管理端,3,S03,入职,查看/配合,监督/协同,配置支撑/留痕,P120_S03,P120.stage.03.completed,节点结果、附件、状态事件、通知与审计记录
P120,全员生命周期闭环,中心管理端,4,S04,试用转正,查看/配合,监督/协同,配置支撑/留痕,P120_S04,P120.stage.04.completed,节点结果、附件、状态事件、通知与审计记录
P120,全员生命周期闭环,中心管理端,5,S05,在岗学习与绩效,主办/填写,监督/协同,配置支撑/留痕,P120_S05,P120.stage.05.completed,节点结果、附件、状态事件、通知与审计记录
P120,全员生命周期闭环,中心管理端,6,S06,调岗/兼岗/晋升,查看/配合,监督/协同,配置支撑/留痕,P120_S06,P120.stage.06.completed,节点结果、附件、状态事件、通知与审计记录
P120,全员生命周期闭环,中心管理端,7,S07,奖励纪律与关怀,查看/配合,监督/协同,配置支撑/留痕,P120_S07,P120.stage.07.completed,节点结果、附件、状态事件、通知与审计记录
P120,全员生命周期闭环,中心管理端,8,S08,离职交接,主办/填写,监督/协同,配置支撑/留痕,P120_S08,P120.stage.08.completed,节点结果、附件、状态事件、通知与审计记录
P120,全员生命周期闭环,中心管理端,9,S09,历史归档,查看/配合,主办/决策,配置支撑/留痕,P120_S09,P120.stage.09.completed,节点结果、附件、状态事件、通知与审计记录
P121,市场获客到交付回款闭环,中心管理端,1,S01,市场/新媒体线索,查看/配合,监督/协同,配置支撑/留痕,P121_S01,P121.stage.01.completed,节点结果、附件、状态事件、通知与审计记录
P121,市场获客到交付回款闭环,中心管理端,2,S02,客户查重与归属,查看/配合,监督/协同,配置支撑/留痕,P121_S02,P121.stage.02.completed,节点结果、附件、状态事件、通知与审计记录
P121,市场获客到交付回款闭环,中心管理端,3,S03,商机,查看/配合,监督/协同,配置支撑/留痕,P121_S03,P121.stage.03.completed,节点结果、附件、状态事件、通知与审计记录
P121,市场获客到交付回款闭环,中心管理端,4,S04,方案与报价,查看/配合,监督/协同,配置支撑/留痕,P121_S04,P121.stage.04.completed,节点结果、附件、状态事件、通知与审计记录
P121,市场获客到交付回款闭环,中心管理端,5,S05,合同/订单,查看/配合,监督/协同,配置支撑/留痕,P121_S05,P121.stage.05.completed,节点结果、附件、状态事件、通知与审计记录
P121,市场获客到交付回款闭环,中心管理端,6,S06,票务/教育/接待/演艺/餐饮交付,查看/配合,监督/协同,配置支撑/留痕,P121_S06,P121.stage.06.completed,节点结果、附件、状态事件、通知与审计记录
P121,市场获客到交付回款闭环,中心管理端,7,S07,回款,查看/配合,监督/协同,配置支撑/留痕,P121_S07,P121.stage.07.completed,节点结果、附件、状态事件、通知与审计记录
P121,市场获客到交付回款闭环,中心管理端,8,S08,贡献毛利,查看/配合,监督/协同,配置支撑/留痕,P121_S08,P121.stage.08.completed,节点结果、附件、状态事件、通知与审计记录
P121,市场获客到交付回款闭环,中心管理端,9,S09,提成,查看/配合,监督/协同,配置支撑/留痕,P121_S09,P121.stage.09.completed,节点结果、附件、状态事件、通知与审计记录
P121,市场获客到交付回款闭环,中心管理端,10,S10,复购与客户运营,查看/配合,监督/协同,配置支撑/留痕,P121_S10,P121.stage.10.completed,节点结果、附件、状态事件、通知与审计记录
P122,接待资源闭环,中心管理端,1,S01,接待主单,查看/配合,监督/协同,配置支撑/留痕,P122_S01,P122.stage.01.completed,节点结果、附件、状态事件、通知与审计记录
P122,接待资源闭环,中心管理端,2,S02,唯一行程,查看/配合,监督/协同,配置支撑/留痕,P122_S02,P122.stage.02.completed,节点结果、附件、状态事件、通知与审计记录
P122,接待资源闭环,中心管理端,3,S03,车辆/票务/餐饮/演艺/教育/物资/安保子单,查看/配合,监督/协同,配置支撑/留痕,P122_S03,P122.stage.03.completed,节点结果、附件、状态事件、通知与审计记录
P122,接待资源闭环,中心管理端,4,S04,行前确认,主办/填写,主办/决策,配置支撑/留痕,P122_S04,P122.stage.04.completed,节点结果、附件、状态事件、通知与审计记录
P122,接待资源闭环,中心管理端,5,S05,现场执行,主办/填写,监督/协同,配置支撑/留痕,P122_S05,P122.stage.05.completed,节点结果、附件、状态事件、通知与审计记录
P122,接待资源闭环,中心管理端,6,S06,离场,查看/配合,监督/协同,配置支撑/留痕,P122_S06,P122.stage.06.completed,节点结果、附件、状态事件、通知与审计记录
P122,接待资源闭环,中心管理端,7,S07,回访/投诉,查看/配合,监督/协同,配置支撑/留痕,P122_S07,P122.stage.07.completed,节点结果、附件、状态事件、通知与审计记录
P122,接待资源闭环,中心管理端,8,S08,费用与复盘,查看/配合,主办/决策,配置支撑/留痕,P122_S08,P122.stage.08.completed,节点结果、附件、状态事件、通知与审计记录
P123,演艺场次闭环,中心管理端,1,S01,节目版本,查看/配合,监督/协同,配置支撑/留痕,P123_S01,P123.stage.01.completed,节点结果、附件、状态事件、通知与审计记录
P123,演艺场次闭环,中心管理端,2,S02,场次,查看/配合,监督/协同,配置支撑/留痕,P123_S02,P123.stage.02.completed,节点结果、附件、状态事件、通知与审计记录
P123,演艺场次闭环,中心管理端,3,S03,演员排班,查看/配合,主办/决策,配置支撑/留痕,P123_S03,P123.stage.03.completed,节点结果、附件、状态事件、通知与审计记录
P123,演艺场次闭环,中心管理端,4,S04,服化道,查看/配合,监督/协同,配置支撑/留痕,P123_S04,P123.stage.04.completed,节点结果、附件、状态事件、通知与审计记录
P123,演艺场次闭环,中心管理端,5,S05,演艺技术,查看/配合,监督/协同,配置支撑/留痕,P123_S05,P123.stage.05.completed,节点结果、附件、状态事件、通知与审计记录
P123,演艺场次闭环,中心管理端,6,S06,无人机,查看/配合,监督/协同,配置支撑/留痕,P123_S06,P123.stage.06.completed,节点结果、附件、状态事件、通知与审计记录
P123,演艺场次闭环,中心管理端,7,S07,场前检查,查看/配合,监督/协同,配置支撑/留痕,P123_S07,P123.stage.07.completed,节点结果、附件、状态事件、通知与审计记录
P123,演艺场次闭环,中心管理端,8,S08,演出,主办/填写,监督/协同,配置支撑/留痕,P123_S08,P123.stage.08.completed,节点结果、附件、状态事件、通知与审计记录
P123,演艺场次闭环,中心管理端,9,S09,结果,查看/配合,监督/协同,配置支撑/留痕,P123_S09,P123.stage.09.completed,节点结果、附件、状态事件、通知与审计记录
P123,演艺场次闭环,中心管理端,10,S10,故障/伤情/停演,查看/配合,监督/协同,配置支撑/留痕,P123_S10,P123.stage.10.completed,节点结果、附件、状态事件、通知与审计记录
P123,演艺场次闭环,中心管理端,11,S11,复盘,查看/配合,主办/决策,配置支撑/留痕,P123_S11,P123.stage.11.completed,节点结果、附件、状态事件、通知与审计记录
P124,采购资产财务闭环,中心管理端,1,S01,需求,查看/配合,监督/协同,配置支撑/留痕,P124_S01,P124.stage.01.completed,节点结果、附件、状态事件、通知与审计记录
P124,采购资产财务闭环,中心管理端,2,S02,库存核查,查看/配合,监督/协同,配置支撑/留痕,P124_S02,P124.stage.02.completed,节点结果、附件、状态事件、通知与审计记录
P124,采购资产财务闭环,中心管理端,3,S03,采购,查看/配合,监督/协同,配置支撑/留痕,P124_S03,P124.stage.03.completed,节点结果、附件、状态事件、通知与审计记录
P124,采购资产财务闭环,中心管理端,4,S04,到货,查看/配合,监督/协同,配置支撑/留痕,P124_S04,P124.stage.04.completed,节点结果、附件、状态事件、通知与审计记录
P124,采购资产财务闭环,中心管理端,5,S05,专业验收,查看/配合,主办/决策,配置支撑/留痕,P124_S05,P124.stage.05.completed,节点结果、附件、状态事件、通知与审计记录
P124,采购资产财务闭环,中心管理端,6,S06,入库/资产建卡,查看/配合,监督/协同,配置支撑/留痕,P124_S06,P124.stage.06.completed,节点结果、附件、状态事件、通知与审计记录
P124,采购资产财务闭环,中心管理端,7,S07,领借调还,查看/配合,监督/协同,配置支撑/留痕,P124_S07,P124.stage.07.completed,节点结果、附件、状态事件、通知与审计记录
P124,采购资产财务闭环,中心管理端,8,S08,盘点/维修/处置,查看/配合,监督/协同,配置支撑/留痕,P124_S08,P124.stage.08.completed,节点结果、附件、状态事件、通知与审计记录
P124,采购资产财务闭环,中心管理端,9,S09,发票与付款,查看/配合,监督/协同,配置支撑/留痕,P124_S09,P124.stage.09.completed,节点结果、附件、状态事件、通知与审计记录
P124,采购资产财务闭环,中心管理端,10,S10,对账,查看/配合,主办/决策,配置支撑/留痕,P124_S10,P124.stage.10.completed,节点结果、附件、状态事件、通知与审计记录
P125,内容生产发布闭环,中心管理端,1,S01,业务需求,查看/配合,监督/协同,配置支撑/留痕,P125_S01,P125.stage.01.completed,节点结果、附件、状态事件、通知与审计记录
P125,内容生产发布闭环,中心管理端,2,S02,策划,查看/配合,监督/协同,配置支撑/留痕,P125_S02,P125.stage.02.completed,节点结果、附件、状态事件、通知与审计记录
P125,内容生产发布闭环,中心管理端,3,S03,企宣制作,查看/配合,监督/协同,配置支撑/留痕,P125_S03,P125.stage.03.completed,节点结果、附件、状态事件、通知与审计记录
P125,内容生产发布闭环,中心管理端,4,S04,品牌审核,查看/配合,主办/决策,配置支撑/留痕,P125_S04,P125.stage.04.completed,节点结果、附件、状态事件、通知与审计记录
P125,内容生产发布闭环,中心管理端,5,S05,渠道发布,查看/配合,主办/决策,配置支撑/留痕,P125_S05,P125.stage.05.completed,节点结果、附件、状态事件、通知与审计记录
P125,内容生产发布闭环,中心管理端,6,S06,投放/传播,查看/配合,监督/协同,配置支撑/留痕,P125_S06,P125.stage.06.completed,节点结果、附件、状态事件、通知与审计记录
P125,内容生产发布闭环,中心管理端,7,S07,线索与订单,查看/配合,监督/协同,配置支撑/留痕,P125_S07,P125.stage.07.completed,节点结果、附件、状态事件、通知与审计记录
P125,内容生产发布闭环,中心管理端,8,S08,数据复盘,查看/配合,主办/决策,配置支撑/留痕,P125_S08,P125.stage.08.completed,节点结果、附件、状态事件、通知与审计记录
P125,内容生产发布闭环,中心管理端,9,S09,素材归档,查看/配合,主办/决策,配置支撑/留痕,P125_S09,P125.stage.09.completed,节点结果、附件、状态事件、通知与审计记录
P126,事件与整改闭环,中心管理端,1,S01,线索/异常,查看/配合,监督/协同,配置支撑/留痕,P126_S01,P126.stage.01.completed,节点结果、附件、状态事件、通知与审计记录
P126,事件与整改闭环,中心管理端,2,S02,风险分级,查看/配合,监督/协同,配置支撑/留痕,P126_S02,P126.stage.02.completed,节点结果、附件、状态事件、通知与审计记录
P126,事件与整改闭环,中心管理端,3,S03,先行止险,查看/配合,监督/协同,配置支撑/留痕,P126_S03,P126.stage.03.completed,节点结果、附件、状态事件、通知与审计记录
P126,事件与整改闭环,中心管理端,4,S04,唯一案件,查看/配合,监督/协同,配置支撑/留痕,P126_S04,P126.stage.04.completed,节点结果、附件、状态事件、通知与审计记录
P126,事件与整改闭环,中心管理端,5,S05,调查,查看/配合,主办/决策,配置支撑/留痕,P126_S05,P126.stage.05.completed,节点结果、附件、状态事件、通知与审计记录
P126,事件与整改闭环,中心管理端,6,S06,责任与决定,查看/配合,主办/决策,配置支撑/留痕,P126_S06,P126.stage.06.completed,节点结果、附件、状态事件、通知与审计记录
P126,事件与整改闭环,中心管理端,7,S07,影响执行,主办/填写,监督/协同,配置支撑/留痕,P126_S07,P126.stage.07.completed,节点结果、附件、状态事件、通知与审计记录
P126,事件与整改闭环,中心管理端,8,S08,申诉,主办/填写,监督/协同,配置支撑/留痕,P126_S08,P126.stage.08.completed,节点结果、附件、状态事件、通知与审计记录
P126,事件与整改闭环,中心管理端,9,S09,整改验证,查看/配合,监督/协同,配置支撑/留痕,P126_S09,P126.stage.09.completed,节点结果、附件、状态事件、通知与审计记录
P126,事件与整改闭环,中心管理端,10,S10,关闭与补充归档,查看/配合,主办/决策,配置支撑/留痕,P126_S10,P126.stage.10.completed,节点结果、附件、状态事件、通知与审计记录
P001,统一登录与多岗位身份切换,技术后台端,1,S01,访问统一入口,查看/配合,监督/协同,配置支撑/留痕,P001_S01,P001.stage.01.completed,节点结果、附件、状态事件、通知与审计记录
P001,统一登录与多岗位身份切换,技术后台端,2,S02,身份认证/MFA,查看/配合,监督/协同,系统自动/技术保障,P001_S02,P001.stage.02.completed,节点结果、附件、状态事件、通知与审计记录
P001,统一登录与多岗位身份切换,技术后台端,3,S03,解析自然人与当前员工关系,查看/配合,监督/协同,系统自动/技术保障,P001_S03,P001.stage.03.completed,节点结果、附件、状态事件、通知与审计记录
P001,统一登录与多岗位身份切换,技术后台端,4,S04,选择或自动解析当前任职身份,查看/配合,监督/协同,系统自动/技术保障,P001_S04,P001.stage.04.completed,节点结果、附件、状态事件、通知与审计记录
P001,统一登录与多岗位身份切换,技术后台端,5,S05,加载模块、动作、数据和字段权限,查看/配合,监督/协同,系统自动/技术保障,P001_S05,P001.stage.05.completed,节点结果、附件、状态事件、通知与审计记录
P001,统一登录与多岗位身份切换,技术后台端,6,S06,进入角色化工作台,查看/配合,监督/协同,配置支撑/留痕,P001_S06,P001.stage.06.completed,节点结果、附件、状态事件、通知与审计记录
P001,统一登录与多岗位身份切换,技术后台端,7,S07,会话持续校验,查看/配合,主办/决策,系统自动/技术保障,P001_S07,P001.stage.07.completed,节点结果、附件、状态事件、通知与审计记录
P001,统一登录与多岗位身份切换,技术后台端,8,S08,退出与审计,查看/配合,监督/协同,系统自动/技术保障,P001_S08,P001.stage.08.completed,节点结果、附件、状态事件、通知与审计记录
P002,权限申请、复核与回收,技术后台端,1,S01,岗位模板授权,查看/配合,监督/协同,配置支撑/留痕,P002_S01,P002.stage.01.completed,节点结果、附件、状态事件、通知与审计记录
P002,权限申请、复核与回收,技术后台端,2,S02,个人/项目补充授权申请,主办/填写,监督/协同,配置支撑/留痕,P002_S02,P002.stage.02.completed,节点结果、附件、状态事件、通知与审计记录
P002,权限申请、复核与回收,技术后台端,3,S03,业务负责人确认,主办/填写,主办/决策,配置支撑/留痕,P002_S03,P002.stage.03.completed,节点结果、附件、状态事件、通知与审计记录
P002,权限申请、复核与回收,技术后台端,4,S04,数据责任人复核,查看/配合,主办/决策,配置支撑/留痕,P002_S04,P002.stage.04.completed,节点结果、附件、状态事件、通知与审计记录
P002,权限申请、复核与回收,技术后台端,5,S05,高风险权限审批,查看/配合,主办/决策,系统自动/技术保障,P002_S05,P002.stage.05.completed,节点结果、附件、状态事件、通知与审计记录
P002,权限申请、复核与回收,技术后台端,6,S06,权限生效,查看/配合,监督/协同,系统自动/技术保障,P002_S06,P002.stage.06.completed,节点结果、附件、状态事件、通知与审计记录
P002,权限申请、复核与回收,技术后台端,7,S07,定期复核,查看/配合,主办/决策,配置支撑/留痕,P002_S07,P002.stage.07.completed,节点结果、附件、状态事件、通知与审计记录
P002,权限申请、复核与回收,技术后台端,8,S08,到期/调岗/离职回收,查看/配合,监督/协同,配置支撑/留痕,P002_S08,P002.stage.08.completed,节点结果、附件、状态事件、通知与审计记录
P003,个人资料变更,技术后台端,1,S01,员工查看本人资料,查看/配合,监督/协同,配置支撑/留痕,P003_S01,P003.stage.01.completed,节点结果、附件、状态事件、通知与审计记录
P003,个人资料变更,技术后台端,2,S02,选择可自助变更字段,查看/配合,监督/协同,配置支撑/留痕,P003_S02,P003.stage.02.completed,节点结果、附件、状态事件、通知与审计记录
P003,个人资料变更,技术后台端,3,S03,提交新值与证明,查看/配合,监督/协同,配置支撑/留痕,P003_S03,P003.stage.03.completed,节点结果、附件、状态事件、通知与审计记录
P003,个人资料变更,技术后台端,4,S04,字段敏感级别校验,查看/配合,主办/决策,配置支撑/留痕,P003_S04,P003.stage.04.completed,节点结果、附件、状态事件、通知与审计记录
P003,个人资料变更,技术后台端,5,S05,人事/财务/归口岗核验,查看/配合,主办/决策,配置支撑/留痕,P003_S05,P003.stage.05.completed,节点结果、附件、状态事件、通知与审计记录
P003,个人资料变更,技术后台端,6,S06,权威主档更新,查看/配合,监督/协同,配置支撑/留痕,P003_S06,P003.stage.06.completed,节点结果、附件、状态事件、通知与审计记录
P003,个人资料变更,技术后台端,7,S07,关联模块投影同步,查看/配合,监督/协同,系统自动/技术保障,P003_S07,P003.stage.07.completed,节点结果、附件、状态事件、通知与审计记录
P003,个人资料变更,技术后台端,8,S08,通知与审计,查看/配合,监督/协同,系统自动/技术保障,P003_S08,P003.stage.08.completed,节点结果、附件、状态事件、通知与审计记录
P004,通用申请与审批,技术后台端,1,S01,选择业务事项,查看/配合,监督/协同,配置支撑/留痕,P004_S01,P004.stage.01.completed,节点结果、附件、状态事件、通知与审计记录
P004,通用申请与审批,技术后台端,2,S02,填写申请与附件,主办/填写,监督/协同,配置支撑/留痕,P004_S02,P004.stage.02.completed,节点结果、附件、状态事件、通知与审计记录
P004,通用申请与审批,技术后台端,3,S03,前置规则校验,查看/配合,主办/决策,配置支撑/留痕,P004_S03,P004.stage.03.completed,节点结果、附件、状态事件、通知与审计记录
P004,通用申请与审批,技术后台端,4,S04,提交审批,查看/配合,主办/决策,配置支撑/留痕,P004_S04,P004.stage.04.completed,节点结果、附件、状态事件、通知与审计记录
P004,通用申请与审批,技术后台端,5,S05,动态审批与会签,查看/配合,主办/决策,配置支撑/留痕,P004_S05,P004.stage.05.completed,节点结果、附件、状态事件、通知与审计记录
P004,通用申请与审批,技术后台端,6,S06,批准后生成执行任务,主办/填写,主办/决策,系统自动/技术保障,P004_S06,P004.stage.06.completed,节点结果、附件、状态事件、通知与审计记录
P004,通用申请与审批,技术后台端,7,S07,执行人提交结果,主办/填写,监督/协同,配置支撑/留痕,P004_S07,P004.stage.07.completed,节点结果、附件、状态事件、通知与审计记录
P004,通用申请与审批,技术后台端,8,S08,独立验收,查看/配合,主办/决策,配置支撑/留痕,P004_S08,P004.stage.08.completed,节点结果、附件、状态事件、通知与审计记录
P004,通用申请与审批,技术后台端,9,S09,异常补偿,查看/配合,监督/协同,配置支撑/留痕,P004_S09,P004.stage.09.completed,节点结果、附件、状态事件、通知与审计记录
P004,通用申请与审批,技术后台端,10,S10,归档,查看/配合,主办/决策,配置支撑/留痕,P004_S10,P004.stage.10.completed,节点结果、附件、状态事件、通知与审计记录
P005,制度、通知与执行回执,技术后台端,1,S01,制度/通知版本发布,查看/配合,主办/决策,配置支撑/留痕,P005_S01,P005.stage.01.completed,节点结果、附件、状态事件、通知与审计记录
P005,制度、通知与执行回执,技术后台端,2,S02,按组织岗位确定范围,查看/配合,监督/协同,配置支撑/留痕,P005_S02,P005.stage.02.completed,节点结果、附件、状态事件、通知与审计记录
P005,制度、通知与执行回执,技术后台端,3,S03,消息送达,查看/配合,监督/协同,配置支撑/留痕,P005_S03,P005.stage.03.completed,节点结果、附件、状态事件、通知与审计记录
P005,制度、通知与执行回执,技术后台端,4,S04,员工阅读,主办/填写,监督/协同,配置支撑/留痕,P005_S04,P005.stage.04.completed,节点结果、附件、状态事件、通知与审计记录
P005,制度、通知与执行回执,技术后台端,5,S05,确认/阅签,主办/填写,主办/决策,配置支撑/留痕,P005_S05,P005.stage.05.completed,节点结果、附件、状态事件、通知与审计记录
P005,制度、通知与执行回执,技术后台端,6,S06,考试或理解验证,主办/填写,监督/协同,配置支撑/留痕,P005_S06,P005.stage.06.completed,节点结果、附件、状态事件、通知与审计记录
P005,制度、通知与执行回执,技术后台端,7,S07,执行任务,主办/填写,监督/协同,配置支撑/留痕,P005_S07,P005.stage.07.completed,节点结果、附件、状态事件、通知与审计记录
P005,制度、通知与执行回执,技术后台端,8,S08,责任人验收,查看/配合,主办/决策,配置支撑/留痕,P005_S08,P005.stage.08.completed,节点结果、附件、状态事件、通知与审计记录
P005,制度、通知与执行回执,技术后台端,9,S09,未完成催办升级,查看/配合,监督/协同,配置支撑/留痕,P005_S09,P005.stage.09.completed,节点结果、附件、状态事件、通知与审计记录
P005,制度、通知与执行回执,技术后台端,10,S10,档案移交,查看/配合,监督/协同,配置支撑/留痕,P005_S10,P005.stage.10.completed,节点结果、附件、状态事件、通知与审计记录
P006,会议与行动项,技术后台端,1,S01,议题征集,查看/配合,监督/协同,配置支撑/留痕,P006_S01,P006.stage.01.completed,节点结果、附件、状态事件、通知与审计记录
P006,会议与行动项,技术后台端,2,S02,材料完整性检查,查看/配合,监督/协同,配置支撑/留痕,P006_S02,P006.stage.02.completed,节点结果、附件、状态事件、通知与审计记录
P006,会议与行动项,技术后台端,3,S03,会议发布,查看/配合,主办/决策,配置支撑/留痕,P006_S03,P006.stage.03.completed,节点结果、附件、状态事件、通知与审计记录
P006,会议与行动项,技术后台端,4,S04,签到与请假,查看/配合,监督/协同,配置支撑/留痕,P006_S04,P006.stage.04.completed,节点结果、附件、状态事件、通知与审计记录
P006,会议与行动项,技术后台端,5,S05,会议召开,查看/配合,监督/协同,配置支撑/留痕,P006_S05,P006.stage.05.completed,节点结果、附件、状态事件、通知与审计记录
P006,会议与行动项,技术后台端,6,S06,主持人确认纪要,主办/填写,主办/决策,配置支撑/留痕,P006_S06,P006.stage.06.completed,节点结果、附件、状态事件、通知与审计记录
P006,会议与行动项,技术后台端,7,S07,行动项生成,查看/配合,监督/协同,系统自动/技术保障,P006_S07,P006.stage.07.completed,节点结果、附件、状态事件、通知与审计记录
P006,会议与行动项,技术后台端,8,S08,责任人执行,主办/填写,监督/协同,配置支撑/留痕,P006_S08,P006.stage.08.completed,节点结果、附件、状态事件、通知与审计记录
P006,会议与行动项,技术后台端,9,S09,验收与返工,查看/配合,主办/决策,配置支撑/留痕,P006_S09,P006.stage.09.completed,节点结果、附件、状态事件、通知与审计记录
P006,会议与行动项,技术后台端,10,S10,逾期升级,查看/配合,监督/协同,配置支撑/留痕,P006_S10,P006.stage.10.completed,节点结果、附件、状态事件、通知与审计记录
P006,会议与行动项,技术后台端,11,S11,归档复盘,查看/配合,主办/决策,配置支撑/留痕,P006_S11,P006.stage.11.completed,节点结果、附件、状态事件、通知与审计记录
P007,排班与班次调整,技术后台端,1,S01,业务量与活动需求输入,查看/配合,监督/协同,配置支撑/留痕,P007_S01,P007.stage.01.completed,节点结果、附件、状态事件、通知与审计记录
P007,排班与班次调整,技术后台端,2,S02,班次模板匹配,查看/配合,监督/协同,配置支撑/留痕,P007_S02,P007.stage.02.completed,节点结果、附件、状态事件、通知与审计记录
P007,排班与班次调整,技术后台端,3,S03,资格与连续工时校验,查看/配合,主办/决策,配置支撑/留痕,P007_S03,P007.stage.03.completed,节点结果、附件、状态事件、通知与审计记录
P007,排班与班次调整,技术后台端,4,S04,主管发布排班,查看/配合,主办/决策,配置支撑/留痕,P007_S04,P007.stage.04.completed,节点结果、附件、状态事件、通知与审计记录
P007,排班与班次调整,技术后台端,5,S05,员工确认,主办/填写,主办/决策,配置支撑/留痕,P007_S05,P007.stage.05.completed,节点结果、附件、状态事件、通知与审计记录
P007,排班与班次调整,技术后台端,6,S06,换班/替班申请,主办/填写,监督/协同,配置支撑/留痕,P007_S06,P007.stage.06.completed,节点结果、附件、状态事件、通知与审计记录
P007,排班与班次调整,技术后台端,7,S07,变更审批,查看/配合,主办/决策,配置支撑/留痕,P007_S07,P007.stage.07.completed,节点结果、附件、状态事件、通知与审计记录
P007,排班与班次调整,技术后台端,8,S08,考勤与餐饮/班车联动,查看/配合,监督/协同,配置支撑/留痕,P007_S08,P007.stage.08.completed,节点结果、附件、状态事件、通知与审计记录
P007,排班与班次调整,技术后台端,9,S09,日结,查看/配合,监督/协同,配置支撑/留痕,P007_S09,P007.stage.09.completed,节点结果、附件、状态事件、通知与审计记录
P008,请假与考勤,技术后台端,1,S01,请假申请,主办/填写,监督/协同,配置支撑/留痕,P008_S01,P008.stage.01.completed,节点结果、附件、状态事件、通知与审计记录
P008,请假与考勤,技术后台端,2,S02,假期额度预占,查看/配合,监督/协同,配置支撑/留痕,P008_S02,P008.stage.02.completed,节点结果、附件、状态事件、通知与审计记录
P008,请假与考勤,技术后台端,3,S03,工作交接与代理,主办/填写,监督/协同,配置支撑/留痕,P008_S03,P008.stage.03.completed,节点结果、附件、状态事件、通知与审计记录
P008,请假与考勤,技术后台端,4,S04,审批,查看/配合,主办/决策,配置支撑/留痕,P008_S04,P008.stage.04.completed,节点结果、附件、状态事件、通知与审计记录
P008,请假与考勤,技术后台端,5,S05,预占转扣减/驳回释放,查看/配合,监督/协同,配置支撑/留痕,P008_S05,P008.stage.05.completed,节点结果、附件、状态事件、通知与审计记录
P008,请假与考勤,技术后台端,6,S06,排班与考勤标记,查看/配合,主办/决策,配置支撑/留痕,P008_S06,P008.stage.06.completed,节点结果、附件、状态事件、通知与审计记录
P008,请假与考勤,技术后台端,7,S07,实际休假,查看/配合,监督/协同,配置支撑/留痕,P008_S07,P008.stage.07.completed,节点结果、附件、状态事件、通知与审计记录
P008,请假与考勤,技术后台端,8,S08,销假/提前返岗/变更,查看/配合,监督/协同,配置支撑/留痕,P008_S08,P008.stage.08.completed,节点结果、附件、状态事件、通知与审计记录
P008,请假与考勤,技术后台端,9,S09,差额账本调整,查看/配合,监督/协同,配置支撑/留痕,P008_S09,P008.stage.09.completed,节点结果、附件、状态事件、通知与审计记录
P008,请假与考勤,技术后台端,10,S10,考勤日结与归档,查看/配合,主办/决策,配置支撑/留痕,P008_S10,P008.stage.10.completed,节点结果、附件、状态事件、通知与审计记录
P009,加班与调休,技术后台端,1,S01,事前申请/紧急事实登记,主办/填写,监督/协同,配置支撑/留痕,P009_S01,P009.stage.01.completed,节点结果、附件、状态事件、通知与审计记录
P009,加班与调休,技术后台端,2,S02,必要性与任务校验,查看/配合,主办/决策,配置支撑/留痕,P009_S02,P009.stage.02.completed,节点结果、附件、状态事件、通知与审计记录
P009,加班与调休,技术后台端,3,S03,主管审批,查看/配合,主办/决策,配置支撑/留痕,P009_S03,P009.stage.03.completed,节点结果、附件、状态事件、通知与审计记录
P009,加班与调休,技术后台端,4,S04,实际考勤与劳动事实,查看/配合,监督/协同,配置支撑/留痕,P009_S04,P009.stage.04.completed,节点结果、附件、状态事件、通知与审计记录
P009,加班与调休,技术后台端,5,S05,成果验收,查看/配合,主办/决策,配置支撑/留痕,P009_S05,P009.stage.05.completed,节点结果、附件、状态事件、通知与审计记录
P009,加班与调休,技术后台端,6,S06,人事复核,查看/配合,主办/决策,配置支撑/留痕,P009_S06,P009.stage.06.completed,节点结果、附件、状态事件、通知与审计记录
P009,加班与调休,技术后台端,7,S07,法定工资/调休方案,查看/配合,监督/协同,配置支撑/留痕,P009_S07,P009.stage.07.completed,节点结果、附件、状态事件、通知与审计记录
P009,加班与调休,技术后台端,8,S08,薪酬回执,查看/配合,监督/协同,配置支撑/留痕,P009_S08,P009.stage.08.completed,节点结果、附件、状态事件、通知与审计记录
P009,加班与调休,技术后台端,9,S09,归档,查看/配合,主办/决策,配置支撑/留痕,P009_S09,P009.stage.09.completed,节点结果、附件、状态事件、通知与审计记录
P010,员工学习、考试与资格,技术后台端,1,S01,课程/制度版本发布,查看/配合,主办/决策,配置支撑/留痕,P010_S01,P010.stage.01.completed,节点结果、附件、状态事件、通知与审计记录
P010,员工学习、考试与资格,技术后台端,2,S02,按岗位风险指派,查看/配合,监督/协同,配置支撑/留痕,P010_S02,P010.stage.02.completed,节点结果、附件、状态事件、通知与审计记录
P010,员工学习、考试与资格,技术后台端,3,S03,员工学习,主办/填写,监督/协同,配置支撑/留痕,P010_S03,P010.stage.03.completed,节点结果、附件、状态事件、通知与审计记录
P010,员工学习、考试与资格,技术后台端,4,S04,1000分制考试,主办/填写,监督/协同,配置支撑/留痕,P010_S04,P010.stage.04.completed,节点结果、附件、状态事件、通知与审计记录
P010,员工学习、考试与资格,技术后台端,5,S05,线下实操,查看/配合,监督/协同,配置支撑/留痕,P010_S05,P010.stage.05.completed,节点结果、附件、状态事件、通知与审计记录
P010,员工学习、考试与资格,技术后台端,6,S06,主管/专业人员认证,查看/配合,监督/协同,系统自动/技术保障,P010_S06,P010.stage.06.completed,节点结果、附件、状态事件、通知与审计记录
P010,员工学习、考试与资格,技术后台端,7,S07,资格生效,查看/配合,监督/协同,配置支撑/留痕,P010_S07,P010.stage.07.completed,节点结果、附件、状态事件、通知与审计记录
P010,员工学习、考试与资格,技术后台端,8,S08,岗位权限联动,查看/配合,监督/协同,系统自动/技术保障,P010_S08,P010.stage.08.completed,节点结果、附件、状态事件、通知与审计记录
P010,员工学习、考试与资格,技术后台端,9,S09,到期复训/复证,查看/配合,监督/协同,配置支撑/留痕,P010_S09,P010.stage.09.completed,节点结果、附件、状态事件、通知与审计记录
P010,员工学习、考试与资格,技术后台端,10,S10,归档,查看/配合,主办/决策,配置支撑/留痕,P010_S10,P010.stage.10.completed,节点结果、附件、状态事件、通知与审计记录
P011,绩效管理,技术后台端,1,S01,目标制定,查看/配合,监督/协同,配置支撑/留痕,P011_S01,P011.stage.01.completed,节点结果、附件、状态事件、通知与审计记录
P011,绩效管理,技术后台端,2,S02,员工确认,主办/填写,主办/决策,配置支撑/留痕,P011_S02,P011.stage.02.completed,节点结果、附件、状态事件、通知与审计记录
P011,绩效管理,技术后台端,3,S03,过程记录与辅导,查看/配合,监督/协同,配置支撑/留痕,P011_S03,P011.stage.03.completed,节点结果、附件、状态事件、通知与审计记录
P011,绩效管理,技术后台端,4,S04,权威数据归集,查看/配合,监督/协同,配置支撑/留痕,P011_S04,P011.stage.04.completed,节点结果、附件、状态事件、通知与审计记录
P011,绩效管理,技术后台端,5,S05,员工自评/主管评价,主办/填写,监督/协同,配置支撑/留痕,P011_S05,P011.stage.05.completed,节点结果、附件、状态事件、通知与审计记录
P011,绩效管理,技术后台端,6,S06,1000分计算,查看/配合,监督/协同,系统自动/技术保障,P011_S06,P011.stage.06.completed,节点结果、附件、状态事件、通知与审计记录
P011,绩效管理,技术后台端,7,S07,校准,查看/配合,监督/协同,配置支撑/留痕,P011_S07,P011.stage.07.completed,节点结果、附件、状态事件、通知与审计记录
P011,绩效管理,技术后台端,8,S08,结果反馈确认,主办/填写,主办/决策,配置支撑/留痕,P011_S08,P011.stage.08.completed,节点结果、附件、状态事件、通知与审计记录
P011,绩效管理,技术后台端,9,S09,申诉复核,主办/填写,主办/决策,配置支撑/留痕,P011_S09,P011.stage.09.completed,节点结果、附件、状态事件、通知与审计记录
P011,绩效管理,技术后台端,10,S10,绩效影响执行,主办/填写,监督/协同,配置支撑/留痕,P011_S10,P011.stage.10.completed,节点结果、附件、状态事件、通知与审计记录
P011,绩效管理,技术后台端,11,S11,归档,查看/配合,主办/决策,配置支撑/留痕,P011_S11,P011.stage.11.completed,节点结果、附件、状态事件、通知与审计记录
P012,晋升与任职发展,技术后台端,1,S01,个人申请/组织提名,主办/填写,监督/协同,配置支撑/留痕,P012_S01,P012.stage.01.completed,节点结果、附件、状态事件、通知与审计记录
P012,晋升与任职发展,技术后台端,2,S02,资格与冻结状态审查,查看/配合,监督/协同,配置支撑/留痕,P012_S02,P012.stage.02.completed,节点结果、附件、状态事件、通知与审计记录
P012,晋升与任职发展,技术后台端,3,S03,1000分综合评估,查看/配合,监督/协同,配置支撑/留痕,P012_S03,P012.stage.03.completed,节点结果、附件、状态事件、通知与审计记录
P012,晋升与任职发展,技术后台端,4,S04,岗位空缺与预算核验,查看/配合,主办/决策,配置支撑/留痕,P012_S04,P012.stage.04.completed,节点结果、附件、状态事件、通知与审计记录
P012,晋升与任职发展,技术后台端,5,S05,竞聘/评审,查看/配合,主办/决策,配置支撑/留痕,P012_S05,P012.stage.05.completed,节点结果、附件、状态事件、通知与审计记录
P012,晋升与任职发展,技术后台端,6,S06,审批,查看/配合,主办/决策,配置支撑/留痕,P012_S06,P012.stage.06.completed,节点结果、附件、状态事件、通知与审计记录
P012,晋升与任职发展,技术后台端,7,S07,公示/告知,查看/配合,监督/协同,配置支撑/留痕,P012_S07,P012.stage.07.completed,节点结果、附件、状态事件、通知与审计记录
P012,晋升与任职发展,技术后台端,8,S08,任命与薪酬确认,主办/填写,主办/决策,配置支撑/留痕,P012_S08,P012.stage.08.completed,节点结果、附件、状态事件、通知与审计记录
P012,晋升与任职发展,技术后台端,9,S09,验证期,查看/配合,监督/协同,配置支撑/留痕,P012_S09,P012.stage.09.completed,节点结果、附件、状态事件、通知与审计记录
P012,晋升与任职发展,技术后台端,10,S10,正式生效/回退安排,查看/配合,监督/协同,配置支撑/留痕,P012_S10,P012.stage.10.completed,节点结果、附件、状态事件、通知与审计记录
P013,奖励,技术后台端,1,S01,贡献事实形成,查看/配合,监督/协同,配置支撑/留痕,P013_S01,P013.stage.01.completed,节点结果、附件、状态事件、通知与审计记录
P013,奖励,技术后台端,2,S02,证据核验,查看/配合,主办/决策,配置支撑/留痕,P013_S02,P013.stage.02.completed,节点结果、附件、状态事件、通知与审计记录
P013,奖励,技术后台端,3,S03,奖励级别建议,查看/配合,监督/协同,配置支撑/留痕,P013_S03,P013.stage.03.completed,节点结果、附件、状态事件、通知与审计记录
P013,奖励,技术后台端,4,S04,审批,查看/配合,主办/决策,配置支撑/留痕,P013_S04,P013.stage.04.completed,节点结果、附件、状态事件、通知与审计记录
P013,奖励,技术后台端,5,S05,影响项防重复校验,查看/配合,主办/决策,系统自动/技术保障,P013_S05,P013.stage.05.completed,节点结果、附件、状态事件、通知与审计记录
P013,奖励,技术后台端,6,S06,荣誉积分/奖金/发展评审影响执行,主办/填写,主办/决策,配置支撑/留痕,P013_S06,P013.stage.06.completed,节点结果、附件、状态事件、通知与审计记录
P013,奖励,技术后台端,7,S07,员工通知,查看/配合,监督/协同,配置支撑/留痕,P013_S07,P013.stage.07.completed,节点结果、附件、状态事件、通知与审计记录
P013,奖励,技术后台端,8,S08,财务/人事回执,查看/配合,监督/协同,配置支撑/留痕,P013_S08,P013.stage.08.completed,节点结果、附件、状态事件、通知与审计记录
P013,奖励,技术后台端,9,S09,归档,查看/配合,主办/决策,配置支撑/留痕,P013_S09,P013.stage.09.completed,节点结果、附件、状态事件、通知与审计记录
P014,纪律、责任与申诉,技术后台端,1,S01,线索登记,主办/填写,监督/协同,配置支撑/留痕,P014_S01,P014.stage.01.completed,节点结果、附件、状态事件、通知与审计记录
P014,纪律、责任与申诉,技术后台端,2,S02,临时止险,查看/配合,监督/协同,配置支撑/留痕,P014_S02,P014.stage.02.completed,节点结果、附件、状态事件、通知与审计记录
P014,纪律、责任与申诉,技术后台端,3,S03,初步核实/正式调查,查看/配合,主办/决策,配置支撑/留痕,P014_S03,P014.stage.03.completed,节点结果、附件、状态事件、通知与审计记录
P014,纪律、责任与申诉,技术后台端,4,S04,员工陈述申辩,查看/配合,监督/协同,配置支撑/留痕,P014_S04,P014.stage.04.completed,节点结果、附件、状态事件、通知与审计记录
P014,纪律、责任与申诉,技术后台端,5,S05,责任评审,查看/配合,主办/决策,配置支撑/留痕,P014_S05,P014.stage.05.completed,节点结果、附件、状态事件、通知与审计记录
P014,纪律、责任与申诉,技术后台端,6,S06,决定审批,查看/配合,主办/决策,配置支撑/留痕,P014_S06,P014.stage.06.completed,节点结果、附件、状态事件、通知与审计记录
P014,纪律、责任与申诉,技术后台端,7,S07,送达,查看/配合,监督/协同,配置支撑/留痕,P014_S07,P014.stage.07.completed,节点结果、附件、状态事件、通知与审计记录
P014,纪律、责任与申诉,技术后台端,8,S08,影响项执行,主办/填写,监督/协同,配置支撑/留痕,P014_S08,P014.stage.08.completed,节点结果、附件、状态事件、通知与审计记录
P014,纪律、责任与申诉,技术后台端,9,S09,申诉复核,主办/填写,主办/决策,配置支撑/留痕,P014_S09,P014.stage.09.completed,节点结果、附件、状态事件、通知与审计记录
P014,纪律、责任与申诉,技术后台端,10,S10,核心案件关闭,查看/配合,主办/决策,配置支撑/留痕,P014_S10,P014.stage.10.completed,节点结果、附件、状态事件、通知与审计记录
P014,纪律、责任与申诉,技术后台端,11,S11,独立观察整改,查看/配合,监督/协同,配置支撑/留痕,P014_S11,P014.stage.11.completed,节点结果、附件、状态事件、通知与审计记录
P014,纪律、责任与申诉,技术后台端,12,S12,补充归档,查看/配合,主办/决策,配置支撑/留痕,P014_S12,P014.stage.12.completed,节点结果、附件、状态事件、通知与审计记录
P015,成长积分与荣誉积分,技术后台端,1,S01,业务事件产生,查看/配合,监督/协同,配置支撑/留痕,P015_S01,P015.stage.01.completed,节点结果、附件、状态事件、通知与审计记录
P015,成长积分与荣誉积分,技术后台端,2,S02,人员与来源校验,查看/配合,主办/决策,配置支撑/留痕,P015_S02,P015.stage.02.completed,节点结果、附件、状态事件、通知与审计记录
P015,成长积分与荣誉积分,技术后台端,3,S03,例外与防重校验,查看/配合,主办/决策,系统自动/技术保障,P015_S03,P015.stage.03.completed,节点结果、附件、状态事件、通知与审计记录
P015,成长积分与荣誉积分,技术后台端,4,S04,规则版本匹配,查看/配合,监督/协同,配置支撑/留痕,P015_S04,P015.stage.04.completed,节点结果、附件、状态事件、通知与审计记录
P015,成长积分与荣誉积分,技术后台端,5,S05,计算与封顶,查看/配合,监督/协同,系统自动/技术保障,P015_S05,P015.stage.05.completed,节点结果、附件、状态事件、通知与审计记录
P015,成长积分与荣誉积分,技术后台端,6,S06,风险分级,查看/配合,监督/协同,配置支撑/留痕,P015_S06,P015.stage.06.completed,节点结果、附件、状态事件、通知与审计记录
P015,成长积分与荣誉积分,技术后台端,7,S07,自动入账/人工复核,查看/配合,主办/决策,系统自动/技术保障,P015_S07,P015.stage.07.completed,节点结果、附件、状态事件、通知与审计记录
P015,成长积分与荣誉积分,技术后台端,8,S08,员工通知,查看/配合,监督/协同,配置支撑/留痕,P015_S08,P015.stage.08.completed,节点结果、附件、状态事件、通知与审计记录
P015,成长积分与荣誉积分,技术后台端,9,S09,申诉/调整/冲销新增流水,主办/填写,监督/协同,配置支撑/留痕,P015_S09,P015.stage.09.completed,节点结果、附件、状态事件、通知与审计记录
P015,成长积分与荣誉积分,技术后台端,10,S10,有效分与段位重算,查看/配合,监督/协同,配置支撑/留痕,P015_S10,P015.stage.10.completed,节点结果、附件、状态事件、通知与审计记录
P016,员工福利与关怀,技术后台端,1,S01,系统触发/员工申请/管理发起,主办/填写,主办/决策,系统自动/技术保障,P016_S01,P016.stage.01.completed,节点结果、附件、状态事件、通知与审计记录
P016,员工福利与关怀,技术后台端,2,S02,资格校验,查看/配合,主办/决策,配置支撑/留痕,P016_S02,P016.stage.02.completed,节点结果、附件、状态事件、通知与审计记录
P016,员工福利与关怀,技术后台端,3,S03,材料与隐私授权,查看/配合,监督/协同,配置支撑/留痕,P016_S03,P016.stage.03.completed,节点结果、附件、状态事件、通知与审计记录
P016,员工福利与关怀,技术后台端,4,S04,审批,查看/配合,主办/决策,配置支撑/留痕,P016_S04,P016.stage.04.completed,节点结果、附件、状态事件、通知与审计记录
P016,员工福利与关怀,技术后台端,5,S05,财务付款/实物发放/服务执行,主办/填写,监督/协同,配置支撑/留痕,P016_S05,P016.stage.05.completed,节点结果、附件、状态事件、通知与审计记录
P016,员工福利与关怀,技术后台端,6,S06,员工确认,主办/填写,主办/决策,配置支撑/留痕,P016_S06,P016.stage.06.completed,节点结果、附件、状态事件、通知与审计记录
P016,员工福利与关怀,技术后台端,7,S07,对账,查看/配合,主办/决策,配置支撑/留痕,P016_S07,P016.stage.07.completed,节点结果、附件、状态事件、通知与审计记录
P016,员工福利与关怀,技术后台端,8,S08,归档,查看/配合,主办/决策,配置支撑/留痕,P016_S08,P016.stage.08.completed,节点结果、附件、状态事件、通知与审计记录
P017,电子签署,技术后台端,1,S01,模板与数据准备,查看/配合,监督/协同,配置支撑/留痕,P017_S01,P017.stage.01.completed,节点结果、附件、状态事件、通知与审计记录
P017,电子签署,技术后台端,2,S02,文档生成,查看/配合,监督/协同,系统自动/技术保障,P017_S02,P017.stage.02.completed,节点结果、附件、状态事件、通知与审计记录
P017,电子签署,技术后台端,3,S03,内部审核,查看/配合,主办/决策,配置支撑/留痕,P017_S03,P017.stage.03.completed,节点结果、附件、状态事件、通知与审计记录
P017,电子签署,技术后台端,4,S04,发起签署,查看/配合,监督/协同,配置支撑/留痕,P017_S04,P017.stage.04.completed,节点结果、附件、状态事件、通知与审计记录
P017,电子签署,技术后台端,5,S05,身份认证,查看/配合,监督/协同,系统自动/技术保障,P017_S05,P017.stage.05.completed,节点结果、附件、状态事件、通知与审计记录
P017,电子签署,技术后台端,6,S06,签署,查看/配合,监督/协同,配置支撑/留痕,P017_S06,P017.stage.06.completed,节点结果、附件、状态事件、通知与审计记录
P017,电子签署,技术后台端,7,S07,回调验签,查看/配合,监督/协同,系统自动/技术保障,P017_S07,P017.stage.07.completed,节点结果、附件、状态事件、通知与审计记录
P017,电子签署,技术后台端,8,S08,文件与证书归档,查看/配合,主办/决策,配置支撑/留痕,P017_S08,P017.stage.08.completed,节点结果、附件、状态事件、通知与审计记录
P017,电子签署,技术后台端,9,S09,业务状态更新,查看/配合,监督/协同,配置支撑/留痕,P017_S09,P017.stage.09.completed,节点结果、附件、状态事件、通知与审计记录
P018,数据导入,技术后台端,1,S01,下载模板,查看/配合,监督/协同,配置支撑/留痕,P018_S01,P018.stage.01.completed,节点结果、附件、状态事件、通知与审计记录
P018,数据导入,技术后台端,2,S02,上传文件,查看/配合,监督/协同,配置支撑/留痕,P018_S02,P018.stage.02.completed,节点结果、附件、状态事件、通知与审计记录
P018,数据导入,技术后台端,3,S03,格式校验,查看/配合,主办/决策,配置支撑/留痕,P018_S03,P018.stage.03.completed,节点结果、附件、状态事件、通知与审计记录
P018,数据导入,技术后台端,4,S04,业务校验,查看/配合,主办/决策,配置支撑/留痕,P018_S04,P018.stage.04.completed,节点结果、附件、状态事件、通知与审计记录
P018,数据导入,技术后台端,5,S05,权限与范围校验,查看/配合,主办/决策,系统自动/技术保障,P018_S05,P018.stage.05.completed,节点结果、附件、状态事件、通知与审计记录
P018,数据导入,技术后台端,6,S06,差异预览,查看/配合,监督/协同,配置支撑/留痕,P018_S06,P018.stage.06.completed,节点结果、附件、状态事件、通知与审计记录
P018,数据导入,技术后台端,7,S07,用户确认,主办/填写,主办/决策,配置支撑/留痕,P018_S07,P018.stage.07.completed,节点结果、附件、状态事件、通知与审计记录
P018,数据导入,技术后台端,8,S08,异步执行,主办/填写,监督/协同,系统自动/技术保障,P018_S08,P018.stage.08.completed,节点结果、附件、状态事件、通知与审计记录
P018,数据导入,技术后台端,9,S09,结果报告,查看/配合,监督/协同,配置支撑/留痕,P018_S09,P018.stage.09.completed,节点结果、附件、状态事件、通知与审计记录
P018,数据导入,技术后台端,10,S10,错误行下载,查看/配合,监督/协同,配置支撑/留痕,P018_S10,P018.stage.10.completed,节点结果、附件、状态事件、通知与审计记录
P018,数据导入,技术后台端,11,S11,审计,查看/配合,监督/协同,系统自动/技术保障,P018_S11,P018.stage.11.completed,节点结果、附件、状态事件、通知与审计记录
P019,敏感导出与文件下载,技术后台端,1,S01,发起导出/下载,查看/配合,监督/协同,配置支撑/留痕,P019_S01,P019.stage.01.completed,节点结果、附件、状态事件、通知与审计记录
P019,敏感导出与文件下载,技术后台端,2,S02,数据范围校验,查看/配合,主办/决策,配置支撑/留痕,P019_S02,P019.stage.02.completed,节点结果、附件、状态事件、通知与审计记录
P019,敏感导出与文件下载,技术后台端,3,S03,字段与敏感级别校验,查看/配合,主办/决策,配置支撑/留痕,P019_S03,P019.stage.03.completed,节点结果、附件、状态事件、通知与审计记录
P019,敏感导出与文件下载,技术后台端,4,S04,用途和审批校验,查看/配合,主办/决策,配置支撑/留痕,P019_S04,P019.stage.04.completed,节点结果、附件、状态事件、通知与审计记录
P019,敏感导出与文件下载,技术后台端,5,S05,异步生成,查看/配合,监督/协同,系统自动/技术保障,P019_S05,P019.stage.05.completed,节点结果、附件、状态事件、通知与审计记录
P019,敏感导出与文件下载,技术后台端,6,S06,水印与短时链接,查看/配合,监督/协同,系统自动/技术保障,P019_S06,P019.stage.06.completed,节点结果、附件、状态事件、通知与审计记录
P019,敏感导出与文件下载,技术后台端,7,S07,二次认证,查看/配合,监督/协同,系统自动/技术保障,P019_S07,P019.stage.07.completed,节点结果、附件、状态事件、通知与审计记录
P019,敏感导出与文件下载,技术后台端,8,S08,下载留痕,查看/配合,监督/协同,配置支撑/留痕,P019_S08,P019.stage.08.completed,节点结果、附件、状态事件、通知与审计记录
P019,敏感导出与文件下载,技术后台端,9,S09,到期销毁,查看/配合,监督/协同,配置支撑/留痕,P019_S09,P019.stage.09.completed,节点结果、附件、状态事件、通知与审计记录
P020,数据质量与修复,技术后台端,1,S01,规则扫描发现问题,查看/配合,监督/协同,配置支撑/留痕,P020_S01,P020.stage.01.completed,节点结果、附件、状态事件、通知与审计记录
P020,数据质量与修复,技术后台端,2,S02,生成数据修复工单,查看/配合,监督/协同,系统自动/技术保障,P020_S02,P020.stage.02.completed,节点结果、附件、状态事件、通知与审计记录
P020,数据质量与修复,技术后台端,3,S03,责任域确认权威来源,主办/填写,主办/决策,配置支撑/留痕,P020_S03,P020.stage.03.completed,节点结果、附件、状态事件、通知与审计记录
P020,数据质量与修复,技术后台端,4,S04,影响分析,查看/配合,监督/协同,配置支撑/留痕,P020_S04,P020.stage.04.completed,节点结果、附件、状态事件、通知与审计记录
P020,数据质量与修复,技术后台端,5,S05,修复方案审批,查看/配合,主办/决策,配置支撑/留痕,P020_S05,P020.stage.05.completed,节点结果、附件、状态事件、通知与审计记录
P020,数据质量与修复,技术后台端,6,S06,双人复核执行,主办/填写,主办/决策,配置支撑/留痕,P020_S06,P020.stage.06.completed,节点结果、附件、状态事件、通知与审计记录
P020,数据质量与修复,技术后台端,7,S07,下游补偿与重算,查看/配合,监督/协同,配置支撑/留痕,P020_S07,P020.stage.07.completed,节点结果、附件、状态事件、通知与审计记录
P020,数据质量与修复,技术后台端,8,S08,前后值核验,查看/配合,主办/决策,配置支撑/留痕,P020_S08,P020.stage.08.completed,节点结果、附件、状态事件、通知与审计记录
P020,数据质量与修复,技术后台端,9,S09,补充归档与审计,查看/配合,主办/决策,系统自动/技术保障,P020_S09,P020.stage.09.completed,节点结果、附件、状态事件、通知与审计记录
P021,经营会议闭环,技术后台端,1,S01,议题申报,查看/配合,监督/协同,配置支撑/留痕,P021_S01,P021.stage.01.completed,节点结果、附件、状态事件、通知与审计记录
P021,经营会议闭环,技术后台端,2,S02,材料校验,查看/配合,主办/决策,配置支撑/留痕,P021_S02,P021.stage.02.completed,节点结果、附件、状态事件、通知与审计记录
P021,经营会议闭环,技术后台端,3,S03,总裁办初审,查看/配合,主办/决策,配置支撑/留痕,P021_S03,P021.stage.03.completed,节点结果、附件、状态事件、通知与审计记录
P021,经营会议闭环,技术后台端,4,S04,会议发布,查看/配合,主办/决策,配置支撑/留痕,P021_S04,P021.stage.04.completed,节点结果、附件、状态事件、通知与审计记录
P021,经营会议闭环,技术后台端,5,S05,会议召开,查看/配合,监督/协同,配置支撑/留痕,P021_S05,P021.stage.05.completed,节点结果、附件、状态事件、通知与审计记录
P021,经营会议闭环,技术后台端,6,S06,主持人确认纪要,主办/填写,主办/决策,配置支撑/留痕,P021_S06,P021.stage.06.completed,节点结果、附件、状态事件、通知与审计记录
P021,经营会议闭环,技术后台端,7,S07,行动项自动生成,查看/配合,监督/协同,系统自动/技术保障,P021_S07,P021.stage.07.completed,节点结果、附件、状态事件、通知与审计记录
P021,经营会议闭环,技术后台端,8,S08,责任中心执行,主办/填写,监督/协同,配置支撑/留痕,P021_S08,P021.stage.08.completed,节点结果、附件、状态事件、通知与审计记录
P021,经营会议闭环,技术后台端,9,S09,总裁办验收,查看/配合,主办/决策,配置支撑/留痕,P021_S09,P021.stage.09.completed,节点结果、附件、状态事件、通知与审计记录
P021,经营会议闭环,技术后台端,10,S10,归档,查看/配合,主办/决策,配置支撑/留痕,P021_S10,P021.stage.10.completed,节点结果、附件、状态事件、通知与审计记录
P022,总裁指令闭环,技术后台端,1,S01,指令登记,主办/填写,监督/协同,配置支撑/留痕,P022_S01,P022.stage.01.completed,节点结果、附件、状态事件、通知与审计记录
P022,总裁指令闭环,技术后台端,2,S02,权限与密级确认,主办/填写,主办/决策,系统自动/技术保障,P022_S02,P022.stage.02.completed,节点结果、附件、状态事件、通知与审计记录
P022,总裁指令闭环,技术后台端,3,S03,责任中心签收,主办/填写,监督/协同,配置支撑/留痕,P022_S03,P022.stage.03.completed,节点结果、附件、状态事件、通知与审计记录
P022,总裁指令闭环,技术后台端,4,S04,任务分解,查看/配合,监督/协同,配置支撑/留痕,P022_S04,P022.stage.04.completed,节点结果、附件、状态事件、通知与审计记录
P022,总裁指令闭环,技术后台端,5,S05,执行反馈,主办/填写,监督/协同,配置支撑/留痕,P022_S05,P022.stage.05.completed,节点结果、附件、状态事件、通知与审计记录
P022,总裁指令闭环,技术后台端,6,S06,异常升级,查看/配合,监督/协同,配置支撑/留痕,P022_S06,P022.stage.06.completed,节点结果、附件、状态事件、通知与审计记录
P022,总裁指令闭环,技术后台端,7,S07,结果验收,查看/配合,主办/决策,配置支撑/留痕,P022_S07,P022.stage.07.completed,节点结果、附件、状态事件、通知与审计记录
P022,总裁指令闭环,技术后台端,8,S08,复盘归档,查看/配合,主办/决策,配置支撑/留痕,P022_S08,P022.stage.08.completed,节点结果、附件、状态事件、通知与审计记录
P023,重大事项升级,技术后台端,1,S01,风险发现,查看/配合,监督/协同,配置支撑/留痕,P023_S01,P023.stage.01.completed,节点结果、附件、状态事件、通知与审计记录
P023,重大事项升级,技术后台端,2,S02,分级判断,查看/配合,监督/协同,配置支撑/留痕,P023_S02,P023.stage.02.completed,节点结果、附件、状态事件、通知与审计记录
P023,重大事项升级,技术后台端,3,S03,先行止险,查看/配合,监督/协同,配置支撑/留痕,P023_S03,P023.stage.03.completed,节点结果、附件、状态事件、通知与审计记录
P023,重大事项升级,技术后台端,4,S04,通知有权人员,查看/配合,监督/协同,配置支撑/留痕,P023_S04,P023.stage.04.completed,节点结果、附件、状态事件、通知与审计记录
P023,重大事项升级,技术后台端,5,S05,建立专题,查看/配合,监督/协同,配置支撑/留痕,P023_S05,P023.stage.05.completed,节点结果、附件、状态事件、通知与审计记录
P023,重大事项升级,技术后台端,6,S06,持续报告,查看/配合,监督/协同,配置支撑/留痕,P023_S06,P023.stage.06.completed,节点结果、附件、状态事件、通知与审计记录
P023,重大事项升级,技术后台端,7,S07,决定执行,主办/填写,主办/决策,配置支撑/留痕,P023_S07,P023.stage.07.completed,节点结果、附件、状态事件、通知与审计记录
P023,重大事项升级,技术后台端,8,S08,关闭或转案件,查看/配合,主办/决策,配置支撑/留痕,P023_S08,P023.stage.08.completed,节点结果、附件、状态事件、通知与审计记录
P024,预算闭环,技术后台端,1,S01,预算申报,查看/配合,监督/协同,配置支撑/留痕,P024_S01,P024.stage.01.completed,节点结果、附件、状态事件、通知与审计记录
P024,预算闭环,技术后台端,2,S02,汇总校验,查看/配合,主办/决策,配置支撑/留痕,P024_S02,P024.stage.02.completed,节点结果、附件、状态事件、通知与审计记录
P024,预算闭环,技术后台端,3,S03,中心确认,主办/填写,主办/决策,配置支撑/留痕,P024_S03,P024.stage.03.completed,节点结果、附件、状态事件、通知与审计记录
P024,预算闭环,技术后台端,4,S04,财务复核,查看/配合,主办/决策,配置支撑/留痕,P024_S04,P024.stage.04.completed,节点结果、附件、状态事件、通知与审计记录
P024,预算闭环,技术后台端,5,S05,有权审批,查看/配合,主办/决策,配置支撑/留痕,P024_S05,P024.stage.05.completed,节点结果、附件、状态事件、通知与审计记录
P024,预算闭环,技术后台端,6,S06,预算发布,查看/配合,主办/决策,配置支撑/留痕,P024_S06,P024.stage.06.completed,节点结果、附件、状态事件、通知与审计记录
P024,预算闭环,技术后台端,7,S07,占用与释放,查看/配合,监督/协同,配置支撑/留痕,P024_S07,P024.stage.07.completed,节点结果、附件、状态事件、通知与审计记录
P024,预算闭环,技术后台端,8,S08,调整,查看/配合,监督/协同,配置支撑/留痕,P024_S08,P024.stage.08.completed,节点结果、附件、状态事件、通知与审计记录
P024,预算闭环,技术后台端,9,S09,执行分析,主办/填写,监督/协同,配置支撑/留痕,P024_S09,P024.stage.09.completed,节点结果、附件、状态事件、通知与审计记录
P024,预算闭环,技术后台端,10,S10,年度关闭,查看/配合,主办/决策,配置支撑/留痕,P024_S10,P024.stage.10.completed,节点结果、附件、状态事件、通知与审计记录
P025,报销闭环,技术后台端,1,S01,事前申请关联,主办/填写,监督/协同,配置支撑/留痕,P025_S01,P025.stage.01.completed,节点结果、附件、状态事件、通知与审计记录
P025,报销闭环,技术后台端,2,S02,报销填报,主办/填写,监督/协同,配置支撑/留痕,P025_S02,P025.stage.02.completed,节点结果、附件、状态事件、通知与审计记录
P025,报销闭环,技术后台端,3,S03,票据验真与防重,查看/配合,监督/协同,系统自动/技术保障,P025_S03,P025.stage.03.completed,节点结果、附件、状态事件、通知与审计记录
P025,报销闭环,技术后台端,4,S04,业务真实性审批,查看/配合,主办/决策,配置支撑/留痕,P025_S04,P025.stage.04.completed,节点结果、附件、状态事件、通知与审计记录
P025,报销闭环,技术后台端,5,S05,预算校验,查看/配合,主办/决策,配置支撑/留痕,P025_S05,P025.stage.05.completed,节点结果、附件、状态事件、通知与审计记录
P025,报销闭环,技术后台端,6,S06,财务复核,查看/配合,主办/决策,配置支撑/留痕,P025_S06,P025.stage.06.completed,节点结果、附件、状态事件、通知与审计记录
P025,报销闭环,技术后台端,7,S07,付款,查看/配合,监督/协同,配置支撑/留痕,P025_S07,P025.stage.07.completed,节点结果、附件、状态事件、通知与审计记录
P025,报销闭环,技术后台端,8,S08,回执,查看/配合,监督/协同,配置支撑/留痕,P025_S08,P025.stage.08.completed,节点结果、附件、状态事件、通知与审计记录
P025,报销闭环,技术后台端,9,S09,对账归档,查看/配合,主办/决策,配置支撑/留痕,P025_S09,P025.stage.09.completed,节点结果、附件、状态事件、通知与审计记录
P026,借款核销,技术后台端,1,S01,借款申请,主办/填写,监督/协同,配置支撑/留痕,P026_S01,P026.stage.01.completed,节点结果、附件、状态事件、通知与审计记录
P026,借款核销,技术后台端,2,S02,预算与必要性审批,查看/配合,主办/决策,配置支撑/留痕,P026_S02,P026.stage.02.completed,节点结果、附件、状态事件、通知与审计记录
P026,借款核销,技术后台端,3,S03,付款,查看/配合,监督/协同,配置支撑/留痕,P026_S03,P026.stage.03.completed,节点结果、附件、状态事件、通知与审计记录
P026,借款核销,技术后台端,4,S04,费用发生,查看/配合,监督/协同,配置支撑/留痕,P026_S04,P026.stage.04.completed,节点结果、附件、状态事件、通知与审计记录
P026,借款核销,技术后台端,5,S05,报销抵扣,查看/配合,监督/协同,配置支撑/留痕,P026_S05,P026.stage.05.completed,节点结果、附件、状态事件、通知与审计记录
P026,借款核销,技术后台端,6,S06,余额归还,主办/填写,监督/协同,配置支撑/留痕,P026_S06,P026.stage.06.completed,节点结果、附件、状态事件、通知与审计记录
P026,借款核销,技术后台端,7,S07,财务确认,主办/填写,主办/决策,配置支撑/留痕,P026_S07,P026.stage.07.completed,节点结果、附件、状态事件、通知与审计记录
P026,借款核销,技术后台端,8,S08,关闭,查看/配合,主办/决策,配置支撑/留痕,P026_S08,P026.stage.08.completed,节点结果、附件、状态事件、通知与审计记录
P027,跨系统对账,技术后台端,1,S01,生成对账批次,查看/配合,主办/决策,系统自动/技术保障,P027_S01,P027.stage.01.completed,节点结果、附件、状态事件、通知与审计记录
P027,跨系统对账,技术后台端,2,S02,拉取双方数据,查看/配合,监督/协同,配置支撑/留痕,P027_S02,P027.stage.02.completed,节点结果、附件、状态事件、通知与审计记录
P027,跨系统对账,技术后台端,3,S03,自动匹配,查看/配合,监督/协同,系统自动/技术保障,P027_S03,P027.stage.03.completed,节点结果、附件、状态事件、通知与审计记录
P027,跨系统对账,技术后台端,4,S04,差异分类,查看/配合,监督/协同,配置支撑/留痕,P027_S04,P027.stage.04.completed,节点结果、附件、状态事件、通知与审计记录
P027,跨系统对账,技术后台端,5,S05,责任人处理,查看/配合,主办/决策,配置支撑/留痕,P027_S05,P027.stage.05.completed,节点结果、附件、状态事件、通知与审计记录
P027,跨系统对账,技术后台端,6,S06,复核,查看/配合,主办/决策,配置支撑/留痕,P027_S06,P027.stage.06.completed,节点结果、附件、状态事件、通知与审计记录
P027,跨系统对账,技术后台端,7,S07,调整或冲销,查看/配合,监督/协同,配置支撑/留痕,P027_S07,P027.stage.07.completed,节点结果、附件、状态事件、通知与审计记录
P027,跨系统对账,技术后台端,8,S08,对账关闭,查看/配合,主办/决策,配置支撑/留痕,P027_S08,P027.stage.08.completed,节点结果、附件、状态事件、通知与审计记录
P028,录用入职闭环,技术后台端,1,S01,用人需求,查看/配合,监督/协同,配置支撑/留痕,P028_S01,P028.stage.01.completed,节点结果、附件、状态事件、通知与审计记录
P028,录用入职闭环,技术后台端,2,S02,编制预算审批,查看/配合,主办/决策,配置支撑/留痕,P028_S02,P028.stage.02.completed,节点结果、附件、状态事件、通知与审计记录
P028,录用入职闭环,技术后台端,3,S03,招聘,查看/配合,监督/协同,配置支撑/留痕,P028_S03,P028.stage.03.completed,节点结果、附件、状态事件、通知与审计记录
P028,录用入职闭环,技术后台端,4,S04,面试1000分评价,主办/填写,监督/协同,配置支撑/留痕,P028_S04,P028.stage.04.completed,节点结果、附件、状态事件、通知与审计记录
P028,录用入职闭环,技术后台端,5,S05,录用审批,查看/配合,主办/决策,配置支撑/留痕,P028_S05,P028.stage.05.completed,节点结果、附件、状态事件、通知与审计记录
P028,录用入职闭环,技术后台端,6,S06,候选人接受,查看/配合,监督/协同,配置支撑/留痕,P028_S06,P028.stage.06.completed,节点结果、附件、状态事件、通知与审计记录
P028,录用入职闭环,技术后台端,7,S07,编制锁定,查看/配合,主办/决策,配置支撑/留痕,P028_S07,P028.stage.07.completed,节点结果、附件、状态事件、通知与审计记录
P028,录用入职闭环,技术后台端,8,S08,员工预档,查看/配合,监督/协同,配置支撑/留痕,P028_S08,P028.stage.08.completed,节点结果、附件、状态事件、通知与审计记录
P028,录用入职闭环,技术后台端,9,S09,到岗确认,主办/填写,主办/决策,配置支撑/留痕,P028_S09,P028.stage.09.completed,节点结果、附件、状态事件、通知与审计记录
P028,录用入职闭环,技术后台端,10,S10,合同与权限任务,查看/配合,监督/协同,系统自动/技术保障,P028_S10,P028.stage.10.completed,节点结果、附件、状态事件、通知与审计记录
P028,录用入职闭环,技术后台端,11,S11,入职完成,查看/配合,监督/协同,配置支撑/留痕,P028_S11,P028.stage.11.completed,节点结果、附件、状态事件、通知与审计记录
P029,调岗闭环,技术后台端,1,S01,申请,主办/填写,监督/协同,配置支撑/留痕,P029_S01,P029.stage.01.completed,节点结果、附件、状态事件、通知与审计记录
P029,调岗闭环,技术后台端,2,S02,编制与资格校验,查看/配合,主办/决策,配置支撑/留痕,P029_S02,P029.stage.02.completed,节点结果、附件、状态事件、通知与审计记录
P029,调岗闭环,技术后台端,3,S03,薪酬合同影响分析,查看/配合,监督/协同,配置支撑/留痕,P029_S03,P029.stage.03.completed,节点结果、附件、状态事件、通知与审计记录
P029,调岗闭环,技术后台端,4,S04,审批,查看/配合,主办/决策,配置支撑/留痕,P029_S04,P029.stage.04.completed,节点结果、附件、状态事件、通知与审计记录
P029,调岗闭环,技术后台端,5,S05,交接,主办/填写,监督/协同,配置支撑/留痕,P029_S05,P029.stage.05.completed,节点结果、附件、状态事件、通知与审计记录
P029,调岗闭环,技术后台端,6,S06,生效,查看/配合,监督/协同,配置支撑/留痕,P029_S06,P029.stage.06.completed,节点结果、附件、状态事件、通知与审计记录
P029,调岗闭环,技术后台端,7,S07,权限考勤学习绩效切换,主办/填写,监督/协同,系统自动/技术保障,P029_S07,P029.stage.07.completed,节点结果、附件、状态事件、通知与审计记录
P029,调岗闭环,技术后台端,8,S08,补偿,查看/配合,监督/协同,配置支撑/留痕,P029_S08,P029.stage.08.completed,节点结果、附件、状态事件、通知与审计记录
P029,调岗闭环,技术后台端,9,S09,归档,查看/配合,主办/决策,配置支撑/留痕,P029_S09,P029.stage.09.completed,节点结果、附件、状态事件、通知与审计记录
P030,离职闭环,技术后台端,1,S01,申请或公司发起,主办/填写,监督/协同,配置支撑/留痕,P030_S01,P030.stage.01.completed,节点结果、附件、状态事件、通知与审计记录
P030,离职闭环,技术后台端,2,S02,审批,查看/配合,主办/决策,配置支撑/留痕,P030_S02,P030.stage.02.completed,节点结果、附件、状态事件、通知与审计记录
P030,离职闭环,技术后台端,3,S03,交接计划,主办/填写,主办/决策,配置支撑/留痕,P030_S03,P030.stage.03.completed,节点结果、附件、状态事件、通知与审计记录
P030,离职闭环,技术后台端,4,S04,业务与资产移交,查看/配合,监督/协同,配置支撑/留痕,P030_S04,P030.stage.04.completed,节点结果、附件、状态事件、通知与审计记录
P030,离职闭环,技术后台端,5,S05,权限回收,查看/配合,监督/协同,系统自动/技术保障,P030_S05,P030.stage.05.completed,节点结果、附件、状态事件、通知与审计记录
P030,离职闭环,技术后台端,6,S06,有效离职时点确认,主办/填写,主办/决策,配置支撑/留痕,P030_S06,P030.stage.06.completed,节点结果、附件、状态事件、通知与审计记录
P030,离职闭环,技术后台端,7,S07,财务结算或转独立义务,查看/配合,监督/协同,配置支撑/留痕,P030_S07,P030.stage.07.completed,节点结果、附件、状态事件、通知与审计记录
P030,离职闭环,技术后台端,8,S08,证明,查看/配合,监督/协同,配置支撑/留痕,P030_S08,P030.stage.08.completed,节点结果、附件、状态事件、通知与审计记录
P030,离职闭环,技术后台端,9,S09,归档,查看/配合,主办/决策,配置支撑/留痕,P030_S09,P030.stage.09.completed,节点结果、附件、状态事件、通知与审计记录
P031,归档接收,技术后台端,1,S01,业务模块生成归档包,查看/配合,主办/决策,系统自动/技术保障,P031_S01,P031.stage.01.completed,节点结果、附件、状态事件、通知与审计记录
P031,归档接收,技术后台端,2,S02,提交移交,查看/配合,监督/协同,配置支撑/留痕,P031_S02,P031.stage.02.completed,节点结果、附件、状态事件、通知与审计记录
P031,归档接收,技术后台端,3,S03,格式与完整性校验,查看/配合,主办/决策,配置支撑/留痕,P031_S03,P031.stage.03.completed,节点结果、附件、状态事件、通知与审计记录
P031,归档接收,技术后台端,4,S04,缺件退回,查看/配合,监督/协同,配置支撑/留痕,P031_S04,P031.stage.04.completed,节点结果、附件、状态事件、通知与审计记录
P031,归档接收,技术后台端,5,S05,档案编号,查看/配合,监督/协同,配置支撑/留痕,P031_S05,P031.stage.05.completed,节点结果、附件、状态事件、通知与审计记录
P031,归档接收,技术后台端,6,S06,实体或电子入库,查看/配合,监督/协同,配置支撑/留痕,P031_S06,P031.stage.06.completed,节点结果、附件、状态事件、通知与审计记录
P031,归档接收,技术后台端,7,S07,接收回执,查看/配合,监督/协同,配置支撑/留痕,P031_S07,P031.stage.07.completed,节点结果、附件、状态事件、通知与审计记录
P031,归档接收,技术后台端,8,S08,冻结,查看/配合,监督/协同,配置支撑/留痕,P031_S08,P031.stage.08.completed,节点结果、附件、状态事件、通知与审计记录
P032,借阅归还,技术后台端,1,S01,申请,主办/填写,监督/协同,配置支撑/留痕,P032_S01,P032.stage.01.completed,节点结果、附件、状态事件、通知与审计记录
P032,借阅归还,技术后台端,2,S02,范围与用途审批,查看/配合,主办/决策,配置支撑/留痕,P032_S02,P032.stage.02.completed,节点结果、附件、状态事件、通知与审计记录
P032,借阅归还,技术后台端,3,S03,档案出库或授权,查看/配合,监督/协同,配置支撑/留痕,P032_S03,P032.stage.03.completed,节点结果、附件、状态事件、通知与审计记录
P032,借阅归还,技术后台端,4,S04,使用留痕,主办/填写,监督/协同,配置支撑/留痕,P032_S04,P032.stage.04.completed,节点结果、附件、状态事件、通知与审计记录
P032,借阅归还,技术后台端,5,S05,到期提醒,查看/配合,监督/协同,配置支撑/留痕,P032_S05,P032.stage.05.completed,节点结果、附件、状态事件、通知与审计记录
P032,借阅归还,技术后台端,6,S06,归还验收,主办/填写,主办/决策,配置支撑/留痕,P032_S06,P032.stage.06.completed,节点结果、附件、状态事件、通知与审计记录
P032,借阅归还,技术后台端,7,S07,状态恢复,查看/配合,监督/协同,配置支撑/留痕,P032_S07,P032.stage.07.completed,节点结果、附件、状态事件、通知与审计记录
P032,借阅归还,技术后台端,8,S08,归档,查看/配合,主办/决策,配置支撑/留痕,P032_S08,P032.stage.08.completed,节点结果、附件、状态事件、通知与审计记录
P033,销毁鉴定,技术后台端,1,S01,到期扫描,查看/配合,监督/协同,配置支撑/留痕,P033_S01,P033.stage.01.completed,节点结果、附件、状态事件、通知与审计记录
P033,销毁鉴定,技术后台端,2,S02,鉴定清单,查看/配合,主办/决策,配置支撑/留痕,P033_S02,P033.stage.02.completed,节点结果、附件、状态事件、通知与审计记录
P033,销毁鉴定,技术后台端,3,S03,业务与法务会签,查看/配合,监督/协同,配置支撑/留痕,P033_S03,P033.stage.03.completed,节点结果、附件、状态事件、通知与审计记录
P033,销毁鉴定,技术后台端,4,S04,有权审批,查看/配合,主办/决策,配置支撑/留痕,P033_S04,P033.stage.04.completed,节点结果、附件、状态事件、通知与审计记录
P033,销毁鉴定,技术后台端,5,S05,销毁执行,主办/填写,监督/协同,配置支撑/留痕,P033_S05,P033.stage.05.completed,节点结果、附件、状态事件、通知与审计记录
P033,销毁鉴定,技术后台端,6,S06,双人见证,查看/配合,监督/协同,配置支撑/留痕,P033_S06,P033.stage.06.completed,节点结果、附件、状态事件、通知与审计记录
P033,销毁鉴定,技术后台端,7,S07,证明归档,查看/配合,主办/决策,配置支撑/留痕,P033_S07,P033.stage.07.completed,节点结果、附件、状态事件、通知与审计记录
P034,标准采购,技术后台端,1,S01,需求申请,主办/填写,监督/协同,配置支撑/留痕,P034_S01,P034.stage.01.completed,节点结果、附件、状态事件、通知与审计记录
P034,标准采购,技术后台端,2,S02,库存核查,查看/配合,监督/协同,配置支撑/留痕,P034_S02,P034.stage.02.completed,节点结果、附件、状态事件、通知与审计记录
P034,标准采购,技术后台端,3,S03,预算校验,查看/配合,主办/决策,配置支撑/留痕,P034_S03,P034.stage.03.completed,节点结果、附件、状态事件、通知与审计记录
P034,标准采购,技术后台端,4,S04,采购审批,查看/配合,主办/决策,配置支撑/留痕,P034_S04,P034.stage.04.completed,节点结果、附件、状态事件、通知与审计记录
P034,标准采购,技术后台端,5,S05,询比价,查看/配合,监督/协同,配置支撑/留痕,P034_S05,P034.stage.05.completed,节点结果、附件、状态事件、通知与审计记录
P034,标准采购,技术后台端,6,S06,定标,查看/配合,主办/决策,配置支撑/留痕,P034_S06,P034.stage.06.completed,节点结果、附件、状态事件、通知与审计记录
P034,标准采购,技术后台端,7,S07,订单,查看/配合,监督/协同,配置支撑/留痕,P034_S07,P034.stage.07.completed,节点结果、附件、状态事件、通知与审计记录
P034,标准采购,技术后台端,8,S08,到货,查看/配合,监督/协同,配置支撑/留痕,P034_S08,P034.stage.08.completed,节点结果、附件、状态事件、通知与审计记录
P034,标准采购,技术后台端,9,S09,专业验收,查看/配合,主办/决策,配置支撑/留痕,P034_S09,P034.stage.09.completed,节点结果、附件、状态事件、通知与审计记录
P034,标准采购,技术后台端,10,S10,入库,查看/配合,监督/协同,配置支撑/留痕,P034_S10,P034.stage.10.completed,节点结果、附件、状态事件、通知与审计记录
P034,标准采购,技术后台端,11,S11,对账,查看/配合,主办/决策,配置支撑/留痕,P034_S11,P034.stage.11.completed,节点结果、附件、状态事件、通知与审计记录
P034,标准采购,技术后台端,12,S12,归档,查看/配合,主办/决策,配置支撑/留痕,P034_S12,P034.stage.12.completed,节点结果、附件、状态事件、通知与审计记录
P035,紧急采购,技术后台端,1,S01,紧急原因登记,主办/填写,监督/协同,配置支撑/留痕,P035_S01,P035.stage.01.completed,节点结果、附件、状态事件、通知与审计记录
P035,紧急采购,技术后台端,2,S02,授权审批,查看/配合,主办/决策,配置支撑/留痕,P035_S02,P035.stage.02.completed,节点结果、附件、状态事件、通知与审计记录
P035,紧急采购,技术后台端,3,S03,限额采购,查看/配合,监督/协同,配置支撑/留痕,P035_S03,P035.stage.03.completed,节点结果、附件、状态事件、通知与审计记录
P035,紧急采购,技术后台端,4,S04,到货验收,查看/配合,主办/决策,配置支撑/留痕,P035_S04,P035.stage.04.completed,节点结果、附件、状态事件、通知与审计记录
P035,紧急采购,技术后台端,5,S05,事后补充材料,查看/配合,监督/协同,配置支撑/留痕,P035_S05,P035.stage.05.completed,节点结果、附件、状态事件、通知与审计记录
P035,紧急采购,技术后台端,6,S06,财务复核,查看/配合,主办/决策,配置支撑/留痕,P035_S06,P035.stage.06.completed,节点结果、附件、状态事件、通知与审计记录
P035,紧急采购,技术后台端,7,S07,专项审计,查看/配合,监督/协同,系统自动/技术保障,P035_S07,P035.stage.07.completed,节点结果、附件、状态事件、通知与审计记录
P036,退换货,技术后台端,1,S01,验收不合格,查看/配合,主办/决策,配置支撑/留痕,P036_S01,P036.stage.01.completed,节点结果、附件、状态事件、通知与审计记录
P036,退换货,技术后台端,2,S02,隔离,查看/配合,监督/协同,配置支撑/留痕,P036_S02,P036.stage.02.completed,节点结果、附件、状态事件、通知与审计记录
P036,退换货,技术后台端,3,S03,责任确认,主办/填写,主办/决策,配置支撑/留痕,P036_S03,P036.stage.03.completed,节点结果、附件、状态事件、通知与审计记录
P036,退换货,技术后台端,4,S04,退换货审批,查看/配合,主办/决策,配置支撑/留痕,P036_S04,P036.stage.04.completed,节点结果、附件、状态事件、通知与审计记录
P036,退换货,技术后台端,5,S05,供应商处理,查看/配合,主办/决策,配置支撑/留痕,P036_S05,P036.stage.05.completed,节点结果、附件、状态事件、通知与审计记录
P036,退换货,技术后台端,6,S06,重新验收或退款,查看/配合,主办/决策,配置支撑/留痕,P036_S06,P036.stage.06.completed,节点结果、附件、状态事件、通知与审计记录
P036,退换货,技术后台端,7,S07,库存财务回写,查看/配合,监督/协同,系统自动/技术保障,P036_S07,P036.stage.07.completed,节点结果、附件、状态事件、通知与审计记录
P037,售检票闭环,技术后台端,1,S01,创建订单,查看/配合,监督/协同,配置支撑/留痕,P037_S01,P037.stage.01.completed,节点结果、附件、状态事件、通知与审计记录
P037,售检票闭环,技术后台端,2,S02,价格规则校验,查看/配合,主办/决策,配置支撑/留痕,P037_S02,P037.stage.02.completed,节点结果、附件、状态事件、通知与审计记录
P037,售检票闭环,技术后台端,3,S03,支付,查看/配合,监督/协同,配置支撑/留痕,P037_S03,P037.stage.03.completed,节点结果、附件、状态事件、通知与审计记录
P037,售检票闭环,技术后台端,4,S04,出票,查看/配合,监督/协同,配置支撑/留痕,P037_S04,P037.stage.04.completed,节点结果、附件、状态事件、通知与审计记录
P037,售检票闭环,技术后台端,5,S05,入园核验,查看/配合,主办/决策,配置支撑/留痕,P037_S05,P037.stage.05.completed,节点结果、附件、状态事件、通知与审计记录
P037,售检票闭环,技术后台端,6,S06,核销,主办/填写,监督/协同,配置支撑/留痕,P037_S06,P037.stage.06.completed,节点结果、附件、状态事件、通知与审计记录
P037,售检票闭环,技术后台端,7,S07,异常处理,查看/配合,主办/决策,配置支撑/留痕,P037_S07,P037.stage.07.completed,节点结果、附件、状态事件、通知与审计记录
P037,售检票闭环,技术后台端,8,S08,日结对账,查看/配合,主办/决策,配置支撑/留痕,P037_S08,P037.stage.08.completed,节点结果、附件、状态事件、通知与审计记录
P038,退款改签,技术后台端,1,S01,申请,主办/填写,监督/协同,配置支撑/留痕,P038_S01,P038.stage.01.completed,节点结果、附件、状态事件、通知与审计记录
P038,退款改签,技术后台端,2,S02,规则校验,查看/配合,主办/决策,配置支撑/留痕,P038_S02,P038.stage.02.completed,节点结果、附件、状态事件、通知与审计记录
P038,退款改签,技术后台端,3,S03,审批或自动判断,查看/配合,主办/决策,系统自动/技术保障,P038_S03,P038.stage.03.completed,节点结果、附件、状态事件、通知与审计记录
P038,退款改签,技术后台端,4,S04,票码冻结,查看/配合,监督/协同,配置支撑/留痕,P038_S04,P038.stage.04.completed,节点结果、附件、状态事件、通知与审计记录
P038,退款改签,技术后台端,5,S05,退款/改签执行,主办/填写,监督/协同,配置支撑/留痕,P038_S05,P038.stage.05.completed,节点结果、附件、状态事件、通知与审计记录
P038,退款改签,技术后台端,6,S06,支付回执,查看/配合,监督/协同,配置支撑/留痕,P038_S06,P038.stage.06.completed,节点结果、附件、状态事件、通知与审计记录
P038,退款改签,技术后台端,7,S07,票务与财务冲销,查看/配合,监督/协同,配置支撑/留痕,P038_S07,P038.stage.07.completed,节点结果、附件、状态事件、通知与审计记录
P039,离线检票,技术后台端,1,S01,设备离线,查看/配合,监督/协同,系统自动/技术保障,P039_S01,P039.stage.01.completed,节点结果、附件、状态事件、通知与审计记录
P039,离线检票,技术后台端,2,S02,本地白名单核验,查看/配合,主办/决策,配置支撑/留痕,P039_S02,P039.stage.02.completed,节点结果、附件、状态事件、通知与审计记录
P039,离线检票,技术后台端,3,S03,离线记录,查看/配合,监督/协同,系统自动/技术保障,P039_S03,P039.stage.03.completed,节点结果、附件、状态事件、通知与审计记录
P039,离线检票,技术后台端,4,S04,网络恢复,查看/配合,监督/协同,系统自动/技术保障,P039_S04,P039.stage.04.completed,节点结果、附件、状态事件、通知与审计记录
P039,离线检票,技术后台端,5,S05,批量回传,查看/配合,监督/协同,配置支撑/留痕,P039_S05,P039.stage.05.completed,节点结果、附件、状态事件、通知与审计记录
P039,离线检票,技术后台端,6,S06,防重合并,查看/配合,监督/协同,系统自动/技术保障,P039_S06,P039.stage.06.completed,节点结果、附件、状态事件、通知与审计记录
P039,离线检票,技术后台端,7,S07,差异处理,查看/配合,主办/决策,配置支撑/留痕,P039_S07,P039.stage.07.completed,节点结果、附件、状态事件、通知与审计记录
P040,商机推进,技术后台端,1,S01,线索录入,查看/配合,监督/协同,配置支撑/留痕,P040_S01,P040.stage.01.completed,节点结果、附件、状态事件、通知与审计记录
P040,商机推进,技术后台端,2,S02,查重与归属,查看/配合,监督/协同,配置支撑/留痕,P040_S02,P040.stage.02.completed,节点结果、附件、状态事件、通知与审计记录
P040,商机推进,技术后台端,3,S03,初步评估,查看/配合,监督/协同,配置支撑/留痕,P040_S03,P040.stage.03.completed,节点结果、附件、状态事件、通知与审计记录
P040,商机推进,技术后台端,4,S04,客户沟通,主办/填写,监督/协同,配置支撑/留痕,P040_S04,P040.stage.04.completed,节点结果、附件、状态事件、通知与审计记录
P040,商机推进,技术后台端,5,S05,方案与报价,查看/配合,监督/协同,配置支撑/留痕,P040_S05,P040.stage.05.completed,节点结果、附件、状态事件、通知与审计记录
P040,商机推进,技术后台端,6,S06,商务审批,查看/配合,主办/决策,配置支撑/留痕,P040_S06,P040.stage.06.completed,节点结果、附件、状态事件、通知与审计记录
P040,商机推进,技术后台端,7,S07,合同协同,查看/配合,监督/协同,配置支撑/留痕,P040_S07,P040.stage.07.completed,节点结果、附件、状态事件、通知与审计记录
P040,商机推进,技术后台端,8,S08,交付移交,查看/配合,监督/协同,配置支撑/留痕,P040_S08,P040.stage.08.completed,节点结果、附件、状态事件、通知与审计记录
P040,商机推进,技术后台端,9,S09,回款跟踪,查看/配合,监督/协同,配置支撑/留痕,P040_S09,P040.stage.09.completed,节点结果、附件、状态事件、通知与审计记录
P040,商机推进,技术后台端,10,S10,复盘,查看/配合,主办/决策,配置支撑/留痕,P040_S10,P040.stage.10.completed,节点结果、附件、状态事件、通知与审计记录
P041,市场活动,技术后台端,1,S01,活动立项,查看/配合,监督/协同,配置支撑/留痕,P041_S01,P041.stage.01.completed,节点结果、附件、状态事件、通知与审计记录
P041,市场活动,技术后台端,2,S02,目标与预算,查看/配合,监督/协同,配置支撑/留痕,P041_S02,P041.stage.02.completed,节点结果、附件、状态事件、通知与审计记录
P041,市场活动,技术后台端,3,S03,企划协同,查看/配合,监督/协同,配置支撑/留痕,P041_S03,P041.stage.03.completed,节点结果、附件、状态事件、通知与审计记录
P041,市场活动,技术后台端,4,S04,新媒体发布,查看/配合,主办/决策,配置支撑/留痕,P041_S04,P041.stage.04.completed,节点结果、附件、状态事件、通知与审计记录
P041,市场活动,技术后台端,5,S05,行政资源,查看/配合,主办/决策,配置支撑/留痕,P041_S05,P041.stage.05.completed,节点结果、附件、状态事件、通知与审计记录
P041,市场活动,技术后台端,6,S06,现场执行,主办/填写,监督/协同,配置支撑/留痕,P041_S06,P041.stage.06.completed,节点结果、附件、状态事件、通知与审计记录
P041,市场活动,技术后台端,7,S07,线索回收,查看/配合,监督/协同,配置支撑/留痕,P041_S07,P041.stage.07.completed,节点结果、附件、状态事件、通知与审计记录
P041,市场活动,技术后台端,8,S08,费用对账,查看/配合,主办/决策,配置支撑/留痕,P041_S08,P041.stage.08.completed,节点结果、附件、状态事件、通知与审计记录
P041,市场活动,技术后台端,9,S09,效果复盘,查看/配合,主办/决策,配置支撑/留痕,P041_S09,P041.stage.09.completed,节点结果、附件、状态事件、通知与审计记录
P042,渠道准入,技术后台端,1,S01,渠道申请,主办/填写,监督/协同,配置支撑/留痕,P042_S01,P042.stage.01.completed,节点结果、附件、状态事件、通知与审计记录
P042,渠道准入,技术后台端,2,S02,资质核验,查看/配合,主办/决策,配置支撑/留痕,P042_S02,P042.stage.02.completed,节点结果、附件、状态事件、通知与审计记录
P042,渠道准入,技术后台端,3,S03,风险评估,查看/配合,监督/协同,配置支撑/留痕,P042_S03,P042.stage.03.completed,节点结果、附件、状态事件、通知与审计记录
P042,渠道准入,技术后台端,4,S04,合作审批,查看/配合,主办/决策,配置支撑/留痕,P042_S04,P042.stage.04.completed,节点结果、附件、状态事件、通知与审计记录
P042,渠道准入,技术后台端,5,S05,合同签署,查看/配合,监督/协同,配置支撑/留痕,P042_S05,P042.stage.05.completed,节点结果、附件、状态事件、通知与审计记录
P042,渠道准入,技术后台端,6,S06,账号与价格权限,查看/配合,监督/协同,系统自动/技术保障,P042_S06,P042.stage.06.completed,节点结果、附件、状态事件、通知与审计记录
P042,渠道准入,技术后台端,7,S07,观察期,查看/配合,监督/协同,配置支撑/留痕,P042_S07,P042.stage.07.completed,节点结果、附件、状态事件、通知与审计记录
P042,渠道准入,技术后台端,8,S08,正式评级,查看/配合,监督/协同,配置支撑/留痕,P042_S08,P042.stage.08.completed,节点结果、附件、状态事件、通知与审计记录
P043,课程产品上线,技术后台端,1,S01,需求调研,查看/配合,监督/协同,配置支撑/留痕,P043_S01,P043.stage.01.completed,节点结果、附件、状态事件、通知与审计记录
P043,课程产品上线,技术后台端,2,S02,课程设计,查看/配合,监督/协同,配置支撑/留痕,P043_S02,P043.stage.02.completed,节点结果、附件、状态事件、通知与审计记录
P043,课程产品上线,技术后台端,3,S03,内容与安全评审,查看/配合,主办/决策,配置支撑/留痕,P043_S03,P043.stage.03.completed,节点结果、附件、状态事件、通知与审计记录
P043,课程产品上线,技术后台端,4,S04,成本定价,查看/配合,监督/协同,配置支撑/留痕,P043_S04,P043.stage.04.completed,节点结果、附件、状态事件、通知与审计记录
P043,课程产品上线,技术后台端,5,S05,试讲,查看/配合,监督/协同,配置支撑/留痕,P043_S05,P043.stage.05.completed,节点结果、附件、状态事件、通知与审计记录
P043,课程产品上线,技术后台端,6,S06,版本批准,查看/配合,主办/决策,配置支撑/留痕,P043_S06,P043.stage.06.completed,节点结果、附件、状态事件、通知与审计记录
P043,课程产品上线,技术后台端,7,S07,发布,查看/配合,主办/决策,配置支撑/留痕,P043_S07,P043.stage.07.completed,节点结果、附件、状态事件、通知与审计记录
P043,课程产品上线,技术后台端,8,S08,复审,查看/配合,监督/协同,配置支撑/留痕,P043_S08,P043.stage.08.completed,节点结果、附件、状态事件、通知与审计记录
P044,研学团队交付,技术后台端,1,S01,订单确认,主办/填写,主办/决策,配置支撑/留痕,P044_S01,P044.stage.01.completed,节点结果、附件、状态事件、通知与审计记录
P044,研学团队交付,技术后台端,2,S02,团队与需求核验,查看/配合,主办/决策,配置支撑/留痕,P044_S02,P044.stage.02.completed,节点结果、附件、状态事件、通知与审计记录
P044,研学团队交付,技术后台端,3,S03,排课,查看/配合,监督/协同,配置支撑/留痕,P044_S03,P044.stage.03.completed,节点结果、附件、状态事件、通知与审计记录
P044,研学团队交付,技术后台端,4,S04,资源子单,查看/配合,主办/决策,配置支撑/留痕,P044_S04,P044.stage.04.completed,节点结果、附件、状态事件、通知与审计记录
P044,研学团队交付,技术后台端,5,S05,行前确认,主办/填写,主办/决策,配置支撑/留痕,P044_S05,P044.stage.05.completed,节点结果、附件、状态事件、通知与审计记录
P044,研学团队交付,技术后台端,6,S06,签到,查看/配合,监督/协同,配置支撑/留痕,P044_S06,P044.stage.06.completed,节点结果、附件、状态事件、通知与审计记录
P044,研学团队交付,技术后台端,7,S07,教学与实操,查看/配合,监督/协同,配置支撑/留痕,P044_S07,P044.stage.07.completed,节点结果、附件、状态事件、通知与审计记录
P044,研学团队交付,技术后台端,8,S08,异常处理,查看/配合,主办/决策,配置支撑/留痕,P044_S08,P044.stage.08.completed,节点结果、附件、状态事件、通知与审计记录
P044,研学团队交付,技术后台端,9,S09,评价,主办/填写,监督/协同,配置支撑/留痕,P044_S09,P044.stage.09.completed,节点结果、附件、状态事件、通知与审计记录
P044,研学团队交付,技术后台端,10,S10,结算归档,查看/配合,主办/决策,配置支撑/留痕,P044_S10,P044.stage.10.completed,节点结果、附件、状态事件、通知与审计记录
P045,讲师排课,技术后台端,1,S01,课程需求,查看/配合,监督/协同,配置支撑/留痕,P045_S01,P045.stage.01.completed,节点结果、附件、状态事件、通知与审计记录
P045,讲师排课,技术后台端,2,S02,资格校验,查看/配合,主办/决策,配置支撑/留痕,P045_S02,P045.stage.02.completed,节点结果、附件、状态事件、通知与审计记录
P045,讲师排课,技术后台端,3,S03,可用时间,查看/配合,监督/协同,配置支撑/留痕,P045_S03,P045.stage.03.completed,节点结果、附件、状态事件、通知与审计记录
P045,讲师排课,技术后台端,4,S04,排课锁定,查看/配合,主办/决策,配置支撑/留痕,P045_S04,P045.stage.04.completed,节点结果、附件、状态事件、通知与审计记录
P045,讲师排课,技术后台端,5,S05,讲师确认,主办/填写,主办/决策,配置支撑/留痕,P045_S05,P045.stage.05.completed,节点结果、附件、状态事件、通知与审计记录
P045,讲师排课,技术后台端,6,S06,替补预案,查看/配合,监督/协同,配置支撑/留痕,P045_S06,P045.stage.06.completed,节点结果、附件、状态事件、通知与审计记录
P045,讲师排课,技术后台端,7,S07,授课记录,查看/配合,监督/协同,配置支撑/留痕,P045_S07,P045.stage.07.completed,节点结果、附件、状态事件、通知与审计记录
P045,讲师排课,技术后台端,8,S08,评价回写,主办/填写,监督/协同,系统自动/技术保障,P045_S08,P045.stage.08.completed,节点结果、附件、状态事件、通知与审计记录
P046,通知执行,技术后台端,1,S01,起草,查看/配合,监督/协同,配置支撑/留痕,P046_S01,P046.stage.01.completed,节点结果、附件、状态事件、通知与审计记录
P046,通知执行,技术后台端,2,S02,审核,查看/配合,主办/决策,配置支撑/留痕,P046_S02,P046.stage.02.completed,节点结果、附件、状态事件、通知与审计记录
P046,通知执行,技术后台端,3,S03,发布,查看/配合,主办/决策,配置支撑/留痕,P046_S03,P046.stage.03.completed,节点结果、附件、状态事件、通知与审计记录
P046,通知执行,技术后台端,4,S04,送达,查看/配合,监督/协同,配置支撑/留痕,P046_S04,P046.stage.04.completed,节点结果、附件、状态事件、通知与审计记录
P046,通知执行,技术后台端,5,S05,阅读/确认,主办/填写,主办/决策,配置支撑/留痕,P046_S05,P046.stage.05.completed,节点结果、附件、状态事件、通知与审计记录
P046,通知执行,技术后台端,6,S06,执行反馈,主办/填写,监督/协同,配置支撑/留痕,P046_S06,P046.stage.06.completed,节点结果、附件、状态事件、通知与审计记录
P046,通知执行,技术后台端,7,S07,责任人验收,查看/配合,主办/决策,配置支撑/留痕,P046_S07,P046.stage.07.completed,节点结果、附件、状态事件、通知与审计记录
P046,通知执行,技术后台端,8,S08,归档,查看/配合,主办/决策,配置支撑/留痕,P046_S08,P046.stage.08.completed,节点结果、附件、状态事件、通知与审计记录
P047,正式公文,技术后台端,1,S01,起草,查看/配合,监督/协同,配置支撑/留痕,P047_S01,P047.stage.01.completed,节点结果、附件、状态事件、通知与审计记录
P047,正式公文,技术后台端,2,S02,专业审核,查看/配合,主办/决策,配置支撑/留痕,P047_S02,P047.stage.02.completed,节点结果、附件、状态事件、通知与审计记录
P047,正式公文,技术后台端,3,S03,会签,查看/配合,监督/协同,配置支撑/留痕,P047_S03,P047.stage.03.completed,节点结果、附件、状态事件、通知与审计记录
P047,正式公文,技术后台端,4,S04,签发,查看/配合,主办/决策,配置支撑/留痕,P047_S04,P047.stage.04.completed,节点结果、附件、状态事件、通知与审计记录
P047,正式公文,技术后台端,5,S05,编号,查看/配合,监督/协同,配置支撑/留痕,P047_S05,P047.stage.05.completed,节点结果、附件、状态事件、通知与审计记录
P047,正式公文,技术后台端,6,S06,盖章,查看/配合,监督/协同,配置支撑/留痕,P047_S06,P047.stage.06.completed,节点结果、附件、状态事件、通知与审计记录
P047,正式公文,技术后台端,7,S07,分发,查看/配合,监督/协同,配置支撑/留痕,P047_S07,P047.stage.07.completed,节点结果、附件、状态事件、通知与审计记录
P047,正式公文,技术后台端,8,S08,回执,查看/配合,监督/协同,配置支撑/留痕,P047_S08,P047.stage.08.completed,节点结果、附件、状态事件、通知与审计记录
P047,正式公文,技术后台端,9,S09,移交档案,查看/配合,监督/协同,配置支撑/留痕,P047_S09,P047.stage.09.completed,节点结果、附件、状态事件、通知与审计记录
P048,会议行动,技术后台端,1,S01,议题征集,查看/配合,监督/协同,配置支撑/留痕,P048_S01,P048.stage.01.completed,节点结果、附件、状态事件、通知与审计记录
P048,会议行动,技术后台端,2,S02,材料检查,查看/配合,监督/协同,配置支撑/留痕,P048_S02,P048.stage.02.completed,节点结果、附件、状态事件、通知与审计记录
P048,会议行动,技术后台端,3,S03,会议发布,查看/配合,主办/决策,配置支撑/留痕,P048_S03,P048.stage.03.completed,节点结果、附件、状态事件、通知与审计记录
P048,会议行动,技术后台端,4,S04,签到,查看/配合,监督/协同,配置支撑/留痕,P048_S04,P048.stage.04.completed,节点结果、附件、状态事件、通知与审计记录
P048,会议行动,技术后台端,5,S05,召开,查看/配合,监督/协同,配置支撑/留痕,P048_S05,P048.stage.05.completed,节点结果、附件、状态事件、通知与审计记录
P048,会议行动,技术后台端,6,S06,纪要确认,主办/填写,主办/决策,配置支撑/留痕,P048_S06,P048.stage.06.completed,节点结果、附件、状态事件、通知与审计记录
P048,会议行动,技术后台端,7,S07,行动项,查看/配合,监督/协同,配置支撑/留痕,P048_S07,P048.stage.07.completed,节点结果、附件、状态事件、通知与审计记录
P048,会议行动,技术后台端,8,S08,执行,主办/填写,监督/协同,配置支撑/留痕,P048_S08,P048.stage.08.completed,节点结果、附件、状态事件、通知与审计记录
P048,会议行动,技术后台端,9,S09,验收,查看/配合,主办/决策,配置支撑/留痕,P048_S09,P048.stage.09.completed,节点结果、附件、状态事件、通知与审计记录
P048,会议行动,技术后台端,10,S10,归档,查看/配合,主办/决策,配置支撑/留痕,P048_S10,P048.stage.10.completed,节点结果、附件、状态事件、通知与审计记录
P049,大型活动,技术后台端,1,S01,立项,查看/配合,监督/协同,配置支撑/留痕,P049_S01,P049.stage.01.completed,节点结果、附件、状态事件、通知与审计记录
P049,大型活动,技术后台端,2,S02,项目组织,查看/配合,监督/协同,配置支撑/留痕,P049_S02,P049.stage.02.completed,节点结果、附件、状态事件、通知与审计记录
P049,大型活动,技术后台端,3,S03,唯一任务清单,查看/配合,监督/协同,配置支撑/留痕,P049_S03,P049.stage.03.completed,节点结果、附件、状态事件、通知与审计记录
P049,大型活动,技术后台端,4,S04,资源子单,查看/配合,主办/决策,配置支撑/留痕,P049_S04,P049.stage.04.completed,节点结果、附件、状态事件、通知与审计记录
P049,大型活动,技术后台端,5,S05,变更控制,查看/配合,监督/协同,配置支撑/留痕,P049_S05,P049.stage.05.completed,节点结果、附件、状态事件、通知与审计记录
P049,大型活动,技术后台端,6,S06,现场执行,主办/填写,监督/协同,配置支撑/留痕,P049_S06,P049.stage.06.completed,节点结果、附件、状态事件、通知与审计记录
P049,大型活动,技术后台端,7,S07,撤场清点,查看/配合,监督/协同,配置支撑/留痕,P049_S07,P049.stage.07.completed,节点结果、附件、状态事件、通知与审计记录
P049,大型活动,技术后台端,8,S08,复盘整改,查看/配合,主办/决策,配置支撑/留痕,P049_S08,P049.stage.08.completed,节点结果、附件、状态事件、通知与审计记录
P050,入库,技术后台端,1,S01,到货,查看/配合,监督/协同,配置支撑/留痕,P050_S01,P050.stage.01.completed,节点结果、附件、状态事件、通知与审计记录
P050,入库,技术后台端,2,S02,数量外观初验,查看/配合,监督/协同,配置支撑/留痕,P050_S02,P050.stage.02.completed,节点结果、附件、状态事件、通知与审计记录
P050,入库,技术后台端,3,S03,专业验收,查看/配合,主办/决策,配置支撑/留痕,P050_S03,P050.stage.03.completed,节点结果、附件、状态事件、通知与审计记录
P050,入库,技术后台端,4,S04,不合格隔离,查看/配合,监督/协同,配置支撑/留痕,P050_S04,P050.stage.04.completed,节点结果、附件、状态事件、通知与审计记录
P050,入库,技术后台端,5,S05,批次或资产编码,查看/配合,监督/协同,配置支撑/留痕,P050_S05,P050.stage.05.completed,节点结果、附件、状态事件、通知与审计记录
P050,入库,技术后台端,6,S06,上架,查看/配合,监督/协同,配置支撑/留痕,P050_S06,P050.stage.06.completed,节点结果、附件、状态事件、通知与审计记录
P050,入库,技术后台端,7,S07,库存流水,查看/配合,监督/协同,配置支撑/留痕,P050_S07,P050.stage.07.completed,节点结果、附件、状态事件、通知与审计记录
P050,入库,技术后台端,8,S08,归档,查看/配合,主办/决策,配置支撑/留痕,P050_S08,P050.stage.08.completed,节点结果、附件、状态事件、通知与审计记录
P051,领借调还,技术后台端,1,S01,申请,主办/填写,监督/协同,配置支撑/留痕,P051_S01,P051.stage.01.completed,节点结果、附件、状态事件、通知与审计记录
P051,领借调还,技术后台端,2,S02,审批,查看/配合,主办/决策,配置支撑/留痕,P051_S02,P051.stage.02.completed,节点结果、附件、状态事件、通知与审计记录
P051,领借调还,技术后台端,3,S03,可用性锁定,查看/配合,主办/决策,配置支撑/留痕,P051_S03,P051.stage.03.completed,节点结果、附件、状态事件、通知与审计记录
P051,领借调还,技术后台端,4,S04,出库/交付,查看/配合,监督/协同,配置支撑/留痕,P051_S04,P051.stage.04.completed,节点结果、附件、状态事件、通知与审计记录
P051,领借调还,技术后台端,5,S05,责任签收,主办/填写,监督/协同,配置支撑/留痕,P051_S05,P051.stage.05.completed,节点结果、附件、状态事件、通知与审计记录
P051,领借调还,技术后台端,6,S06,使用,主办/填写,监督/协同,配置支撑/留痕,P051_S06,P051.stage.06.completed,节点结果、附件、状态事件、通知与审计记录
P051,领借调还,技术后台端,7,S07,归还或调拨,主办/填写,监督/协同,配置支撑/留痕,P051_S07,P051.stage.07.completed,节点结果、附件、状态事件、通知与审计记录
P051,领借调还,技术后台端,8,S08,状态验收,查看/配合,主办/决策,配置支撑/留痕,P051_S08,P051.stage.08.completed,节点结果、附件、状态事件、通知与审计记录
P052,盘点,技术后台端,1,S01,计划,查看/配合,主办/决策,配置支撑/留痕,P052_S01,P052.stage.01.completed,节点结果、附件、状态事件、通知与审计记录
P052,盘点,技术后台端,2,S02,冻结范围,查看/配合,监督/协同,配置支撑/留痕,P052_S02,P052.stage.02.completed,节点结果、附件、状态事件、通知与审计记录
P052,盘点,技术后台端,3,S03,实盘,查看/配合,监督/协同,配置支撑/留痕,P052_S03,P052.stage.03.completed,节点结果、附件、状态事件、通知与审计记录
P052,盘点,技术后台端,4,S04,差异,查看/配合,监督/协同,配置支撑/留痕,P052_S04,P052.stage.04.completed,节点结果、附件、状态事件、通知与审计记录
P052,盘点,技术后台端,5,S05,原因调查,查看/配合,主办/决策,配置支撑/留痕,P052_S05,P052.stage.05.completed,节点结果、附件、状态事件、通知与审计记录
P052,盘点,技术后台端,6,S06,审批,查看/配合,主办/决策,配置支撑/留痕,P052_S06,P052.stage.06.completed,节点结果、附件、状态事件、通知与审计记录
P052,盘点,技术后台端,7,S07,调整流水,查看/配合,监督/协同,配置支撑/留痕,P052_S07,P052.stage.07.completed,节点结果、附件、状态事件、通知与审计记录
P052,盘点,技术后台端,8,S08,整改,查看/配合,监督/协同,配置支撑/留痕,P052_S08,P052.stage.08.completed,节点结果、附件、状态事件、通知与审计记录
P052,盘点,技术后台端,9,S09,解冻,查看/配合,监督/协同,配置支撑/留痕,P052_S09,P052.stage.09.completed,节点结果、附件、状态事件、通知与审计记录
P053,报废处置,技术后台端,1,S01,申请,主办/填写,监督/协同,配置支撑/留痕,P053_S01,P053.stage.01.completed,节点结果、附件、状态事件、通知与审计记录
P053,报废处置,技术后台端,2,S02,专业鉴定,查看/配合,主办/决策,配置支撑/留痕,P053_S02,P053.stage.02.completed,节点结果、附件、状态事件、通知与审计记录
P053,报废处置,技术后台端,3,S03,价值与数据风险评估,查看/配合,监督/协同,配置支撑/留痕,P053_S03,P053.stage.03.completed,节点结果、附件、状态事件、通知与审计记录
P053,报废处置,技术后台端,4,S04,审批,查看/配合,主办/决策,配置支撑/留痕,P053_S04,P053.stage.04.completed,节点结果、附件、状态事件、通知与审计记录
P053,报废处置,技术后台端,5,S05,数据清除,查看/配合,监督/协同,配置支撑/留痕,P053_S05,P053.stage.05.completed,节点结果、附件、状态事件、通知与审计记录
P053,报废处置,技术后台端,6,S06,实物处置,查看/配合,监督/协同,配置支撑/留痕,P053_S06,P053.stage.06.completed,节点结果、附件、状态事件、通知与审计记录
P053,报废处置,技术后台端,7,S07,财务台账更新,查看/配合,监督/协同,配置支撑/留痕,P053_S07,P053.stage.07.completed,节点结果、附件、状态事件、通知与审计记录
P053,报废处置,技术后台端,8,S08,归档,查看/配合,主办/决策,配置支撑/留痕,P053_S08,P053.stage.08.completed,节点结果、附件、状态事件、通知与审计记录
P054,派车,技术后台端,1,S01,用车申请,主办/填写,监督/协同,配置支撑/留痕,P054_S01,P054.stage.01.completed,节点结果、附件、状态事件、通知与审计记录
P054,派车,技术后台端,2,S02,审批,查看/配合,主办/决策,配置支撑/留痕,P054_S02,P054.stage.02.completed,节点结果、附件、状态事件、通知与审计记录
P054,派车,技术后台端,3,S03,车辆与驾驶员匹配,查看/配合,监督/协同,配置支撑/留痕,P054_S03,P054.stage.03.completed,节点结果、附件、状态事件、通知与审计记录
P054,派车,技术后台端,4,S04,资源锁定,查看/配合,主办/决策,配置支撑/留痕,P054_S04,P054.stage.04.completed,节点结果、附件、状态事件、通知与审计记录
P054,派车,技术后台端,5,S05,出车前检查,主办/填写,监督/协同,配置支撑/留痕,P054_S05,P054.stage.05.completed,节点结果、附件、状态事件、通知与审计记录
P054,派车,技术后台端,6,S06,行程,查看/配合,监督/协同,配置支撑/留痕,P054_S06,P054.stage.06.completed,节点结果、附件、状态事件、通知与审计记录
P054,派车,技术后台端,7,S07,归还,主办/填写,监督/协同,配置支撑/留痕,P054_S07,P054.stage.07.completed,节点结果、附件、状态事件、通知与审计记录
P054,派车,技术后台端,8,S08,费用与异常,查看/配合,监督/协同,配置支撑/留痕,P054_S08,P054.stage.08.completed,节点结果、附件、状态事件、通知与审计记录
P054,派车,技术后台端,9,S09,释放,查看/配合,监督/协同,配置支撑/留痕,P054_S09,P054.stage.09.completed,节点结果、附件、状态事件、通知与审计记录
P055,车辆事故,技术后台端,1,S01,人员保护,查看/配合,监督/协同,配置支撑/留痕,P055_S01,P055.stage.01.completed,节点结果、附件、状态事件、通知与审计记录
P055,车辆事故,技术后台端,2,S02,现场警示,查看/配合,监督/协同,配置支撑/留痕,P055_S02,P055.stage.02.completed,节点结果、附件、状态事件、通知与审计记录
P055,车辆事故,技术后台端,3,S03,报警救援,查看/配合,监督/协同,配置支撑/留痕,P055_S03,P055.stage.03.completed,节点结果、附件、状态事件、通知与审计记录
P055,车辆事故,技术后台端,4,S04,调度报告,查看/配合,监督/协同,配置支撑/留痕,P055_S04,P055.stage.04.completed,节点结果、附件、状态事件、通知与审计记录
P055,车辆事故,技术后台端,5,S05,证据保全,查看/配合,监督/协同,配置支撑/留痕,P055_S05,P055.stage.05.completed,节点结果、附件、状态事件、通知与审计记录
P055,车辆事故,技术后台端,6,S06,替代保障,查看/配合,监督/协同,配置支撑/留痕,P055_S06,P055.stage.06.completed,节点结果、附件、状态事件、通知与审计记录
P055,车辆事故,技术后台端,7,S07,保险维修,查看/配合,监督/协同,配置支撑/留痕,P055_S07,P055.stage.07.completed,节点结果、附件、状态事件、通知与审计记录
P055,车辆事故,技术后台端,8,S08,案件调查,查看/配合,主办/决策,配置支撑/留痕,P055_S08,P055.stage.08.completed,节点结果、附件、状态事件、通知与审计记录
P055,车辆事故,技术后台端,9,S09,复车验收,查看/配合,主办/决策,配置支撑/留痕,P055_S09,P055.stage.09.completed,节点结果、附件、状态事件、通知与审计记录
P056,宿舍入住退宿,技术后台端,1,S01,申请/入职触发,主办/填写,监督/协同,配置支撑/留痕,P056_S01,P056.stage.01.completed,节点结果、附件、状态事件、通知与审计记录
P056,宿舍入住退宿,技术后台端,2,S02,资格房态校验,查看/配合,主办/决策,配置支撑/留痕,P056_S02,P056.stage.02.completed,节点结果、附件、状态事件、通知与审计记录
P056,宿舍入住退宿,技术后台端,3,S03,床位锁定,查看/配合,主办/决策,配置支撑/留痕,P056_S03,P056.stage.03.completed,节点结果、附件、状态事件、通知与审计记录
P056,宿舍入住退宿,技术后台端,4,S04,签收入住,主办/填写,监督/协同,配置支撑/留痕,P056_S04,P056.stage.04.completed,节点结果、附件、状态事件、通知与审计记录
P056,宿舍入住退宿,技术后台端,5,S05,巡检报修,查看/配合,监督/协同,配置支撑/留痕,P056_S05,P056.stage.05.completed,节点结果、附件、状态事件、通知与审计记录
P056,宿舍入住退宿,技术后台端,6,S06,退宿检查,查看/配合,监督/协同,配置支撑/留痕,P056_S06,P056.stage.06.completed,节点结果、附件、状态事件、通知与审计记录
P056,宿舍入住退宿,技术后台端,7,S07,钥匙门禁回收,查看/配合,监督/协同,配置支撑/留痕,P056_S07,P056.stage.07.completed,节点结果、附件、状态事件、通知与审计记录
P056,宿舍入住退宿,技术后台端,8,S08,释放床位,查看/配合,监督/协同,配置支撑/留痕,P056_S08,P056.stage.08.completed,节点结果、附件、状态事件、通知与审计记录
P057,报修,技术后台端,1,S01,报修,查看/配合,监督/协同,配置支撑/留痕,P057_S01,P057.stage.01.completed,节点结果、附件、状态事件、通知与审计记录
P057,报修,技术后台端,2,S02,风险分级,查看/配合,监督/协同,配置支撑/留痕,P057_S02,P057.stage.02.completed,节点结果、附件、状态事件、通知与审计记录
P057,报修,技术后台端,3,S03,派工,查看/配合,主办/决策,配置支撑/留痕,P057_S03,P057.stage.03.completed,节点结果、附件、状态事件、通知与审计记录
P057,报修,技术后台端,4,S04,到场诊断,查看/配合,监督/协同,配置支撑/留痕,P057_S04,P057.stage.04.completed,节点结果、附件、状态事件、通知与审计记录
P057,报修,技术后台端,5,S05,维修或转专业单位,查看/配合,监督/协同,配置支撑/留痕,P057_S05,P057.stage.05.completed,节点结果、附件、状态事件、通知与审计记录
P057,报修,技术后台端,6,S06,申请人确认,主办/填写,主办/决策,配置支撑/留痕,P057_S06,P057.stage.06.completed,节点结果、附件、状态事件、通知与审计记录
P057,报修,技术后台端,7,S07,验收,查看/配合,主办/决策,配置支撑/留痕,P057_S07,P057.stage.07.completed,节点结果、附件、状态事件、通知与审计记录
P057,报修,技术后台端,8,S08,关闭,查看/配合,主办/决策,配置支撑/留痕,P057_S08,P057.stage.08.completed,节点结果、附件、状态事件、通知与审计记录
P058,团餐交付,技术后台端,1,S01,申请,主办/填写,监督/协同,配置支撑/留痕,P058_S01,P058.stage.01.completed,节点结果、附件、状态事件、通知与审计记录
P058,团餐交付,技术后台端,2,S02,人数餐标过敏校验,查看/配合,主办/决策,配置支撑/留痕,P058_S02,P058.stage.02.completed,节点结果、附件、状态事件、通知与审计记录
P058,团餐交付,技术后台端,3,S03,审批,查看/配合,主办/决策,配置支撑/留痕,P058_S03,P058.stage.03.completed,节点结果、附件、状态事件、通知与审计记录
P058,团餐交付,技术后台端,4,S04,菜单与采购,查看/配合,监督/协同,配置支撑/留痕,P058_S04,P058.stage.04.completed,节点结果、附件、状态事件、通知与审计记录
P058,团餐交付,技术后台端,5,S05,备餐,查看/配合,监督/协同,配置支撑/留痕,P058_S05,P058.stage.05.completed,节点结果、附件、状态事件、通知与审计记录
P058,团餐交付,技术后台端,6,S06,食材领用,查看/配合,监督/协同,配置支撑/留痕,P058_S06,P058.stage.06.completed,节点结果、附件、状态事件、通知与审计记录
P058,团餐交付,技术后台端,7,S07,制作与留样,查看/配合,监督/协同,配置支撑/留痕,P058_S07,P058.stage.07.completed,节点结果、附件、状态事件、通知与审计记录
P058,团餐交付,技术后台端,8,S08,出餐签收,主办/填写,监督/协同,配置支撑/留痕,P058_S08,P058.stage.08.completed,节点结果、附件、状态事件、通知与审计记录
P058,团餐交付,技术后台端,9,S09,结算,查看/配合,监督/协同,配置支撑/留痕,P058_S09,P058.stage.09.completed,节点结果、附件、状态事件、通知与审计记录
P058,团餐交付,技术后台端,10,S10,回访,查看/配合,监督/协同,配置支撑/留痕,P058_S10,P058.stage.10.completed,节点结果、附件、状态事件、通知与审计记录
P059,食材验收,技术后台端,1,S01,到货,查看/配合,监督/协同,配置支撑/留痕,P059_S01,P059.stage.01.completed,节点结果、附件、状态事件、通知与审计记录
P059,食材验收,技术后台端,2,S02,来源票证,查看/配合,监督/协同,配置支撑/留痕,P059_S02,P059.stage.02.completed,节点结果、附件、状态事件、通知与审计记录
P059,食材验收,技术后台端,3,S03,温度感官数量,查看/配合,监督/协同,配置支撑/留痕,P059_S03,P059.stage.03.completed,节点结果、附件、状态事件、通知与审计记录
P059,食材验收,技术后台端,4,S04,合格入库/不合格隔离,查看/配合,监督/协同,配置支撑/留痕,P059_S04,P059.stage.04.completed,节点结果、附件、状态事件、通知与审计记录
P059,食材验收,技术后台端,5,S05,批次记录,查看/配合,监督/协同,配置支撑/留痕,P059_S05,P059.stage.05.completed,节点结果、附件、状态事件、通知与审计记录
P059,食材验收,技术后台端,6,S06,供应商反馈,主办/填写,监督/协同,配置支撑/留痕,P059_S06,P059.stage.06.completed,节点结果、附件、状态事件、通知与审计记录
P060,食品安全事件,技术后台端,1,S01,停止供应,查看/配合,监督/协同,配置支撑/留痕,P060_S01,P060.stage.01.completed,节点结果、附件、状态事件、通知与审计记录
P060,食品安全事件,技术后台端,2,S02,隔离批次,查看/配合,监督/协同,配置支撑/留痕,P060_S02,P060.stage.02.completed,节点结果、附件、状态事件、通知与审计记录
P060,食品安全事件,技术后台端,3,S03,保留样品记录,查看/配合,监督/协同,配置支撑/留痕,P060_S03,P060.stage.03.completed,节点结果、附件、状态事件、通知与审计记录
P060,食品安全事件,技术后台端,4,S04,报告,查看/配合,监督/协同,配置支撑/留痕,P060_S04,P060.stage.04.completed,节点结果、附件、状态事件、通知与审计记录
P060,食品安全事件,技术后台端,5,S05,医疗协助,查看/配合,监督/协同,配置支撑/留痕,P060_S05,P060.stage.05.completed,节点结果、附件、状态事件、通知与审计记录
P060,食品安全事件,技术后台端,6,S06,统一案件,查看/配合,监督/协同,配置支撑/留痕,P060_S06,P060.stage.06.completed,节点结果、附件、状态事件、通知与审计记录
P060,食品安全事件,技术后台端,7,S07,追溯调查,查看/配合,主办/决策,配置支撑/留痕,P060_S07,P060.stage.07.completed,节点结果、附件、状态事件、通知与审计记录
P060,食品安全事件,技术后台端,8,S08,整改验证,查看/配合,监督/协同,配置支撑/留痕,P060_S08,P060.stage.08.completed,节点结果、附件、状态事件、通知与审计记录
P061,餐卡结算,技术后台端,1,S01,账户变更申请,主办/填写,监督/协同,配置支撑/留痕,P061_S01,P061.stage.01.completed,节点结果、附件、状态事件、通知与审计记录
P061,餐卡结算,技术后台端,2,S02,资格校验,查看/配合,主办/决策,配置支撑/留痕,P061_S02,P061.stage.02.completed,节点结果、附件、状态事件、通知与审计记录
P061,餐卡结算,技术后台端,3,S03,充值/补贴/冻结,查看/配合,监督/协同,配置支撑/留痕,P061_S03,P061.stage.03.completed,节点结果、附件、状态事件、通知与审计记录
P061,餐卡结算,技术后台端,4,S04,交易回执,查看/配合,监督/协同,配置支撑/留痕,P061_S04,P061.stage.04.completed,节点结果、附件、状态事件、通知与审计记录
P061,餐卡结算,技术后台端,5,S05,日结对账,查看/配合,主办/决策,配置支撑/留痕,P061_S05,P061.stage.05.completed,节点结果、附件、状态事件、通知与审计记录
P061,餐卡结算,技术后台端,6,S06,差异处理,查看/配合,主办/决策,配置支撑/留痕,P061_S06,P061.stage.06.completed,节点结果、附件、状态事件、通知与审计记录
P062,日常巡逻,技术后台端,1,S01,发布班次,查看/配合,主办/决策,配置支撑/留痕,P062_S01,P062.stage.01.completed,节点结果、附件、状态事件、通知与审计记录
P062,日常巡逻,技术后台端,2,S02,领取装备,主办/填写,监督/协同,配置支撑/留痕,P062_S02,P062.stage.02.completed,节点结果、附件、状态事件、通知与审计记录
P062,日常巡逻,技术后台端,3,S03,岗位签到,查看/配合,监督/协同,配置支撑/留痕,P062_S03,P062.stage.03.completed,节点结果、附件、状态事件、通知与审计记录
P062,日常巡逻,技术后台端,4,S04,路线巡更,查看/配合,监督/协同,配置支撑/留痕,P062_S04,P062.stage.04.completed,节点结果、附件、状态事件、通知与审计记录
P062,日常巡逻,技术后台端,5,S05,异常上报,查看/配合,监督/协同,配置支撑/留痕,P062_S05,P062.stage.05.completed,节点结果、附件、状态事件、通知与审计记录
P062,日常巡逻,技术后台端,6,S06,现场措施,查看/配合,监督/协同,配置支撑/留痕,P062_S06,P062.stage.06.completed,节点结果、附件、状态事件、通知与审计记录
P062,日常巡逻,技术后台端,7,S07,工单/案件,查看/配合,监督/协同,配置支撑/留痕,P062_S07,P062.stage.07.completed,节点结果、附件、状态事件、通知与审计记录
P062,日常巡逻,技术后台端,8,S08,交接,主办/填写,监督/协同,配置支撑/留痕,P062_S08,P062.stage.08.completed,节点结果、附件、状态事件、通知与审计记录
P062,日常巡逻,技术后台端,9,S09,班次确认,主办/填写,主办/决策,配置支撑/留痕,P062_S09,P062.stage.09.completed,节点结果、附件、状态事件、通知与审计记录
P063,客流预警,技术后台端,1,S01,客流采集,查看/配合,监督/协同,配置支撑/留痕,P063_S01,P063.stage.01.completed,节点结果、附件、状态事件、通知与审计记录
P063,客流预警,技术后台端,2,S02,阈值触发,查看/配合,监督/协同,配置支撑/留痕,P063_S02,P063.stage.02.completed,节点结果、附件、状态事件、通知与审计记录
P063,客流预警,技术后台端,3,S03,区域确认,主办/填写,主办/决策,配置支撑/留痕,P063_S03,P063.stage.03.completed,节点结果、附件、状态事件、通知与审计记录
P063,客流预警,技术后台端,4,S04,疏导方案,查看/配合,监督/协同,配置支撑/留痕,P063_S04,P063.stage.04.completed,节点结果、附件、状态事件、通知与审计记录
P063,客流预警,技术后台端,5,S05,跨中心广播,查看/配合,监督/协同,配置支撑/留痕,P063_S05,P063.stage.05.completed,节点结果、附件、状态事件、通知与审计记录
P063,客流预警,技术后台端,6,S06,现场执行,主办/填写,监督/协同,配置支撑/留痕,P063_S06,P063.stage.06.completed,节点结果、附件、状态事件、通知与审计记录
P063,客流预警,技术后台端,7,S07,解除预警,查看/配合,监督/协同,配置支撑/留痕,P063_S07,P063.stage.07.completed,节点结果、附件、状态事件、通知与审计记录
P063,客流预警,技术后台端,8,S08,复盘,查看/配合,主办/决策,配置支撑/留痕,P063_S08,P063.stage.08.completed,节点结果、附件、状态事件、通知与审计记录
P064,安全事件,技术后台端,1,S01,发现,查看/配合,监督/协同,配置支撑/留痕,P064_S01,P064.stage.01.completed,节点结果、附件、状态事件、通知与审计记录
P064,安全事件,技术后台端,2,S02,人员保护,查看/配合,监督/协同,配置支撑/留痕,P064_S02,P064.stage.02.completed,节点结果、附件、状态事件、通知与审计记录
P064,安全事件,技术后台端,3,S03,报警/救援,查看/配合,监督/协同,配置支撑/留痕,P064_S03,P064.stage.03.completed,节点结果、附件、状态事件、通知与审计记录
P064,安全事件,技术后台端,4,S04,现场隔离,查看/配合,监督/协同,配置支撑/留痕,P064_S04,P064.stage.04.completed,节点结果、附件、状态事件、通知与审计记录
P064,安全事件,技术后台端,5,S05,证据保全,查看/配合,监督/协同,配置支撑/留痕,P064_S05,P064.stage.05.completed,节点结果、附件、状态事件、通知与审计记录
P064,安全事件,技术后台端,6,S06,统一案件,查看/配合,监督/协同,配置支撑/留痕,P064_S06,P064.stage.06.completed,节点结果、附件、状态事件、通知与审计记录
P064,安全事件,技术后台端,7,S07,调查整改,查看/配合,主办/决策,配置支撑/留痕,P064_S07,P064.stage.07.completed,节点结果、附件、状态事件、通知与审计记录
P064,安全事件,技术后台端,8,S08,复查关闭,查看/配合,主办/决策,配置支撑/留痕,P064_S08,P064.stage.08.completed,节点结果、附件、状态事件、通知与审计记录
P065,活动安保,技术后台端,1,S01,活动主单,查看/配合,监督/协同,配置支撑/留痕,P065_S01,P065.stage.01.completed,节点结果、附件、状态事件、通知与审计记录
P065,活动安保,技术后台端,2,S02,风险评估,查看/配合,监督/协同,配置支撑/留痕,P065_S02,P065.stage.02.completed,节点结果、附件、状态事件、通知与审计记录
P065,活动安保,技术后台端,3,S03,岗位布置,查看/配合,监督/协同,配置支撑/留痕,P065_S03,P065.stage.03.completed,节点结果、附件、状态事件、通知与审计记录
P065,活动安保,技术后台端,4,S04,人员确认,主办/填写,主办/决策,配置支撑/留痕,P065_S04,P065.stage.04.completed,节点结果、附件、状态事件、通知与审计记录
P065,活动安保,技术后台端,5,S05,现场指挥,查看/配合,监督/协同,配置支撑/留痕,P065_S05,P065.stage.05.completed,节点结果、附件、状态事件、通知与审计记录
P065,活动安保,技术后台端,6,S06,异常处置,查看/配合,监督/协同,配置支撑/留痕,P065_S06,P065.stage.06.completed,节点结果、附件、状态事件、通知与审计记录
P065,活动安保,技术后台端,7,S07,撤场清点,查看/配合,监督/协同,配置支撑/留痕,P065_S07,P065.stage.07.completed,节点结果、附件、状态事件、通知与审计记录
P065,活动安保,技术后台端,8,S08,复盘,查看/配合,主办/决策,配置支撑/留痕,P065_S08,P065.stage.08.completed,节点结果、附件、状态事件、通知与审计记录
P066,日常清洁,技术后台端,1,S01,计划生成,查看/配合,主办/决策,系统自动/技术保障,P066_S01,P066.stage.01.completed,节点结果、附件、状态事件、通知与审计记录
P066,日常清洁,技术后台端,2,S02,班次分派,查看/配合,主办/决策,配置支撑/留痕,P066_S02,P066.stage.02.completed,节点结果、附件、状态事件、通知与审计记录
P066,日常清洁,技术后台端,3,S03,任务接收,查看/配合,监督/协同,配置支撑/留痕,P066_S03,P066.stage.03.completed,节点结果、附件、状态事件、通知与审计记录
P066,日常清洁,技术后台端,4,S04,作业,主办/填写,监督/协同,配置支撑/留痕,P066_S04,P066.stage.04.completed,节点结果、附件、状态事件、通知与审计记录
P066,日常清洁,技术后台端,5,S05,自检,查看/配合,监督/协同,配置支撑/留痕,P066_S05,P066.stage.05.completed,节点结果、附件、状态事件、通知与审计记录
P066,日常清洁,技术后台端,6,S06,巡检,查看/配合,监督/协同,配置支撑/留痕,P066_S06,P066.stage.06.completed,节点结果、附件、状态事件、通知与审计记录
P066,日常清洁,技术后台端,7,S07,不合格返工,查看/配合,监督/协同,配置支撑/留痕,P066_S07,P066.stage.07.completed,节点结果、附件、状态事件、通知与审计记录
P066,日常清洁,技术后台端,8,S08,验收,查看/配合,主办/决策,配置支撑/留痕,P066_S08,P066.stage.08.completed,节点结果、附件、状态事件、通知与审计记录
P067,污染应急,技术后台端,1,S01,发现,查看/配合,监督/协同,配置支撑/留痕,P067_S01,P067.stage.01.completed,节点结果、附件、状态事件、通知与审计记录
P067,污染应急,技术后台端,2,S02,设置警示,查看/配合,监督/协同,配置支撑/留痕,P067_S02,P067.stage.02.completed,节点结果、附件、状态事件、通知与审计记录
P067,污染应急,技术后台端,3,S03,快速清理,查看/配合,监督/协同,配置支撑/留痕,P067_S03,P067.stage.03.completed,节点结果、附件、状态事件、通知与审计记录
P067,污染应急,技术后台端,4,S04,必要时协同安保,查看/配合,监督/协同,配置支撑/留痕,P067_S04,P067.stage.04.completed,节点结果、附件、状态事件、通知与审计记录
P067,污染应急,技术后台端,5,S05,复查,查看/配合,监督/协同,配置支撑/留痕,P067_S05,P067.stage.05.completed,节点结果、附件、状态事件、通知与审计记录
P067,污染应急,技术后台端,6,S06,原因记录,查看/配合,监督/协同,配置支撑/留痕,P067_S06,P067.stage.06.completed,节点结果、附件、状态事件、通知与审计记录
P067,污染应急,技术后台端,7,S07,关闭,查看/配合,主办/决策,配置支撑/留痕,P067_S07,P067.stage.07.completed,节点结果、附件、状态事件、通知与审计记录
P068,活动保障,技术后台端,1,S01,活动需求,查看/配合,监督/协同,配置支撑/留痕,P068_S01,P068.stage.01.completed,节点结果、附件、状态事件、通知与审计记录
P068,活动保障,技术后台端,2,S02,区域工作量评估,查看/配合,监督/协同,配置支撑/留痕,P068_S02,P068.stage.02.completed,节点结果、附件、状态事件、通知与审计记录
P068,活动保障,技术后台端,3,S03,人员耗材计划,查看/配合,主办/决策,配置支撑/留痕,P068_S03,P068.stage.03.completed,节点结果、附件、状态事件、通知与审计记录
P068,活动保障,技术后台端,4,S04,现场执行,主办/填写,监督/协同,配置支撑/留痕,P068_S04,P068.stage.04.completed,节点结果、附件、状态事件、通知与审计记录
P068,活动保障,技术后台端,5,S05,动态补位,查看/配合,监督/协同,配置支撑/留痕,P068_S05,P068.stage.05.completed,节点结果、附件、状态事件、通知与审计记录
P068,活动保障,技术后台端,6,S06,撤场清洁,主办/填写,监督/协同,配置支撑/留痕,P068_S06,P068.stage.06.completed,节点结果、附件、状态事件、通知与审计记录
P068,活动保障,技术后台端,7,S07,验收复盘,查看/配合,主办/决策,配置支撑/留痕,P068_S07,P068.stage.07.completed,节点结果、附件、状态事件、通知与审计记录
P069,商户准入,技术后台端,1,S01,商户申请,主办/填写,监督/协同,配置支撑/留痕,P069_S01,P069.stage.01.completed,节点结果、附件、状态事件、通知与审计记录
P069,商户准入,技术后台端,2,S02,资质核验,查看/配合,主办/决策,配置支撑/留痕,P069_S02,P069.stage.02.completed,节点结果、附件、状态事件、通知与审计记录
P069,商户准入,技术后台端,3,S03,品类与位置评审,查看/配合,主办/决策,配置支撑/留痕,P069_S03,P069.stage.03.completed,节点结果、附件、状态事件、通知与审计记录
P069,商户准入,技术后台端,4,S04,合同协同,查看/配合,监督/协同,配置支撑/留痕,P069_S04,P069.stage.04.completed,节点结果、附件、状态事件、通知与审计记录
P069,商户准入,技术后台端,5,S05,装修/进场,查看/配合,监督/协同,配置支撑/留痕,P069_S05,P069.stage.05.completed,节点结果、附件、状态事件、通知与审计记录
P069,商户准入,技术后台端,6,S06,验收,查看/配合,主办/决策,配置支撑/留痕,P069_S06,P069.stage.06.completed,节点结果、附件、状态事件、通知与审计记录
P069,商户准入,技术后台端,7,S07,开业,查看/配合,监督/协同,配置支撑/留痕,P069_S07,P069.stage.07.completed,节点结果、附件、状态事件、通知与审计记录
P070,日常巡检,技术后台端,1,S01,巡检计划,查看/配合,主办/决策,配置支撑/留痕,P070_S01,P070.stage.01.completed,节点结果、附件、状态事件、通知与审计记录
P070,日常巡检,技术后台端,2,S02,现场检查,查看/配合,监督/协同,配置支撑/留痕,P070_S02,P070.stage.02.completed,节点结果、附件、状态事件、通知与审计记录
P070,日常巡检,技术后台端,3,S03,问题记录,查看/配合,监督/协同,配置支撑/留痕,P070_S03,P070.stage.03.completed,节点结果、附件、状态事件、通知与审计记录
P070,日常巡检,技术后台端,4,S04,整改通知,查看/配合,监督/协同,配置支撑/留痕,P070_S04,P070.stage.04.completed,节点结果、附件、状态事件、通知与审计记录
P070,日常巡检,技术后台端,5,S05,商户反馈,主办/填写,监督/协同,配置支撑/留痕,P070_S05,P070.stage.05.completed,节点结果、附件、状态事件、通知与审计记录
P070,日常巡检,技术后台端,6,S06,复查,查看/配合,监督/协同,配置支撑/留痕,P070_S06,P070.stage.06.completed,节点结果、附件、状态事件、通知与审计记录
P070,日常巡检,技术后台端,7,S07,关闭或升级案件,查看/配合,主办/决策,配置支撑/留痕,P070_S07,P070.stage.07.completed,节点结果、附件、状态事件、通知与审计记录
P071,退场,技术后台端,1,S01,退场申请或合同到期,主办/填写,监督/协同,配置支撑/留痕,P071_S01,P071.stage.01.completed,节点结果、附件、状态事件、通知与审计记录
P071,退场,技术后台端,2,S02,费用核对,查看/配合,监督/协同,配置支撑/留痕,P071_S02,P071.stage.02.completed,节点结果、附件、状态事件、通知与审计记录
P071,退场,技术后台端,3,S03,资产和场地检查,查看/配合,监督/协同,配置支撑/留痕,P071_S03,P071.stage.03.completed,节点结果、附件、状态事件、通知与审计记录
P071,退场,技术后台端,4,S04,钥匙门禁回收,查看/配合,监督/协同,配置支撑/留痕,P071_S04,P071.stage.04.completed,节点结果、附件、状态事件、通知与审计记录
P071,退场,技术后台端,5,S05,恢复验收,查看/配合,主办/决策,配置支撑/留痕,P071_S05,P071.stage.05.completed,节点结果、附件、状态事件、通知与审计记录
P071,退场,技术后台端,6,S06,合同财务回写,查看/配合,监督/协同,系统自动/技术保障,P071_S06,P071.stage.06.completed,节点结果、附件、状态事件、通知与审计记录
P071,退场,技术后台端,7,S07,关闭,查看/配合,主办/决策,配置支撑/留痕,P071_S07,P071.stage.07.completed,节点结果、附件、状态事件、通知与审计记录
P072,节目上线,技术后台端,1,S01,节目立项,查看/配合,监督/协同,配置支撑/留痕,P072_S01,P072.stage.01.completed,节点结果、附件、状态事件、通知与审计记录
P072,节目上线,技术后台端,2,S02,创排,查看/配合,监督/协同,配置支撑/留痕,P072_S02,P072.stage.02.completed,节点结果、附件、状态事件、通知与审计记录
P072,节目上线,技术后台端,3,S03,角色设计,查看/配合,监督/协同,配置支撑/留痕,P072_S03,P072.stage.03.completed,节点结果、附件、状态事件、通知与审计记录
P072,节目上线,技术后台端,4,S04,排练,查看/配合,监督/协同,配置支撑/留痕,P072_S04,P072.stage.04.completed,节点结果、附件、状态事件、通知与审计记录
P072,节目上线,技术后台端,5,S05,艺术技术安全评审,查看/配合,主办/决策,配置支撑/留痕,P072_S05,P072.stage.05.completed,节点结果、附件、状态事件、通知与审计记录
P072,节目上线,技术后台端,6,S06,试演,查看/配合,监督/协同,配置支撑/留痕,P072_S06,P072.stage.06.completed,节点结果、附件、状态事件、通知与审计记录
P072,节目上线,技术后台端,7,S07,版本批准,查看/配合,主办/决策,配置支撑/留痕,P072_S07,P072.stage.07.completed,节点结果、附件、状态事件、通知与审计记录
P072,节目上线,技术后台端,8,S08,排期,查看/配合,监督/协同,配置支撑/留痕,P072_S08,P072.stage.08.completed,节点结果、附件、状态事件、通知与审计记录
P073,场次执行,技术后台端,1,S01,场次发布,查看/配合,主办/决策,配置支撑/留痕,P073_S01,P073.stage.01.completed,节点结果、附件、状态事件、通知与审计记录
P073,场次执行,技术后台端,2,S02,演员排班,查看/配合,主办/决策,配置支撑/留痕,P073_S02,P073.stage.02.completed,节点结果、附件、状态事件、通知与审计记录
P073,场次执行,技术后台端,3,S03,冲突校验,查看/配合,主办/决策,配置支撑/留痕,P073_S03,P073.stage.03.completed,节点结果、附件、状态事件、通知与审计记录
P073,场次执行,技术后台端,4,S04,替补确认,主办/填写,主办/决策,配置支撑/留痕,P073_S04,P073.stage.04.completed,节点结果、附件、状态事件、通知与审计记录
P073,场次执行,技术后台端,5,S05,场前检查,查看/配合,监督/协同,配置支撑/留痕,P073_S05,P073.stage.05.completed,节点结果、附件、状态事件、通知与审计记录
P073,场次执行,技术后台端,6,S06,演出,主办/填写,监督/协同,配置支撑/留痕,P073_S06,P073.stage.06.completed,节点结果、附件、状态事件、通知与审计记录
P073,场次执行,技术后台端,7,S07,结果确认,主办/填写,主办/决策,配置支撑/留痕,P073_S07,P073.stage.07.completed,节点结果、附件、状态事件、通知与审计记录
P073,场次执行,技术后台端,8,S08,异常复盘,查看/配合,主办/决策,配置支撑/留痕,P073_S08,P073.stage.08.completed,节点结果、附件、状态事件、通知与审计记录
P074,临时缺员,技术后台端,1,S01,缺员报告,查看/配合,监督/协同,配置支撑/留痕,P074_S01,P074.stage.01.completed,节点结果、附件、状态事件、通知与审计记录
P074,临时缺员,技术后台端,2,S02,替补资格校验,查看/配合,主办/决策,配置支撑/留痕,P074_S02,P074.stage.02.completed,节点结果、附件、状态事件、通知与审计记录
P074,临时缺员,技术后台端,3,S03,排班变更,查看/配合,主办/决策,配置支撑/留痕,P074_S03,P074.stage.03.completed,节点结果、附件、状态事件、通知与审计记录
P074,临时缺员,技术后台端,4,S04,相关部门通知,查看/配合,监督/协同,配置支撑/留痕,P074_S04,P074.stage.04.completed,节点结果、附件、状态事件、通知与审计记录
P074,临时缺员,技术后台端,5,S05,场前确认,主办/填写,主办/决策,配置支撑/留痕,P074_S05,P074.stage.05.completed,节点结果、附件、状态事件、通知与审计记录
P074,临时缺员,技术后台端,6,S06,结果记录,查看/配合,监督/协同,配置支撑/留痕,P074_S06,P074.stage.06.completed,节点结果、附件、状态事件、通知与审计记录
P075,停演,技术后台端,1,S01,风险发现,查看/配合,监督/协同,配置支撑/留痕,P075_S01,P075.stage.01.completed,节点结果、附件、状态事件、通知与审计记录
P075,停演,技术后台端,2,S02,暂停/取消决定,查看/配合,主办/决策,配置支撑/留痕,P075_S02,P075.stage.02.completed,节点结果、附件、状态事件、通知与审计记录
P075,停演,技术后台端,3,S03,游客与运营通知,查看/配合,监督/协同,配置支撑/留痕,P075_S03,P075.stage.03.completed,节点结果、附件、状态事件、通知与审计记录
P075,停演,技术后台端,4,S04,技术和票务协同,查看/配合,监督/协同,配置支撑/留痕,P075_S04,P075.stage.04.completed,节点结果、附件、状态事件、通知与审计记录
P075,停演,技术后台端,5,S05,原因调查,查看/配合,主办/决策,配置支撑/留痕,P075_S05,P075.stage.05.completed,节点结果、附件、状态事件、通知与审计记录
P075,停演,技术后台端,6,S06,复演条件确认,主办/填写,主办/决策,配置支撑/留痕,P075_S06,P075.stage.06.completed,节点结果、附件、状态事件、通知与审计记录
P076,场次准备,技术后台端,1,S01,读取节目版本,查看/配合,监督/协同,配置支撑/留痕,P076_S01,P076.stage.01.completed,节点结果、附件、状态事件、通知与审计记录
P076,场次准备,技术后台端,2,S02,生成配置清单,查看/配合,监督/协同,系统自动/技术保障,P076_S02,P076.stage.02.completed,节点结果、附件、状态事件、通知与审计记录
P076,场次准备,技术后台端,3,S03,备货,查看/配合,监督/协同,配置支撑/留痕,P076_S03,P076.stage.03.completed,节点结果、附件、状态事件、通知与审计记录
P076,场次准备,技术后台端,4,S04,状态检查,查看/配合,监督/协同,配置支撑/留痕,P076_S04,P076.stage.04.completed,节点结果、附件、状态事件、通知与审计记录
P076,场次准备,技术后台端,5,S05,领用签收,主办/填写,监督/协同,配置支撑/留痕,P076_S05,P076.stage.05.completed,节点结果、附件、状态事件、通知与审计记录
P076,场次准备,技术后台端,6,S06,场次使用,主办/填写,监督/协同,配置支撑/留痕,P076_S06,P076.stage.06.completed,节点结果、附件、状态事件、通知与审计记录
P076,场次准备,技术后台端,7,S07,归还验收,主办/填写,主办/决策,配置支撑/留痕,P076_S07,P076.stage.07.completed,节点结果、附件、状态事件、通知与审计记录
P076,场次准备,技术后台端,8,S08,清洁维护,主办/填写,监督/协同,配置支撑/留痕,P076_S08,P076.stage.08.completed,节点结果、附件、状态事件、通知与审计记录
P077,损坏报损,技术后台端,1,S01,归还发现异常,主办/填写,监督/协同,配置支撑/留痕,P077_S01,P077.stage.01.completed,节点结果、附件、状态事件、通知与审计记录
P077,损坏报损,技术后台端,2,S02,隔离,查看/配合,监督/协同,配置支撑/留痕,P077_S02,P077.stage.02.completed,节点结果、附件、状态事件、通知与审计记录
P077,损坏报损,技术后台端,3,S03,专业鉴定,查看/配合,主办/决策,配置支撑/留痕,P077_S03,P077.stage.03.completed,节点结果、附件、状态事件、通知与审计记录
P077,损坏报损,技术后台端,4,S04,维修/报损建议,查看/配合,监督/协同,配置支撑/留痕,P077_S04,P077.stage.04.completed,节点结果、附件、状态事件、通知与审计记录
P077,损坏报损,技术后台端,5,S05,审批,查看/配合,主办/决策,配置支撑/留痕,P077_S05,P077.stage.05.completed,节点结果、附件、状态事件、通知与审计记录
P077,损坏报损,技术后台端,6,S06,维修或资产处置,查看/配合,监督/协同,配置支撑/留痕,P077_S06,P077.stage.06.completed,节点结果、附件、状态事件、通知与审计记录
P077,损坏报损,技术后台端,7,S07,状态回写,查看/配合,监督/协同,系统自动/技术保障,P077_S07,P077.stage.07.completed,节点结果、附件、状态事件、通知与审计记录
P078,盘点,技术后台端,1,S01,计划,查看/配合,主办/决策,配置支撑/留痕,P078_S01,P078.stage.01.completed,节点结果、附件、状态事件、通知与审计记录
P078,盘点,技术后台端,2,S02,分区冻结,查看/配合,监督/协同,配置支撑/留痕,P078_S02,P078.stage.02.completed,节点结果、附件、状态事件、通知与审计记录
P078,盘点,技术后台端,3,S03,实盘,查看/配合,监督/协同,配置支撑/留痕,P078_S03,P078.stage.03.completed,节点结果、附件、状态事件、通知与审计记录
P078,盘点,技术后台端,4,S04,差异,查看/配合,监督/协同,配置支撑/留痕,P078_S04,P078.stage.04.completed,节点结果、附件、状态事件、通知与审计记录
P078,盘点,技术后台端,5,S05,追溯场次领用,查看/配合,监督/协同,配置支撑/留痕,P078_S05,P078.stage.05.completed,节点结果、附件、状态事件、通知与审计记录
P078,盘点,技术后台端,6,S06,处理,查看/配合,主办/决策,配置支撑/留痕,P078_S06,P078.stage.06.completed,节点结果、附件、状态事件、通知与审计记录
P078,盘点,技术后台端,7,S07,复核,查看/配合,主办/决策,配置支撑/留痕,P078_S07,P078.stage.07.completed,节点结果、附件、状态事件、通知与审计记录
P079,飞行任务,技术后台端,1,S01,任务申请,主办/填写,监督/协同,配置支撑/留痕,P079_S01,P079.stage.01.completed,节点结果、附件、状态事件、通知与审计记录
P079,飞行任务,技术后台端,2,S02,区域与用途审核,查看/配合,主办/决策,配置支撑/留痕,P079_S02,P079.stage.02.completed,节点结果、附件、状态事件、通知与审计记录
P079,飞行任务,技术后台端,3,S03,资质设备校验,查看/配合,主办/决策,配置支撑/留痕,P079_S03,P079.stage.03.completed,节点结果、附件、状态事件、通知与审计记录
P079,飞行任务,技术后台端,4,S04,气象与报备,查看/配合,监督/协同,配置支撑/留痕,P079_S04,P079.stage.04.completed,节点结果、附件、状态事件、通知与审计记录
P079,飞行任务,技术后台端,5,S05,计划批准,查看/配合,主办/决策,配置支撑/留痕,P079_S05,P079.stage.05.completed,节点结果、附件、状态事件、通知与审计记录
P079,飞行任务,技术后台端,6,S06,场前检查,查看/配合,监督/协同,配置支撑/留痕,P079_S06,P079.stage.06.completed,节点结果、附件、状态事件、通知与审计记录
P079,飞行任务,技术后台端,7,S07,飞行,主办/填写,监督/协同,配置支撑/留痕,P079_S07,P079.stage.07.completed,节点结果、附件、状态事件、通知与审计记录
P079,飞行任务,技术后台端,8,S08,日志回传,查看/配合,监督/协同,系统自动/技术保障,P079_S08,P079.stage.08.completed,节点结果、附件、状态事件、通知与审计记录
P079,飞行任务,技术后台端,9,S09,验收归档,查看/配合,主办/决策,配置支撑/留痕,P079_S09,P079.stage.09.completed,节点结果、附件、状态事件、通知与审计记录
P080,任务取消,技术后台端,1,S01,天气或风险触发,查看/配合,监督/协同,配置支撑/留痕,P080_S01,P080.stage.01.completed,节点结果、附件、状态事件、通知与审计记录
P080,任务取消,技术后台端,2,S02,暂停,查看/配合,监督/协同,配置支撑/留痕,P080_S02,P080.stage.02.completed,节点结果、附件、状态事件、通知与审计记录
P080,任务取消,技术后台端,3,S03,相关中心通知,查看/配合,监督/协同,配置支撑/留痕,P080_S03,P080.stage.03.completed,节点结果、附件、状态事件、通知与审计记录
P080,任务取消,技术后台端,4,S04,设备解除锁定,查看/配合,主办/决策,配置支撑/留痕,P080_S04,P080.stage.04.completed,节点结果、附件、状态事件、通知与审计记录
P080,任务取消,技术后台端,5,S05,票务/运营影响处理,查看/配合,主办/决策,配置支撑/留痕,P080_S05,P080.stage.05.completed,节点结果、附件、状态事件、通知与审计记录
P080,任务取消,技术后台端,6,S06,原因归档,查看/配合,主办/决策,配置支撑/留痕,P080_S06,P080.stage.06.completed,节点结果、附件、状态事件、通知与审计记录
P081,飞行事故,技术后台端,1,S01,立即停飞,查看/配合,监督/协同,配置支撑/留痕,P081_S01,P081.stage.01.completed,节点结果、附件、状态事件、通知与审计记录
P081,飞行事故,技术后台端,2,S02,人员与现场保护,查看/配合,监督/协同,配置支撑/留痕,P081_S02,P081.stage.02.completed,节点结果、附件、状态事件、通知与审计记录
P081,飞行事故,技术后台端,3,S03,报告,查看/配合,监督/协同,配置支撑/留痕,P081_S03,P081.stage.03.completed,节点结果、附件、状态事件、通知与审计记录
P081,飞行事故,技术后台端,4,S04,设备隔离,查看/配合,监督/协同,配置支撑/留痕,P081_S04,P081.stage.04.completed,节点结果、附件、状态事件、通知与审计记录
P081,飞行事故,技术后台端,5,S05,数据保全,查看/配合,监督/协同,配置支撑/留痕,P081_S05,P081.stage.05.completed,节点结果、附件、状态事件、通知与审计记录
P081,飞行事故,技术后台端,6,S06,统一案件,查看/配合,监督/协同,配置支撑/留痕,P081_S06,P081.stage.06.completed,节点结果、附件、状态事件、通知与审计记录
P081,飞行事故,技术后台端,7,S07,专业调查,查看/配合,主办/决策,配置支撑/留痕,P081_S07,P081.stage.07.completed,节点结果、附件、状态事件、通知与审计记录
P081,飞行事故,技术后台端,8,S08,整改与复飞审批,查看/配合,主办/决策,配置支撑/留痕,P081_S08,P081.stage.08.completed,节点结果、附件、状态事件、通知与审计记录
P082,场次技术保障,技术后台端,1,S01,读取节目场次,查看/配合,监督/协同,配置支撑/留痕,P082_S01,P082.stage.01.completed,节点结果、附件、状态事件、通知与审计记录
P082,场次技术保障,技术后台端,2,S02,生成技术任务,查看/配合,监督/协同,系统自动/技术保障,P082_S02,P082.stage.02.completed,节点结果、附件、状态事件、通知与审计记录
P082,场次技术保障,技术后台端,3,S03,人员排班,查看/配合,主办/决策,配置支撑/留痕,P082_S03,P082.stage.03.completed,节点结果、附件、状态事件、通知与审计记录
P082,场次技术保障,技术后台端,4,S04,设备配置,查看/配合,监督/协同,配置支撑/留痕,P082_S04,P082.stage.04.completed,节点结果、附件、状态事件、通知与审计记录
P082,场次技术保障,技术后台端,5,S05,场前联调,查看/配合,监督/协同,配置支撑/留痕,P082_S05,P082.stage.05.completed,节点结果、附件、状态事件、通知与审计记录
P082,场次技术保障,技术后台端,6,S06,场中值守,查看/配合,监督/协同,配置支撑/留痕,P082_S06,P082.stage.06.completed,节点结果、附件、状态事件、通知与审计记录
P082,场次技术保障,技术后台端,7,S07,场后检查,查看/配合,监督/协同,配置支撑/留痕,P082_S07,P082.stage.07.completed,节点结果、附件、状态事件、通知与审计记录
P082,场次技术保障,技术后台端,8,S08,结果确认,主办/填写,主办/决策,配置支撑/留痕,P082_S08,P082.stage.08.completed,节点结果、附件、状态事件、通知与审计记录
P083,设备故障,技术后台端,1,S01,故障发现,查看/配合,监督/协同,配置支撑/留痕,P083_S01,P083.stage.01.completed,节点结果、附件、状态事件、通知与审计记录
P083,设备故障,技术后台端,2,S02,风险分级,查看/配合,监督/协同,配置支撑/留痕,P083_S02,P083.stage.02.completed,节点结果、附件、状态事件、通知与审计记录
P083,设备故障,技术后台端,3,S03,立即隔离/降级,查看/配合,监督/协同,配置支撑/留痕,P083_S03,P083.stage.03.completed,节点结果、附件、状态事件、通知与审计记录
P083,设备故障,技术后台端,4,S04,替代方案,查看/配合,监督/协同,配置支撑/留痕,P083_S04,P083.stage.04.completed,节点结果、附件、状态事件、通知与审计记录
P083,设备故障,技术后台端,5,S05,维修工单,查看/配合,监督/协同,配置支撑/留痕,P083_S05,P083.stage.05.completed,节点结果、附件、状态事件、通知与审计记录
P083,设备故障,技术后台端,6,S06,验收,查看/配合,主办/决策,配置支撑/留痕,P083_S06,P083.stage.06.completed,节点结果、附件、状态事件、通知与审计记录
P083,设备故障,技术后台端,7,S07,恢复,查看/配合,监督/协同,配置支撑/留痕,P083_S07,P083.stage.07.completed,节点结果、附件、状态事件、通知与审计记录
P083,设备故障,技术后台端,8,S08,根因分析,查看/配合,监督/协同,配置支撑/留痕,P083_S08,P083.stage.08.completed,节点结果、附件、状态事件、通知与审计记录
P084,停演技术建议,技术后台端,1,S01,重大故障,查看/配合,监督/协同,配置支撑/留痕,P084_S01,P084.stage.01.completed,节点结果、附件、状态事件、通知与审计记录
P084,停演技术建议,技术后台端,2,S02,安全评估,查看/配合,监督/协同,配置支撑/留痕,P084_S02,P084.stage.02.completed,节点结果、附件、状态事件、通知与审计记录
P084,停演技术建议,技术后台端,3,S03,提出停演建议,查看/配合,监督/协同,配置支撑/留痕,P084_S03,P084.stage.03.completed,节点结果、附件、状态事件、通知与审计记录
P084,停演技术建议,技术后台端,4,S04,有权决定,查看/配合,主办/决策,配置支撑/留痕,P084_S04,P084.stage.04.completed,节点结果、附件、状态事件、通知与审计记录
P084,停演技术建议,技术后台端,5,S05,通知相关中心,查看/配合,监督/协同,配置支撑/留痕,P084_S05,P084.stage.05.completed,节点结果、附件、状态事件、通知与审计记录
P084,停演技术建议,技术后台端,6,S06,现场处置,查看/配合,监督/协同,配置支撑/留痕,P084_S06,P084.stage.06.completed,节点结果、附件、状态事件、通知与审计记录
P084,停演技术建议,技术后台端,7,S07,复演验证,查看/配合,监督/协同,配置支撑/留痕,P084_S07,P084.stage.07.completed,节点结果、附件、状态事件、通知与审计记录
P085,网络故障,技术后台端,1,S01,监控或用户发现,查看/配合,监督/协同,系统自动/技术保障,P085_S01,P085.stage.01.completed,节点结果、附件、状态事件、通知与审计记录
P085,网络故障,技术后台端,2,S02,告警归并,查看/配合,监督/协同,系统自动/技术保障,P085_S02,P085.stage.02.completed,节点结果、附件、状态事件、通知与审计记录
P085,网络故障,技术后台端,3,S03,影响范围判断,查看/配合,监督/协同,配置支撑/留痕,P085_S03,P085.stage.03.completed,节点结果、附件、状态事件、通知与审计记录
P085,网络故障,技术后台端,4,S04,应急恢复,查看/配合,监督/协同,配置支撑/留痕,P085_S04,P085.stage.04.completed,节点结果、附件、状态事件、通知与审计记录
P085,网络故障,技术后台端,5,S05,通知业务,查看/配合,监督/协同,配置支撑/留痕,P085_S05,P085.stage.05.completed,节点结果、附件、状态事件、通知与审计记录
P085,网络故障,技术后台端,6,S06,根因修复,查看/配合,监督/协同,配置支撑/留痕,P085_S06,P085.stage.06.completed,节点结果、附件、状态事件、通知与审计记录
P085,网络故障,技术后台端,7,S07,验证,查看/配合,监督/协同,配置支撑/留痕,P085_S07,P085.stage.07.completed,节点结果、附件、状态事件、通知与审计记录
P085,网络故障,技术后台端,8,S08,复盘,查看/配合,主办/决策,配置支撑/留痕,P085_S08,P085.stage.08.completed,节点结果、附件、状态事件、通知与审计记录
P086,网络变更,技术后台端,1,S01,变更申请,主办/填写,监督/协同,配置支撑/留痕,P086_S01,P086.stage.01.completed,节点结果、附件、状态事件、通知与审计记录
P086,网络变更,技术后台端,2,S02,影响与风险,查看/配合,监督/协同,配置支撑/留痕,P086_S02,P086.stage.02.completed,节点结果、附件、状态事件、通知与审计记录
P086,网络变更,技术后台端,3,S03,技术评审,查看/配合,主办/决策,配置支撑/留痕,P086_S03,P086.stage.03.completed,节点结果、附件、状态事件、通知与审计记录
P086,网络变更,技术后台端,4,S04,业务确认,主办/填写,主办/决策,配置支撑/留痕,P086_S04,P086.stage.04.completed,节点结果、附件、状态事件、通知与审计记录
P086,网络变更,技术后台端,5,S05,变更窗口,查看/配合,监督/协同,配置支撑/留痕,P086_S05,P086.stage.05.completed,节点结果、附件、状态事件、通知与审计记录
P086,网络变更,技术后台端,6,S06,执行,主办/填写,监督/协同,配置支撑/留痕,P086_S06,P086.stage.06.completed,节点结果、附件、状态事件、通知与审计记录
P086,网络变更,技术后台端,7,S07,验证,查看/配合,监督/协同,配置支撑/留痕,P086_S07,P086.stage.07.completed,节点结果、附件、状态事件、通知与审计记录
P086,网络变更,技术后台端,8,S08,回退或关闭,查看/配合,主办/决策,配置支撑/留痕,P086_S08,P086.stage.08.completed,节点结果、附件、状态事件、通知与审计记录
P087,活动保障,技术后台端,1,S01,活动需求,查看/配合,监督/协同,配置支撑/留痕,P087_S01,P087.stage.01.completed,节点结果、附件、状态事件、通知与审计记录
P087,活动保障,技术后台端,2,S02,容量与覆盖评估,查看/配合,监督/协同,配置支撑/留痕,P087_S02,P087.stage.02.completed,节点结果、附件、状态事件、通知与审计记录
P087,活动保障,技术后台端,3,S03,临时设备/链路,查看/配合,监督/协同,配置支撑/留痕,P087_S03,P087.stage.03.completed,节点结果、附件、状态事件、通知与审计记录
P087,活动保障,技术后台端,4,S04,联调,查看/配合,监督/协同,配置支撑/留痕,P087_S04,P087.stage.04.completed,节点结果、附件、状态事件、通知与审计记录
P087,活动保障,技术后台端,5,S05,现场值守,查看/配合,监督/协同,配置支撑/留痕,P087_S05,P087.stage.05.completed,节点结果、附件、状态事件、通知与审计记录
P087,活动保障,技术后台端,6,S06,撤场,查看/配合,监督/协同,配置支撑/留痕,P087_S06,P087.stage.06.completed,节点结果、附件、状态事件、通知与审计记录
P087,活动保障,技术后台端,7,S07,数据复盘,查看/配合,主办/决策,配置支撑/留痕,P087_S07,P087.stage.07.completed,节点结果、附件、状态事件、通知与审计记录
P088,IT服务请求,技术后台端,1,S01,用户申请,主办/填写,监督/协同,配置支撑/留痕,P088_S01,P088.stage.01.completed,节点结果、附件、状态事件、通知与审计记录
P088,IT服务请求,技术后台端,2,S02,服务目录匹配,查看/配合,监督/协同,配置支撑/留痕,P088_S02,P088.stage.02.completed,节点结果、附件、状态事件、通知与审计记录
P088,IT服务请求,技术后台端,3,S03,自动/人工分派,查看/配合,主办/决策,系统自动/技术保障,P088_S03,P088.stage.03.completed,节点结果、附件、状态事件、通知与审计记录
P088,IT服务请求,技术后台端,4,S04,处理,查看/配合,主办/决策,配置支撑/留痕,P088_S04,P088.stage.04.completed,节点结果、附件、状态事件、通知与审计记录
P088,IT服务请求,技术后台端,5,S05,用户确认,主办/填写,主办/决策,配置支撑/留痕,P088_S05,P088.stage.05.completed,节点结果、附件、状态事件、通知与审计记录
P088,IT服务请求,技术后台端,6,S06,验收,查看/配合,主办/决策,配置支撑/留痕,P088_S06,P088.stage.06.completed,节点结果、附件、状态事件、通知与审计记录
P088,IT服务请求,技术后台端,7,S07,知识沉淀,查看/配合,监督/协同,配置支撑/留痕,P088_S07,P088.stage.07.completed,节点结果、附件、状态事件、通知与审计记录
P089,生产发布,技术后台端,1,S01,发布申请,主办/填写,主办/决策,配置支撑/留痕,P089_S01,P089.stage.01.completed,节点结果、附件、状态事件、通知与审计记录
P089,生产发布,技术后台端,2,S02,测试证据,查看/配合,监督/协同,系统自动/技术保障,P089_S02,P089.stage.02.completed,节点结果、附件、状态事件、通知与审计记录
P089,生产发布,技术后台端,3,S03,业务确认,主办/填写,主办/决策,配置支撑/留痕,P089_S03,P089.stage.03.completed,节点结果、附件、状态事件、通知与审计记录
P089,生产发布,技术后台端,4,S04,变更评审,查看/配合,主办/决策,配置支撑/留痕,P089_S04,P089.stage.04.completed,节点结果、附件、状态事件、通知与审计记录
P089,生产发布,技术后台端,5,S05,窗口执行,主办/填写,监督/协同,配置支撑/留痕,P089_S05,P089.stage.05.completed,节点结果、附件、状态事件、通知与审计记录
P089,生产发布,技术后台端,6,S06,健康检查,查看/配合,监督/协同,配置支撑/留痕,P089_S06,P089.stage.06.completed,节点结果、附件、状态事件、通知与审计记录
P089,生产发布,技术后台端,7,S07,灰度,查看/配合,监督/协同,系统自动/技术保障,P089_S07,P089.stage.07.completed,节点结果、附件、状态事件、通知与审计记录
P089,生产发布,技术后台端,8,S08,全量或回退,查看/配合,监督/协同,配置支撑/留痕,P089_S08,P089.stage.08.completed,节点结果、附件、状态事件、通知与审计记录
P089,生产发布,技术后台端,9,S09,归档,查看/配合,主办/决策,配置支撑/留痕,P089_S09,P089.stage.09.completed,节点结果、附件、状态事件、通知与审计记录
P090,账号执行,技术后台端,1,S01,业务授权批准,查看/配合,主办/决策,配置支撑/留痕,P090_S01,P090.stage.01.completed,节点结果、附件、状态事件、通知与审计记录
P090,账号执行,技术后台端,2,S02,执行任务,主办/填写,监督/协同,配置支撑/留痕,P090_S02,P090.stage.02.completed,节点结果、附件、状态事件、通知与审计记录
P090,账号执行,技术后台端,3,S03,最小权限配置,查看/配合,监督/协同,系统自动/技术保障,P090_S03,P090.stage.03.completed,节点结果、附件、状态事件、通知与审计记录
P090,账号执行,技术后台端,4,S04,回执,查看/配合,监督/协同,配置支撑/留痕,P090_S04,P090.stage.04.completed,节点结果、附件、状态事件、通知与审计记录
P090,账号执行,技术后台端,5,S05,权限复核,查看/配合,主办/决策,系统自动/技术保障,P090_S05,P090.stage.05.completed,节点结果、附件、状态事件、通知与审计记录
P090,账号执行,技术后台端,6,S06,到期/离职回收,查看/配合,监督/协同,配置支撑/留痕,P090_S06,P090.stage.06.completed,节点结果、附件、状态事件、通知与审计记录
P091,恢复演练,技术后台端,1,S01,演练计划,查看/配合,主办/决策,配置支撑/留痕,P091_S01,P091.stage.01.completed,节点结果、附件、状态事件、通知与审计记录
P091,恢复演练,技术后台端,2,S02,备份选择,查看/配合,监督/协同,系统自动/技术保障,P091_S02,P091.stage.02.completed,节点结果、附件、状态事件、通知与审计记录
P091,恢复演练,技术后台端,3,S03,隔离环境恢复,查看/配合,监督/协同,配置支撑/留痕,P091_S03,P091.stage.03.completed,节点结果、附件、状态事件、通知与审计记录
P091,恢复演练,技术后台端,4,S04,数据一致性验证,查看/配合,监督/协同,配置支撑/留痕,P091_S04,P091.stage.04.completed,节点结果、附件、状态事件、通知与审计记录
P091,恢复演练,技术后台端,5,S05,结果报告,查看/配合,监督/协同,配置支撑/留痕,P091_S05,P091.stage.05.completed,节点结果、附件、状态事件、通知与审计记录
P091,恢复演练,技术后台端,6,S06,整改,查看/配合,监督/协同,配置支撑/留痕,P091_S06,P091.stage.06.completed,节点结果、附件、状态事件、通知与审计记录
P092,需求开发,技术后台端,1,S01,需求基线,查看/配合,监督/协同,配置支撑/留痕,P092_S01,P092.stage.01.completed,节点结果、附件、状态事件、通知与审计记录
P092,需求开发,技术后台端,2,S02,方案评审,查看/配合,主办/决策,配置支撑/留痕,P092_S02,P092.stage.02.completed,节点结果、附件、状态事件、通知与审计记录
P092,需求开发,技术后台端,3,S03,任务拆分,查看/配合,监督/协同,配置支撑/留痕,P092_S03,P092.stage.03.completed,节点结果、附件、状态事件、通知与审计记录
P092,需求开发,技术后台端,4,S04,失败测试,查看/配合,监督/协同,系统自动/技术保障,P092_S04,P092.stage.04.completed,节点结果、附件、状态事件、通知与审计记录
P092,需求开发,技术后台端,5,S05,最小实现,查看/配合,监督/协同,配置支撑/留痕,P092_S05,P092.stage.05.completed,节点结果、附件、状态事件、通知与审计记录
P092,需求开发,技术后台端,6,S06,代码评审,查看/配合,主办/决策,配置支撑/留痕,P092_S06,P092.stage.06.completed,节点结果、附件、状态事件、通知与审计记录
P092,需求开发,技术后台端,7,S07,自动化测试,查看/配合,监督/协同,系统自动/技术保障,P092_S07,P092.stage.07.completed,节点结果、附件、状态事件、通知与审计记录
P092,需求开发,技术后台端,8,S08,验收,查看/配合,主办/决策,配置支撑/留痕,P092_S08,P092.stage.08.completed,节点结果、附件、状态事件、通知与审计记录
P092,需求开发,技术后台端,9,S09,发布,查看/配合,主办/决策,配置支撑/留痕,P092_S09,P092.stage.09.completed,节点结果、附件、状态事件、通知与审计记录
P093,缺陷修复,技术后台端,1,S01,复现,查看/配合,监督/协同,配置支撑/留痕,P093_S01,P093.stage.01.completed,节点结果、附件、状态事件、通知与审计记录
P093,缺陷修复,技术后台端,2,S02,严重度,查看/配合,监督/协同,配置支撑/留痕,P093_S02,P093.stage.02.completed,节点结果、附件、状态事件、通知与审计记录
P093,缺陷修复,技术后台端,3,S03,根因,查看/配合,监督/协同,配置支撑/留痕,P093_S03,P093.stage.03.completed,节点结果、附件、状态事件、通知与审计记录
P093,缺陷修复,技术后台端,4,S04,回归测试先行,查看/配合,监督/协同,系统自动/技术保障,P093_S04,P093.stage.04.completed,节点结果、附件、状态事件、通知与审计记录
P093,缺陷修复,技术后台端,5,S05,修复,查看/配合,监督/协同,配置支撑/留痕,P093_S05,P093.stage.05.completed,节点结果、附件、状态事件、通知与审计记录
P093,缺陷修复,技术后台端,6,S06,安全与影响审查,查看/配合,监督/协同,配置支撑/留痕,P093_S06,P093.stage.06.completed,节点结果、附件、状态事件、通知与审计记录
P093,缺陷修复,技术后台端,7,S07,发布,查看/配合,主办/决策,配置支撑/留痕,P093_S07,P093.stage.07.completed,节点结果、附件、状态事件、通知与审计记录
P093,缺陷修复,技术后台端,8,S08,监控,查看/配合,监督/协同,系统自动/技术保障,P093_S08,P093.stage.08.completed,节点结果、附件、状态事件、通知与审计记录
P094,版本发布,技术后台端,1,S01,冻结范围,查看/配合,监督/协同,配置支撑/留痕,P094_S01,P094.stage.01.completed,节点结果、附件、状态事件、通知与审计记录
P094,版本发布,技术后台端,2,S02,构建,查看/配合,监督/协同,系统自动/技术保障,P094_S02,P094.stage.02.completed,节点结果、附件、状态事件、通知与审计记录
P094,版本发布,技术后台端,3,S03,测试门禁,查看/配合,监督/协同,系统自动/技术保障,P094_S03,P094.stage.03.completed,节点结果、附件、状态事件、通知与审计记录
P094,版本发布,技术后台端,4,S04,迁移演练,查看/配合,监督/协同,系统自动/技术保障,P094_S04,P094.stage.04.completed,节点结果、附件、状态事件、通知与审计记录
P094,版本发布,技术后台端,5,S05,变更审批,查看/配合,主办/决策,配置支撑/留痕,P094_S05,P094.stage.05.completed,节点结果、附件、状态事件、通知与审计记录
P094,版本发布,技术后台端,6,S06,灰度,查看/配合,监督/协同,系统自动/技术保障,P094_S06,P094.stage.06.completed,节点结果、附件、状态事件、通知与审计记录
P094,版本发布,技术后台端,7,S07,监控,查看/配合,监督/协同,系统自动/技术保障,P094_S07,P094.stage.07.completed,节点结果、附件、状态事件、通知与审计记录
P094,版本发布,技术后台端,8,S08,全量,查看/配合,监督/协同,配置支撑/留痕,P094_S08,P094.stage.08.completed,节点结果、附件、状态事件、通知与审计记录
P094,版本发布,技术后台端,9,S09,复盘,查看/配合,主办/决策,配置支撑/留痕,P094_S09,P094.stage.09.completed,节点结果、附件、状态事件、通知与审计记录
P095,宣传物料制作,技术后台端,1,S01,需求提交,查看/配合,监督/协同,配置支撑/留痕,P095_S01,P095.stage.01.completed,节点结果、附件、状态事件、通知与审计记录
P095,宣传物料制作,技术后台端,2,S02,完整性检查,查看/配合,监督/协同,配置支撑/留痕,P095_S02,P095.stage.02.completed,节点结果、附件、状态事件、通知与审计记录
P095,宣传物料制作,技术后台端,3,S03,排期,查看/配合,监督/协同,配置支撑/留痕,P095_S03,P095.stage.03.completed,节点结果、附件、状态事件、通知与审计记录
P095,宣传物料制作,技术后台端,4,S04,创作,查看/配合,监督/协同,配置支撑/留痕,P095_S04,P095.stage.04.completed,节点结果、附件、状态事件、通知与审计记录
P095,宣传物料制作,技术后台端,5,S05,内部审核,查看/配合,主办/决策,配置支撑/留痕,P095_S05,P095.stage.05.completed,节点结果、附件、状态事件、通知与审计记录
P095,宣传物料制作,技术后台端,6,S06,需求方确认,主办/填写,主办/决策,配置支撑/留痕,P095_S06,P095.stage.06.completed,节点结果、附件、状态事件、通知与审计记录
P095,宣传物料制作,技术后台端,7,S07,版权检查,查看/配合,监督/协同,配置支撑/留痕,P095_S07,P095.stage.07.completed,节点结果、附件、状态事件、通知与审计记录
P095,宣传物料制作,技术后台端,8,S08,定稿交付,查看/配合,监督/协同,配置支撑/留痕,P095_S08,P095.stage.08.completed,节点结果、附件、状态事件、通知与审计记录
P095,宣传物料制作,技术后台端,9,S09,资产入库,查看/配合,监督/协同,配置支撑/留痕,P095_S09,P095.stage.09.completed,节点结果、附件、状态事件、通知与审计记录
P096,拍摄任务,技术后台端,1,S01,拍摄需求,主办/填写,监督/协同,配置支撑/留痕,P096_S01,P096.stage.01.completed,节点结果、附件、状态事件、通知与审计记录
P096,拍摄任务,技术后台端,2,S02,人员场地授权,查看/配合,监督/协同,配置支撑/留痕,P096_S02,P096.stage.02.completed,节点结果、附件、状态事件、通知与审计记录
P096,拍摄任务,技术后台端,3,S03,脚本与清单,查看/配合,监督/协同,配置支撑/留痕,P096_S03,P096.stage.03.completed,节点结果、附件、状态事件、通知与审计记录
P096,拍摄任务,技术后台端,4,S04,执行,主办/填写,监督/协同,配置支撑/留痕,P096_S04,P096.stage.04.completed,节点结果、附件、状态事件、通知与审计记录
P096,拍摄任务,技术后台端,5,S05,素材回收,查看/配合,监督/协同,配置支撑/留痕,P096_S05,P096.stage.05.completed,节点结果、附件、状态事件、通知与审计记录
P096,拍摄任务,技术后台端,6,S06,筛选后期,查看/配合,监督/协同,配置支撑/留痕,P096_S06,P096.stage.06.completed,节点结果、附件、状态事件、通知与审计记录
P096,拍摄任务,技术后台端,7,S07,审核,查看/配合,主办/决策,配置支撑/留痕,P096_S07,P096.stage.07.completed,节点结果、附件、状态事件、通知与审计记录
P096,拍摄任务,技术后台端,8,S08,归档,查看/配合,主办/决策,配置支撑/留痕,P096_S08,P096.stage.08.completed,节点结果、附件、状态事件、通知与审计记录
P097,返工变更,技术后台端,1,S01,变更申请,主办/填写,监督/协同,配置支撑/留痕,P097_S01,P097.stage.01.completed,节点结果、附件、状态事件、通知与审计记录
P097,返工变更,技术后台端,2,S02,影响分析,查看/配合,监督/协同,配置支撑/留痕,P097_S02,P097.stage.02.completed,节点结果、附件、状态事件、通知与审计记录
P097,返工变更,技术后台端,3,S03,版本冻结,查看/配合,监督/协同,配置支撑/留痕,P097_S03,P097.stage.03.completed,节点结果、附件、状态事件、通知与审计记录
P097,返工变更,技术后台端,4,S04,返工,查看/配合,监督/协同,配置支撑/留痕,P097_S04,P097.stage.04.completed,节点结果、附件、状态事件、通知与审计记录
P097,返工变更,技术后台端,5,S05,重新审核,查看/配合,主办/决策,配置支撑/留痕,P097_S05,P097.stage.05.completed,节点结果、附件、状态事件、通知与审计记录
P097,返工变更,技术后台端,6,S06,替换交付,查看/配合,监督/协同,配置支撑/留痕,P097_S06,P097.stage.06.completed,节点结果、附件、状态事件、通知与审计记录
P097,返工变更,技术后台端,7,S07,旧版停用,查看/配合,监督/协同,配置支撑/留痕,P097_S07,P097.stage.07.completed,节点结果、附件、状态事件、通知与审计记录
P098,策划项目,技术后台端,1,S01,需求,查看/配合,监督/协同,配置支撑/留痕,P098_S01,P098.stage.01.completed,节点结果、附件、状态事件、通知与审计记录
P098,策划项目,技术后台端,2,S02,初评,查看/配合,监督/协同,配置支撑/留痕,P098_S02,P098.stage.02.completed,节点结果、附件、状态事件、通知与审计记录
P098,策划项目,技术后台端,3,S03,立项,查看/配合,监督/协同,配置支撑/留痕,P098_S03,P098.stage.03.completed,节点结果、附件、状态事件、通知与审计记录
P098,策划项目,技术后台端,4,S04,调研,查看/配合,监督/协同,配置支撑/留痕,P098_S04,P098.stage.04.completed,节点结果、附件、状态事件、通知与审计记录
P098,策划项目,技术后台端,5,S05,方案,查看/配合,监督/协同,配置支撑/留痕,P098_S05,P098.stage.05.completed,节点结果、附件、状态事件、通知与审计记录
P098,策划项目,技术后台端,6,S06,评审,查看/配合,主办/决策,配置支撑/留痕,P098_S06,P098.stage.06.completed,节点结果、附件、状态事件、通知与审计记录
P098,策划项目,技术后台端,7,S07,预算资源确认,主办/填写,主办/决策,配置支撑/留痕,P098_S07,P098.stage.07.completed,节点结果、附件、状态事件、通知与审计记录
P098,策划项目,技术后台端,8,S08,批准,查看/配合,主办/决策,配置支撑/留痕,P098_S08,P098.stage.08.completed,节点结果、附件、状态事件、通知与审计记录
P098,策划项目,技术后台端,9,S09,执行移交,主办/填写,监督/协同,配置支撑/留痕,P098_S09,P098.stage.09.completed,节点结果、附件、状态事件、通知与审计记录
P098,策划项目,技术后台端,10,S10,验收复盘,查看/配合,主办/决策,配置支撑/留痕,P098_S10,P098.stage.10.completed,节点结果、附件、状态事件、通知与审计记录
P099,方案变更,技术后台端,1,S01,变更申请,主办/填写,监督/协同,配置支撑/留痕,P099_S01,P099.stage.01.completed,节点结果、附件、状态事件、通知与审计记录
P099,方案变更,技术后台端,2,S02,原因与影响,查看/配合,监督/协同,配置支撑/留痕,P099_S02,P099.stage.02.completed,节点结果、附件、状态事件、通知与审计记录
P099,方案变更,技术后台端,3,S03,受影响中心会签,查看/配合,监督/协同,配置支撑/留痕,P099_S03,P099.stage.03.completed,节点结果、附件、状态事件、通知与审计记录
P099,方案变更,技术后台端,4,S04,新版本批准,查看/配合,主办/决策,配置支撑/留痕,P099_S04,P099.stage.04.completed,节点结果、附件、状态事件、通知与审计记录
P099,方案变更,技术后台端,5,S05,任务和预算同步,查看/配合,监督/协同,系统自动/技术保障,P099_S05,P099.stage.05.completed,节点结果、附件、状态事件、通知与审计记录
P099,方案变更,技术后台端,6,S06,旧版停用,查看/配合,监督/协同,配置支撑/留痕,P099_S06,P099.stage.06.completed,节点结果、附件、状态事件、通知与审计记录
P100,活动策划移交,技术后台端,1,S01,活动目标,查看/配合,监督/协同,配置支撑/留痕,P100_S01,P100.stage.01.completed,节点结果、附件、状态事件、通知与审计记录
P100,活动策划移交,技术后台端,2,S02,方案和流程,查看/配合,监督/协同,配置支撑/留痕,P100_S02,P100.stage.02.completed,节点结果、附件、状态事件、通知与审计记录
P100,活动策划移交,技术后台端,3,S03,人员资源清单,查看/配合,主办/决策,配置支撑/留痕,P100_S03,P100.stage.03.completed,节点结果、附件、状态事件、通知与审计记录
P100,活动策划移交,技术后台端,4,S04,行政活动主单,查看/配合,监督/协同,配置支撑/留痕,P100_S04,P100.stage.04.completed,节点结果、附件、状态事件、通知与审计记录
P100,活动策划移交,技术后台端,5,S05,现场执行,主办/填写,监督/协同,配置支撑/留痕,P100_S05,P100.stage.05.completed,节点结果、附件、状态事件、通知与审计记录
P100,活动策划移交,技术后台端,6,S06,数据回收,查看/配合,监督/协同,配置支撑/留痕,P100_S06,P100.stage.06.completed,节点结果、附件、状态事件、通知与审计记录
P100,活动策划移交,技术后台端,7,S07,效果复盘,查看/配合,主办/决策,配置支撑/留痕,P100_S07,P100.stage.07.completed,节点结果、附件、状态事件、通知与审计记录
P101,产品上架,技术后台端,1,S01,产品资料,查看/配合,监督/协同,配置支撑/留痕,P101_S01,P101.stage.01.completed,节点结果、附件、状态事件、通知与审计记录
P101,产品上架,技术后台端,2,S02,内部产品映射,查看/配合,监督/协同,配置支撑/留痕,P101_S02,P101.stage.02.completed,节点结果、附件、状态事件、通知与审计记录
P101,产品上架,技术后台端,3,S03,价格库存规则,查看/配合,监督/协同,配置支撑/留痕,P101_S03,P101.stage.03.completed,节点结果、附件、状态事件、通知与审计记录
P101,产品上架,技术后台端,4,S04,内容审核,查看/配合,主办/决策,配置支撑/留痕,P101_S04,P101.stage.04.completed,节点结果、附件、状态事件、通知与审计记录
P101,产品上架,技术后台端,5,S05,平台发布,查看/配合,主办/决策,配置支撑/留痕,P101_S05,P101.stage.05.completed,节点结果、附件、状态事件、通知与审计记录
P101,产品上架,技术后台端,6,S06,回传校验,查看/配合,主办/决策,配置支撑/留痕,P101_S06,P101.stage.06.completed,节点结果、附件、状态事件、通知与审计记录
P101,产品上架,技术后台端,7,S07,监控,查看/配合,监督/协同,系统自动/技术保障,P101_S07,P101.stage.07.completed,节点结果、附件、状态事件、通知与审计记录
P102,OTA订单,技术后台端,1,S01,平台订单,查看/配合,监督/协同,配置支撑/留痕,P102_S01,P102.stage.01.completed,节点结果、附件、状态事件、通知与审计记录
P102,OTA订单,技术后台端,2,S02,签名与防重,查看/配合,监督/协同,系统自动/技术保障,P102_S02,P102.stage.02.completed,节点结果、附件、状态事件、通知与审计记录
P102,OTA订单,技术后台端,3,S03,价格库存校验,查看/配合,主办/决策,配置支撑/留痕,P102_S03,P102.stage.03.completed,节点结果、附件、状态事件、通知与审计记录
P102,OTA订单,技术后台端,4,S04,内部订单创建,查看/配合,监督/协同,配置支撑/留痕,P102_S04,P102.stage.04.completed,节点结果、附件、状态事件、通知与审计记录
P102,OTA订单,技术后台端,5,S05,出票/预约,查看/配合,监督/协同,配置支撑/留痕,P102_S05,P102.stage.05.completed,节点结果、附件、状态事件、通知与审计记录
P102,OTA订单,技术后台端,6,S06,核销,主办/填写,监督/协同,配置支撑/留痕,P102_S06,P102.stage.06.completed,节点结果、附件、状态事件、通知与审计记录
P102,OTA订单,技术后台端,7,S07,结算,查看/配合,监督/协同,配置支撑/留痕,P102_S07,P102.stage.07.completed,节点结果、附件、状态事件、通知与审计记录
P103,退款,技术后台端,1,S01,平台申请,主办/填写,监督/协同,配置支撑/留痕,P103_S01,P103.stage.01.completed,节点结果、附件、状态事件、通知与审计记录
P103,退款,技术后台端,2,S02,内部规则校验,查看/配合,主办/决策,配置支撑/留痕,P103_S02,P103.stage.02.completed,节点结果、附件、状态事件、通知与审计记录
P103,退款,技术后台端,3,S03,票码冻结,查看/配合,监督/协同,配置支撑/留痕,P103_S03,P103.stage.03.completed,节点结果、附件、状态事件、通知与审计记录
P103,退款,技术后台端,4,S04,退款执行,主办/填写,监督/协同,配置支撑/留痕,P103_S04,P103.stage.04.completed,节点结果、附件、状态事件、通知与审计记录
P103,退款,技术后台端,5,S05,平台回调,查看/配合,监督/协同,系统自动/技术保障,P103_S05,P103.stage.05.completed,节点结果、附件、状态事件、通知与审计记录
P103,退款,技术后台端,6,S06,财务冲销,查看/配合,监督/协同,配置支撑/留痕,P103_S06,P103.stage.06.completed,节点结果、附件、状态事件、通知与审计记录
P103,退款,技术后台端,7,S07,状态一致性对账,查看/配合,主办/决策,配置支撑/留痕,P103_S07,P103.stage.07.completed,节点结果、附件、状态事件、通知与审计记录
P104,评价客诉,技术后台端,1,S01,评价抓取,主办/填写,监督/协同,配置支撑/留痕,P104_S01,P104.stage.01.completed,节点结果、附件、状态事件、通知与审计记录
P104,评价客诉,技术后台端,2,S02,分类,查看/配合,监督/协同,配置支撑/留痕,P104_S02,P104.stage.02.completed,节点结果、附件、状态事件、通知与审计记录
P104,评价客诉,技术后台端,3,S03,回复审批,查看/配合,主办/决策,配置支撑/留痕,P104_S03,P104.stage.03.completed,节点结果、附件、状态事件、通知与审计记录
P104,评价客诉,技术后台端,4,S04,客服处理,查看/配合,主办/决策,配置支撑/留痕,P104_S04,P104.stage.04.completed,节点结果、附件、状态事件、通知与审计记录
P104,评价客诉,技术后台端,5,S05,重大投诉转案件,查看/配合,监督/协同,配置支撑/留痕,P104_S05,P104.stage.05.completed,节点结果、附件、状态事件、通知与审计记录
P104,评价客诉,技术后台端,6,S06,回访,查看/配合,监督/协同,配置支撑/留痕,P104_S06,P104.stage.06.completed,节点结果、附件、状态事件、通知与审计记录
P105,短视频发布,技术后台端,1,S01,选题,查看/配合,监督/协同,配置支撑/留痕,P105_S01,P105.stage.01.completed,节点结果、附件、状态事件、通知与审计记录
P105,短视频发布,技术后台端,2,S02,脚本,查看/配合,监督/协同,配置支撑/留痕,P105_S02,P105.stage.02.completed,节点结果、附件、状态事件、通知与审计记录
P105,短视频发布,技术后台端,3,S03,专业事实审核,查看/配合,主办/决策,配置支撑/留痕,P105_S03,P105.stage.03.completed,节点结果、附件、状态事件、通知与审计记录
P105,短视频发布,技术后台端,4,S04,拍摄,主办/填写,监督/协同,配置支撑/留痕,P105_S04,P105.stage.04.completed,节点结果、附件、状态事件、通知与审计记录
P105,短视频发布,技术后台端,5,S05,剪辑,查看/配合,监督/协同,配置支撑/留痕,P105_S05,P105.stage.05.completed,节点结果、附件、状态事件、通知与审计记录
P105,短视频发布,技术后台端,6,S06,版权品牌审核,查看/配合,主办/决策,配置支撑/留痕,P105_S06,P105.stage.06.completed,节点结果、附件、状态事件、通知与审计记录
P105,短视频发布,技术后台端,7,S07,发布审批,查看/配合,主办/决策,配置支撑/留痕,P105_S07,P105.stage.07.completed,节点结果、附件、状态事件、通知与审计记录
P105,短视频发布,技术后台端,8,S08,上线,查看/配合,监督/协同,配置支撑/留痕,P105_S08,P105.stage.08.completed,节点结果、附件、状态事件、通知与审计记录
P105,短视频发布,技术后台端,9,S09,数据回收,查看/配合,监督/协同,配置支撑/留痕,P105_S09,P105.stage.09.completed,节点结果、附件、状态事件、通知与审计记录
P105,短视频发布,技术后台端,10,S10,复盘,查看/配合,主办/决策,配置支撑/留痕,P105_S10,P105.stage.10.completed,节点结果、附件、状态事件、通知与审计记录
P106,直播执行,技术后台端,1,S01,直播立项,主办/填写,监督/协同,配置支撑/留痕,P106_S01,P106.stage.01.completed,节点结果、附件、状态事件、通知与审计记录
P106,直播执行,技术后台端,2,S02,产品与话术,查看/配合,监督/协同,配置支撑/留痕,P106_S02,P106.stage.02.completed,节点结果、附件、状态事件、通知与审计记录
P106,直播执行,技术后台端,3,S03,主播场控排班,查看/配合,主办/决策,配置支撑/留痕,P106_S03,P106.stage.03.completed,节点结果、附件、状态事件、通知与审计记录
P106,直播执行,技术后台端,4,S04,设备联调,查看/配合,监督/协同,配置支撑/留痕,P106_S04,P106.stage.04.completed,节点结果、附件、状态事件、通知与审计记录
P106,直播执行,技术后台端,5,S05,开播,查看/配合,监督/协同,配置支撑/留痕,P106_S05,P106.stage.05.completed,节点结果、附件、状态事件、通知与审计记录
P106,直播执行,技术后台端,6,S06,异常处置,查看/配合,监督/协同,配置支撑/留痕,P106_S06,P106.stage.06.completed,节点结果、附件、状态事件、通知与审计记录
P106,直播执行,技术后台端,7,S07,订单线索回传,查看/配合,监督/协同,配置支撑/留痕,P106_S07,P106.stage.07.completed,节点结果、附件、状态事件、通知与审计记录
P106,直播执行,技术后台端,8,S08,复盘,查看/配合,主办/决策,配置支撑/留痕,P106_S08,P106.stage.08.completed,节点结果、附件、状态事件、通知与审计记录
P107,投放,技术后台端,1,S01,投放目标,查看/配合,监督/协同,配置支撑/留痕,P107_S01,P107.stage.01.completed,节点结果、附件、状态事件、通知与审计记录
P107,投放,技术后台端,2,S02,预算,查看/配合,监督/协同,配置支撑/留痕,P107_S02,P107.stage.02.completed,节点结果、附件、状态事件、通知与审计记录
P107,投放,技术后台端,3,S03,素材,查看/配合,监督/协同,配置支撑/留痕,P107_S03,P107.stage.03.completed,节点结果、附件、状态事件、通知与审计记录
P107,投放,技术后台端,4,S04,人群,查看/配合,监督/协同,配置支撑/留痕,P107_S04,P107.stage.04.completed,节点结果、附件、状态事件、通知与审计记录
P107,投放,技术后台端,5,S05,审批,查看/配合,主办/决策,配置支撑/留痕,P107_S05,P107.stage.05.completed,节点结果、附件、状态事件、通知与审计记录
P107,投放,技术后台端,6,S06,上线,查看/配合,监督/协同,配置支撑/留痕,P107_S06,P107.stage.06.completed,节点结果、附件、状态事件、通知与审计记录
P107,投放,技术后台端,7,S07,监控,查看/配合,监督/协同,系统自动/技术保障,P107_S07,P107.stage.07.completed,节点结果、附件、状态事件、通知与审计记录
P107,投放,技术后台端,8,S08,调整,查看/配合,监督/协同,配置支撑/留痕,P107_S08,P107.stage.08.completed,节点结果、附件、状态事件、通知与审计记录
P107,投放,技术后台端,9,S09,关闭,查看/配合,主办/决策,配置支撑/留痕,P107_S09,P107.stage.09.completed,节点结果、附件、状态事件、通知与审计记录
P107,投放,技术后台端,10,S10,财务对账,查看/配合,主办/决策,配置支撑/留痕,P107_S10,P107.stage.10.completed,节点结果、附件、状态事件、通知与审计记录
P108,舆情,技术后台端,1,S01,发现,查看/配合,监督/协同,配置支撑/留痕,P108_S01,P108.stage.01.completed,节点结果、附件、状态事件、通知与审计记录
P108,舆情,技术后台端,2,S02,分级,查看/配合,监督/协同,配置支撑/留痕,P108_S02,P108.stage.02.completed,节点结果、附件、状态事件、通知与审计记录
P108,舆情,技术后台端,3,S03,暂停自动回复,查看/配合,监督/协同,系统自动/技术保障,P108_S03,P108.stage.03.completed,节点结果、附件、状态事件、通知与审计记录
P108,舆情,技术后台端,4,S04,事实核验,查看/配合,主办/决策,配置支撑/留痕,P108_S04,P108.stage.04.completed,节点结果、附件、状态事件、通知与审计记录
P108,舆情,技术后台端,5,S05,统一口径,查看/配合,监督/协同,配置支撑/留痕,P108_S05,P108.stage.05.completed,节点结果、附件、状态事件、通知与审计记录
P108,舆情,技术后台端,6,S06,响应,查看/配合,监督/协同,配置支撑/留痕,P108_S06,P108.stage.06.completed,节点结果、附件、状态事件、通知与审计记录
P108,舆情,技术后台端,7,S07,持续监控,查看/配合,监督/协同,系统自动/技术保障,P108_S07,P108.stage.07.completed,节点结果、附件、状态事件、通知与审计记录
P108,舆情,技术后台端,8,S08,案件或复盘,查看/配合,主办/决策,配置支撑/留痕,P108_S08,P108.stage.08.completed,节点结果、附件、状态事件、通知与审计记录
P109,品牌授权,技术后台端,1,S01,申请,主办/填写,监督/协同,配置支撑/留痕,P109_S01,P109.stage.01.completed,节点结果、附件、状态事件、通知与审计记录
P109,品牌授权,技术后台端,2,S02,用途主体期限,查看/配合,监督/协同,配置支撑/留痕,P109_S02,P109.stage.02.completed,节点结果、附件、状态事件、通知与审计记录
P109,品牌授权,技术后台端,3,S03,材料核验,查看/配合,主办/决策,配置支撑/留痕,P109_S03,P109.stage.03.completed,节点结果、附件、状态事件、通知与审计记录
P109,品牌授权,技术后台端,4,S04,风险评估,查看/配合,监督/协同,配置支撑/留痕,P109_S04,P109.stage.04.completed,节点结果、附件、状态事件、通知与审计记录
P109,品牌授权,技术后台端,5,S05,审批,查看/配合,主办/决策,配置支撑/留痕,P109_S05,P109.stage.05.completed,节点结果、附件、状态事件、通知与审计记录
P109,品牌授权,技术后台端,6,S06,授权文件,查看/配合,监督/协同,配置支撑/留痕,P109_S06,P109.stage.06.completed,节点结果、附件、状态事件、通知与审计记录
P109,品牌授权,技术后台端,7,S07,到期提醒,查看/配合,监督/协同,配置支撑/留痕,P109_S07,P109.stage.07.completed,节点结果、附件、状态事件、通知与审计记录
P109,品牌授权,技术后台端,8,S08,终止/续期,查看/配合,监督/协同,配置支撑/留痕,P109_S08,P109.stage.08.completed,节点结果、附件、状态事件、通知与审计记录
P110,物料审核,技术后台端,1,S01,提交物料,查看/配合,监督/协同,配置支撑/留痕,P110_S01,P110.stage.01.completed,节点结果、附件、状态事件、通知与审计记录
P110,物料审核,技术后台端,2,S02,规范自动检查,查看/配合,监督/协同,系统自动/技术保障,P110_S02,P110.stage.02.completed,节点结果、附件、状态事件、通知与审计记录
P110,物料审核,技术后台端,3,S03,人工审核,查看/配合,主办/决策,配置支撑/留痕,P110_S03,P110.stage.03.completed,节点结果、附件、状态事件、通知与审计记录
P110,物料审核,技术后台端,4,S04,退回修改,查看/配合,监督/协同,配置支撑/留痕,P110_S04,P110.stage.04.completed,节点结果、附件、状态事件、通知与审计记录
P110,物料审核,技术后台端,5,S05,批准,查看/配合,主办/决策,配置支撑/留痕,P110_S05,P110.stage.05.completed,节点结果、附件、状态事件、通知与审计记录
P110,物料审核,技术后台端,6,S06,版本固化,查看/配合,监督/协同,配置支撑/留痕,P110_S06,P110.stage.06.completed,节点结果、附件、状态事件、通知与审计记录
P110,物料审核,技术后台端,7,S07,发布移交,查看/配合,主办/决策,配置支撑/留痕,P110_S07,P110.stage.07.completed,节点结果、附件、状态事件、通知与审计记录
P111,侵权处理,技术后台端,1,S01,线索,查看/配合,监督/协同,配置支撑/留痕,P111_S01,P111.stage.01.completed,节点结果、附件、状态事件、通知与审计记录
P111,侵权处理,技术后台端,2,S02,证据保全,查看/配合,监督/协同,配置支撑/留痕,P111_S02,P111.stage.02.completed,节点结果、附件、状态事件、通知与审计记录
P111,侵权处理,技术后台端,3,S03,真实性核验,查看/配合,主办/决策,配置支撑/留痕,P111_S03,P111.stage.03.completed,节点结果、附件、状态事件、通知与审计记录
P111,侵权处理,技术后台端,4,S04,风险分级,查看/配合,监督/协同,配置支撑/留痕,P111_S04,P111.stage.04.completed,节点结果、附件、状态事件、通知与审计记录
P111,侵权处理,技术后台端,5,S05,通知或法务协同,查看/配合,监督/协同,配置支撑/留痕,P111_S05,P111.stage.05.completed,节点结果、附件、状态事件、通知与审计记录
P111,侵权处理,技术后台端,6,S06,下架整改,查看/配合,监督/协同,配置支撑/留痕,P111_S06,P111.stage.06.completed,节点结果、附件、状态事件、通知与审计记录
P111,侵权处理,技术后台端,7,S07,复查,查看/配合,监督/协同,配置支撑/留痕,P111_S07,P111.stage.07.completed,节点结果、附件、状态事件、通知与审计记录
P111,侵权处理,技术后台端,8,S08,关闭,查看/配合,主办/决策,配置支撑/留痕,P111_S08,P111.stage.08.completed,节点结果、附件、状态事件、通知与审计记录
P112,标准接待,技术后台端,1,S01,需求,查看/配合,监督/协同,配置支撑/留痕,P112_S01,P112.stage.01.completed,节点结果、附件、状态事件、通知与审计记录
P112,标准接待,技术后台端,2,S02,客情核验,查看/配合,主办/决策,配置支撑/留痕,P112_S02,P112.stage.02.completed,节点结果、附件、状态事件、通知与审计记录
P112,标准接待,技术后台端,3,S03,等级预算审批,查看/配合,主办/决策,配置支撑/留痕,P112_S03,P112.stage.03.completed,节点结果、附件、状态事件、通知与审计记录
P112,标准接待,技术后台端,4,S04,方案,查看/配合,监督/协同,配置支撑/留痕,P112_S04,P112.stage.04.completed,节点结果、附件、状态事件、通知与审计记录
P112,标准接待,技术后台端,5,S05,资源子单,查看/配合,主办/决策,配置支撑/留痕,P112_S05,P112.stage.05.completed,节点结果、附件、状态事件、通知与审计记录
P112,标准接待,技术后台端,6,S06,行前确认,主办/填写,主办/决策,配置支撑/留痕,P112_S06,P112.stage.06.completed,节点结果、附件、状态事件、通知与审计记录
P112,标准接待,技术后台端,7,S07,接待执行,主办/填写,监督/协同,配置支撑/留痕,P112_S07,P112.stage.07.completed,节点结果、附件、状态事件、通知与审计记录
P112,标准接待,技术后台端,8,S08,离场,查看/配合,监督/协同,配置支撑/留痕,P112_S08,P112.stage.08.completed,节点结果、附件、状态事件、通知与审计记录
P112,标准接待,技术后台端,9,S09,回访,查看/配合,监督/协同,配置支撑/留痕,P112_S09,P112.stage.09.completed,节点结果、附件、状态事件、通知与审计记录
P112,标准接待,技术后台端,10,S10,费用与复盘,查看/配合,主办/决策,配置支撑/留痕,P112_S10,P112.stage.10.completed,节点结果、附件、状态事件、通知与审计记录
P113,临时变更,技术后台端,1,S01,变更提出,查看/配合,监督/协同,配置支撑/留痕,P113_S01,P113.stage.01.completed,节点结果、附件、状态事件、通知与审计记录
P113,临时变更,技术后台端,2,S02,指定联系人确认,主办/填写,主办/决策,配置支撑/留痕,P113_S02,P113.stage.02.completed,节点结果、附件、状态事件、通知与审计记录
P113,临时变更,技术后台端,3,S03,影响分析,查看/配合,监督/协同,配置支撑/留痕,P113_S03,P113.stage.03.completed,节点结果、附件、状态事件、通知与审计记录
P113,临时变更,技术后台端,4,S04,更新唯一行程,查看/配合,监督/协同,配置支撑/留痕,P113_S04,P113.stage.04.completed,节点结果、附件、状态事件、通知与审计记录
P113,临时变更,技术后台端,5,S05,资源子单调整,查看/配合,主办/决策,配置支撑/留痕,P113_S05,P113.stage.05.completed,节点结果、附件、状态事件、通知与审计记录
P113,临时变更,技术后台端,6,S06,人员通知,查看/配合,监督/协同,配置支撑/留痕,P113_S06,P113.stage.06.completed,节点结果、附件、状态事件、通知与审计记录
P113,临时变更,技术后台端,7,S07,损耗记录,查看/配合,监督/协同,配置支撑/留痕,P113_S07,P113.stage.07.completed,节点结果、附件、状态事件、通知与审计记录
P114,导游执行,技术后台端,1,S01,排班,查看/配合,主办/决策,配置支撑/留痕,P114_S01,P114.stage.01.completed,节点结果、附件、状态事件、通知与审计记录
P114,导游执行,技术后台端,2,S02,路线讲解词版本,主办/填写,监督/协同,配置支撑/留痕,P114_S02,P114.stage.02.completed,节点结果、附件、状态事件、通知与审计记录
P114,导游执行,技术后台端,3,S03,人数票务天气确认,主办/填写,主办/决策,配置支撑/留痕,P114_S03,P114.stage.03.completed,节点结果、附件、状态事件、通知与审计记录
P114,导游执行,技术后台端,4,S04,出发,查看/配合,监督/协同,配置支撑/留痕,P114_S04,P114.stage.04.completed,节点结果、附件、状态事件、通知与审计记录
P114,导游执行,技术后台端,5,S05,持续清点,查看/配合,监督/协同,配置支撑/留痕,P114_S05,P114.stage.05.completed,节点结果、附件、状态事件、通知与审计记录
P114,导游执行,技术后台端,6,S06,异常处置,查看/配合,监督/协同,配置支撑/留痕,P114_S06,P114.stage.06.completed,节点结果、附件、状态事件、通知与审计记录
P114,导游执行,技术后台端,7,S07,结束反馈,主办/填写,监督/协同,配置支撑/留痕,P114_S07,P114.stage.07.completed,节点结果、附件、状态事件、通知与审计记录
P115,接待客诉,技术后台端,1,S01,受理,查看/配合,主办/决策,配置支撑/留痕,P115_S01,P115.stage.01.completed,节点结果、附件、状态事件、通知与审计记录
P115,接待客诉,技术后台端,2,S02,先行服务补救,查看/配合,监督/协同,配置支撑/留痕,P115_S02,P115.stage.02.completed,节点结果、附件、状态事件、通知与审计记录
P115,接待客诉,技术后台端,3,S03,事实记录,查看/配合,监督/协同,配置支撑/留痕,P115_S03,P115.stage.03.completed,节点结果、附件、状态事件、通知与审计记录
P115,接待客诉,技术后台端,4,S04,统一案件,查看/配合,监督/协同,配置支撑/留痕,P115_S04,P115.stage.04.completed,节点结果、附件、状态事件、通知与审计记录
P115,接待客诉,技术后台端,5,S05,调查,查看/配合,主办/决策,配置支撑/留痕,P115_S05,P115.stage.05.completed,节点结果、附件、状态事件、通知与审计记录
P115,接待客诉,技术后台端,6,S06,回访,查看/配合,监督/协同,配置支撑/留痕,P115_S06,P115.stage.06.completed,节点结果、附件、状态事件、通知与审计记录
P115,接待客诉,技术后台端,7,S07,整改,查看/配合,监督/协同,配置支撑/留痕,P115_S07,P115.stage.07.completed,节点结果、附件、状态事件、通知与审计记录
P116,线索转商机,技术后台端,1,S01,线索进入,查看/配合,监督/协同,配置支撑/留痕,P116_S01,P116.stage.01.completed,节点结果、附件、状态事件、通知与审计记录
P116,线索转商机,技术后台端,2,S02,合法性和查重,查看/配合,监督/协同,配置支撑/留痕,P116_S02,P116.stage.02.completed,节点结果、附件、状态事件、通知与审计记录
P116,线索转商机,技术后台端,3,S03,分配,查看/配合,监督/协同,配置支撑/留痕,P116_S03,P116.stage.03.completed,节点结果、附件、状态事件、通知与审计记录
P116,线索转商机,技术后台端,4,S04,首次联系,查看/配合,监督/协同,配置支撑/留痕,P116_S04,P116.stage.04.completed,节点结果、附件、状态事件、通知与审计记录
P116,线索转商机,技术后台端,5,S05,资格判断,查看/配合,监督/协同,配置支撑/留痕,P116_S05,P116.stage.05.completed,节点结果、附件、状态事件、通知与审计记录
P116,线索转商机,技术后台端,6,S06,转商机或关闭,查看/配合,主办/决策,配置支撑/留痕,P116_S06,P116.stage.06.completed,节点结果、附件、状态事件、通知与审计记录
P116,线索转商机,技术后台端,7,S07,下一步任务,查看/配合,监督/协同,配置支撑/留痕,P116_S07,P116.stage.07.completed,节点结果、附件、状态事件、通知与审计记录
P117,销售成交,技术后台端,1,S01,需求,查看/配合,监督/协同,配置支撑/留痕,P117_S01,P117.stage.01.completed,节点结果、附件、状态事件、通知与审计记录
P117,销售成交,技术后台端,2,S02,方案,查看/配合,监督/协同,配置支撑/留痕,P117_S02,P117.stage.02.completed,节点结果、附件、状态事件、通知与审计记录
P117,销售成交,技术后台端,3,S03,报价审批,查看/配合,主办/决策,配置支撑/留痕,P117_S03,P117.stage.03.completed,节点结果、附件、状态事件、通知与审计记录
P117,销售成交,技术后台端,4,S04,商务谈判,查看/配合,监督/协同,配置支撑/留痕,P117_S04,P117.stage.04.completed,节点结果、附件、状态事件、通知与审计记录
P117,销售成交,技术后台端,5,S05,合同协同,查看/配合,监督/协同,配置支撑/留痕,P117_S05,P117.stage.05.completed,节点结果、附件、状态事件、通知与审计记录
P117,销售成交,技术后台端,6,S06,订单,查看/配合,监督/协同,配置支撑/留痕,P117_S06,P117.stage.06.completed,节点结果、附件、状态事件、通知与审计记录
P117,销售成交,技术后台端,7,S07,交付移交,查看/配合,监督/协同,配置支撑/留痕,P117_S07,P117.stage.07.completed,节点结果、附件、状态事件、通知与审计记录
P117,销售成交,技术后台端,8,S08,回款,查看/配合,监督/协同,配置支撑/留痕,P117_S08,P117.stage.08.completed,节点结果、附件、状态事件、通知与审计记录
P117,销售成交,技术后台端,9,S09,复购,查看/配合,监督/协同,配置支撑/留痕,P117_S09,P117.stage.09.completed,节点结果、附件、状态事件、通知与审计记录
P118,二次销售,技术后台端,1,S01,服务场景产生线索,查看/配合,监督/协同,配置支撑/留痕,P118_S01,P118.stage.01.completed,节点结果、附件、状态事件、通知与审计记录
P118,二次销售,技术后台端,2,S02,员工工号/二维码归属,查看/配合,监督/协同,配置支撑/留痕,P118_S02,P118.stage.02.completed,节点结果、附件、状态事件、通知与审计记录
P118,二次销售,技术后台端,3,S03,成交,查看/配合,监督/协同,配置支撑/留痕,P118_S03,P118.stage.03.completed,节点结果、附件、状态事件、通知与审计记录
P118,二次销售,技术后台端,4,S04,核销交付,主办/填写,监督/协同,配置支撑/留痕,P118_S04,P118.stage.04.completed,节点结果、附件、状态事件、通知与审计记录
P118,二次销售,技术后台端,5,S05,退款观察,查看/配合,监督/协同,配置支撑/留痕,P118_S05,P118.stage.05.completed,节点结果、附件、状态事件、通知与审计记录
P118,二次销售,技术后台端,6,S06,贡献角色确认,主办/填写,主办/决策,配置支撑/留痕,P118_S06,P118.stage.06.completed,节点结果、附件、状态事件、通知与审计记录
P118,二次销售,技术后台端,7,S07,提成基础,查看/配合,监督/协同,配置支撑/留痕,P118_S07,P118.stage.07.completed,节点结果、附件、状态事件、通知与审计记录
P119,客户移交,技术后台端,1,S01,人员调岗离职,查看/配合,监督/协同,配置支撑/留痕,P119_S01,P119.stage.01.completed,节点结果、附件、状态事件、通知与审计记录
P119,客户移交,技术后台端,2,S02,未结客户清单,查看/配合,监督/协同,配置支撑/留痕,P119_S02,P119.stage.02.completed,节点结果、附件、状态事件、通知与审计记录
P119,客户移交,技术后台端,3,S03,新责任人,查看/配合,监督/协同,配置支撑/留痕,P119_S03,P119.stage.03.completed,节点结果、附件、状态事件、通知与审计记录
P119,客户移交,技术后台端,4,S04,客户沟通,主办/填写,监督/协同,配置支撑/留痕,P119_S04,P119.stage.04.completed,节点结果、附件、状态事件、通知与审计记录
P119,客户移交,技术后台端,5,S05,权限转移,查看/配合,监督/协同,系统自动/技术保障,P119_S05,P119.stage.05.completed,节点结果、附件、状态事件、通知与审计记录
P119,客户移交,技术后台端,6,S06,移交验收,查看/配合,主办/决策,配置支撑/留痕,P119_S06,P119.stage.06.completed,节点结果、附件、状态事件、通知与审计记录
P120,全员生命周期闭环,技术后台端,1,S01,用人需求,查看/配合,监督/协同,配置支撑/留痕,P120_S01,P120.stage.01.completed,节点结果、附件、状态事件、通知与审计记录
P120,全员生命周期闭环,技术后台端,2,S02,招聘录用,查看/配合,监督/协同,配置支撑/留痕,P120_S02,P120.stage.02.completed,节点结果、附件、状态事件、通知与审计记录
P120,全员生命周期闭环,技术后台端,3,S03,入职,查看/配合,监督/协同,配置支撑/留痕,P120_S03,P120.stage.03.completed,节点结果、附件、状态事件、通知与审计记录
P120,全员生命周期闭环,技术后台端,4,S04,试用转正,查看/配合,监督/协同,配置支撑/留痕,P120_S04,P120.stage.04.completed,节点结果、附件、状态事件、通知与审计记录
P120,全员生命周期闭环,技术后台端,5,S05,在岗学习与绩效,主办/填写,监督/协同,配置支撑/留痕,P120_S05,P120.stage.05.completed,节点结果、附件、状态事件、通知与审计记录
P120,全员生命周期闭环,技术后台端,6,S06,调岗/兼岗/晋升,查看/配合,监督/协同,配置支撑/留痕,P120_S06,P120.stage.06.completed,节点结果、附件、状态事件、通知与审计记录
P120,全员生命周期闭环,技术后台端,7,S07,奖励纪律与关怀,查看/配合,监督/协同,配置支撑/留痕,P120_S07,P120.stage.07.completed,节点结果、附件、状态事件、通知与审计记录
P120,全员生命周期闭环,技术后台端,8,S08,离职交接,主办/填写,监督/协同,配置支撑/留痕,P120_S08,P120.stage.08.completed,节点结果、附件、状态事件、通知与审计记录
P120,全员生命周期闭环,技术后台端,9,S09,历史归档,查看/配合,主办/决策,配置支撑/留痕,P120_S09,P120.stage.09.completed,节点结果、附件、状态事件、通知与审计记录
P121,市场获客到交付回款闭环,技术后台端,1,S01,市场/新媒体线索,查看/配合,监督/协同,配置支撑/留痕,P121_S01,P121.stage.01.completed,节点结果、附件、状态事件、通知与审计记录
P121,市场获客到交付回款闭环,技术后台端,2,S02,客户查重与归属,查看/配合,监督/协同,配置支撑/留痕,P121_S02,P121.stage.02.completed,节点结果、附件、状态事件、通知与审计记录
P121,市场获客到交付回款闭环,技术后台端,3,S03,商机,查看/配合,监督/协同,配置支撑/留痕,P121_S03,P121.stage.03.completed,节点结果、附件、状态事件、通知与审计记录
P121,市场获客到交付回款闭环,技术后台端,4,S04,方案与报价,查看/配合,监督/协同,配置支撑/留痕,P121_S04,P121.stage.04.completed,节点结果、附件、状态事件、通知与审计记录
P121,市场获客到交付回款闭环,技术后台端,5,S05,合同/订单,查看/配合,监督/协同,配置支撑/留痕,P121_S05,P121.stage.05.completed,节点结果、附件、状态事件、通知与审计记录
P121,市场获客到交付回款闭环,技术后台端,6,S06,票务/教育/接待/演艺/餐饮交付,查看/配合,监督/协同,配置支撑/留痕,P121_S06,P121.stage.06.completed,节点结果、附件、状态事件、通知与审计记录
P121,市场获客到交付回款闭环,技术后台端,7,S07,回款,查看/配合,监督/协同,配置支撑/留痕,P121_S07,P121.stage.07.completed,节点结果、附件、状态事件、通知与审计记录
P121,市场获客到交付回款闭环,技术后台端,8,S08,贡献毛利,查看/配合,监督/协同,配置支撑/留痕,P121_S08,P121.stage.08.completed,节点结果、附件、状态事件、通知与审计记录
P121,市场获客到交付回款闭环,技术后台端,9,S09,提成,查看/配合,监督/协同,配置支撑/留痕,P121_S09,P121.stage.09.completed,节点结果、附件、状态事件、通知与审计记录
P121,市场获客到交付回款闭环,技术后台端,10,S10,复购与客户运营,查看/配合,监督/协同,配置支撑/留痕,P121_S10,P121.stage.10.completed,节点结果、附件、状态事件、通知与审计记录
P122,接待资源闭环,技术后台端,1,S01,接待主单,查看/配合,监督/协同,配置支撑/留痕,P122_S01,P122.stage.01.completed,节点结果、附件、状态事件、通知与审计记录
P122,接待资源闭环,技术后台端,2,S02,唯一行程,查看/配合,监督/协同,配置支撑/留痕,P122_S02,P122.stage.02.completed,节点结果、附件、状态事件、通知与审计记录
P122,接待资源闭环,技术后台端,3,S03,车辆/票务/餐饮/演艺/教育/物资/安保子单,查看/配合,监督/协同,配置支撑/留痕,P122_S03,P122.stage.03.completed,节点结果、附件、状态事件、通知与审计记录
P122,接待资源闭环,技术后台端,4,S04,行前确认,主办/填写,主办/决策,配置支撑/留痕,P122_S04,P122.stage.04.completed,节点结果、附件、状态事件、通知与审计记录
P122,接待资源闭环,技术后台端,5,S05,现场执行,主办/填写,监督/协同,配置支撑/留痕,P122_S05,P122.stage.05.completed,节点结果、附件、状态事件、通知与审计记录
P122,接待资源闭环,技术后台端,6,S06,离场,查看/配合,监督/协同,配置支撑/留痕,P122_S06,P122.stage.06.completed,节点结果、附件、状态事件、通知与审计记录
P122,接待资源闭环,技术后台端,7,S07,回访/投诉,查看/配合,监督/协同,配置支撑/留痕,P122_S07,P122.stage.07.completed,节点结果、附件、状态事件、通知与审计记录
P122,接待资源闭环,技术后台端,8,S08,费用与复盘,查看/配合,主办/决策,配置支撑/留痕,P122_S08,P122.stage.08.completed,节点结果、附件、状态事件、通知与审计记录
P123,演艺场次闭环,技术后台端,1,S01,节目版本,查看/配合,监督/协同,配置支撑/留痕,P123_S01,P123.stage.01.completed,节点结果、附件、状态事件、通知与审计记录
P123,演艺场次闭环,技术后台端,2,S02,场次,查看/配合,监督/协同,配置支撑/留痕,P123_S02,P123.stage.02.completed,节点结果、附件、状态事件、通知与审计记录
P123,演艺场次闭环,技术后台端,3,S03,演员排班,查看/配合,主办/决策,配置支撑/留痕,P123_S03,P123.stage.03.completed,节点结果、附件、状态事件、通知与审计记录
P123,演艺场次闭环,技术后台端,4,S04,服化道,查看/配合,监督/协同,配置支撑/留痕,P123_S04,P123.stage.04.completed,节点结果、附件、状态事件、通知与审计记录
P123,演艺场次闭环,技术后台端,5,S05,演艺技术,查看/配合,监督/协同,配置支撑/留痕,P123_S05,P123.stage.05.completed,节点结果、附件、状态事件、通知与审计记录
P123,演艺场次闭环,技术后台端,6,S06,无人机,查看/配合,监督/协同,配置支撑/留痕,P123_S06,P123.stage.06.completed,节点结果、附件、状态事件、通知与审计记录
P123,演艺场次闭环,技术后台端,7,S07,场前检查,查看/配合,监督/协同,配置支撑/留痕,P123_S07,P123.stage.07.completed,节点结果、附件、状态事件、通知与审计记录
P123,演艺场次闭环,技术后台端,8,S08,演出,主办/填写,监督/协同,配置支撑/留痕,P123_S08,P123.stage.08.completed,节点结果、附件、状态事件、通知与审计记录
P123,演艺场次闭环,技术后台端,9,S09,结果,查看/配合,监督/协同,配置支撑/留痕,P123_S09,P123.stage.09.completed,节点结果、附件、状态事件、通知与审计记录
P123,演艺场次闭环,技术后台端,10,S10,故障/伤情/停演,查看/配合,监督/协同,配置支撑/留痕,P123_S10,P123.stage.10.completed,节点结果、附件、状态事件、通知与审计记录
P123,演艺场次闭环,技术后台端,11,S11,复盘,查看/配合,主办/决策,配置支撑/留痕,P123_S11,P123.stage.11.completed,节点结果、附件、状态事件、通知与审计记录
P124,采购资产财务闭环,技术后台端,1,S01,需求,查看/配合,监督/协同,配置支撑/留痕,P124_S01,P124.stage.01.completed,节点结果、附件、状态事件、通知与审计记录
P124,采购资产财务闭环,技术后台端,2,S02,库存核查,查看/配合,监督/协同,配置支撑/留痕,P124_S02,P124.stage.02.completed,节点结果、附件、状态事件、通知与审计记录
P124,采购资产财务闭环,技术后台端,3,S03,采购,查看/配合,监督/协同,配置支撑/留痕,P124_S03,P124.stage.03.completed,节点结果、附件、状态事件、通知与审计记录
P124,采购资产财务闭环,技术后台端,4,S04,到货,查看/配合,监督/协同,配置支撑/留痕,P124_S04,P124.stage.04.completed,节点结果、附件、状态事件、通知与审计记录
P124,采购资产财务闭环,技术后台端,5,S05,专业验收,查看/配合,主办/决策,配置支撑/留痕,P124_S05,P124.stage.05.completed,节点结果、附件、状态事件、通知与审计记录
P124,采购资产财务闭环,技术后台端,6,S06,入库/资产建卡,查看/配合,监督/协同,配置支撑/留痕,P124_S06,P124.stage.06.completed,节点结果、附件、状态事件、通知与审计记录
P124,采购资产财务闭环,技术后台端,7,S07,领借调还,查看/配合,监督/协同,配置支撑/留痕,P124_S07,P124.stage.07.completed,节点结果、附件、状态事件、通知与审计记录
P124,采购资产财务闭环,技术后台端,8,S08,盘点/维修/处置,查看/配合,监督/协同,配置支撑/留痕,P124_S08,P124.stage.08.completed,节点结果、附件、状态事件、通知与审计记录
P124,采购资产财务闭环,技术后台端,9,S09,发票与付款,查看/配合,监督/协同,配置支撑/留痕,P124_S09,P124.stage.09.completed,节点结果、附件、状态事件、通知与审计记录
P124,采购资产财务闭环,技术后台端,10,S10,对账,查看/配合,主办/决策,配置支撑/留痕,P124_S10,P124.stage.10.completed,节点结果、附件、状态事件、通知与审计记录
P125,内容生产发布闭环,技术后台端,1,S01,业务需求,查看/配合,监督/协同,配置支撑/留痕,P125_S01,P125.stage.01.completed,节点结果、附件、状态事件、通知与审计记录
P125,内容生产发布闭环,技术后台端,2,S02,策划,查看/配合,监督/协同,配置支撑/留痕,P125_S02,P125.stage.02.completed,节点结果、附件、状态事件、通知与审计记录
P125,内容生产发布闭环,技术后台端,3,S03,企宣制作,查看/配合,监督/协同,配置支撑/留痕,P125_S03,P125.stage.03.completed,节点结果、附件、状态事件、通知与审计记录
P125,内容生产发布闭环,技术后台端,4,S04,品牌审核,查看/配合,主办/决策,配置支撑/留痕,P125_S04,P125.stage.04.completed,节点结果、附件、状态事件、通知与审计记录
P125,内容生产发布闭环,技术后台端,5,S05,渠道发布,查看/配合,主办/决策,配置支撑/留痕,P125_S05,P125.stage.05.completed,节点结果、附件、状态事件、通知与审计记录
P125,内容生产发布闭环,技术后台端,6,S06,投放/传播,查看/配合,监督/协同,配置支撑/留痕,P125_S06,P125.stage.06.completed,节点结果、附件、状态事件、通知与审计记录
P125,内容生产发布闭环,技术后台端,7,S07,线索与订单,查看/配合,监督/协同,配置支撑/留痕,P125_S07,P125.stage.07.completed,节点结果、附件、状态事件、通知与审计记录
P125,内容生产发布闭环,技术后台端,8,S08,数据复盘,查看/配合,主办/决策,配置支撑/留痕,P125_S08,P125.stage.08.completed,节点结果、附件、状态事件、通知与审计记录
P125,内容生产发布闭环,技术后台端,9,S09,素材归档,查看/配合,主办/决策,配置支撑/留痕,P125_S09,P125.stage.09.completed,节点结果、附件、状态事件、通知与审计记录
P126,事件与整改闭环,技术后台端,1,S01,线索/异常,查看/配合,监督/协同,配置支撑/留痕,P126_S01,P126.stage.01.completed,节点结果、附件、状态事件、通知与审计记录
P126,事件与整改闭环,技术后台端,2,S02,风险分级,查看/配合,监督/协同,配置支撑/留痕,P126_S02,P126.stage.02.completed,节点结果、附件、状态事件、通知与审计记录
P126,事件与整改闭环,技术后台端,3,S03,先行止险,查看/配合,监督/协同,配置支撑/留痕,P126_S03,P126.stage.03.completed,节点结果、附件、状态事件、通知与审计记录
P126,事件与整改闭环,技术后台端,4,S04,唯一案件,查看/配合,监督/协同,配置支撑/留痕,P126_S04,P126.stage.04.completed,节点结果、附件、状态事件、通知与审计记录
P126,事件与整改闭环,技术后台端,5,S05,调查,查看/配合,主办/决策,配置支撑/留痕,P126_S05,P126.stage.05.completed,节点结果、附件、状态事件、通知与审计记录
P126,事件与整改闭环,技术后台端,6,S06,责任与决定,查看/配合,主办/决策,配置支撑/留痕,P126_S06,P126.stage.06.completed,节点结果、附件、状态事件、通知与审计记录
P126,事件与整改闭环,技术后台端,7,S07,影响执行,主办/填写,监督/协同,配置支撑/留痕,P126_S07,P126.stage.07.completed,节点结果、附件、状态事件、通知与审计记录
P126,事件与整改闭环,技术后台端,8,S08,申诉,主办/填写,监督/协同,配置支撑/留痕,P126_S08,P126.stage.08.completed,节点结果、附件、状态事件、通知与审计记录
P126,事件与整改闭环,技术后台端,9,S09,整改验证,查看/配合,监督/协同,配置支撑/留痕,P126_S09,P126.stage.09.completed,节点结果、附件、状态事件、通知与审计记录
P126,事件与整改闭环,技术后台端,10,S10,关闭与补充归档,查看/配合,主办/决策,配置支撑/留痕,P126_S10,P126.stage.10.completed,节点结果、附件、状态事件、通知与审计记录
