源数据库字段,常用中文名,源类型,目标类型,敏感级别,涉及流程数,必填占比,目标分布,校验规则摘要,脱敏规则,审计要求
acceptance_decision,受理结论,枚举,jsonb,P1-内部,126,1.0,workflow.wf_submission_value.value_json[DYNAMIC_CONFIG]×126,,,记录新增与修改
acceptance_evidence,验收证据,文件集合,varchar(128),P1-内部,126,0.0,document.attachment_link.field_code[ATTACHMENT_LINK]×126,,,记录新增与修改
acceptance_method,验收方式,枚举,jsonb,P1-内部,126,1.0,workflow.wf_submission_value.value_json[DYNAMIC_CONFIG]×126,,,记录新增与修改
acceptance_no,受理编号,文本,jsonb,P1-内部,126,1.0,workflow.wf_submission_value.value_json[DYNAMIC_CONFIG]×126,,,记录新增与修改
acceptance_note,受理意见,长文本,jsonb,P1-内部,126,0.0,workflow.wf_submission_value.value_json[DYNAMIC_CONFIG]×126,,,记录新增与修改
acceptance_standard_version,验收标准版本,文本,jsonb,P1-内部,126,1.0,workflow.wf_submission_value.value_json[DYNAMIC_CONFIG]×126,,,记录新增与修改
action_items,行动项清单,子表,jsonb,P1-内部,7,0.0,collaboration.meeting_item.item_value_json[CHILD_ITEM]×18；collaboration.notice_item.item_value_json[CHILD_ITEM]×12；administration.official_document_item.item_value_json[CHILD_ITEM]×6；collaboration.executive_directive_item.item_value_json[CHILD_ITEM]×6,,,记录新增与修改
actual_amount,实际金额,金额,"numeric(18,2)",P1-内部,126,0.0,workflow.wf_orchestration_instance.actual_amount[TYPED_COLUMN]×7；collaboration.meeting.actual_amount[TYPED_COLUMN]×3；collaboration.notice.actual_amount[TYPED_COLUMN]×2；devops.release.actual_amount[TYPED_COLUMN]×2；administration.large_event.actual_amount[TYPED_COLUMN]×1；administration.official_document.actual_amount[TYPED_COLUMN]×1；archive.archive_package.actual_amount[TYPED_COLUMN]×1；archive.borrow_request.actual_amount[TYPED_COLUMN]×1；archive.disposal_appraisal.actual_amount[TYPED_COLUMN]×1；asset.asset_disposal.actual_amount[TYPED_COLUMN]×1；asset.asset_use_transaction.actual_amount[TYPED_COLUMN]×1；asset.stock_in.actual_amount[TYPED_COLUMN]×1；asset.stocktake.actual_amount[TYPED_COLUMN]×1；attendance.leave_request.actual_amount[TYPED_COLUMN]×1；attendance.overtime_request.actual_amount[TYPED_COLUMN]×1；attendance.shift_change_request.actual_amount[TYPED_COLUMN]×1；audit.data_export_request.actual_amount[TYPED_COLUMN]×1；audit.data_quality_issue.actual_amount[TYPED_COLUMN]×1；brand.authorization.actual_amount[TYPED_COLUMN]×1；brand.infringement_case.actual_amount[TYPED_COLUMN]×1；brand.material_review.actual_amount[TYPED_COLUMN]×1；catering.food_safety_incident.actual_amount[TYPED_COLUMN]×1；catering.group_meal_order.actual_amount[TYPED_COLUMN]×1；catering.ingredient_acceptance.actual_amount[TYPED_COLUMN]×1；catering.meal_card_settlement.actual_amount[TYPED_COLUMN]×1；cleaning.cleaning_task.actual_amount[TYPED_COLUMN]×1；cleaning.event_support.actual_amount[TYPED_COLUMN]×1；cleaning.pollution_incident.actual_amount[TYPED_COLUMN]×1；collaboration.executive_directive.actual_amount[TYPED_COLUMN]×1；collaboration.major_matter.actual_amount[TYPED_COLUMN]×1；content.change_request.actual_amount[TYPED_COLUMN]×1；content.material_request.actual_amount[TYPED_COLUMN]×1；content.shooting_task.actual_amount[TYPED_COLUMN]×1；costume.damage_report.actual_amount[TYPED_COLUMN]×1；costume.inventory_check.actual_amount[TYPED_COLUMN]×1；costume.session_preparation.actual_amount[TYPED_COLUMN]×1；crm.channel_partner.actual_amount[TYPED_COLUMN]×1；crm.opportunity.actual_amount[TYPED_COLUMN]×1；devops.defect.actual_amount[TYPED_COLUMN]×1；devops.requirement.actual_amount[TYPED_COLUMN]×1；document.signature_envelope.actual_amount[TYPED_COLUMN]×1；dormitory.stay_record.actual_amount[TYPED_COLUMN]×1；drone.flight_cancellation.actual_amount[TYPED_COLUMN]×1；drone.flight_incident.actual_amount[TYPED_COLUMN]×1；drone.flight_task.actual_amount[TYPED_COLUMN]×1；ecommerce.ota_order.actual_amount[TYPED_COLUMN]×1；ecommerce.product_listing.actual_amount[TYPED_COLUMN]×1；ecommerce.refund_order.actual_amount[TYPED_COLUMN]×1；ecommerce.review_complaint.actual_amount[TYPED_COLUMN]×1；education.course_product.actual_amount[TYPED_COLUMN]×1；education.study_tour_delivery.actual_amount[TYPED_COLUMN]×1；education.teacher_schedule.actual_amount[TYPED_COLUMN]×1；entertainment.equipment_fault.actual_amount[TYPED_COLUMN]×1；entertainment.program.actual_amount[TYPED_COLUMN]×1；entertainment.show_session.actual_amount[TYPED_COLUMN]×1；entertainment.staff_shortage.actual_amount[TYPED_COLUMN]×1；entertainment.suspension_advice.actual_amount[TYPED_COLUMN]×1；entertainment.suspension_decision.actual_amount[TYPED_COLUMN]×1；entertainment.tech_support_task.actual_amount[TYPED_COLUMN]×1；finance.budget_request.actual_amount[TYPED_COLUMN]×1；finance.expense_claim.actual_amount[TYPED_COLUMN]×1；finance.loan_request.actual_amount[TYPED_COLUMN]×1；finance.reconciliation_task.actual_amount[TYPED_COLUMN]×1；fleet.vehicle_dispatch.actual_amount[TYPED_COLUMN]×1；fleet.vehicle_incident.actual_amount[TYPED_COLUMN]×1；hr.employee_offboarding.actual_amount[TYPED_COLUMN]×1；hr.employee_onboarding.actual_amount[TYPED_COLUMN]×1；hr.employee_profile_change.actual_amount[TYPED_COLUMN]×1；hr.employee_transfer.actual_amount[TYPED_COLUMN]×1；hr.promotion_request.actual_amount[TYPED_COLUMN]×1；iam.account_execution.actual_amount[TYPED_COLUMN]×1；iam.login_session.actual_amount[TYPED_COLUMN]×1；iam.permission_request.actual_amount[TYPED_COLUMN]×1；integration.data_import_job.actual_amount[TYPED_COLUMN]×1；itops.event_support.actual_amount[TYPED_COLUMN]×1；itops.network_change.actual_amount[TYPED_COLUMN]×1；itops.network_incident.actual_amount[TYPED_COLUMN]×1；itops.recovery_drill.actual_amount[TYPED_COLUMN]×1；itops.service_request.actual_amount[TYPED_COLUMN]×1；learning.learning_assignment.actual_amount[TYPED_COLUMN]×1；maintenance.repair_order.actual_amount[TYPED_COLUMN]×1；marketing.campaign.actual_amount[TYPED_COLUMN]×1；media.ad_campaign.actual_amount[TYPED_COLUMN]×1；media.live_session.actual_amount[TYPED_COLUMN]×1；media.public_opinion_case.actual_amount[TYPED_COLUMN]×1；media.short_video_release.actual_amount[TYPED_COLUMN]×1；merchant.merchant_admission.actual_amount[TYPED_COLUMN]×1；merchant.merchant_exit.actual_amount[TYPED_COLUMN]×1；merchant.merchant_inspection.actual_amount[TYPED_COLUMN]×1；performance.performance_cycle.actual_amount[TYPED_COLUMN]×1；planning.change_request.actual_amount[TYPED_COLUMN]×1；planning.event_handover.actual_amount[TYPED_COLUMN]×1；planning.project.actual_amount[TYPED_COLUMN]×1；procurement.emergency_purchase.actual_amount[TYPED_COLUMN]×1；procurement.purchase_request.actual_amount[TYPED_COLUMN]×1；procurement.purchase_return.actual_amount[TYPED_COLUMN]×1；reception.change_request.actual_amount[TYPED_COLUMN]×1；reception.complaint.actual_amount[TYPED_COLUMN]×1；reception.guide_execution.actual_amount[TYPED_COLUMN]×1；reception.reception_order.actual_amount[TYPED_COLUMN]×1；reward.discipline_case.actual_amount[TYPED_COLUMN]×1；reward.point_transaction.actual_amount[TYPED_COLUMN]×1；reward.reward_case.actual_amount[TYPED_COLUMN]×1；sales.customer_handover.actual_amount[TYPED_COLUMN]×1；sales.deal.actual_amount[TYPED_COLUMN]×1；sales.lead.actual_amount[TYPED_COLUMN]×1；sales.secondary_sale.actual_amount[TYPED_COLUMN]×1；security.crowd_alert.actual_amount[TYPED_COLUMN]×1；security.event_security_plan.actual_amount[TYPED_COLUMN]×1；security.patrol_task.actual_amount[TYPED_COLUMN]×1；security.security_incident.actual_amount[TYPED_COLUMN]×1；ticketing.offline_check_event.actual_amount[TYPED_COLUMN]×1；ticketing.ticket_order.actual_amount[TYPED_COLUMN]×1；ticketing.ticket_refund_change.actual_amount[TYPED_COLUMN]×1；welfare.care_case.actual_amount[TYPED_COLUMN]×1；workflow.generic_request.actual_amount[TYPED_COLUMN]×1,,,记录新增与修改
actual_attendance_summary,实际考勤摘要,长文本,text,P1-内部,3,0.0,attendance.leave_request.actual_attendance_summary[TYPED_COLUMN]×6；attendance.overtime_request.actual_attendance_summary[TYPED_COLUMN]×6；attendance.shift_change_request.actual_attendance_summary[TYPED_COLUMN]×6,,,记录新增与修改
actual_effective_date,实际生效日期,日期,date,P1-内部,6,0.0,hr.employee_offboarding.actual_effective_date[TYPED_COLUMN]×6；hr.employee_onboarding.actual_effective_date[TYPED_COLUMN]×6；hr.employee_transfer.actual_effective_date[TYPED_COLUMN]×6；hr.promotion_request.actual_effective_date[TYPED_COLUMN]×6；iam.login_session.actual_effective_date[TYPED_COLUMN]×6；iam.permission_request.actual_effective_date[TYPED_COLUMN]×6,,,记录新增与修改
actual_end_at,实际结束时间,日期时间,timestamptz,P1-内部,126,0.0,workflow.wf_orchestration_instance.actual_end_at[TYPED_COLUMN]×7；collaboration.meeting.actual_end_at[TYPED_COLUMN]×3；collaboration.notice.actual_end_at[TYPED_COLUMN]×2；devops.release.actual_end_at[TYPED_COLUMN]×2；administration.large_event.actual_end_at[TYPED_COLUMN]×1；administration.official_document.actual_end_at[TYPED_COLUMN]×1；archive.archive_package.actual_end_at[TYPED_COLUMN]×1；archive.borrow_request.actual_end_at[TYPED_COLUMN]×1；archive.disposal_appraisal.actual_end_at[TYPED_COLUMN]×1；asset.asset_disposal.actual_end_at[TYPED_COLUMN]×1；asset.asset_use_transaction.actual_end_at[TYPED_COLUMN]×1；asset.stock_in.actual_end_at[TYPED_COLUMN]×1；asset.stocktake.actual_end_at[TYPED_COLUMN]×1；attendance.leave_request.actual_end_at[TYPED_COLUMN]×1；attendance.overtime_request.actual_end_at[TYPED_COLUMN]×1；attendance.shift_change_request.actual_end_at[TYPED_COLUMN]×1；audit.data_export_request.actual_end_at[TYPED_COLUMN]×1；audit.data_quality_issue.actual_end_at[TYPED_COLUMN]×1；brand.authorization.actual_end_at[TYPED_COLUMN]×1；brand.infringement_case.actual_end_at[TYPED_COLUMN]×1；brand.material_review.actual_end_at[TYPED_COLUMN]×1；catering.food_safety_incident.actual_end_at[TYPED_COLUMN]×1；catering.group_meal_order.actual_end_at[TYPED_COLUMN]×1；catering.ingredient_acceptance.actual_end_at[TYPED_COLUMN]×1；catering.meal_card_settlement.actual_end_at[TYPED_COLUMN]×1；cleaning.cleaning_task.actual_end_at[TYPED_COLUMN]×1；cleaning.event_support.actual_end_at[TYPED_COLUMN]×1；cleaning.pollution_incident.actual_end_at[TYPED_COLUMN]×1；collaboration.executive_directive.actual_end_at[TYPED_COLUMN]×1；collaboration.major_matter.actual_end_at[TYPED_COLUMN]×1；content.change_request.actual_end_at[TYPED_COLUMN]×1；content.material_request.actual_end_at[TYPED_COLUMN]×1；content.shooting_task.actual_end_at[TYPED_COLUMN]×1；costume.damage_report.actual_end_at[TYPED_COLUMN]×1；costume.inventory_check.actual_end_at[TYPED_COLUMN]×1；costume.session_preparation.actual_end_at[TYPED_COLUMN]×1；crm.channel_partner.actual_end_at[TYPED_COLUMN]×1；crm.opportunity.actual_end_at[TYPED_COLUMN]×1；devops.defect.actual_end_at[TYPED_COLUMN]×1；devops.requirement.actual_end_at[TYPED_COLUMN]×1；document.signature_envelope.actual_end_at[TYPED_COLUMN]×1；dormitory.stay_record.actual_end_at[TYPED_COLUMN]×1；drone.flight_cancellation.actual_end_at[TYPED_COLUMN]×1；drone.flight_incident.actual_end_at[TYPED_COLUMN]×1；drone.flight_task.actual_end_at[TYPED_COLUMN]×1；ecommerce.ota_order.actual_end_at[TYPED_COLUMN]×1；ecommerce.product_listing.actual_end_at[TYPED_COLUMN]×1；ecommerce.refund_order.actual_end_at[TYPED_COLUMN]×1；ecommerce.review_complaint.actual_end_at[TYPED_COLUMN]×1；education.course_product.actual_end_at[TYPED_COLUMN]×1；education.study_tour_delivery.actual_end_at[TYPED_COLUMN]×1；education.teacher_schedule.actual_end_at[TYPED_COLUMN]×1；entertainment.equipment_fault.actual_end_at[TYPED_COLUMN]×1；entertainment.program.actual_end_at[TYPED_COLUMN]×1；entertainment.show_session.actual_end_at[TYPED_COLUMN]×1；entertainment.staff_shortage.actual_end_at[TYPED_COLUMN]×1；entertainment.suspension_advice.actual_end_at[TYPED_COLUMN]×1；entertainment.suspension_decision.actual_end_at[TYPED_COLUMN]×1；entertainment.tech_support_task.actual_end_at[TYPED_COLUMN]×1；finance.budget_request.actual_end_at[TYPED_COLUMN]×1；finance.expense_claim.actual_end_at[TYPED_COLUMN]×1；finance.loan_request.actual_end_at[TYPED_COLUMN]×1；finance.reconciliation_task.actual_end_at[TYPED_COLUMN]×1；fleet.vehicle_dispatch.actual_end_at[TYPED_COLUMN]×1；fleet.vehicle_incident.actual_end_at[TYPED_COLUMN]×1；hr.employee_offboarding.actual_end_at[TYPED_COLUMN]×1；hr.employee_onboarding.actual_end_at[TYPED_COLUMN]×1；hr.employee_profile_change.actual_end_at[TYPED_COLUMN]×1；hr.employee_transfer.actual_end_at[TYPED_COLUMN]×1；hr.promotion_request.actual_end_at[TYPED_COLUMN]×1；iam.account_execution.actual_end_at[TYPED_COLUMN]×1；iam.login_session.actual_end_at[TYPED_COLUMN]×1；iam.permission_request.actual_end_at[TYPED_COLUMN]×1；integration.data_import_job.actual_end_at[TYPED_COLUMN]×1；itops.event_support.actual_end_at[TYPED_COLUMN]×1；itops.network_change.actual_end_at[TYPED_COLUMN]×1；itops.network_incident.actual_end_at[TYPED_COLUMN]×1；itops.recovery_drill.actual_end_at[TYPED_COLUMN]×1；itops.service_request.actual_end_at[TYPED_COLUMN]×1；learning.learning_assignment.actual_end_at[TYPED_COLUMN]×1；maintenance.repair_order.actual_end_at[TYPED_COLUMN]×1；marketing.campaign.actual_end_at[TYPED_COLUMN]×1；media.ad_campaign.actual_end_at[TYPED_COLUMN]×1；media.live_session.actual_end_at[TYPED_COLUMN]×1；media.public_opinion_case.actual_end_at[TYPED_COLUMN]×1；media.short_video_release.actual_end_at[TYPED_COLUMN]×1；merchant.merchant_admission.actual_end_at[TYPED_COLUMN]×1；merchant.merchant_exit.actual_end_at[TYPED_COLUMN]×1；merchant.merchant_inspection.actual_end_at[TYPED_COLUMN]×1；performance.performance_cycle.actual_end_at[TYPED_COLUMN]×1；planning.change_request.actual_end_at[TYPED_COLUMN]×1；planning.event_handover.actual_end_at[TYPED_COLUMN]×1；planning.project.actual_end_at[TYPED_COLUMN]×1；procurement.emergency_purchase.actual_end_at[TYPED_COLUMN]×1；procurement.purchase_request.actual_end_at[TYPED_COLUMN]×1；procurement.purchase_return.actual_end_at[TYPED_COLUMN]×1；reception.change_request.actual_end_at[TYPED_COLUMN]×1；reception.complaint.actual_end_at[TYPED_COLUMN]×1；reception.guide_execution.actual_end_at[TYPED_COLUMN]×1；reception.reception_order.actual_end_at[TYPED_COLUMN]×1；reward.discipline_case.actual_end_at[TYPED_COLUMN]×1；reward.point_transaction.actual_end_at[TYPED_COLUMN]×1；reward.reward_case.actual_end_at[TYPED_COLUMN]×1；sales.customer_handover.actual_end_at[TYPED_COLUMN]×1；sales.deal.actual_end_at[TYPED_COLUMN]×1；sales.lead.actual_end_at[TYPED_COLUMN]×1；sales.secondary_sale.actual_end_at[TYPED_COLUMN]×1；security.crowd_alert.actual_end_at[TYPED_COLUMN]×1；security.event_security_plan.actual_end_at[TYPED_COLUMN]×1；security.patrol_task.actual_end_at[TYPED_COLUMN]×1；security.security_incident.actual_end_at[TYPED_COLUMN]×1；ticketing.offline_check_event.actual_end_at[TYPED_COLUMN]×1；ticketing.ticket_order.actual_end_at[TYPED_COLUMN]×1；ticketing.ticket_refund_change.actual_end_at[TYPED_COLUMN]×1；welfare.care_case.actual_end_at[TYPED_COLUMN]×1；workflow.generic_request.actual_end_at[TYPED_COLUMN]×1,不得早于开始时间,,记录新增与修改
actual_metrics,实际效果指标,子表,jsonb,P1-内部,4,0.0,administration.large_event_item.item_value_json[CHILD_ITEM]×6；itops.event_support_item.item_value_json[CHILD_ITEM]×6；marketing.campaign_item.item_value_json[CHILD_ITEM]×6；planning.event_handover_item.item_value_json[CHILD_ITEM]×6,,,记录新增与修改
actual_start_at,实际开始时间,日期时间,timestamptz,P1-内部,126,1.0,workflow.wf_orchestration_instance.actual_start_at[TYPED_COLUMN]×7；collaboration.meeting.actual_start_at[TYPED_COLUMN]×3；collaboration.notice.actual_start_at[TYPED_COLUMN]×2；devops.release.actual_start_at[TYPED_COLUMN]×2；administration.large_event.actual_start_at[TYPED_COLUMN]×1；administration.official_document.actual_start_at[TYPED_COLUMN]×1；archive.archive_package.actual_start_at[TYPED_COLUMN]×1；archive.borrow_request.actual_start_at[TYPED_COLUMN]×1；archive.disposal_appraisal.actual_start_at[TYPED_COLUMN]×1；asset.asset_disposal.actual_start_at[TYPED_COLUMN]×1；asset.asset_use_transaction.actual_start_at[TYPED_COLUMN]×1；asset.stock_in.actual_start_at[TYPED_COLUMN]×1；asset.stocktake.actual_start_at[TYPED_COLUMN]×1；attendance.leave_request.actual_start_at[TYPED_COLUMN]×1；attendance.overtime_request.actual_start_at[TYPED_COLUMN]×1；attendance.shift_change_request.actual_start_at[TYPED_COLUMN]×1；audit.data_export_request.actual_start_at[TYPED_COLUMN]×1；audit.data_quality_issue.actual_start_at[TYPED_COLUMN]×1；brand.authorization.actual_start_at[TYPED_COLUMN]×1；brand.infringement_case.actual_start_at[TYPED_COLUMN]×1；brand.material_review.actual_start_at[TYPED_COLUMN]×1；catering.food_safety_incident.actual_start_at[TYPED_COLUMN]×1；catering.group_meal_order.actual_start_at[TYPED_COLUMN]×1；catering.ingredient_acceptance.actual_start_at[TYPED_COLUMN]×1；catering.meal_card_settlement.actual_start_at[TYPED_COLUMN]×1；cleaning.cleaning_task.actual_start_at[TYPED_COLUMN]×1；cleaning.event_support.actual_start_at[TYPED_COLUMN]×1；cleaning.pollution_incident.actual_start_at[TYPED_COLUMN]×1；collaboration.executive_directive.actual_start_at[TYPED_COLUMN]×1；collaboration.major_matter.actual_start_at[TYPED_COLUMN]×1；content.change_request.actual_start_at[TYPED_COLUMN]×1；content.material_request.actual_start_at[TYPED_COLUMN]×1；content.shooting_task.actual_start_at[TYPED_COLUMN]×1；costume.damage_report.actual_start_at[TYPED_COLUMN]×1；costume.inventory_check.actual_start_at[TYPED_COLUMN]×1；costume.session_preparation.actual_start_at[TYPED_COLUMN]×1；crm.channel_partner.actual_start_at[TYPED_COLUMN]×1；crm.opportunity.actual_start_at[TYPED_COLUMN]×1；devops.defect.actual_start_at[TYPED_COLUMN]×1；devops.requirement.actual_start_at[TYPED_COLUMN]×1；document.signature_envelope.actual_start_at[TYPED_COLUMN]×1；dormitory.stay_record.actual_start_at[TYPED_COLUMN]×1；drone.flight_cancellation.actual_start_at[TYPED_COLUMN]×1；drone.flight_incident.actual_start_at[TYPED_COLUMN]×1；drone.flight_task.actual_start_at[TYPED_COLUMN]×1；ecommerce.ota_order.actual_start_at[TYPED_COLUMN]×1；ecommerce.product_listing.actual_start_at[TYPED_COLUMN]×1；ecommerce.refund_order.actual_start_at[TYPED_COLUMN]×1；ecommerce.review_complaint.actual_start_at[TYPED_COLUMN]×1；education.course_product.actual_start_at[TYPED_COLUMN]×1；education.study_tour_delivery.actual_start_at[TYPED_COLUMN]×1；education.teacher_schedule.actual_start_at[TYPED_COLUMN]×1；entertainment.equipment_fault.actual_start_at[TYPED_COLUMN]×1；entertainment.program.actual_start_at[TYPED_COLUMN]×1；entertainment.show_session.actual_start_at[TYPED_COLUMN]×1；entertainment.staff_shortage.actual_start_at[TYPED_COLUMN]×1；entertainment.suspension_advice.actual_start_at[TYPED_COLUMN]×1；entertainment.suspension_decision.actual_start_at[TYPED_COLUMN]×1；entertainment.tech_support_task.actual_start_at[TYPED_COLUMN]×1；finance.budget_request.actual_start_at[TYPED_COLUMN]×1；finance.expense_claim.actual_start_at[TYPED_COLUMN]×1；finance.loan_request.actual_start_at[TYPED_COLUMN]×1；finance.reconciliation_task.actual_start_at[TYPED_COLUMN]×1；fleet.vehicle_dispatch.actual_start_at[TYPED_COLUMN]×1；fleet.vehicle_incident.actual_start_at[TYPED_COLUMN]×1；hr.employee_offboarding.actual_start_at[TYPED_COLUMN]×1；hr.employee_onboarding.actual_start_at[TYPED_COLUMN]×1；hr.employee_profile_change.actual_start_at[TYPED_COLUMN]×1；hr.employee_transfer.actual_start_at[TYPED_COLUMN]×1；hr.promotion_request.actual_start_at[TYPED_COLUMN]×1；iam.account_execution.actual_start_at[TYPED_COLUMN]×1；iam.login_session.actual_start_at[TYPED_COLUMN]×1；iam.permission_request.actual_start_at[TYPED_COLUMN]×1；integration.data_import_job.actual_start_at[TYPED_COLUMN]×1；itops.event_support.actual_start_at[TYPED_COLUMN]×1；itops.network_change.actual_start_at[TYPED_COLUMN]×1；itops.network_incident.actual_start_at[TYPED_COLUMN]×1；itops.recovery_drill.actual_start_at[TYPED_COLUMN]×1；itops.service_request.actual_start_at[TYPED_COLUMN]×1；learning.learning_assignment.actual_start_at[TYPED_COLUMN]×1；maintenance.repair_order.actual_start_at[TYPED_COLUMN]×1；marketing.campaign.actual_start_at[TYPED_COLUMN]×1；media.ad_campaign.actual_start_at[TYPED_COLUMN]×1；media.live_session.actual_start_at[TYPED_COLUMN]×1；media.public_opinion_case.actual_start_at[TYPED_COLUMN]×1；media.short_video_release.actual_start_at[TYPED_COLUMN]×1；merchant.merchant_admission.actual_start_at[TYPED_COLUMN]×1；merchant.merchant_exit.actual_start_at[TYPED_COLUMN]×1；merchant.merchant_inspection.actual_start_at[TYPED_COLUMN]×1；performance.performance_cycle.actual_start_at[TYPED_COLUMN]×1；planning.change_request.actual_start_at[TYPED_COLUMN]×1；planning.event_handover.actual_start_at[TYPED_COLUMN]×1；planning.project.actual_start_at[TYPED_COLUMN]×1；procurement.emergency_purchase.actual_start_at[TYPED_COLUMN]×1；procurement.purchase_request.actual_start_at[TYPED_COLUMN]×1；procurement.purchase_return.actual_start_at[TYPED_COLUMN]×1；reception.change_request.actual_start_at[TYPED_COLUMN]×1；reception.complaint.actual_start_at[TYPED_COLUMN]×1；reception.guide_execution.actual_start_at[TYPED_COLUMN]×1；reception.reception_order.actual_start_at[TYPED_COLUMN]×1；reward.discipline_case.actual_start_at[TYPED_COLUMN]×1；reward.point_transaction.actual_start_at[TYPED_COLUMN]×1；reward.reward_case.actual_start_at[TYPED_COLUMN]×1；sales.customer_handover.actual_start_at[TYPED_COLUMN]×1；sales.deal.actual_start_at[TYPED_COLUMN]×1；sales.lead.actual_start_at[TYPED_COLUMN]×1；sales.secondary_sale.actual_start_at[TYPED_COLUMN]×1；security.crowd_alert.actual_start_at[TYPED_COLUMN]×1；security.event_security_plan.actual_start_at[TYPED_COLUMN]×1；security.patrol_task.actual_start_at[TYPED_COLUMN]×1；security.security_incident.actual_start_at[TYPED_COLUMN]×1；ticketing.offline_check_event.actual_start_at[TYPED_COLUMN]×1；ticketing.ticket_order.actual_start_at[TYPED_COLUMN]×1；ticketing.ticket_refund_change.actual_start_at[TYPED_COLUMN]×1；welfare.care_case.actual_start_at[TYPED_COLUMN]×1；workflow.generic_request.actual_start_at[TYPED_COLUMN]×1,,,记录新增与修改
affected_employee_ids,影响人员,人员集合,varchar(64),P1-内部,12,1.0,workflow.wf_business_relation.relation_type[RELATION_LINK]×117,,,记录新增与修改
affected_scope,影响范围,长文本,text,P1-内部,3,0.0,entertainment.equipment_fault.affected_scope[TYPED_COLUMN]×11；itops.network_incident.affected_scope[TYPED_COLUMN]×11；maintenance.repair_order.affected_scope[TYPED_COLUMN]×11,,,记录新增与修改
after_content,变更后内容,长文本,jsonb,P1-内部,126,1.0,workflow.wf_submission_value.value_json[DYNAMIC_CONFIG]×126,,,记录新增与修改
after_snapshot,变更后内容,JSON,jsonb,P1-内部,22,0.0,devops.release_item.item_value_json[CHILD_ITEM]×2；administration.large_event_item.item_value_json[CHILD_ITEM]×1；asset.stocktake_item.item_value_json[CHILD_ITEM]×1；attendance.leave_request_item.item_value_json[CHILD_ITEM]×1；attendance.shift_change_request_item.item_value_json[CHILD_ITEM]×1；catering.meal_card_settlement_item.item_value_json[CHILD_ITEM]×1；content.change_request_item.item_value_json[CHILD_ITEM]×1；education.teacher_schedule_item.item_value_json[CHILD_ITEM]×1；entertainment.show_session_item.item_value_json[CHILD_ITEM]×1；entertainment.staff_shortage_item.item_value_json[CHILD_ITEM]×1；entertainment.suspension_decision_item.item_value_json[CHILD_ITEM]×1；finance.budget_request_item.item_value_json[CHILD_ITEM]×1；finance.reconciliation_task_item.item_value_json[CHILD_ITEM]×1；hr.employee_profile_change_item.item_value_json[CHILD_ITEM]×1；itops.network_change_item.item_value_json[CHILD_ITEM]×1；media.ad_campaign_item.item_value_json[CHILD_ITEM]×1；planning.change_request_item.item_value_json[CHILD_ITEM]×1；procurement.purchase_return_item.item_value_json[CHILD_ITEM]×1；reception.change_request_item.item_value_json[CHILD_ITEM]×1；reward.point_transaction_item.item_value_json[CHILD_ITEM]×1；ticketing.ticket_refund_change_item.item_value_json[CHILD_ITEM]×1,,,记录新增与修改
alert_receivers,告警接收人,人员/值班组集合,jsonb,P1-内部,126,1.0,workflow.wf_sla_policy.escalation_rules.alert_receivers[COMMON_SERVICE]×126,,,记录新增与修改
alert_thresholds,告警阈值,JSON,jsonb,P1-内部,126,1.0,workflow.wf_sla_policy.remind_rules.alert_thresholds[COMMON_SERVICE]×126,,,记录新增与修改
allergy_taboo,过敏/禁忌信息,长文本,text,P3-高度敏感,4,0.0,catering.meal_card_settlement.allergy_taboo[TYPED_COLUMN]×12；catering.food_safety_incident.allergy_taboo[TYPED_COLUMN]×11；catering.group_meal_order.allergy_taboo[TYPED_COLUMN]×11；catering.ingredient_acceptance.allergy_taboo[TYPED_COLUMN]×11,,最小必要展示,记录新增与修改
api_auth_type,接口认证方式,枚举,varchar(32),P1-内部,126,1.0,integration.endpoint.auth_type[COMMON_SERVICE]×126,,,记录新增与修改
appeal_request,申诉诉求,长文本,jsonb,P1-内部,126,1.0,workflow.wf_submission_value.value_json[DYNAMIC_CONFIG]×126,,,记录新增与修改
appeal_status,申诉/复核状态,枚举,varchar(64),P1-内部,2,0.0,learning.learning_assignment.appeal_status[TYPED_COLUMN]×6；performance.performance_cycle.appeal_status[TYPED_COLUMN]×6,,,记录新增与修改
applicable_org_scope,适用组织范围,组织集合,jsonb,P1-内部,126,1.0,workflow.wf_submission_value.value_json[DYNAMIC_CONFIG]×126,,,记录新增与修改
approval_conditions,附加条件,长文本,jsonb,P1-内部,126,0.0,workflow.wf_rule.rule_expr.approval_conditions[COMMON_SERVICE]×126,附条件同意时必填,,记录新增与修改
approved_amount,核定金额,金额,"numeric(18,2)",P1-内部,4,0.0,finance.budget_request.approved_amount[TYPED_COLUMN]×12；finance.reconciliation_task.approved_amount[TYPED_COLUMN]×12；finance.expense_claim.approved_amount[TYPED_COLUMN]×11；finance.loan_request.approved_amount[TYPED_COLUMN]×11,不得小于0,,记录新增与修改
archive_category,档案类别,枚举,varchar(64),P1-内部,3,1.0,archive.archive_package.archive_category[TYPED_COLUMN]×17；archive.borrow_request.archive_category[TYPED_COLUMN]×17；archive.disposal_appraisal.archive_category[TYPED_COLUMN]×17,,,记录新增与修改
archive_item_count,档案件数,整数,bigint,P1-内部,3,0.0,archive.archive_package.archive_item_count[TYPED_COLUMN]×11；archive.borrow_request.archive_item_count[TYPED_COLUMN]×11；archive.disposal_appraisal.archive_item_count[TYPED_COLUMN]×11,不得小于0,,记录新增与修改
archive_no,档案编号,文本,varchar(64),P1-内部,3,0.0,archive.archive_package.archive_no[TYPED_COLUMN]×6；archive.borrow_request.archive_no[TYPED_COLUMN]×6；archive.disposal_appraisal.archive_no[TYPED_COLUMN]×6,,,记录新增与修改
archive_package_no,归档包编号,文本,jsonb,P1-内部,126,0.0,workflow.wf_submission_value.value_json[DYNAMIC_CONFIG]×126,,,记录新增与修改
archive_title,档案题名,文本,varchar(200),P1-内部,3,1.0,archive.archive_package.archive_title[TYPED_COLUMN]×17；archive.borrow_request.archive_title[TYPED_COLUMN]×17；archive.disposal_appraisal.archive_title[TYPED_COLUMN]×17,,,记录新增与修改
asset_condition,状态/成色,枚举,varchar(64),P1-内部,6,0.0,asset.asset_disposal.asset_condition[TYPED_COLUMN]×6；asset.asset_use_transaction.asset_condition[TYPED_COLUMN]×6；asset.stock_in.asset_condition[TYPED_COLUMN]×6；asset.stocktake.asset_condition[TYPED_COLUMN]×6；costume.damage_report.asset_condition[TYPED_COLUMN]×6；costume.inventory_check.asset_condition[TYPED_COLUMN]×6,,,记录新增与修改
attachment_ids,附件清单,文件集合,varchar(128),P2-个人,126,0.0,document.attachment_link.field_code[ATTACHMENT_LINK]×126,类型、大小、病毒扫描、敏感内容校验,,记录新增与修改
attendance_type,假勤类型,枚举,varchar(64),P1-内部,11,1.0,attendance.leave_request.attendance_type[TYPED_COLUMN]×18；attendance.shift_change_request.attendance_type[TYPED_COLUMN]×18；attendance.overtime_request.attendance_type[TYPED_COLUMN]×17；cleaning.cleaning_task.attendance_type[TYPED_COLUMN]×6；collaboration.meeting.attendance_type[TYPED_COLUMN]×6；entertainment.show_session.attendance_type[TYPED_COLUMN]×6；entertainment.staff_shortage.attendance_type[TYPED_COLUMN]×6；entertainment.tech_support_task.attendance_type[TYPED_COLUMN]×6；media.live_session.attendance_type[TYPED_COLUMN]×6；reception.guide_execution.attendance_type[TYPED_COLUMN]×6；security.patrol_task.attendance_type[TYPED_COLUMN]×6,,,记录新增与修改
audience_summary,观众/客流摘要,长文本,text,P1-内部,7,0.0,costume.session_preparation.audience_summary[TYPED_COLUMN]×6；entertainment.program.audience_summary[TYPED_COLUMN]×6；entertainment.show_session.audience_summary[TYPED_COLUMN]×6；entertainment.staff_shortage.audience_summary[TYPED_COLUMN]×6；entertainment.suspension_advice.audience_summary[TYPED_COLUMN]×6；entertainment.suspension_decision.audience_summary[TYPED_COLUMN]×6；entertainment.tech_support_task.audience_summary[TYPED_COLUMN]×6,,,记录新增与修改
audit_events,审计事件清单,子表,jsonb,P1-内部,126,1.0,audit.audit_policy.evidence_chain_policy.audit_events[COMMON_SERVICE]×126,,,记录新增与修改
authentication_method,认证方式,枚举,varchar(64),P1-内部,1,1.0,document.signature_envelope.authentication_method[TYPED_COLUMN]×11,,,记录新增与修改
auto_decision_rules,自动决策规则,JSON,jsonb,P1-内部,126,0.0,workflow.wf_rule.rule_expr.auto_decision_rules[COMMON_SERVICE]×126,,,记录新增与修改
backup_performer_ids,替补人员,人员集合,varchar(64),P1-内部,7,0.0,workflow.wf_business_relation.relation_type[RELATION_LINK]×80,,,记录新增与修改
batch_serial_no,批次/序列号,文本,varchar(128),P1-内部,6,0.0,asset.stocktake.batch_serial_no[TYPED_COLUMN]×12；asset.asset_disposal.batch_serial_no[TYPED_COLUMN]×11；asset.asset_use_transaction.batch_serial_no[TYPED_COLUMN]×11；asset.stock_in.batch_serial_no[TYPED_COLUMN]×11；costume.damage_report.batch_serial_no[TYPED_COLUMN]×11；costume.inventory_check.batch_serial_no[TYPED_COLUMN]×11,,,记录新增与修改
before_after_photos,现场前后照片,文件集合,varchar(128),P1-内部,3,0.0,document.attachment_link.field_code[ATTACHMENT_LINK]×33,,,记录新增与修改
before_snapshot,变更前快照,JSON,jsonb,P1-内部,22,1.0,devops.release_item.item_value_json[CHILD_ITEM]×2；administration.large_event_item.item_value_json[CHILD_ITEM]×1；asset.stocktake_item.item_value_json[CHILD_ITEM]×1；attendance.leave_request_item.item_value_json[CHILD_ITEM]×1；attendance.shift_change_request_item.item_value_json[CHILD_ITEM]×1；catering.meal_card_settlement_item.item_value_json[CHILD_ITEM]×1；content.change_request_item.item_value_json[CHILD_ITEM]×1；education.teacher_schedule_item.item_value_json[CHILD_ITEM]×1；entertainment.show_session_item.item_value_json[CHILD_ITEM]×1；entertainment.staff_shortage_item.item_value_json[CHILD_ITEM]×1；entertainment.suspension_decision_item.item_value_json[CHILD_ITEM]×1；finance.budget_request_item.item_value_json[CHILD_ITEM]×1；finance.reconciliation_task_item.item_value_json[CHILD_ITEM]×1；hr.employee_profile_change_item.item_value_json[CHILD_ITEM]×1；itops.network_change_item.item_value_json[CHILD_ITEM]×1；media.ad_campaign_item.item_value_json[CHILD_ITEM]×1；planning.change_request_item.item_value_json[CHILD_ITEM]×1；procurement.purchase_return_item.item_value_json[CHILD_ITEM]×1；reception.change_request_item.item_value_json[CHILD_ITEM]×1；reward.point_transaction_item.item_value_json[CHILD_ITEM]×1；ticketing.ticket_refund_change_item.item_value_json[CHILD_ITEM]×1,,,记录新增与修改
before_summary,变更前摘要,长文本,jsonb,P1-内部,126,0.0,workflow.wf_submission_value.value_json[DYNAMIC_CONFIG]×126,,,记录新增与修改
benefit_amount,奖金/慰问金额,金额,"numeric(18,2)",P3-高度敏感,4,0.0,reward.point_transaction.benefit_amount[TYPED_COLUMN]×12；reward.discipline_case.benefit_amount[TYPED_COLUMN]×11；reward.reward_case.benefit_amount[TYPED_COLUMN]×11；welfare.care_case.benefit_amount[TYPED_COLUMN]×11,不得小于0,金额按权限显示,记录新增与修改
book_value,账面价值,金额,"numeric(18,2)",P3-高度敏感,6,0.0,asset.asset_disposal.book_value[TYPED_COLUMN]×6；asset.asset_use_transaction.book_value[TYPED_COLUMN]×6；asset.stock_in.book_value[TYPED_COLUMN]×6；asset.stocktake.book_value[TYPED_COLUMN]×6；costume.damage_report.book_value[TYPED_COLUMN]×6；costume.inventory_check.book_value[TYPED_COLUMN]×6,,按权限显示,记录新增与修改
bound_node_code,绑定节点,文本,jsonb,P1-内部,126,1.0,workflow.wf_submission_value.value_json[DYNAMIC_CONFIG]×126,,,记录新增与修改
budget_item_id,预算项目,文本,varchar(32),P1-内部,17,0.0,finance.budget_request.budget_item_id[TYPED_COLUMN]×18；finance.reconciliation_task.budget_item_id[TYPED_COLUMN]×18；finance.expense_claim.budget_item_id[TYPED_COLUMN]×17；finance.loan_request.budget_item_id[TYPED_COLUMN]×17；catering.group_meal_order.budget_item_id[TYPED_COLUMN]×6；catering.meal_card_settlement.budget_item_id[TYPED_COLUMN]×6；education.study_tour_delivery.budget_item_id[TYPED_COLUMN]×6；hr.employee_offboarding.budget_item_id[TYPED_COLUMN]×6；marketing.campaign.budget_item_id[TYPED_COLUMN]×6；planning.change_request.budget_item_id[TYPED_COLUMN]×6；planning.project.budget_item_id[TYPED_COLUMN]×6；procurement.purchase_request.budget_item_id[TYPED_COLUMN]×6；reception.reception_order.budget_item_id[TYPED_COLUMN]×6；reward.point_transaction.budget_item_id[TYPED_COLUMN]×6；ticketing.ticket_order.budget_item_id[TYPED_COLUMN]×6；ticketing.ticket_refund_change.budget_item_id[TYPED_COLUMN]×6；welfare.care_case.budget_item_id[TYPED_COLUMN]×6,,,记录新增与修改
budget_reserved_amount,预算占用金额,金额,jsonb,P1-内部,126,0.0,workflow.wf_submission_value.value_json[DYNAMIC_CONFIG]×126,不得小于0,,记录新增与修改
business_date,业务发生日期,日期,date,P1-内部,126,1.0,workflow.wf_orchestration_instance.business_date[TYPED_COLUMN]×7；collaboration.meeting.business_date[TYPED_COLUMN]×3；collaboration.notice.business_date[TYPED_COLUMN]×2；devops.release.business_date[TYPED_COLUMN]×2；administration.large_event.business_date[TYPED_COLUMN]×1；administration.official_document.business_date[TYPED_COLUMN]×1；archive.archive_package.business_date[TYPED_COLUMN]×1；archive.borrow_request.business_date[TYPED_COLUMN]×1；archive.disposal_appraisal.business_date[TYPED_COLUMN]×1；asset.asset_disposal.business_date[TYPED_COLUMN]×1；asset.asset_use_transaction.business_date[TYPED_COLUMN]×1；asset.stock_in.business_date[TYPED_COLUMN]×1；asset.stocktake.business_date[TYPED_COLUMN]×1；attendance.leave_request.business_date[TYPED_COLUMN]×1；attendance.overtime_request.business_date[TYPED_COLUMN]×1；attendance.shift_change_request.business_date[TYPED_COLUMN]×1；audit.data_export_request.business_date[TYPED_COLUMN]×1；audit.data_quality_issue.business_date[TYPED_COLUMN]×1；brand.authorization.business_date[TYPED_COLUMN]×1；brand.infringement_case.business_date[TYPED_COLUMN]×1；brand.material_review.business_date[TYPED_COLUMN]×1；catering.food_safety_incident.business_date[TYPED_COLUMN]×1；catering.group_meal_order.business_date[TYPED_COLUMN]×1；catering.ingredient_acceptance.business_date[TYPED_COLUMN]×1；catering.meal_card_settlement.business_date[TYPED_COLUMN]×1；cleaning.cleaning_task.business_date[TYPED_COLUMN]×1；cleaning.event_support.business_date[TYPED_COLUMN]×1；cleaning.pollution_incident.business_date[TYPED_COLUMN]×1；collaboration.executive_directive.business_date[TYPED_COLUMN]×1；collaboration.major_matter.business_date[TYPED_COLUMN]×1；content.change_request.business_date[TYPED_COLUMN]×1；content.material_request.business_date[TYPED_COLUMN]×1；content.shooting_task.business_date[TYPED_COLUMN]×1；costume.damage_report.business_date[TYPED_COLUMN]×1；costume.inventory_check.business_date[TYPED_COLUMN]×1；costume.session_preparation.business_date[TYPED_COLUMN]×1；crm.channel_partner.business_date[TYPED_COLUMN]×1；crm.opportunity.business_date[TYPED_COLUMN]×1；devops.defect.business_date[TYPED_COLUMN]×1；devops.requirement.business_date[TYPED_COLUMN]×1；document.signature_envelope.business_date[TYPED_COLUMN]×1；dormitory.stay_record.business_date[TYPED_COLUMN]×1；drone.flight_cancellation.business_date[TYPED_COLUMN]×1；drone.flight_incident.business_date[TYPED_COLUMN]×1；drone.flight_task.business_date[TYPED_COLUMN]×1；ecommerce.ota_order.business_date[TYPED_COLUMN]×1；ecommerce.product_listing.business_date[TYPED_COLUMN]×1；ecommerce.refund_order.business_date[TYPED_COLUMN]×1；ecommerce.review_complaint.business_date[TYPED_COLUMN]×1；education.course_product.business_date[TYPED_COLUMN]×1；education.study_tour_delivery.business_date[TYPED_COLUMN]×1；education.teacher_schedule.business_date[TYPED_COLUMN]×1；entertainment.equipment_fault.business_date[TYPED_COLUMN]×1；entertainment.program.business_date[TYPED_COLUMN]×1；entertainment.show_session.business_date[TYPED_COLUMN]×1；entertainment.staff_shortage.business_date[TYPED_COLUMN]×1；entertainment.suspension_advice.business_date[TYPED_COLUMN]×1；entertainment.suspension_decision.business_date[TYPED_COLUMN]×1；entertainment.tech_support_task.business_date[TYPED_COLUMN]×1；finance.budget_request.business_date[TYPED_COLUMN]×1；finance.expense_claim.business_date[TYPED_COLUMN]×1；finance.loan_request.business_date[TYPED_COLUMN]×1；finance.reconciliation_task.business_date[TYPED_COLUMN]×1；fleet.vehicle_dispatch.business_date[TYPED_COLUMN]×1；fleet.vehicle_incident.business_date[TYPED_COLUMN]×1；hr.employee_offboarding.business_date[TYPED_COLUMN]×1；hr.employee_onboarding.business_date[TYPED_COLUMN]×1；hr.employee_profile_change.business_date[TYPED_COLUMN]×1；hr.employee_transfer.business_date[TYPED_COLUMN]×1；hr.promotion_request.business_date[TYPED_COLUMN]×1；iam.account_execution.business_date[TYPED_COLUMN]×1；iam.login_session.business_date[TYPED_COLUMN]×1；iam.permission_request.business_date[TYPED_COLUMN]×1；integration.data_import_job.business_date[TYPED_COLUMN]×1；itops.event_support.business_date[TYPED_COLUMN]×1；itops.network_change.business_date[TYPED_COLUMN]×1；itops.network_incident.business_date[TYPED_COLUMN]×1；itops.recovery_drill.business_date[TYPED_COLUMN]×1；itops.service_request.business_date[TYPED_COLUMN]×1；learning.learning_assignment.business_date[TYPED_COLUMN]×1；maintenance.repair_order.business_date[TYPED_COLUMN]×1；marketing.campaign.business_date[TYPED_COLUMN]×1；media.ad_campaign.business_date[TYPED_COLUMN]×1；media.live_session.business_date[TYPED_COLUMN]×1；media.public_opinion_case.business_date[TYPED_COLUMN]×1；media.short_video_release.business_date[TYPED_COLUMN]×1；merchant.merchant_admission.business_date[TYPED_COLUMN]×1；merchant.merchant_exit.business_date[TYPED_COLUMN]×1；merchant.merchant_inspection.business_date[TYPED_COLUMN]×1；performance.performance_cycle.business_date[TYPED_COLUMN]×1；planning.change_request.business_date[TYPED_COLUMN]×1；planning.event_handover.business_date[TYPED_COLUMN]×1；planning.project.business_date[TYPED_COLUMN]×1；procurement.emergency_purchase.business_date[TYPED_COLUMN]×1；procurement.purchase_request.business_date[TYPED_COLUMN]×1；procurement.purchase_return.business_date[TYPED_COLUMN]×1；reception.change_request.business_date[TYPED_COLUMN]×1；reception.complaint.business_date[TYPED_COLUMN]×1；reception.guide_execution.business_date[TYPED_COLUMN]×1；reception.reception_order.business_date[TYPED_COLUMN]×1；reward.discipline_case.business_date[TYPED_COLUMN]×1；reward.point_transaction.business_date[TYPED_COLUMN]×1；reward.reward_case.business_date[TYPED_COLUMN]×1；sales.customer_handover.business_date[TYPED_COLUMN]×1；sales.deal.business_date[TYPED_COLUMN]×1；sales.lead.business_date[TYPED_COLUMN]×1；sales.secondary_sale.business_date[TYPED_COLUMN]×1；security.crowd_alert.business_date[TYPED_COLUMN]×1；security.event_security_plan.business_date[TYPED_COLUMN]×1；security.patrol_task.business_date[TYPED_COLUMN]×1；security.security_incident.business_date[TYPED_COLUMN]×1；ticketing.offline_check_event.business_date[TYPED_COLUMN]×1；ticketing.ticket_order.business_date[TYPED_COLUMN]×1；ticketing.ticket_refund_change.business_date[TYPED_COLUMN]×1；welfare.care_case.business_date[TYPED_COLUMN]×1；workflow.generic_request.business_date[TYPED_COLUMN]×1,,,记录新增与修改
business_interrupted,是否中断业务,布尔,boolean,P1-内部,3,1.0,entertainment.equipment_fault.business_interrupted[TYPED_COLUMN]×11；itops.network_incident.business_interrupted[TYPED_COLUMN]×11；maintenance.repair_order.business_interrupted[TYPED_COLUMN]×11,,,记录新增与修改
business_metrics,关键业务指标,子表,jsonb,P1-内部,126,1.0,workflow.wf_submission_value.value_json[DYNAMIC_CONFIG]×126,,,记录新增与修改
business_object_name,业务对象名称,文本,jsonb,P1-内部,126,1.0,workflow.wf_instance.context_snapshot.business_object_name[COMMON_SERVICE]×2164,,,记录新增与修改
business_object_no,业务对象编号,文本,varchar(64),P1-内部,126,0.0,workflow.wf_instance.business_object_no[COMMON_SERVICE]×2164,,,记录新增与修改
business_object_type,业务对象类型,文本,varchar(128),P1-内部,126,1.0,workflow.wf_instance.business_object_type[COMMON_SERVICE]×2164,,,记录新增与修改
business_scope_id,发生中心/区域,文本,jsonb,P1-内部,126,0.0,workflow.wf_instance.context_snapshot.business_scope_id[COMMON_SERVICE]×2164,,,记录新增与修改
business_stage,当前业务节点,文本,varchar(32),P1-内部,126,1.0,workflow.wf_instance.current_node_code[COMMON_SERVICE]×2164,,,记录新增与修改
business_type,业务类型,枚举,varchar(128),P1-内部,126,1.0,workflow.wf_instance.business_object_type[COMMON_SERVICE]×126,,,记录新增与修改
calculation_rules,联动计算规则,JSON,jsonb,P1-内部,126,0.0,workflow.wf_rule.rule_expr.calculation_rules[COMMON_SERVICE]×126,,,记录新增与修改
calendar_rule_id,工作日历/节假日规则,文本,jsonb,P1-内部,126,0.0,workflow.wf_submission_value.value_json[DYNAMIC_CONFIG]×126,,,记录新增与修改
campaign_budget,预算金额,金额,"numeric(18,2)",P1-内部,4,0.0,administration.large_event.campaign_budget[TYPED_COLUMN]×12；itops.event_support.campaign_budget[TYPED_COLUMN]×11；marketing.campaign.campaign_budget[TYPED_COLUMN]×11；planning.event_handover.campaign_budget[TYPED_COLUMN]×11,,,记录新增与修改
campaign_end_at,结束时间,日期时间,timestamptz,P1-内部,4,1.0,administration.large_event.campaign_end_at[TYPED_COLUMN]×12；itops.event_support.campaign_end_at[TYPED_COLUMN]×11；marketing.campaign.campaign_end_at[TYPED_COLUMN]×11；planning.event_handover.campaign_end_at[TYPED_COLUMN]×11,,,记录新增与修改
campaign_goal,活动目标,长文本,text,P1-内部,5,1.0,administration.large_event.campaign_goal[TYPED_COLUMN]×12；itops.event_support.campaign_goal[TYPED_COLUMN]×11；marketing.campaign.campaign_goal[TYPED_COLUMN]×11；planning.event_handover.campaign_goal[TYPED_COLUMN]×11；cleaning.event_support.campaign_goal[TYPED_COLUMN]×6,,,记录新增与修改
campaign_location_channel,活动地点/渠道,文本,varchar(500),P1-内部,4,0.0,administration.large_event.campaign_location_channel[TYPED_COLUMN]×12；itops.event_support.campaign_location_channel[TYPED_COLUMN]×11；marketing.campaign.campaign_location_channel[TYPED_COLUMN]×11；planning.event_handover.campaign_location_channel[TYPED_COLUMN]×11,,,记录新增与修改
campaign_name,活动名称,文本,varchar(200),P1-内部,6,1.0,administration.large_event.campaign_name[TYPED_COLUMN]×18；itops.event_support.campaign_name[TYPED_COLUMN]×17；marketing.campaign.campaign_name[TYPED_COLUMN]×17；planning.event_handover.campaign_name[TYPED_COLUMN]×17；cleaning.event_support.campaign_name[TYPED_COLUMN]×6；media.ad_campaign.campaign_name[TYPED_COLUMN]×6,,,记录新增与修改
campaign_no,活动/项目编号,文本,varchar(32),P1-内部,6,1.0,administration.large_event.campaign_no[TYPED_COLUMN]×18；itops.event_support.campaign_no[TYPED_COLUMN]×17；marketing.campaign.campaign_no[TYPED_COLUMN]×17；planning.event_handover.campaign_no[TYPED_COLUMN]×17；cleaning.event_support.campaign_no[TYPED_COLUMN]×6；media.ad_campaign.campaign_no[TYPED_COLUMN]×6,,,记录新增与修改
campaign_start_at,开始时间,日期时间,timestamptz,P1-内部,4,1.0,administration.large_event.campaign_start_at[TYPED_COLUMN]×12；itops.event_support.campaign_start_at[TYPED_COLUMN]×11；marketing.campaign.campaign_start_at[TYPED_COLUMN]×11；planning.event_handover.campaign_start_at[TYPED_COLUMN]×11,,,记录新增与修改
carrier_type,载体类型,枚举,varchar(64),P1-内部,3,1.0,archive.archive_package.carrier_type[TYPED_COLUMN]×11；archive.borrow_request.carrier_type[TYPED_COLUMN]×11；archive.disposal_appraisal.carrier_type[TYPED_COLUMN]×11,,,记录新增与修改
case_description,异常描述,长文本,jsonb,P1-内部,126,1.0,workflow.wf_submission_value.value_json[DYNAMIC_CONFIG]×126,不少于20字,,记录新增与修改
case_evidence,证据材料,文件集合,varchar(128),P2-个人,126,0.0,document.attachment_link.field_code[ATTACHMENT_LINK]×126,,,记录新增与修改
case_type,异常/申诉类型,枚举,jsonb,P1-内部,126,1.0,workflow.wf_submission_value.value_json[DYNAMIC_CONFIG]×126,,,记录新增与修改
cc_roles,抄送角色,角色集合,jsonb,P1-内部,126,0.0,workflow.wf_node.actor_rule.cc_roles[COMMON_SERVICE]×126,,,记录新增与修改
center_id,所属中心,文本,jsonb,P1-内部,126,1.0,workflow.wf_instance.context_snapshot.center_id[COMMON_SERVICE]×2164,在数据权限范围内,,记录新增与修改
change_action,操作类型,枚举,varchar(64),P1-内部,22,1.0,devops.release.change_action[TYPED_COLUMN]×2；administration.large_event.change_action[TYPED_COLUMN]×1；asset.stocktake.change_action[TYPED_COLUMN]×1；attendance.leave_request.change_action[TYPED_COLUMN]×1；attendance.shift_change_request.change_action[TYPED_COLUMN]×1；catering.meal_card_settlement.change_action[TYPED_COLUMN]×1；content.change_request.change_action[TYPED_COLUMN]×1；education.teacher_schedule.change_action[TYPED_COLUMN]×1；entertainment.show_session.change_action[TYPED_COLUMN]×1；entertainment.staff_shortage.change_action[TYPED_COLUMN]×1；entertainment.suspension_decision.change_action[TYPED_COLUMN]×1；finance.budget_request.change_action[TYPED_COLUMN]×1；finance.reconciliation_task.change_action[TYPED_COLUMN]×1；hr.employee_profile_change.change_action[TYPED_COLUMN]×1；itops.network_change.change_action[TYPED_COLUMN]×1；media.ad_campaign.change_action[TYPED_COLUMN]×1；planning.change_request.change_action[TYPED_COLUMN]×1；procurement.purchase_return.change_action[TYPED_COLUMN]×1；reception.change_request.change_action[TYPED_COLUMN]×1；reward.point_transaction.change_action[TYPED_COLUMN]×1；ticketing.ticket_refund_change.change_action[TYPED_COLUMN]×1,,,记录新增与修改
change_attachments,变更附件,文件集合,varchar(128),P1-内部,22,0.0,document.attachment_link.field_code[ATTACHMENT_LINK]×22,,,记录新增与修改
change_reason,变更原因,长文本,text,P1-内部,22,1.0,devops.release.change_reason[TYPED_COLUMN]×2；administration.large_event.change_reason[TYPED_COLUMN]×1；asset.stocktake.change_reason[TYPED_COLUMN]×1；attendance.leave_request.change_reason[TYPED_COLUMN]×1；attendance.shift_change_request.change_reason[TYPED_COLUMN]×1；catering.meal_card_settlement.change_reason[TYPED_COLUMN]×1；content.change_request.change_reason[TYPED_COLUMN]×1；education.teacher_schedule.change_reason[TYPED_COLUMN]×1；entertainment.show_session.change_reason[TYPED_COLUMN]×1；entertainment.staff_shortage.change_reason[TYPED_COLUMN]×1；entertainment.suspension_decision.change_reason[TYPED_COLUMN]×1；finance.budget_request.change_reason[TYPED_COLUMN]×1；finance.reconciliation_task.change_reason[TYPED_COLUMN]×1；hr.employee_profile_change.change_reason[TYPED_COLUMN]×1；itops.network_change.change_reason[TYPED_COLUMN]×1；media.ad_campaign.change_reason[TYPED_COLUMN]×1；planning.change_request.change_reason[TYPED_COLUMN]×1；procurement.purchase_return.change_reason[TYPED_COLUMN]×1；reception.change_request.change_reason[TYPED_COLUMN]×1；reward.point_transaction.change_reason[TYPED_COLUMN]×1；ticketing.ticket_refund_change.change_reason[TYPED_COLUMN]×1,,,记录新增与修改
child_orders_tasks,子任务/子单清单,子表,jsonb,P1-内部,7,1.0,workflow.wf_orchestration_instance_item.item_value_json[CHILD_ITEM]×77,,,记录新增与修改
class_location,上课地点,文本,varchar(200),P1-内部,3,0.0,education.teacher_schedule.class_location[TYPED_COLUMN]×12；education.course_product.class_location[TYPED_COLUMN]×11；education.study_tour_delivery.class_location[TYPED_COLUMN]×11,,,记录新增与修改
class_time,上课时间,日期时间,timestamptz,P1-内部,3,0.0,education.teacher_schedule.class_time[TYPED_COLUMN]×12；education.course_product.class_time[TYPED_COLUMN]×11；education.study_tour_delivery.class_time[TYPED_COLUMN]×11,,,记录新增与修改
cleaning_area_id,作业区域,文本,varchar(64),P1-内部,3,1.0,cleaning.cleaning_task.cleaning_area_id[TYPED_COLUMN]×17；cleaning.event_support.cleaning_area_id[TYPED_COLUMN]×17；cleaning.pollution_incident.cleaning_area_id[TYPED_COLUMN]×17,,,记录新增与修改
cleaning_standard_version,作业标准版本,文本,varchar(32),P1-内部,3,1.0,cleaning.cleaning_task.cleaning_standard_version[TYPED_COLUMN]×11；cleaning.event_support.cleaning_standard_version[TYPED_COLUMN]×11；cleaning.pollution_incident.cleaning_standard_version[TYPED_COLUMN]×11,,,记录新增与修改
cleaning_time,计划/实际作业时间,日期时间,timestamptz,P1-内部,3,1.0,cleaning.cleaning_task.cleaning_time[TYPED_COLUMN]×11；cleaning.event_support.cleaning_time[TYPED_COLUMN]×11；cleaning.pollution_incident.cleaning_time[TYPED_COLUMN]×11,,,记录新增与修改
cleaning_type,作业类型,枚举,varchar(64),P1-内部,3,1.0,cleaning.cleaning_task.cleaning_type[TYPED_COLUMN]×17；cleaning.event_support.cleaning_type[TYPED_COLUMN]×17；cleaning.pollution_incident.cleaning_type[TYPED_COLUMN]×17,,,记录新增与修改
client_validation_rules,前端校验规则,JSON,jsonb,P1-内部,126,0.0,workflow.wf_form_definition.validation_schema.client[COMMON_SERVICE]×126,,,记录新增与修改
closed_at,关闭时间,日期时间,timestamptz,P1-内部,126,0.0,workflow.wf_instance.finished_at[COMMON_SERVICE]×126,,,记录新增与修改
closure_note,关闭说明,长文本,jsonb,P1-内部,126,0.0,workflow.wf_submission_value.value_json[DYNAMIC_CONFIG]×126,,,记录新增与修改
closure_result,关闭结论,枚举,jsonb,P1-内部,126,1.0,workflow.wf_submission_value.value_json[DYNAMIC_CONFIG]×126,,,记录新增与修改
collaborators,协同中心/人员,人员集合,varchar(64),P1-内部,126,0.0,workflow.wf_business_relation.relation_type[RELATION_LINK]×126,,,记录新增与修改
communication_log,沟通纪要,子表,jsonb,P1-内部,126,0.0,workflow.wf_submission_value.value_json[DYNAMIC_CONFIG]×126,,,记录新增与修改
comp_grade_impact,薪酬/等级影响,长文本,text,P3-高度敏感,4,0.0,reward.point_transaction.comp_grade_impact[TYPED_COLUMN]×12；reward.discipline_case.comp_grade_impact[TYPED_COLUMN]×11；reward.reward_case.comp_grade_impact[TYPED_COLUMN]×11；welfare.care_case.comp_grade_impact[TYPED_COLUMN]×11,,非授权不可见,记录新增与修改
compatibility_policy,历史版本兼容策略,JSON,jsonb,P1-内部,126,1.0,integration.endpoint.circuit_policy.compatibility_policy[COMMON_SERVICE]×126,,,记录新增与修改
compensation_actions,补偿事务配置,JSON,jsonb,P1-内部,126,0.0,integration.endpoint.retry_policy.compensation_actions[COMMON_SERVICE]×126,,,记录新增与修改
completed_quantity,完成数量,数值,jsonb,P1-内部,126,0.0,workflow.wf_submission_value.value_json[DYNAMIC_CONFIG]×126,不得小于0,,记录新增与修改
completion_rate,完成进度,百分比,"numeric(9,6)",P1-内部,2,0.0,learning.learning_assignment.completion_rate[TYPED_COLUMN]×11；performance.performance_cycle.completion_rate[TYPED_COLUMN]×11,0-100,,记录新增与修改
compliance_result,合规性结论,枚举,jsonb,P1-内部,126,1.0,workflow.wf_submission_value.value_json[DYNAMIC_CONFIG]×126,,,记录新增与修改
confidentiality_level,密级,枚举,varchar(64),P1-内部,3,1.0,archive.archive_package.confidentiality_level[TYPED_COLUMN]×11；archive.borrow_request.confidentiality_level[TYPED_COLUMN]×11；archive.disposal_appraisal.confidentiality_level[TYPED_COLUMN]×11,,,记录新增与修改
configuration_item_id,配置项/资产编号,文本,jsonb,P1-内部,11,0.0,workflow.wf_submission_value.value_json[DYNAMIC_CONFIG]×124,,,记录新增与修改
confirmation_note,确认意见,长文本,jsonb,P1-内部,126,0.0,workflow.wf_submission_value.value_json[DYNAMIC_CONFIG]×126,有异议时必填,,记录新增与修改
confirmed_at,确认时间,日期时间,jsonb,P1-内部,126,1.0,workflow.wf_submission_value.value_json[DYNAMIC_CONFIG]×126,,,记录新增与修改
consistency_rules,一致性校验规则,JSON,jsonb,P1-内部,126,1.0,workflow.wf_rule.rule_expr.consistency_rules[COMMON_SERVICE]×126,,,记录新增与修改
consumables_used,耗材使用,子表,jsonb,P1-内部,3,0.0,cleaning.cleaning_task_item.item_value_json[CHILD_ITEM]×11；cleaning.event_support_item.item_value_json[CHILD_ITEM]×11；cleaning.pollution_incident_item.item_value_json[CHILD_ITEM]×11,,,记录新增与修改
contact_name,联系人,文本,varchar(100),P2-个人,8,0.0,crm.channel_partner.contact_name[TYPED_COLUMN]×11；crm.opportunity.contact_name[TYPED_COLUMN]×11；sales.customer_handover.contact_name[TYPED_COLUMN]×11；sales.deal.contact_name[TYPED_COLUMN]×11；sales.lead.contact_name[TYPED_COLUMN]×11；sales.secondary_sale.contact_name[TYPED_COLUMN]×11；reward.discipline_case.contact_name[TYPED_COLUMN]×6；workflow.wf_orchestration_instance.contact_name[TYPED_COLUMN]×6,,姓名按权限,记录新增与修改
contact_phone,联系电话,文本,varchar(32),P2-个人,6,0.0,crm.channel_partner.contact_phone[TYPED_COLUMN]×11；crm.opportunity.contact_phone[TYPED_COLUMN]×11；sales.customer_handover.contact_phone[TYPED_COLUMN]×11；sales.deal.contact_phone[TYPED_COLUMN]×11；sales.lead.contact_phone[TYPED_COLUMN]×11；sales.secondary_sale.contact_phone[TYPED_COLUMN]×11,手机号格式,138****0000,记录新增与修改
content_asset_no,内容/物料编号,文本,varchar(64),P1-内部,20,1.0,content.change_request.content_asset_no[TYPED_COLUMN]×18；media.ad_campaign.content_asset_no[TYPED_COLUMN]×18；planning.change_request.content_asset_no[TYPED_COLUMN]×18；brand.authorization.content_asset_no[TYPED_COLUMN]×17；brand.infringement_case.content_asset_no[TYPED_COLUMN]×17；brand.material_review.content_asset_no[TYPED_COLUMN]×17；content.material_request.content_asset_no[TYPED_COLUMN]×17；content.shooting_task.content_asset_no[TYPED_COLUMN]×17；ecommerce.ota_order.content_asset_no[TYPED_COLUMN]×17；ecommerce.product_listing.content_asset_no[TYPED_COLUMN]×17；ecommerce.refund_order.content_asset_no[TYPED_COLUMN]×17；ecommerce.review_complaint.content_asset_no[TYPED_COLUMN]×17；media.live_session.content_asset_no[TYPED_COLUMN]×17；media.public_opinion_case.content_asset_no[TYPED_COLUMN]×17；media.short_video_release.content_asset_no[TYPED_COLUMN]×17；planning.project.content_asset_no[TYPED_COLUMN]×17；devops.release.content_asset_no[TYPED_COLUMN]×12；planning.event_handover.content_asset_no[TYPED_COLUMN]×6；workflow.wf_orchestration_instance.content_asset_no[TYPED_COLUMN]×6,,,记录新增与修改
content_title,主题/标题,文本,varchar(200),P1-内部,17,1.0,content.change_request.content_title[TYPED_COLUMN]×12；media.ad_campaign.content_title[TYPED_COLUMN]×12；planning.change_request.content_title[TYPED_COLUMN]×12；brand.authorization.content_title[TYPED_COLUMN]×11；brand.infringement_case.content_title[TYPED_COLUMN]×11；brand.material_review.content_title[TYPED_COLUMN]×11；content.material_request.content_title[TYPED_COLUMN]×11；content.shooting_task.content_title[TYPED_COLUMN]×11；ecommerce.ota_order.content_title[TYPED_COLUMN]×11；ecommerce.product_listing.content_title[TYPED_COLUMN]×11；ecommerce.refund_order.content_title[TYPED_COLUMN]×11；ecommerce.review_complaint.content_title[TYPED_COLUMN]×11；media.live_session.content_title[TYPED_COLUMN]×11；media.public_opinion_case.content_title[TYPED_COLUMN]×11；media.short_video_release.content_title[TYPED_COLUMN]×11；planning.project.content_title[TYPED_COLUMN]×11；workflow.wf_orchestration_instance.content_title[TYPED_COLUMN]×6,,,记录新增与修改
content_type,内容类型,枚举,varchar(64),P1-内部,18,1.0,content.change_request.content_type[TYPED_COLUMN]×18；media.ad_campaign.content_type[TYPED_COLUMN]×18；planning.change_request.content_type[TYPED_COLUMN]×18；brand.authorization.content_type[TYPED_COLUMN]×17；brand.infringement_case.content_type[TYPED_COLUMN]×17；brand.material_review.content_type[TYPED_COLUMN]×17；content.material_request.content_type[TYPED_COLUMN]×17；content.shooting_task.content_type[TYPED_COLUMN]×17；ecommerce.ota_order.content_type[TYPED_COLUMN]×17；ecommerce.product_listing.content_type[TYPED_COLUMN]×17；ecommerce.refund_order.content_type[TYPED_COLUMN]×17；ecommerce.review_complaint.content_type[TYPED_COLUMN]×17；media.live_session.content_type[TYPED_COLUMN]×17；media.public_opinion_case.content_type[TYPED_COLUMN]×17；media.short_video_release.content_type[TYPED_COLUMN]×17；planning.project.content_type[TYPED_COLUMN]×17；planning.event_handover.content_type[TYPED_COLUMN]×6；workflow.wf_orchestration_instance.content_type[TYPED_COLUMN]×6,,,记录新增与修改
content_version,目标/课程版本,文本,varchar(32),P1-内部,3,1.0,learning.learning_assignment.content_version[TYPED_COLUMN]×11；performance.performance_cycle.content_version[TYPED_COLUMN]×11；attendance.shift_change_request.content_version[TYPED_COLUMN]×6,,,记录新增与修改
contingency_plan,应急/替代预案,长文本,jsonb,P1-内部,126,0.0,workflow.wf_submission_value.value_json[DYNAMIC_CONFIG]×126,,,记录新增与修改
contract_order_no,合同/订单编号,文本集合,jsonb,P1-内部,6,0.0,crm.channel_partner_item.item_value_json[CHILD_ITEM]×6；crm.opportunity_item.item_value_json[CHILD_ITEM]×6；sales.customer_handover_item.item_value_json[CHILD_ITEM]×6；sales.deal_item.item_value_json[CHILD_ITEM]×6；sales.lead_item.item_value_json[CHILD_ITEM]×6；sales.secondary_sale_item.item_value_json[CHILD_ITEM]×6,,,记录新增与修改
converted_to_case,是否转统一案件,布尔,boolean,P1-内部,6,0.0,collaboration.major_matter.converted_to_case[TYPED_COLUMN]×6；reception.complaint.converted_to_case[TYPED_COLUMN]×6；security.crowd_alert.converted_to_case[TYPED_COLUMN]×6；security.event_security_plan.converted_to_case[TYPED_COLUMN]×6；security.patrol_task.converted_to_case[TYPED_COLUMN]×6；security.security_incident.converted_to_case[TYPED_COLUMN]×6,,,记录新增与修改
copyright_info,版权授权信息,长文本/文件,text,P1-内部,16,0.0,content.change_request.copyright_info[TYPED_COLUMN]×12；media.ad_campaign.copyright_info[TYPED_COLUMN]×12；planning.change_request.copyright_info[TYPED_COLUMN]×12；brand.authorization.copyright_info[TYPED_COLUMN]×11；brand.infringement_case.copyright_info[TYPED_COLUMN]×11；brand.material_review.copyright_info[TYPED_COLUMN]×11；content.material_request.copyright_info[TYPED_COLUMN]×11；content.shooting_task.copyright_info[TYPED_COLUMN]×11；ecommerce.ota_order.copyright_info[TYPED_COLUMN]×11；ecommerce.product_listing.copyright_info[TYPED_COLUMN]×11；ecommerce.refund_order.copyright_info[TYPED_COLUMN]×11；ecommerce.review_complaint.copyright_info[TYPED_COLUMN]×11；media.live_session.copyright_info[TYPED_COLUMN]×11；media.public_opinion_case.copyright_info[TYPED_COLUMN]×11；media.short_video_release.copyright_info[TYPED_COLUMN]×11；planning.project.copyright_info[TYPED_COLUMN]×11,,,记录新增与修改
corrective_actions,整改事项,子表,jsonb,P1-内部,126,0.0,workflow.wf_submission_value.value_json[DYNAMIC_CONFIG]×126,,,记录新增与修改
corrective_due_at,整改完成期限,日期时间,jsonb,P1-内部,126,0.0,workflow.wf_submission_value.value_json[DYNAMIC_CONFIG]×126,,,记录新增与修改
corrective_owner_ids,整改责任人,人员集合,varchar(64),P1-内部,126,0.0,workflow.wf_business_relation.relation_type[RELATION_LINK]×126,,,记录新增与修改
cost_center_id,成本中心,文本,varchar(32),P1-内部,17,1.0,finance.budget_request.cost_center_id[TYPED_COLUMN]×18；finance.reconciliation_task.cost_center_id[TYPED_COLUMN]×18；finance.expense_claim.cost_center_id[TYPED_COLUMN]×17；finance.loan_request.cost_center_id[TYPED_COLUMN]×17；catering.group_meal_order.cost_center_id[TYPED_COLUMN]×6；catering.meal_card_settlement.cost_center_id[TYPED_COLUMN]×6；education.study_tour_delivery.cost_center_id[TYPED_COLUMN]×6；hr.employee_offboarding.cost_center_id[TYPED_COLUMN]×6；marketing.campaign.cost_center_id[TYPED_COLUMN]×6；planning.change_request.cost_center_id[TYPED_COLUMN]×6；planning.project.cost_center_id[TYPED_COLUMN]×6；procurement.purchase_request.cost_center_id[TYPED_COLUMN]×6；reception.reception_order.cost_center_id[TYPED_COLUMN]×6；reward.point_transaction.cost_center_id[TYPED_COLUMN]×6；ticketing.ticket_order.cost_center_id[TYPED_COLUMN]×6；ticketing.ticket_refund_change.cost_center_id[TYPED_COLUMN]×6；welfare.care_case.cost_center_id[TYPED_COLUMN]×6,,,记录新增与修改
counterparty_name,收付款对象,文本,varchar(200),P1-内部,4,0.0,finance.budget_request.counterparty_name[TYPED_COLUMN]×12；finance.reconciliation_task.counterparty_name[TYPED_COLUMN]×12；finance.expense_claim.counterparty_name[TYPED_COLUMN]×11；finance.loan_request.counterparty_name[TYPED_COLUMN]×11,,,记录新增与修改
course_evaluation,课程评价,小数,"numeric(18,6)",P1-内部,3,0.0,education.course_product.course_evaluation[TYPED_COLUMN]×6；education.study_tour_delivery.course_evaluation[TYPED_COLUMN]×6；education.teacher_schedule.course_evaluation[TYPED_COLUMN]×6,,,记录新增与修改
course_team_name,课程/团队名称,文本,varchar(200),P1-内部,4,1.0,education.teacher_schedule.course_team_name[TYPED_COLUMN]×18；education.course_product.course_team_name[TYPED_COLUMN]×17；education.study_tour_delivery.course_team_name[TYPED_COLUMN]×17；learning.learning_assignment.course_team_name[TYPED_COLUMN]×6,,,记录新增与修改
course_version_id,课程编号/版本,文本,varchar(64),P1-内部,4,1.0,education.teacher_schedule.course_version_id[TYPED_COLUMN]×18；education.course_product.course_version_id[TYPED_COLUMN]×17；education.study_tour_delivery.course_version_id[TYPED_COLUMN]×17；learning.learning_assignment.course_version_id[TYPED_COLUMN]×6,,,记录新增与修改
created_at,创建时间,日期时间,timestamptz,P1-内部,126,1.0,workflow.wf_instance.created_at[COMMON_SERVICE]×2164,ISO 8601；不可修改,,记录新增与修改
critical_dependencies,关键依赖,子表,jsonb,P1-内部,7,0.0,workflow.wf_orchestration_instance_item.item_value_json[CHILD_ITEM]×77,,,记录新增与修改
critical_path,关键路径/里程碑,子表,jsonb,P1-内部,7,0.0,workflow.wf_orchestration_instance_item.item_value_json[CHILD_ITEM]×77,,,记录新增与修改
cross_center_escalations,跨中心争议/升级记录,子表,jsonb,P1-内部,7,0.0,workflow.wf_orchestration_instance_item.item_value_json[CHILD_ITEM]×42,,,记录新增与修改
currency,币种,枚举,varchar(64),P1-内部,7,1.0,finance.budget_request.currency[TYPED_COLUMN]×12；finance.reconciliation_task.currency[TYPED_COLUMN]×12；finance.expense_claim.currency[TYPED_COLUMN]×11；finance.loan_request.currency[TYPED_COLUMN]×11；procurement.purchase_request.currency[TYPED_COLUMN]×6；reward.point_transaction.currency[TYPED_COLUMN]×6；welfare.care_case.currency[TYPED_COLUMN]×6,,,记录新增与修改
current_milestone,当前里程碑,文本,jsonb,P1-内部,126,0.0,workflow.wf_submission_value.value_json[DYNAMIC_CONFIG]×126,,,记录新增与修改
current_risk_level,当前风险等级,枚举,jsonb,P1-内部,126,1.0,workflow.wf_submission_value.value_json[DYNAMIC_CONFIG]×126,,,记录新增与修改
current_status,当前状态,枚举,varchar(32),P1-内部,126,1.0,workflow.wf_instance.status[COMMON_SERVICE]×2164,仅允许按状态机迁移,,记录新增与修改
custodian_id,责任人/领用人,文本,varchar(32),P1-内部,6,0.0,asset.stocktake.custodian_id[TYPED_COLUMN]×12；asset.asset_disposal.custodian_id[TYPED_COLUMN]×11；asset.asset_use_transaction.custodian_id[TYPED_COLUMN]×11；asset.stock_in.custodian_id[TYPED_COLUMN]×11；costume.damage_report.custodian_id[TYPED_COLUMN]×11；costume.inventory_check.custodian_id[TYPED_COLUMN]×11,,,记录新增与修改
customer_id,客户编号,文本,varchar(32),P1-内部,8,1.0,crm.channel_partner.customer_id[TYPED_COLUMN]×17；crm.opportunity.customer_id[TYPED_COLUMN]×17；sales.customer_handover.customer_id[TYPED_COLUMN]×17；sales.deal.customer_id[TYPED_COLUMN]×17；sales.lead.customer_id[TYPED_COLUMN]×17；sales.secondary_sale.customer_id[TYPED_COLUMN]×17；reward.discipline_case.customer_id[TYPED_COLUMN]×6；workflow.wf_orchestration_instance.customer_id[TYPED_COLUMN]×6,,,记录新增与修改
customer_name,客户名称,文本,varchar(200),P1-内部,8,1.0,crm.channel_partner.customer_name[TYPED_COLUMN]×17；crm.opportunity.customer_name[TYPED_COLUMN]×17；sales.customer_handover.customer_name[TYPED_COLUMN]×17；sales.deal.customer_name[TYPED_COLUMN]×17；sales.lead.customer_name[TYPED_COLUMN]×17；sales.secondary_sale.customer_name[TYPED_COLUMN]×17；reward.discipline_case.customer_name[TYPED_COLUMN]×6；workflow.wf_orchestration_instance.customer_name[TYPED_COLUMN]×6,,,记录新增与修改
data_scope_rule,数据范围规则,JSON,jsonb,P1-内部,126,1.0,workflow.wf_submission_value.value_json[DYNAMIC_CONFIG]×126,,,记录新增与修改
dead_letter_queue,死信队列,文本,jsonb,P1-内部,126,0.0,integration.endpoint.retry_policy.dead_letter_queue[COMMON_SERVICE]×126,,,记录新增与修改
decision,审批决定,枚举,jsonb,P1-内部,126,1.0,workflow.wf_submission_value.value_json[DYNAMIC_CONFIG]×126,,,记录新增与修改
dedup_rules,防重与幂等规则,JSON,jsonb,P1-内部,126,1.0,workflow.wf_rule.rule_expr.dedup_rules[COMMON_SERVICE]×126,,,记录新增与修改
delivery_or_return_note,到货/退换原因,长文本,text,P1-内部,3,0.0,procurement.emergency_purchase.delivery_or_return_note[TYPED_COLUMN]×6；procurement.purchase_request.delivery_or_return_note[TYPED_COLUMN]×6；procurement.purchase_return.delivery_or_return_note[TYPED_COLUMN]×6,,,记录新增与修改
department_id,所属部门,文本,jsonb,P1-内部,126,0.0,workflow.wf_instance.context_snapshot.department_id[COMMON_SERVICE]×2164,隶属所选中心,,记录新增与修改
deviation_note,偏差说明,长文本,jsonb,P1-内部,126,0.0,workflow.wf_submission_value.value_json[DYNAMIC_CONFIG]×126,存在偏差时必填,,记录新增与修改
deviation_type,偏差类型,枚举,jsonb,P1-内部,126,0.0,workflow.wf_submission_value.value_json[DYNAMIC_CONFIG]×126,,,记录新增与修改
diagnosis,诊断结果,长文本,text,P1-内部,3,0.0,entertainment.equipment_fault.diagnosis[TYPED_COLUMN]×11；itops.network_incident.diagnosis[TYPED_COLUMN]×11；maintenance.repair_order.diagnosis[TYPED_COLUMN]×11,,,记录新增与修改
document_hash,文件哈希,文本,varchar(128),P1-内部,1,0.0,document.signature_envelope.document_hash[TYPED_COLUMN]×11,,,记录新增与修改
document_type,文档类型,枚举,varchar(64),P1-内部,7,1.0,document.signature_envelope.document_type[TYPED_COLUMN]×17；administration.official_document.document_type[TYPED_COLUMN]×6；brand.authorization.document_type[TYPED_COLUMN]×6；crm.opportunity.document_type[TYPED_COLUMN]×6；merchant.merchant_admission.document_type[TYPED_COLUMN]×6；merchant.merchant_exit.document_type[TYPED_COLUMN]×6；sales.deal.document_type[TYPED_COLUMN]×6,,,记录新增与修改
driver_id,驾驶员,文本,varchar(32),P1-内部,3,0.0,dormitory.stay_record.driver_id[TYPED_COLUMN]×11；fleet.vehicle_dispatch.driver_id[TYPED_COLUMN]×11；fleet.vehicle_incident.driver_id[TYPED_COLUMN]×11,,,记录新增与修改
drone_asset_id,飞行器编号,文本,varchar(64),P1-内部,3,1.0,drone.flight_cancellation.drone_asset_id[TYPED_COLUMN]×11；drone.flight_incident.drone_asset_id[TYPED_COLUMN]×11；drone.flight_task.drone_asset_id[TYPED_COLUMN]×11,,,记录新增与修改
duplicate_check,重复性校验结果,枚举,jsonb,P1-内部,126,1.0,workflow.wf_submission_value.value_json[DYNAMIC_CONFIG]×126,,,记录新增与修改
duration_hours,折算时长（小时）,小数,"numeric(18,6)",P1-内部,4,1.0,attendance.leave_request.duration_hours[TYPED_COLUMN]×12；attendance.shift_change_request.duration_hours[TYPED_COLUMN]×12；attendance.overtime_request.duration_hours[TYPED_COLUMN]×11；cleaning.cleaning_task.duration_hours[TYPED_COLUMN]×6,不得小于0,,记录新增与修改
effective_at,生效时间,日期时间,jsonb,P1-内部,126,1.0,workflow.wf_submission_value.value_json[DYNAMIC_CONFIG]×126,,,记录新增与修改
effective_end_at,生效结束时间,日期时间,jsonb,P1-内部,126,0.0,workflow.wf_submission_value.value_json[DYNAMIC_CONFIG]×2164,不得早于开始时间,,记录新增与修改
effective_start_at,生效开始时间,日期时间,jsonb,P1-内部,126,0.0,workflow.wf_submission_value.value_json[DYNAMIC_CONFIG]×2164,,,记录新增与修改
eligibility_check,身份资格校验,枚举,jsonb,P1-内部,126,1.0,workflow.wf_rule.rule_expr.eligibility_check[COMMON_SERVICE]×126,,,记录新增与修改
emergency_contact,紧急联系人,文本,jsonb,P2-个人,126,0.0,workflow.wf_submission_value.value_json[DYNAMIC_CONFIG]×126,,手机号脱敏,记录新增与修改
employee_event_type,事件类型,枚举,varchar(64),P1-内部,13,1.0,reward.point_transaction.employee_event_type[TYPED_COLUMN]×18；reward.discipline_case.employee_event_type[TYPED_COLUMN]×17；reward.reward_case.employee_event_type[TYPED_COLUMN]×17；welfare.care_case.employee_event_type[TYPED_COLUMN]×17；asset.asset_use_transaction.employee_event_type[TYPED_COLUMN]×6；audit.data_quality_issue.employee_event_type[TYPED_COLUMN]×6；collaboration.executive_directive.employee_event_type[TYPED_COLUMN]×6；collaboration.meeting.employee_event_type[TYPED_COLUMN]×6；collaboration.notice.employee_event_type[TYPED_COLUMN]×6；finance.reconciliation_task.employee_event_type[TYPED_COLUMN]×6；iam.permission_request.employee_event_type[TYPED_COLUMN]×6；performance.performance_cycle.employee_event_type[TYPED_COLUMN]×6；procurement.purchase_return.employee_event_type[TYPED_COLUMN]×6,,,记录新增与修改
employment_type,用工/任职类型,枚举,varchar(64),P1-内部,6,1.0,hr.employee_offboarding.employment_type[TYPED_COLUMN]×11；hr.employee_onboarding.employment_type[TYPED_COLUMN]×11；hr.employee_transfer.employment_type[TYPED_COLUMN]×11；hr.promotion_request.employment_type[TYPED_COLUMN]×11；iam.login_session.employment_type[TYPED_COLUMN]×11；iam.permission_request.employment_type[TYPED_COLUMN]×11,,,记录新增与修改
enabled,启用状态,布尔,jsonb,P1-内部,126,1.0,workflow.wf_submission_value.value_json[DYNAMIC_CONFIG]×126,,,记录新增与修改
encryption_policy,敏感数据加密策略,文本,jsonb,P1-内部,126,1.0,audit.audit_policy.encryption_policy[COMMON_SERVICE]×126,,,记录新增与修改
end_at,结束时间,日期时间,timestamptz,P1-内部,4,1.0,attendance.leave_request.end_at[TYPED_COLUMN]×12；attendance.shift_change_request.end_at[TYPED_COLUMN]×12；attendance.overtime_request.end_at[TYPED_COLUMN]×11；cleaning.cleaning_task.end_at[TYPED_COLUMN]×6,不得早于开始时间,,记录新增与修改
environment,环境,枚举,varchar(64),P1-内部,14,1.0,devops.release.environment[TYPED_COLUMN]×36；itops.network_change.environment[TYPED_COLUMN]×18；audit.data_export_request.environment[TYPED_COLUMN]×17；audit.data_quality_issue.environment[TYPED_COLUMN]×17；devops.defect.environment[TYPED_COLUMN]×17；devops.requirement.environment[TYPED_COLUMN]×17；iam.account_execution.environment[TYPED_COLUMN]×17；integration.data_import_job.environment[TYPED_COLUMN]×17；itops.recovery_drill.environment[TYPED_COLUMN]×17；itops.service_request.environment[TYPED_COLUMN]×17；itops.event_support.environment[TYPED_COLUMN]×6；itops.network_incident.environment[TYPED_COLUMN]×6；ticketing.offline_check_event.environment[TYPED_COLUMN]×6,,,记录新增与修改
escalation_target,升级对象,文本,jsonb,P1-内部,126,0.0,workflow.wf_submission_value.value_json[DYNAMIC_CONFIG]×126,,,记录新增与修改
estimated_total_amount,预计总金额,金额,"numeric(18,2)",P1-内部,3,0.0,procurement.purchase_return.estimated_total_amount[TYPED_COLUMN]×12；procurement.emergency_purchase.estimated_total_amount[TYPED_COLUMN]×11；procurement.purchase_request.estimated_total_amount[TYPED_COLUMN]×11,,,记录新增与修改
evaluation_note,评价内容,长文本,jsonb,P1-内部,126,0.0,workflow.wf_submission_value.value_json[DYNAMIC_CONFIG]×126,,,记录新增与修改
evaluation_tags,评价标签,多选枚举,jsonb,P1-内部,126,0.0,workflow.wf_submission_value.value_json[DYNAMIC_CONFIG]×126,,,记录新增与修改
evidence_attachments,现场证据,文件集合,varchar(128),P2-个人,126,0.0,document.attachment_link.field_code[ATTACHMENT_LINK]×126,,,记录新增与修改
evidence_chain_policy,归档与证据链策略,JSON,jsonb,P1-内部,126,1.0,audit.audit_policy.evidence_chain_policy[COMMON_SERVICE]×126,,,记录新增与修改
evidence_items,证据清单,文件/子表,varchar(128),P1-内部,6,0.0,document.attachment_link.field_code[ATTACHMENT_LINK]×36,,,记录新增与修改
evidence_no,证书/存证编号,文本,varchar(128),P1-内部,1,0.0,document.attachment_link.field_code[ATTACHMENT_LINK]×6,,,记录新增与修改
exception_note,异常说明,长文本,jsonb,P1-内部,126,0.0,workflow.wf_submission_value.value_json[DYNAMIC_CONFIG]×126,存在异常时必填,,记录新增与修改
execution_location,执行地点,文本,jsonb,P1-内部,126,0.0,workflow.wf_submission_value.value_json[DYNAMIC_CONFIG]×126,,,记录新增与修改
execution_note,执行说明,长文本,jsonb,P1-内部,126,1.0,workflow.wf_submission_value.value_json[DYNAMIC_CONFIG]×126,,,记录新增与修改
execution_result,执行结果,枚举,jsonb,P1-内部,126,1.0,workflow.wf_submission_value.value_json[DYNAMIC_CONFIG]×126,,,记录新增与修改
expected_close_date,预计成交日期,日期,date,P1-内部,6,0.0,crm.channel_partner.expected_close_date[TYPED_COLUMN]×11；crm.opportunity.expected_close_date[TYPED_COLUMN]×11；sales.customer_handover.expected_close_date[TYPED_COLUMN]×11；sales.deal.expected_close_date[TYPED_COLUMN]×11；sales.lead.expected_close_date[TYPED_COLUMN]×11；sales.secondary_sale.expected_close_date[TYPED_COLUMN]×11,,,记录新增与修改
expected_effective_at,期望生效时间,日期时间,timestamptz,P1-内部,22,0.0,devops.release.expected_effective_at[TYPED_COLUMN]×2；administration.large_event.expected_effective_at[TYPED_COLUMN]×1；asset.stocktake.expected_effective_at[TYPED_COLUMN]×1；attendance.leave_request.expected_effective_at[TYPED_COLUMN]×1；attendance.shift_change_request.expected_effective_at[TYPED_COLUMN]×1；catering.meal_card_settlement.expected_effective_at[TYPED_COLUMN]×1；content.change_request.expected_effective_at[TYPED_COLUMN]×1；education.teacher_schedule.expected_effective_at[TYPED_COLUMN]×1；entertainment.show_session.expected_effective_at[TYPED_COLUMN]×1；entertainment.staff_shortage.expected_effective_at[TYPED_COLUMN]×1；entertainment.suspension_decision.expected_effective_at[TYPED_COLUMN]×1；finance.budget_request.expected_effective_at[TYPED_COLUMN]×1；finance.reconciliation_task.expected_effective_at[TYPED_COLUMN]×1；hr.employee_profile_change.expected_effective_at[TYPED_COLUMN]×1；itops.network_change.expected_effective_at[TYPED_COLUMN]×1；media.ad_campaign.expected_effective_at[TYPED_COLUMN]×1；planning.change_request.expected_effective_at[TYPED_COLUMN]×1；procurement.purchase_return.expected_effective_at[TYPED_COLUMN]×1；reception.change_request.expected_effective_at[TYPED_COLUMN]×1；reward.point_transaction.expected_effective_at[TYPED_COLUMN]×1；ticketing.ticket_refund_change.expected_effective_at[TYPED_COLUMN]×1,,,记录新增与修改
expected_finish_at,期望完成时间,日期时间,timestamptz,P1-内部,126,0.0,workflow.wf_task.due_at[COMMON_SERVICE]×126,不得早于当前时间,,记录新增与修改
expected_reply_at,期望回复时间,日期时间,timestamptz,P1-内部,126,0.0,workflow.wf_task.due_at[COMMON_SERVICE]×126,,,记录新增与修改
expected_result,期望结果,长文本,jsonb,P1-内部,126,0.0,workflow.wf_submission_value.value_json[DYNAMIC_CONFIG]×126,,,记录新增与修改
expected_revenue,预计成交金额,金额,"numeric(18,2)",P1-内部,6,0.0,crm.channel_partner.expected_revenue[TYPED_COLUMN]×11；crm.opportunity.expected_revenue[TYPED_COLUMN]×11；sales.customer_handover.expected_revenue[TYPED_COLUMN]×11；sales.deal.expected_revenue[TYPED_COLUMN]×11；sales.lead.expected_revenue[TYPED_COLUMN]×11；sales.secondary_sale.expected_revenue[TYPED_COLUMN]×11,,,记录新增与修改
external_reference_no,外部引用编号,文本,jsonb,P1-内部,126,0.0,workflow.wf_submission_value.value_json[DYNAMIC_CONFIG]×2164,,,记录新增与修改
fact_occurred_at,事实发生时间,日期时间,timestamptz,P1-内部,6,1.0,reward.point_transaction.fact_occurred_at[TYPED_COLUMN]×12；reward.discipline_case.fact_occurred_at[TYPED_COLUMN]×11；reward.reward_case.fact_occurred_at[TYPED_COLUMN]×11；welfare.care_case.fact_occurred_at[TYPED_COLUMN]×11；performance.performance_cycle.fact_occurred_at[TYPED_COLUMN]×6；procurement.purchase_return.fact_occurred_at[TYPED_COLUMN]×6,,,记录新增与修改
fact_summary,事实与证据摘要,长文本,text,P1-内部,4,1.0,reward.point_transaction.fact_summary[TYPED_COLUMN]×12；reward.discipline_case.fact_summary[TYPED_COLUMN]×11；reward.reward_case.fact_summary[TYPED_COLUMN]×11；welfare.care_case.fact_summary[TYPED_COLUMN]×11,,,记录新增与修改
fault_location_env,发生地点/环境,文本,varchar(200),P1-内部,5,0.0,entertainment.equipment_fault.fault_location_env[TYPED_COLUMN]×17；itops.network_incident.fault_location_env[TYPED_COLUMN]×17；maintenance.repair_order.fault_location_env[TYPED_COLUMN]×17；costume.damage_report.fault_location_env[TYPED_COLUMN]×6；entertainment.suspension_advice.fault_location_env[TYPED_COLUMN]×6,,,记录新增与修改
fault_object,故障/请求对象,文本,varchar(200),P1-内部,6,1.0,entertainment.equipment_fault.fault_object[TYPED_COLUMN]×17；itops.network_incident.fault_object[TYPED_COLUMN]×17；maintenance.repair_order.fault_object[TYPED_COLUMN]×17；costume.damage_report.fault_object[TYPED_COLUMN]×6；entertainment.suspension_advice.fault_object[TYPED_COLUMN]×6；itops.service_request.fault_object[TYPED_COLUMN]×6,,,记录新增与修改
fault_symptom,故障现象/服务请求,长文本,text,P1-内部,3,1.0,entertainment.equipment_fault.fault_symptom[TYPED_COLUMN]×11；itops.network_incident.fault_symptom[TYPED_COLUMN]×11；maintenance.repair_order.fault_symptom[TYPED_COLUMN]×11,,,记录新增与修改
fee_status,租金/费用状态,枚举,varchar(64),P1-内部,3,0.0,merchant.merchant_admission.fee_status[TYPED_COLUMN]×11；merchant.merchant_exit.fee_status[TYPED_COLUMN]×11；merchant.merchant_inspection.fee_status[TYPED_COLUMN]×11,,,记录新增与修改
field_edit_matrix,字段可编辑矩阵,JSON,jsonb,P1-内部,126,1.0,workflow.wf_form_definition.edit_matrix[COMMON_SERVICE]×126,,,记录新增与修改
field_schema,字段Schema,JSON,jsonb,P1-内部,126,1.0,workflow.wf_form_definition.field_schema[COMMON_SERVICE]×126,,,记录新增与修改
field_visibility_matrix,字段可见矩阵,JSON,jsonb,P1-内部,126,1.0,workflow.wf_form_definition.visibility_matrix[COMMON_SERVICE]×126,,,记录新增与修改
filing_permit_no,报备/许可编号,文本,varchar(128),P1-内部,3,0.0,drone.flight_cancellation.filing_permit_no[TYPED_COLUMN]×6；drone.flight_incident.filing_permit_no[TYPED_COLUMN]×6；drone.flight_task.filing_permit_no[TYPED_COLUMN]×6,,,记录新增与修改
flight_area,飞行区域/空域,文本,text,P1-内部,3,1.0,drone.flight_cancellation.flight_area[TYPED_COLUMN]×11；drone.flight_incident.flight_area[TYPED_COLUMN]×11；drone.flight_task.flight_area[TYPED_COLUMN]×11,,,记录新增与修改
flight_log,飞行日志,文件/JSON,jsonb,P1-内部,3,0.0,drone.flight_cancellation_item.item_value_json[CHILD_ITEM]×6；drone.flight_incident_item.item_value_json[CHILD_ITEM]×6；drone.flight_task_item.item_value_json[CHILD_ITEM]×6,,,记录新增与修改
flight_purpose,飞行用途,枚举,varchar(64),P1-内部,3,1.0,drone.flight_cancellation.flight_purpose[TYPED_COLUMN]×17；drone.flight_incident.flight_purpose[TYPED_COLUMN]×17；drone.flight_task.flight_purpose[TYPED_COLUMN]×17,,,记录新增与修改
flight_task_no,飞行任务编号,文本,varchar(64),P1-内部,3,1.0,drone.flight_cancellation.flight_task_no[TYPED_COLUMN]×17；drone.flight_incident.flight_task_no[TYPED_COLUMN]×17；drone.flight_task.flight_task_no[TYPED_COLUMN]×17,,,记录新增与修改
followup_complaint_summary,回访/客诉摘要,长文本,text,P1-内部,3,0.0,reception.change_request.followup_complaint_summary[TYPED_COLUMN]×6；reception.guide_execution.followup_complaint_summary[TYPED_COLUMN]×6；reception.reception_order.followup_complaint_summary[TYPED_COLUMN]×6,,,记录新增与修改
food_inspection,温度/感官验收,子表,jsonb,P1-内部,4,0.0,catering.meal_card_settlement_item.item_value_json[CHILD_ITEM]×12；catering.food_safety_incident_item.item_value_json[CHILD_ITEM]×11；catering.group_meal_order_item.item_value_json[CHILD_ITEM]×11；catering.ingredient_acceptance_item.item_value_json[CHILD_ITEM]×11,,,记录新增与修改
form_code,表单编码,文本,varchar(64),P1-内部,126,1.0,workflow.wf_form_definition.form_code[COMMON_SERVICE]×2164,匹配表单版本,,记录新增与修改
form_name,表单名称,文本,varchar(255),P1-内部,126,1.0,workflow.wf_form_definition.form_name[COMMON_SERVICE]×126,,,记录新增与修改
form_schema_version,表单版本,文本,integer,P1-内部,126,1.0,workflow.wf_form_definition.version_no[COMMON_SERVICE]×126,,,记录新增与修改
form_version,表单版本,文本,integer,P1-内部,126,1.0,workflow.wf_form_definition.version_no[COMMON_SERVICE]×2164,版本发布后不可回写历史数据,,记录新增与修改
four_eyes_enabled,高风险操作双人复核,布尔,jsonb,P1-内部,126,1.0,workflow.wf_rule.rule_expr.four_eyes_enabled[COMMON_SERVICE]×126,,,记录新增与修改
goal_achievement_rate,目标达成率,百分比,jsonb,P1-内部,126,0.0,workflow.wf_submission_value.value_json[DYNAMIC_CONFIG]×126,0-100,,记录新增与修改
gray_scope,灰度范围,组织/人员集合,jsonb,P1-内部,126,0.0,workflow.wf_submission_value.value_json[DYNAMIC_CONFIG]×126,,,记录新增与修改
guest_contact,联系人及电话,文本,varchar(200),P2-个人,3,0.0,reception.change_request.guest_contact[TYPED_COLUMN]×12；reception.guide_execution.guest_contact[TYPED_COLUMN]×11；reception.reception_order.guest_contact[TYPED_COLUMN]×11,,手机号脱敏,记录新增与修改
guest_count,人数,整数,bigint,P1-内部,3,1.0,reception.change_request.guest_count[TYPED_COLUMN]×12；reception.guide_execution.guest_count[TYPED_COLUMN]×11；reception.reception_order.guest_count[TYPED_COLUMN]×11,,,记录新增与修改
guest_team_name,客户/团队名称,文本,varchar(200),P1-内部,6,1.0,reception.change_request.guest_team_name[TYPED_COLUMN]×18；reception.guide_execution.guest_team_name[TYPED_COLUMN]×17；reception.reception_order.guest_team_name[TYPED_COLUMN]×17；fleet.vehicle_dispatch.guest_team_name[TYPED_COLUMN]×6；reception.complaint.guest_team_name[TYPED_COLUMN]×6；workflow.wf_orchestration_instance.guest_team_name[TYPED_COLUMN]×6,,,记录新增与修改
guide_host_id,导游/接待负责人,文本,varchar(32),P1-内部,3,0.0,reception.change_request.guide_host_id[TYPED_COLUMN]×12；reception.guide_execution.guide_host_id[TYPED_COLUMN]×11；reception.reception_order.guide_host_id[TYPED_COLUMN]×11,,,记录新增与修改
handler_roles,处理角色,角色集合,jsonb,P1-内部,126,1.0,workflow.wf_node.actor_rule.handler_roles[COMMON_SERVICE]×126,,,记录新增与修改
handover_agent_id,交接代理人,文本,varchar(32),P1-内部,3,0.0,attendance.leave_request.handover_agent_id[TYPED_COLUMN]×12；attendance.shift_change_request.handover_agent_id[TYPED_COLUMN]×12；attendance.overtime_request.handover_agent_id[TYPED_COLUMN]×11,,,记录新增与修改
handover_checklist,交接清单,子表,jsonb,P1-内部,6,0.0,hr.employee_offboarding_item.item_value_json[CHILD_ITEM]×6；hr.employee_onboarding_item.item_value_json[CHILD_ITEM]×6；hr.employee_transfer_item.item_value_json[CHILD_ITEM]×6；hr.promotion_request_item.item_value_json[CHILD_ITEM]×6；iam.login_session_item.item_value_json[CHILD_ITEM]×6；iam.permission_request_item.item_value_json[CHILD_ITEM]×6,,,记录新增与修改
handover_items,交接事项,子表,jsonb,P1-内部,3,0.0,attendance.leave_request_item.item_value_json[CHILD_ITEM]×12；attendance.shift_change_request_item.item_value_json[CHILD_ITEM]×12；attendance.overtime_request_item.item_value_json[CHILD_ITEM]×11,,,记录新增与修改
has_deviation,是否偏离计划,布尔,jsonb,P1-内部,126,1.0,workflow.wf_submission_value.value_json[DYNAMIC_CONFIG]×126,,,记录新增与修改
has_exception,是否存在异常,布尔,jsonb,P1-内部,126,1.0,workflow.wf_submission_value.value_json[DYNAMIC_CONFIG]×126,,,记录新增与修改
headcount_no,编制编号,文本,varchar(32),P1-内部,6,0.0,hr.employee_offboarding.headcount_no[TYPED_COLUMN]×11；hr.employee_onboarding.headcount_no[TYPED_COLUMN]×11；hr.employee_transfer.headcount_no[TYPED_COLUMN]×11；hr.promotion_request.headcount_no[TYPED_COLUMN]×11；iam.login_session.headcount_no[TYPED_COLUMN]×11；iam.permission_request.headcount_no[TYPED_COLUMN]×11,,,记录新增与修改
highlights,主要亮点,长文本,jsonb,P1-内部,126,0.0,workflow.wf_submission_value.value_json[DYNAMIC_CONFIG]×126,,,记录新增与修改
idempotency_rule,幂等键生成规则,文本,jsonb,P1-内部,126,1.0,workflow.wf_submission_value.value_json[DYNAMIC_CONFIG]×126,,,记录新增与修改
identity_id,当前任职身份,文本,jsonb,P1-内部,126,1.0,workflow.wf_instance.context_snapshot.identity_id[COMMON_SERVICE]×2164,属于当前员工有效任职关系,,记录新增与修改
immediate_action,已采取措施,长文本,jsonb,P1-内部,126,0.0,workflow.wf_submission_value.value_json[DYNAMIC_CONFIG]×126,,,记录新增与修改
immediate_risk_control,先行止险措施,长文本,text,P1-内部,6,0.0,collaboration.major_matter.immediate_risk_control[TYPED_COLUMN]×11；reception.complaint.immediate_risk_control[TYPED_COLUMN]×11；security.crowd_alert.immediate_risk_control[TYPED_COLUMN]×11；security.event_security_plan.immediate_risk_control[TYPED_COLUMN]×11；security.patrol_task.immediate_risk_control[TYPED_COLUMN]×11；security.security_incident.immediate_risk_control[TYPED_COLUMN]×11,,,记录新增与修改
impact_effective_date,执行生效日期,日期,date,P1-内部,4,0.0,reward.discipline_case.impact_effective_date[TYPED_COLUMN]×6；reward.point_transaction.impact_effective_date[TYPED_COLUMN]×6；reward.reward_case.impact_effective_date[TYPED_COLUMN]×6；welfare.care_case.impact_effective_date[TYPED_COLUMN]×6,,,记录新增与修改
impact_level,影响级别,枚举,varchar(64),P1-内部,4,1.0,reward.point_transaction.impact_level[TYPED_COLUMN]×12；reward.discipline_case.impact_level[TYPED_COLUMN]×11；reward.reward_case.impact_level[TYPED_COLUMN]×11；welfare.care_case.impact_level[TYPED_COLUMN]×11,,,记录新增与修改
impact_scope,影响范围,多选枚举,jsonb,P1-内部,126,0.0,workflow.wf_submission_value.value_json[DYNAMIC_CONFIG]×252,,,记录新增与修改
implementation_window,实施窗口,日期时间区间,tstzrange,P1-内部,11,0.0,devops.release.implementation_window[TYPED_COLUMN]×24；itops.network_change.implementation_window[TYPED_COLUMN]×12；audit.data_export_request.implementation_window[TYPED_COLUMN]×11；audit.data_quality_issue.implementation_window[TYPED_COLUMN]×11；devops.defect.implementation_window[TYPED_COLUMN]×11；devops.requirement.implementation_window[TYPED_COLUMN]×11；iam.account_execution.implementation_window[TYPED_COLUMN]×11；integration.data_import_job.implementation_window[TYPED_COLUMN]×11；itops.recovery_drill.implementation_window[TYPED_COLUMN]×11；itops.service_request.implementation_window[TYPED_COLUMN]×11,,,记录新增与修改
incident_area_id,发生区域,文本,varchar(64),P1-内部,9,1.0,collaboration.major_matter.incident_area_id[TYPED_COLUMN]×11；reception.complaint.incident_area_id[TYPED_COLUMN]×11；security.crowd_alert.incident_area_id[TYPED_COLUMN]×11；security.event_security_plan.incident_area_id[TYPED_COLUMN]×11；security.patrol_task.incident_area_id[TYPED_COLUMN]×11；security.security_incident.incident_area_id[TYPED_COLUMN]×11；cleaning.pollution_incident.incident_area_id[TYPED_COLUMN]×6；fleet.vehicle_incident.incident_area_id[TYPED_COLUMN]×6；workflow.wf_orchestration_instance.incident_area_id[TYPED_COLUMN]×6,,,记录新增与修改
incident_occurred_at,发生时间,日期时间,timestamptz,P1-内部,7,1.0,collaboration.major_matter.incident_occurred_at[TYPED_COLUMN]×11；reception.complaint.incident_occurred_at[TYPED_COLUMN]×11；security.crowd_alert.incident_occurred_at[TYPED_COLUMN]×11；security.event_security_plan.incident_occurred_at[TYPED_COLUMN]×11；security.patrol_task.incident_occurred_at[TYPED_COLUMN]×11；security.security_incident.incident_occurred_at[TYPED_COLUMN]×11；cleaning.pollution_incident.incident_occurred_at[TYPED_COLUMN]×6,,,记录新增与修改
incident_patrol_no,事件/巡检编号,文本,varchar(64),P1-内部,16,1.0,collaboration.major_matter.incident_patrol_no[TYPED_COLUMN]×17；reception.complaint.incident_patrol_no[TYPED_COLUMN]×17；security.crowd_alert.incident_patrol_no[TYPED_COLUMN]×17；security.event_security_plan.incident_patrol_no[TYPED_COLUMN]×17；security.patrol_task.incident_patrol_no[TYPED_COLUMN]×17；security.security_incident.incident_patrol_no[TYPED_COLUMN]×17；asset.asset_disposal.incident_patrol_no[TYPED_COLUMN]×6；brand.infringement_case.incident_patrol_no[TYPED_COLUMN]×6；catering.food_safety_incident.incident_patrol_no[TYPED_COLUMN]×6；cleaning.pollution_incident.incident_patrol_no[TYPED_COLUMN]×6；ecommerce.review_complaint.incident_patrol_no[TYPED_COLUMN]×6；entertainment.equipment_fault.incident_patrol_no[TYPED_COLUMN]×6；fleet.vehicle_incident.incident_patrol_no[TYPED_COLUMN]×6；itops.network_change.incident_patrol_no[TYPED_COLUMN]×6；media.public_opinion_case.incident_patrol_no[TYPED_COLUMN]×6；workflow.wf_orchestration_instance.incident_patrol_no[TYPED_COLUMN]×6,,,记录新增与修改
incident_risk_level,风险等级,枚举,varchar(64),P1-内部,6,1.0,collaboration.major_matter.incident_risk_level[TYPED_COLUMN]×11；reception.complaint.incident_risk_level[TYPED_COLUMN]×11；security.crowd_alert.incident_risk_level[TYPED_COLUMN]×11；security.event_security_plan.incident_risk_level[TYPED_COLUMN]×11；security.patrol_task.incident_risk_level[TYPED_COLUMN]×11；security.security_incident.incident_risk_level[TYPED_COLUMN]×11,,,记录新增与修改
incident_type,事件类型,枚举,varchar(64),P1-内部,15,1.0,collaboration.major_matter.incident_type[TYPED_COLUMN]×17；reception.complaint.incident_type[TYPED_COLUMN]×17；security.crowd_alert.incident_type[TYPED_COLUMN]×17；security.event_security_plan.incident_type[TYPED_COLUMN]×17；security.patrol_task.incident_type[TYPED_COLUMN]×17；security.security_incident.incident_type[TYPED_COLUMN]×17；asset.asset_disposal.incident_type[TYPED_COLUMN]×6；brand.infringement_case.incident_type[TYPED_COLUMN]×6；catering.food_safety_incident.incident_type[TYPED_COLUMN]×6；cleaning.pollution_incident.incident_type[TYPED_COLUMN]×6；ecommerce.review_complaint.incident_type[TYPED_COLUMN]×6；entertainment.equipment_fault.incident_type[TYPED_COLUMN]×6；fleet.vehicle_incident.incident_type[TYPED_COLUMN]×6；media.public_opinion_case.incident_type[TYPED_COLUMN]×6；workflow.wf_orchestration_instance.incident_type[TYPED_COLUMN]×6,,,记录新增与修改
ingredient_batches,食材批次,子表,jsonb,P1-内部,4,0.0,catering.meal_card_settlement_item.item_value_json[CHILD_ITEM]×12；catering.food_safety_incident_item.item_value_json[CHILD_ITEM]×11；catering.group_meal_order_item.item_value_json[CHILD_ITEM]×11；catering.ingredient_acceptance_item.item_value_json[CHILD_ITEM]×11,,,记录新增与修改
initiator_roles,发起角色,角色集合,jsonb,P1-内部,126,1.0,workflow.wf_node.actor_rule.initiator_roles[COMMON_SERVICE]×126,,,记录新增与修改
inspection_issues,巡检问题,子表,jsonb,P1-内部,3,0.0,merchant.merchant_admission_item.item_value_json[CHILD_ITEM]×11；merchant.merchant_exit_item.item_value_json[CHILD_ITEM]×11；merchant.merchant_inspection_item.item_value_json[CHILD_ITEM]×11,,,记录新增与修改
inspection_result,巡检/验收结果,枚举,varchar(64),P1-内部,3,0.0,cleaning.cleaning_task.inspection_result[TYPED_COLUMN]×11；cleaning.event_support.inspection_result[TYPED_COLUMN]×11；cleaning.pollution_incident.inspection_result[TYPED_COLUMN]×11,,,记录新增与修改
integration_endpoints,接口清单,子表,text,P1-内部,126,1.0,integration.endpoint.endpoint_uri[COMMON_SERVICE]×126,,,记录新增与修改
invoice_nos,发票/票据编号,文本集合,jsonb,P1-内部,4,0.0,finance.budget_request_item.item_value_json[CHILD_ITEM]×12；finance.reconciliation_task_item.item_value_json[CHILD_ITEM]×12；finance.expense_claim_item.item_value_json[CHILD_ITEM]×11；finance.loan_request_item.item_value_json[CHILD_ITEM]×11,,,记录新增与修改
invoice_verification,票据验真结果,枚举,varchar(64),P1-内部,4,0.0,finance.budget_request.invoice_verification[TYPED_COLUMN]×12；finance.reconciliation_task.invoice_verification[TYPED_COLUMN]×12；finance.expense_claim.invoice_verification[TYPED_COLUMN]×11；finance.loan_request.invoice_verification[TYPED_COLUMN]×11,,,记录新增与修改
involved_parties,涉及人员/对象,主体集合,varchar(64),P2-个人,6,0.0,workflow.wf_business_relation.relation_type[RELATION_LINK]×66,,按角色脱敏,记录新增与修改
issuer_host_id,签发/主持人,文本,varchar(32),P1-内部,7,0.0,collaboration.meeting.issuer_host_id[TYPED_COLUMN]×18；collaboration.notice.issuer_host_id[TYPED_COLUMN]×12；administration.official_document.issuer_host_id[TYPED_COLUMN]×6；collaboration.executive_directive.issuer_host_id[TYPED_COLUMN]×6,,,记录新增与修改
item_asset_id,物料/资产编号,文本,varchar(64),P1-内部,13,1.0,asset.stocktake.item_asset_id[TYPED_COLUMN]×18；asset.asset_disposal.item_asset_id[TYPED_COLUMN]×17；asset.asset_use_transaction.item_asset_id[TYPED_COLUMN]×17；asset.stock_in.item_asset_id[TYPED_COLUMN]×17；costume.damage_report.item_asset_id[TYPED_COLUMN]×17；costume.inventory_check.item_asset_id[TYPED_COLUMN]×17；archive.archive_package.item_asset_id[TYPED_COLUMN]×6；archive.borrow_request.item_asset_id[TYPED_COLUMN]×6；catering.ingredient_acceptance.item_asset_id[TYPED_COLUMN]×6；content.material_request.item_asset_id[TYPED_COLUMN]×6；costume.session_preparation.item_asset_id[TYPED_COLUMN]×6；ecommerce.product_listing.item_asset_id[TYPED_COLUMN]×6；workflow.wf_orchestration_instance.item_asset_id[TYPED_COLUMN]×6,,,记录新增与修改
item_asset_name,物料/资产名称,文本,varchar(200),P1-内部,13,1.0,asset.stocktake.item_asset_name[TYPED_COLUMN]×18；asset.asset_disposal.item_asset_name[TYPED_COLUMN]×17；asset.asset_use_transaction.item_asset_name[TYPED_COLUMN]×17；asset.stock_in.item_asset_name[TYPED_COLUMN]×17；costume.damage_report.item_asset_name[TYPED_COLUMN]×17；costume.inventory_check.item_asset_name[TYPED_COLUMN]×17；archive.archive_package.item_asset_name[TYPED_COLUMN]×6；archive.borrow_request.item_asset_name[TYPED_COLUMN]×6；catering.ingredient_acceptance.item_asset_name[TYPED_COLUMN]×6；content.material_request.item_asset_name[TYPED_COLUMN]×6；costume.session_preparation.item_asset_name[TYPED_COLUMN]×6；ecommerce.product_listing.item_asset_name[TYPED_COLUMN]×6；workflow.wf_orchestration_instance.item_asset_name[TYPED_COLUMN]×6,,,记录新增与修改
itinerary_version,唯一行程版本,文本,varchar(64),P1-内部,3,1.0,reception.change_request.itinerary_version[TYPED_COLUMN]×12；reception.guide_execution.itinerary_version[TYPED_COLUMN]×11；reception.reception_order.itinerary_version[TYPED_COLUMN]×11,,,记录新增与修改
known_impact,已知影响,长文本,text,P1-内部,22,0.0,devops.release.known_impact[TYPED_COLUMN]×2；administration.large_event.known_impact[TYPED_COLUMN]×1；asset.stocktake.known_impact[TYPED_COLUMN]×1；attendance.leave_request.known_impact[TYPED_COLUMN]×1；attendance.shift_change_request.known_impact[TYPED_COLUMN]×1；catering.meal_card_settlement.known_impact[TYPED_COLUMN]×1；content.change_request.known_impact[TYPED_COLUMN]×1；education.teacher_schedule.known_impact[TYPED_COLUMN]×1；entertainment.show_session.known_impact[TYPED_COLUMN]×1；entertainment.staff_shortage.known_impact[TYPED_COLUMN]×1；entertainment.suspension_decision.known_impact[TYPED_COLUMN]×1；finance.budget_request.known_impact[TYPED_COLUMN]×1；finance.reconciliation_task.known_impact[TYPED_COLUMN]×1；hr.employee_profile_change.known_impact[TYPED_COLUMN]×1；itops.network_change.known_impact[TYPED_COLUMN]×1；media.ad_campaign.known_impact[TYPED_COLUMN]×1；planning.change_request.known_impact[TYPED_COLUMN]×1；procurement.purchase_return.known_impact[TYPED_COLUMN]×1；reception.change_request.known_impact[TYPED_COLUMN]×1；reward.point_transaction.known_impact[TYPED_COLUMN]×1；ticketing.ticket_refund_change.known_impact[TYPED_COLUMN]×1,,,记录新增与修改
kpi_results,关键指标结果,子表,jsonb,P1-内部,126,0.0,workflow.wf_submission_value.value_json[DYNAMIC_CONFIG]×126,,,记录新增与修改
layout_schema,布局Schema,JSON,jsonb,P1-内部,126,1.0,workflow.wf_form_definition.layout_schema[COMMON_SERVICE]×126,,,记录新增与修改
lead_center_id,牵头中心,文本,uuid,P1-内部,7,1.0,workflow.wf_orchestration_instance.lead_center_id[TYPED_COLUMN]×119,,,记录新增与修改
lead_opportunity_no,线索/商机编号,文本,varchar(64),P1-内部,6,0.0,crm.channel_partner.lead_opportunity_no[TYPED_COLUMN]×11；crm.opportunity.lead_opportunity_no[TYPED_COLUMN]×11；sales.customer_handover.lead_opportunity_no[TYPED_COLUMN]×11；sales.deal.lead_opportunity_no[TYPED_COLUMN]×11；sales.lead.lead_opportunity_no[TYPED_COLUMN]×11；sales.secondary_sale.lead_opportunity_no[TYPED_COLUMN]×11,,,记录新增与修改
lead_source,线索来源,枚举,varchar(64),P1-内部,6,0.0,crm.channel_partner.lead_source[TYPED_COLUMN]×11；crm.opportunity.lead_source[TYPED_COLUMN]×11；sales.customer_handover.lead_source[TYPED_COLUMN]×11；sales.deal.lead_source[TYPED_COLUMN]×11；sales.lead.lead_source[TYPED_COLUMN]×11；sales.secondary_sale.lead_source[TYPED_COLUMN]×11,,,记录新增与修改
learner_profile,适用年龄/对象,文本,varchar(500),P1-内部,4,0.0,education.teacher_schedule.learner_profile[TYPED_COLUMN]×12；education.course_product.learner_profile[TYPED_COLUMN]×11；education.study_tour_delivery.learner_profile[TYPED_COLUMN]×11；learning.learning_assignment.learner_profile[TYPED_COLUMN]×6,,,记录新增与修改
licenses,资质证照,文件集合,varchar(128),P2-个人,3,1.0,document.attachment_link.field_code[ATTACHMENT_LINK]×33,,证件号码脱敏,记录新增与修改
log_retention_days,日志保留天数,整数,integer,P1-内部,126,1.0,audit.audit_policy.retention_days[COMMON_SERVICE]×126,30-3650,,记录新增与修改
logistics_resource_type,资源类型,枚举,varchar(64),P1-内部,5,1.0,dormitory.stay_record.logistics_resource_type[TYPED_COLUMN]×17；fleet.vehicle_dispatch.logistics_resource_type[TYPED_COLUMN]×17；fleet.vehicle_incident.logistics_resource_type[TYPED_COLUMN]×17；drone.flight_incident.logistics_resource_type[TYPED_COLUMN]×6；maintenance.repair_order.logistics_resource_type[TYPED_COLUMN]×6,,,记录新增与修改
management_instruction,管理指令,长文本,jsonb,P1-内部,126,0.0,workflow.wf_task.candidate_rule.management_instruction[COMMON_SERVICE]×126,,,记录新增与修改
masking_rules,敏感字段脱敏规则,JSON,jsonb,P1-内部,126,0.0,audit.audit_policy.masking_policy[COMMON_SERVICE]×126,,,记录新增与修改
master_change_version,统一变更版本,文本,integer,P1-内部,7,0.0,workflow.wf_orchestration_instance.master_change_version[TYPED_COLUMN]×77,,,记录新增与修改
master_order_no,主单编号,文本,varchar(64),P1-内部,7,1.0,workflow.wf_orchestration_instance.master_order_no[TYPED_COLUMN]×119,,,记录新增与修改
material_completeness,材料完整性,枚举,jsonb,P1-内部,126,1.0,workflow.wf_submission_value.value_json[DYNAMIC_CONFIG]×126,,,记录新增与修改
meal_count,人数/份数,整数,bigint,P1-内部,4,0.0,catering.meal_card_settlement.meal_count[TYPED_COLUMN]×12；catering.food_safety_incident.meal_count[TYPED_COLUMN]×11；catering.group_meal_order.meal_count[TYPED_COLUMN]×11；catering.ingredient_acceptance.meal_count[TYPED_COLUMN]×11,,,记录新增与修改
meal_event_date,用餐/事件日期,日期,date,P1-内部,4,1.0,catering.meal_card_settlement.meal_event_date[TYPED_COLUMN]×18；catering.food_safety_incident.meal_event_date[TYPED_COLUMN]×17；catering.group_meal_order.meal_event_date[TYPED_COLUMN]×17；catering.ingredient_acceptance.meal_event_date[TYPED_COLUMN]×17,,,记录新增与修改
meal_standard,餐标,金额,"numeric(18,2)",P1-内部,4,0.0,catering.meal_card_settlement.meal_standard[TYPED_COLUMN]×12；catering.food_safety_incident.meal_standard[TYPED_COLUMN]×11；catering.group_meal_order.meal_standard[TYPED_COLUMN]×11；catering.ingredient_acceptance.meal_standard[TYPED_COLUMN]×11,,,记录新增与修改
meal_transaction_no,结算/交易编号,文本,varchar(64),P1-内部,4,0.0,catering.food_safety_incident.meal_transaction_no[TYPED_COLUMN]×6；catering.group_meal_order.meal_transaction_no[TYPED_COLUMN]×6；catering.ingredient_acceptance.meal_transaction_no[TYPED_COLUMN]×6；catering.meal_card_settlement.meal_transaction_no[TYPED_COLUMN]×6,,,记录新增与修改
meal_type,餐次/餐饮类型,枚举,varchar(64),P1-内部,4,1.0,catering.meal_card_settlement.meal_type[TYPED_COLUMN]×18；catering.food_safety_incident.meal_type[TYPED_COLUMN]×17；catering.group_meal_order.meal_type[TYPED_COLUMN]×17；catering.ingredient_acceptance.meal_type[TYPED_COLUMN]×17,,,记录新增与修改
media_assets,素材文件,文件集合,varchar(128),P1-内部,16,0.0,document.attachment_link.field_code[ATTACHMENT_LINK]×96,,,记录新增与修改
media_metrics,传播/转化指标,子表,jsonb,P1-内部,16,0.0,brand.authorization_item.item_value_json[CHILD_ITEM]×6；brand.infringement_case_item.item_value_json[CHILD_ITEM]×6；brand.material_review_item.item_value_json[CHILD_ITEM]×6；content.change_request_item.item_value_json[CHILD_ITEM]×6；content.material_request_item.item_value_json[CHILD_ITEM]×6；content.shooting_task_item.item_value_json[CHILD_ITEM]×6；ecommerce.ota_order_item.item_value_json[CHILD_ITEM]×6；ecommerce.product_listing_item.item_value_json[CHILD_ITEM]×6；ecommerce.refund_order_item.item_value_json[CHILD_ITEM]×6；ecommerce.review_complaint_item.item_value_json[CHILD_ITEM]×6；media.ad_campaign_item.item_value_json[CHILD_ITEM]×6；media.live_session_item.item_value_json[CHILD_ITEM]×6；media.public_opinion_case_item.item_value_json[CHILD_ITEM]×6；media.short_video_release_item.item_value_json[CHILD_ITEM]×6；planning.change_request_item.item_value_json[CHILD_ITEM]×6；planning.project_item.item_value_json[CHILD_ITEM]×6,,,记录新增与修改
menu_items,菜单/品项,子表,jsonb,P1-内部,4,0.0,catering.meal_card_settlement_item.item_value_json[CHILD_ITEM]×12；catering.food_safety_incident_item.item_value_json[CHILD_ITEM]×11；catering.group_meal_order_item.item_value_json[CHILD_ITEM]×11；catering.ingredient_acceptance_item.item_value_json[CHILD_ITEM]×11,,,记录新增与修改
merchant_category,经营品类,枚举,varchar(64),P1-内部,3,1.0,merchant.merchant_admission.merchant_category[TYPED_COLUMN]×11；merchant.merchant_exit.merchant_category[TYPED_COLUMN]×11；merchant.merchant_inspection.merchant_category[TYPED_COLUMN]×11,,,记录新增与修改
merchant_contract_no,合同编号,文本,varchar(64),P1-内部,3,0.0,merchant.merchant_admission.merchant_contract_no[TYPED_COLUMN]×11；merchant.merchant_exit.merchant_contract_no[TYPED_COLUMN]×11；merchant.merchant_inspection.merchant_contract_no[TYPED_COLUMN]×11,,,记录新增与修改
merchant_id,商户编号,文本,varchar(32),P1-内部,4,1.0,merchant.merchant_admission.merchant_id[TYPED_COLUMN]×17；merchant.merchant_exit.merchant_id[TYPED_COLUMN]×17；merchant.merchant_inspection.merchant_id[TYPED_COLUMN]×17；crm.channel_partner.merchant_id[TYPED_COLUMN]×6,,,记录新增与修改
merchant_location_id,经营位置,文本,varchar(64),P1-内部,3,1.0,merchant.merchant_admission.merchant_location_id[TYPED_COLUMN]×11；merchant.merchant_exit.merchant_location_id[TYPED_COLUMN]×11；merchant.merchant_inspection.merchant_location_id[TYPED_COLUMN]×11,,,记录新增与修改
merchant_name,商户名称,文本,varchar(200),P1-内部,4,1.0,merchant.merchant_admission.merchant_name[TYPED_COLUMN]×17；merchant.merchant_exit.merchant_name[TYPED_COLUMN]×17；merchant.merchant_inspection.merchant_name[TYPED_COLUMN]×17；crm.channel_partner.merchant_name[TYPED_COLUMN]×6,,,记录新增与修改
merchant_rectification_due,整改期限,日期时间,timestamptz,P1-内部,3,0.0,merchant.merchant_admission.merchant_rectification_due[TYPED_COLUMN]×6；merchant.merchant_exit.merchant_rectification_due[TYPED_COLUMN]×6；merchant.merchant_inspection.merchant_rectification_due[TYPED_COLUMN]×6,,,记录新增与修改
next_center_id,下一处理中心,文本,jsonb,P1-内部,126,0.0,workflow.wf_submission_value.value_json[DYNAMIC_CONFIG]×126,,,记录新增与修改
node_sla_config,节点SLA,JSON,jsonb,P1-内部,126,1.0,workflow.wf_sla_policy.remind_rules.node_sla_config[COMMON_SERVICE]×126,,,记录新增与修改
notification_channels,通知渠道,多选枚举,varchar(32),P1-内部,126,1.0,notification.template.channel[COMMON_SERVICE]×126,,,记录新增与修改
notification_suppression,免打扰与降噪规则,JSON,jsonb,P1-内部,126,0.0,notification.template.variables_schema.notification_suppression[COMMON_SERVICE]×126,,,记录新增与修改
notification_templates,通知模板,JSON,text,P1-内部,126,1.0,notification.template.body_template[COMMON_SERVICE]×126,,,记录新增与修改
occurred_at,发生时间,日期时间,jsonb,P1-内部,126,1.0,workflow.wf_submission_value.value_json[DYNAMIC_CONFIG]×126,,,记录新增与修改
official_attachments,附件/材料清单,文件集合,varchar(128),P1-内部,7,0.0,document.attachment_link.field_code[ATTACHMENT_LINK]×77,,,记录新增与修改
official_content,正文/议题内容,长文本,text,P1-内部,7,1.0,collaboration.meeting.official_content[TYPED_COLUMN]×33；collaboration.notice.official_content[TYPED_COLUMN]×22；administration.official_document.official_content[TYPED_COLUMN]×11；collaboration.executive_directive.official_content[TYPED_COLUMN]×11,,,记录新增与修改
official_subject,事项标题,文本,varchar(200),P1-内部,7,1.0,collaboration.meeting.official_subject[TYPED_COLUMN]×51；collaboration.notice.official_subject[TYPED_COLUMN]×34；administration.official_document.official_subject[TYPED_COLUMN]×17；collaboration.executive_directive.official_subject[TYPED_COLUMN]×17,,,记录新增与修改
official_type,事项类型,枚举,varchar(64),P1-内部,7,1.0,collaboration.meeting.official_type[TYPED_COLUMN]×51；collaboration.notice.official_type[TYPED_COLUMN]×34；administration.official_document.official_type[TYPED_COLUMN]×17；collaboration.executive_directive.official_type[TYPED_COLUMN]×17,,,记录新增与修改
operator_employee_id,经办人员工编号,文本,jsonb,P2-个人,126,1.0,workflow.wf_submission_value.value_json[DYNAMIC_CONFIG]×2164,必须为有效在职关系或授权身份,编号按权限,记录新增与修改
operator_name,经办人姓名,文本,jsonb,P2-个人,126,1.0,workflow.wf_submission_value.value_json[DYNAMIC_CONFIG]×2164,与员工编号一致,外部查看部分脱敏,记录新增与修改
orchestration_graph,调用顺序/依赖,JSON,jsonb,P1-内部,126,1.0,workflow.wf_submission_value.value_json[DYNAMIC_CONFIG]×126,,,记录新增与修改
order_amount,订单金额,金额,"numeric(18,2)",P1-内部,3,0.0,ticketing.ticket_refund_change.order_amount[TYPED_COLUMN]×12；ticketing.offline_check_event.order_amount[TYPED_COLUMN]×11；ticketing.ticket_order.order_amount[TYPED_COLUMN]×11,,,记录新增与修改
order_no,订单编号,文本,varchar(64),P1-内部,9,1.0,ticketing.ticket_refund_change.order_no[TYPED_COLUMN]×18；ticketing.offline_check_event.order_no[TYPED_COLUMN]×17；ticketing.ticket_order.order_no[TYPED_COLUMN]×17；drone.flight_cancellation.order_no[TYPED_COLUMN]×6；ecommerce.ota_order.order_no[TYPED_COLUMN]×6；ecommerce.refund_order.order_no[TYPED_COLUMN]×6；entertainment.suspension_decision.order_no[TYPED_COLUMN]×6；finance.loan_request.order_no[TYPED_COLUMN]×6；sales.secondary_sale.order_no[TYPED_COLUMN]×6,,,记录新增与修改
original_instance_no,原流程实例编号,文本,jsonb,P1-内部,126,1.0,workflow.wf_instance.context_snapshot.original_instance_no[COMMON_SERVICE]×148,必须存在且未关闭,,记录新增与修改
owner_center_id,主责中心,文本,jsonb,P1-内部,126,1.0,workflow.wf_instance.context_snapshot.owner_center_id[COMMON_SERVICE]×126,,,记录新增与修改
owner_department_id,主责部门,文本,jsonb,P1-内部,126,0.0,workflow.wf_instance.context_snapshot.owner_department_id[COMMON_SERVICE]×126,,,记录新增与修改
owner_employee_id,主责人,文本,jsonb,P1-内部,126,1.0,workflow.wf_instance.context_snapshot.owner_employee_id[COMMON_SERVICE]×126,,,记录新增与修改
participating_centers,参与中心,组织集合,varchar(64),P1-内部,7,1.0,workflow.wf_business_relation.relation_type[RELATION_LINK]×77,,,记录新增与修改
pay_status,支付状态,枚举,varchar(64),P1-内部,3,0.0,ticketing.ticket_refund_change.pay_status[TYPED_COLUMN]×12；ticketing.offline_check_event.pay_status[TYPED_COLUMN]×11；ticketing.ticket_order.pay_status[TYPED_COLUMN]×11,,,记录新增与修改
payment_status,付款/回款状态,枚举,varchar(64),P1-内部,4,0.0,finance.budget_request.payment_status[TYPED_COLUMN]×6；finance.expense_claim.payment_status[TYPED_COLUMN]×6；finance.loan_request.payment_status[TYPED_COLUMN]×6；finance.reconciliation_task.payment_status[TYPED_COLUMN]×6,,,记录新增与修改
performer_ids,演员/执行人员,人员集合,varchar(64),P1-内部,7,0.0,workflow.wf_business_relation.relation_type[RELATION_LINK]×80,,,记录新增与修改
period_or_course_no,周期/课程编号,文本,varchar(32),P1-内部,10,1.0,learning.learning_assignment.period_or_course_no[TYPED_COLUMN]×17；performance.performance_cycle.period_or_course_no[TYPED_COLUMN]×17；attendance.shift_change_request.period_or_course_no[TYPED_COLUMN]×6；collaboration.notice.period_or_course_no[TYPED_COLUMN]×6；education.course_product.period_or_course_no[TYPED_COLUMN]×6；education.teacher_schedule.period_or_course_no[TYPED_COLUMN]×6；hr.employee_onboarding.period_or_course_no[TYPED_COLUMN]×6；hr.employee_transfer.period_or_course_no[TYPED_COLUMN]×6；hr.promotion_request.period_or_course_no[TYPED_COLUMN]×6；sales.lead.period_or_course_no[TYPED_COLUMN]×6,,,记录新增与修改
permission_review_cycle_days,权限复核周期,整数,jsonb,P1-内部,126,0.0,workflow.wf_sla_policy.remind_rules.permission_review_cycle_days[COMMON_SERVICE]×126,1-3650,,记录新增与修改
person_name,姓名,文本,varchar(50),P2-个人,9,1.0,hr.employee_offboarding.person_name[TYPED_COLUMN]×17；hr.employee_onboarding.person_name[TYPED_COLUMN]×17；hr.employee_transfer.person_name[TYPED_COLUMN]×17；hr.promotion_request.person_name[TYPED_COLUMN]×17；iam.login_session.person_name[TYPED_COLUMN]×17；iam.permission_request.person_name[TYPED_COLUMN]×17；dormitory.stay_record.person_name[TYPED_COLUMN]×6；sales.customer_handover.person_name[TYPED_COLUMN]×6；workflow.wf_orchestration_instance.person_name[TYPED_COLUMN]×6,,外部显示部分脱敏,记录新增与修改
person_no,人员/候选人编号,文本,varchar(32),P1-内部,10,1.0,hr.employee_offboarding.person_no[TYPED_COLUMN]×17；hr.employee_onboarding.person_no[TYPED_COLUMN]×17；hr.employee_transfer.person_no[TYPED_COLUMN]×17；hr.promotion_request.person_no[TYPED_COLUMN]×17；iam.login_session.person_no[TYPED_COLUMN]×17；iam.permission_request.person_no[TYPED_COLUMN]×17；dormitory.stay_record.person_no[TYPED_COLUMN]×6；iam.account_execution.person_no[TYPED_COLUMN]×6；sales.customer_handover.person_no[TYPED_COLUMN]×6；workflow.wf_orchestration_instance.person_no[TYPED_COLUMN]×6,,,记录新增与修改
pilot_id,飞行员,文本,varchar(32),P1-内部,3,1.0,drone.flight_cancellation.pilot_id[TYPED_COLUMN]×11；drone.flight_incident.pilot_id[TYPED_COLUMN]×11；drone.flight_task.pilot_id[TYPED_COLUMN]×11,,,记录新增与修改
pilot_license_no,资质证书编号,文本,varchar(64),P2-个人,3,1.0,drone.flight_cancellation.pilot_license_no[TYPED_COLUMN]×11；drone.flight_incident.pilot_license_no[TYPED_COLUMN]×11；drone.flight_task.pilot_license_no[TYPED_COLUMN]×11,,部分脱敏,记录新增与修改
planned_delivery_date,计划到货日期,日期,date,P1-内部,3,0.0,procurement.purchase_return.planned_delivery_date[TYPED_COLUMN]×12；procurement.emergency_purchase.planned_delivery_date[TYPED_COLUMN]×11；procurement.purchase_request.planned_delivery_date[TYPED_COLUMN]×11,,,记录新增与修改
planned_effective_date,计划生效日期,日期,date,P1-内部,6,1.0,hr.employee_offboarding.planned_effective_date[TYPED_COLUMN]×11；hr.employee_onboarding.planned_effective_date[TYPED_COLUMN]×11；hr.employee_transfer.planned_effective_date[TYPED_COLUMN]×11；hr.promotion_request.planned_effective_date[TYPED_COLUMN]×11；iam.login_session.planned_effective_date[TYPED_COLUMN]×11；iam.permission_request.planned_effective_date[TYPED_COLUMN]×11,,,记录新增与修改
planned_finish_at,计划完成时间,日期时间,jsonb,P1-内部,126,1.0,workflow.wf_submission_value.value_json[DYNAMIC_CONFIG]×126,不得早于计划开始时间,,记录新增与修改
planned_flight_window,计划起止时间,日期时间区间,tstzrange,P1-内部,3,1.0,drone.flight_cancellation.planned_flight_window[TYPED_COLUMN]×11；drone.flight_incident.planned_flight_window[TYPED_COLUMN]×11；drone.flight_task.planned_flight_window[TYPED_COLUMN]×11,,,记录新增与修改
planned_publish_at,计划发布时间,日期时间,timestamptz,P1-内部,16,0.0,content.change_request.planned_publish_at[TYPED_COLUMN]×12；media.ad_campaign.planned_publish_at[TYPED_COLUMN]×12；planning.change_request.planned_publish_at[TYPED_COLUMN]×12；brand.authorization.planned_publish_at[TYPED_COLUMN]×11；brand.infringement_case.planned_publish_at[TYPED_COLUMN]×11；brand.material_review.planned_publish_at[TYPED_COLUMN]×11；content.material_request.planned_publish_at[TYPED_COLUMN]×11；content.shooting_task.planned_publish_at[TYPED_COLUMN]×11；ecommerce.ota_order.planned_publish_at[TYPED_COLUMN]×11；ecommerce.product_listing.planned_publish_at[TYPED_COLUMN]×11；ecommerce.refund_order.planned_publish_at[TYPED_COLUMN]×11；ecommerce.review_complaint.planned_publish_at[TYPED_COLUMN]×11；media.live_session.planned_publish_at[TYPED_COLUMN]×11；media.public_opinion_case.planned_publish_at[TYPED_COLUMN]×11；media.short_video_release.planned_publish_at[TYPED_COLUMN]×11；planning.project.planned_publish_at[TYPED_COLUMN]×11,,,记录新增与修改
planned_start_at,计划开始时间,日期时间,jsonb,P1-内部,126,1.0,workflow.wf_submission_value.value_json[DYNAMIC_CONFIG]×126,,,记录新增与修改
points_delta,积分变动值,整数,bigint,P1-内部,4,0.0,reward.point_transaction.points_delta[TYPED_COLUMN]×12；reward.discipline_case.points_delta[TYPED_COLUMN]×11；reward.reward_case.points_delta[TYPED_COLUMN]×11；welfare.care_case.points_delta[TYPED_COLUMN]×11,,,记录新增与修改
practical_result,实操认证结果,枚举,varchar(64),P1-内部,2,0.0,learning.learning_assignment.practical_result[TYPED_COLUMN]×11；performance.performance_cycle.practical_result[TYPED_COLUMN]×11,,,记录新增与修改
pre_repair_snapshot,修复前快照策略,枚举,jsonb,P1-内部,126,1.0,workflow.wf_submission_value.value_json[DYNAMIC_CONFIG]×126,,,记录新增与修改
pre_show_check,场前检查结果,枚举,varchar(64),P1-内部,7,0.0,entertainment.show_session.pre_show_check[TYPED_COLUMN]×12；entertainment.staff_shortage.pre_show_check[TYPED_COLUMN]×12；entertainment.suspension_decision.pre_show_check[TYPED_COLUMN]×12；costume.session_preparation.pre_show_check[TYPED_COLUMN]×11；entertainment.program.pre_show_check[TYPED_COLUMN]×11；entertainment.suspension_advice.pre_show_check[TYPED_COLUMN]×11；entertainment.tech_support_task.pre_show_check[TYPED_COLUMN]×11,,,记录新增与修改
precheck_rules,前置校验规则,JSON,jsonb,P1-内部,126,1.0,workflow.wf_rule.rule_expr.precheck_rules[COMMON_SERVICE]×126,,,记录新增与修改
previous_stage_summary,前置节点结果摘要,长文本,jsonb,P1-内部,126,0.0,workflow.wf_submission_value.value_json[DYNAMIC_CONFIG]×2164,,,记录新增与修改
priority,紧急程度,枚举,varchar(16),P1-内部,126,1.0,workflow.wf_instance.priority[COMMON_SERVICE]×126,紧急时必须填写原因,,记录新增与修改
problem_items,问题清单,子表,jsonb,P1-内部,126,0.0,workflow.wf_submission_value.value_json[DYNAMIC_CONFIG]×126,,,记录新增与修改
process_code,流程编码,文本,varchar(16),P1-内部,126,1.0,workflow.wf_instance.process_code[COMMON_SERVICE]×2164,匹配已发布流程版本,,记录新增与修改
process_instance_no,流程实例编号,文本,varchar(64),P1-内部,126,1.0,workflow.wf_instance.instance_no[COMMON_SERVICE]×2164,全局唯一；不可修改,,记录新增与修改
product_id,产品/票种,文本,varchar(64),P1-内部,3,1.0,ticketing.ticket_refund_change.product_id[TYPED_COLUMN]×12；ticketing.offline_check_event.product_id[TYPED_COLUMN]×11；ticketing.ticket_order.product_id[TYPED_COLUMN]×11,,,记录新增与修改
program_version_id,节目编号/版本,文本,varchar(64),P1-内部,9,1.0,entertainment.show_session.program_version_id[TYPED_COLUMN]×18；entertainment.staff_shortage.program_version_id[TYPED_COLUMN]×18；entertainment.suspension_decision.program_version_id[TYPED_COLUMN]×18；costume.session_preparation.program_version_id[TYPED_COLUMN]×17；entertainment.program.program_version_id[TYPED_COLUMN]×17；entertainment.suspension_advice.program_version_id[TYPED_COLUMN]×17；entertainment.tech_support_task.program_version_id[TYPED_COLUMN]×17；costume.inventory_check.program_version_id[TYPED_COLUMN]×6；workflow.wf_orchestration_instance.program_version_id[TYPED_COLUMN]×6,,,记录新增与修改
progress_note,本次进展,长文本,jsonb,P1-内部,126,1.0,workflow.wf_submission_value.value_json[DYNAMIC_CONFIG]×126,,,记录新增与修改
progress_percent,总体进度,百分比,jsonb,P1-内部,126,1.0,workflow.wf_submission_value.value_json[DYNAMIC_CONFIG]×126,0-100,,记录新增与修改
publish_channels,发布平台/渠道,渠道集合,jsonb,P1-内部,16,0.0,content.change_request_item.item_value_json[CHILD_ITEM]×12；media.ad_campaign_item.item_value_json[CHILD_ITEM]×12；planning.change_request_item.item_value_json[CHILD_ITEM]×12；brand.authorization_item.item_value_json[CHILD_ITEM]×11；brand.infringement_case_item.item_value_json[CHILD_ITEM]×11；brand.material_review_item.item_value_json[CHILD_ITEM]×11；content.material_request_item.item_value_json[CHILD_ITEM]×11；content.shooting_task_item.item_value_json[CHILD_ITEM]×11；ecommerce.ota_order_item.item_value_json[CHILD_ITEM]×11；ecommerce.product_listing_item.item_value_json[CHILD_ITEM]×11；ecommerce.refund_order_item.item_value_json[CHILD_ITEM]×11；ecommerce.review_complaint_item.item_value_json[CHILD_ITEM]×11；media.live_session_item.item_value_json[CHILD_ITEM]×11；media.public_opinion_case_item.item_value_json[CHILD_ITEM]×11；media.short_video_release_item.item_value_json[CHILD_ITEM]×11；planning.project_item.item_value_json[CHILD_ITEM]×11,,,记录新增与修改
publish_meeting_at,发布/召开时间,日期时间,timestamptz,P1-内部,7,0.0,collaboration.meeting.publish_meeting_at[TYPED_COLUMN]×33；collaboration.notice.publish_meeting_at[TYPED_COLUMN]×22；administration.official_document.publish_meeting_at[TYPED_COLUMN]×11；collaboration.executive_directive.publish_meeting_at[TYPED_COLUMN]×11,,,记录新增与修改
purchase_category,采购品类,枚举,varchar(64),P1-内部,4,1.0,procurement.purchase_return.purchase_category[TYPED_COLUMN]×18；procurement.emergency_purchase.purchase_category[TYPED_COLUMN]×17；procurement.purchase_request.purchase_category[TYPED_COLUMN]×17；asset.stock_in.purchase_category[TYPED_COLUMN]×6,,,记录新增与修改
purchase_items,物品/服务明细,子表,jsonb,P1-内部,3,1.0,procurement.purchase_return_item.item_value_json[CHILD_ITEM]×12；procurement.emergency_purchase_item.item_value_json[CHILD_ITEM]×11；procurement.purchase_request_item.item_value_json[CHILD_ITEM]×11,,,记录新增与修改
purchase_order_no,采购订单编号,文本,varchar(32),P1-内部,3,0.0,procurement.purchase_return.purchase_order_no[TYPED_COLUMN]×12；procurement.emergency_purchase.purchase_order_no[TYPED_COLUMN]×11；procurement.purchase_request.purchase_order_no[TYPED_COLUMN]×11,,,记录新增与修改
purchase_request_no,采购需求编号,文本,varchar(32),P1-内部,4,0.0,procurement.purchase_return.purchase_request_no[TYPED_COLUMN]×18；procurement.emergency_purchase.purchase_request_no[TYPED_COLUMN]×17；procurement.purchase_request.purchase_request_no[TYPED_COLUMN]×17；asset.stock_in.purchase_request_no[TYPED_COLUMN]×6,,,记录新增与修改
qualification_effective_date,资格生效日期,日期,date,P1-内部,2,0.0,learning.learning_assignment.qualification_effective_date[TYPED_COLUMN]×11；performance.performance_cycle.qualification_effective_date[TYPED_COLUMN]×11,,,记录新增与修改
qualification_expire_date,资格到期日期,日期,date,P1-内部,2,0.0,learning.learning_assignment.qualification_expire_date[TYPED_COLUMN]×11；performance.performance_cycle.qualification_expire_date[TYPED_COLUMN]×11,,,记录新增与修改
quality_result,质量结论,枚举,jsonb,P1-内部,126,1.0,workflow.wf_submission_value.value_json[DYNAMIC_CONFIG]×126,,,记录新增与修改
quantity,人数/数量,整数,bigint,P1-内部,3,1.0,ticketing.ticket_refund_change.quantity[TYPED_COLUMN]×12；ticketing.offline_check_event.quantity[TYPED_COLUMN]×11；ticketing.ticket_order.quantity[TYPED_COLUMN]×11,大于0,,记录新增与修改
quantity_result,数量/范围结论,枚举,jsonb,P1-内部,126,0.0,workflow.wf_submission_value.value_json[DYNAMIC_CONFIG]×126,,,记录新增与修改
quota_account_id,额度账户,文本,varchar(32),P1-内部,3,0.0,attendance.leave_request.quota_account_id[TYPED_COLUMN]×12；attendance.shift_change_request.quota_account_id[TYPED_COLUMN]×12；attendance.overtime_request.quota_account_id[TYPED_COLUMN]×11,,,记录新增与修改
quota_amount,预占/扣减额度,小数,"numeric(18,6)",P1-内部,3,0.0,attendance.leave_request.quota_amount[TYPED_COLUMN]×12；attendance.shift_change_request.quota_amount[TYPED_COLUMN]×12；attendance.overtime_request.quota_amount[TYPED_COLUMN]×11,,,记录新增与修改
quotation_items,询比价记录,子表,jsonb,P1-内部,3,0.0,procurement.purchase_return_item.item_value_json[CHILD_ITEM]×12；procurement.emergency_purchase_item.item_value_json[CHILD_ITEM]×11；procurement.purchase_request_item.item_value_json[CHILD_ITEM]×11,,,记录新增与修改
raci_matrix,RACI职责矩阵,子表,jsonb,P1-内部,7,1.0,workflow.wf_submission_value.value_json[DYNAMIC_CONFIG]×77,,,记录新增与修改
reason,事由与背景,长文本,jsonb,P1-内部,126,1.0,workflow.wf_instance.context_snapshot.reason[COMMON_SERVICE]×126,不少于10字,,记录新增与修改
receipt_attachments,回执附件,文件集合,varchar(128),P1-内部,126,0.0,document.attachment_link.field_code[ATTACHMENT_LINK]×126,,,记录新增与修改
reception_level,接待等级,枚举,varchar(64),P1-内部,5,1.0,reception.change_request.reception_level[TYPED_COLUMN]×12；reception.guide_execution.reception_level[TYPED_COLUMN]×11；reception.reception_order.reception_level[TYPED_COLUMN]×11；fleet.vehicle_dispatch.reception_level[TYPED_COLUMN]×6；workflow.wf_orchestration_instance.reception_level[TYPED_COLUMN]×6,,,记录新增与修改
reception_team_no,接待/团队编号,文本,varchar(64),P1-内部,6,1.0,reception.change_request.reception_team_no[TYPED_COLUMN]×18；reception.guide_execution.reception_team_no[TYPED_COLUMN]×17；reception.reception_order.reception_team_no[TYPED_COLUMN]×17；fleet.vehicle_dispatch.reception_team_no[TYPED_COLUMN]×6；reception.complaint.reception_team_no[TYPED_COLUMN]×6；workflow.wf_orchestration_instance.reception_team_no[TYPED_COLUMN]×6,,,记录新增与修改
recipient_scope,参与/送达范围,组织人员集合,jsonb,P1-内部,7,1.0,collaboration.meeting_item.item_value_json[CHILD_ITEM]×33；collaboration.notice_item.item_value_json[CHILD_ITEM]×22；administration.official_document_item.item_value_json[CHILD_ITEM]×11；collaboration.executive_directive_item.item_value_json[CHILD_ITEM]×11,,,记录新增与修改
reconciliation_schedule,对账频率,CRON,jsonb,P1-内部,126,0.0,integration.endpoint.retry_policy.reconciliation_schedule[COMMON_SERVICE]×126,,,记录新增与修改
recovered_at,恢复时间,日期时间,timestamptz,P1-内部,3,0.0,entertainment.equipment_fault.recovered_at[TYPED_COLUMN]×6；itops.network_incident.recovered_at[TYPED_COLUMN]×6；maintenance.repair_order.recovered_at[TYPED_COLUMN]×6,,,记录新增与修改
rectification_due_at,整改期限,日期时间,jsonb,P1-内部,126,0.0,workflow.wf_submission_value.value_json[DYNAMIC_CONFIG]×126,,,记录新增与修改
rectification_requirement,整改要求,长文本,jsonb,P1-内部,126,0.0,workflow.wf_submission_value.value_json[DYNAMIC_CONFIG]×126,限期整改时必填,,记录新增与修改
refund_change_reason,退款/改签原因,长文本,text,P1-内部,3,0.0,ticketing.offline_check_event.refund_change_reason[TYPED_COLUMN]×6；ticketing.ticket_order.refund_change_reason[TYPED_COLUMN]×6；ticketing.ticket_refund_change.refund_change_reason[TYPED_COLUMN]×6,,,记录新增与修改
rejection_reason,退回/驳回原因,长文本,jsonb,P1-内部,126,0.0,workflow.wf_submission_value.value_json[DYNAMIC_CONFIG]×126,退回或驳回时必填,,记录新增与修改
related_document_nos,关联单据编号,文本集合,jsonb,P1-内部,126,0.0,workflow.wf_submission_value.value_json[DYNAMIC_CONFIG]×2164,,,记录新增与修改
repair_approval_policy,修复脚本审批策略,JSON,jsonb,P1-内部,126,1.0,workflow.wf_submission_value.value_json[DYNAMIC_CONFIG]×126,,,记录新增与修改
repair_rollback_policy,回滚策略,JSON,jsonb,P1-内部,126,1.0,workflow.wf_submission_value.value_json[DYNAMIC_CONFIG]×126,,,记录新增与修改
requested_amount,申请/业务金额,金额,"numeric(18,2)",P1-内部,4,0.0,finance.budget_request.requested_amount[TYPED_COLUMN]×12；finance.reconciliation_task.requested_amount[TYPED_COLUMN]×12；finance.expense_claim.requested_amount[TYPED_COLUMN]×11；finance.loan_request.requested_amount[TYPED_COLUMN]×11,不得小于0,,记录新增与修改
resolution_action,处理措施,长文本,text,P1-内部,3,0.0,entertainment.equipment_fault.resolution_action[TYPED_COLUMN]×11；itops.network_incident.resolution_action[TYPED_COLUMN]×11；maintenance.repair_order.resolution_action[TYPED_COLUMN]×11,,,记录新增与修改
resource_child_orders,票务餐饮车辆子单,子表,jsonb,P1-内部,3,0.0,reception.change_request_item.item_value_json[CHILD_ITEM]×6；reception.guide_execution_item.item_value_json[CHILD_ITEM]×6；reception.reception_order_item.item_value_json[CHILD_ITEM]×6,,,记录新增与修改
resource_items,资源清单,子表,jsonb,P1-内部,126,0.0,workflow.wf_submission_value.value_json[DYNAMIC_CONFIG]×126,,,记录新增与修改
resource_no,车辆/房间/床位编号,文本,varchar(64),P1-内部,5,1.0,dormitory.stay_record.resource_no[TYPED_COLUMN]×17；fleet.vehicle_dispatch.resource_no[TYPED_COLUMN]×17；fleet.vehicle_incident.resource_no[TYPED_COLUMN]×17；drone.flight_incident.resource_no[TYPED_COLUMN]×6；maintenance.repair_order.resource_no[TYPED_COLUMN]×6,,,记录新增与修改
resource_result,预算/资源结论,枚举,jsonb,P1-内部,126,0.0,workflow.wf_submission_value.value_json[DYNAMIC_CONFIG]×126,,,记录新增与修改
resource_user_id,使用人/入住人,文本,varchar(32),P1-内部,3,1.0,dormitory.stay_record.resource_user_id[TYPED_COLUMN]×11；fleet.vehicle_dispatch.resource_user_id[TYPED_COLUMN]×11；fleet.vehicle_incident.resource_user_id[TYPED_COLUMN]×11,,,记录新增与修改
result_confirmed,是否确认结果,布尔,jsonb,P1-内部,126,1.0,workflow.wf_submission_value.value_json[DYNAMIC_CONFIG]×126,,,记录新增与修改
result_summary,结果摘要,长文本,text,P1-内部,126,1.0,workflow.wf_orchestration_instance.result_summary[TYPED_COLUMN]×7；collaboration.meeting.result_summary[TYPED_COLUMN]×3；collaboration.notice.result_summary[TYPED_COLUMN]×2；devops.release.result_summary[TYPED_COLUMN]×2；administration.large_event.result_summary[TYPED_COLUMN]×1；administration.official_document.result_summary[TYPED_COLUMN]×1；archive.archive_package.result_summary[TYPED_COLUMN]×1；archive.borrow_request.result_summary[TYPED_COLUMN]×1；archive.disposal_appraisal.result_summary[TYPED_COLUMN]×1；asset.asset_disposal.result_summary[TYPED_COLUMN]×1；asset.asset_use_transaction.result_summary[TYPED_COLUMN]×1；asset.stock_in.result_summary[TYPED_COLUMN]×1；asset.stocktake.result_summary[TYPED_COLUMN]×1；attendance.leave_request.result_summary[TYPED_COLUMN]×1；attendance.overtime_request.result_summary[TYPED_COLUMN]×1；attendance.shift_change_request.result_summary[TYPED_COLUMN]×1；audit.data_export_request.result_summary[TYPED_COLUMN]×1；audit.data_quality_issue.result_summary[TYPED_COLUMN]×1；brand.authorization.result_summary[TYPED_COLUMN]×1；brand.infringement_case.result_summary[TYPED_COLUMN]×1；brand.material_review.result_summary[TYPED_COLUMN]×1；catering.food_safety_incident.result_summary[TYPED_COLUMN]×1；catering.group_meal_order.result_summary[TYPED_COLUMN]×1；catering.ingredient_acceptance.result_summary[TYPED_COLUMN]×1；catering.meal_card_settlement.result_summary[TYPED_COLUMN]×1；cleaning.cleaning_task.result_summary[TYPED_COLUMN]×1；cleaning.event_support.result_summary[TYPED_COLUMN]×1；cleaning.pollution_incident.result_summary[TYPED_COLUMN]×1；collaboration.executive_directive.result_summary[TYPED_COLUMN]×1；collaboration.major_matter.result_summary[TYPED_COLUMN]×1；content.change_request.result_summary[TYPED_COLUMN]×1；content.material_request.result_summary[TYPED_COLUMN]×1；content.shooting_task.result_summary[TYPED_COLUMN]×1；costume.damage_report.result_summary[TYPED_COLUMN]×1；costume.inventory_check.result_summary[TYPED_COLUMN]×1；costume.session_preparation.result_summary[TYPED_COLUMN]×1；crm.channel_partner.result_summary[TYPED_COLUMN]×1；crm.opportunity.result_summary[TYPED_COLUMN]×1；devops.defect.result_summary[TYPED_COLUMN]×1；devops.requirement.result_summary[TYPED_COLUMN]×1；document.signature_envelope.result_summary[TYPED_COLUMN]×1；dormitory.stay_record.result_summary[TYPED_COLUMN]×1；drone.flight_cancellation.result_summary[TYPED_COLUMN]×1；drone.flight_incident.result_summary[TYPED_COLUMN]×1；drone.flight_task.result_summary[TYPED_COLUMN]×1；ecommerce.ota_order.result_summary[TYPED_COLUMN]×1；ecommerce.product_listing.result_summary[TYPED_COLUMN]×1；ecommerce.refund_order.result_summary[TYPED_COLUMN]×1；ecommerce.review_complaint.result_summary[TYPED_COLUMN]×1；education.course_product.result_summary[TYPED_COLUMN]×1；education.study_tour_delivery.result_summary[TYPED_COLUMN]×1；education.teacher_schedule.result_summary[TYPED_COLUMN]×1；entertainment.equipment_fault.result_summary[TYPED_COLUMN]×1；entertainment.program.result_summary[TYPED_COLUMN]×1；entertainment.show_session.result_summary[TYPED_COLUMN]×1；entertainment.staff_shortage.result_summary[TYPED_COLUMN]×1；entertainment.suspension_advice.result_summary[TYPED_COLUMN]×1；entertainment.suspension_decision.result_summary[TYPED_COLUMN]×1；entertainment.tech_support_task.result_summary[TYPED_COLUMN]×1；finance.budget_request.result_summary[TYPED_COLUMN]×1；finance.expense_claim.result_summary[TYPED_COLUMN]×1；finance.loan_request.result_summary[TYPED_COLUMN]×1；finance.reconciliation_task.result_summary[TYPED_COLUMN]×1；fleet.vehicle_dispatch.result_summary[TYPED_COLUMN]×1；fleet.vehicle_incident.result_summary[TYPED_COLUMN]×1；hr.employee_offboarding.result_summary[TYPED_COLUMN]×1；hr.employee_onboarding.result_summary[TYPED_COLUMN]×1；hr.employee_profile_change.result_summary[TYPED_COLUMN]×1；hr.employee_transfer.result_summary[TYPED_COLUMN]×1；hr.promotion_request.result_summary[TYPED_COLUMN]×1；iam.account_execution.result_summary[TYPED_COLUMN]×1；iam.login_session.result_summary[TYPED_COLUMN]×1；iam.permission_request.result_summary[TYPED_COLUMN]×1；integration.data_import_job.result_summary[TYPED_COLUMN]×1；itops.event_support.result_summary[TYPED_COLUMN]×1；itops.network_change.result_summary[TYPED_COLUMN]×1；itops.network_incident.result_summary[TYPED_COLUMN]×1；itops.recovery_drill.result_summary[TYPED_COLUMN]×1；itops.service_request.result_summary[TYPED_COLUMN]×1；learning.learning_assignment.result_summary[TYPED_COLUMN]×1；maintenance.repair_order.result_summary[TYPED_COLUMN]×1；marketing.campaign.result_summary[TYPED_COLUMN]×1；media.ad_campaign.result_summary[TYPED_COLUMN]×1；media.live_session.result_summary[TYPED_COLUMN]×1；media.public_opinion_case.result_summary[TYPED_COLUMN]×1；media.short_video_release.result_summary[TYPED_COLUMN]×1；merchant.merchant_admission.result_summary[TYPED_COLUMN]×1；merchant.merchant_exit.result_summary[TYPED_COLUMN]×1；merchant.merchant_inspection.result_summary[TYPED_COLUMN]×1；performance.performance_cycle.result_summary[TYPED_COLUMN]×1；planning.change_request.result_summary[TYPED_COLUMN]×1；planning.event_handover.result_summary[TYPED_COLUMN]×1；planning.project.result_summary[TYPED_COLUMN]×1；procurement.emergency_purchase.result_summary[TYPED_COLUMN]×1；procurement.purchase_request.result_summary[TYPED_COLUMN]×1；procurement.purchase_return.result_summary[TYPED_COLUMN]×1；reception.change_request.result_summary[TYPED_COLUMN]×1；reception.complaint.result_summary[TYPED_COLUMN]×1；reception.guide_execution.result_summary[TYPED_COLUMN]×1；reception.reception_order.result_summary[TYPED_COLUMN]×1；reward.discipline_case.result_summary[TYPED_COLUMN]×1；reward.point_transaction.result_summary[TYPED_COLUMN]×1；reward.reward_case.result_summary[TYPED_COLUMN]×1；sales.customer_handover.result_summary[TYPED_COLUMN]×1；sales.deal.result_summary[TYPED_COLUMN]×1；sales.lead.result_summary[TYPED_COLUMN]×1；sales.secondary_sale.result_summary[TYPED_COLUMN]×1；security.crowd_alert.result_summary[TYPED_COLUMN]×1；security.event_security_plan.result_summary[TYPED_COLUMN]×1；security.patrol_task.result_summary[TYPED_COLUMN]×1；security.security_incident.result_summary[TYPED_COLUMN]×1；ticketing.offline_check_event.result_summary[TYPED_COLUMN]×1；ticketing.ticket_order.result_summary[TYPED_COLUMN]×1；ticketing.ticket_refund_change.result_summary[TYPED_COLUMN]×1；welfare.care_case.result_summary[TYPED_COLUMN]×1；workflow.generic_request.result_summary[TYPED_COLUMN]×1,,,记录新增与修改
retention_period,保管期限,枚举,jsonb,P1-内部,3,1.0,workflow.wf_submission_value.value_json[DYNAMIC_CONFIG]×33,,,记录新增与修改
retry_policy,重试策略,JSON,jsonb,P1-内部,126,1.0,integration.endpoint.retry_policy[COMMON_SERVICE]×126,,,记录新增与修改
return_condition,交付/归还状态,枚举,varchar(64),P1-内部,3,0.0,dormitory.stay_record.return_condition[TYPED_COLUMN]×6；fleet.vehicle_dispatch.return_condition[TYPED_COLUMN]×6；fleet.vehicle_incident.return_condition[TYPED_COLUMN]×6,,,记录新增与修改
review_attachments,审批意见附件,文件集合,varchar(128),P1-内部,126,0.0,document.attachment_link.field_code[ATTACHMENT_LINK]×126,,,记录新增与修改
review_points,品牌/事实审核要点,长文本,text,P1-内部,16,0.0,content.change_request.review_points[TYPED_COLUMN]×12；media.ad_campaign.review_points[TYPED_COLUMN]×12；planning.change_request.review_points[TYPED_COLUMN]×12；brand.authorization.review_points[TYPED_COLUMN]×11；brand.infringement_case.review_points[TYPED_COLUMN]×11；brand.material_review.review_points[TYPED_COLUMN]×11；content.material_request.review_points[TYPED_COLUMN]×11；content.shooting_task.review_points[TYPED_COLUMN]×11；ecommerce.ota_order.review_points[TYPED_COLUMN]×11；ecommerce.product_listing.review_points[TYPED_COLUMN]×11；ecommerce.refund_order.review_points[TYPED_COLUMN]×11；ecommerce.review_complaint.review_points[TYPED_COLUMN]×11；media.live_session.review_points[TYPED_COLUMN]×11；media.public_opinion_case.review_points[TYPED_COLUMN]×11；media.short_video_release.review_points[TYPED_COLUMN]×11；planning.project.review_points[TYPED_COLUMN]×11,,,记录新增与修改
review_score_1000,1000分评审分,整数,jsonb,P1-内部,126,0.0,workflow.wf_submission_value.value_json[DYNAMIC_CONFIG]×126,0-1000,,记录新增与修改
review_type,评审类型,枚举,jsonb,P1-内部,126,1.0,workflow.wf_submission_value.value_json[DYNAMIC_CONFIG]×126,,,记录新增与修改
reviewed_at,审批完成时间,日期时间,jsonb,P1-内部,126,1.0,workflow.wf_submission_value.value_json[DYNAMIC_CONFIG]×126,,,记录新增与修改
risk_level,风险等级,枚举,jsonb,P1-内部,126,1.0,workflow.wf_instance.context_snapshot.risk_level[COMMON_SERVICE]×126,,,记录新增与修改
role_position,角色/岗位,文本,varchar(100),P1-内部,7,0.0,entertainment.show_session.role_position[TYPED_COLUMN]×12；entertainment.staff_shortage.role_position[TYPED_COLUMN]×12；entertainment.suspension_decision.role_position[TYPED_COLUMN]×12；costume.session_preparation.role_position[TYPED_COLUMN]×11；entertainment.program.role_position[TYPED_COLUMN]×11；entertainment.suspension_advice.role_position[TYPED_COLUMN]×11；entertainment.tech_support_task.role_position[TYPED_COLUMN]×11,,,记录新增与修改
rollback_plan,回退方案,长文本,text,P1-内部,11,0.0,devops.release.rollback_plan[TYPED_COLUMN]×12；audit.data_export_request.rollback_plan[TYPED_COLUMN]×6；audit.data_quality_issue.rollback_plan[TYPED_COLUMN]×6；devops.defect.rollback_plan[TYPED_COLUMN]×6；devops.requirement.rollback_plan[TYPED_COLUMN]×6；iam.account_execution.rollback_plan[TYPED_COLUMN]×6；integration.data_import_job.rollback_plan[TYPED_COLUMN]×6；itops.network_change.rollback_plan[TYPED_COLUMN]×6；itops.recovery_drill.rollback_plan[TYPED_COLUMN]×6；itops.service_request.rollback_plan[TYPED_COLUMN]×6,,,记录新增与修改
rollback_policy,退回/撤回策略,JSON,jsonb,P1-内部,126,1.0,integration.endpoint.retry_policy.rollback_policy[COMMON_SERVICE]×126,,,记录新增与修改
root_cause,根因说明,长文本,jsonb,P1-内部,126,0.0,workflow.wf_submission_value.value_json[DYNAMIC_CONFIG]×126,,,记录新增与修改
root_cause_category,根因分类,枚举,jsonb,P1-内部,126,0.0,workflow.wf_submission_value.value_json[DYNAMIC_CONFIG]×126,,,记录新增与修改
route_plan,行程/路线,长文本,text,P1-内部,3,0.0,dormitory.stay_record.route_plan[TYPED_COLUMN]×11；fleet.vehicle_dispatch.route_plan[TYPED_COLUMN]×11；fleet.vehicle_incident.route_plan[TYPED_COLUMN]×11,,,记录新增与修改
route_script_version,路线/讲解词版本,文本,varchar(64),P1-内部,3,0.0,reception.change_request.route_script_version[TYPED_COLUMN]×12；reception.guide_execution.route_script_version[TYPED_COLUMN]×11；reception.reception_order.route_script_version[TYPED_COLUMN]×11,,,记录新增与修改
rule_set_version,规则集版本,文本,integer,P1-内部,126,1.0,workflow.wf_rule.version_no[COMMON_SERVICE]×126,,,记录新增与修改
safety_requirements,安全与应急要求,长文本,text,P1-内部,3,0.0,education.teacher_schedule.safety_requirements[TYPED_COLUMN]×12；education.course_product.safety_requirements[TYPED_COLUMN]×11；education.study_tour_delivery.safety_requirements[TYPED_COLUMN]×11,,,记录新增与修改
salary_budget_range,薪酬预算范围,文本,varchar(100),P3-高度敏感,6,0.0,hr.employee_offboarding.salary_budget_range[TYPED_COLUMN]×11；hr.employee_onboarding.salary_budget_range[TYPED_COLUMN]×11；hr.employee_transfer.salary_budget_range[TYPED_COLUMN]×11；hr.promotion_request.salary_budget_range[TYPED_COLUMN]×11；iam.login_session.salary_budget_range[TYPED_COLUMN]×11；iam.permission_request.salary_budget_range[TYPED_COLUMN]×11,,仅显示区间,记录新增与修改
sales_channel,销售渠道,枚举,varchar(64),P1-内部,9,1.0,ticketing.ticket_refund_change.sales_channel[TYPED_COLUMN]×18；ticketing.offline_check_event.sales_channel[TYPED_COLUMN]×17；ticketing.ticket_order.sales_channel[TYPED_COLUMN]×17；drone.flight_cancellation.sales_channel[TYPED_COLUMN]×6；ecommerce.ota_order.sales_channel[TYPED_COLUMN]×6；ecommerce.refund_order.sales_channel[TYPED_COLUMN]×6；entertainment.suspension_decision.sales_channel[TYPED_COLUMN]×6；finance.loan_request.sales_channel[TYPED_COLUMN]×6；sales.secondary_sale.sales_channel[TYPED_COLUMN]×6,,,记录新增与修改
sales_owner_id,负责人/归属,文本,varchar(32),P1-内部,6,1.0,crm.channel_partner.sales_owner_id[TYPED_COLUMN]×6；crm.opportunity.sales_owner_id[TYPED_COLUMN]×6；sales.customer_handover.sales_owner_id[TYPED_COLUMN]×6；sales.deal.sales_owner_id[TYPED_COLUMN]×6；sales.lead.sales_owner_id[TYPED_COLUMN]×6；sales.secondary_sale.sales_owner_id[TYPED_COLUMN]×6,,,记录新增与修改
sample_no,留样编号,文本,varchar(64),P1-内部,4,0.0,catering.food_safety_incident.sample_no[TYPED_COLUMN]×6；catering.group_meal_order.sample_no[TYPED_COLUMN]×6；catering.ingredient_acceptance.sample_no[TYPED_COLUMN]×6；catering.meal_card_settlement.sample_no[TYPED_COLUMN]×6,,,记录新增与修改
satisfaction_score,满意度,整数,jsonb,P1-内部,126,0.0,workflow.wf_submission_value.value_json[DYNAMIC_CONFIG]×126,1-5,,记录新增与修改
scene_description,现场情况,长文本,text,P1-内部,6,1.0,collaboration.major_matter.scene_description[TYPED_COLUMN]×11；reception.complaint.scene_description[TYPED_COLUMN]×11；security.crowd_alert.scene_description[TYPED_COLUMN]×11；security.event_security_plan.scene_description[TYPED_COLUMN]×11；security.patrol_task.scene_description[TYPED_COLUMN]×11；security.security_incident.scene_description[TYPED_COLUMN]×11,,,记录新增与修改
scope_check,业务范围校验,枚举,jsonb,P1-内部,126,1.0,workflow.wf_rule.rule_expr.scope_check[COMMON_SERVICE]×126,,,记录新增与修改
score_1000,考试/评价分（1000分）,整数,bigint,P1-内部,2,0.0,learning.learning_assignment.score_1000[TYPED_COLUMN]×11；performance.performance_cycle.score_1000[TYPED_COLUMN]×11,0-1000,,记录新增与修改
script_copy,脚本/文案,长文本,text,P1-内部,16,0.0,content.change_request.script_copy[TYPED_COLUMN]×12；media.ad_campaign.script_copy[TYPED_COLUMN]×12；planning.change_request.script_copy[TYPED_COLUMN]×12；brand.authorization.script_copy[TYPED_COLUMN]×11；brand.infringement_case.script_copy[TYPED_COLUMN]×11；brand.material_review.script_copy[TYPED_COLUMN]×11；content.material_request.script_copy[TYPED_COLUMN]×11；content.shooting_task.script_copy[TYPED_COLUMN]×11；ecommerce.ota_order.script_copy[TYPED_COLUMN]×11；ecommerce.product_listing.script_copy[TYPED_COLUMN]×11；ecommerce.refund_order.script_copy[TYPED_COLUMN]×11；ecommerce.review_complaint.script_copy[TYPED_COLUMN]×11；media.live_session.script_copy[TYPED_COLUMN]×11；media.public_opinion_case.script_copy[TYPED_COLUMN]×11；media.short_video_release.script_copy[TYPED_COLUMN]×11；planning.project.script_copy[TYPED_COLUMN]×11,,,记录新增与修改
self_check_result,自检结果,枚举,varchar(64),P1-内部,3,0.0,cleaning.cleaning_task.self_check_result[TYPED_COLUMN]×11；cleaning.event_support.self_check_result[TYPED_COLUMN]×11；cleaning.pollution_incident.self_check_result[TYPED_COLUMN]×11,,,记录新增与修改
server_validation_rules,服务端校验规则,JSON,jsonb,P1-内部,126,1.0,workflow.wf_form_definition.validation_schema.server[COMMON_SERVICE]×126,,,记录新增与修改
service_date,游玩/履约日期,日期,date,P1-内部,3,1.0,ticketing.ticket_refund_change.service_date[TYPED_COLUMN]×12；ticketing.offline_check_event.service_date[TYPED_COLUMN]×11；ticketing.ticket_order.service_date[TYPED_COLUMN]×11,,,记录新增与修改
severity,严重度,枚举,varchar(64),P1-内部,3,1.0,entertainment.equipment_fault.severity[TYPED_COLUMN]×11；itops.network_incident.severity[TYPED_COLUMN]×11；maintenance.repair_order.severity[TYPED_COLUMN]×11,,,记录新增与修改
show_result,演出结果,枚举,varchar(64),P1-内部,7,0.0,costume.session_preparation.show_result[TYPED_COLUMN]×6；entertainment.program.show_result[TYPED_COLUMN]×6；entertainment.show_session.show_result[TYPED_COLUMN]×6；entertainment.staff_shortage.show_result[TYPED_COLUMN]×6；entertainment.suspension_advice.show_result[TYPED_COLUMN]×6；entertainment.suspension_decision.show_result[TYPED_COLUMN]×6；entertainment.tech_support_task.show_result[TYPED_COLUMN]×6,,,记录新增与修改
show_session_no,场次编号,文本,varchar(64),P1-内部,9,0.0,entertainment.show_session.show_session_no[TYPED_COLUMN]×18；entertainment.staff_shortage.show_session_no[TYPED_COLUMN]×18；entertainment.suspension_decision.show_session_no[TYPED_COLUMN]×18；costume.session_preparation.show_session_no[TYPED_COLUMN]×17；entertainment.program.show_session_no[TYPED_COLUMN]×17；entertainment.suspension_advice.show_session_no[TYPED_COLUMN]×17；entertainment.tech_support_task.show_session_no[TYPED_COLUMN]×17；costume.inventory_check.show_session_no[TYPED_COLUMN]×6；workflow.wf_orchestration_instance.show_session_no[TYPED_COLUMN]×6,,,记录新增与修改
show_time,演出日期时间,日期时间,timestamptz,P1-内部,8,0.0,entertainment.show_session.show_time[TYPED_COLUMN]×12；entertainment.staff_shortage.show_time[TYPED_COLUMN]×12；entertainment.suspension_decision.show_time[TYPED_COLUMN]×12；costume.session_preparation.show_time[TYPED_COLUMN]×11；entertainment.program.show_time[TYPED_COLUMN]×11；entertainment.suspension_advice.show_time[TYPED_COLUMN]×11；entertainment.tech_support_task.show_time[TYPED_COLUMN]×11；workflow.wf_orchestration_instance.show_time[TYPED_COLUMN]×6,,,记录新增与修改
show_venue_id,演出场地,文本,varchar(64),P1-内部,7,0.0,entertainment.show_session.show_venue_id[TYPED_COLUMN]×12；entertainment.staff_shortage.show_venue_id[TYPED_COLUMN]×12；entertainment.suspension_decision.show_venue_id[TYPED_COLUMN]×12；costume.session_preparation.show_venue_id[TYPED_COLUMN]×11；entertainment.program.show_venue_id[TYPED_COLUMN]×11；entertainment.suspension_advice.show_venue_id[TYPED_COLUMN]×11；entertainment.tech_support_task.show_venue_id[TYPED_COLUMN]×11,,,记录新增与修改
sign_deadline_at,签署截止时间,日期时间,timestamptz,P1-内部,1,0.0,document.signature_envelope.sign_deadline_at[TYPED_COLUMN]×11,,,记录新增与修改
sign_status,签署状态,枚举,varchar(32),P1-内部,1,1.0,document.signature_envelope.sign_status[TYPED_COLUMN]×11,,,记录新增与修改
signing_order,签署顺序,子表,integer,P1-内部,1,1.0,document.signature_party.sign_order[CHILD_ITEM]×11,签署顺序为正整数；同一envelope_id内不得重复,,记录新增与修改
signing_parties,签署主体,主体集合,varchar(64),P1-内部,3,1.0,workflow.wf_business_relation.relation_type[RELATION_LINK]×23,,,记录新增与修改
source_channel,提交渠道,枚举,jsonb,P1-内部,126,1.0,workflow.wf_instance.context_snapshot.source_channel[COMMON_SERVICE]×2164,支持渠道,,记录新增与修改
spare_parts,备件/耗材,子表,jsonb,P1-内部,3,0.0,entertainment.equipment_fault_item.item_value_json[CHILD_ITEM]×6；itops.network_incident_item.item_value_json[CHILD_ITEM]×6；maintenance.repair_order_item.item_value_json[CHILD_ITEM]×6,,,记录新增与修改
spec_model,规格型号,文本,varchar(200),P1-内部,9,0.0,asset.stocktake.spec_model[TYPED_COLUMN]×12；asset.asset_disposal.spec_model[TYPED_COLUMN]×11；asset.asset_use_transaction.spec_model[TYPED_COLUMN]×11；asset.stock_in.spec_model[TYPED_COLUMN]×11；costume.damage_report.spec_model[TYPED_COLUMN]×11；costume.inventory_check.spec_model[TYPED_COLUMN]×11；archive.archive_package.spec_model[TYPED_COLUMN]×6；archive.borrow_request.spec_model[TYPED_COLUMN]×6；workflow.wf_orchestration_instance.spec_model[TYPED_COLUMN]×6,,,记录新增与修改
stage_instruction,节点办理说明,长文本,jsonb,P1-内部,126,0.0,workflow.wf_node.actor_rule.stage_instruction[COMMON_SERVICE]×2164,,,记录新增与修改
start_at,开始时间,日期时间,timestamptz,P1-内部,11,1.0,attendance.leave_request.start_at[TYPED_COLUMN]×18；attendance.shift_change_request.start_at[TYPED_COLUMN]×18；attendance.overtime_request.start_at[TYPED_COLUMN]×17；cleaning.cleaning_task.start_at[TYPED_COLUMN]×6；collaboration.meeting.start_at[TYPED_COLUMN]×6；entertainment.show_session.start_at[TYPED_COLUMN]×6；entertainment.staff_shortage.start_at[TYPED_COLUMN]×6；entertainment.tech_support_task.start_at[TYPED_COLUMN]×6；media.live_session.start_at[TYPED_COLUMN]×6；reception.guide_execution.start_at[TYPED_COLUMN]×6；security.patrol_task.start_at[TYPED_COLUMN]×6,,,记录新增与修改
state_nodes,状态节点配置,JSON,jsonb,P1-内部,126,1.0,workflow.wf_submission_value.value_json[DYNAMIC_CONFIG]×126,,,记录新增与修改
step_up_auth_rule,二次认证条件,JSON,jsonb,P1-内部,126,0.0,workflow.wf_rule.rule_expr.step_up_auth_rule[COMMON_SERVICE]×126,,,记录新增与修改
stock_quantity,数量,小数,"numeric(18,6)",P1-内部,6,1.0,asset.stocktake.stock_quantity[TYPED_COLUMN]×12；asset.asset_disposal.stock_quantity[TYPED_COLUMN]×11；asset.asset_use_transaction.stock_quantity[TYPED_COLUMN]×11；asset.stock_in.stock_quantity[TYPED_COLUMN]×11；costume.damage_report.stock_quantity[TYPED_COLUMN]×11；costume.inventory_check.stock_quantity[TYPED_COLUMN]×11,不得小于0,,记录新增与修改
storage_location,存储位置,文本,varchar(500),P1-内部,3,0.0,archive.archive_package.storage_location[TYPED_COLUMN]×11；archive.borrow_request.storage_location[TYPED_COLUMN]×11；archive.disposal_appraisal.storage_location[TYPED_COLUMN]×11,,,记录新增与修改
subject,事项标题,文本,varchar(255),P1-内部,126,1.0,workflow.wf_instance.title[COMMON_SERVICE]×126,5-120字；过滤脚本字符,,记录新增与修改
submission_no,表单提交编号,文本,jsonb,P1-内部,126,1.0,workflow.wf_submission_value.value_json[DYNAMIC_CONFIG]×2164,全局唯一；支持幂等,,记录新增与修改
supplement_attachments,补充附件,文件集合,varchar(128),P2-个人,126,0.0,document.attachment_link.field_code[ATTACHMENT_LINK]×126,,,记录新增与修改
supplement_note,补充说明,长文本,jsonb,P1-内部,126,1.0,workflow.wf_submission_value.value_json[DYNAMIC_CONFIG]×126,说明补充原因与变更点,,记录新增与修改
supplement_type,补充类型,枚举,jsonb,P1-内部,126,1.0,workflow.wf_submission_value.value_json[DYNAMIC_CONFIG]×126,,,记录新增与修改
supplier_id,供应商,文本,varchar(32),P1-内部,3,0.0,procurement.purchase_return.supplier_id[TYPED_COLUMN]×12；procurement.emergency_purchase.supplier_id[TYPED_COLUMN]×11；procurement.purchase_request.supplier_id[TYPED_COLUMN]×11,,,记录新增与修改
system_service_name,系统/服务名称,文本,varchar(200),P1-内部,14,1.0,devops.release.system_service_name[TYPED_COLUMN]×36；itops.network_change.system_service_name[TYPED_COLUMN]×18；audit.data_export_request.system_service_name[TYPED_COLUMN]×17；audit.data_quality_issue.system_service_name[TYPED_COLUMN]×17；devops.defect.system_service_name[TYPED_COLUMN]×17；devops.requirement.system_service_name[TYPED_COLUMN]×17；iam.account_execution.system_service_name[TYPED_COLUMN]×17；integration.data_import_job.system_service_name[TYPED_COLUMN]×17；itops.recovery_drill.system_service_name[TYPED_COLUMN]×17；itops.service_request.system_service_name[TYPED_COLUMN]×17；itops.event_support.system_service_name[TYPED_COLUMN]×6；itops.network_incident.system_service_name[TYPED_COLUMN]×6；ticketing.offline_check_event.system_service_name[TYPED_COLUMN]×6,,,记录新增与修改
target_audience,适用岗位/人群,组织岗位集合,varchar(64),P1-内部,10,0.0,workflow.wf_business_relation.relation_type[RELATION_LINK]×82,,,记录新增与修改
target_audience_desc,目标人群,长文本,text,P1-内部,5,0.0,administration.large_event.target_audience_desc[TYPED_COLUMN]×12；itops.event_support.target_audience_desc[TYPED_COLUMN]×11；marketing.campaign.target_audience_desc[TYPED_COLUMN]×11；planning.event_handover.target_audience_desc[TYPED_COLUMN]×11；cleaning.event_support.target_audience_desc[TYPED_COLUMN]×6,,,记录新增与修改
target_grade_id,职级/等级,文本,varchar(32),P1-内部,6,0.0,hr.employee_offboarding.target_grade_id[TYPED_COLUMN]×11；hr.employee_onboarding.target_grade_id[TYPED_COLUMN]×11；hr.employee_transfer.target_grade_id[TYPED_COLUMN]×11；hr.promotion_request.target_grade_id[TYPED_COLUMN]×11；iam.login_session.target_grade_id[TYPED_COLUMN]×11；iam.permission_request.target_grade_id[TYPED_COLUMN]×11,,,记录新增与修改
target_job_id,目标岗位,文本,varchar(32),P1-内部,8,1.0,hr.employee_offboarding.target_job_id[TYPED_COLUMN]×11；hr.employee_onboarding.target_job_id[TYPED_COLUMN]×11；hr.employee_transfer.target_job_id[TYPED_COLUMN]×11；hr.promotion_request.target_job_id[TYPED_COLUMN]×11；iam.login_session.target_job_id[TYPED_COLUMN]×11；iam.permission_request.target_job_id[TYPED_COLUMN]×11；dormitory.stay_record.target_job_id[TYPED_COLUMN]×6；workflow.wf_orchestration_instance.target_job_id[TYPED_COLUMN]×6,,,记录新增与修改
target_volume,目标线索/参与人数,整数,bigint,P1-内部,4,0.0,administration.large_event.target_volume[TYPED_COLUMN]×6；itops.event_support.target_volume[TYPED_COLUMN]×6；marketing.campaign.target_volume[TYPED_COLUMN]×6；planning.event_handover.target_volume[TYPED_COLUMN]×6,,,记录新增与修改
task_items,任务清单,子表,jsonb,P1-内部,126,1.0,workflow.wf_task.candidate_rule.task_items[COMMON_SERVICE]×126,,,记录新增与修改
task_no,任务编号,文本,varchar(64),P1-内部,126,1.0,workflow.wf_task.task_no[COMMON_SERVICE]×126,关联当前有效任务,,记录新增与修改
teacher_ids,讲师/带队人员,人员集合,varchar(64),P1-内部,3,0.0,workflow.wf_business_relation.relation_type[RELATION_LINK]×34,,,记录新增与修改
teaching_record,教学/实操记录,长文本,text,P1-内部,3,0.0,education.course_product.teaching_record[TYPED_COLUMN]×6；education.study_tour_delivery.teaching_record[TYPED_COLUMN]×6；education.teacher_schedule.teaching_record[TYPED_COLUMN]×6,,,记录新增与修改
team_size,团队人数,整数,bigint,P1-内部,3,0.0,education.teacher_schedule.team_size[TYPED_COLUMN]×12；education.course_product.team_size[TYPED_COLUMN]×11；education.study_tour_delivery.team_size[TYPED_COLUMN]×11,,,记录新增与修改
tech_impact_scope,影响范围,长文本,text,P1-内部,11,1.0,devops.release.tech_impact_scope[TYPED_COLUMN]×24；itops.network_change.tech_impact_scope[TYPED_COLUMN]×12；audit.data_export_request.tech_impact_scope[TYPED_COLUMN]×11；audit.data_quality_issue.tech_impact_scope[TYPED_COLUMN]×11；devops.defect.tech_impact_scope[TYPED_COLUMN]×11；devops.requirement.tech_impact_scope[TYPED_COLUMN]×11；iam.account_execution.tech_impact_scope[TYPED_COLUMN]×11；integration.data_import_job.tech_impact_scope[TYPED_COLUMN]×11；itops.recovery_drill.tech_impact_scope[TYPED_COLUMN]×11；itops.service_request.tech_impact_scope[TYPED_COLUMN]×11,,,记录新增与修改
tech_logs_reports,日志/报告附件,文件集合,jsonb,P1-内部,11,0.0,devops.release_item.item_value_json[CHILD_ITEM]×12；audit.data_export_request_item.item_value_json[CHILD_ITEM]×6；audit.data_quality_issue_item.item_value_json[CHILD_ITEM]×6；devops.defect_item.item_value_json[CHILD_ITEM]×6；devops.requirement_item.item_value_json[CHILD_ITEM]×6；iam.account_execution_item.item_value_json[CHILD_ITEM]×6；integration.data_import_job_item.item_value_json[CHILD_ITEM]×6；itops.network_change_item.item_value_json[CHILD_ITEM]×6；itops.recovery_drill_item.item_value_json[CHILD_ITEM]×6；itops.service_request_item.item_value_json[CHILD_ITEM]×6,,,记录新增与修改
tech_risk_level,风险等级,枚举,varchar(64),P1-内部,11,1.0,devops.release.tech_risk_level[TYPED_COLUMN]×24；itops.network_change.tech_risk_level[TYPED_COLUMN]×12；audit.data_export_request.tech_risk_level[TYPED_COLUMN]×11；audit.data_quality_issue.tech_risk_level[TYPED_COLUMN]×11；devops.defect.tech_risk_level[TYPED_COLUMN]×11；devops.requirement.tech_risk_level[TYPED_COLUMN]×11；iam.account_execution.tech_risk_level[TYPED_COLUMN]×11；integration.data_import_job.tech_risk_level[TYPED_COLUMN]×11；itops.recovery_drill.tech_risk_level[TYPED_COLUMN]×11；itops.service_request.tech_risk_level[TYPED_COLUMN]×11,,,记录新增与修改
tech_work_item_no,变更/需求/缺陷编号,文本,varchar(64),P1-内部,11,0.0,devops.release.tech_work_item_no[TYPED_COLUMN]×24；itops.network_change.tech_work_item_no[TYPED_COLUMN]×12；audit.data_export_request.tech_work_item_no[TYPED_COLUMN]×11；audit.data_quality_issue.tech_work_item_no[TYPED_COLUMN]×11；devops.defect.tech_work_item_no[TYPED_COLUMN]×11；devops.requirement.tech_work_item_no[TYPED_COLUMN]×11；iam.account_execution.tech_work_item_no[TYPED_COLUMN]×11；integration.data_import_job.tech_work_item_no[TYPED_COLUMN]×11；itops.recovery_drill.tech_work_item_no[TYPED_COLUMN]×11；itops.service_request.tech_work_item_no[TYPED_COLUMN]×11,,,记录新增与修改
technical_metrics,技术指标,子表,jsonb,P1-内部,126,1.0,workflow.wf_submission_value.value_json[DYNAMIC_CONFIG]×126,,,记录新增与修改
template_version,模板编号/版本,文本,jsonb,P1-内部,7,1.0,workflow.wf_submission_value.value_json[DYNAMIC_CONFIG]×53,,,记录新增与修改
termination_policy,终止与重开策略,JSON,jsonb,P1-内部,126,1.0,workflow.wf_rule.rule_expr.termination_policy[COMMON_SERVICE]×126,,,记录新增与修改
ticket_codes,票码/凭证码,文本集合,jsonb,P2-个人,3,0.0,ticketing.ticket_refund_change_item.item_value_json[CHILD_ITEM]×12；ticketing.offline_check_event_item.item_value_json[CHILD_ITEM]×11；ticketing.ticket_order_item.item_value_json[CHILD_ITEM]×11,,中间位脱敏,记录新增与修改
timeout_escalation,超时升级策略,JSON,jsonb,P1-内部,126,1.0,workflow.wf_sla_policy.escalation_rules[COMMON_SERVICE]×126,,,记录新增与修改
transfer_manifest,移交清单,子表,jsonb,P1-内部,3,0.0,archive.archive_package_item.item_value_json[CHILD_ITEM]×11；archive.borrow_request_item.item_value_json[CHILD_ITEM]×11；archive.disposal_appraisal_item.item_value_json[CHILD_ITEM]×11,,,记录新增与修改
transition_rules,迁移条件配置,JSON,jsonb,P1-内部,126,1.0,workflow.wf_submission_value.value_json[DYNAMIC_CONFIG]×126,,,记录新增与修改
trigger_type,触发方式,多选枚举,jsonb,P1-内部,126,1.0,workflow.wf_instance.context_snapshot.trigger_type[COMMON_SERVICE]×126,,,记录新增与修改
truth_commitment,真实性承诺,布尔,jsonb,P1-内部,126,1.0,workflow.wf_submission_value.value_json[DYNAMIC_CONFIG]×126,提交前必须为是,,记录新增与修改
unit,单位,枚举,varchar(64),P1-内部,6,1.0,asset.stocktake.unit[TYPED_COLUMN]×12；asset.asset_disposal.unit[TYPED_COLUMN]×11；asset.asset_use_transaction.unit[TYPED_COLUMN]×11；asset.stock_in.unit[TYPED_COLUMN]×11；costume.damage_report.unit[TYPED_COLUMN]×11；costume.inventory_check.unit[TYPED_COLUMN]×11,,,记录新增与修改
updated_at,最后更新时间,日期时间,timestamptz,P1-内部,126,1.0,workflow.wf_instance.updated_at[COMMON_SERVICE]×2164,每次保存自动更新,,记录新增与修改
usage_metric,里程/用量,小数,"numeric(18,6)",P1-内部,3,0.0,dormitory.stay_record.usage_metric[TYPED_COLUMN]×11；fleet.vehicle_dispatch.usage_metric[TYPED_COLUMN]×11；fleet.vehicle_incident.usage_metric[TYPED_COLUMN]×11,,,记录新增与修改
use_end_at,使用结束时间,日期时间,timestamptz,P1-内部,3,0.0,dormitory.stay_record.use_end_at[TYPED_COLUMN]×11；fleet.vehicle_dispatch.use_end_at[TYPED_COLUMN]×11；fleet.vehicle_incident.use_end_at[TYPED_COLUMN]×11,,,记录新增与修改
use_start_at,使用开始时间,日期时间,timestamptz,P1-内部,3,1.0,dormitory.stay_record.use_start_at[TYPED_COLUMN]×11；fleet.vehicle_dispatch.use_start_at[TYPED_COLUMN]×11；fleet.vehicle_incident.use_start_at[TYPED_COLUMN]×11,,,记录新增与修改
venue_channel,地点/发布渠道,文本,varchar(500),P1-内部,7,0.0,collaboration.meeting.venue_channel[TYPED_COLUMN]×33；collaboration.notice.venue_channel[TYPED_COLUMN]×22；administration.official_document.venue_channel[TYPED_COLUMN]×11；collaboration.executive_directive.venue_channel[TYPED_COLUMN]×11,,,记录新增与修改
verification_result,整改验证结果,枚举,jsonb,P1-内部,126,0.0,workflow.wf_submission_value.value_json[DYNAMIC_CONFIG]×126,,,记录新增与修改
verification_status,核销状态,枚举,varchar(64),P1-内部,3,0.0,ticketing.offline_check_event.verification_status[TYPED_COLUMN]×6；ticketing.ticket_order.verification_status[TYPED_COLUMN]×6；ticketing.ticket_refund_change.verification_status[TYPED_COLUMN]×6,,,记录新增与修改
verification_test_result,健康检查/测试结果,长文本,text,P1-内部,11,0.0,devops.release.verification_test_result[TYPED_COLUMN]×12；audit.data_export_request.verification_test_result[TYPED_COLUMN]×6；audit.data_quality_issue.verification_test_result[TYPED_COLUMN]×6；devops.defect.verification_test_result[TYPED_COLUMN]×6；devops.requirement.verification_test_result[TYPED_COLUMN]×6；iam.account_execution.verification_test_result[TYPED_COLUMN]×6；integration.data_import_job.verification_test_result[TYPED_COLUMN]×6；itops.network_change.verification_test_result[TYPED_COLUMN]×6；itops.recovery_drill.verification_test_result[TYPED_COLUMN]×6；itops.service_request.verification_test_result[TYPED_COLUMN]×6,,,记录新增与修改
version_build_no,版本/构建号,文本,varchar(100),P1-内部,11,0.0,devops.release.version_build_no[TYPED_COLUMN]×24；itops.network_change.version_build_no[TYPED_COLUMN]×12；audit.data_export_request.version_build_no[TYPED_COLUMN]×11；audit.data_quality_issue.version_build_no[TYPED_COLUMN]×11；devops.defect.version_build_no[TYPED_COLUMN]×11；devops.requirement.version_build_no[TYPED_COLUMN]×11；iam.account_execution.version_build_no[TYPED_COLUMN]×11；integration.data_import_job.version_build_no[TYPED_COLUMN]×11；itops.recovery_drill.version_build_no[TYPED_COLUMN]×11；itops.service_request.version_build_no[TYPED_COLUMN]×11,,,记录新增与修改
visibility_level,密级/可见范围,枚举,varchar(64),P1-内部,7,1.0,collaboration.meeting.visibility_level[TYPED_COLUMN]×33；collaboration.notice.visibility_level[TYPED_COLUMN]×22；administration.official_document.visibility_level[TYPED_COLUMN]×11；collaboration.executive_directive.visibility_level[TYPED_COLUMN]×11,,,记录新增与修改
visibility_rules,条件显隐规则,JSON,jsonb,P1-内部,126,0.0,workflow.wf_submission_value.value_json[DYNAMIC_CONFIG]×126,,,记录新增与修改
voucher_no,凭证编号,文本,varchar(64),P1-内部,4,0.0,finance.budget_request.voucher_no[TYPED_COLUMN]×6；finance.expense_claim.voucher_no[TYPED_COLUMN]×6；finance.loan_request.voucher_no[TYPED_COLUMN]×6；finance.reconciliation_task.voucher_no[TYPED_COLUMN]×6,,,记录新增与修改
warehouse_location_id,仓库/存放位置,文本,varchar(64),P1-内部,6,1.0,asset.stocktake.warehouse_location_id[TYPED_COLUMN]×12；asset.asset_disposal.warehouse_location_id[TYPED_COLUMN]×11；asset.asset_use_transaction.warehouse_location_id[TYPED_COLUMN]×11；asset.stock_in.warehouse_location_id[TYPED_COLUMN]×11；costume.damage_report.warehouse_location_id[TYPED_COLUMN]×11；costume.inventory_check.warehouse_location_id[TYPED_COLUMN]×11,,,记录新增与修改
weather_condition,气象条件,JSON,jsonb,P1-内部,3,0.0,drone.flight_cancellation_item.item_value_json[CHILD_ITEM]×11；drone.flight_incident_item.item_value_json[CHILD_ITEM]×11；drone.flight_task_item.item_value_json[CHILD_ITEM]×11,,,记录新增与修改
workflow_name,流程名称,文本,varchar(128),P1-内部,126,1.0,workflow.wf_definition.process_name[COMMON_SERVICE]×126,,,记录新增与修改
workflow_version,流程版本,文本,integer,P1-内部,126,1.0,workflow.wf_version.version_no[COMMON_SERVICE]×126,,,记录新增与修改
